position,publicwww_rank,domain,typeform_indexed_match,indexed_typeform_urls,typeform_form_urls,publicwww_email_candidate_count,publicwww_email_candidates,email_visibility,corporate_status,verification_eligible_emails,valid_emails,invalid_emails,risky_emails,unknown_emails,verification_summary
35001,>30M,martinezandgrowth.com,no,,,0,,no_email_candidate_in_email_query,not_flagged,,,,,,valid=0; invalid=0; risky=0; unknown=0
35002,>30M,osalfinder.com,no,,,0,,no_email_candidate_in_email_query,not_flagged,,,,,,valid=0; invalid=0; risky=0; unknown=0
35003,>30M,pharmacy-fuwari.com,no,,,0,,no_email_candidate_in_email_query,not_flagged,,,,,,valid=0; invalid=0; risky=0; unknown=0
35004,>30M,rafael-ahmadov.com,no,,,0,,no_email_candidate_in_email_query,not_flagged,,,,,,valid=0; invalid=0; risky=0; unknown=0
35005,>30M,trumptower79b.com,no,,,0,,no_email_candidate_in_email_query,not_flagged,,,,,,valid=0; invalid=0; risky=0; unknown=0
35006,>30M,wendingspace.com,no,,,0,,no_email_candidate_in_email_query,not_flagged,,,,,,valid=0; invalid=0; risky=0; unknown=0
35007,>30M,agenceintegralimpact.com,yes,,,0,,no_email_candidate_in_email_query,not_flagged,,,,,,valid=0; invalid=0; risky=0; unknown=0
35008,>30M,conversationswithjohnpodcast.com,yes,,,0,,no_email_candidate_in_email_query,not_flagged,,,,,,valid=0; invalid=0; risky=0; unknown=0
35009,>30M,daddysoundscustoms.com,no,,,0,,no_email_candidate_in_email_query,not_flagged,,,,,,valid=0; invalid=0; risky=0; unknown=0
35010,>30M,foundhersglobal.com,yes,,,0,,no_email_candidate_in_email_query,not_flagged,,,,,,valid=0; invalid=0; risky=0; unknown=0
35011,>30M,go-klaiton.com,no,,,0,,no_email_candidate_in_email_query,not_flagged,,,,,,valid=0; invalid=0; risky=0; unknown=0
35012,>30M,juxtaboard.com,no,,,0,,no_email_candidate_in_email_query,not_flagged,,,,,,valid=0; invalid=0; risky=0; unknown=0
35013,>30M,markhannacoaching.com,no,,,0,,no_email_candidate_in_email_query,not_flagged,,,,,,valid=0; invalid=0; risky=0; unknown=0
35014,>30M,minexolatino.com,yes,,,0,,no_email_candidate_in_email_query,not_flagged,,,,,,valid=0; invalid=0; risky=0; unknown=0
35015,>30M,schoolofhardknocksai.com,no,,,0,,no_email_candidate_in_email_query,not_flagged,,,,,,valid=0; invalid=0; risky=0; unknown=0
35016,>30M,singingresistanceboise.com,no,,,0,,no_email_candidate_in_email_query,not_flagged,,,,,,valid=0; invalid=0; risky=0; unknown=0
35017,>30M,someyaph.com,no,,,0,,no_email_candidate_in_email_query,not_flagged,,,,,,valid=0; invalid=0; risky=0; unknown=0
35018,>30M,startupscalingprogram.com,no,,,0,,no_email_candidate_in_email_query,not_flagged,,,,,,valid=0; invalid=0; risky=0; unknown=0
35019,>30M,consultorespescaysaldana.com,no,,,0,,no_email_candidate_in_email_query,not_flagged,,,,,,valid=0; invalid=0; risky=0; unknown=0
35020,>30M,keystarcarkey.com,no,,,0,,no_email_candidate_in_email_query,not_flagged,,,,,,valid=0; invalid=0; risky=0; unknown=0
35021,>30M,trlstrading.com,no,,,0,,no_email_candidate_in_email_query,not_flagged,,,,,,valid=0; invalid=0; risky=0; unknown=0
35022,>30M,cassiacfo.com,yes,,,0,,no_email_candidate_in_email_query,not_flagged,,,,,,valid=0; invalid=0; risky=0; unknown=0
35023,>30M,hijanine.com,no,,,0,,no_email_candidate_in_email_query,not_flagged,,,,,,valid=0; invalid=0; risky=0; unknown=0
35024,>30M,incloom.com,no,,,0,,no_email_candidate_in_email_query,not_flagged,,,,,,valid=0; invalid=0; risky=0; unknown=0
35025,>30M,jacksongiftbaskets.com,no,,,0,,no_email_candidate_in_email_query,not_flagged,,,,,,valid=0; invalid=0; risky=0; unknown=0
35026,>30M,leadvega.com,no,,,0,,no_email_candidate_in_email_query,not_flagged,,,,,,valid=0; invalid=0; risky=0; unknown=0
35027,>30M,beforeyousignguide.com,no,,,0,,no_email_candidate_in_email_query,not_flagged,,,,,,valid=0; invalid=0; risky=0; unknown=0
35028,>30M,crafteddentalco.com,no,,,0,,no_email_candidate_in_email_query,not_flagged,,,,,,valid=0; invalid=0; risky=0; unknown=0
35029,>30M,formbharat.com,no,,,0,,no_email_candidate_in_email_query,not_flagged,,,,,,valid=0; invalid=0; risky=0; unknown=0
35030,>30M,kesa-kissa-kuyou.com,no,,,0,,no_email_candidate_in_email_query,not_flagged,,,,,,valid=0; invalid=0; risky=0; unknown=0
35031,>30M,kwc-obgyn.com,no,,,0,,no_email_candidate_in_email_query,not_flagged,,,,,,valid=0; invalid=0; risky=0; unknown=0
35032,>30M,marina-ph.com,no,,,0,,no_email_candidate_in_email_query,not_flagged,,,,,,valid=0; invalid=0; risky=0; unknown=0
35033,>30M,medicalmate-llc.com,no,,,0,,no_email_candidate_in_email_query,not_flagged,,,,,,valid=0; invalid=0; risky=0; unknown=0
35034,>30M,pearl-pharmacy-ishihara.com,no,,,0,,no_email_candidate_in_email_query,not_flagged,,,,,,valid=0; invalid=0; risky=0; unknown=0
35035,>30M,revenuedrivenai.com,no,,,0,,no_email_candidate_in_email_query,not_flagged,,,,,,valid=0; invalid=0; risky=0; unknown=0
35036,>30M,soyouwanttobeagolddigger.com,no,,,0,,no_email_candidate_in_email_query,not_flagged,,,,,,valid=0; invalid=0; risky=0; unknown=0
35037,>30M,storyhomecareers.com,no,,,0,,no_email_candidate_in_email_query,not_flagged,,,,,,valid=0; invalid=0; risky=0; unknown=0
35038,>30M,terracepharmacy03.com,no,,,0,,no_email_candidate_in_email_query,not_flagged,,,,,,valid=0; invalid=0; risky=0; unknown=0
35039,>30M,tokunoucl.com,no,,,0,,no_email_candidate_in_email_query,not_flagged,,,,,,valid=0; invalid=0; risky=0; unknown=0
35040,>30M,ukijima-pharmacy.com,no,,,0,,no_email_candidate_in_email_query,not_flagged,,,,,,valid=0; invalid=0; risky=0; unknown=0
35041,>30M,automated.dating,no,,,0,,no_email_candidate_in_email_query,not_flagged,,,,,,valid=0; invalid=0; risky=0; unknown=0
35042,>30M,packard.dental,yes,,,0,,no_email_candidate_in_email_query,not_flagged,,,,,,valid=0; invalid=0; risky=0; unknown=0
35043,>30M,studiowilder.design,yes,,,0,,no_email_candidate_in_email_query,not_flagged,,,,,,valid=0; invalid=0; risky=0; unknown=0
35044,>30M,routeiq.dev,no,,,0,,no_email_candidate_in_email_query,not_flagged,,,,,,valid=0; invalid=0; risky=0; unknown=0
35045,>30M,nyoro.dev,no,,,0,,no_email_candidate_in_email_query,not_flagged,,,,,,valid=0; invalid=0; risky=0; unknown=0
35046,>30M,uniteddatahub.dev,no,,,0,,no_email_candidate_in_email_query,not_flagged,,,,,,valid=0; invalid=0; risky=0; unknown=0
35047,>30M,ummahacks.dev,yes,,,0,,no_email_candidate_in_email_query,not_flagged,,,,,,valid=0; invalid=0; risky=0; unknown=0
35048,>30M,zavotavonovilivo.digital,no,,,0,,no_email_candidate_in_email_query,not_flagged,,,,,,valid=0; invalid=0; risky=0; unknown=0
35049,>30M,futurehero.fit,yes,,,0,,no_email_candidate_in_email_query,not_flagged,,,,,,valid=0; invalid=0; risky=0; unknown=0
35050,>30M,knowly.help,no,,,0,,no_email_candidate_in_email_query,not_flagged,,,,,,valid=0; invalid=0; risky=0; unknown=0
35051,>30M,connectpro.help,no,,,0,,no_email_candidate_in_email_query,not_flagged,,,,,,valid=0; invalid=0; risky=0; unknown=0
35052,>30M,rapidsurefunding.info,no,,,0,,no_email_candidate_in_email_query,not_flagged,,,,,,valid=0; invalid=0; risky=0; unknown=0
35053,>30M,myfinalexpensepolicy.info,no,,,0,,no_email_candidate_in_email_query,not_flagged,,,,,,valid=0; invalid=0; risky=0; unknown=0
35054,>30M,coldpower.info,no,,,0,,no_email_candidate_in_email_query,not_flagged,,,,,,valid=0; invalid=0; risky=0; unknown=0
35055,>30M,inevenwichtmetels.info,yes,,,0,,no_email_candidate_in_email_query,not_flagged,,,,,,valid=0; invalid=0; risky=0; unknown=0
35056,>30M,landing-lewagon.land,no,,,0,,no_email_candidate_in_email_query,not_flagged,,,,,,valid=0; invalid=0; risky=0; unknown=0
35057,>30M,kentolivosentodavopento.life,no,,,0,,no_email_candidate_in_email_query,not_flagged,,,,,,valid=0; invalid=0; risky=0; unknown=0
35058,>30M,musicmadeforyou.live,yes,,,0,,no_email_candidate_in_email_query,not_flagged,,,,,,valid=0; invalid=0; risky=0; unknown=0
35059,>30M,hmservices.llc,yes,,,0,,no_email_candidate_in_email_query,not_flagged,,,,,,valid=0; invalid=0; risky=0; unknown=0
35060,>30M,klikoptika.lol,no,,,0,,no_email_candidate_in_email_query,not_flagged,,,,,,valid=0; invalid=0; risky=0; unknown=0
35061,>30M,ridleyindoor.market,yes,,,0,,no_email_candidate_in_email_query,not_flagged,,,,,,valid=0; invalid=0; risky=0; unknown=0
35062,>30M,bestformbuilders.net,no,,,0,,no_email_candidate_in_email_query,not_flagged,,,,,,valid=0; invalid=0; risky=0; unknown=0
35063,>30M,liftidpt.net,no,,,0,,no_email_candidate_in_email_query,not_flagged,,,,,,valid=0; invalid=0; risky=0; unknown=0
35064,>30M,swift-form.net,no,,,0,,no_email_candidate_in_email_query,not_flagged,,,,,,valid=0; invalid=0; risky=0; unknown=0
35065,>30M,spirals.network,no,,,0,,no_email_candidate_in_email_query,not_flagged,,,,,,valid=0; invalid=0; risky=0; unknown=0
35066,>30M,lundatahub.online,no,,,0,,no_email_candidate_in_email_query,not_flagged,,,,,,valid=0; invalid=0; risky=0; unknown=0
35067,>30M,younifiwellness.online,no,,,0,,no_email_candidate_in_email_query,not_flagged,,,,,,valid=0; invalid=0; risky=0; unknown=0
35068,>30M,soma-terra.online,yes,,,0,,no_email_candidate_in_email_query,not_flagged,,,,,,valid=0; invalid=0; risky=0; unknown=0
35069,>30M,buildwithquy.org,no,,,0,,no_email_candidate_in_email_query,not_flagged,,,,,,valid=0; invalid=0; risky=0; unknown=0
35070,>30M,proofcoaching.org,no,,,0,,no_email_candidate_in_email_query,not_flagged,,,,,,valid=0; invalid=0; risky=0; unknown=0
35071,>30M,walkbikewestport.org,no,,,0,,no_email_candidate_in_email_query,not_flagged,,,,,,valid=0; invalid=0; risky=0; unknown=0
35072,>30M,esgrima-fce.org,no,,,0,,no_email_candidate_in_email_query,not_flagged,,,,,,valid=0; invalid=0; risky=0; unknown=0
35073,>30M,bestgovernmentrecords.org,no,,,0,,no_email_candidate_in_email_query,not_flagged,,,,,,valid=0; invalid=0; risky=0; unknown=0
35074,>30M,asmenetworx.org,no,,,0,,no_email_candidate_in_email_query,not_flagged,,,,,,valid=0; invalid=0; risky=0; unknown=0
35075,>30M,velocms.org,no,,,0,,no_email_candidate_in_email_query,not_flagged,,,,,,valid=0; invalid=0; risky=0; unknown=0
35076,>30M,legionofblackalumni.org,no,,,0,,no_email_candidate_in_email_query,not_flagged,,,,,,valid=0; invalid=0; risky=0; unknown=0
35077,>30M,hausofvisions.org,yes,,,0,,no_email_candidate_in_email_query,not_flagged,,,,,,valid=0; invalid=0; risky=0; unknown=0
35078,>30M,matchaeologist.pro,no,,,0,,no_email_candidate_in_email_query,not_flagged,,,,,,valid=0; invalid=0; risky=0; unknown=0
35079,>30M,clientvault.pro,no,,,0,,no_email_candidate_in_email_query,not_flagged,,,,,,valid=0; invalid=0; risky=0; unknown=0
35080,>30M,immigtips.pro,yes,,,0,,no_email_candidate_in_email_query,not_flagged,,,,,,valid=0; invalid=0; risky=0; unknown=0
35081,>30M,formvault.pro,no,,,0,,no_email_candidate_in_email_query,not_flagged,,,,,,valid=0; invalid=0; risky=0; unknown=0
35082,>30M,wisprflow.pro,no,,,0,,no_email_candidate_in_email_query,not_flagged,,,,,,valid=0; invalid=0; risky=0; unknown=0
35083,>30M,obra.red,no,,,0,,no_email_candidate_in_email_query,not_flagged,,,,,,valid=0; invalid=0; risky=0; unknown=0
35084,>30M,fastighetsmodellen.se,yes,,,0,,no_email_candidate_in_email_query,not_flagged,,,,,,valid=0; invalid=0; risky=0; unknown=0
35085,>30M,clementroyer.site,no,,,0,,no_email_candidate_in_email_query,not_flagged,,,,,,valid=0; invalid=0; risky=0; unknown=0
35086,>30M,abigailrobin.site,no,,,0,,no_email_candidate_in_email_query,not_flagged,,,,,,valid=0; invalid=0; risky=0; unknown=0
35087,>30M,amopol.site,yes,,,0,,no_email_candidate_in_email_query,not_flagged,,,,,,valid=0; invalid=0; risky=0; unknown=0
35088,>30M,eiroe.studio,no,,,0,,no_email_candidate_in_email_query,not_flagged,,,,,,valid=0; invalid=0; risky=0; unknown=0
35089,>30M,minerama.studio,no,,,0,,no_email_candidate_in_email_query,not_flagged,,,,,,valid=0; invalid=0; risky=0; unknown=0
35090,>30M,driftautomations.tech,no,,,0,,no_email_candidate_in_email_query,not_flagged,,,,,,valid=0; invalid=0; risky=0; unknown=0
35091,>30M,primal.voyage,no,,,0,,no_email_candidate_in_email_query,not_flagged,,,,,,valid=0; invalid=0; risky=0; unknown=0
35092,>30M,niccolo-giulia.wedding,yes,,,0,,no_email_candidate_in_email_query,not_flagged,,,,,,valid=0; invalid=0; risky=0; unknown=0
35093,>30M,onform.work,no,,,0,,no_email_candidate_in_email_query,not_flagged,,,,,,valid=0; invalid=0; risky=0; unknown=0
35094,>30M,iqcapital.work,yes,,,0,,no_email_candidate_in_email_query,not_flagged,,,,,,valid=0; invalid=0; risky=0; unknown=0
35095,>30M,ianneo.xyz,no,,,0,,no_email_candidate_in_email_query,not_flagged,,,,,,valid=0; invalid=0; risky=0; unknown=0
35096,>30M,ijie-nexus.jp,no,,,0,,no_email_candidate_in_email_query,not_flagged,,,,,,valid=0; invalid=0; risky=0; unknown=0
35097,>30M,scalemeup.co,no,,,0,,no_email_candidate_in_email_query,not_flagged,,,,,,valid=0; invalid=0; risky=0; unknown=0
35098,>30M,farms-miyazaki.jp,no,,,0,,no_email_candidate_in_email_query,not_flagged,,,,,,valid=0; invalid=0; risky=0; unknown=0
35099,>30M,boali.es,yes,,,0,,no_email_candidate_in_email_query,not_flagged,,,,,,valid=0; invalid=0; risky=0; unknown=0
35100,>30M,x-plex.sk,no,,,0,,no_email_candidate_in_email_query,not_flagged,,,,,,valid=0; invalid=0; risky=0; unknown=0
35101,>30M,bobsguttercleaning.co.uk,yes,,,0,,no_email_candidate_in_email_query,not_flagged,,,,,,valid=0; invalid=0; risky=0; unknown=0
35102,>30M,wibautbasselier.be,yes,,,0,,no_email_candidate_in_email_query,not_flagged,,,,,,valid=0; invalid=0; risky=0; unknown=0
35103,>30M,preventos-karriere.at,no,,,0,,no_email_candidate_in_email_query,not_flagged,,,,,,valid=0; invalid=0; risky=0; unknown=0
35104,>30M,joinfost.io,yes,,,0,,no_email_candidate_in_email_query,not_flagged,,,,,,valid=0; invalid=0; risky=0; unknown=0
35105,>30M,maxusmotors.com.ua,no,,,0,,no_email_candidate_in_email_query,not_flagged,,,,,,valid=0; invalid=0; risky=0; unknown=0
35106,>30M,15words.co,yes,,,0,,no_email_candidate_in_email_query,not_flagged,,,,,,valid=0; invalid=0; risky=0; unknown=0
35107,>30M,flowfromdesire.fr,yes,,,0,,no_email_candidate_in_email_query,not_flagged,,,,,,valid=0; invalid=0; risky=0; unknown=0
35108,>30M,communityideasfestival.ca,no,,,0,,no_email_candidate_in_email_query,not_flagged,,,,,,valid=0; invalid=0; risky=0; unknown=0
35109,>30M,eia1dev.wpenginepowered.com,yes,,,0,,no_email_candidate_in_email_query,not_flagged,,,,,,valid=0; invalid=0; risky=0; unknown=0
35110,>30M,weadventures.de,yes,,,0,,no_email_candidate_in_email_query,not_flagged,,,,,,valid=0; invalid=0; risky=0; unknown=0
35111,>30M,cofam-mcgill.ca,yes,,,0,,no_email_candidate_in_email_query,not_flagged,,,,,,valid=0; invalid=0; risky=0; unknown=0
35112,>30M,koigear.wpenginepowered.com,no,,,0,,no_email_candidate_in_email_query,not_flagged,,,,,,valid=0; invalid=0; risky=0; unknown=0
35113,>30M,jpecgreenenergy.co.uk,yes,,,0,,no_email_candidate_in_email_query,not_flagged,,,,,,valid=0; invalid=0; risky=0; unknown=0
35114,>30M,delerendecoalitie.nl,yes,,,0,,no_email_candidate_in_email_query,not_flagged,,,,,,valid=0; invalid=0; risky=0; unknown=0
35115,>30M,stonegate.ae,yes,,,0,,no_email_candidate_in_email_query,not_flagged,,,,,,valid=0; invalid=0; risky=0; unknown=0
35116,>30M,dd4gh.ai,no,,,0,,no_email_candidate_in_email_query,not_flagged,,,,,,valid=0; invalid=0; risky=0; unknown=0
35117,>30M,indemnisation.ai,no,,,0,,no_email_candidate_in_email_query,not_flagged,,,,,,valid=0; invalid=0; risky=0; unknown=0
35118,>30M,ingoodform.ai,no,,,0,,no_email_candidate_in_email_query,not_flagged,,,,,,valid=0; invalid=0; risky=0; unknown=0
35119,>30M,rebelmouse.ai,no,,,0,,no_email_candidate_in_email_query,not_flagged,,,,,,valid=0; invalid=0; risky=0; unknown=0
35120,>30M,t-3.ai,no,,,0,,no_email_candidate_in_email_query,not_flagged,,,,,,valid=0; invalid=0; risky=0; unknown=0
35121,>30M,hub.tightknit.ai,no,,,0,,no_email_candidate_in_email_query,not_flagged,,,,,,valid=0; invalid=0; risky=0; unknown=0
35122,>30M,wiki.strise.ai,no,,,0,,no_email_candidate_in_email_query,not_flagged,,,,,,valid=0; invalid=0; risky=0; unknown=0
35123,>30M,jobs.siteline.ai,no,,,0,,no_email_candidate_in_email_query,not_flagged,,,,,,valid=0; invalid=0; risky=0; unknown=0
35124,>30M,smart-operator.ai,no,,,0,,no_email_candidate_in_email_query,not_flagged,,,,,,valid=0; invalid=0; risky=0; unknown=0
35125,>30M,voicezero.ai,no,,,0,,no_email_candidate_in_email_query,not_flagged,,,,,,valid=0; invalid=0; risky=0; unknown=0
35126,>30M,usutaku.ai,no,,,0,,no_email_candidate_in_email_query,not_flagged,,,,,,valid=0; invalid=0; risky=0; unknown=0
35127,>30M,v1.tryscout.ai,yes,,,0,,no_email_candidate_in_email_query,not_flagged,,,,,,valid=0; invalid=0; risky=0; unknown=0
35128,>30M,turn-tables.app,no,,,0,,no_email_candidate_in_email_query,not_flagged,,,,,,valid=0; invalid=0; risky=0; unknown=0
35129,>30M,georion.app,no,,,0,,no_email_candidate_in_email_query,not_flagged,,,,,,valid=0; invalid=0; risky=0; unknown=0
35130,>30M,flashbooker.app,no,,,0,,no_email_candidate_in_email_query,not_flagged,,,,,,valid=0; invalid=0; risky=0; unknown=0
35131,>30M,changein8.app,yes,,,0,,no_email_candidate_in_email_query,not_flagged,,,,,,valid=0; invalid=0; risky=0; unknown=0
35132,>30M,staging.lehner-tore.at,yes,,,0,,no_email_candidate_in_email_query,not_flagged,,,,,,valid=0; invalid=0; risky=0; unknown=0
35133,>30M,legacy.tele-haase.at,no,,,0,,no_email_candidate_in_email_query,not_flagged,,,,,,valid=0; invalid=0; risky=0; unknown=0
35134,>30M,kusandco.com.au,no,,,0,,no_email_candidate_in_email_query,not_flagged,,,,,,valid=0; invalid=0; risky=0; unknown=0
35135,>30M,piranharisk.com.au,yes,,,0,,no_email_candidate_in_email_query,not_flagged,,,,,,valid=0; invalid=0; risky=0; unknown=0
35136,>30M,townly.au,yes,,,0,,no_email_candidate_in_email_query,not_flagged,,,,,,valid=0; invalid=0; risky=0; unknown=0
35137,>30M,fr.woodblocx.be,no,,,0,,no_email_candidate_in_email_query,not_flagged,,,,,,valid=0; invalid=0; risky=0; unknown=0
35138,>30M,mariemath.com.br,no,,,0,,no_email_candidate_in_email_query,not_flagged,,,,,,valid=0; invalid=0; risky=0; unknown=0
35139,>30M,thaynarodrigo.com.br,no,,,0,,no_email_candidate_in_email_query,not_flagged,,,,,,valid=0; invalid=0; risky=0; unknown=0
35140,>30M,institutoanabb.org.br,no,,,0,,no_email_candidate_in_email_query,not_flagged,,,,,,valid=0; invalid=0; risky=0; unknown=0
35141,>30M,isaacphysio.ca,yes,,,0,,no_email_candidate_in_email_query,not_flagged,,,,,,valid=0; invalid=0; risky=0; unknown=0
35142,>30M,nadereid.ca,yes,,,0,,no_email_candidate_in_email_query,not_flagged,,,,,,valid=0; invalid=0; risky=0; unknown=0
35143,>30M,a4ai.ch,yes,,,0,,no_email_candidate_in_email_query,not_flagged,,,,,,valid=0; invalid=0; risky=0; unknown=0
35144,>30M,itinero.admin.ch,no,,,0,,no_email_candidate_in_email_query,not_flagged,,,,,,valid=0; invalid=0; risky=0; unknown=0
35145,>30M,en.lebestark.ch,no,,,0,,no_email_candidate_in_email_query,not_flagged,,,,,,valid=0; invalid=0; risky=0; unknown=0
35146,>30M,backend.gegenarmut.ch,no,,,0,,no_email_candidate_in_email_query,not_flagged,,,,,,valid=0; invalid=0; risky=0; unknown=0
35147,>30M,atelierbloomtattoo.co,yes,,,0,,no_email_candidate_in_email_query,not_flagged,,,,,,valid=0; invalid=0; risky=0; unknown=0
35148,>30M,andreamerrill.co,no,,,0,,no_email_candidate_in_email_query,not_flagged,,,,,,valid=0; invalid=0; risky=0; unknown=0
35149,>30M,draxsocial.carrd.co,yes,,,0,,no_email_candidate_in_email_query,not_flagged,,,,,,valid=0; invalid=0; risky=0; unknown=0
35150,>30M,sellsheets.co,no,,,0,,no_email_candidate_in_email_query,not_flagged,,,,,,valid=0; invalid=0; risky=0; unknown=0
35151,>30M,whaleanddolphincamp.wewhale.co,yes,,,0,,no_email_candidate_in_email_query,not_flagged,,,,,,valid=0; invalid=0; risky=0; unknown=0
35152,>30M,formly-ai.com,no,,,0,,no_email_candidate_in_email_query,not_flagged,,,,,,valid=0; invalid=0; risky=0; unknown=0
35153,>30M,gergoscales.com,no,,,0,,no_email_candidate_in_email_query,not_flagged,,,,,,valid=0; invalid=0; risky=0; unknown=0
35154,>30M,narutopharmacy.com,no,,,0,,no_email_candidate_in_email_query,not_flagged,,,,,,valid=0; invalid=0; risky=0; unknown=0
35155,>30M,sarconova.com,yes,,,0,,no_email_candidate_in_email_query,not_flagged,,,,,,valid=0; invalid=0; risky=0; unknown=0
35156,>30M,uvavivaimports.com,no,,,0,,no_email_candidate_in_email_query,not_flagged,,,,,,valid=0; invalid=0; risky=0; unknown=0
35157,>30M,white-medical-nurse-station.com,no,,,0,,no_email_candidate_in_email_query,not_flagged,,,,,,valid=0; invalid=0; risky=0; unknown=0
35158,>30M,yesungbae.com,no,,,0,,no_email_candidate_in_email_query,not_flagged,,,,,,valid=0; invalid=0; risky=0; unknown=0
35159,>30M,bybtim.com,no,,,0,,no_email_candidate_in_email_query,not_flagged,,,,,,valid=0; invalid=0; risky=0; unknown=0
35160,>30M,mdoemland.com,no,,,0,,no_email_candidate_in_email_query,not_flagged,,,,,,valid=0; invalid=0; risky=0; unknown=0
35161,>30M,realismb2b.com,no,,,0,,no_email_candidate_in_email_query,not_flagged,,,,,,valid=0; invalid=0; risky=0; unknown=0
35162,>30M,altezzaofm.com,no,,,0,,no_email_candidate_in_email_query,not_flagged,,,,,,valid=0; invalid=0; risky=0; unknown=0
35163,>30M,apizzaofpulse.com,yes,,,0,,no_email_candidate_in_email_query,not_flagged,,,,,,valid=0; invalid=0; risky=0; unknown=0
35164,>30M,getbookedthenbuilt.com,no,,,0,,no_email_candidate_in_email_query,not_flagged,,,,,,valid=0; invalid=0; risky=0; unknown=0
35165,>30M,sixty8official.com,no,,,0,,no_email_candidate_in_email_query,not_flagged,,,,,,valid=0; invalid=0; risky=0; unknown=0
35166,>30M,bimboomarketing.com,yes,,,0,,no_email_candidate_in_email_query,not_flagged,,,,,,valid=0; invalid=0; risky=0; unknown=0
35167,>30M,mpm31.com,no,,,0,,no_email_candidate_in_email_query,not_flagged,,,,,,valid=0; invalid=0; risky=0; unknown=0
35168,>30M,quickleadgrow.com,no,,,0,,no_email_candidate_in_email_query,not_flagged,,,,,,valid=0; invalid=0; risky=0; unknown=0
35169,>30M,verdivaessentialoil.com,yes,,,0,,no_email_candidate_in_email_query,not_flagged,,,,,,valid=0; invalid=0; risky=0; unknown=0
35170,>30M,zonetrics.com,no,,,0,,no_email_candidate_in_email_query,not_flagged,,,,,,valid=0; invalid=0; risky=0; unknown=0
35171,>30M,itsbrittbeal.com,no,,,0,,no_email_candidate_in_email_query,not_flagged,,,,,,valid=0; invalid=0; risky=0; unknown=0
35172,>30M,joinoneofone.com,no,,,0,,no_email_candidate_in_email_query,not_flagged,,,,,,valid=0; invalid=0; risky=0; unknown=0
35173,>30M,adconverta.com,yes,,,0,,no_email_candidate_in_email_query,not_flagged,,,,,,valid=0; invalid=0; risky=0; unknown=0
35174,>30M,gregorypreen.com,no,,,0,,no_email_candidate_in_email_query,not_flagged,,,,,,valid=0; invalid=0; risky=0; unknown=0
35175,>30M,ctahcps.com,yes,,,0,,no_email_candidate_in_email_query,not_flagged,,,,,,valid=0; invalid=0; risky=0; unknown=0
35176,>30M,getstrongbyjosans.com,yes,,,0,,no_email_candidate_in_email_query,not_flagged,,,,,,valid=0; invalid=0; risky=0; unknown=0
35177,>30M,keyquestfest.com,yes,,,0,,no_email_candidate_in_email_query,not_flagged,,,,,,valid=0; invalid=0; risky=0; unknown=0
35178,>30M,meetsimpleinnovations.com,no,,,0,,no_email_candidate_in_email_query,not_flagged,,,,,,valid=0; invalid=0; risky=0; unknown=0
35179,>30M,nxvspiker.com,no,,,0,,no_email_candidate_in_email_query,not_flagged,,,,,,valid=0; invalid=0; risky=0; unknown=0
35180,>30M,stamperabbitfeed.com,no,,,0,,no_email_candidate_in_email_query,not_flagged,,,,,,valid=0; invalid=0; risky=0; unknown=0
35181,>30M,theboringfranchises.com,no,,,0,,no_email_candidate_in_email_query,not_flagged,,,,,,valid=0; invalid=0; risky=0; unknown=0
35182,>30M,yoga-naturayur.com,no,,,0,,no_email_candidate_in_email_query,not_flagged,,,,,,valid=0; invalid=0; risky=0; unknown=0
35183,>30M,arlingtonestateplannerslaw.com,no,,,0,,no_email_candidate_in_email_query,not_flagged,,,,,,valid=0; invalid=0; risky=0; unknown=0
35184,>30M,hochfuegenski-jobs.com,no,,,0,,no_email_candidate_in_email_query,not_flagged,,,,,,valid=0; invalid=0; risky=0; unknown=0
35185,>30M,larrynovak4maryland.com,no,,,0,,no_email_candidate_in_email_query,not_flagged,,,,,,valid=0; invalid=0; risky=0; unknown=0
35186,>30M,menuiserie-bs.com,yes,,,0,,no_email_candidate_in_email_query,not_flagged,,,,,,valid=0; invalid=0; risky=0; unknown=0
35187,>30M,myluckypennymedia.com,yes,,,0,,no_email_candidate_in_email_query,not_flagged,,,,,,valid=0; invalid=0; risky=0; unknown=0
35188,>30M,onestudionyc.com,yes,,,0,,no_email_candidate_in_email_query,not_flagged,,,,,,valid=0; invalid=0; risky=0; unknown=0
35189,>30M,srtkey.com,yes,,,0,,no_email_candidate_in_email_query,not_flagged,,,,,,valid=0; invalid=0; risky=0; unknown=0
35190,>30M,buba-saraton.com,yes,,,0,,no_email_candidate_in_email_query,not_flagged,,,,,,valid=0; invalid=0; risky=0; unknown=0
35191,>30M,katsumata-seikei.com,no,,,0,,no_email_candidate_in_email_query,not_flagged,,,,,,valid=0; invalid=0; risky=0; unknown=0
35192,>30M,comparateur-commission.com,yes,,,0,,no_email_candidate_in_email_query,not_flagged,,,,,,valid=0; invalid=0; risky=0; unknown=0
35193,>30M,saasash.com,no,,,0,,no_email_candidate_in_email_query,not_flagged,,,,,,valid=0; invalid=0; risky=0; unknown=0
35194,>30M,sunviasolarco.com,no,,,0,,no_email_candidate_in_email_query,not_flagged,,,,,,valid=0; invalid=0; risky=0; unknown=0
35195,>30M,cynviatech.com,no,,,0,,no_email_candidate_in_email_query,not_flagged,,,,,,valid=0; invalid=0; risky=0; unknown=0
35196,>30M,reworkingtraining.com,yes,,,0,,no_email_candidate_in_email_query,not_flagged,,,,,,valid=0; invalid=0; risky=0; unknown=0
35197,>30M,tinyheartcpr.com,no,,,0,,no_email_candidate_in_email_query,not_flagged,,,,,,valid=0; invalid=0; risky=0; unknown=0
35198,>30M,la-bo-da.com,yes,,,0,,no_email_candidate_in_email_query,not_flagged,,,,,,valid=0; invalid=0; risky=0; unknown=0
35199,>30M,thecreativeunload.com,no,,,0,,no_email_candidate_in_email_query,not_flagged,,,,,,valid=0; invalid=0; risky=0; unknown=0
35200,>30M,vousrire.com,no,,,0,,no_email_candidate_in_email_query,not_flagged,,,,,,valid=0; invalid=0; risky=0; unknown=0
35201,>30M,actravelogs.com,no,,,0,,no_email_candidate_in_email_query,not_flagged,,,,,,valid=0; invalid=0; risky=0; unknown=0
35202,>30M,hardhatgearb2b.com,yes,,,0,,no_email_candidate_in_email_query,not_flagged,,,,,,valid=0; invalid=0; risky=0; unknown=0
35203,>30M,idfconsulting-td.com,no,,,0,,no_email_candidate_in_email_query,not_flagged,,,,,,valid=0; invalid=0; risky=0; unknown=0
35204,>30M,invierteconhumberto.com,yes,,,0,,no_email_candidate_in_email_query,not_flagged,,,,,,valid=0; invalid=0; risky=0; unknown=0
35205,>30M,robloxinjury.com,no,,,0,,no_email_candidate_in_email_query,not_flagged,,,,,,valid=0; invalid=0; risky=0; unknown=0
35206,>30M,techroyalverse.com,no,,,0,,no_email_candidate_in_email_query,not_flagged,,,,,,valid=0; invalid=0; risky=0; unknown=0
35207,>30M,theenergycall.com,yes,,,0,,no_email_candidate_in_email_query,not_flagged,,,,,,valid=0; invalid=0; risky=0; unknown=0
35208,>30M,visionryco.com,yes,,,0,,no_email_candidate_in_email_query,not_flagged,,,,,,valid=0; invalid=0; risky=0; unknown=0
35209,>30M,zerosalesreps.com,no,,,0,,no_email_candidate_in_email_query,not_flagged,,,,,,valid=0; invalid=0; risky=0; unknown=0
35210,>30M,accuratebizbookkeeping.com,no,,,0,,no_email_candidate_in_email_query,not_flagged,,,,,,valid=0; invalid=0; risky=0; unknown=0
35211,>30M,baia-caparica.com,no,,,0,,no_email_candidate_in_email_query,not_flagged,,,,,,valid=0; invalid=0; risky=0; unknown=0
35212,>30M,francescabarr.com,no,,,0,,no_email_candidate_in_email_query,not_flagged,,,,,,valid=0; invalid=0; risky=0; unknown=0
35213,>30M,huntsvillehappyhour.com,yes,,,0,,no_email_candidate_in_email_query,not_flagged,,,,,,valid=0; invalid=0; risky=0; unknown=0
35214,>30M,recall-contacts.com,yes,,,0,,no_email_candidate_in_email_query,not_flagged,,,,,,valid=0; invalid=0; risky=0; unknown=0
35215,>30M,whatsonpittsburgh.com,yes,,,0,,no_email_candidate_in_email_query,not_flagged,,,,,,valid=0; invalid=0; risky=0; unknown=0
35216,>30M,formorah.com,no,,,0,,no_email_candidate_in_email_query,not_flagged,,,,,,valid=0; invalid=0; risky=0; unknown=0
35217,>30M,harborvaultmarine.com,no,,,0,,no_email_candidate_in_email_query,not_flagged,,,,,,valid=0; invalid=0; risky=0; unknown=0
35218,>30M,retirementgoldcheck.com,yes,,,0,,no_email_candidate_in_email_query,not_flagged,,,,,,valid=0; invalid=0; risky=0; unknown=0
35219,>30M,zeus-ph.com,no,,,0,,no_email_candidate_in_email_query,not_flagged,,,,,,valid=0; invalid=0; risky=0; unknown=0
35220,>30M,autoformagent.com,no,,,0,,no_email_candidate_in_email_query,not_flagged,,,,,,valid=0; invalid=0; risky=0; unknown=0
35221,>30M,coachbrigi.com,yes,,,0,,no_email_candidate_in_email_query,not_flagged,,,,,,valid=0; invalid=0; risky=0; unknown=0
35222,>30M,robertmcnairspeaks.com,no,,,0,,no_email_candidate_in_email_query,not_flagged,,,,,,valid=0; invalid=0; risky=0; unknown=0
35223,>30M,treeleadmachine.com,yes,,,0,,no_email_candidate_in_email_query,not_flagged,,,,,,valid=0; invalid=0; risky=0; unknown=0
35224,>30M,visualheiststudio.com,yes,,,0,,no_email_candidate_in_email_query,not_flagged,,,,,,valid=0; invalid=0; risky=0; unknown=0
35225,>30M,ask-canvas.com,no,,,0,,no_email_candidate_in_email_query,not_flagged,,,,,,valid=0; invalid=0; risky=0; unknown=0
35226,>30M,basezero-ai.com,yes,,,0,,no_email_candidate_in_email_query,not_flagged,,,,,,valid=0; invalid=0; risky=0; unknown=0
35227,>30M,draganddropformbuilders.com,no,,,0,,no_email_candidate_in_email_query,not_flagged,,,,,,valid=0; invalid=0; risky=0; unknown=0
35228,>30M,onlineformcreators.com,no,,,0,,no_email_candidate_in_email_query,not_flagged,,,,,,valid=0; invalid=0; risky=0; unknown=0
35229,>30M,onlineformmakers.com,no,,,0,,no_email_candidate_in_email_query,not_flagged,,,,,,valid=0; invalid=0; risky=0; unknown=0
35230,>30M,sheandfabi.com,yes,,,0,,no_email_candidate_in_email_query,not_flagged,,,,,,valid=0; invalid=0; risky=0; unknown=0
35231,>30M,aesthetichausmedspa.com,no,,,0,,no_email_candidate_in_email_query,not_flagged,,,,,,valid=0; invalid=0; risky=0; unknown=0
35232,>30M,ebawp.com,no,,,0,,no_email_candidate_in_email_query,not_flagged,,,,,,valid=0; invalid=0; risky=0; unknown=0
35233,>30M,equipmentfinancemastery.com,no,,,0,,no_email_candidate_in_email_query,not_flagged,,,,,,valid=0; invalid=0; risky=0; unknown=0
35234,>30M,reignmentoring.com,no,,,0,,no_email_candidate_in_email_query,not_flagged,,,,,,valid=0; invalid=0; risky=0; unknown=0
35235,>30M,ossreplace.com,no,,,0,,no_email_candidate_in_email_query,not_flagged,,,,,,valid=0; invalid=0; risky=0; unknown=0
35236,>30M,oserium.com,no,,,0,,no_email_candidate_in_email_query,not_flagged,,,,,,valid=0; invalid=0; risky=0; unknown=0
35237,>30M,burst.consulting,yes,,,0,,no_email_candidate_in_email_query,not_flagged,,,,,,valid=0; invalid=0; risky=0; unknown=0
35238,>30M,norirestaurant.cz,no,,,0,,no_email_candidate_in_email_query,not_flagged,,,,,,valid=0; invalid=0; risky=0; unknown=0
35239,>30M,webodnuly.cz,no,,,0,,no_email_candidate_in_email_query,not_flagged,,,,,,valid=0; invalid=0; risky=0; unknown=0
35240,>30M,aclean-reinigung.de,no,,,0,,no_email_candidate_in_email_query,not_flagged,,,,,,valid=0; invalid=0; risky=0; unknown=0
35241,>30M,expertenforum.allesuntereinemdach.de,no,,,0,,no_email_candidate_in_email_query,not_flagged,,,,,,valid=0; invalid=0; risky=0; unknown=0
35242,>30M,diakonie-cuxhaven.beruf-gesundheitswesen.de,yes,,,0,,no_email_candidate_in_email_query,not_flagged,,,,,,valid=0; invalid=0; risky=0; unknown=0
35243,>30M,staging.kfo-jilek.de,yes,,,0,,no_email_candidate_in_email_query,not_flagged,,,,,,valid=0; invalid=0; risky=0; unknown=0
35244,>30M,neubauprojekte.scheffold-immobilien.de,no,,,0,,no_email_candidate_in_email_query,not_flagged,,,,,,valid=0; invalid=0; risky=0; unknown=0
35245,>30M,my.soprema.de,no,,,0,,no_email_candidate_in_email_query,not_flagged,,,,,,valid=0; invalid=0; risky=0; unknown=0
35246,>30M,steuerberaterhw-karriere.de,yes,,,0,,no_email_candidate_in_email_query,not_flagged,,,,,,valid=0; invalid=0; risky=0; unknown=0
35247,>30M,businesscareerhub.fiu.edu,no,,,0,,no_email_candidate_in_email_query,not_flagged,,,,,,valid=0; invalid=0; risky=0; unknown=0
35248,>30M,leinndigital.mondragon.edu,no,,,0,,no_email_candidate_in_email_query,not_flagged,,,,,,valid=0; invalid=0; risky=0; unknown=0
35249,>30M,codclinicoperationsdev.ouhsc.edu,no,,,0,,no_email_candidate_in_email_query,not_flagged,,,,,,valid=0; invalid=0; risky=0; unknown=0
35250,>30M,jrcproyectos.es,no,,,0,,no_email_candidate_in_email_query,not_flagged,,,,,,valid=0; invalid=0; risky=0; unknown=0
35251,>30M,trustmarketing.es,yes,,,0,,no_email_candidate_in_email_query,not_flagged,,,,,,valid=0; invalid=0; risky=0; unknown=0
35252,>30M,georgianomads.eu,no,,,0,,no_email_candidate_in_email_query,not_flagged,,,,,,valid=0; invalid=0; risky=0; unknown=0
35253,>30M,premedbullying.eu,yes,,,0,,no_email_candidate_in_email_query,not_flagged,,,,,,valid=0; invalid=0; risky=0; unknown=0
35254,>30M,iren.travelblox.eu,no,,,0,,no_email_candidate_in_email_query,not_flagged,,,,,,valid=0; invalid=0; risky=0; unknown=0
35255,>30M,arpejo.events,no,,,0,,no_email_candidate_in_email_query,not_flagged,,,,,,valid=0; invalid=0; risky=0; unknown=0
35256,>30M,cafemamakin.fr,no,,,0,,no_email_candidate_in_email_query,not_flagged,,,,,,valid=0; invalid=0; risky=0; unknown=0
35257,>30M,cafe-damis.fr,no,,,0,,no_email_candidate_in_email_query,not_flagged,,,,,,valid=0; invalid=0; risky=0; unknown=0
35258,>30M,destinationbalaruc.fr,no,,,0,,no_email_candidate_in_email_query,not_flagged,,,,,,valid=0; invalid=0; risky=0; unknown=0
35259,>30M,eleonoredugourd.fr,yes,,,0,,no_email_candidate_in_email_query,not_flagged,,,,,,valid=0; invalid=0; risky=0; unknown=0
35260,>30M,installation-batterie-solaire.fr,yes,,,0,,no_email_candidate_in_email_query,not_flagged,,,,,,valid=0; invalid=0; risky=0; unknown=0
35261,>30M,la-punjab.fr,no,,,0,,no_email_candidate_in_email_query,not_flagged,,,,,,valid=0; invalid=0; risky=0; unknown=0
35262,>30M,lasuite-vallauris.fr,yes,,,0,,no_email_candidate_in_email_query,not_flagged,,,,,,valid=0; invalid=0; risky=0; unknown=0
35263,>30M,la-boulangerie-du-chateau.fr,no,,,0,,no_email_candidate_in_email_query,not_flagged,,,,,,valid=0; invalid=0; risky=0; unknown=0
35264,>30M,anzinsaintaubin.lheurecivique.fr,no,,,0,,no_email_candidate_in_email_query,not_flagged,,,,,,valid=0; invalid=0; risky=0; unknown=0
35265,>30M,lesscrapouz.fr,no,,,0,,no_email_candidate_in_email_query,not_flagged,,,,,,valid=0; invalid=0; risky=0; unknown=0
35266,>30M,lpm-conduite.fr,no,,,0,,no_email_candidate_in_email_query,not_flagged,,,,,,valid=0; invalid=0; risky=0; unknown=0
35267,>30M,louloubeautysalon.fr,no,,,0,,no_email_candidate_in_email_query,not_flagged,,,,,,valid=0; invalid=0; risky=0; unknown=0
35268,>30M,mcintyrebros.gd,yes,,,0,,no_email_candidate_in_email_query,not_flagged,,,,,,valid=0; invalid=0; risky=0; unknown=0
35269,>30M,docs.playid.gg,no,,,0,,no_email_candidate_in_email_query,not_flagged,,,,,,valid=0; invalid=0; risky=0; unknown=0
35270,>30M,emichel.health,no,,,0,,no_email_candidate_in_email_query,not_flagged,,,,,,valid=0; invalid=0; risky=0; unknown=0
35271,>30M,brewyourbrand.in,no,,,0,,no_email_candidate_in_email_query,not_flagged,,,,,,valid=0; invalid=0; risky=0; unknown=0
35272,>30M,arairco.info,no,,,0,,no_email_candidate_in_email_query,not_flagged,,,,,,valid=0; invalid=0; risky=0; unknown=0
35273,>30M,zehulopakakixifopi.info,no,,,0,,no_email_candidate_in_email_query,not_flagged,,,,,,valid=0; invalid=0; risky=0; unknown=0
35274,>30M,americanexpress-rewards937.ink,no,,,0,,no_email_candidate_in_email_query,not_flagged,,,,,,valid=0; invalid=0; risky=0; unknown=0
35275,>30M,bookopedia.ink,no,,,0,,no_email_candidate_in_email_query,not_flagged,,,,,,valid=0; invalid=0; risky=0; unknown=0
35276,>30M,docs.cashmere.io,no,,,0,,no_email_candidate_in_email_query,not_flagged,,,,,,valid=0; invalid=0; risky=0; unknown=0
35277,>30M,docs.hohonu.io,no,,,0,,no_email_candidate_in_email_query,not_flagged,,,,,,valid=0; invalid=0; risky=0; unknown=0
35278,>30M,docs.time-line.io,no,,,0,,no_email_candidate_in_email_query,not_flagged,,,,,,valid=0; invalid=0; risky=0; unknown=0
35279,>30M,cargomate.webflow.io,yes,,,0,,no_email_candidate_in_email_query,not_flagged,,,,,,valid=0; invalid=0; risky=0; unknown=0
35280,>30M,feelagile.webflow.io,no,,,0,,no_email_candidate_in_email_query,not_flagged,,,,,,valid=0; invalid=0; risky=0; unknown=0
35281,>30M,robinai-xyz.webflow.io,yes,,,0,,no_email_candidate_in_email_query,not_flagged,,,,,,valid=0; invalid=0; risky=0; unknown=0
35282,>30M,hub.vitaminastudio.it,no,,,0,,no_email_candidate_in_email_query,not_flagged,,,,,,valid=0; invalid=0; risky=0; unknown=0
35283,>30M,aoi-yakkyoku.jp,no,,,0,,no_email_candidate_in_email_query,not_flagged,,,,,,valid=0; invalid=0; risky=0; unknown=0
35284,>30M,chitafuto.co.jp,no,,,0,,no_email_candidate_in_email_query,not_flagged,,,,,,valid=0; invalid=0; risky=0; unknown=0
35285,>30M,ibnsy.co.jp,no,,,0,,no_email_candidate_in_email_query,not_flagged,,,,,,valid=0; invalid=0; risky=0; unknown=0
35286,>30M,fujita-bc.co.jp,no,,,0,,no_email_candidate_in_email_query,not_flagged,,,,,,valid=0; invalid=0; risky=0; unknown=0
35287,>30M,algs-pfic.kanshin-hiroba.jp,no,,,0,,no_email_candidate_in_email_query,not_flagged,,,,,,valid=0; invalid=0; risky=0; unknown=0
35288,>30M,machiura-sinnryousyo.jp,no,,,0,,no_email_candidate_in_email_query,not_flagged,,,,,,valid=0; invalid=0; risky=0; unknown=0
35289,>30M,matsumoto-ph.jp,no,,,0,,no_email_candidate_in_email_query,not_flagged,,,,,,valid=0; invalid=0; risky=0; unknown=0
35290,>30M,tsuji-iin-sakurai.jp,no,,,0,,no_email_candidate_in_email_query,not_flagged,,,,,,valid=0; invalid=0; risky=0; unknown=0
35291,>30M,koltin.life,yes,,,0,,no_email_candidate_in_email_query,not_flagged,,,,,,valid=0; invalid=0; risky=0; unknown=0
35292,>30M,service4print.lu,no,,,0,,no_email_candidate_in_email_query,not_flagged,,,,,,valid=0; invalid=0; risky=0; unknown=0
35293,>30M,bizops.media,no,,,0,,no_email_candidate_in_email_query,not_flagged,,,,,,valid=0; invalid=0; risky=0; unknown=0
35294,>30M,conexionempresarial.mx,no,,,0,,no_email_candidate_in_email_query,not_flagged,,,,,,valid=0; invalid=0; risky=0; unknown=0
35295,>30M,matterwavevc.net,no,,,0,,no_email_candidate_in_email_query,not_flagged,,,,,,valid=0; invalid=0; risky=0; unknown=0
35296,>30M,peiley.net,no,,,0,,no_email_candidate_in_email_query,not_flagged,,,,,,valid=0; invalid=0; risky=0; unknown=0
35297,>30M,aviteksten.nl,no,,,0,,no_email_candidate_in_email_query,not_flagged,,,,,,valid=0; invalid=0; risky=0; unknown=0
35298,>30M,burocontrast.nl,no,,,0,,no_email_candidate_in_email_query,not_flagged,,,,,,valid=0; invalid=0; risky=0; unknown=0
35299,>30M,maassluis.mantelzorgtest.nl,no,,,0,,no_email_candidate_in_email_query,not_flagged,,,,,,valid=0; invalid=0; risky=0; unknown=0
35300,>30M,saam-insurance.nl,yes,,,0,,no_email_candidate_in_email_query,not_flagged,,,,,,valid=0; invalid=0; risky=0; unknown=0
35301,>30M,turbogruen.nl,yes,,,0,,no_email_candidate_in_email_query,not_flagged,,,,,,valid=0; invalid=0; risky=0; unknown=0
35302,>30M,recompensaskwaii.online,yes,,,0,,no_email_candidate_in_email_query,not_flagged,,,,,,valid=0; invalid=0; risky=0; unknown=0
35303,>30M,wheretosubmit.org,no,,,0,,no_email_candidate_in_email_query,not_flagged,,,,,,valid=0; invalid=0; risky=0; unknown=0
35304,>30M,snamidf-cgt.org,no,,,0,,no_email_candidate_in_email_query,not_flagged,,,,,,valid=0; invalid=0; risky=0; unknown=0
35305,>30M,tzabarplan.org,no,,,0,,no_email_candidate_in_email_query,not_flagged,,,,,,valid=0; invalid=0; risky=0; unknown=0
35306,>30M,web3shiledledger.org,yes,,,0,,no_email_candidate_in_email_query,not_flagged,,,,,,valid=0; invalid=0; risky=0; unknown=0
35307,>30M,affordabletextbooks.org,no,,,0,,no_email_candidate_in_email_query,not_flagged,,,,,,valid=0; invalid=0; risky=0; unknown=0
35308,>30M,mhdsc.org,no,,,0,,no_email_candidate_in_email_query,not_flagged,,,,,,valid=0; invalid=0; risky=0; unknown=0
35309,>30M,nfrnt.org,no,,,0,,no_email_candidate_in_email_query,not_flagged,,,,,,valid=0; invalid=0; risky=0; unknown=0
35310,>30M,2023.lodzwielukultur.pl,yes,,,0,,no_email_candidate_in_email_query,not_flagged,,,,,,valid=0; invalid=0; risky=0; unknown=0
35311,>30M,dolphinanty.pro,no,,,0,,no_email_candidate_in_email_query,not_flagged,,,,,,valid=0; invalid=0; risky=0; unknown=0
35312,>30M,luno.rest,no,,,0,,no_email_candidate_in_email_query,not_flagged,,,,,,valid=0; invalid=0; risky=0; unknown=0
35313,>30M,tania-andrei.ro,yes,,,0,,no_email_candidate_in_email_query,not_flagged,,,,,,valid=0; invalid=0; risky=0; unknown=0
35314,>30M,kosali-stats.ru,no,,,0,,no_email_candidate_in_email_query,not_flagged,,,,,,valid=0; invalid=0; risky=0; unknown=0
35315,>30M,privatetrail.run,no,,,0,,no_email_candidate_in_email_query,not_flagged,,,,,,valid=0; invalid=0; risky=0; unknown=0
35316,>30M,stampekaninfoder.se,no,,,0,,no_email_candidate_in_email_query,not_flagged,,,,,,valid=0; invalid=0; risky=0; unknown=0
35317,>30M,wiglow.se,yes,,,0,,no_email_candidate_in_email_query,not_flagged,,,,,,valid=0; invalid=0; risky=0; unknown=0
35318,>30M,belanjamanis.shop,no,,,0,,no_email_candidate_in_email_query,not_flagged,,,,,,valid=0; invalid=0; risky=0; unknown=0
35319,>30M,cardonofficial.shop,no,,,0,,no_email_candidate_in_email_query,not_flagged,,,,,,valid=0; invalid=0; risky=0; unknown=0
35320,>30M,santopadre.store,yes,,,0,,no_email_candidate_in_email_query,not_flagged,,,,,,valid=0; invalid=0; risky=0; unknown=0
35321,>30M,ghdesign.studio,yes,,,0,,no_email_candidate_in_email_query,not_flagged,,,,,,valid=0; invalid=0; risky=0; unknown=0
35322,>30M,meetup.orb.tz,yes,,,0,,no_email_candidate_in_email_query,not_flagged,,,,,,valid=0; invalid=0; risky=0; unknown=0
35323,>30M,verafind.co.uk,yes,,,0,,no_email_candidate_in_email_query,not_flagged,,,,,,valid=0; invalid=0; risky=0; unknown=0
35324,>30M,jobs.apeiron.vc,no,,,0,,no_email_candidate_in_email_query,not_flagged,,,,,,valid=0; invalid=0; risky=0; unknown=0
35325,>30M,thelighthousestudio.xyz,yes,,,0,,no_email_candidate_in_email_query,not_flagged,,,,,,valid=0; invalid=0; risky=0; unknown=0
35326,>30M,lazuliencheres.fr,yes,,,0,,no_email_candidate_in_email_query,not_flagged,,,,,,valid=0; invalid=0; risky=0; unknown=0
35327,>30M,mercadostack.netlify.app,no,,,0,,no_email_candidate_in_email_query,not_flagged,,,,,,valid=0; invalid=0; risky=0; unknown=0
35328,>30M,zenfi.ca,no,,,0,,no_email_candidate_in_email_query,not_flagged,,,,,,valid=0; invalid=0; risky=0; unknown=0
35329,>30M,linkany.biz,no,,,0,,no_email_candidate_in_email_query,not_flagged,,,,,,valid=0; invalid=0; risky=0; unknown=0
35330,>30M,eschmedia.de,yes,,,0,,no_email_candidate_in_email_query,not_flagged,,,,,,valid=0; invalid=0; risky=0; unknown=0
35331,>30M,bastasoldiaigiornali.it,yes,,,0,,no_email_candidate_in_email_query,not_flagged,,,,,,valid=0; invalid=0; risky=0; unknown=0
35332,>30M,restaurantnuances-royan.fr,no,,,0,,no_email_candidate_in_email_query,not_flagged,,,,,,valid=0; invalid=0; risky=0; unknown=0
35333,>30M,onlinesurvey.ai,no,,,0,,no_email_candidate_in_email_query,not_flagged,,,,,,valid=0; invalid=0; risky=0; unknown=0
35334,>30M,vanessa-neil.com.br,no,,,0,,no_email_candidate_in_email_query,not_flagged,,,,,,valid=0; invalid=0; risky=0; unknown=0
35335,>30M,bebemodedemploi.fr,no,,,0,,no_email_candidate_in_email_query,not_flagged,,,,,,valid=0; invalid=0; risky=0; unknown=0
35336,>30M,drydayclub.com.au,yes,,,0,,no_email_candidate_in_email_query,not_flagged,,,,,,valid=0; invalid=0; risky=0; unknown=0
35337,>30M,dev2222.de,no,,,0,,no_email_candidate_in_email_query,not_flagged,,,,,,valid=0; invalid=0; risky=0; unknown=0
35338,>30M,studiostory.app,no,,,0,,no_email_candidate_in_email_query,not_flagged,,,,,,valid=0; invalid=0; risky=0; unknown=0
35339,>30M,customerfeedbacksurveys.app,no,,,0,,no_email_candidate_in_email_query,not_flagged,,,,,,valid=0; invalid=0; risky=0; unknown=0
35340,>30M,formsai.app,no,,,0,,no_email_candidate_in_email_query,not_flagged,,,,,,valid=0; invalid=0; risky=0; unknown=0
35341,>30M,activecampaignquiz.com,no,,,0,,no_email_candidate_in_email_query,not_flagged,,,,,,valid=0; invalid=0; risky=0; unknown=0
35342,>30M,dunearn-house-residences.com,no,,,0,,no_email_candidate_in_email_query,not_flagged,,,,,,valid=0; invalid=0; risky=0; unknown=0
35343,>30M,elysianathletic.com,no,,,0,,no_email_candidate_in_email_query,not_flagged,,,,,,valid=0; invalid=0; risky=0; unknown=0
35344,>30M,nonprofitbrandcenter.com,yes,,,0,,no_email_candidate_in_email_query,not_flagged,,,,,,valid=0; invalid=0; risky=0; unknown=0
35345,>30M,rekanlabs.com,no,,,0,,no_email_candidate_in_email_query,not_flagged,,,,,,valid=0; invalid=0; risky=0; unknown=0
35346,>30M,theformautomation.com,no,,,0,,no_email_candidate_in_email_query,not_flagged,,,,,,valid=0; invalid=0; risky=0; unknown=0
35347,>30M,wellknownlawyer.com,yes,,,0,,no_email_candidate_in_email_query,not_flagged,,,,,,valid=0; invalid=0; risky=0; unknown=0
35348,>30M,alexisbecreative.com,yes,,,0,,no_email_candidate_in_email_query,not_flagged,,,,,,valid=0; invalid=0; risky=0; unknown=0
35349,>30M,earnedafrica.com,no,,,0,,no_email_candidate_in_email_query,not_flagged,,,,,,valid=0; invalid=0; risky=0; unknown=0
35350,>30M,generatemoremembers.com,no,,,0,,no_email_candidate_in_email_query,not_flagged,,,,,,valid=0; invalid=0; risky=0; unknown=0
35351,>30M,vitalcomshealth.com,yes,,,0,,no_email_candidate_in_email_query,not_flagged,,,,,,valid=0; invalid=0; risky=0; unknown=0
35352,>30M,edndesignstudio.com,yes,,,0,,no_email_candidate_in_email_query,not_flagged,,,,,,valid=0; invalid=0; risky=0; unknown=0
35353,>30M,fischerparkett-karriere.com,no,,,0,,no_email_candidate_in_email_query,not_flagged,,,,,,valid=0; invalid=0; risky=0; unknown=0
35354,>30M,houdinicoaching.com,yes,,,0,,no_email_candidate_in_email_query,not_flagged,,,,,,valid=0; invalid=0; risky=0; unknown=0
35355,>30M,laptopfranchise279.com,no,,,0,,no_email_candidate_in_email_query,not_flagged,,,,,,valid=0; invalid=0; risky=0; unknown=0
35356,>30M,laptopfranchise868.com,no,,,0,,no_email_candidate_in_email_query,not_flagged,,,,,,valid=0; invalid=0; risky=0; unknown=0
35357,>30M,laptopfranchise007.com,no,,,0,,no_email_candidate_in_email_query,not_flagged,,,,,,valid=0; invalid=0; risky=0; unknown=0
35358,>30M,sixty8-officialoutlet.com,no,,,0,,no_email_candidate_in_email_query,not_flagged,,,,,,valid=0; invalid=0; risky=0; unknown=0
35359,>30M,testivora.com,no,,,0,,no_email_candidate_in_email_query,not_flagged,,,,,,valid=0; invalid=0; risky=0; unknown=0
35360,>30M,applylastpay.com,no,,,0,,no_email_candidate_in_email_query,not_flagged,,,,,,valid=0; invalid=0; risky=0; unknown=0
35361,>30M,liveatmiravista.com,no,,,0,,no_email_candidate_in_email_query,not_flagged,,,,,,valid=0; invalid=0; risky=0; unknown=0
35362,>30M,purnp-fun.com,no,,,0,,no_email_candidate_in_email_query,not_flagged,,,,,,valid=0; invalid=0; risky=0; unknown=0
35363,>30M,insomniashield.com,no,,,0,,no_email_candidate_in_email_query,not_flagged,,,,,,valid=0; invalid=0; risky=0; unknown=0
35364,>30M,myprivatehealthoption.com,no,,,0,,no_email_candidate_in_email_query,not_flagged,,,,,,valid=0; invalid=0; risky=0; unknown=0
35365,>30M,laptopfranchise242.com,no,,,0,,no_email_candidate_in_email_query,not_flagged,,,,,,valid=0; invalid=0; risky=0; unknown=0
35366,>30M,moreprofitgroup.com,no,,,0,,no_email_candidate_in_email_query,not_flagged,,,,,,valid=0; invalid=0; risky=0; unknown=0
35367,>30M,qoform.com,no,,,0,,no_email_candidate_in_email_query,not_flagged,,,,,,valid=0; invalid=0; risky=0; unknown=0
35368,>30M,vincentli-vietnam.com,yes,,,0,,no_email_candidate_in_email_query,not_flagged,,,,,,valid=0; invalid=0; risky=0; unknown=0
35369,>30M,zeb-innovations.com,no,,,0,,no_email_candidate_in_email_query,not_flagged,,,,,,valid=0; invalid=0; risky=0; unknown=0
35370,>30M,cunjcglobalyouth.com,no,,,0,,no_email_candidate_in_email_query,not_flagged,,,,,,valid=0; invalid=0; risky=0; unknown=0
35371,>30M,laptopfranchise333.com,no,,,0,,no_email_candidate_in_email_query,not_flagged,,,,,,valid=0; invalid=0; risky=0; unknown=0
35372,>30M,laptopfranchise345.com,no,,,0,,no_email_candidate_in_email_query,not_flagged,,,,,,valid=0; invalid=0; risky=0; unknown=0
35373,>30M,lecastingparisienagency.com,yes,,,0,,no_email_candidate_in_email_query,not_flagged,,,,,,valid=0; invalid=0; risky=0; unknown=0
35374,>30M,maximiliansretreat.com,no,,,0,,no_email_candidate_in_email_query,not_flagged,,,,,,valid=0; invalid=0; risky=0; unknown=0
35375,>30M,wanazfar.com,no,,,0,,no_email_candidate_in_email_query,not_flagged,,,,,,valid=0; invalid=0; risky=0; unknown=0
35376,>30M,alareports.com,no,,,0,,no_email_candidate_in_email_query,not_flagged,,,,,,valid=0; invalid=0; risky=0; unknown=0
35377,>30M,copywriteeducacion.com,no,,,0,,no_email_candidate_in_email_query,not_flagged,,,,,,valid=0; invalid=0; risky=0; unknown=0
35378,>30M,elevatesystm.com,yes,,,0,,no_email_candidate_in_email_query,not_flagged,,,,,,valid=0; invalid=0; risky=0; unknown=0
35379,>30M,happens-in-rehab.com,no,,,0,,no_email_candidate_in_email_query,not_flagged,,,,,,valid=0; invalid=0; risky=0; unknown=0
35380,>30M,laptopfranchise006.com,no,,,0,,no_email_candidate_in_email_query,not_flagged,,,,,,valid=0; invalid=0; risky=0; unknown=0
35381,>30M,opioid-addiction-help.com,no,,,0,,no_email_candidate_in_email_query,not_flagged,,,,,,valid=0; invalid=0; risky=0; unknown=0
35382,>30M,relapsed-need-help.com,no,,,0,,no_email_candidate_in_email_query,not_flagged,,,,,,valid=0; invalid=0; risky=0; unknown=0
35383,>30M,trust2wear.com,yes,,,0,,no_email_candidate_in_email_query,not_flagged,,,,,,valid=0; invalid=0; risky=0; unknown=0
35384,>30M,wisefloww.com,no,,,0,,no_email_candidate_in_email_query,not_flagged,,,,,,valid=0; invalid=0; risky=0; unknown=0
35385,>30M,beyondnutritionrd.com,no,,,0,,no_email_candidate_in_email_query,not_flagged,,,,,,valid=0; invalid=0; risky=0; unknown=0
35386,>30M,growthhqautomations.com,no,,,0,,no_email_candidate_in_email_query,not_flagged,,,,,,valid=0; invalid=0; risky=0; unknown=0
35387,>30M,heritagecollisionestimate.com,no,,,0,,no_email_candidate_in_email_query,not_flagged,,,,,,valid=0; invalid=0; risky=0; unknown=0
35388,>30M,hueristo.com,no,,,0,,no_email_candidate_in_email_query,not_flagged,,,,,,valid=0; invalid=0; risky=0; unknown=0
35389,>30M,nifootballhub.com,no,,,0,,no_email_candidate_in_email_query,not_flagged,,,,,,valid=0; invalid=0; risky=0; unknown=0
35390,>30M,on-quota.com,no,,,0,,no_email_candidate_in_email_query,not_flagged,,,,,,valid=0; invalid=0; risky=0; unknown=0
35391,>30M,rockthebellsbeach.com,yes,,,0,,no_email_candidate_in_email_query,not_flagged,,,,,,valid=0; invalid=0; risky=0; unknown=0
35392,>30M,gtschooltour.com,no,,,0,,no_email_candidate_in_email_query,not_flagged,,,,,,valid=0; invalid=0; risky=0; unknown=0
35393,>30M,jlaconcretepumping.com,yes,,,0,,no_email_candidate_in_email_query,not_flagged,,,,,,valid=0; invalid=0; risky=0; unknown=0
35394,>30M,roomhelm.com,no,,,0,,no_email_candidate_in_email_query,not_flagged,,,,,,valid=0; invalid=0; risky=0; unknown=0
35395,>30M,sensualembodimenttraining.com,yes,,,0,,no_email_candidate_in_email_query,not_flagged,,,,,,valid=0; invalid=0; risky=0; unknown=0
35396,>30M,mypulseboard.com,yes,,,0,,no_email_candidate_in_email_query,not_flagged,,,,,,valid=0; invalid=0; risky=0; unknown=0
35397,>30M,theplasticcountry.com,yes,,,0,,no_email_candidate_in_email_query,not_flagged,,,,,,valid=0; invalid=0; risky=0; unknown=0
35398,>30M,trescal-jobs.com,no,,,0,,no_email_candidate_in_email_query,not_flagged,,,,,,valid=0; invalid=0; risky=0; unknown=0
35399,>30M,klinikego.com,yes,,,0,,no_email_candidate_in_email_query,not_flagged,,,,,,valid=0; invalid=0; risky=0; unknown=0
35400,>30M,cryonickcrm.com,no,,,0,,no_email_candidate_in_email_query,not_flagged,,,,,,valid=0; invalid=0; risky=0; unknown=0
35401,>30M,happilyeverpaid.com,yes,,,0,,no_email_candidate_in_email_query,not_flagged,,,,,,valid=0; invalid=0; risky=0; unknown=0
35402,>30M,ibonlabs.com,no,,,0,,no_email_candidate_in_email_query,not_flagged,,,,,,valid=0; invalid=0; risky=0; unknown=0
35403,>30M,selim-ismani.com,no,,,0,,no_email_candidate_in_email_query,not_flagged,,,,,,valid=0; invalid=0; risky=0; unknown=0
35404,>30M,xn--vliskasiinod-gcb.com,no,,,0,,no_email_candidate_in_email_query,not_flagged,,,,,,valid=0; invalid=0; risky=0; unknown=0
35405,>30M,annuityappointmentfunnel.com,no,,,0,,no_email_candidate_in_email_query,not_flagged,,,,,,valid=0; invalid=0; risky=0; unknown=0
35406,>30M,mermanehaircarepro.com,no,,,0,,no_email_candidate_in_email_query,not_flagged,,,,,,valid=0; invalid=0; risky=0; unknown=0
35407,>30M,myroom2home.com,yes,,,0,,no_email_candidate_in_email_query,not_flagged,,,,,,valid=0; invalid=0; risky=0; unknown=0
35408,>30M,volnerabio.com,yes,,,0,,no_email_candidate_in_email_query,not_flagged,,,,,,valid=0; invalid=0; risky=0; unknown=0
35409,>30M,blueastromedia.com,yes,,,0,,no_email_candidate_in_email_query,not_flagged,,,,,,valid=0; invalid=0; risky=0; unknown=0
35410,>30M,curucayehq.com,no,,,0,,no_email_candidate_in_email_query,not_flagged,,,,,,valid=0; invalid=0; risky=0; unknown=0
35411,>30M,empoweredlearncenter.com,yes,,,0,,no_email_candidate_in_email_query,not_flagged,,,,,,valid=0; invalid=0; risky=0; unknown=0
35412,>30M,max-german.com,no,,,0,,no_email_candidate_in_email_query,not_flagged,,,,,,valid=0; invalid=0; risky=0; unknown=0
35413,>30M,surrogacybutler.com,no,,,0,,no_email_candidate_in_email_query,not_flagged,,,,,,valid=0; invalid=0; risky=0; unknown=0
35414,>30M,abashiri-fujikosan.com,no,,,0,,no_email_candidate_in_email_query,not_flagged,,,,,,valid=0; invalid=0; risky=0; unknown=0
35415,>30M,ligamaestracorona.com,no,,,0,,no_email_candidate_in_email_query,not_flagged,,,,,,valid=0; invalid=0; risky=0; unknown=0
35416,>30M,mxvmotorhome.com,yes,,,0,,no_email_candidate_in_email_query,not_flagged,,,,,,valid=0; invalid=0; risky=0; unknown=0
35417,>30M,officialroom38.com,yes,,,0,,no_email_candidate_in_email_query,not_flagged,,,,,,valid=0; invalid=0; risky=0; unknown=0
35418,>30M,pinkmooncrush.com,yes,,,0,,no_email_candidate_in_email_query,not_flagged,,,,,,valid=0; invalid=0; risky=0; unknown=0
35419,>30M,sentrosai.com,no,,,0,,no_email_candidate_in_email_query,not_flagged,,,,,,valid=0; invalid=0; risky=0; unknown=0
35420,>30M,trackingatlas.com,no,,,0,,no_email_candidate_in_email_query,not_flagged,,,,,,valid=0; invalid=0; risky=0; unknown=0
35421,>30M,builtwithkim.com,no,,,0,,no_email_candidate_in_email_query,not_flagged,,,,,,valid=0; invalid=0; risky=0; unknown=0
35422,>30M,cant-stay-sober-need-help.com,no,,,0,,no_email_candidate_in_email_query,not_flagged,,,,,,valid=0; invalid=0; risky=0; unknown=0
35423,>30M,d2dpermitting.com,yes,,,0,,no_email_candidate_in_email_query,not_flagged,,,,,,valid=0; invalid=0; risky=0; unknown=0
35424,>30M,festalpro.com,no,,,0,,no_email_candidate_in_email_query,not_flagged,,,,,,valid=0; invalid=0; risky=0; unknown=0
35425,>30M,graceandpatricksayyes.com,yes,,,0,,no_email_candidate_in_email_query,not_flagged,,,,,,valid=0; invalid=0; risky=0; unknown=0
35426,>30M,medspasscottsdaleaz.com,no,,,0,,no_email_candidate_in_email_query,not_flagged,,,,,,valid=0; invalid=0; risky=0; unknown=0
35427,>30M,oddson5admin.com,no,,,0,,no_email_candidate_in_email_query,not_flagged,,,,,,valid=0; invalid=0; risky=0; unknown=0
35428,>30M,quitting-kratom-help.com,yes,,,0,,no_email_candidate_in_email_query,not_flagged,,,,,,valid=0; invalid=0; risky=0; unknown=0
35429,>30M,rainwaterexchange.com,yes,,,0,,no_email_candidate_in_email_query,not_flagged,,,,,,valid=0; invalid=0; risky=0; unknown=0
35430,>30M,scalerevconsulting.com,no,,,0,,no_email_candidate_in_email_query,not_flagged,,,,,,valid=0; invalid=0; risky=0; unknown=0
35431,>30M,sober-living-after-rehab.com,no,,,0,,no_email_candidate_in_email_query,not_flagged,,,,,,valid=0; invalid=0; risky=0; unknown=0
35432,>30M,excihyd.com,yes,,,0,,no_email_candidate_in_email_query,not_flagged,,,,,,valid=0; invalid=0; risky=0; unknown=0
35433,>30M,gosetstudio.com,yes,,,0,,no_email_candidate_in_email_query,not_flagged,,,,,,valid=0; invalid=0; risky=0; unknown=0
35434,>30M,jennasipponen.com,yes,,,0,,no_email_candidate_in_email_query,not_flagged,,,,,,valid=0; invalid=0; risky=0; unknown=0
35435,>30M,magellim-plateforme.com,no,,,0,,no_email_candidate_in_email_query,not_flagged,,,,,,valid=0; invalid=0; risky=0; unknown=0
35436,>30M,nantucket-carpentry.com,no,,,0,,no_email_candidate_in_email_query,not_flagged,,,,,,valid=0; invalid=0; risky=0; unknown=0
35437,>30M,pachamovement.com,yes,,,0,,no_email_candidate_in_email_query,not_flagged,,,,,,valid=0; invalid=0; risky=0; unknown=0
35438,>30M,prometeo2052.com,no,,,0,,no_email_candidate_in_email_query,not_flagged,,,,,,valid=0; invalid=0; risky=0; unknown=0
35439,>30M,bobbyandoana.com,yes,,,0,,no_email_candidate_in_email_query,not_flagged,,,,,,valid=0; invalid=0; risky=0; unknown=0
35440,>30M,mb-digital-sas.com,yes,,,0,,no_email_candidate_in_email_query,not_flagged,,,,,,valid=0; invalid=0; risky=0; unknown=0
35441,>30M,panceblueprints.com,no,,,0,,no_email_candidate_in_email_query,not_flagged,,,,,,valid=0; invalid=0; risky=0; unknown=0
35442,>30M,vxncty.com,no,,,0,,no_email_candidate_in_email_query,not_flagged,,,,,,valid=0; invalid=0; risky=0; unknown=0
35443,>30M,pengon.dev,no,,,0,,no_email_candidate_in_email_query,not_flagged,,,,,,valid=0; invalid=0; risky=0; unknown=0
35444,>30M,ardibaltzak.eus,yes,,,0,,no_email_candidate_in_email_query,not_flagged,,,,,,valid=0; invalid=0; risky=0; unknown=0
35445,>30M,infinityperformance.fit,yes,,,0,,no_email_candidate_in_email_query,not_flagged,,,,,,valid=0; invalid=0; risky=0; unknown=0
35446,>30M,alwayscafe.info,no,,,0,,no_email_candidate_in_email_query,not_flagged,,,,,,valid=0; invalid=0; risky=0; unknown=0
35447,>30M,mycocommunity.love,no,,,0,,no_email_candidate_in_email_query,not_flagged,,,,,,valid=0; invalid=0; risky=0; unknown=0
35448,>30M,alulaguide.net,yes,,,0,,no_email_candidate_in_email_query,not_flagged,,,,,,valid=0; invalid=0; risky=0; unknown=0
35449,>30M,blkgirlsshoot.net,no,,,0,,no_email_candidate_in_email_query,not_flagged,,,,,,valid=0; invalid=0; risky=0; unknown=0
35450,>30M,vital-energy.news,yes,,,0,,no_email_candidate_in_email_query,not_flagged,,,,,,valid=0; invalid=0; risky=0; unknown=0
35451,>30M,natural-energy.news,yes,,,0,,no_email_candidate_in_email_query,not_flagged,,,,,,valid=0; invalid=0; risky=0; unknown=0
35452,>30M,jitu-test.online,no,,,0,,no_email_candidate_in_email_query,not_flagged,,,,,,valid=0; invalid=0; risky=0; unknown=0
35453,>30M,simfitness.online,yes,,,0,,no_email_candidate_in_email_query,not_flagged,,,,,,valid=0; invalid=0; risky=0; unknown=0
35454,>30M,fitraah.org,no,,,0,,no_email_candidate_in_email_query,not_flagged,,,,,,valid=0; invalid=0; risky=0; unknown=0
35455,>30M,julioparty.org,yes,,,0,,no_email_candidate_in_email_query,not_flagged,,,,,,valid=0; invalid=0; risky=0; unknown=0
35456,>30M,vote4troy.org,no,,,0,,no_email_candidate_in_email_query,not_flagged,,,,,,valid=0; invalid=0; risky=0; unknown=0
35457,>30M,lunabringmore.org,yes,,,0,,no_email_candidate_in_email_query,not_flagged,,,,,,valid=0; invalid=0; risky=0; unknown=0
35458,>30M,corjp.org,no,,,0,,no_email_candidate_in_email_query,not_flagged,,,,,,valid=0; invalid=0; risky=0; unknown=0
35459,>30M,kobramax.org,no,,,0,,no_email_candidate_in_email_query,not_flagged,,,,,,valid=0; invalid=0; risky=0; unknown=0
35460,>30M,porawin.org,no,,,0,,no_email_candidate_in_email_query,not_flagged,,,,,,valid=0; invalid=0; risky=0; unknown=0
35461,>30M,tor54.org,no,,,0,,no_email_candidate_in_email_query,not_flagged,,,,,,valid=0; invalid=0; risky=0; unknown=0
35462,>30M,sayojp.org,no,,,0,,no_email_candidate_in_email_query,not_flagged,,,,,,valid=0; invalid=0; risky=0; unknown=0
35463,>30M,infamous.press,no,,,0,,no_email_candidate_in_email_query,not_flagged,,,,,,valid=0; invalid=0; risky=0; unknown=0
35464,>30M,isaacharley.pro,yes,,,0,,no_email_candidate_in_email_query,not_flagged,,,,,,valid=0; invalid=0; risky=0; unknown=0
35465,>30M,abspower.pro,no,,,0,,no_email_candidate_in_email_query,not_flagged,,,,,,valid=0; invalid=0; risky=0; unknown=0
35466,>30M,askyo.ru,no,,,0,,no_email_candidate_in_email_query,not_flagged,,,,,,valid=0; invalid=0; risky=0; unknown=0
35467,>30M,petbydesign.shop,no,,,0,,no_email_candidate_in_email_query,not_flagged,,,,,,valid=0; invalid=0; risky=0; unknown=0
35468,>30M,lushco.shopping,yes,,,0,,no_email_candidate_in_email_query,not_flagged,,,,,,valid=0; invalid=0; risky=0; unknown=0
35469,>30M,nathaliaejuliano.site,no,,,0,,no_email_candidate_in_email_query,not_flagged,,,,,,valid=0; invalid=0; risky=0; unknown=0
35470,>30M,neuropod.space,yes,,,0,,no_email_candidate_in_email_query,not_flagged,,,,,,valid=0; invalid=0; risky=0; unknown=0
35471,>30M,sundaily.store,yes,,,0,,no_email_candidate_in_email_query,not_flagged,,,,,,valid=0; invalid=0; risky=0; unknown=0
35472,>30M,customery.store,yes,,,0,,no_email_candidate_in_email_query,not_flagged,,,,,,valid=0; invalid=0; risky=0; unknown=0
35473,>30M,jafc.tech,no,,,0,,no_email_candidate_in_email_query,not_flagged,,,,,,valid=0; invalid=0; risky=0; unknown=0
35474,>30M,dolphinanty.tech,no,,,0,,no_email_candidate_in_email_query,not_flagged,,,,,,valid=0; invalid=0; risky=0; unknown=0
35475,>30M,topmurahmeriah.xyz,no,,,0,,no_email_candidate_in_email_query,not_flagged,,,,,,valid=0; invalid=0; risky=0; unknown=0
35476,>30M,jp-steuerberatung-karriere.de,yes,,,0,,no_email_candidate_in_email_query,not_flagged,,,,,,valid=0; invalid=0; risky=0; unknown=0
35477,>30M,causa-karriere.at,no,,,0,,no_email_candidate_in_email_query,not_flagged,,,,,,valid=0; invalid=0; risky=0; unknown=0
35478,>30M,wwlr-strategiewerkstatt.netlify.app,no,,,0,,no_email_candidate_in_email_query,not_flagged,,,,,,valid=0; invalid=0; risky=0; unknown=0
35479,>30M,metallerie-porta.fr,no,,,0,,no_email_candidate_in_email_query,not_flagged,,,,,,valid=0; invalid=0; risky=0; unknown=0
35480,>30M,pyfoptelecom.fr,no,,,0,,no_email_candidate_in_email_query,not_flagged,,,,,,valid=0; invalid=0; risky=0; unknown=0
35481,>30M,lovereggaeton.cl,yes,,,0,,no_email_candidate_in_email_query,not_flagged,,,,,,valid=0; invalid=0; risky=0; unknown=0
35482,>30M,formfy.ai,no,,,0,,no_email_candidate_in_email_query,not_flagged,,,,,,valid=0; invalid=0; risky=0; unknown=0
35483,>30M,31-37dukestreet.co.uk,yes,,,0,,no_email_candidate_in_email_query,not_flagged,,,,,,valid=0; invalid=0; risky=0; unknown=0
35484,>30M,wysera.ai,no,,,0,,no_email_candidate_in_email_query,not_flagged,,,,,,valid=0; invalid=0; risky=0; unknown=0
35485,>30M,vivinoceraumbra.it,no,,,0,,no_email_candidate_in_email_query,not_flagged,,,,,,valid=0; invalid=0; risky=0; unknown=0
35486,>30M,belonghealthcare.com.au,yes,,,0,,no_email_candidate_in_email_query,not_flagged,,,,,,valid=0; invalid=0; risky=0; unknown=0
35487,>30M,medicai.com.au,no,,,0,,no_email_candidate_in_email_query,not_flagged,,,,,,valid=0; invalid=0; risky=0; unknown=0
35488,>30M,reaktor-wildau.de,no,,,0,,no_email_candidate_in_email_query,not_flagged,,,,,,valid=0; invalid=0; risky=0; unknown=0
35489,>30M,itineraire-entrepreneurial.fr,yes,,,0,,no_email_candidate_in_email_query,not_flagged,,,,,,valid=0; invalid=0; risky=0; unknown=0
35490,>30M,crepes-gourmandes77.fr,no,,,0,,no_email_candidate_in_email_query,not_flagged,,,,,,valid=0; invalid=0; risky=0; unknown=0
35491,>30M,careers.grw.ai,no,,,0,,no_email_candidate_in_email_query,not_flagged,,,,,,valid=0; invalid=0; risky=0; unknown=0
35492,>30M,book.magneticperformance.ai,no,,,0,,no_email_candidate_in_email_query,not_flagged,,,,,,valid=0; invalid=0; risky=0; unknown=0
35493,>30M,type-form-studio-template.pagesmith.ai,no,,,0,,no_email_candidate_in_email_query,not_flagged,,,,,,valid=0; invalid=0; risky=0; unknown=0
35494,>30M,runmonte.ai,no,,,0,,no_email_candidate_in_email_query,not_flagged,,,,,,valid=0; invalid=0; risky=0; unknown=0
35495,>30M,advisori.app,no,,,0,,no_email_candidate_in_email_query,not_flagged,,,,,,valid=0; invalid=0; risky=0; unknown=0
35496,>30M,elektro-moerth-karriere.at,no,,,0,,no_email_candidate_in_email_query,not_flagged,,,,,,valid=0; invalid=0; risky=0; unknown=0
35497,>30M,beyondthebond.com.au,no,,,0,,no_email_candidate_in_email_query,not_flagged,,,,,,valid=0; invalid=0; risky=0; unknown=0
35498,>30M,makindustplanthire.com.au,yes,,,0,,no_email_candidate_in_email_query,not_flagged,,,,,,valid=0; invalid=0; risky=0; unknown=0
35499,>30M,viridiangreenvale.com.au,no,,,0,,no_email_candidate_in_email_query,not_flagged,,,,,,valid=0; invalid=0; risky=0; unknown=0
35500,>30M,static.o2o.be,no,,,0,,no_email_candidate_in_email_query,not_flagged,,,,,,valid=0; invalid=0; risky=0; unknown=0
35501,>30M,escoladenegocioscrediamigo.com.br,no,,,0,,no_email_candidate_in_email_query,not_flagged,,,,,,valid=0; invalid=0; risky=0; unknown=0
35502,>30M,ozperformance.com.br,yes,,,0,,no_email_candidate_in_email_query,not_flagged,,,,,,valid=0; invalid=0; risky=0; unknown=0
35503,>30M,fa.avestamed.ca,yes,,,0,,no_email_candidate_in_email_query,not_flagged,,,,,,valid=0; invalid=0; risky=0; unknown=0
35504,>30M,prixpmc.ca,no,,,0,,no_email_candidate_in_email_query,not_flagged,,,,,,valid=0; invalid=0; risky=0; unknown=0
35505,>30M,service.allreal.ch,yes,,,0,,no_email_candidate_in_email_query,not_flagged,,,,,,valid=0; invalid=0; risky=0; unknown=0
35506,>30M,maprime-panneausolaire.click,no,,,0,,no_email_candidate_in_email_query,not_flagged,,,,,,valid=0; invalid=0; risky=0; unknown=0
35507,>30M,four15.co,yes,,,0,,no_email_candidate_in_email_query,not_flagged,,,,,,valid=0; invalid=0; risky=0; unknown=0
35508,>30M,iditek.edu.co,yes,,,0,,no_email_candidate_in_email_query,not_flagged,,,,,,valid=0; invalid=0; risky=0; unknown=0
35509,>30M,vktrs.co,no,,,0,,no_email_candidate_in_email_query,not_flagged,,,,,,valid=0; invalid=0; risky=0; unknown=0
35510,>30M,acuitybykatya.com,yes,,,0,,no_email_candidate_in_email_query,not_flagged,,,,,,valid=0; invalid=0; risky=0; unknown=0
35511,>30M,beautyoffices.com,no,,,0,,no_email_candidate_in_email_query,not_flagged,,,,,,valid=0; invalid=0; risky=0; unknown=0
35512,>30M,kontovabadkasiinod.com,no,,,0,,no_email_candidate_in_email_query,not_flagged,,,,,,valid=0; invalid=0; risky=0; unknown=0
35513,>30M,reframerealities.com,no,,,0,,no_email_candidate_in_email_query,not_flagged,,,,,,valid=0; invalid=0; risky=0; unknown=0
35514,>30M,unistartsydney.com,no,,,0,,no_email_candidate_in_email_query,not_flagged,,,,,,valid=0; invalid=0; risky=0; unknown=0
35515,>30M,laptopfranchise808.com,no,,,0,,no_email_candidate_in_email_query,not_flagged,,,,,,valid=0; invalid=0; risky=0; unknown=0
35516,>30M,laptopfranchise011.com,no,,,0,,no_email_candidate_in_email_query,not_flagged,,,,,,valid=0; invalid=0; risky=0; unknown=0
35517,>30M,vitalitypanel.com,no,,,0,,no_email_candidate_in_email_query,not_flagged,,,,,,valid=0; invalid=0; risky=0; unknown=0
35518,>30M,aquaclem.com,yes,,,0,,no_email_candidate_in_email_query,not_flagged,,,,,,valid=0; invalid=0; risky=0; unknown=0
35519,>30M,joinoceanfrontai.com,no,,,0,,no_email_candidate_in_email_query,not_flagged,,,,,,valid=0; invalid=0; risky=0; unknown=0
35520,>30M,fijimotodenki-shokai.com,no,,,0,,no_email_candidate_in_email_query,not_flagged,,,,,,valid=0; invalid=0; risky=0; unknown=0
35521,>30M,lynetmwikali.com,no,,,0,,no_email_candidate_in_email_query,not_flagged,,,,,,valid=0; invalid=0; risky=0; unknown=0
35522,>30M,maisons-lvm.com,yes,,,0,,no_email_candidate_in_email_query,not_flagged,,,,,,valid=0; invalid=0; risky=0; unknown=0
35523,>30M,siliverridgeoutdoor.com,no,,,0,,no_email_candidate_in_email_query,not_flagged,,,,,,valid=0; invalid=0; risky=0; unknown=0
35524,>30M,a-to-mind.com,no,,,0,,no_email_candidate_in_email_query,not_flagged,,,,,,valid=0; invalid=0; risky=0; unknown=0
35525,>30M,cancelnest.com,no,,,0,,no_email_candidate_in_email_query,not_flagged,,,,,,valid=0; invalid=0; risky=0; unknown=0
35526,>30M,zabotaworks.com,no,,,0,,no_email_candidate_in_email_query,not_flagged,,,,,,valid=0; invalid=0; risky=0; unknown=0
35527,>30M,zabotapoint.com,no,,,0,,no_email_candidate_in_email_query,not_flagged,,,,,,valid=0; invalid=0; risky=0; unknown=0
35528,>30M,zabotaworld.com,no,,,0,,no_email_candidate_in_email_query,not_flagged,,,,,,valid=0; invalid=0; risky=0; unknown=0
35529,>30M,zabotahq.com,no,,,0,,no_email_candidate_in_email_query,not_flagged,,,,,,valid=0; invalid=0; risky=0; unknown=0
35530,>30M,zabotaofficial.com,no,,,0,,no_email_candidate_in_email_query,not_flagged,,,,,,valid=0; invalid=0; risky=0; unknown=0
35531,>30M,zabotastaff.com,no,,,0,,no_email_candidate_in_email_query,not_flagged,,,,,,valid=0; invalid=0; risky=0; unknown=0
35532,>30M,zabotaone.com,no,,,0,,no_email_candidate_in_email_query,not_flagged,,,,,,valid=0; invalid=0; risky=0; unknown=0
35533,>30M,zabotamax.com,no,,,0,,no_email_candidate_in_email_query,not_flagged,,,,,,valid=0; invalid=0; risky=0; unknown=0
35534,>30M,zabotasource.com,no,,,0,,no_email_candidate_in_email_query,not_flagged,,,,,,valid=0; invalid=0; risky=0; unknown=0
35535,>30M,zabotaverify.com,no,,,0,,no_email_candidate_in_email_query,not_flagged,,,,,,valid=0; invalid=0; risky=0; unknown=0
35536,>30M,zabotakey.com,no,,,0,,no_email_candidate_in_email_query,not_flagged,,,,,,valid=0; invalid=0; risky=0; unknown=0
35537,>30M,zabotavault.com,no,,,0,,no_email_candidate_in_email_query,not_flagged,,,,,,valid=0; invalid=0; risky=0; unknown=0
35538,>30M,zabotamini.com,no,,,0,,no_email_candidate_in_email_query,not_flagged,,,,,,valid=0; invalid=0; risky=0; unknown=0
35539,>30M,zabotascan.com,no,,,0,,no_email_candidate_in_email_query,not_flagged,,,,,,valid=0; invalid=0; risky=0; unknown=0
35540,>30M,zabotacentral.com,no,,,0,,no_email_candidate_in_email_query,not_flagged,,,,,,valid=0; invalid=0; risky=0; unknown=0
35541,>30M,donttellmila.com,no,,,0,,no_email_candidate_in_email_query,not_flagged,,,,,,valid=0; invalid=0; risky=0; unknown=0
35542,>30M,laptopfranchise818.com,no,,,0,,no_email_candidate_in_email_query,not_flagged,,,,,,valid=0; invalid=0; risky=0; unknown=0
35543,>30M,lescaling.com,no,,,0,,no_email_candidate_in_email_query,not_flagged,,,,,,valid=0; invalid=0; risky=0; unknown=0
35544,>30M,slguardianonline.com,no,,,0,,no_email_candidate_in_email_query,not_flagged,,,,,,valid=0; invalid=0; risky=0; unknown=0
35545,>30M,aibusinessstackapp.com,no,,,0,,no_email_candidate_in_email_query,not_flagged,,,,,,valid=0; invalid=0; risky=0; unknown=0
35546,>30M,ghostmodelmethod.com,yes,,,0,,no_email_candidate_in_email_query,not_flagged,,,,,,valid=0; invalid=0; risky=0; unknown=0
35547,>30M,oregondesignconference.com,no,,,0,,no_email_candidate_in_email_query,not_flagged,,,,,,valid=0; invalid=0; risky=0; unknown=0
35548,>30M,andrey-it.com,no,,,0,,no_email_candidate_in_email_query,not_flagged,,,,,,valid=0; invalid=0; risky=0; unknown=0
35549,>30M,expalisoperations.com,yes,,,0,,no_email_candidate_in_email_query,not_flagged,,,,,,valid=0; invalid=0; risky=0; unknown=0
35550,>30M,namaasaudi.com,yes,,,0,,no_email_candidate_in_email_query,not_flagged,,,,,,valid=0; invalid=0; risky=0; unknown=0
35551,>30M,thehubmechanics.com,no,,,0,,no_email_candidate_in_email_query,not_flagged,,,,,,valid=0; invalid=0; risky=0; unknown=0
35552,>30M,balancedbynecy.com,no,,,0,,no_email_candidate_in_email_query,not_flagged,,,,,,valid=0; invalid=0; risky=0; unknown=0
35553,>30M,mercatorevolution.com,no,,,0,,no_email_candidate_in_email_query,not_flagged,,,,,,valid=0; invalid=0; risky=0; unknown=0
35554,>30M,blankcanvasorganizers.com,no,,,0,,no_email_candidate_in_email_query,not_flagged,,,,,,valid=0; invalid=0; risky=0; unknown=0
35555,>30M,upseodigital.com,yes,,,0,,no_email_candidate_in_email_query,not_flagged,,,,,,valid=0; invalid=0; risky=0; unknown=0
35556,>30M,agccdb.com,no,,,0,,no_email_candidate_in_email_query,not_flagged,,,,,,valid=0; invalid=0; risky=0; unknown=0
35557,>30M,alexlinghamcoaching.com,no,,,0,,no_email_candidate_in_email_query,not_flagged,,,,,,valid=0; invalid=0; risky=0; unknown=0
35558,>30M,businessatlaspro.com,no,,,0,,no_email_candidate_in_email_query,not_flagged,,,,,,valid=0; invalid=0; risky=0; unknown=0
35559,>30M,isai-repair.com,no,,,0,,no_email_candidate_in_email_query,not_flagged,,,,,,valid=0; invalid=0; risky=0; unknown=0
35560,>30M,coverwhomatters.com,no,,,0,,no_email_candidate_in_email_query,not_flagged,,,,,,valid=0; invalid=0; risky=0; unknown=0
35561,>30M,fallsofbraeswoodapts.com,no,,,0,,no_email_candidate_in_email_query,not_flagged,,,,,,valid=0; invalid=0; risky=0; unknown=0
35562,>30M,laptopfranchise108.com,no,,,0,,no_email_candidate_in_email_query,not_flagged,,,,,,valid=0; invalid=0; risky=0; unknown=0
35563,>30M,dolar23.com,no,,,0,,no_email_candidate_in_email_query,not_flagged,,,,,,valid=0; invalid=0; risky=0; unknown=0
35564,>30M,embun53.com,no,,,0,,no_email_candidate_in_email_query,not_flagged,,,,,,valid=0; invalid=0; risky=0; unknown=0
35565,>30M,ihycss-dt.com,yes,,,0,,no_email_candidate_in_email_query,not_flagged,,,,,,valid=0; invalid=0; risky=0; unknown=0
35566,>30M,kawa52.com,no,,,0,,no_email_candidate_in_email_query,not_flagged,,,,,,valid=0; invalid=0; risky=0; unknown=0
35567,>30M,lucyandcosmin.com,no,,,0,,no_email_candidate_in_email_query,not_flagged,,,,,,valid=0; invalid=0; risky=0; unknown=0
35568,>30M,momentisapp.com,yes,,,0,,no_email_candidate_in_email_query,not_flagged,,,,,,valid=0; invalid=0; risky=0; unknown=0
35569,>30M,saitama-mc.com,no,,,0,,no_email_candidate_in_email_query,not_flagged,,,,,,valid=0; invalid=0; risky=0; unknown=0
35570,>30M,zlatamyslenka.cz,no,,,0,,no_email_candidate_in_email_query,not_flagged,,,,,,valid=0; invalid=0; risky=0; unknown=0
35571,>30M,belulibau.de,no,,,0,,no_email_candidate_in_email_query,not_flagged,,,,,,valid=0; invalid=0; risky=0; unknown=0
35572,>30M,businessday.echtt.de,no,,,0,,no_email_candidate_in_email_query,not_flagged,,,,,,valid=0; invalid=0; risky=0; unknown=0
35573,>30M,banken.gewinnspargemeinschaft.de,no,,,0,,no_email_candidate_in_email_query,not_flagged,,,,,,valid=0; invalid=0; risky=0; unknown=0
35574,>30M,docs.mediainterface.de,no,,,0,,no_email_candidate_in_email_query,not_flagged,,,,,,valid=0; invalid=0; risky=0; unknown=0
35575,>30M,wohntraum-schilling.tc.de,no,,,0,,no_email_candidate_in_email_query,not_flagged,,,,,,valid=0; invalid=0; risky=0; unknown=0
35576,>30M,intakeflow.dev,no,,,0,,no_email_candidate_in_email_query,not_flagged,,,,,,valid=0; invalid=0; risky=0; unknown=0
35577,>30M,bcdn.plantetorvet.dk,no,,,0,,no_email_candidate_in_email_query,not_flagged,,,,,,valid=0; invalid=0; risky=0; unknown=0
35578,>30M,haveforeningentroelstrup.voresforening.dk,no,,,0,,no_email_candidate_in_email_query,not_flagged,,,,,,valid=0; invalid=0; risky=0; unknown=0
35579,>30M,alliedhealthdev.ouhsc.edu,no,,,0,,no_email_candidate_in_email_query,not_flagged,,,,,,valid=0; invalid=0; risky=0; unknown=0
35580,>30M,careerservices.nsu.edu,no,,,0,,no_email_candidate_in_email_query,not_flagged,,,,,,valid=0; invalid=0; risky=0; unknown=0
35581,>30M,spooncatering.fi,yes,,,0,,no_email_candidate_in_email_query,not_flagged,,,,,,valid=0; invalid=0; risky=0; unknown=0
35582,>30M,ccclimatisation.fr,no,,,0,,no_email_candidate_in_email_query,not_flagged,,,,,,valid=0; invalid=0; risky=0; unknown=0
35583,>30M,creer-marque-vetements.fr,yes,,,0,,no_email_candidate_in_email_query,not_flagged,,,,,,valid=0; invalid=0; risky=0; unknown=0
35584,>30M,djreykongevents.fr,no,,,0,,no_email_candidate_in_email_query,not_flagged,,,,,,valid=0; invalid=0; risky=0; unknown=0
35585,>30M,strap-kit.intex.fr,no,,,0,,no_email_candidate_in_email_query,not_flagged,,,,,,valid=0; invalid=0; risky=0; unknown=0
35586,>30M,labelle-peinture.fr,no,,,0,,no_email_candidate_in_email_query,not_flagged,,,,,,valid=0; invalid=0; risky=0; unknown=0
35587,>30M,moceri.fr,yes,,,0,,no_email_candidate_in_email_query,not_flagged,,,,,,valid=0; invalid=0; risky=0; unknown=0
35588,>30M,pascaline-massage.fr,yes,,,0,,no_email_candidate_in_email_query,not_flagged,,,,,,valid=0; invalid=0; risky=0; unknown=0
35589,>30M,sos-calcul-urinaire.fr,no,,,0,,no_email_candidate_in_email_query,not_flagged,,,,,,valid=0; invalid=0; risky=0; unknown=0
35590,>30M,closedbyher.info,no,,,0,,no_email_candidate_in_email_query,not_flagged,,,,,,valid=0; invalid=0; risky=0; unknown=0
35591,>30M,nxp.celus.io,no,,,0,,no_email_candidate_in_email_query,not_flagged,,,,,,valid=0; invalid=0; risky=0; unknown=0
35592,>30M,site.guard.io,no,,,0,,no_email_candidate_in_email_query,not_flagged,,,,,,valid=0; invalid=0; risky=0; unknown=0
35593,>30M,rise.keycom.io,yes,,,0,,no_email_candidate_in_email_query,not_flagged,,,,,,valid=0; invalid=0; risky=0; unknown=0
35594,>30M,roadmap.microcms.io,no,,,0,,no_email_candidate_in_email_query,not_flagged,,,,,,valid=0; invalid=0; risky=0; unknown=0
35595,>30M,creditinfo.webflow.io,no,,,0,,no_email_candidate_in_email_query,not_flagged,,,,,,valid=0; invalid=0; risky=0; unknown=0
35596,>30M,allure-auto-spa.webflow.io,no,,,0,,no_email_candidate_in_email_query,not_flagged,,,,,,valid=0; invalid=0; risky=0; unknown=0
35597,>30M,power-preferred-home-page.webflow.io,yes,,,0,,no_email_candidate_in_email_query,not_flagged,,,,,,valid=0; invalid=0; risky=0; unknown=0
35598,>30M,furukawahideki-seikeigeka.jp,no,,,0,,no_email_candidate_in_email_query,not_flagged,,,,,,valid=0; invalid=0; risky=0; unknown=0
35599,>30M,n.nekoruri.jp,no,,,0,,no_email_candidate_in_email_query,not_flagged,,,,,,valid=0; invalid=0; risky=0; unknown=0
35600,>30M,tacdentaldc-fujisawa.jp,no,,,0,,no_email_candidate_in_email_query,not_flagged,,,,,,valid=0; invalid=0; risky=0; unknown=0
35601,>30M,komiyama.live,no,,,0,,no_email_candidate_in_email_query,not_flagged,,,,,,valid=0; invalid=0; risky=0; unknown=0
35602,>30M,webeleaf.me,yes,,,0,,no_email_candidate_in_email_query,not_flagged,,,,,,valid=0; invalid=0; risky=0; unknown=0
35603,>30M,thebay.mo,no,,,0,,no_email_candidate_in_email_query,not_flagged,,,,,,valid=0; invalid=0; risky=0; unknown=0
35604,>30M,stummer-karriere.net,no,,,0,,no_email_candidate_in_email_query,not_flagged,,,,,,valid=0; invalid=0; risky=0; unknown=0
35605,>30M,rvinzicht.nl,no,,,0,,no_email_candidate_in_email_query,not_flagged,,,,,,valid=0; invalid=0; risky=0; unknown=0
35606,>30M,verbindendebouwers.nl,yes,,,0,,no_email_candidate_in_email_query,not_flagged,,,,,,valid=0; invalid=0; risky=0; unknown=0
35607,>30M,washers.wasenwin.nl,no,,,0,,no_email_candidate_in_email_query,not_flagged,,,,,,valid=0; invalid=0; risky=0; unknown=0
35608,>30M,washers-bauhaus.wasenwin.nl,no,,,0,,no_email_candidate_in_email_query,not_flagged,,,,,,valid=0; invalid=0; risky=0; unknown=0
35609,>30M,gsconference.org,no,,,0,,no_email_candidate_in_email_query,not_flagged,,,,,,valid=0; invalid=0; risky=0; unknown=0
35610,>30M,snoozerfx.org,no,,,0,,no_email_candidate_in_email_query,not_flagged,,,,,,valid=0; invalid=0; risky=0; unknown=0
35611,>30M,thecompanionoutreachproject.org,yes,,,0,,no_email_candidate_in_email_query,not_flagged,,,,,,valid=0; invalid=0; risky=0; unknown=0
35612,>30M,kangpola.org,no,,,0,,no_email_candidate_in_email_query,not_flagged,,,,,,valid=0; invalid=0; risky=0; unknown=0
35613,>30M,warpola.org,no,,,0,,no_email_candidate_in_email_query,not_flagged,,,,,,valid=0; invalid=0; risky=0; unknown=0
35614,>30M,workersmakeitfly.org,no,,,0,,no_email_candidate_in_email_query,not_flagged,,,,,,valid=0; invalid=0; risky=0; unknown=0
35615,>30M,binqx.pro,no,,,0,,no_email_candidate_in_email_query,not_flagged,,,,,,valid=0; invalid=0; risky=0; unknown=0
35616,>30M,matriceasuccesului.ro,no,,,0,,no_email_candidate_in_email_query,not_flagged,,,,,,valid=0; invalid=0; risky=0; unknown=0
35617,>30M,dealingwithadeath.scot,no,,,0,,no_email_candidate_in_email_query,not_flagged,,,,,,valid=0; invalid=0; risky=0; unknown=0
35618,>30M,amayab.se,no,,,0,,no_email_candidate_in_email_query,not_flagged,,,,,,valid=0; invalid=0; risky=0; unknown=0
35619,>30M,manstrange.shop,no,,,0,,no_email_candidate_in_email_query,not_flagged,,,,,,valid=0; invalid=0; risky=0; unknown=0
35620,>30M,economyflare.shop,no,,,0,,no_email_candidate_in_email_query,not_flagged,,,,,,valid=0; invalid=0; risky=0; unknown=0
35621,>30M,tradlngviiw.site,no,,,0,,no_email_candidate_in_email_query,not_flagged,,,,,,valid=0; invalid=0; risky=0; unknown=0
35622,>30M,binqx.site,no,,,0,,no_email_candidate_in_email_query,not_flagged,,,,,,valid=0; invalid=0; risky=0; unknown=0
35623,>30M,trablngview.site,no,,,0,,no_email_candidate_in_email_query,not_flagged,,,,,,valid=0; invalid=0; risky=0; unknown=0
35624,>30M,app-metabase.site,no,,,0,,no_email_candidate_in_email_query,not_flagged,,,,,,valid=0; invalid=0; risky=0; unknown=0
35625,>30M,tradlngviiw.tech,no,,,0,,no_email_candidate_in_email_query,not_flagged,,,,,,valid=0; invalid=0; risky=0; unknown=0
35626,>30M,xn--e1anqp.tech,no,,,0,,no_email_candidate_in_email_query,not_flagged,,,,,,valid=0; invalid=0; risky=0; unknown=0
35627,>30M,trabingview.tech,no,,,0,,no_email_candidate_in_email_query,not_flagged,,,,,,valid=0; invalid=0; risky=0; unknown=0
35628,>30M,rtplembu4d.top,no,,,0,,no_email_candidate_in_email_query,not_flagged,,,,,,valid=0; invalid=0; risky=0; unknown=0
35629,>30M,eba-group.co.uk,yes,,,0,,no_email_candidate_in_email_query,not_flagged,,,,,,valid=0; invalid=0; risky=0; unknown=0
35630,>30M,theyachtinterioracademy.co.uk,yes,,,0,,no_email_candidate_in_email_query,not_flagged,,,,,,valid=0; invalid=0; risky=0; unknown=0
35631,>30M,pureflowindowcleaning.co.uk,yes,,,0,,no_email_candidate_in_email_query,not_flagged,,,,,,valid=0; invalid=0; risky=0; unknown=0
35632,>30M,au.finnjarvi.uk,no,,,0,,no_email_candidate_in_email_query,not_flagged,,,,,,valid=0; invalid=0; risky=0; unknown=0
35633,>30M,anubhootiyoga.practicenow.us,no,,,0,,no_email_candidate_in_email_query,not_flagged,,,,,,valid=0; invalid=0; risky=0; unknown=0
35634,>30M,inesluka.wedding,no,,,0,,no_email_candidate_in_email_query,not_flagged,,,,,,valid=0; invalid=0; risky=0; unknown=0
35635,>30M,rsconstruction.works,no,,,0,,no_email_candidate_in_email_query,not_flagged,,,,,,valid=0; invalid=0; risky=0; unknown=0
35636,>30M,leaflog.ai,no,,,0,,no_email_candidate_in_email_query,not_flagged,,,,,,valid=0; invalid=0; risky=0; unknown=0
35637,>30M,changancuautla.com.mx,no,,,0,,no_email_candidate_in_email_query,not_flagged,,,,,,valid=0; invalid=0; risky=0; unknown=0
35638,>30M,kevthecutter.de,yes,,,0,,no_email_candidate_in_email_query,not_flagged,,,,,,valid=0; invalid=0; risky=0; unknown=0
35639,>30M,citymind-website.azurewebsites.net,yes,,,0,,no_email_candidate_in_email_query,not_flagged,,,,,,valid=0; invalid=0; risky=0; unknown=0
35640,>30M,parcerseguros.com.br,yes,,,0,,no_email_candidate_in_email_query,not_flagged,,,,,,valid=0; invalid=0; risky=0; unknown=0
35641,>30M,menyaseoul.kr,no,,,0,,no_email_candidate_in_email_query,not_flagged,,,,,,valid=0; invalid=0; risky=0; unknown=0
35642,>30M,inflowcoach.nl,no,,,0,,no_email_candidate_in_email_query,not_flagged,,,,,,valid=0; invalid=0; risky=0; unknown=0
35643,>30M,nonprofitbc.wpenginepowered.com,yes,,,0,,no_email_candidate_in_email_query,not_flagged,,,,,,valid=0; invalid=0; risky=0; unknown=0
35644,>30M,chief-ai-officer-llc-audit.netlify.app,no,,,0,,no_email_candidate_in_email_query,not_flagged,,,,,,valid=0; invalid=0; risky=0; unknown=0
35645,>30M,eternalmemory.ai,yes,,,0,,no_email_candidate_in_email_query,not_flagged,,,,,,valid=0; invalid=0; risky=0; unknown=0
35646,>30M,myseasons.cz,no,,,0,,no_email_candidate_in_email_query,not_flagged,,,,,,valid=0; invalid=0; risky=0; unknown=0
35647,>30M,colorloop.ai,yes,,,0,,no_email_candidate_in_email_query,not_flagged,,,,,,valid=0; invalid=0; risky=0; unknown=0
35648,>30M,fotogenic.ai,no,,,0,,no_email_candidate_in_email_query,not_flagged,,,,,,valid=0; invalid=0; risky=0; unknown=0
35649,>30M,kwakufestival.app,no,,,0,,no_email_candidate_in_email_query,not_flagged,,,,,,valid=0; invalid=0; risky=0; unknown=0
35650,>30M,gingerrose.art,no,,,0,,no_email_candidate_in_email_query,not_flagged,,,,,,valid=0; invalid=0; risky=0; unknown=0
35651,>30M,berufsreifepruefung-freistadt.at,no,,,0,,no_email_candidate_in_email_query,not_flagged,,,,,,valid=0; invalid=0; risky=0; unknown=0
35652,>30M,safeconstructions.at,no,,,0,,no_email_candidate_in_email_query,not_flagged,,,,,,valid=0; invalid=0; risky=0; unknown=0
35653,>30M,formfitnessandlifestyle.com.au,no,,,0,,no_email_candidate_in_email_query,not_flagged,,,,,,valid=0; invalid=0; risky=0; unknown=0
35654,>30M,thepowerofpeople.be,yes,,,0,,no_email_candidate_in_email_query,not_flagged,,,,,,valid=0; invalid=0; risky=0; unknown=0
35655,>30M,enjoybusiness.com.br,yes,,,0,,no_email_candidate_in_email_query,not_flagged,,,,,,valid=0; invalid=0; risky=0; unknown=0
35656,>30M,moisesecarol.com.br,no,,,0,,no_email_candidate_in_email_query,not_flagged,,,,,,valid=0; invalid=0; risky=0; unknown=0
35657,>30M,dronevector.ca,yes,,,0,,no_email_candidate_in_email_query,not_flagged,,,,,,valid=0; invalid=0; risky=0; unknown=0
35658,>30M,staging.lanternwealth.ca,no,,,0,,no_email_candidate_in_email_query,not_flagged,,,,,,valid=0; invalid=0; risky=0; unknown=0
35659,>30M,accessone.capital,yes,,,0,,no_email_candidate_in_email_query,not_flagged,,,,,,valid=0; invalid=0; risky=0; unknown=0
35660,>30M,coaching.29029.co,yes,,,0,,no_email_candidate_in_email_query,not_flagged,,,,,,valid=0; invalid=0; risky=0; unknown=0
35661,>30M,systemsinsight.co,yes,,,0,,no_email_candidate_in_email_query,not_flagged,,,,,,valid=0; invalid=0; risky=0; unknown=0
35662,>30M,724space.com,no,,,0,,no_email_candidate_in_email_query,not_flagged,,,,,,valid=0; invalid=0; risky=0; unknown=0
35663,>30M,bagonutricion.com,no,,,0,,no_email_candidate_in_email_query,not_flagged,,,,,,valid=0; invalid=0; risky=0; unknown=0
35664,>30M,eondai.com,no,,,0,,no_email_candidate_in_email_query,not_flagged,,,,,,valid=0; invalid=0; risky=0; unknown=0
35665,>30M,exo-hair-md.com,no,,,0,,no_email_candidate_in_email_query,not_flagged,,,,,,valid=0; invalid=0; risky=0; unknown=0
35666,>30M,optimizeyourquiz.com,no,,,0,,no_email_candidate_in_email_query,not_flagged,,,,,,valid=0; invalid=0; risky=0; unknown=0
35667,>30M,personaledgeconsultancy.com,yes,,,0,,no_email_candidate_in_email_query,not_flagged,,,,,,valid=0; invalid=0; risky=0; unknown=0
35668,>30M,smolspot.com,no,,,0,,no_email_candidate_in_email_query,not_flagged,,,,,,valid=0; invalid=0; risky=0; unknown=0
35669,>30M,vitality-leaders.com,no,,,0,,no_email_candidate_in_email_query,not_flagged,,,,,,valid=0; invalid=0; risky=0; unknown=0
35670,>30M,freedanetwork.com,yes,,,0,,no_email_candidate_in_email_query,not_flagged,,,,,,valid=0; invalid=0; risky=0; unknown=0
35671,>30M,instantleadform.com,no,,,0,,no_email_candidate_in_email_query,not_flagged,,,,,,valid=0; invalid=0; risky=0; unknown=0
35672,>30M,laptopfranchise264.com,no,,,0,,no_email_candidate_in_email_query,not_flagged,,,,,,valid=0; invalid=0; risky=0; unknown=0
35673,>30M,steinhuber-jobs.com,no,,,0,,no_email_candidate_in_email_query,not_flagged,,,,,,valid=0; invalid=0; risky=0; unknown=0
35674,>30M,warmsleepllc.com,no,,,0,,no_email_candidate_in_email_query,not_flagged,,,,,,valid=0; invalid=0; risky=0; unknown=0
35675,>30M,erosaiofm.com,yes,,,0,,no_email_candidate_in_email_query,not_flagged,,,,,,valid=0; invalid=0; risky=0; unknown=0
35676,>30M,fundingadvisoracademy.com,no,,,0,,no_email_candidate_in_email_query,not_flagged,,,,,,valid=0; invalid=0; risky=0; unknown=0
35677,>30M,ducloswedding.com,no,,,0,,no_email_candidate_in_email_query,not_flagged,,,,,,valid=0; invalid=0; risky=0; unknown=0
35678,>30M,ovaedu.com,no,,,0,,no_email_candidate_in_email_query,not_flagged,,,,,,valid=0; invalid=0; risky=0; unknown=0
35679,>30M,beap-ue.com,no,,,0,,no_email_candidate_in_email_query,not_flagged,,,,,,valid=0; invalid=0; risky=0; unknown=0
35680,>30M,ambihubs.com,no,,,0,,no_email_candidate_in_email_query,not_flagged,,,,,,valid=0; invalid=0; risky=0; unknown=0
35681,>30M,ciberentia.com,no,,,0,,no_email_candidate_in_email_query,not_flagged,,,,,,valid=0; invalid=0; risky=0; unknown=0
35682,>30M,gnkwebapps.com,no,,,0,,no_email_candidate_in_email_query,not_flagged,,,,,,valid=0; invalid=0; risky=0; unknown=0
35683,>30M,2047leavitt2s.com,yes,,,0,,no_email_candidate_in_email_query,not_flagged,,,,,,valid=0; invalid=0; risky=0; unknown=0
35684,>30M,aluggofranquias.com,yes,,,0,,no_email_candidate_in_email_query,not_flagged,,,,,,valid=0; invalid=0; risky=0; unknown=0
35685,>30M,bzcuts.com,yes,,,0,,no_email_candidate_in_email_query,not_flagged,,,,,,valid=0; invalid=0; risky=0; unknown=0
35686,>30M,ourblackstone.com,yes,,,0,,no_email_candidate_in_email_query,not_flagged,,,,,,valid=0; invalid=0; risky=0; unknown=0
35687,>30M,ncdautomation.com,no,,,0,,no_email_candidate_in_email_query,not_flagged,,,,,,valid=0; invalid=0; risky=0; unknown=0
35688,>30M,edge-enfield-consultation.com,yes,,,0,,no_email_candidate_in_email_query,not_flagged,,,,,,valid=0; invalid=0; risky=0; unknown=0
35689,>30M,eurolegacy2026.com,yes,,,0,,no_email_candidate_in_email_query,not_flagged,,,,,,valid=0; invalid=0; risky=0; unknown=0
35690,>30M,hba-masterclass.com,no,,,0,,no_email_candidate_in_email_query,not_flagged,,,,,,valid=0; invalid=0; risky=0; unknown=0
35691,>30M,hmgrecordingstudios.com,no,,,0,,no_email_candidate_in_email_query,not_flagged,,,,,,valid=0; invalid=0; risky=0; unknown=0
35692,>30M,anikkode.com,no,,,0,,no_email_candidate_in_email_query,not_flagged,,,,,,valid=0; invalid=0; risky=0; unknown=0
35693,>30M,paidadsadvisory.com,no,,,0,,no_email_candidate_in_email_query,not_flagged,,,,,,valid=0; invalid=0; risky=0; unknown=0
35694,>30M,sgfima.com,no,,,0,,no_email_candidate_in_email_query,not_flagged,,,,,,valid=0; invalid=0; risky=0; unknown=0
35695,>30M,lailaymanuel.com,yes,,,0,,no_email_candidate_in_email_query,not_flagged,,,,,,valid=0; invalid=0; risky=0; unknown=0
35696,>30M,tradelikeluke.com,yes,,,0,,no_email_candidate_in_email_query,not_flagged,,,,,,valid=0; invalid=0; risky=0; unknown=0
35697,>30M,arenasgrowthloops.com,no,,,0,,no_email_candidate_in_email_query,not_flagged,,,,,,valid=0; invalid=0; risky=0; unknown=0
35698,>30M,inletbase.com,no,,,0,,no_email_candidate_in_email_query,not_flagged,,,,,,valid=0; invalid=0; risky=0; unknown=0
35699,>30M,evolutis-conseil.com,yes,,,0,,no_email_candidate_in_email_query,not_flagged,,,,,,valid=0; invalid=0; risky=0; unknown=0
35700,>30M,jjgunnell.com,no,,,0,,no_email_candidate_in_email_query,not_flagged,,,,,,valid=0; invalid=0; risky=0; unknown=0
35701,>30M,sasyae.com,yes,,,0,,no_email_candidate_in_email_query,not_flagged,,,,,,valid=0; invalid=0; risky=0; unknown=0
35702,>30M,manymoats.com,no,,,0,,no_email_candidate_in_email_query,not_flagged,,,,,,valid=0; invalid=0; risky=0; unknown=0
35703,>30M,mexa-minipelle.com,no,,,0,,no_email_candidate_in_email_query,not_flagged,,,,,,valid=0; invalid=0; risky=0; unknown=0
35704,>30M,amberhourlabs.com,no,,,0,,no_email_candidate_in_email_query,not_flagged,,,,,,valid=0; invalid=0; risky=0; unknown=0
35705,>30M,asiandatingcoachonline.com,yes,,,0,,no_email_candidate_in_email_query,not_flagged,,,,,,valid=0; invalid=0; risky=0; unknown=0
35706,>30M,datingcoachforengineers.com,yes,,,0,,no_email_candidate_in_email_query,not_flagged,,,,,,valid=0; invalid=0; risky=0; unknown=0
35707,>30M,datingforchinesemen.com,yes,,,0,,no_email_candidate_in_email_query,not_flagged,,,,,,valid=0; invalid=0; risky=0; unknown=0
35708,>30M,datingforstemmajors.com,yes,,,0,,no_email_candidate_in_email_query,not_flagged,,,,,,valid=0; invalid=0; risky=0; unknown=0
35709,>30M,datingforhighperformers.com,yes,,,0,,no_email_candidate_in_email_query,not_flagged,,,,,,valid=0; invalid=0; risky=0; unknown=0
35710,>30M,datingforguysintech.com,yes,,,0,,no_email_candidate_in_email_query,not_flagged,,,,,,valid=0; invalid=0; risky=0; unknown=0
35711,>30M,photographyfordating.com,yes,,,0,,no_email_candidate_in_email_query,not_flagged,,,,,,valid=0; invalid=0; risky=0; unknown=0
35712,>30M,whyanalyticalmenstrugglewithwomen.com,yes,,,0,,no_email_candidate_in_email_query,not_flagged,,,,,,valid=0; invalid=0; risky=0; unknown=0
35713,>30M,superyou.cz,no,,,0,,no_email_candidate_in_email_query,not_flagged,,,,,,valid=0; invalid=0; risky=0; unknown=0
35714,>30M,diakoniewerk-neuss-sued.joincare.de,no,,,0,,no_email_candidate_in_email_query,not_flagged,,,,,,valid=0; invalid=0; risky=0; unknown=0
35715,>30M,lohne89-neubau.de,yes,,,0,,no_email_candidate_in_email_query,not_flagged,,,,,,valid=0; invalid=0; risky=0; unknown=0
35716,>30M,mindlab.icfo.eu,yes,,,0,,no_email_candidate_in_email_query,not_flagged,,,,,,valid=0; invalid=0; risky=0; unknown=0
35717,>30M,fr.warsonbrands.eu,yes,,,0,,no_email_candidate_in_email_query,not_flagged,,,,,,valid=0; invalid=0; risky=0; unknown=0
35718,>30M,consultation-papi-moselle-aval.fr,no,,,0,,no_email_candidate_in_email_query,not_flagged,,,,,,valid=0; invalid=0; risky=0; unknown=0
35719,>30M,desca-plomberie-aigues-vives.fr,no,,,0,,no_email_candidate_in_email_query,not_flagged,,,,,,valid=0; invalid=0; risky=0; unknown=0
35720,>30M,harlem-ncy.fr,no,,,0,,no_email_candidate_in_email_query,not_flagged,,,,,,valid=0; invalid=0; risky=0; unknown=0
35721,>30M,les-formations-ia.fr,yes,,,0,,no_email_candidate_in_email_query,not_flagged,,,,,,valid=0; invalid=0; risky=0; unknown=0
35722,>30M,orgehoublon-strasbourg.fr,no,,,0,,no_email_candidate_in_email_query,not_flagged,,,,,,valid=0; invalid=0; risky=0; unknown=0
35723,>30M,creatoreconomy.gg,no,,,0,,no_email_candidate_in_email_query,not_flagged,,,,,,valid=0; invalid=0; risky=0; unknown=0
35724,>30M,samosmazi.podravka.hr,no,,,0,,no_email_candidate_in_email_query,not_flagged,,,,,,valid=0; invalid=0; risky=0; unknown=0
35725,>30M,indiehackers.in,no,,,0,,no_email_candidate_in_email_query,not_flagged,,,,,,valid=0; invalid=0; risky=0; unknown=0
35726,>30M,clearvalleyt.info,no,,,0,,no_email_candidate_in_email_query,not_flagged,,,,,,valid=0; invalid=0; risky=0; unknown=0
35727,>30M,brasilnova.info,no,,,0,,no_email_candidate_in_email_query,not_flagged,,,,,,valid=0; invalid=0; risky=0; unknown=0
35728,>30M,moventia.info,yes,,,0,,no_email_candidate_in_email_query,not_flagged,,,,,,valid=0; invalid=0; risky=0; unknown=0
35729,>30M,resources.chartflow.io,no,,,0,,no_email_candidate_in_email_query,not_flagged,,,,,,valid=0; invalid=0; risky=0; unknown=0
35730,>30M,motionlogic.io,no,,,0,,no_email_candidate_in_email_query,not_flagged,,,,,,valid=0; invalid=0; risky=0; unknown=0
35731,>30M,recall-ai.webflow.io,no,,,0,,no_email_candidate_in_email_query,not_flagged,,,,,,valid=0; invalid=0; risky=0; unknown=0
35732,>30M,recruit.gembahub.jp,no,,,0,,no_email_candidate_in_email_query,not_flagged,,,,,,valid=0; invalid=0; risky=0; unknown=0
35733,>30M,helpcenter.fitplace.jp,no,,,0,,no_email_candidate_in_email_query,not_flagged,,,,,,valid=0; invalid=0; risky=0; unknown=0
35734,>30M,medical-hikari.jp,no,,,0,,no_email_candidate_in_email_query,not_flagged,,,,,,valid=0; invalid=0; risky=0; unknown=0
35735,>30M,orange-pharmacy8000008.jp,no,,,0,,no_email_candidate_in_email_query,not_flagged,,,,,,valid=0; invalid=0; risky=0; unknown=0
35736,>30M,shinyoshitomi-ph.jp,no,,,0,,no_email_candidate_in_email_query,not_flagged,,,,,,valid=0; invalid=0; risky=0; unknown=0
35737,>30M,shimago-goto-clinic.jp,no,,,0,,no_email_candidate_in_email_query,not_flagged,,,,,,valid=0; invalid=0; risky=0; unknown=0
35738,>30M,watanabeseikeigeka.jp,no,,,0,,no_email_candidate_in_email_query,not_flagged,,,,,,valid=0; invalid=0; risky=0; unknown=0
35739,>30M,exit2montenegro.me,yes,,,0,,no_email_candidate_in_email_query,not_flagged,,,,,,valid=0; invalid=0; risky=0; unknown=0
35740,>30M,peakdesign.mom,yes,,,0,,no_email_candidate_in_email_query,not_flagged,,,,,,valid=0; invalid=0; risky=0; unknown=0
35741,>30M,wasispanoramarestaurant.mom,no,,,0,,no_email_candidate_in_email_query,not_flagged,,,,,,valid=0; invalid=0; risky=0; unknown=0
35742,>30M,fit-sunday.news,no,,,0,,no_email_candidate_in_email_query,not_flagged,,,,,,valid=0; invalid=0; risky=0; unknown=0
35743,>30M,allekerndoelen.nl,no,,,0,,no_email_candidate_in_email_query,not_flagged,,,,,,valid=0; invalid=0; risky=0; unknown=0
35744,>30M,westerkwartier.mantelzorgtest.nl,no,,,0,,no_email_candidate_in_email_query,not_flagged,,,,,,valid=0; invalid=0; risky=0; unknown=0
35745,>30M,socialsecuria.nl,yes,,,0,,no_email_candidate_in_email_query,not_flagged,,,,,,valid=0; invalid=0; risky=0; unknown=0
35746,>30M,airtrm.online,yes,,,0,,no_email_candidate_in_email_query,not_flagged,,,,,,valid=0; invalid=0; risky=0; unknown=0
35747,>30M,manasthyafoundation.org,no,,,0,,no_email_candidate_in_email_query,not_flagged,,,,,,valid=0; invalid=0; risky=0; unknown=0
35748,>30M,b2gprofessionals.org,no,,,0,,no_email_candidate_in_email_query,not_flagged,,,,,,valid=0; invalid=0; risky=0; unknown=0
35749,>30M,karenguarin.shop,yes,,,0,,no_email_candidate_in_email_query,not_flagged,,,,,,valid=0; invalid=0; risky=0; unknown=0
35750,>30M,click.esklepanje.si,yes,,,0,,no_email_candidate_in_email_query,not_flagged,,,,,,valid=0; invalid=0; risky=0; unknown=0
35751,>30M,about.uchida.so,no,,,0,,no_email_candidate_in_email_query,not_flagged,,,,,,valid=0; invalid=0; risky=0; unknown=0
35752,>30M,mandari.solutions,no,,,0,,no_email_candidate_in_email_query,not_flagged,,,,,,valid=0; invalid=0; risky=0; unknown=0
35753,>30M,tolinmaquinarias.store,yes,,,0,,no_email_candidate_in_email_query,not_flagged,,,,,,valid=0; invalid=0; risky=0; unknown=0
35754,>30M,rs-labs.tech,yes,,,0,,no_email_candidate_in_email_query,not_flagged,,,,,,valid=0; invalid=0; risky=0; unknown=0
35755,>30M,slipstreamproduct.tech,yes,,,0,,no_email_candidate_in_email_query,not_flagged,,,,,,valid=0; invalid=0; risky=0; unknown=0
35756,>30M,league.orb.tz,yes,,,0,,no_email_candidate_in_email_query,not_flagged,,,,,,valid=0; invalid=0; risky=0; unknown=0
35757,>30M,140-aldersgate.co.uk,yes,,,0,,no_email_candidate_in_email_query,not_flagged,,,,,,valid=0; invalid=0; risky=0; unknown=0
35758,>30M,wahahaue.xyz,no,,,0,,no_email_candidate_in_email_query,not_flagged,,,,,,valid=0; invalid=0; risky=0; unknown=0
35759,>30M,lawliu2026.xyz,no,,,0,,no_email_candidate_in_email_query,not_flagged,,,,,,valid=0; invalid=0; risky=0; unknown=0
35760,>30M,try-oa.jp,no,,,0,,no_email_candidate_in_email_query,not_flagged,,,,,,valid=0; invalid=0; risky=0; unknown=0
35761,>30M,voere-karriere.at,no,,,0,,no_email_candidate_in_email_query,not_flagged,,,,,,valid=0; invalid=0; risky=0; unknown=0
35762,>30M,val-jalbert-camping-0adcafe1b5a3.herokuapp.com,no,,,0,,no_email_candidate_in_email_query,not_flagged,,,,,,valid=0; invalid=0; risky=0; unknown=0
35763,>30M,opkald.ai,yes,,,0,,no_email_candidate_in_email_query,not_flagged,,,,,,valid=0; invalid=0; risky=0; unknown=0
35764,>30M,alinamovement.club,yes,,,0,,no_email_candidate_in_email_query,not_flagged,,,,,,valid=0; invalid=0; risky=0; unknown=0
35765,>30M,brdscale.com,no,,,0,,no_email_candidate_in_email_query,not_flagged,,,,,,valid=0; invalid=0; risky=0; unknown=0
35766,>30M,myatlascopilot.com,no,,,0,,no_email_candidate_in_email_query,not_flagged,,,,,,valid=0; invalid=0; risky=0; unknown=0
35767,>30M,woba-solar.com,no,,,0,,no_email_candidate_in_email_query,not_flagged,,,,,,valid=0; invalid=0; risky=0; unknown=0
35768,>30M,presidenteicmiyana.com,no,,,0,,no_email_candidate_in_email_query,not_flagged,,,,,,valid=0; invalid=0; risky=0; unknown=0
35769,>30M,crowandcloverpress.com,yes,,,0,,no_email_candidate_in_email_query,not_flagged,,,,,,valid=0; invalid=0; risky=0; unknown=0
35770,>30M,formsology.com,no,,,0,,no_email_candidate_in_email_query,not_flagged,,,,,,valid=0; invalid=0; risky=0; unknown=0
35771,>30M,johnlhomm.com,yes,,,0,,no_email_candidate_in_email_query,not_flagged,,,,,,valid=0; invalid=0; risky=0; unknown=0
35772,>30M,switchmybar.com,no,,,0,,no_email_candidate_in_email_query,not_flagged,,,,,,valid=0; invalid=0; risky=0; unknown=0
35773,>30M,plumeform.com,no,,,0,,no_email_candidate_in_email_query,not_flagged,,,,,,valid=0; invalid=0; risky=0; unknown=0
35774,>30M,lnkrelay.com,no,,,0,,no_email_candidate_in_email_query,not_flagged,,,,,,valid=0; invalid=0; risky=0; unknown=0
35775,>30M,luminabankfinance.com,no,,,0,,no_email_candidate_in_email_query,not_flagged,,,,,,valid=0; invalid=0; risky=0; unknown=0
35776,>30M,durable-edge.com,no,,,0,,no_email_candidate_in_email_query,not_flagged,,,,,,valid=0; invalid=0; risky=0; unknown=0
35777,>30M,firstfootballtrials.com,no,,,0,,no_email_candidate_in_email_query,not_flagged,,,,,,valid=0; invalid=0; risky=0; unknown=0
35778,>30M,vallerandinclusion.com,yes,,,0,,no_email_candidate_in_email_query,not_flagged,,,,,,valid=0; invalid=0; risky=0; unknown=0
35779,>30M,stackmatchup.com,no,,,0,,no_email_candidate_in_email_query,not_flagged,,,,,,valid=0; invalid=0; risky=0; unknown=0
35780,>30M,revenusolaire.com,no,,,0,,no_email_candidate_in_email_query,not_flagged,,,,,,valid=0; invalid=0; risky=0; unknown=0
35781,>30M,waonderment.com,no,,,0,,no_email_candidate_in_email_query,not_flagged,,,,,,valid=0; invalid=0; risky=0; unknown=0
35782,>30M,formigaweightloss.com,yes,,,0,,no_email_candidate_in_email_query,not_flagged,,,,,,valid=0; invalid=0; risky=0; unknown=0
35783,>30M,jandagh.xyz,no,,,0,,no_email_candidate_in_email_query,not_flagged,,,,,,valid=0; invalid=0; risky=0; unknown=0
