position,publicwww_rank,domain,typeform_indexed_match,indexed_typeform_urls,typeform_form_urls,publicwww_email_candidate_count,publicwww_email_candidates,email_visibility,corporate_status,verification_eligible_emails,valid_emails,invalid_emails,risky_emails,unknown_emails,verification_summary
1,1724,depositphotos.com,no,,,0,,no_email_candidate_in_email_query,popular_brand_review,,,,,,valid=0; invalid=0; risky=0; unknown=0
2,1863,eset.com,no,https://embed.typeform.com/,,0,,no_email_candidate_in_email_query,popular_brand_review,,,,,,valid=0; invalid=0; risky=0; unknown=0
3,2287,answers.com,yes,,,0,,no_email_candidate_in_email_query,popular_brand_review,,,,,,valid=0; invalid=0; risky=0; unknown=0
4,4684,mlive.com,yes,,,0,,no_email_candidate_in_email_query,excluded_advance_local,,,,,,valid=0; invalid=0; risky=0; unknown=0
5,7462,jvzoo.com,yes,https://yoursuccess.typeform.com/to/UOVV2lnt,https://yoursuccess.typeform.com/to/UOVV2lnt,0,,no_email_candidate_in_email_query,popular_brand_review,,,,,,valid=0; invalid=0; risky=0; unknown=0
6,9456,mixpanel.com,no,,,0,,no_email_candidate_in_email_query,popular_brand_review,,,,,,valid=0; invalid=0; risky=0; unknown=0
7,9625,al.com,yes,,,0,,no_email_candidate_in_email_query,excluded_advance_local,,,,,,valid=0; invalid=0; risky=0; unknown=0
8,12731,brobible.com,yes,https://getadmiral.typeform.com/to/s8M2nY5H,https://getadmiral.typeform.com/to/s8M2nY5H,0,,no_email_candidate_in_email_query,not_flagged,,,,,,valid=0; invalid=0; risky=0; unknown=0
9,14596,pennlive.com,yes,,,0,,no_email_candidate_in_email_query,excluded_advance_local,,,,,,valid=0; invalid=0; risky=0; unknown=0
10,15919,uwe.ac.uk,no,https://api.typeform.com/ ; https://embed.typeform.com/ ; https://form.typeform.com/,,1,hrresourcing@uwe.ac.uk,showing_email_candidates,not_flagged,,,,,,valid=0; invalid=0; risky=0; unknown=0
11,19343,laprensa.hn,no,,,0,,no_email_candidate_in_email_query,not_flagged,,,,,,valid=0; invalid=0; risky=0; unknown=0
12,19791,masslive.com,yes,,,0,,no_email_candidate_in_email_query,excluded_advance_local,,,,,,valid=0; invalid=0; risky=0; unknown=0
13,20422,t13.cl,no,,,0,,no_email_candidate_in_email_query,not_flagged,,,,,,valid=0; invalid=0; risky=0; unknown=0
14,20694,culturainquieta.com,yes,https://jplww93yyhd.typeform.com/to/VZmxe0r7,https://jplww93yyhd.typeform.com/to/VZmxe0r7,0,,no_email_candidate_in_email_query,not_flagged,,,,,,valid=0; invalid=0; risky=0; unknown=0
15,22626,elheraldo.hn,no,,,0,,no_email_candidate_in_email_query,not_flagged,,,,,,valid=0; invalid=0; risky=0; unknown=0
16,23380,80.lv,no,https://80level.typeform.com/,,1,contact@80.lv,showing_email_candidates,not_flagged,contact@80.lv,contact@80.lv,,,,valid=1; invalid=0; risky=0; unknown=0
17,26429,privateemail.com,no,https://embed.typeform.com/,,0,,no_email_candidate_in_email_query,not_flagged,,,,,,valid=0; invalid=0; risky=0; unknown=0
18,28456,setmore.com,no,https://embed.typeform.com/,,0,,no_email_candidate_in_email_query,not_flagged,,,,,,valid=0; invalid=0; risky=0; unknown=0
19,29718,flippingbook.com,no,,,0,,no_email_candidate_in_email_query,not_flagged,,,,,,valid=0; invalid=0; risky=0; unknown=0
20,30121,diplomeo.com,no,,,0,,no_email_candidate_in_email_query,not_flagged,,,,,,valid=0; invalid=0; risky=0; unknown=0
21,36007,designmynight.com,no,,,2,katie@designmynight.com ; peaches.fulkes@theaccessgroup.com,showing_email_candidates,not_flagged,,,,,,valid=0; invalid=0; risky=0; unknown=0
22,36928,visionguinee.info,yes,https://form.typeform.com/to/ePh2pIv1,https://form.typeform.com/to/ePh2pIv1,0,,no_email_candidate_in_email_query,not_flagged,,,,,,valid=0; invalid=0; risky=0; unknown=0
23,37542,utmb.edu,no,https://embed.typeform.com/,,2,social@utmb.edu ; utmbjobs@utmb.edu,showing_email_candidates,not_flagged,,,,,,valid=0; invalid=0; risky=0; unknown=0
24,39253,npl.co.uk,no,,,0,,no_email_candidate_in_email_query,not_flagged,,,,,,valid=0; invalid=0; risky=0; unknown=0
25,42528,ouhsc.edu,no,http://form.typeform.com/ ; https://api.typeform.com/ ; https://embed.typeform.com/,,1,webmaster@ouhsc.edu,showing_email_candidates,not_flagged,webmaster@ouhsc.edu,webmaster@ouhsc.edu,,,,valid=1; invalid=0; risky=0; unknown=0
26,45127,7sage.com,no,https://api.typeform.com/ ; https://embed.typeform.com/ ; https://form.typeform.com/ ; https://typekit.typeform.com/ ; https://www.typeform.com/,,1,studentservice@7sage.com,showing_email_candidates,not_flagged,,,,,,valid=0; invalid=0; risky=0; unknown=0
27,45232,silive.com,yes,,,0,,no_email_candidate_in_email_query,excluded_advance_local,,,,,,valid=0; invalid=0; risky=0; unknown=0
28,48287,mariadb.org,no,https://mariadb.typeform.com/,,0,,no_email_candidate_in_email_query,not_flagged,,,,,,valid=0; invalid=0; risky=0; unknown=0
29,51681,nuzzel.com,no,https://www.typeform.com/,,0,,no_email_candidate_in_email_query,not_flagged,,,,,,valid=0; invalid=0; risky=0; unknown=0
30,54229,romualdfons.com,yes,https://bigseomarketing.typeform.com/to/M3D8gj0q ; https://form.typeform.com/to/f0UT2Hjd ; https://form.typeform.com/to/M3D8gj0q ; https://form.typeform.com/to/z23HCju6,https://bigseomarketing.typeform.com/to/M3D8gj0q ; https://form.typeform.com/to/f0UT2Hjd ; https://form.typeform.com/to/M3D8gj0q ; https://form.typeform.com/to/z23HCju6,0,,no_email_candidate_in_email_query,not_flagged,,,,,,valid=0; invalid=0; risky=0; unknown=0
31,60802,hokkfabrica.com,no,,,0,,no_email_candidate_in_email_query,not_flagged,,,,,,valid=0; invalid=0; risky=0; unknown=0
32,64326,lehighvalleylive.com,yes,,,0,,no_email_candidate_in_email_query,excluded_advance_local,,,,,,valid=0; invalid=0; risky=0; unknown=0
33,65085,alfred.com,yes,https://makemusic0320.typeform.com/to/dsYpOj,https://makemusic0320.typeform.com/to/dsYpOj,0,,no_email_candidate_in_email_query,not_flagged,,,,,,valid=0; invalid=0; risky=0; unknown=0
34,68405,seotesteronline.com,yes,https://seotesteronline.typeform.com/to/F1R9Vz68 ; https://seotesteronline.typeform.com/to/PU9OHpGg ; https://seotesteronline.typeform.com/to/uANeH21m,https://seotesteronline.typeform.com/to/F1R9Vz68 ; https://seotesteronline.typeform.com/to/PU9OHpGg ; https://seotesteronline.typeform.com/to/uANeH21m,0,,no_email_candidate_in_email_query,not_flagged,,,,,,valid=0; invalid=0; risky=0; unknown=0
35,70057,sporteasy.net,no,,,0,,no_email_candidate_in_email_query,not_flagged,,,,,,valid=0; invalid=0; risky=0; unknown=0
36,71610,musicfeeds.com.au,yes,,,0,,no_email_candidate_in_email_query,not_flagged,,,,,,valid=0; invalid=0; risky=0; unknown=0
37,79356,recoilweb.com,yes,https://cariboumedia.typeform.com/to/dD7vOG,https://cariboumedia.typeform.com/to/dD7vOG,0,,no_email_candidate_in_email_query,not_flagged,,,,,,valid=0; invalid=0; risky=0; unknown=0
38,81442,alexia.fr,no,,,0,,no_email_candidate_in_email_query,not_flagged,,,,,,valid=0; invalid=0; risky=0; unknown=0
39,90064,1stnb.com,no,,,0,,no_email_candidate_in_email_query,not_flagged,,,,,,valid=0; invalid=0; risky=0; unknown=0
40,93161,cooljugator.com,no,https://embed.typeform.com/,,0,,no_email_candidate_in_email_query,not_flagged,,,,,,valid=0; invalid=0; risky=0; unknown=0
41,96007,versio.nl,no,,,0,,no_email_candidate_in_email_query,not_flagged,,,,,,valid=0; invalid=0; risky=0; unknown=0
42,101711,eurohandball.com,yes,https://embed.typeform.com/ ; https://form.typeform.com/ ; https://homeofhandball.typeform.com/to/W03Pw3cr,https://homeofhandball.typeform.com/to/W03Pw3cr,2,handball@ehfmarketing.com ; office@eurohandball.com,showing_email_candidates,not_flagged,office@eurohandball.com,office@eurohandball.com,,,,valid=1; invalid=0; risky=0; unknown=0
43,106748,petbarn.com.au,no,,,0,,no_email_candidate_in_email_query,not_flagged,,,,,,valid=0; invalid=0; risky=0; unknown=0
44,108283,animeuknews.net,no,https://embed.typeform.com/,,0,,no_email_candidate_in_email_query,not_flagged,,,,,,valid=0; invalid=0; risky=0; unknown=0
45,108989,yakuendai-jinclinic.com,no,,,0,,no_email_candidate_in_email_query,not_flagged,,,,,,valid=0; invalid=0; risky=0; unknown=0
46,109978,cybex-online.com,no,,,0,,no_email_candidate_in_email_query,not_flagged,,,,,,valid=0; invalid=0; risky=0; unknown=0
47,116144,virginmobile.cl,no,https://embed.typeform.com/,,0,,no_email_candidate_in_email_query,not_flagged,,,,,,valid=0; invalid=0; risky=0; unknown=0
48,118768,ometria.com,no,,,0,,no_email_candidate_in_email_query,not_flagged,,,,,,valid=0; invalid=0; risky=0; unknown=0
49,123690,libertylondon.com,no,https://embed.typeform.com/,,0,,no_email_candidate_in_email_query,not_flagged,,,,,,valid=0; invalid=0; risky=0; unknown=0
50,123815,formdesk.com,no,,,0,,no_email_candidate_in_email_query,not_flagged,,,,,,valid=0; invalid=0; risky=0; unknown=0
51,124714,hokify.at,no,,,0,,no_email_candidate_in_email_query,not_flagged,,,,,,valid=0; invalid=0; risky=0; unknown=0
52,133087,cmp.jobs,yes,https://embed.typeform.com/ ; https://form.typeform.com/to/zAebSW63,https://form.typeform.com/to/zAebSW63,0,,no_email_candidate_in_email_query,not_flagged,,,,,,valid=0; invalid=0; risky=0; unknown=0
53,135296,nuits-sonores.com,yes,https://arty-farty.typeform.com/to/aH15fUoB,https://arty-farty.typeform.com/to/aH15fUoB,0,,no_email_candidate_in_email_query,not_flagged,,,,,,valid=0; invalid=0; risky=0; unknown=0
54,140029,accessfloorpolygroup.com,yes,https://form.typeform.com/to/qY8myemK,https://form.typeform.com/to/qY8myemK,0,,no_email_candidate_in_email_query,not_flagged,,,,,,valid=0; invalid=0; risky=0; unknown=0
55,145596,energage.com,no,,,0,,no_email_candidate_in_email_query,not_flagged,,,,,,valid=0; invalid=0; risky=0; unknown=0
56,147194,qzzr.com,no,,,0,,no_email_candidate_in_email_query,not_flagged,,,,,,valid=0; invalid=0; risky=0; unknown=0
57,147749,cestarcollege.com,yes,https://ug7ov3hlhyf.typeform.com/to/I8DCH6rO,https://ug7ov3hlhyf.typeform.com/to/I8DCH6rO,0,,no_email_candidate_in_email_query,not_flagged,,,,,,valid=0; invalid=0; risky=0; unknown=0
58,149297,agua.org.mx,yes,https://tipousuarios.typeform.com/to/e7yDkL,https://tipousuarios.typeform.com/to/e7yDkL,0,,no_email_candidate_in_email_query,not_flagged,,,,,,valid=0; invalid=0; risky=0; unknown=0
59,150970,h2impression.fr,no,https://car-expresso.typeform.com/ ; https://embed.typeform.com/ ; https://form.typeform.com/ ; https://h2impression.typeform.com/ ; https://public-assets.typeform.com/,,2,info@h2impression.fr ; web@h2impression.fr,showing_email_candidates,not_flagged,info@h2impression.fr ; web@h2impression.fr,,info@h2impression.fr ; web@h2impression.fr,,,valid=0; invalid=2; risky=0; unknown=0
60,151789,mercedesamgf1.com,no,https://api.typeform.com/ ; https://embed.typeform.com/ ; https://form.typeform.com/,,0,,no_email_candidate_in_email_query,not_flagged,,,,,,valid=0; invalid=0; risky=0; unknown=0
61,152985,crisistextline.org,no,https://gl7zkfwwo5r.typeform.com/,,0,,no_email_candidate_in_email_query,not_flagged,,,,,,valid=0; invalid=0; risky=0; unknown=0
62,157221,produzionidalbasso.com,yes,https://form.typeform.com/to/bTOLpP7j,https://form.typeform.com/to/bTOLpP7j,0,,no_email_candidate_in_email_query,not_flagged,,,,,,valid=0; invalid=0; risky=0; unknown=0
63,157904,autofact.cl,no,,,0,,no_email_candidate_in_email_query,not_flagged,,,,,,valid=0; invalid=0; risky=0; unknown=0
64,159004,capfirm.com,no,,,0,,no_email_candidate_in_email_query,not_flagged,,,,,,valid=0; invalid=0; risky=0; unknown=0
65,159867,storybrand.com,no,,,0,,no_email_candidate_in_email_query,not_flagged,,,,,,valid=0; invalid=0; risky=0; unknown=0
66,160459,wwf.se,no,,,0,,no_email_candidate_in_email_query,not_flagged,,,,,,valid=0; invalid=0; risky=0; unknown=0
67,161879,hautsdefrance.fr,no,https://api.typeform.com/ ; https://embed.typeform.com/,,19,age-infos@hautsdefrance.fr ; antenne-abbeville@hautsdefrance.fr ; antenne-amiens@hautsdefrance.fr ; antenne-arras@hautsdefrance.fr ; antenne-cambrai@hautsdefrance.fr ; antenne-chateau-thierry@hautsdefrance.fr ; antenne-clermont@hautsdefrance.fr ; antenne-fourmies@hautsdefrance.fr ; antenne-grandvilliers@hautsdefrance.fr ; antenne-hazebrouck@hautsdefrance.fr ; antenne-marck-en-calaisis@hautsdefrance.fr ; antenne-montdidier@hautsdefrance.fr ; antenne-montreuil-sur-mer@hautsdefrance.fr ; antenne-saint-pol-sur-ternoise@hautsdefrance.fr ; antenne-saintquentin@hautsdefrance.fr ; antenne-sallaumines@hautsdefrance.fr ; antenne-soissons@hautsdefrance.fr ; antenne-wallers@hautsdefrance.fr ; atp-infos@hautsdefrance.fr,showing_email_candidates,not_flagged,,,,,,valid=0; invalid=0; risky=0; unknown=0
68,174605,jumpermedia.co,no,,,0,,no_email_candidate_in_email_query,not_flagged,,,,,,valid=0; invalid=0; risky=0; unknown=0
69,180345,comfama.com,no,https://www.typeform.com/,,0,,no_email_candidate_in_email_query,not_flagged,,,,,,valid=0; invalid=0; risky=0; unknown=0
70,186532,niice.co,yes,https://niice.typeform.com/to/kBKj4f90,https://niice.typeform.com/to/kBKj4f90,0,,no_email_candidate_in_email_query,not_flagged,,,,,,valid=0; invalid=0; risky=0; unknown=0
71,194194,maformation.fr,no,https://embed.typeform.com/,,0,,no_email_candidate_in_email_query,not_flagged,,,,,,valid=0; invalid=0; risky=0; unknown=0
72,194913,iicrc.org,yes,https://iicrcmarketing.typeform.com/to/GAJkVEtv ; https://iicrcmarketing.typeform.com/to/pWNmFZSO,https://iicrcmarketing.typeform.com/to/GAJkVEtv ; https://iicrcmarketing.typeform.com/to/pWNmFZSO,0,,no_email_candidate_in_email_query,not_flagged,,,,,,valid=0; invalid=0; risky=0; unknown=0
73,197630,soprema.fr,no,,,1,formation@soprema.fr,showing_email_candidates,not_flagged,,,,,,valid=0; invalid=0; risky=0; unknown=0
74,199080,webpositer.com,yes,https://webpositer.pro.typeform.com/ ; https://webpositer.typeform.com/to/WDPau7zx ; https://www.typeform.com/,https://webpositer.typeform.com/to/WDPau7zx,0,,no_email_candidate_in_email_query,not_flagged,,,,,,valid=0; invalid=0; risky=0; unknown=0
75,205559,saleshandy.com,no,https://embed.typeform.com/,,0,,no_email_candidate_in_email_query,not_flagged,,,,,,valid=0; invalid=0; risky=0; unknown=0
76,205697,myalbum.com,yes,https://myalbum.typeform.com/to/BfhNbH ; https://myalbum.typeform.com/to/bwCdkP ; https://myalbum.typeform.com/to/JLJPe5 ; https://myalbum.typeform.com/to/RBrtja ; https://myalbum.typeform.com/to/W0pqzv ; https://myalbum.typeform.com/to/wL5jE2,https://myalbum.typeform.com/to/BfhNbH ; https://myalbum.typeform.com/to/bwCdkP ; https://myalbum.typeform.com/to/JLJPe5 ; https://myalbum.typeform.com/to/RBrtja ; https://myalbum.typeform.com/to/W0pqzv ; https://myalbum.typeform.com/to/wL5jE2,0,,no_email_candidate_in_email_query,not_flagged,,,,,,valid=0; invalid=0; risky=0; unknown=0
77,206441,espresso.co.uk,no,,,0,,no_email_candidate_in_email_query,not_flagged,,,,,,valid=0; invalid=0; risky=0; unknown=0
78,210662,repsol.es,no,,,3,protecciondedatos@repsol.com ; protecciondedatos@repsolluzygas.com ; rgpd.crc@repsol.com,showing_email_candidates,not_flagged,,,,,,valid=0; invalid=0; risky=0; unknown=0
79,214948,fan-force.com,no,,,0,,no_email_candidate_in_email_query,not_flagged,,,,,,valid=0; invalid=0; risky=0; unknown=0
80,216381,rmwilliams.com.au,no,,,0,,no_email_candidate_in_email_query,not_flagged,,,,,,valid=0; invalid=0; risky=0; unknown=0
81,224916,icom.museum,no,https://museodata.typeform.com/,,0,,no_email_candidate_in_email_query,not_flagged,,,,,,valid=0; invalid=0; risky=0; unknown=0
82,224930,chilipiper.com,no,,,0,,no_email_candidate_in_email_query,not_flagged,,,,,,valid=0; invalid=0; risky=0; unknown=0
83,226640,oliviaburton.com,no,https://embed.typeform.com/,,0,,no_email_candidate_in_email_query,not_flagged,,,,,,valid=0; invalid=0; risky=0; unknown=0
84,228450,velux.com,no,https://embed.typeform.com/ ; https://form.typeform.com/ ; https://velux.typeform.com/,,2,christian.hansen@velux.com ; stine.paulsen@velux.com,showing_email_candidates,not_flagged,,,,,,valid=0; invalid=0; risky=0; unknown=0
85,230122,stripo.email,no,,,0,,no_email_candidate_in_email_query,not_flagged,,,,,,valid=0; invalid=0; risky=0; unknown=0
86,230230,gdandtbasics.com,yes,https://gdandtbasics.typeform.com/ ; https://gdandtbasics.typeform.com/to/N1rraQ5O,https://gdandtbasics.typeform.com/to/N1rraQ5O,0,,no_email_candidate_in_email_query,not_flagged,,,,,,valid=0; invalid=0; risky=0; unknown=0
87,232919,csswizardry.com,no,https://www.typeform.com/,,0,,no_email_candidate_in_email_query,not_flagged,,,,,,valid=0; invalid=0; risky=0; unknown=0
88,233578,kartinfo.me,no,,,0,,no_email_candidate_in_email_query,not_flagged,,,,,,valid=0; invalid=0; risky=0; unknown=0
89,234369,apiumhub.com,no,,,0,,no_email_candidate_in_email_query,not_flagged,,,,,,valid=0; invalid=0; risky=0; unknown=0
90,234422,studioplace.it,yes,https://form.typeform.com/to/VhHaZyod ; https://studioplace.typeform.com/to/VhHaZyod,https://form.typeform.com/to/VhHaZyod ; https://studioplace.typeform.com/to/VhHaZyod,0,,no_email_candidate_in_email_query,not_flagged,,,,,,valid=0; invalid=0; risky=0; unknown=0
91,237132,pordata.pt,no,,,0,,no_email_candidate_in_email_query,not_flagged,,,,,,valid=0; invalid=0; risky=0; unknown=0
92,244460,listerhill.com,no,,,0,,no_email_candidate_in_email_query,not_flagged,,,,,,valid=0; invalid=0; risky=0; unknown=0
93,245617,comingsoon-tech.com,yes,https://agency20.typeform.com/to/xRbUJN ; https://embed.typeform.com/,https://agency20.typeform.com/to/xRbUJN,0,,no_email_candidate_in_email_query,not_flagged,,,,,,valid=0; invalid=0; risky=0; unknown=0
94,246135,nslcleaders.org,no,,,2,info@nslcleaders.org ; summerscholarships@nslcleaders.org,showing_email_candidates,not_flagged,info@nslcleaders.org,info@nslcleaders.org,,,,valid=1; invalid=0; risky=0; unknown=0
95,252555,roberts.edu,no,https://embed.typeform.com/,,1,admissions@roberts.edu,showing_email_candidates,not_flagged,admissions@roberts.edu,admissions@roberts.edu,,,,valid=1; invalid=0; risky=0; unknown=0
96,254255,redlights.es,yes,https://shopredlights.typeform.com/to/Uvr8RF,https://shopredlights.typeform.com/to/Uvr8RF,0,,no_email_candidate_in_email_query,not_flagged,,,,,,valid=0; invalid=0; risky=0; unknown=0
97,254275,cortinas.es,yes,https://form.typeform.com/to/l7uxIaWf,https://form.typeform.com/to/l7uxIaWf,0,,no_email_candidate_in_email_query,not_flagged,,,,,,valid=0; invalid=0; risky=0; unknown=0
98,254846,tropicalmba.com,yes,https://14sd8k3d6c1.typeform.com/to/aX9YfmGH,https://14sd8k3d6c1.typeform.com/to/aX9YfmGH,0,,no_email_candidate_in_email_query,not_flagged,,,,,,valid=0; invalid=0; risky=0; unknown=0
99,256676,zeitzuleben.de,no,https://zeitzuleben.typeform.com/,,0,,no_email_candidate_in_email_query,not_flagged,,,,,,valid=0; invalid=0; risky=0; unknown=0
100,259301,dataart.com,no,https://embed.typeform.com/,,0,,no_email_candidate_in_email_query,not_flagged,,,,,,valid=0; invalid=0; risky=0; unknown=0
101,259320,disruptiveadvertising.com,no,,,0,,no_email_candidate_in_email_query,not_flagged,,,,,,valid=0; invalid=0; risky=0; unknown=0
102,264299,precedent.com,yes,https://form.typeform.com/to/CwiClqnC,https://form.typeform.com/to/CwiClqnC,0,,no_email_candidate_in_email_query,not_flagged,,,,,,valid=0; invalid=0; risky=0; unknown=0
103,264928,junglejims.com,no,,,0,,no_email_candidate_in_email_query,not_flagged,,,,,,valid=0; invalid=0; risky=0; unknown=0
104,272513,1stcb.com,no,,,0,,no_email_candidate_in_email_query,not_flagged,,,,,,valid=0; invalid=0; risky=0; unknown=0
105,273537,fastportpassport.com,yes,https://embed.typeform.com/ ; https://govworks.typeform.com/to/rXhyuu,https://govworks.typeform.com/to/rXhyuu,0,,no_email_candidate_in_email_query,not_flagged,,,,,,valid=0; invalid=0; risky=0; unknown=0
106,277506,madlibs.com,no,https://embed.typeform.com/,,0,,no_email_candidate_in_email_query,not_flagged,,,,,,valid=0; invalid=0; risky=0; unknown=0
107,278714,connectamericas.com,no,,,0,,no_email_candidate_in_email_query,not_flagged,,,,,,valid=0; invalid=0; risky=0; unknown=0
108,279905,argeweb.nl,yes,https://argeweb.typeform.com/ ; https://embed.typeform.com/ ; https://form.typeform.com/ ; https://form.typeform.com/to/Un2WWG2I,https://form.typeform.com/to/Un2WWG2I,1,support@argeweb.nl,showing_email_candidates,not_flagged,support@argeweb.nl,support@argeweb.nl,,,,valid=1; invalid=0; risky=0; unknown=0
109,282097,randomhousebooks.com,no,https://embed.typeform.com/,,0,,no_email_candidate_in_email_query,not_flagged,,,,,,valid=0; invalid=0; risky=0; unknown=0
110,282332,sncft.com.tn,no,,,0,,no_email_candidate_in_email_query,not_flagged,,,,,,valid=0; invalid=0; risky=0; unknown=0
111,283077,alphagamma.eu,yes,https://alphagamma.typeform.com/to/uHJEoU,https://alphagamma.typeform.com/to/uHJEoU,0,,no_email_candidate_in_email_query,not_flagged,,,,,,valid=0; invalid=0; risky=0; unknown=0
112,284221,vaccination-info.be,no,https://embed.typeform.com/,,2,notif-hyg@vivalis.brussels ; surveillance.sante@aviq.be,showing_email_candidates,not_flagged,,,,,,valid=0; invalid=0; risky=0; unknown=0
113,285138,japan-experience.com,no,https://embed.typeform.com/,,1,contact@japan-experience.com,showing_email_candidates,not_flagged,contact@japan-experience.com,contact@japan-experience.com,,,,valid=1; invalid=0; risky=0; unknown=0
114,286573,solidatech.fr,yes,https://6mu9y4q3kd6.typeform.com/to/f6HuMR6g,https://6mu9y4q3kd6.typeform.com/to/f6HuMR6g,0,,no_email_candidate_in_email_query,not_flagged,,,,,,valid=0; invalid=0; risky=0; unknown=0
115,287427,deux.io,yes,https://deuxio.typeform.com/to/MMUCIr,https://deuxio.typeform.com/to/MMUCIr,0,,no_email_candidate_in_email_query,not_flagged,,,,,,valid=0; invalid=0; risky=0; unknown=0
116,293517,dodenhof.de,no,,,0,,no_email_candidate_in_email_query,not_flagged,,,,,,valid=0; invalid=0; risky=0; unknown=0
117,295753,engageinteractive.co.uk,yes,https://embed.typeform.com/ ; https://engageinteractive.typeform.com/to/quJUiZWX ; https://form.typeform.com/to/kfyoVjhc,https://engageinteractive.typeform.com/to/quJUiZWX ; https://form.typeform.com/to/kfyoVjhc,1,hello@engageinteractive.co.uk,showing_email_candidates,not_flagged,hello@engageinteractive.co.uk,hello@engageinteractive.co.uk,,,,valid=1; invalid=0; risky=0; unknown=0
118,295983,kualo.com,no,https://embed.typeform.com/,,0,,no_email_candidate_in_email_query,not_flagged,,,,,,valid=0; invalid=0; risky=0; unknown=0
119,299758,christophjanz.blogspot.com,yes,http://www.typeform.com/ ; https://embed.typeform.com/ ; https://pointninecap.typeform.com/to/gZKJUl ; https://pointninecap.typeform.com/to/lQTISn ; https://pointninecap.typeform.com/to/lxG7os ; https://pointninecap.typeform.com/to/NvAdFu ; https://pointninecap.typeform.com/to/RgRN1R ; https://www.typeform.com/ ; https://xxx.typeform.com/,https://pointninecap.typeform.com/to/gZKJUl ; https://pointninecap.typeform.com/to/lQTISn ; https://pointninecap.typeform.com/to/lxG7os ; https://pointninecap.typeform.com/to/NvAdFu ; https://pointninecap.typeform.com/to/RgRN1R,1,christoph@pointninecap.com,showing_email_candidates,not_flagged,,,,,,valid=0; invalid=0; risky=0; unknown=0
120,301243,seoquantum.com,no,,,0,,no_email_candidate_in_email_query,not_flagged,,,,,,valid=0; invalid=0; risky=0; unknown=0
121,303091,zoechurch.org,no,,,0,,no_email_candidate_in_email_query,not_flagged,,,,,,valid=0; invalid=0; risky=0; unknown=0
122,304526,clusit.it,no,https://ojsn03a6n6h.typeform.com/,,0,,no_email_candidate_in_email_query,not_flagged,,,,,,valid=0; invalid=0; risky=0; unknown=0
123,305065,velux.it,no,https://embed.typeform.com/ ; https://form.typeform.com/ ; https://velux.typeform.com/,,0,,no_email_candidate_in_email_query,not_flagged,,,,,,valid=0; invalid=0; risky=0; unknown=0
124,307123,growthhackingfrance.com,no,,,1,bienvenue@isoluce.net,showing_email_candidates,not_flagged,,,,,,valid=0; invalid=0; risky=0; unknown=0
125,307128,velux.fr,no,https://embed.typeform.com/ ; https://form.typeform.com/ ; https://velux.typeform.com/,,0,,no_email_candidate_in_email_query,not_flagged,,,,,,valid=0; invalid=0; risky=0; unknown=0
126,308619,mydeposits.co.uk,yes,https://form.typeform.com/to/axGSAdou,https://form.typeform.com/to/axGSAdou,0,,no_email_candidate_in_email_query,not_flagged,,,,,,valid=0; invalid=0; risky=0; unknown=0
127,308922,spid.center,no,https://embed.typeform.com/,,3,doronkin@spid.center ; melnikova@spid.center ; vorobieva@spid.center,showing_email_candidates,not_flagged,,,,,,valid=0; invalid=0; risky=0; unknown=0
128,311710,sjcc.edu,yes,https://sjcitycollege.typeform.com/to/iSUBlLKY,https://sjcitycollege.typeform.com/to/iSUBlLKY,0,,no_email_candidate_in_email_query,not_flagged,,,,,,valid=0; invalid=0; risky=0; unknown=0
129,313010,dinopoloclub.com,no,,,0,,no_email_candidate_in_email_query,not_flagged,,,,,,valid=0; invalid=0; risky=0; unknown=0
130,315480,wanatop.com,no,https://embed.typeform.com/ ; https://form.typeform.com/,,1,negocio@wanatop.com,showing_email_candidates,not_flagged,,,,,,valid=0; invalid=0; risky=0; unknown=0
131,321659,eoimalaga.com,yes,https://msms58gzatu.typeform.com/to/WgnIyXVj,https://msms58gzatu.typeform.com/to/WgnIyXVj,0,,no_email_candidate_in_email_query,not_flagged,,,,,,valid=0; invalid=0; risky=0; unknown=0
132,322475,ecomm.design,no,,,0,,no_email_candidate_in_email_query,not_flagged,,,,,,valid=0; invalid=0; risky=0; unknown=0
133,323385,brightknowledge.org,no,https://embed.typeform.com/,,0,,no_email_candidate_in_email_query,not_flagged,,,,,,valid=0; invalid=0; risky=0; unknown=0
134,326877,pulsarplatform.com,no,https://embed.typeform.com/,,1,info@pulsarplatform.com,showing_email_candidates,not_flagged,info@pulsarplatform.com,info@pulsarplatform.com,,,,valid=1; invalid=0; risky=0; unknown=0
135,327905,rolcc.net,yes,https://rolcc.typeform.com/to/ACLrJKEY ; https://rolcc.typeform.com/to/GXhYXTOY ; https://rolcc.typeform.com/to/uYELI5iA,https://rolcc.typeform.com/to/ACLrJKEY ; https://rolcc.typeform.com/to/GXhYXTOY ; https://rolcc.typeform.com/to/uYELI5iA,0,,no_email_candidate_in_email_query,not_flagged,,,,,,valid=0; invalid=0; risky=0; unknown=0
136,330835,enalyzer.com,no,,,0,,no_email_candidate_in_email_query,not_flagged,,,,,,valid=0; invalid=0; risky=0; unknown=0
137,334536,appvirality.com,yes,https://appviralityinc.typeform.com/to/WP67CV,https://appviralityinc.typeform.com/to/WP67CV,0,,no_email_candidate_in_email_query,not_flagged,,,,,,valid=0; invalid=0; risky=0; unknown=0
138,342478,tradlinx.com,yes,https://365a89xkelk.typeform.com/to/aGpUJMls ; https://365a89xkelk.typeform.com/to/j6M5FfBd ; https://365a89xkelk.typeform.com/to/lMUSimZx ; https://365a89xkelk.typeform.com/to/rAV6ljfj,https://365a89xkelk.typeform.com/to/aGpUJMls ; https://365a89xkelk.typeform.com/to/j6M5FfBd ; https://365a89xkelk.typeform.com/to/lMUSimZx ; https://365a89xkelk.typeform.com/to/rAV6ljfj,0,,no_email_candidate_in_email_query,not_flagged,,,,,,valid=0; invalid=0; risky=0; unknown=0
139,344776,bvm-huissier-bordeaux.com,no,,,0,,no_email_candidate_in_email_query,not_flagged,,,,,,valid=0; invalid=0; risky=0; unknown=0
140,346334,eastriding.gov.uk,yes,https://eastriding.typeform.com/to/axhlfJs0,https://eastriding.typeform.com/to/axhlfJs0,0,,no_email_candidate_in_email_query,not_flagged,,,,,,valid=0; invalid=0; risky=0; unknown=0
141,353496,trackdrive.net,no,,,0,,no_email_candidate_in_email_query,not_flagged,,,,,,valid=0; invalid=0; risky=0; unknown=0
142,367104,papermoustache.com,no,,,0,,no_email_candidate_in_email_query,not_flagged,,,,,,valid=0; invalid=0; risky=0; unknown=0
143,371044,profoundry.co,no,,,0,,no_email_candidate_in_email_query,not_flagged,,,,,,valid=0; invalid=0; risky=0; unknown=0
144,371331,templum.com.br,no,,,0,,no_email_candidate_in_email_query,not_flagged,,,,,,valid=0; invalid=0; risky=0; unknown=0
145,380033,shadygrovefertility.com,yes,https://form.typeform.com/to/hk9lFN,https://form.typeform.com/to/hk9lFN,0,,no_email_candidate_in_email_query,not_flagged,,,,,,valid=0; invalid=0; risky=0; unknown=0
146,381397,endotaspa.com.au,no,,,0,,no_email_candidate_in_email_query,not_flagged,,,,,,valid=0; invalid=0; risky=0; unknown=0
147,381514,iottechexpo.com,yes,https://techforge.typeform.com/to/iHSRs7lt,https://techforge.typeform.com/to/iHSRs7lt,0,,no_email_candidate_in_email_query,not_flagged,,,,,,valid=0; invalid=0; risky=0; unknown=0
148,382520,marriagehelper.com,yes,https://form.typeform.com/to/pbqtBcwl,https://form.typeform.com/to/pbqtBcwl,0,,no_email_candidate_in_email_query,not_flagged,,,,,,valid=0; invalid=0; risky=0; unknown=0
149,385715,oroscopoastra.com,yes,https://mvtec0svg3z.typeform.com/to/qdTx8iYu,https://mvtec0svg3z.typeform.com/to/qdTx8iYu,0,,no_email_candidate_in_email_query,not_flagged,,,,,,valid=0; invalid=0; risky=0; unknown=0
150,389028,synapse-connect.org,no,,,0,,no_email_candidate_in_email_query,not_flagged,,,,,,valid=0; invalid=0; risky=0; unknown=0
151,389212,fcc-fac.ca,yes,https://fcc-fac.typeform.com/to/MRsDgFBn,https://fcc-fac.typeform.com/to/MRsDgFBn,1,csc@fcc-fac.ca,showing_email_candidates,not_flagged,,,,,,valid=0; invalid=0; risky=0; unknown=0
152,390451,rockbot.com,no,,,0,,no_email_candidate_in_email_query,not_flagged,,,,,,valid=0; invalid=0; risky=0; unknown=0
153,393665,covertsecurity.es,yes,https://covertsecurity.typeform.com/to/ht4czVTe ; https://form.typeform.com/to/DIpifveH ; https://form.typeform.com/to/gpsmN0g4,https://covertsecurity.typeform.com/to/ht4czVTe ; https://form.typeform.com/to/DIpifveH ; https://form.typeform.com/to/gpsmN0g4,0,,no_email_candidate_in_email_query,not_flagged,,,,,,valid=0; invalid=0; risky=0; unknown=0
154,398254,byrne.com,yes,https://byrneelectrical.typeform.com/to/uoqoJo8H,https://byrneelectrical.typeform.com/to/uoqoJo8H,1,help@byrne.com,showing_email_candidates,not_flagged,help@byrne.com,help@byrne.com,,,,valid=1; invalid=0; risky=0; unknown=0
155,400865,hashtagjeff.com,yes,https://form.typeform.com/to/dm9xfK ; https://hashtagjeff.typeform.com/to/TRPN6P,https://form.typeform.com/to/dm9xfK ; https://hashtagjeff.typeform.com/to/TRPN6P,0,,no_email_candidate_in_email_query,not_flagged,,,,,,valid=0; invalid=0; risky=0; unknown=0
156,403999,coverworld.com.au,no,,,0,,no_email_candidate_in_email_query,not_flagged,,,,,,valid=0; invalid=0; risky=0; unknown=0
157,404079,epra.com,yes,https://epra.typeform.com/to/kd5zBt8H,https://epra.typeform.com/to/kd5zBt8H,0,,no_email_candidate_in_email_query,not_flagged,,,,,,valid=0; invalid=0; risky=0; unknown=0
158,404278,inwork.nl,no,,,0,,no_email_candidate_in_email_query,not_flagged,,,,,,valid=0; invalid=0; risky=0; unknown=0
159,409040,thetreep.com,no,,,0,,no_email_candidate_in_email_query,not_flagged,,,,,,valid=0; invalid=0; risky=0; unknown=0
160,409195,visiteurs.fr,yes,https://form.typeform.com/to/pLPqsQBL ; https://yct1nqcl9e0.typeform.com/to/pDs4t1Ca,https://form.typeform.com/to/pLPqsQBL ; https://yct1nqcl9e0.typeform.com/to/pDs4t1Ca,0,,no_email_candidate_in_email_query,not_flagged,,,,,,valid=0; invalid=0; risky=0; unknown=0
161,413117,promoshin.com,yes,https://promoshin.typeform.com/to/mi2t8F9K,https://promoshin.typeform.com/to/mi2t8F9K,0,,no_email_candidate_in_email_query,not_flagged,,,,,,valid=0; invalid=0; risky=0; unknown=0
162,414585,tourlane.de,no,,,0,,no_email_candidate_in_email_query,not_flagged,,,,,,valid=0; invalid=0; risky=0; unknown=0
163,415035,justkampers.com,no,,,0,,no_email_candidate_in_email_query,not_flagged,,,,,,valid=0; invalid=0; risky=0; unknown=0
164,421987,susandavid.com,no,,,1,info@susandavid.com,showing_email_candidates,not_flagged,info@susandavid.com,info@susandavid.com,,,,valid=1; invalid=0; risky=0; unknown=0
165,425344,freiheit.org,no,,,0,,no_email_candidate_in_email_query,not_flagged,,,,,,valid=0; invalid=0; risky=0; unknown=0
166,432255,nihfcu.org,no,,,0,,no_email_candidate_in_email_query,not_flagged,,,,,,valid=0; invalid=0; risky=0; unknown=0
167,432750,therapypet.org,yes,https://therapypet.typeform.com/to/SDzFa9nk,https://therapypet.typeform.com/to/SDzFa9nk,0,,no_email_candidate_in_email_query,not_flagged,,,,,,valid=0; invalid=0; risky=0; unknown=0
168,432922,whyliveschool.com,no,,,0,,no_email_candidate_in_email_query,not_flagged,,,,,,valid=0; invalid=0; risky=0; unknown=0
169,434157,stayes.com,no,,,0,,no_email_candidate_in_email_query,not_flagged,,,,,,valid=0; invalid=0; risky=0; unknown=0
170,441121,kelsey-seybold.com,no,,,0,,no_email_candidate_in_email_query,not_flagged,,,,,,valid=0; invalid=0; risky=0; unknown=0
171,444956,vegan-athletes.com,yes,https://christian-wenzel.typeform.com/to/lKhxc2JD,https://christian-wenzel.typeform.com/to/lKhxc2JD,0,,no_email_candidate_in_email_query,not_flagged,,,,,,valid=0; invalid=0; risky=0; unknown=0
172,445689,ncra.org,no,,,0,,no_email_candidate_in_email_query,not_flagged,,,,,,valid=0; invalid=0; risky=0; unknown=0
173,450801,scamwatch.gov.au,no,,,0,,no_email_candidate_in_email_query,not_flagged,,,,,,valid=0; invalid=0; risky=0; unknown=0
174,452560,ebm-of-the-year.de,yes,https://form.typeform.com/to/b7nLJivp,https://form.typeform.com/to/b7nLJivp,0,,no_email_candidate_in_email_query,not_flagged,,,,,,valid=0; invalid=0; risky=0; unknown=0
175,456001,adleaks.com,no,,,0,,no_email_candidate_in_email_query,not_flagged,,,,,,valid=0; invalid=0; risky=0; unknown=0
176,457050,rntc.com,yes,https://form.typeform.com/to/lshn0rOr,https://form.typeform.com/to/lshn0rOr,0,,no_email_candidate_in_email_query,not_flagged,,,,,,valid=0; invalid=0; risky=0; unknown=0
177,459508,velux.ch,no,,,1,erlebniswelt@velux.ch,showing_email_candidates,not_flagged,,,,,,valid=0; invalid=0; risky=0; unknown=0
178,460521,fhnb.com,no,,,1,sabrina.pomeroy@fhnb.com,showing_email_candidates,not_flagged,,,,,,valid=0; invalid=0; risky=0; unknown=0
179,462401,myclimate.org,no,,,0,,no_email_candidate_in_email_query,not_flagged,,,,,,valid=0; invalid=0; risky=0; unknown=0
180,472765,superfoodsonline.nl,no,,,0,,no_email_candidate_in_email_query,not_flagged,,,,,,valid=0; invalid=0; risky=0; unknown=0
181,473376,mr-online-marketing.de,yes,https://form.typeform.com/to/I0cyOE ; https://mawarth.typeform.com/to/I0cyOE,https://form.typeform.com/to/I0cyOE ; https://mawarth.typeform.com/to/I0cyOE,0,,no_email_candidate_in_email_query,not_flagged,,,,,,valid=0; invalid=0; risky=0; unknown=0
182,475639,poweo.be,no,,,0,,no_email_candidate_in_email_query,not_flagged,,,,,,valid=0; invalid=0; risky=0; unknown=0
183,479106,microdream.co.uk,no,,,0,,no_email_candidate_in_email_query,not_flagged,,,,,,valid=0; invalid=0; risky=0; unknown=0
184,482770,rockstart.com,yes,https://rockstart1.typeform.com/to/qoieotFj,https://rockstart1.typeform.com/to/qoieotFj,0,,no_email_candidate_in_email_query,not_flagged,,,,,,valid=0; invalid=0; risky=0; unknown=0
185,486739,hiptest.net,no,,,0,,no_email_candidate_in_email_query,not_flagged,,,,,,valid=0; invalid=0; risky=0; unknown=0
186,489141,sands.community,yes,https://form.typeform.com/to/IACMKlhb,https://form.typeform.com/to/IACMKlhb,0,,no_email_candidate_in_email_query,not_flagged,,,,,,valid=0; invalid=0; risky=0; unknown=0
187,493177,kikoloureiro.com,yes,https://form.typeform.com/to/pDdTry ; https://kikoloureiro.typeform.com/to/pDdTry,https://form.typeform.com/to/pDdTry ; https://kikoloureiro.typeform.com/to/pDdTry,0,,no_email_candidate_in_email_query,not_flagged,,,,,,valid=0; invalid=0; risky=0; unknown=0
188,495826,velux.pl,no,,,0,,no_email_candidate_in_email_query,not_flagged,,,,,,valid=0; invalid=0; risky=0; unknown=0
189,496011,geospatial.institute,no,,,0,,no_email_candidate_in_email_query,not_flagged,,,,,,valid=0; invalid=0; risky=0; unknown=0
190,496777,therealizedman.com,yes,https://form.typeform.com/to/ul0CnuFN,https://form.typeform.com/to/ul0CnuFN,0,,no_email_candidate_in_email_query,not_flagged,,,,,,valid=0; invalid=0; risky=0; unknown=0
191,497641,lnr.fr,no,,,0,,no_email_candidate_in_email_query,not_flagged,,,,,,valid=0; invalid=0; risky=0; unknown=0
192,503507,hunterwater.com.au,no,,,0,,no_email_candidate_in_email_query,not_flagged,,,,,,valid=0; invalid=0; risky=0; unknown=0
193,505010,kvaros.ru,no,,,1,info@kvaros.ru,showing_email_candidates,not_flagged,info@kvaros.ru,,info@kvaros.ru,,,valid=0; invalid=1; risky=0; unknown=0
194,507385,cvtotaal.nl,no,,,0,,no_email_candidate_in_email_query,not_flagged,,,,,,valid=0; invalid=0; risky=0; unknown=0
195,507437,has.nl,no,,,0,,no_email_candidate_in_email_query,not_flagged,,,,,,valid=0; invalid=0; risky=0; unknown=0
196,510646,a2-services-sarrebourg.fr,yes,https://form.typeform.com/to/K3biZfgl,https://form.typeform.com/to/K3biZfgl,0,,no_email_candidate_in_email_query,not_flagged,,,,,,valid=0; invalid=0; risky=0; unknown=0
197,511423,assureur-francais.fr,no,,,0,,no_email_candidate_in_email_query,not_flagged,,,,,,valid=0; invalid=0; risky=0; unknown=0
198,513092,cours-legendre.fr,no,,,0,,no_email_candidate_in_email_query,not_flagged,,,,,,valid=0; invalid=0; risky=0; unknown=0
199,513322,datarecrutement.fr,yes,https://data-recrutement.typeform.com/to/D06NYQxN ; https://form.typeform.com/to/zgBqOY4X,https://data-recrutement.typeform.com/to/D06NYQxN ; https://form.typeform.com/to/zgBqOY4X,0,,no_email_candidate_in_email_query,not_flagged,,,,,,valid=0; invalid=0; risky=0; unknown=0
200,518184,neo-nomade.com,no,,,0,,no_email_candidate_in_email_query,not_flagged,,,,,,valid=0; invalid=0; risky=0; unknown=0
201,518526,onopia.com,no,,,0,,no_email_candidate_in_email_query,not_flagged,,,,,,valid=0; invalid=0; risky=0; unknown=0
202,520280,slamdot.com,yes,https://slamdot.typeform.com/to/FtNXcQlV,https://slamdot.typeform.com/to/FtNXcQlV,0,,no_email_candidate_in_email_query,not_flagged,,,,,,valid=0; invalid=0; risky=0; unknown=0
203,521777,virginiebaro.com,yes,https://virginiebaro.typeform.com/to/gv9N9k,https://virginiebaro.typeform.com/to/gv9N9k,0,,no_email_candidate_in_email_query,not_flagged,,,,,,valid=0; invalid=0; risky=0; unknown=0
204,522984,slaafws.org,yes,https://form.typeform.com/to/Noq0En9I,https://form.typeform.com/to/Noq0En9I,0,,no_email_candidate_in_email_query,not_flagged,,,,,,valid=0; invalid=0; risky=0; unknown=0
205,523616,brightbraincentre.co.uk,no,,,1,info@brightbraincentre.co.uk,showing_email_candidates,not_flagged,info@brightbraincentre.co.uk,info@brightbraincentre.co.uk,,,,valid=1; invalid=0; risky=0; unknown=0
206,527003,prensalink.com,yes,https://gzzjnjrlpfh.typeform.com/to/JscLIOCJ,https://gzzjnjrlpfh.typeform.com/to/JscLIOCJ,0,,no_email_candidate_in_email_query,not_flagged,,,,,,valid=0; invalid=0; risky=0; unknown=0
207,529692,dobsware.com,no,,,0,,no_email_candidate_in_email_query,not_flagged,,,,,,valid=0; invalid=0; risky=0; unknown=0
208,530570,easy-therm.com,no,,,1,anfrage@easy-therm.com,showing_email_candidates,not_flagged,,,,,,valid=0; invalid=0; risky=0; unknown=0
209,531808,bicyclenetwork.com.au,no,,,0,,no_email_candidate_in_email_query,not_flagged,,,,,,valid=0; invalid=0; risky=0; unknown=0
210,531855,goldcoastfc.com.au,yes,https://typeformdeviomedia.typeform.com/to/WVeQaDXe,https://typeformdeviomedia.typeform.com/to/WVeQaDXe,0,,no_email_candidate_in_email_query,not_flagged,,,,,,valid=0; invalid=0; risky=0; unknown=0
211,537359,fiawec.com,no,,,1,hospitality@fiawec.com,showing_email_candidates,not_flagged,,,,,,valid=0; invalid=0; risky=0; unknown=0
212,537851,bedrocklearning.org,yes,https://dhw7pme89xg.typeform.com/to/PacFCMzD,https://dhw7pme89xg.typeform.com/to/PacFCMzD,0,,no_email_candidate_in_email_query,not_flagged,,,,,,valid=0; invalid=0; risky=0; unknown=0
213,540497,scuolaholden.it,no,,,0,,no_email_candidate_in_email_query,not_flagged,,,,,,valid=0; invalid=0; risky=0; unknown=0
214,541268,opensimsim.com,no,,,0,,no_email_candidate_in_email_query,not_flagged,,,,,,valid=0; invalid=0; risky=0; unknown=0
215,548525,dibujarbien.com,no,,,0,,no_email_candidate_in_email_query,not_flagged,,,,,,valid=0; invalid=0; risky=0; unknown=0
216,550261,comparetheproducts.com,no,,,0,,no_email_candidate_in_email_query,not_flagged,,,,,,valid=0; invalid=0; risky=0; unknown=0
217,552283,workew.com,no,,,0,,no_email_candidate_in_email_query,not_flagged,,,,,,valid=0; invalid=0; risky=0; unknown=0
218,559692,campellomarine.it,no,,,0,,no_email_candidate_in_email_query,not_flagged,,,,,,valid=0; invalid=0; risky=0; unknown=0
219,563249,inequaligram.net,no,,,1,info@speakerscorner.co.uk,showing_email_candidates,not_flagged,,,,,,valid=0; invalid=0; risky=0; unknown=0
220,565065,moxonenglish.com,yes,https://form.typeform.com/to/HxpLrI,https://form.typeform.com/to/HxpLrI,0,,no_email_candidate_in_email_query,not_flagged,,,,,,valid=0; invalid=0; risky=0; unknown=0
221,565628,opstart.it,yes,https://form.typeform.com/to/e023O5Ln ; https://form.typeform.com/to/LD6sgx7y,https://form.typeform.com/to/e023O5Ln ; https://form.typeform.com/to/LD6sgx7y,0,,no_email_candidate_in_email_query,not_flagged,,,,,,valid=0; invalid=0; risky=0; unknown=0
222,566396,psicologo-milano.it,no,,,0,,no_email_candidate_in_email_query,not_flagged,,,,,,valid=0; invalid=0; risky=0; unknown=0
223,581870,3dninja.nl,yes,https://webformulier.typeform.com/to/bsIpDijr,https://webformulier.typeform.com/to/bsIpDijr,0,,no_email_candidate_in_email_query,not_flagged,,,,,,valid=0; invalid=0; risky=0; unknown=0
224,586774,unicef.org.au,no,,,4,abennett@unicef.org.au ; aquigley@unicef.org.au ; philanthropy@unicef.org.au ; support@unicef.org.au,showing_email_candidates,not_flagged,support@unicef.org.au,support@unicef.org.au,,,,valid=1; invalid=0; risky=0; unknown=0
225,586901,rps.org,no,,,2,dan@rps.org ; liz@rps.org,showing_email_candidates,not_flagged,,,,,,valid=0; invalid=0; risky=0; unknown=0
226,588108,labagenda.com,no,,,0,,no_email_candidate_in_email_query,not_flagged,,,,,,valid=0; invalid=0; risky=0; unknown=0
227,589833,jointravisallen.com,yes,https://form.typeform.com/to/GZioPA3T,https://form.typeform.com/to/GZioPA3T,0,,no_email_candidate_in_email_query,not_flagged,,,,,,valid=0; invalid=0; risky=0; unknown=0
228,593952,tauschwohnung.com,no,,,0,,no_email_candidate_in_email_query,not_flagged,,,,,,valid=0; invalid=0; risky=0; unknown=0
229,606581,aec.es,yes,https://admin.typeform.com/to/dwk6gt,https://admin.typeform.com/to/dwk6gt,0,,no_email_candidate_in_email_query,not_flagged,,,,,,valid=0; invalid=0; risky=0; unknown=0
230,606847,autocare.org,no,,,0,,no_email_candidate_in_email_query,not_flagged,,,,,,valid=0; invalid=0; risky=0; unknown=0
231,612491,yourhosting.nl,no,,,0,,no_email_candidate_in_email_query,not_flagged,,,,,,valid=0; invalid=0; risky=0; unknown=0
232,617933,hashtaginvesting.com,yes,https://hashtaginvesting.typeform.com/to/rLE7Cy ; https://hashtaginvesting.typeform.com/to/xvaXzv,https://hashtaginvesting.typeform.com/to/rLE7Cy ; https://hashtaginvesting.typeform.com/to/xvaXzv,0,,no_email_candidate_in_email_query,not_flagged,,,,,,valid=0; invalid=0; risky=0; unknown=0
233,620391,langehair.com,no,,,0,,no_email_candidate_in_email_query,not_flagged,,,,,,valid=0; invalid=0; risky=0; unknown=0
234,623248,campsocial.com,yes,https://p9f9wqlwbjv.typeform.com/to/JnPry3Xk,https://p9f9wqlwbjv.typeform.com/to/JnPry3Xk,0,,no_email_candidate_in_email_query,not_flagged,,,,,,valid=0; invalid=0; risky=0; unknown=0
235,623666,codeworks.me,yes,https://codeworks.typeform.com/to/WXxaWK,https://codeworks.typeform.com/to/WXxaWK,0,,no_email_candidate_in_email_query,not_flagged,,,,,,valid=0; invalid=0; risky=0; unknown=0
236,623821,corporategift.com,no,,,0,,no_email_candidate_in_email_query,not_flagged,,,,,,valid=0; invalid=0; risky=0; unknown=0
237,623947,crownpublishing.com,no,,,0,,no_email_candidate_in_email_query,not_flagged,,,,,,valid=0; invalid=0; risky=0; unknown=0
238,625350,gregfaxon.com,yes,https://gregfaxon.typeform.com/to/PotqpFEw,https://gregfaxon.typeform.com/to/PotqpFEw,0,,no_email_candidate_in_email_query,not_flagged,,,,,,valid=0; invalid=0; risky=0; unknown=0
239,626105,joangarry.com,no,,,0,,no_email_candidate_in_email_query,not_flagged,,,,,,valid=0; invalid=0; risky=0; unknown=0
240,626798,marcopolo.me,yes,https://joya-communications.typeform.com/to/N99UVVuL ; https://joya-communications.typeform.com/to/P3ikutcY ; https://joya-communications.typeform.com/to/zZ7luqOy,https://joya-communications.typeform.com/to/N99UVVuL ; https://joya-communications.typeform.com/to/P3ikutcY ; https://joya-communications.typeform.com/to/zZ7luqOy,0,,no_email_candidate_in_email_query,not_flagged,,,,,,valid=0; invalid=0; risky=0; unknown=0
241,627420,naturalforce.com,yes,https://naturalforce.typeform.com/to/NCuFX3,https://naturalforce.typeform.com/to/NCuFX3,0,,no_email_candidate_in_email_query,not_flagged,,,,,,valid=0; invalid=0; risky=0; unknown=0
242,630315,topworkplaces.com,no,,,0,,no_email_candidate_in_email_query,not_flagged,,,,,,valid=0; invalid=0; risky=0; unknown=0
243,633345,mentedcosmetics.com,yes,https://form.typeform.com/to/kkiuk9uW,https://form.typeform.com/to/kkiuk9uW,0,,no_email_candidate_in_email_query,not_flagged,,,,,,valid=0; invalid=0; risky=0; unknown=0
244,637143,shinez.io,yes,https://shinez.typeform.com/to/sijFsj,https://shinez.typeform.com/to/sijFsj,0,,no_email_candidate_in_email_query,not_flagged,,,,,,valid=0; invalid=0; risky=0; unknown=0
245,641039,silviafoz.com,yes,https://silviafoz.typeform.com/to/Tbd856pq,https://silviafoz.typeform.com/to/Tbd856pq,0,,no_email_candidate_in_email_query,not_flagged,,,,,,valid=0; invalid=0; risky=0; unknown=0
246,646103,grovesbatteries.co.uk,yes,https://mia388.typeform.com/to/CqG6sY,https://mia388.typeform.com/to/CqG6sY,0,,no_email_candidate_in_email_query,not_flagged,,,,,,valid=0; invalid=0; risky=0; unknown=0
247,646713,minibarproducts.com,yes,https://zwegqjokao2.typeform.com/to/sgWPVY5a,https://zwegqjokao2.typeform.com/to/sgWPVY5a,0,,no_email_candidate_in_email_query,not_flagged,,,,,,valid=0; invalid=0; risky=0; unknown=0
248,650290,daytonachamber.com,no,,,0,,no_email_candidate_in_email_query,not_flagged,,,,,,valid=0; invalid=0; risky=0; unknown=0
249,651551,villagroupresorts.com,yes,https://condenast-interactive.typeform.com/to/GhxPTyFR,https://condenast-interactive.typeform.com/to/GhxPTyFR,0,,no_email_candidate_in_email_query,not_flagged,,,,,,valid=0; invalid=0; risky=0; unknown=0
250,652834,reddotforum.com,yes,https://leicastoremiami.typeform.com/to/Vg4M6z20 ; https://leicastoremiami.typeform.com/to/Vg4M6z20The,https://leicastoremiami.typeform.com/to/Vg4M6z20 ; https://leicastoremiami.typeform.com/to/Vg4M6z20The,0,,no_email_candidate_in_email_query,not_flagged,,,,,,valid=0; invalid=0; risky=0; unknown=0
251,652922,penguinrandomhouseaudio.com,no,,,0,,no_email_candidate_in_email_query,not_flagged,,,,,,valid=0; invalid=0; risky=0; unknown=0
252,653233,wordweaverfreelance.com,yes,https://wordweaverfreelance.typeform.com/to/hptNLx,https://wordweaverfreelance.typeform.com/to/hptNLx,0,,no_email_candidate_in_email_query,not_flagged,,,,,,valid=0; invalid=0; risky=0; unknown=0
253,654093,improvehealth.info,no,,,1,info@menopausecare.co.uk,showing_email_candidates,not_flagged,,,,,,valid=0; invalid=0; risky=0; unknown=0
254,658385,edialog.com.br,no,,,0,,no_email_candidate_in_email_query,not_flagged,,,,,,valid=0; invalid=0; risky=0; unknown=0
255,660239,verdadyfe.com,yes,https://verdadyfe.typeform.com/to/n2kJaL,https://verdadyfe.typeform.com/to/n2kJaL,0,,no_email_candidate_in_email_query,not_flagged,,,,,,valid=0; invalid=0; risky=0; unknown=0
256,671467,workspace.co.uk,no,,,0,,no_email_candidate_in_email_query,not_flagged,,,,,,valid=0; invalid=0; risky=0; unknown=0
257,676078,anbl.com,no,,,0,,no_email_candidate_in_email_query,not_flagged,,,,,,valid=0; invalid=0; risky=0; unknown=0
258,686951,uievolution.com,no,,,0,,no_email_candidate_in_email_query,not_flagged,,,,,,valid=0; invalid=0; risky=0; unknown=0
259,688473,bring.nl,no,,,0,,no_email_candidate_in_email_query,not_flagged,,,,,,valid=0; invalid=0; risky=0; unknown=0
260,688492,cangoo.nl,no,,,0,,no_email_candidate_in_email_query,not_flagged,,,,,,valid=0; invalid=0; risky=0; unknown=0
261,689480,mapledyne.com,no,,,0,,no_email_candidate_in_email_query,not_flagged,,,,,,valid=0; invalid=0; risky=0; unknown=0
262,691798,turborebels.com,no,,,0,,no_email_candidate_in_email_query,not_flagged,,,,,,valid=0; invalid=0; risky=0; unknown=0
263,693132,freshsparks.com,no,,,0,,no_email_candidate_in_email_query,not_flagged,,,,,,valid=0; invalid=0; risky=0; unknown=0
264,694476,hello-tomorrow.org,no,,,0,,no_email_candidate_in_email_query,not_flagged,,,,,,valid=0; invalid=0; risky=0; unknown=0
265,703345,diligentiagroup.com,no,,,0,,no_email_candidate_in_email_query,not_flagged,,,,,,valid=0; invalid=0; risky=0; unknown=0
266,705319,petvideoverify.com,no,,,0,,no_email_candidate_in_email_query,not_flagged,,,,,,valid=0; invalid=0; risky=0; unknown=0
267,708853,supple.com.au,yes,https://form.typeform.com/to/it8wWdEj,https://form.typeform.com/to/it8wWdEj,0,,no_email_candidate_in_email_query,not_flagged,,,,,,valid=0; invalid=0; risky=0; unknown=0
268,710379,sealy.com.tw,yes,https://sealysupport.typeform.com/to/m07SUVYn,https://sealysupport.typeform.com/to/m07SUVYn,0,,no_email_candidate_in_email_query,not_flagged,,,,,,valid=0; invalid=0; risky=0; unknown=0
269,718518,gopodengo.com,yes,https://gemma410384.typeform.com/to/RtOgIMos,https://gemma410384.typeform.com/to/RtOgIMos,0,,no_email_candidate_in_email_query,not_flagged,,,,,,valid=0; invalid=0; risky=0; unknown=0
270,721336,sphericaldefence.com,yes,https://sphericaldefence.typeform.com/to/nKgG2p,https://sphericaldefence.typeform.com/to/nKgG2p,0,,no_email_candidate_in_email_query,not_flagged,,,,,,valid=0; invalid=0; risky=0; unknown=0
271,737440,minifiglabs.com,yes,https://fishntoast.typeform.com/to/NIPrvGbJ,https://fishntoast.typeform.com/to/NIPrvGbJ,1,scientist@minifiglabs.com,showing_email_candidates,not_flagged,,,,,,valid=0; invalid=0; risky=0; unknown=0
272,738729,roi-nj.com,yes,https://survey.typeform.com/to/OYn34JB4,https://survey.typeform.com/to/OYn34JB4,0,,no_email_candidate_in_email_query,not_flagged,,,,,,valid=0; invalid=0; risky=0; unknown=0
273,742044,tele-online.com,no,,,0,,no_email_candidate_in_email_query,not_flagged,,,,,,valid=0; invalid=0; risky=0; unknown=0
274,743672,creperoyale.com.br,yes,https://form.typeform.com/to/lJStpfFK,https://form.typeform.com/to/lJStpfFK,0,,no_email_candidate_in_email_query,not_flagged,,,,,,valid=0; invalid=0; risky=0; unknown=0
275,771307,growthhit.com,yes,https://form.typeform.com/to/YQpBA9 ; https://growthhit441536.typeform.com/to/YQpBA9,https://form.typeform.com/to/YQpBA9 ; https://growthhit441536.typeform.com/to/YQpBA9,0,,no_email_candidate_in_email_query,not_flagged,,,,,,valid=0; invalid=0; risky=0; unknown=0
276,772074,investinginplace.org,no,,,0,,no_email_candidate_in_email_query,not_flagged,,,,,,valid=0; invalid=0; risky=0; unknown=0
277,774944,pikeandrose.com,yes,https://userresearch1.typeform.com/to/LKpC7lQP,https://userresearch1.typeform.com/to/LKpC7lQP,0,,no_email_candidate_in_email_query,not_flagged,,,,,,valid=0; invalid=0; risky=0; unknown=0
278,776107,shedbarber.com,yes,https://shedbarber.typeform.com/to/rmGy0BpO,https://shedbarber.typeform.com/to/rmGy0BpO,0,,no_email_candidate_in_email_query,not_flagged,,,,,,valid=0; invalid=0; risky=0; unknown=0
279,780493,stressrx.com,yes,https://form.typeform.com/to/Uzxnnvpt,https://form.typeform.com/to/Uzxnnvpt,0,,no_email_candidate_in_email_query,not_flagged,,,,,,valid=0; invalid=0; risky=0; unknown=0
280,783988,buildily.com,yes,https://form.typeform.com/to/KOdpznfl,https://form.typeform.com/to/KOdpznfl,0,,no_email_candidate_in_email_query,not_flagged,,,,,,valid=0; invalid=0; risky=0; unknown=0
281,805912,vip4u.ir,yes,,,0,,no_email_candidate_in_email_query,not_flagged,,,,,,valid=0; invalid=0; risky=0; unknown=0
282,812901,fullcrossfit.com,yes,https://fullcrossfit.typeform.com/to/XbrU0O,https://fullcrossfit.typeform.com/to/XbrU0O,0,,no_email_candidate_in_email_query,not_flagged,,,,,,valid=0; invalid=0; risky=0; unknown=0
283,813679,hmssweblog.wordpress.com,yes,https://form.typeform.com/to/gbqKqpIZ,https://form.typeform.com/to/gbqKqpIZ,0,,no_email_candidate_in_email_query,not_flagged,,,,,,valid=0; invalid=0; risky=0; unknown=0
284,815521,luxurychicagoapartments.com,yes,https://dqixvf8r0og.typeform.com/to/hmVRKsIz ; https://form.typeform.com/to/oSQjrsUu,https://dqixvf8r0og.typeform.com/to/hmVRKsIz ; https://form.typeform.com/to/oSQjrsUu,0,,no_email_candidate_in_email_query,not_flagged,,,,,,valid=0; invalid=0; risky=0; unknown=0
285,819119,sincrolab.es,yes,https://form.typeform.com/to/gXRKz1uO ; https://form.typeform.com/to/Hen8I3Wo ; https://form.typeform.com/to/hkiZJn3Y ; https://form.typeform.com/to/M7Aw2rGh,https://form.typeform.com/to/gXRKz1uO ; https://form.typeform.com/to/Hen8I3Wo ; https://form.typeform.com/to/hkiZJn3Y ; https://form.typeform.com/to/M7Aw2rGh,0,,no_email_candidate_in_email_query,not_flagged,,,,,,valid=0; invalid=0; risky=0; unknown=0
286,820771,verticelearning.com,no,,,0,,no_email_candidate_in_email_query,not_flagged,,,,,,valid=0; invalid=0; risky=0; unknown=0
287,829990,roarstore.com.au,no,,,0,,no_email_candidate_in_email_query,not_flagged,,,,,,valid=0; invalid=0; risky=0; unknown=0
288,830108,tayble.co,yes,https://tayble.typeform.com/to/uVtdB7,https://tayble.typeform.com/to/uVtdB7,0,,no_email_candidate_in_email_query,not_flagged,,,,,,valid=0; invalid=0; risky=0; unknown=0
289,831244,chartcourse.com,yes,https://vitallearning.typeform.com/to/c2TI4x,https://vitallearning.typeform.com/to/c2TI4x,0,,no_email_candidate_in_email_query,not_flagged,,,,,,valid=0; invalid=0; risky=0; unknown=0
290,835672,betterleadersbetterschools.com,yes,https://danielbauer1.typeform.com/to/JKA5V9VM,https://danielbauer1.typeform.com/to/JKA5V9VM,0,,no_email_candidate_in_email_query,not_flagged,,,,,,valid=0; invalid=0; risky=0; unknown=0
291,837196,cinemacon.com,no,,,0,,no_email_candidate_in_email_query,not_flagged,,,,,,valid=0; invalid=0; risky=0; unknown=0
292,838743,dragonflimedia.com,no,,,1,hdhonau@dragonflimedia.com,showing_email_candidates,not_flagged,,,,,,valid=0; invalid=0; risky=0; unknown=0
293,842704,joinpalm.com,yes,https://joinpalm.typeform.com/to/ecA1XRJm,https://joinpalm.typeform.com/to/ecA1XRJm,0,,no_email_candidate_in_email_query,not_flagged,,,,,,valid=0; invalid=0; risky=0; unknown=0
294,851369,thirdshelf.com,yes,https://mxn8s362hnh.typeform.com/to/g7gDoUSy,https://mxn8s362hnh.typeform.com/to/g7gDoUSy,0,,no_email_candidate_in_email_query,not_flagged,,,,,,valid=0; invalid=0; risky=0; unknown=0
295,853441,zachbushmd.com,yes,https://seraphic.typeform.com/to/Z7s7ow ; https://zachbushmd.typeform.com/to/x9xJjPaj,https://seraphic.typeform.com/to/Z7s7ow ; https://zachbushmd.typeform.com/to/x9xJjPaj,0,,no_email_candidate_in_email_query,not_flagged,,,,,,valid=0; invalid=0; risky=0; unknown=0
296,865381,hokify.de,no,,,0,,no_email_candidate_in_email_query,not_flagged,,,,,,valid=0; invalid=0; risky=0; unknown=0
297,877207,traumaheilung.net,yes,https://form.typeform.com/to/X0ca7d1u,https://form.typeform.com/to/X0ca7d1u,0,,no_email_candidate_in_email_query,not_flagged,,,,,,valid=0; invalid=0; risky=0; unknown=0
298,883650,christiania-belysning.no,no,,,0,,no_email_candidate_in_email_query,not_flagged,,,,,,valid=0; invalid=0; risky=0; unknown=0
299,885350,itschool.ro,no,,,0,,no_email_candidate_in_email_query,not_flagged,,,,,,valid=0; invalid=0; risky=0; unknown=0
300,889471,immo2.pro,yes,https://immo2.typeform.com/to/wJxsq1,https://immo2.typeform.com/to/wJxsq1,0,,no_email_candidate_in_email_query,not_flagged,,,,,,valid=0; invalid=0; risky=0; unknown=0
301,898076,20k.org,yes,https://dfcto.typeform.com/to/zFoloHNN,https://dfcto.typeform.com/to/zFoloHNN,0,,no_email_candidate_in_email_query,not_flagged,,,,,,valid=0; invalid=0; risky=0; unknown=0
302,904660,reachpersonaltraining.com,yes,https://form.typeform.com/to/olH4z6yE,https://form.typeform.com/to/olH4z6yE,0,,no_email_candidate_in_email_query,not_flagged,,,,,,valid=0; invalid=0; risky=0; unknown=0
303,926847,redcactusevents.co.uk,yes,https://i1mhby07usy.typeform.com/to/YeGBlKnY,https://i1mhby07usy.typeform.com/to/YeGBlKnY,0,,no_email_candidate_in_email_query,not_flagged,,,,,,valid=0; invalid=0; risky=0; unknown=0
304,928164,simpsons247.com,yes,https://simpsons247.typeform.com/to/c3kh7k,https://simpsons247.typeform.com/to/c3kh7k,0,,no_email_candidate_in_email_query,not_flagged,,,,,,valid=0; invalid=0; risky=0; unknown=0
305,929714,thebarefootbeat.com,no,,,0,,no_email_candidate_in_email_query,not_flagged,,,,,,valid=0; invalid=0; risky=0; unknown=0
306,930145,theramppeople.co.uk,no,,,0,,no_email_candidate_in_email_query,not_flagged,,,,,,valid=0; invalid=0; risky=0; unknown=0
307,931096,unbxd.co.uk,yes,https://unbxdstudios.typeform.com/to/equQNAlw ; https://unbxdstudios.typeform.com/to/KqMmlqJI ; https://unbxdstudios.typeform.com/to/l52AqVYs ; https://unbxdstudios.typeform.com/to/RpksZRsI ; https://unbxdstudios.typeform.com/to/wmbL38Yp,https://unbxdstudios.typeform.com/to/equQNAlw ; https://unbxdstudios.typeform.com/to/KqMmlqJI ; https://unbxdstudios.typeform.com/to/l52AqVYs ; https://unbxdstudios.typeform.com/to/RpksZRsI ; https://unbxdstudios.typeform.com/to/wmbL38Yp,0,,no_email_candidate_in_email_query,not_flagged,,,,,,valid=0; invalid=0; risky=0; unknown=0
308,937534,czstudents.ru,no,,,0,,no_email_candidate_in_email_query,not_flagged,,,,,,valid=0; invalid=0; risky=0; unknown=0
309,947200,appskimtn.com,yes,https://llrom1ikm1l.typeform.com/to/NxNeni1d,https://llrom1ikm1l.typeform.com/to/NxNeni1d,0,,no_email_candidate_in_email_query,not_flagged,,,,,,valid=0; invalid=0; risky=0; unknown=0
310,947850,austsuperfoods.com.au,yes,https://jf1erx18pd3.typeform.com/to/GOgwM5Ae,https://jf1erx18pd3.typeform.com/to/GOgwM5Ae,0,,no_email_candidate_in_email_query,not_flagged,,,,,,valid=0; invalid=0; risky=0; unknown=0
311,949484,blujamcafe.com,yes,https://form.typeform.com/to/BXFQPVud,https://form.typeform.com/to/BXFQPVud,0,,no_email_candidate_in_email_query,not_flagged,,,,,,valid=0; invalid=0; risky=0; unknown=0
312,955414,eb-us.com,no,,,0,,no_email_candidate_in_email_query,not_flagged,,,,,,valid=0; invalid=0; risky=0; unknown=0
313,960730,hotbudget.com,no,,,0,,no_email_candidate_in_email_query,not_flagged,,,,,,valid=0; invalid=0; risky=0; unknown=0
314,965543,manigupta.com,no,,,0,,no_email_candidate_in_email_query,not_flagged,,,,,,valid=0; invalid=0; risky=0; unknown=0
315,967946,mysecureadvantage.com,no,,,1,privacy@mysecureadvantage.com,showing_email_candidates,not_flagged,,,,,,valid=0; invalid=0; risky=0; unknown=0
316,988572,chiquinho.com.br,no,,,0,,no_email_candidate_in_email_query,not_flagged,,,,,,valid=0; invalid=0; risky=0; unknown=0
317,990537,drpaulo.com.br,no,,,1,drpaulo@drpaulo.com.br,showing_email_candidates,not_flagged,,,,,,valid=0; invalid=0; risky=0; unknown=0
318,993480,ident.com.br,no,,,0,,no_email_candidate_in_email_query,not_flagged,,,,,,valid=0; invalid=0; risky=0; unknown=0
319,1003798,laboitenumerique.fr,yes,,,0,,no_email_candidate_in_email_query,not_flagged,,,,,,valid=0; invalid=0; risky=0; unknown=0
320,1010806,googone.com,no,,,0,,no_email_candidate_in_email_query,not_flagged,,,,,,valid=0; invalid=0; risky=0; unknown=0
321,1021084,nationaltoolhireshops.co.uk,no,,,0,,no_email_candidate_in_email_query,not_flagged,,,,,,valid=0; invalid=0; risky=0; unknown=0
322,1035781,justbit.it,no,,,1,info@justbit.it,showing_email_candidates,not_flagged,info@justbit.it,info@justbit.it,,,,valid=1; invalid=0; risky=0; unknown=0
323,1045018,sweetwaternow.com,yes,,,0,,no_email_candidate_in_email_query,not_flagged,,,,,,valid=0; invalid=0; risky=0; unknown=0
324,1045190,whimsysoul.com,no,,,0,,no_email_candidate_in_email_query,not_flagged,,,,,,valid=0; invalid=0; risky=0; unknown=0
325,1046560,pochio.net,no,,,0,,no_email_candidate_in_email_query,not_flagged,,,,,,valid=0; invalid=0; risky=0; unknown=0
326,1047574,skiasia.com,yes,,,0,,no_email_candidate_in_email_query,not_flagged,,,,,,valid=0; invalid=0; risky=0; unknown=0
327,1051571,arabbank.com.jo,no,,,0,,no_email_candidate_in_email_query,not_flagged,,,,,,valid=0; invalid=0; risky=0; unknown=0
328,1074573,irishfa.com,no,,,0,,no_email_candidate_in_email_query,not_flagged,,,,,,valid=0; invalid=0; risky=0; unknown=0
329,1074601,vanlifecustoms.com,no,,,0,,no_email_candidate_in_email_query,not_flagged,,,,,,valid=0; invalid=0; risky=0; unknown=0
330,1102720,directportails.net,yes,,,0,,no_email_candidate_in_email_query,not_flagged,,,,,,valid=0; invalid=0; risky=0; unknown=0
331,1121864,rentalkharma.com,no,,,0,,no_email_candidate_in_email_query,not_flagged,,,,,,valid=0; invalid=0; risky=0; unknown=0
332,1125184,chatham.co.uk,no,,,0,,no_email_candidate_in_email_query,not_flagged,,,,,,valid=0; invalid=0; risky=0; unknown=0
333,1133341,weiman.com,no,,,0,,no_email_candidate_in_email_query,not_flagged,,,,,,valid=0; invalid=0; risky=0; unknown=0
334,1141105,canadaabroad.com,no,,,0,,no_email_candidate_in_email_query,not_flagged,,,,,,valid=0; invalid=0; risky=0; unknown=0
335,1154019,richea30ans.com,yes,,,0,,no_email_candidate_in_email_query,not_flagged,,,,,,valid=0; invalid=0; risky=0; unknown=0
336,1165376,allegro234.net,yes,,,0,,no_email_candidate_in_email_query,not_flagged,,,,,,valid=0; invalid=0; risky=0; unknown=0
337,1167364,juvel-5.com,no,,,0,,no_email_candidate_in_email_query,not_flagged,,,,,,valid=0; invalid=0; risky=0; unknown=0
338,1171605,europeanlemansseries.com,no,,,1,hospitality@europeanlemansseries.com,showing_email_candidates,not_flagged,,,,,,valid=0; invalid=0; risky=0; unknown=0
339,1176485,talentsorter.com,no,,,0,,no_email_candidate_in_email_query,not_flagged,,,,,,valid=0; invalid=0; risky=0; unknown=0
340,1186754,strategypeak.com,yes,,,0,,no_email_candidate_in_email_query,not_flagged,,,,,,valid=0; invalid=0; risky=0; unknown=0
341,1203384,archerandbullglobal.com,yes,,,0,,no_email_candidate_in_email_query,not_flagged,,,,,,valid=0; invalid=0; risky=0; unknown=0
342,1205214,ion-club.net,no,,,0,,no_email_candidate_in_email_query,not_flagged,,,,,,valid=0; invalid=0; risky=0; unknown=0
343,1212945,hotelscan.it,no,,,0,,no_email_candidate_in_email_query,not_flagged,,,,,,valid=0; invalid=0; risky=0; unknown=0
344,1222886,bodhik.com,yes,,,0,,no_email_candidate_in_email_query,not_flagged,,,,,,valid=0; invalid=0; risky=0; unknown=0
345,1226120,soluzionetasse.com,no,,,0,,no_email_candidate_in_email_query,not_flagged,,,,,,valid=0; invalid=0; risky=0; unknown=0
346,1235166,kalba.lt,yes,,,0,,no_email_candidate_in_email_query,not_flagged,,,,,,valid=0; invalid=0; risky=0; unknown=0
347,1237705,syndicom.ch,yes,,,0,,no_email_candidate_in_email_query,not_flagged,,,,,,valid=0; invalid=0; risky=0; unknown=0
348,1254210,ibuku.com,yes,,,3,press@ibuku.com ; sales@ibuku.com ; work@ibuku.com,showing_email_candidates,not_flagged,press@ibuku.com ; sales@ibuku.com,press@ibuku.com ; sales@ibuku.com,,,,valid=2; invalid=0; risky=0; unknown=0
349,1268871,searchviu.com,no,,,1,info@searchviu.com,showing_email_candidates,not_flagged,info@searchviu.com,info@searchviu.com,,,,valid=1; invalid=0; risky=0; unknown=0
350,1272013,lunchbreak.mx,yes,,,0,,no_email_candidate_in_email_query,not_flagged,,,,,,valid=0; invalid=0; risky=0; unknown=0
351,1278366,meritis.fr,no,,,0,,no_email_candidate_in_email_query,not_flagged,,,,,,valid=0; invalid=0; risky=0; unknown=0
352,1289867,changemediagroup.com,no,,,0,,no_email_candidate_in_email_query,not_flagged,,,,,,valid=0; invalid=0; risky=0; unknown=0
353,1294194,phonenumber.com.au,yes,,,0,,no_email_candidate_in_email_query,not_flagged,,,,,,valid=0; invalid=0; risky=0; unknown=0
354,1296319,ubteam.co.uk,no,,,0,,no_email_candidate_in_email_query,not_flagged,,,,,,valid=0; invalid=0; risky=0; unknown=0
355,1296894,my-nurse.jp,yes,,,0,,no_email_candidate_in_email_query,not_flagged,,,,,,valid=0; invalid=0; risky=0; unknown=0
356,1298796,velux.es,no,,,1,servicio.instalacion@velux.com,showing_email_candidates,not_flagged,,,,,,valid=0; invalid=0; risky=0; unknown=0
357,1332843,reiq.com,no,,,0,,no_email_candidate_in_email_query,not_flagged,,,,,,valid=0; invalid=0; risky=0; unknown=0
358,1348138,shipbrokers.jp,no,,,9,brokers@tsltanker.co.jp ; operation@shoun-marine.jp ; projects.jp@ssyglobal.com ; sanwa308@sepia.ocn.ne.jp ; ships@ships21.co.jp ; sunbeam@sunbeamship.co.jp ; takashi.kuramoto@seafortnavi.com ; tsc@teraship.co.jp ; univership@univership.com,showing_email_candidates,not_flagged,,,,,,valid=0; invalid=0; risky=0; unknown=0
359,1350915,swecon.lt,no,,,0,,no_email_candidate_in_email_query,not_flagged,,,,,,valid=0; invalid=0; risky=0; unknown=0
360,1375966,arabbank.com.qa,no,,,1,corporate.businesscenter@arabbank.com,showing_email_candidates,not_flagged,,,,,,valid=0; invalid=0; risky=0; unknown=0
361,1385121,monticket.com,yes,,,3,contact-web@pomme-prod.com ; disneyce@pomme-prod.com ; serviceclients@pomme-prod.com,showing_email_candidates,not_flagged,,,,,,valid=0; invalid=0; risky=0; unknown=0
362,1397501,pickupalpha.com,no,,,1,squattincassanova@pickupalpha.com,showing_email_candidates,not_flagged,,,,,,valid=0; invalid=0; risky=0; unknown=0
363,1398137,ri-okna.cz,yes,,,0,,no_email_candidate_in_email_query,not_flagged,,,,,,valid=0; invalid=0; risky=0; unknown=0
364,1407151,radrounds.com,yes,,,0,,no_email_candidate_in_email_query,not_flagged,,,,,,valid=0; invalid=0; risky=0; unknown=0
365,1415801,thehighlyeffectiveteacher.com,no,,,0,,no_email_candidate_in_email_query,not_flagged,,,,,,valid=0; invalid=0; risky=0; unknown=0
366,1416717,soxes.ch,no,,,0,,no_email_candidate_in_email_query,not_flagged,,,,,,valid=0; invalid=0; risky=0; unknown=0
367,1425049,salonbookingsystem.com,no,,,0,,no_email_candidate_in_email_query,not_flagged,,,,,,valid=0; invalid=0; risky=0; unknown=0
368,1439561,tuuulibreria.org,yes,,,0,,no_email_candidate_in_email_query,not_flagged,,,,,,valid=0; invalid=0; risky=0; unknown=0
369,1442240,gogrit.us,no,,,0,,no_email_candidate_in_email_query,not_flagged,,,,,,valid=0; invalid=0; risky=0; unknown=0
370,1449385,powerpeers.nl,yes,,,0,,no_email_candidate_in_email_query,not_flagged,,,,,,valid=0; invalid=0; risky=0; unknown=0
371,1451386,heathbuildings.com,yes,,,0,,no_email_candidate_in_email_query,not_flagged,,,,,,valid=0; invalid=0; risky=0; unknown=0
372,1456118,twelve-consulting.com,no,,,0,,no_email_candidate_in_email_query,not_flagged,,,,,,valid=0; invalid=0; risky=0; unknown=0
373,1467835,velux.dk,no,,,2,dagslys@velux.com ; service@velux.dk,showing_email_candidates,not_flagged,service@velux.dk,service@velux.dk,,,,valid=1; invalid=0; risky=0; unknown=0
374,1471439,100dayswithoutfear.com,yes,,,0,,no_email_candidate_in_email_query,not_flagged,,,,,,valid=0; invalid=0; risky=0; unknown=0
375,1483339,macappstudio.com,no,,,0,,no_email_candidate_in_email_query,not_flagged,,,,,,valid=0; invalid=0; risky=0; unknown=0
376,1493606,crossfitlionheart.com,no,,,0,,no_email_candidate_in_email_query,not_flagged,,,,,,valid=0; invalid=0; risky=0; unknown=0
377,1500793,coloradospringslabordayliftoff.com,yes,,,0,,no_email_candidate_in_email_query,not_flagged,,,,,,valid=0; invalid=0; risky=0; unknown=0
378,1506840,soprema.ca,no,,,0,,no_email_candidate_in_email_query,not_flagged,,,,,,valid=0; invalid=0; risky=0; unknown=0
379,1508686,logement.org,no,,,0,,no_email_candidate_in_email_query,not_flagged,,,,,,valid=0; invalid=0; risky=0; unknown=0
380,1510847,treeelves.net,yes,,,0,,no_email_candidate_in_email_query,not_flagged,,,,,,valid=0; invalid=0; risky=0; unknown=0
381,1512747,rrpl.org,yes,,,0,,no_email_candidate_in_email_query,not_flagged,,,,,,valid=0; invalid=0; risky=0; unknown=0
382,1514086,centralmarketingintelligence.it,no,,,0,,no_email_candidate_in_email_query,not_flagged,,,,,,valid=0; invalid=0; risky=0; unknown=0
383,1516796,soprema.us,no,,,1,salesforce@performanceroofsystems.us,showing_email_candidates,not_flagged,,,,,,valid=0; invalid=0; risky=0; unknown=0
384,1524211,izabc.com.mx,no,,,0,,no_email_candidate_in_email_query,not_flagged,,,,,,valid=0; invalid=0; risky=0; unknown=0
385,1525765,umoatitres.org,no,,,0,,no_email_candidate_in_email_query,not_flagged,,,,,,valid=0; invalid=0; risky=0; unknown=0
386,1532894,tauceramica.com,yes,,,0,,no_email_candidate_in_email_query,not_flagged,,,,,,valid=0; invalid=0; risky=0; unknown=0
387,1561118,conversionhotel.com,no,,,0,,no_email_candidate_in_email_query,not_flagged,,,,,,valid=0; invalid=0; risky=0; unknown=0
388,1572074,nakashima-motors.com,no,,,1,info@nakashima-motors.com,showing_email_candidates,not_flagged,info@nakashima-motors.com,info@nakashima-motors.com,,,,valid=1; invalid=0; risky=0; unknown=0
389,1572902,kthornbloom.com,no,,,0,,no_email_candidate_in_email_query,not_flagged,,,,,,valid=0; invalid=0; risky=0; unknown=0
390,1580904,denox.es,no,,,0,,no_email_candidate_in_email_query,not_flagged,,,,,,valid=0; invalid=0; risky=0; unknown=0
391,1585402,whenhoundsfly.com,yes,,,0,,no_email_candidate_in_email_query,not_flagged,,,,,,valid=0; invalid=0; risky=0; unknown=0
392,1600030,armonybikes.com,no,,,0,,no_email_candidate_in_email_query,not_flagged,,,,,,valid=0; invalid=0; risky=0; unknown=0
393,1601721,daltonhonda.com.mx,no,,,0,,no_email_candidate_in_email_query,not_flagged,,,,,,valid=0; invalid=0; risky=0; unknown=0
394,1607796,tumejoritv-test.azurewebsites.net,yes,,,0,,no_email_candidate_in_email_query,not_flagged,,,,,,valid=0; invalid=0; risky=0; unknown=0
395,1616907,mysavings.be,yes,,,0,,no_email_candidate_in_email_query,not_flagged,,,,,,valid=0; invalid=0; risky=0; unknown=0
396,1641448,cafewatercolor.com,yes,,,0,,no_email_candidate_in_email_query,not_flagged,,,,,,valid=0; invalid=0; risky=0; unknown=0
397,1652665,lenderspender.nl,no,,,0,,no_email_candidate_in_email_query,not_flagged,,,,,,valid=0; invalid=0; risky=0; unknown=0
398,1654186,pontoeletronico.me,yes,,,0,,no_email_candidate_in_email_query,not_flagged,,,,,,valid=0; invalid=0; risky=0; unknown=0
399,1666466,tx3.com,no,,,0,,no_email_candidate_in_email_query,not_flagged,,,,,,valid=0; invalid=0; risky=0; unknown=0
400,1674250,workingwa.org,yes,,,0,,no_email_candidate_in_email_query,not_flagged,,,,,,valid=0; invalid=0; risky=0; unknown=0
401,1676942,lantmannenagro.fi,no,,,0,,no_email_candidate_in_email_query,not_flagged,,,,,,valid=0; invalid=0; risky=0; unknown=0
402,1679515,velux.ie,no,,,1,daylight@velux.co.uk,showing_email_candidates,not_flagged,,,,,,valid=0; invalid=0; risky=0; unknown=0
403,1686664,mvrq.co,yes,,,0,,no_email_candidate_in_email_query,not_flagged,,,,,,valid=0; invalid=0; risky=0; unknown=0
404,1686857,illinoismun.org,no,,,2,secgen@illinoismun.org ; secretary@illinoismun.org,showing_email_candidates,not_flagged,,,,,,valid=0; invalid=0; risky=0; unknown=0
405,1687519,lemanscup.com,no,,,0,,no_email_candidate_in_email_query,not_flagged,,,,,,valid=0; invalid=0; risky=0; unknown=0
406,1694639,kiezblog-berlin.de,no,,,0,,no_email_candidate_in_email_query,not_flagged,,,,,,valid=0; invalid=0; risky=0; unknown=0
407,1702157,arabbank.ps,no,,,0,,no_email_candidate_in_email_query,not_flagged,,,,,,valid=0; invalid=0; risky=0; unknown=0
408,1716370,impala.in,no,,,0,,no_email_candidate_in_email_query,not_flagged,,,,,,valid=0; invalid=0; risky=0; unknown=0
409,1724406,happentoyourcareer.com,yes,,,0,,no_email_candidate_in_email_query,not_flagged,,,,,,valid=0; invalid=0; risky=0; unknown=0
410,1734535,wp-biz.com,yes,,,0,,no_email_candidate_in_email_query,not_flagged,,,,,,valid=0; invalid=0; risky=0; unknown=0
411,1740556,ivcm.com,no,,,0,,no_email_candidate_in_email_query,not_flagged,,,,,,valid=0; invalid=0; risky=0; unknown=0
412,1747204,cupola.com.br,no,,,1,contato@cupola.com.br,showing_email_candidates,not_flagged,,,,,,valid=0; invalid=0; risky=0; unknown=0
413,1749098,askdrmao.com,yes,,,0,,no_email_candidate_in_email_query,not_flagged,,,,,,valid=0; invalid=0; risky=0; unknown=0
414,1750827,intraceuticals.com,no,,,0,,no_email_candidate_in_email_query,not_flagged,,,,,,valid=0; invalid=0; risky=0; unknown=0
415,1751827,interbel.es,no,,,0,,no_email_candidate_in_email_query,not_flagged,,,,,,valid=0; invalid=0; risky=0; unknown=0
416,1764617,startupportugal.com,yes,,,0,,no_email_candidate_in_email_query,not_flagged,,,,,,valid=0; invalid=0; risky=0; unknown=0
417,1766676,trackingwonder.com,yes,,,0,,no_email_candidate_in_email_query,not_flagged,,,,,,valid=0; invalid=0; risky=0; unknown=0
418,1791254,2020eyesite.com,no,,,0,,no_email_candidate_in_email_query,not_flagged,,,,,,valid=0; invalid=0; risky=0; unknown=0
419,1808537,redseajazz.co.il,no,,,0,,no_email_candidate_in_email_query,not_flagged,,,,,,valid=0; invalid=0; risky=0; unknown=0
420,1810314,puttysquared.com,yes,,,0,,no_email_candidate_in_email_query,not_flagged,,,,,,valid=0; invalid=0; risky=0; unknown=0
421,1818101,tieronetraffic.com,no,,,0,,no_email_candidate_in_email_query,not_flagged,,,,,,valid=0; invalid=0; risky=0; unknown=0
422,1843381,aerosure-medic.com,no,,,0,,no_email_candidate_in_email_query,not_flagged,,,,,,valid=0; invalid=0; risky=0; unknown=0
423,1843391,ianap.gr,yes,,,0,,no_email_candidate_in_email_query,not_flagged,,,,,,valid=0; invalid=0; risky=0; unknown=0
424,1844505,cotesol-parquet.com,no,,,0,,no_email_candidate_in_email_query,not_flagged,,,,,,valid=0; invalid=0; risky=0; unknown=0
425,1852271,renaultshop.fr,no,,,0,,no_email_candidate_in_email_query,not_flagged,,,,,,valid=0; invalid=0; risky=0; unknown=0
426,1855452,sweepbright.com,yes,,,0,,no_email_candidate_in_email_query,not_flagged,,,,,,valid=0; invalid=0; risky=0; unknown=0
427,1858443,funktional.pl,no,,,0,,no_email_candidate_in_email_query,not_flagged,,,,,,valid=0; invalid=0; risky=0; unknown=0
428,1860670,velux.ro,no,,,0,,no_email_candidate_in_email_query,not_flagged,,,,,,valid=0; invalid=0; risky=0; unknown=0
429,1873715,troquer.com.mx,no,,,0,,no_email_candidate_in_email_query,not_flagged,,,,,,valid=0; invalid=0; risky=0; unknown=0
430,1875325,hannigram-network.tumblr.com,yes,,,0,,no_email_candidate_in_email_query,not_flagged,,,,,,valid=0; invalid=0; risky=0; unknown=0
431,1875672,ciriscience.org,yes,,,0,,no_email_candidate_in_email_query,not_flagged,,,,,,valid=0; invalid=0; risky=0; unknown=0
432,1876830,medievalfair.org,no,,,1,medievalfair@ou.edu,showing_email_candidates,not_flagged,,,,,,valid=0; invalid=0; risky=0; unknown=0
433,1876990,portalshed.com,no,,,0,,no_email_candidate_in_email_query,not_flagged,,,,,,valid=0; invalid=0; risky=0; unknown=0
434,1878931,squarerooms.com.sg,yes,,,0,,no_email_candidate_in_email_query,not_flagged,,,,,,valid=0; invalid=0; risky=0; unknown=0
435,1879517,oatfoundry.com,no,,,0,,no_email_candidate_in_email_query,not_flagged,,,,,,valid=0; invalid=0; risky=0; unknown=0
436,1880486,transit55.ca,yes,,,0,,no_email_candidate_in_email_query,not_flagged,,,,,,valid=0; invalid=0; risky=0; unknown=0
437,1898064,directwinnen.nl,yes,,,0,,no_email_candidate_in_email_query,not_flagged,,,,,,valid=0; invalid=0; risky=0; unknown=0
438,1919882,kpop-ciekawostki.blogspot.com,yes,,,0,,no_email_candidate_in_email_query,not_flagged,,,,,,valid=0; invalid=0; risky=0; unknown=0
439,1922241,pggwre.co.nz,no,,,0,,no_email_candidate_in_email_query,not_flagged,,,,,,valid=0; invalid=0; risky=0; unknown=0
440,1922878,crema.us,no,,,1,hello@crema.us,showing_email_candidates,not_flagged,hello@crema.us,hello@crema.us,,,,valid=1; invalid=0; risky=0; unknown=0
441,1939613,commartthailand.com,no,,,1,ctm@arip.co.th,showing_email_candidates,not_flagged,,,,,,valid=0; invalid=0; risky=0; unknown=0
442,1940992,emmy-sharing.de,yes,,,0,,no_email_candidate_in_email_query,not_flagged,,,,,,valid=0; invalid=0; risky=0; unknown=0
443,1942833,10by10.io,yes,,,0,,no_email_candidate_in_email_query,not_flagged,,,,,,valid=0; invalid=0; risky=0; unknown=0
444,1944104,cashinfo.at,yes,,,0,,no_email_candidate_in_email_query,not_flagged,,,,,,valid=0; invalid=0; risky=0; unknown=0
445,1946082,kinderevents-berlin.de,yes,,,0,,no_email_candidate_in_email_query,not_flagged,,,,,,valid=0; invalid=0; risky=0; unknown=0
446,1946289,rabble.dk,no,,,0,,no_email_candidate_in_email_query,not_flagged,,,,,,valid=0; invalid=0; risky=0; unknown=0
447,1951727,dicaseturismo.com.br,no,,,0,,no_email_candidate_in_email_query,not_flagged,,,,,,valid=0; invalid=0; risky=0; unknown=0
448,1952450,decotherapy.com,yes,,,0,,no_email_candidate_in_email_query,not_flagged,,,,,,valid=0; invalid=0; risky=0; unknown=0
449,1952892,competencylibrary.com,no,,,0,,no_email_candidate_in_email_query,not_flagged,,,,,,valid=0; invalid=0; risky=0; unknown=0
450,1965714,klickerinc.com,yes,,,0,,no_email_candidate_in_email_query,not_flagged,,,,,,valid=0; invalid=0; risky=0; unknown=0
451,1974708,lesalon.com,no,,,0,,no_email_candidate_in_email_query,not_flagged,,,,,,valid=0; invalid=0; risky=0; unknown=0
452,1976474,nmkelectronics.com,no,,,0,,no_email_candidate_in_email_query,not_flagged,,,,,,valid=0; invalid=0; risky=0; unknown=0
453,1983414,mommybites.com,no,,,3,info@mommybites.com ; jlf238@gmail.com ; laneythe86@gmail.com,showing_email_candidates,not_flagged,info@mommybites.com,info@mommybites.com,,,,valid=1; invalid=0; risky=0; unknown=0
454,1984630,skytrainforsurrey.org,no,,,0,,no_email_candidate_in_email_query,not_flagged,,,,,,valid=0; invalid=0; risky=0; unknown=0
455,1987456,constituerunpatrimoine.fr,yes,,,0,,no_email_candidate_in_email_query,not_flagged,,,,,,valid=0; invalid=0; risky=0; unknown=0
456,1991300,jumpingrivers.com,no,,,1,hello@jumpingrivers.com,showing_email_candidates,not_flagged,hello@jumpingrivers.com,hello@jumpingrivers.com,,,,valid=1; invalid=0; risky=0; unknown=0
457,1998750,grandcasinobaden.ch,yes,,,3,grandwinners@grandcasinobaden.ch ; info@grandcasinobaden.ch ; restaurant@grandcasinobaden.ch,showing_email_candidates,not_flagged,info@grandcasinobaden.ch,,info@grandcasinobaden.ch,,,valid=0; invalid=1; risky=0; unknown=0
458,2001652,b3designers.co.uk,no,,,0,,no_email_candidate_in_email_query,not_flagged,,,,,,valid=0; invalid=0; risky=0; unknown=0
459,2004061,oy-l.com,yes,,,0,,no_email_candidate_in_email_query,not_flagged,,,,,,valid=0; invalid=0; risky=0; unknown=0
460,2005024,hotelplacedarmes.com,yes,,,0,,no_email_candidate_in_email_query,not_flagged,,,,,,valid=0; invalid=0; risky=0; unknown=0
461,2009493,kadekarini.com,no,,,0,,no_email_candidate_in_email_query,not_flagged,,,,,,valid=0; invalid=0; risky=0; unknown=0
462,2019296,labanquets.com,no,,,0,,no_email_candidate_in_email_query,not_flagged,,,,,,valid=0; invalid=0; risky=0; unknown=0
463,2021365,studioleopard.pl,yes,,,0,,no_email_candidate_in_email_query,not_flagged,,,,,,valid=0; invalid=0; risky=0; unknown=0
464,2022509,hemera.camp,yes,,,0,,no_email_candidate_in_email_query,not_flagged,,,,,,valid=0; invalid=0; risky=0; unknown=0
465,2028846,brandtini.com,yes,,,0,,no_email_candidate_in_email_query,not_flagged,,,,,,valid=0; invalid=0; risky=0; unknown=0
466,2030782,pongorjuhaszattila.hu,yes,,,0,,no_email_candidate_in_email_query,not_flagged,,,,,,valid=0; invalid=0; risky=0; unknown=0
467,2032467,myfancard.com,no,,,0,,no_email_candidate_in_email_query,not_flagged,,,,,,valid=0; invalid=0; risky=0; unknown=0
468,2039722,la-canopee.com,yes,,,0,,no_email_candidate_in_email_query,not_flagged,,,,,,valid=0; invalid=0; risky=0; unknown=0
469,2046491,amhydro.com,yes,,,7,info@amhydro.com ; jenny@amhydro.com ; joe@amhydro.com ; lydia@amhydro.com ; maya@amhydro.com ; orders@amhydro.com ; rudy@amhydro.com,showing_email_candidates,not_flagged,info@amhydro.com,info@amhydro.com,,,,valid=1; invalid=0; risky=0; unknown=0
470,2054931,danone-dany.de,no,,,0,,no_email_candidate_in_email_query,not_flagged,,,,,,valid=0; invalid=0; risky=0; unknown=0
471,2059612,eyelaser.at,no,,,1,info@eyelaser.at,showing_email_candidates,not_flagged,info@eyelaser.at,info@eyelaser.at,,,,valid=1; invalid=0; risky=0; unknown=0
472,2071533,decodingcancer.org,yes,,,0,,no_email_candidate_in_email_query,not_flagged,,,,,,valid=0; invalid=0; risky=0; unknown=0
473,2089950,sisejufe.org.br,yes,,,0,,no_email_candidate_in_email_query,not_flagged,,,,,,valid=0; invalid=0; risky=0; unknown=0
474,2103964,daytrue.com,no,,,0,,no_email_candidate_in_email_query,not_flagged,,,,,,valid=0; invalid=0; risky=0; unknown=0
475,2104860,advisionamc.com,no,,,0,,no_email_candidate_in_email_query,not_flagged,,,,,,valid=0; invalid=0; risky=0; unknown=0
476,2106577,cdagora.com.br,yes,,,0,,no_email_candidate_in_email_query,not_flagged,,,,,,valid=0; invalid=0; risky=0; unknown=0
477,2124972,dealkit.com,no,,,1,careers@dealkit.com,showing_email_candidates,not_flagged,careers@dealkit.com,careers@dealkit.com,,,,valid=1; invalid=0; risky=0; unknown=0
478,2127259,ekincare.com,no,,,4,aravind@ekincare.com ; careers@ekincare.com ; customerexecutive@ekincare.com ; info@ekincare.com,showing_email_candidates,not_flagged,careers@ekincare.com ; info@ekincare.com,info@ekincare.com,careers@ekincare.com,,,valid=1; invalid=1; risky=0; unknown=0
479,2138320,harrisranchbeef.com,no,,,2,a.attia@halalnational.com ; a.attia@sbcglobal.net,showing_email_candidates,not_flagged,,,,,,valid=0; invalid=0; risky=0; unknown=0
480,2149372,hurenbijwooove.nl,no,,,0,,no_email_candidate_in_email_query,not_flagged,,,,,,valid=0; invalid=0; risky=0; unknown=0
481,2152627,artifilum.com,no,,,0,,no_email_candidate_in_email_query,not_flagged,,,,,,valid=0; invalid=0; risky=0; unknown=0
482,2152653,atbroadwaycommons.com,no,,,0,,no_email_candidate_in_email_query,not_flagged,,,,,,valid=0; invalid=0; risky=0; unknown=0
483,2159745,i-fm.net,no,,,0,,no_email_candidate_in_email_query,not_flagged,,,,,,valid=0; invalid=0; risky=0; unknown=0
484,2167623,engeniusonline.com,no,,,0,,no_email_candidate_in_email_query,not_flagged,,,,,,valid=0; invalid=0; risky=0; unknown=0
485,2174588,bijoux-sucres.com,no,,,0,,no_email_candidate_in_email_query,not_flagged,,,,,,valid=0; invalid=0; risky=0; unknown=0
486,2181721,yoelijocuidarme.es,no,,,0,,no_email_candidate_in_email_query,not_flagged,,,,,,valid=0; invalid=0; risky=0; unknown=0
487,2182629,geovation.uk,yes,,,0,,no_email_candidate_in_email_query,not_flagged,,,,,,valid=0; invalid=0; risky=0; unknown=0
488,2197238,allicanhandle.blogspot.com,yes,,,0,,no_email_candidate_in_email_query,not_flagged,,,,,,valid=0; invalid=0; risky=0; unknown=0
489,2199355,fundraisingdirectory.com.au,yes,,,0,,no_email_candidate_in_email_query,not_flagged,,,,,,valid=0; invalid=0; risky=0; unknown=0
490,2214162,pjhayman.com,yes,,,1,jon.mainwaring@pjhayman.com,showing_email_candidates,not_flagged,,,,,,valid=0; invalid=0; risky=0; unknown=0
491,2215341,eastridingleisure.co.uk,no,,,1,leisure@eastriding.gov.uk,showing_email_candidates,not_flagged,,,,,,valid=0; invalid=0; risky=0; unknown=0
492,2215761,natalsemfome.org.br,yes,,,0,,no_email_candidate_in_email_query,not_flagged,,,,,,valid=0; invalid=0; risky=0; unknown=0
493,2216735,henderson-acservice.com,yes,,,0,,no_email_candidate_in_email_query,not_flagged,,,,,,valid=0; invalid=0; risky=0; unknown=0
494,2229607,tufftoe.com,no,,,0,,no_email_candidate_in_email_query,not_flagged,,,,,,valid=0; invalid=0; risky=0; unknown=0
495,2231141,jazzpress.pl,no,,,0,,no_email_candidate_in_email_query,not_flagged,,,,,,valid=0; invalid=0; risky=0; unknown=0
496,2232844,flint.nl,no,,,2,evenementen@flint.nl ; kassa@flint.nl,showing_email_candidates,not_flagged,,,,,,valid=0; invalid=0; risky=0; unknown=0
497,2233304,whizstorm.com,yes,,,0,,no_email_candidate_in_email_query,not_flagged,,,,,,valid=0; invalid=0; risky=0; unknown=0
498,2239254,mykidhaspaws.org,yes,,,0,,no_email_candidate_in_email_query,not_flagged,,,,,,valid=0; invalid=0; risky=0; unknown=0
499,2240814,mydentistaz.com,no,,,1,office@mydentistaz.com,showing_email_candidates,not_flagged,office@mydentistaz.com,office@mydentistaz.com,,,,valid=1; invalid=0; risky=0; unknown=0
500,2248369,krug2000.ru,no,,,0,,no_email_candidate_in_email_query,not_flagged,,,,,,valid=0; invalid=0; risky=0; unknown=0
501,2303037,architettifreelance.it,yes,,,0,,no_email_candidate_in_email_query,not_flagged,,,,,,valid=0; invalid=0; risky=0; unknown=0
502,2309565,getstrike.co,no,,,0,,no_email_candidate_in_email_query,not_flagged,,,,,,valid=0; invalid=0; risky=0; unknown=0
503,2313387,theappraisaliq.com,no,,,0,,no_email_candidate_in_email_query,not_flagged,,,,,,valid=0; invalid=0; risky=0; unknown=0
504,2313895,comon.pt,no,,,1,geral@comon.pt,showing_email_candidates,not_flagged,,,,,,valid=0; invalid=0; risky=0; unknown=0
505,2332759,premiumbola.com,no,,,0,,no_email_candidate_in_email_query,not_flagged,,,,,,valid=0; invalid=0; risky=0; unknown=0
506,2333940,agcc.co.uk,yes,,,3,bulletin@agcc.co.uk ; info@agcc.co.uk ; membership@agcc.co.uk,showing_email_candidates,not_flagged,info@agcc.co.uk,info@agcc.co.uk,,,,valid=1; invalid=0; risky=0; unknown=0
507,2335859,ilviaggiatorgoloso.it,no,,,0,,no_email_candidate_in_email_query,not_flagged,,,,,,valid=0; invalid=0; risky=0; unknown=0
508,2338128,lovechildsocial.com,yes,,,0,,no_email_candidate_in_email_query,not_flagged,,,,,,valid=0; invalid=0; risky=0; unknown=0
509,2338733,rw-invest.com,no,,,0,,no_email_candidate_in_email_query,not_flagged,,,,,,valid=0; invalid=0; risky=0; unknown=0
510,2340409,hourglassworkout.com,yes,,,0,,no_email_candidate_in_email_query,not_flagged,,,,,,valid=0; invalid=0; risky=0; unknown=0
511,2340893,soccercenters.com,yes,,,0,,no_email_candidate_in_email_query,not_flagged,,,,,,valid=0; invalid=0; risky=0; unknown=0
512,2341895,mybuildingconsultants.com.au,no,,,0,,no_email_candidate_in_email_query,not_flagged,,,,,,valid=0; invalid=0; risky=0; unknown=0
513,2345915,michaelfsteger.com,yes,,,0,,no_email_candidate_in_email_query,not_flagged,,,,,,valid=0; invalid=0; risky=0; unknown=0
514,2346048,haddadsmarket.com,yes,,,1,questions@haddadsmarket.com,showing_email_candidates,not_flagged,,,,,,valid=0; invalid=0; risky=0; unknown=0
515,2347180,ultradisc.info,yes,,,0,,no_email_candidate_in_email_query,not_flagged,,,,,,valid=0; invalid=0; risky=0; unknown=0
516,2355456,informagiovaniarezzo.org,no,,,0,,no_email_candidate_in_email_query,not_flagged,,,,,,valid=0; invalid=0; risky=0; unknown=0
517,2362830,apn.pt,yes,,,0,,no_email_candidate_in_email_query,not_flagged,,,,,,valid=0; invalid=0; risky=0; unknown=0
518,2389029,puertadelmar.com.mx,yes,,,0,,no_email_candidate_in_email_query,not_flagged,,,,,,valid=0; invalid=0; risky=0; unknown=0
519,2391197,macquariecloudservices.com,no,,,0,,no_email_candidate_in_email_query,not_flagged,,,,,,valid=0; invalid=0; risky=0; unknown=0
520,2391879,tarjetalibre.com.gt,yes,,,0,,no_email_candidate_in_email_query,not_flagged,,,,,,valid=0; invalid=0; risky=0; unknown=0
521,2394208,natural-majesty.jp,yes,,,0,,no_email_candidate_in_email_query,not_flagged,,,,,,valid=0; invalid=0; risky=0; unknown=0
522,2402372,tremor.com,yes,,,1,geoff@tremor.com,showing_email_candidates,not_flagged,,,,,,valid=0; invalid=0; risky=0; unknown=0
523,2410868,centralpc.org,no,,,1,office@centralpc.org,showing_email_candidates,not_flagged,office@centralpc.org,office@centralpc.org,,,,valid=1; invalid=0; risky=0; unknown=0
524,2411305,iarmas.cl,no,,,4,asistenciaproveedores@empresasarmas.cl ; clientes@empresasarmas.cl ; jcofre@empresasarmas.cl ; jpenaloza@empresasarmas.cl,showing_email_candidates,not_flagged,,,,,,valid=0; invalid=0; risky=0; unknown=0
525,2412185,unfundedlist.com,yes,,,1,dave@unfundedlist.com,showing_email_candidates,not_flagged,,,,,,valid=0; invalid=0; risky=0; unknown=0
526,2413853,lotuslaser.com,no,,,0,,no_email_candidate_in_email_query,not_flagged,,,,,,valid=0; invalid=0; risky=0; unknown=0
527,2417718,soprema.es,no,,,0,,no_email_candidate_in_email_query,not_flagged,,,,,,valid=0; invalid=0; risky=0; unknown=0
528,2433132,schoolwale.net,yes,,,0,,no_email_candidate_in_email_query,not_flagged,,,,,,valid=0; invalid=0; risky=0; unknown=0
529,2435364,mykoreandrama.com,no,,,0,,no_email_candidate_in_email_query,not_flagged,,,,,,valid=0; invalid=0; risky=0; unknown=0
530,2439190,media-institute.com,yes,,,0,,no_email_candidate_in_email_query,not_flagged,,,,,,valid=0; invalid=0; risky=0; unknown=0
531,2449797,evolationyoga.com,yes,,,0,,no_email_candidate_in_email_query,not_flagged,,,,,,valid=0; invalid=0; risky=0; unknown=0
532,2460438,mubcargo.com,yes,,,0,,no_email_candidate_in_email_query,not_flagged,,,,,,valid=0; invalid=0; risky=0; unknown=0
533,2465761,pianonest.com,no,,,0,,no_email_candidate_in_email_query,not_flagged,,,,,,valid=0; invalid=0; risky=0; unknown=0
534,2470811,clubbingtv.com,no,,,0,,no_email_candidate_in_email_query,not_flagged,,,,,,valid=0; invalid=0; risky=0; unknown=0
535,2480784,arabbank.dz,no,,,0,,no_email_candidate_in_email_query,not_flagged,,,,,,valid=0; invalid=0; risky=0; unknown=0
536,2497424,mao.si,yes,,,0,,no_email_candidate_in_email_query,not_flagged,,,,,,valid=0; invalid=0; risky=0; unknown=0
537,2499118,mydiversify.com,no,,,0,,no_email_candidate_in_email_query,not_flagged,,,,,,valid=0; invalid=0; risky=0; unknown=0
538,2504515,palaceflorists.com,no,,,0,,no_email_candidate_in_email_query,not_flagged,,,,,,valid=0; invalid=0; risky=0; unknown=0
539,2526278,silvervalley.fr,yes,,,0,,no_email_candidate_in_email_query,not_flagged,,,,,,valid=0; invalid=0; risky=0; unknown=0
540,2536974,amyyoungcoaching.com,yes,,,0,,no_email_candidate_in_email_query,not_flagged,,,,,,valid=0; invalid=0; risky=0; unknown=0
541,2538452,50-ml.it,no,,,0,,no_email_candidate_in_email_query,not_flagged,,,,,,valid=0; invalid=0; risky=0; unknown=0
542,2554136,bytovki-rf.ru,no,,,0,,no_email_candidate_in_email_query,not_flagged,,,,,,valid=0; invalid=0; risky=0; unknown=0
543,2567110,namgrass.co.uk,no,,,0,,no_email_candidate_in_email_query,not_flagged,,,,,,valid=0; invalid=0; risky=0; unknown=0
544,2567940,animalfreeresearchuk.org,no,,,1,hello@animalfreeresearchuk.org,showing_email_candidates,not_flagged,hello@animalfreeresearchuk.org,hello@animalfreeresearchuk.org,,,,valid=1; invalid=0; risky=0; unknown=0
545,2575020,lifestylematrix.com,no,,,0,,no_email_candidate_in_email_query,not_flagged,,,,,,valid=0; invalid=0; risky=0; unknown=0
546,2590233,parasaber.com.br,no,,,0,,no_email_candidate_in_email_query,not_flagged,,,,,,valid=0; invalid=0; risky=0; unknown=0
547,2592223,sablonjogjaid.com,no,,,0,,no_email_candidate_in_email_query,not_flagged,,,,,,valid=0; invalid=0; risky=0; unknown=0
548,2604546,urbancropsolutions.com,yes,,,1,sales@urbancropsolutions.com,showing_email_candidates,not_flagged,sales@urbancropsolutions.com,sales@urbancropsolutions.com,,,,valid=1; invalid=0; risky=0; unknown=0
549,2607908,enzo.pl,no,,,1,kontakt@enzo.pl,showing_email_candidates,not_flagged,,,,,,valid=0; invalid=0; risky=0; unknown=0
550,2613528,numerik.ca,yes,,,0,,no_email_candidate_in_email_query,not_flagged,,,,,,valid=0; invalid=0; risky=0; unknown=0
551,2614685,furbishco.com,no,,,14,abenenati@furbishco.com ; acapapas@furbishco.com ; accounting@furbish.com ; aweller@furbishco.com ; celittmann@furbishco.com ; claudia.littmann@furbishco.com ; ekohen@furbishco.com ; esidwell@furbishco.com ; estimating@furbishco.com ; hr@furbishco.com ; info@furbishco.com ; jparker@soprema.us ; sdavis@furbishco.com ; twheeler@furbishco.com,showing_email_candidates,not_flagged,hr@furbishco.com ; info@furbishco.com,hr@furbishco.com ; info@furbishco.com,,,,valid=2; invalid=0; risky=0; unknown=0
552,2631391,ethicalseoconsulting.com,yes,,,2,cmeraz@ethicalseoconsulting.com ; mgreen@jurisdigital.com,showing_email_candidates,not_flagged,,,,,,valid=0; invalid=0; risky=0; unknown=0
553,2637658,theupeffect.com,yes,,,0,,no_email_candidate_in_email_query,not_flagged,,,,,,valid=0; invalid=0; risky=0; unknown=0
554,2638037,lotusgunrange.com,no,,,0,,no_email_candidate_in_email_query,not_flagged,,,,,,valid=0; invalid=0; risky=0; unknown=0
555,2646614,helloneighbor.io,yes,,,0,,no_email_candidate_in_email_query,not_flagged,,,,,,valid=0; invalid=0; risky=0; unknown=0
556,2648023,lakecable.com,no,,,0,,no_email_candidate_in_email_query,not_flagged,,,,,,valid=0; invalid=0; risky=0; unknown=0
557,2653071,smpl.co,no,,,1,help@smpl.co,showing_email_candidates,not_flagged,help@smpl.co,help@smpl.co,,,,valid=1; invalid=0; risky=0; unknown=0
558,2653854,tmcasino.com,yes,,,0,,no_email_candidate_in_email_query,not_flagged,,,,,,valid=0; invalid=0; risky=0; unknown=0
559,2656209,yuri-pavl.com,yes,,,0,,no_email_candidate_in_email_query,not_flagged,,,,,,valid=0; invalid=0; risky=0; unknown=0
560,2666907,peak.capital,yes,,,0,,no_email_candidate_in_email_query,not_flagged,,,,,,valid=0; invalid=0; risky=0; unknown=0
561,2667519,firstport.org.uk,yes,,,0,,no_email_candidate_in_email_query,not_flagged,,,,,,valid=0; invalid=0; risky=0; unknown=0
562,2668008,toscanaslc.com,no,,,2,info@toscanaslc.com ; reservations@toscanaslc.com,showing_email_candidates,not_flagged,info@toscanaslc.com ; reservations@toscanaslc.com,,info@toscanaslc.com ; reservations@toscanaslc.com,,,valid=0; invalid=2; risky=0; unknown=0
563,2676589,muf.se,no,,,32,alva.doyle@moderaterna.se ; arthur.limmergard@moderaterna.se ; arvid.persson@moderaterna.se ; carl.hedenbergh@moderaterna.se ; charlie.hederbergt@moderaterna.se ; charlotte.carlgren@moderaterna.se ; edvin.littorin@moderaterna.se ; elias.akerman@moderaterna.se ; elin.bohlin@moderaterna.se ; elsa.wikner@moderaterna.se ; emma.falkbacken@moderaterna.se ; erik.henriksson@moderaterna.se ; florencia.arocalopez@moderaterna.se ; fredrik.eneroth@moderaterna.se ; hugo.rofors@moderaterna.se ; isac.rubin@moderaterna.se ; izabel.riedl@moderaterna.se ; john.rundkvist@moderaterna.se ; linus.heimdal@moderaterna.se ; lucas.amgren@moderaterna.se ; ludvig.anderstrom.muf@gmail.com ; marcus.rydberg@moderaterna.se ; maria.nordgren@moderaterna.se ; michael.hessen@moderaterna.se ; muf.medlem@moderaterna.se ; n@moderaterna.se ; oliver.wallstedt@moderaterna.se ; oscar.widmark@moderaterna.se ; sam.kharazmi@moderaterna.se ; sara.fladje@moderaterna.se ; simon.timsakarlsson@moderaterna.se ; wilhelm.warnborn@moderaterna.se,showing_email_candidates,not_flagged,,,,,,valid=0; invalid=0; risky=0; unknown=0
564,2682201,digital-astronauts.com,yes,,,0,,no_email_candidate_in_email_query,not_flagged,,,,,,valid=0; invalid=0; risky=0; unknown=0
565,2687311,modomodoagency.com,no,,,1,hi@modomodoagency.com,showing_email_candidates,not_flagged,,,,,,valid=0; invalid=0; risky=0; unknown=0
566,2690717,hotelalmere.nl,no,,,0,,no_email_candidate_in_email_query,not_flagged,,,,,,valid=0; invalid=0; risky=0; unknown=0
567,2702953,protohack.org,no,,,0,,no_email_candidate_in_email_query,not_flagged,,,,,,valid=0; invalid=0; risky=0; unknown=0
568,2709191,atelierhosting.com,yes,,,0,,no_email_candidate_in_email_query,not_flagged,,,,,,valid=0; invalid=0; risky=0; unknown=0
569,2714204,fiduciaryfinancialpartners.com,no,,,1,nick@fiduciaryfp.com,showing_email_candidates,not_flagged,,,,,,valid=0; invalid=0; risky=0; unknown=0
570,2719715,toronto-employmentlawyer.com,no,,,0,,no_email_candidate_in_email_query,not_flagged,,,,,,valid=0; invalid=0; risky=0; unknown=0
571,2721777,lafw.net,no,,,0,,no_email_candidate_in_email_query,not_flagged,,,,,,valid=0; invalid=0; risky=0; unknown=0
572,2728261,campinvan.com,no,,,0,,no_email_candidate_in_email_query,not_flagged,,,,,,valid=0; invalid=0; risky=0; unknown=0
573,2731051,velux.se,no,,,0,,no_email_candidate_in_email_query,not_flagged,,,,,,valid=0; invalid=0; risky=0; unknown=0
574,2737726,crcouture.nl,no,,,0,,no_email_candidate_in_email_query,not_flagged,,,,,,valid=0; invalid=0; risky=0; unknown=0
575,2741221,bucarsrv.com,no,,,0,,no_email_candidate_in_email_query,not_flagged,,,,,,valid=0; invalid=0; risky=0; unknown=0
576,2747478,mystery-travel.be,yes,,,0,,no_email_candidate_in_email_query,not_flagged,,,,,,valid=0; invalid=0; risky=0; unknown=0
577,2766649,measuredresultsmarketing.com,no,,,0,,no_email_candidate_in_email_query,not_flagged,,,,,,valid=0; invalid=0; risky=0; unknown=0
578,2776796,everlastingelopements.com,yes,,,1,info@everlastingelopements.com,showing_email_candidates,not_flagged,info@everlastingelopements.com,info@everlastingelopements.com,,,,valid=1; invalid=0; risky=0; unknown=0
579,2783612,comegetcustomized.com,yes,,,1,sales@comegetcustomized.com,showing_email_candidates,not_flagged,sales@comegetcustomized.com,sales@comegetcustomized.com,,,,valid=1; invalid=0; risky=0; unknown=0
580,2788074,bitfab.io,yes,,,0,,no_email_candidate_in_email_query,not_flagged,,,,,,valid=0; invalid=0; risky=0; unknown=0
581,2791043,aurexia.com,yes,,,0,,no_email_candidate_in_email_query,not_flagged,,,,,,valid=0; invalid=0; risky=0; unknown=0
582,2808012,startup-palace.com,yes,,,0,,no_email_candidate_in_email_query,not_flagged,,,,,,valid=0; invalid=0; risky=0; unknown=0
583,2811144,athinasuites.com,yes,,,0,,no_email_candidate_in_email_query,not_flagged,,,,,,valid=0; invalid=0; risky=0; unknown=0
584,2811979,cpacontentlocker.com,no,,,0,,no_email_candidate_in_email_query,not_flagged,,,,,,valid=0; invalid=0; risky=0; unknown=0
585,2812175,champagnecastle.co.za,no,,,1,info@champagnecastle.co.za,showing_email_candidates,not_flagged,info@champagnecastle.co.za,info@champagnecastle.co.za,,,,valid=1; invalid=0; risky=0; unknown=0
586,2829155,adelie-assurances.com,no,,,1,contact@adelie-assurances.com,showing_email_candidates,not_flagged,contact@adelie-assurances.com,contact@adelie-assurances.com,,,,valid=1; invalid=0; risky=0; unknown=0
587,2830636,theatre-madeleine.com,yes,,,8,billetterie@theatremadeleine.com ; compta@theatremadeleine.com ; evenements@theatremadeleine.com ; groupes@theatremadeleine.com ; kletellier@theatremadeleine.com ; pbonneau@theatremadeleine.com ; regie@theatremadeleine.com ; serviceclient@theatremadeleine.com,showing_email_candidates,not_flagged,,,,,,valid=0; invalid=0; risky=0; unknown=0
588,2844768,tashmans.com,yes,,,0,,no_email_candidate_in_email_query,not_flagged,,,,,,valid=0; invalid=0; risky=0; unknown=0
589,2846458,vamosfalarsobreoluto.com.br,yes,,,0,,no_email_candidate_in_email_query,not_flagged,,,,,,valid=0; invalid=0; risky=0; unknown=0
590,2849363,carlespuigdemont.cat,no,,,0,,no_email_candidate_in_email_query,not_flagged,,,,,,valid=0; invalid=0; risky=0; unknown=0
591,2858116,daiichisouken.com,no,,,0,,no_email_candidate_in_email_query,not_flagged,,,,,,valid=0; invalid=0; risky=0; unknown=0
592,2863564,fx-comunik.fr,no,,,0,,no_email_candidate_in_email_query,not_flagged,,,,,,valid=0; invalid=0; risky=0; unknown=0
593,2869049,peakup.org,no,,,1,info@peakup.org,showing_email_candidates,not_flagged,info@peakup.org,info@peakup.org,,,,valid=1; invalid=0; risky=0; unknown=0
594,2871571,biolandes.com,no,,,0,,no_email_candidate_in_email_query,not_flagged,,,,,,valid=0; invalid=0; risky=0; unknown=0
595,2874292,gbl.com,no,,,0,,no_email_candidate_in_email_query,not_flagged,,,,,,valid=0; invalid=0; risky=0; unknown=0
596,2891615,vietnam-shokutaku.com,no,,,0,,no_email_candidate_in_email_query,not_flagged,,,,,,valid=0; invalid=0; risky=0; unknown=0
597,2897368,dancestudioswebdesign.com,yes,,,0,,no_email_candidate_in_email_query,not_flagged,,,,,,valid=0; invalid=0; risky=0; unknown=0
598,2898777,cosmicguild.net,no,,,0,,no_email_candidate_in_email_query,not_flagged,,,,,,valid=0; invalid=0; risky=0; unknown=0
599,2904745,towbinmotorcars.com,yes,,,0,,no_email_candidate_in_email_query,not_flagged,,,,,,valid=0; invalid=0; risky=0; unknown=0
600,2908097,lelab.info,yes,,,0,,no_email_candidate_in_email_query,not_flagged,,,,,,valid=0; invalid=0; risky=0; unknown=0
601,2916056,sustainablebb.com,yes,,,0,,no_email_candidate_in_email_query,not_flagged,,,,,,valid=0; invalid=0; risky=0; unknown=0
602,2922325,akb-versta.ru,no,,,0,,no_email_candidate_in_email_query,not_flagged,,,,,,valid=0; invalid=0; risky=0; unknown=0
603,2926916,telematics.com,yes,,,0,,no_email_candidate_in_email_query,not_flagged,,,,,,valid=0; invalid=0; risky=0; unknown=0
604,2929462,danceaustinstudio.com,no,,,1,danceaustinowner@gmail.com,showing_email_candidates,not_flagged,,,,,,valid=0; invalid=0; risky=0; unknown=0
605,2938382,la-coccinelle.fr,no,,,0,,no_email_candidate_in_email_query,not_flagged,,,,,,valid=0; invalid=0; risky=0; unknown=0
606,2955294,institutodaprostata.com,no,,,1,geral@institutodaprostata.com,showing_email_candidates,not_flagged,,,,,,valid=0; invalid=0; risky=0; unknown=0
607,2959865,unitedsmm.com,yes,,,0,,no_email_candidate_in_email_query,not_flagged,,,,,,valid=0; invalid=0; risky=0; unknown=0
608,2964168,kineticvip.com,no,,,0,,no_email_candidate_in_email_query,not_flagged,,,,,,valid=0; invalid=0; risky=0; unknown=0
609,2965938,umeyashiki-eye.com,no,,,0,,no_email_candidate_in_email_query,not_flagged,,,,,,valid=0; invalid=0; risky=0; unknown=0
610,2970365,moringaconnect.com,yes,,,0,,no_email_candidate_in_email_query,not_flagged,,,,,,valid=0; invalid=0; risky=0; unknown=0
611,2971631,fluidmasteruk.com,no,,,2,dpr@fluidmaster.com ; salesuk@fluidmaster.com,showing_email_candidates,not_flagged,,,,,,valid=0; invalid=0; risky=0; unknown=0
612,2972168,seed4soft.com,yes,,,0,,no_email_candidate_in_email_query,not_flagged,,,,,,valid=0; invalid=0; risky=0; unknown=0
613,2977285,teamazing.at,yes,,,0,,no_email_candidate_in_email_query,not_flagged,,,,,,valid=0; invalid=0; risky=0; unknown=0
614,2983253,cadastre.ch,no,,,31,agi@bd.so.ch ; agi@sh.ch ; agi@sz.ch ; agi@tg.ch ; are.vermessung@bd.zh.ch ; dfe-ucr@ti.ch ; dit@etat.ge.ch ; ds.jd@ur.ch ; geo@bs.ch ; geoinformation@ai.ch ; geoinformation@bl.ch ; gva@bs.ch ; hochbau@gl.ch ; info.agg@zg.ch ; info.agi@be.ch ; info.atg@llv.li ; info.dcg@vd.ch ; info.oerebk@be.ch ; info@alg.gr.ch ; info@budareg.sg.ch ; oereb@ag.ch ; raum.wald@ar.ch ; raumentwicklung@nw.ch ; rawi@lu.ch ; scg.sdt@jura.ch ; sgeo@fr.ch ; sgrf@ne.ch ; sitvs@admin.vs.ch ; vermessung@swisstopo.ch ; vermessungsamt@ag.ch ; volkswirtschaftsamt@ow.ch,showing_email_candidates,not_flagged,,,,,,valid=0; invalid=0; risky=0; unknown=0
615,2989755,orikigroup.com,yes,,,0,,no_email_candidate_in_email_query,not_flagged,,,,,,valid=0; invalid=0; risky=0; unknown=0
616,3002377,opendoctor.it,no,,,0,,no_email_candidate_in_email_query,not_flagged,,,,,,valid=0; invalid=0; risky=0; unknown=0
617,3005151,baggioimoveis.com.br,yes,,,0,,no_email_candidate_in_email_query,not_flagged,,,,,,valid=0; invalid=0; risky=0; unknown=0
618,3006452,ohd.dk,yes,,,1,kontakt@ohd.dk,showing_email_candidates,not_flagged,,,,,,valid=0; invalid=0; risky=0; unknown=0
619,3006838,behere.co,yes,,,0,,no_email_candidate_in_email_query,not_flagged,,,,,,valid=0; invalid=0; risky=0; unknown=0
620,3012009,ezfinance.com.au,yes,,,0,,no_email_candidate_in_email_query,not_flagged,,,,,,valid=0; invalid=0; risky=0; unknown=0
621,3014917,allenmemorial.org,no,,,1,ambc@allenmemorial.org,showing_email_candidates,not_flagged,,,,,,valid=0; invalid=0; risky=0; unknown=0
622,3015388,fruitatwork.eu,no,,,0,,no_email_candidate_in_email_query,not_flagged,,,,,,valid=0; invalid=0; risky=0; unknown=0
623,3021720,goforno.com,no,,,0,,no_email_candidate_in_email_query,not_flagged,,,,,,valid=0; invalid=0; risky=0; unknown=0
624,3021824,velux.lt,no,,,0,,no_email_candidate_in_email_query,not_flagged,,,,,,valid=0; invalid=0; risky=0; unknown=0
625,3022419,chimpmanagement.com,no,,,0,,no_email_candidate_in_email_query,not_flagged,,,,,,valid=0; invalid=0; risky=0; unknown=0
626,3042461,eco.com,yes,,,0,,no_email_candidate_in_email_query,not_flagged,,,,,,valid=0; invalid=0; risky=0; unknown=0
627,3043878,gest.co,yes,,,0,,no_email_candidate_in_email_query,not_flagged,,,,,,valid=0; invalid=0; risky=0; unknown=0
628,3048829,risklab.ca,no,,,0,,no_email_candidate_in_email_query,not_flagged,,,,,,valid=0; invalid=0; risky=0; unknown=0
629,3053351,rheden.nl,no,,,0,,no_email_candidate_in_email_query,not_flagged,,,,,,valid=0; invalid=0; risky=0; unknown=0
630,3057070,replenishwith.us,no,,,0,,no_email_candidate_in_email_query,not_flagged,,,,,,valid=0; invalid=0; risky=0; unknown=0
631,3057401,stampdutycalc.com.au,yes,,,0,,no_email_candidate_in_email_query,not_flagged,,,,,,valid=0; invalid=0; risky=0; unknown=0
632,3057433,career-stories.com,no,,,0,,no_email_candidate_in_email_query,not_flagged,,,,,,valid=0; invalid=0; risky=0; unknown=0
633,3060417,voxmarketinggroup.com,no,,,0,,no_email_candidate_in_email_query,not_flagged,,,,,,valid=0; invalid=0; risky=0; unknown=0
634,3063736,crossfitgantry.com,no,,,0,,no_email_candidate_in_email_query,not_flagged,,,,,,valid=0; invalid=0; risky=0; unknown=0
635,3063750,namurenmai.org,yes,,,0,,no_email_candidate_in_email_query,not_flagged,,,,,,valid=0; invalid=0; risky=0; unknown=0
636,3066112,organisologie.com,yes,,,0,,no_email_candidate_in_email_query,not_flagged,,,,,,valid=0; invalid=0; risky=0; unknown=0
637,3070276,peter-hintze.de,no,,,0,,no_email_candidate_in_email_query,not_flagged,,,,,,valid=0; invalid=0; risky=0; unknown=0
638,3074832,ilsoe.org,yes,,,0,,no_email_candidate_in_email_query,not_flagged,,,,,,valid=0; invalid=0; risky=0; unknown=0
639,3079372,mangatalk.net,yes,,,0,,no_email_candidate_in_email_query,not_flagged,,,,,,valid=0; invalid=0; risky=0; unknown=0
640,3083229,anthemgold.com,no,,,0,,no_email_candidate_in_email_query,not_flagged,,,,,,valid=0; invalid=0; risky=0; unknown=0
641,3084226,symetri.se,no,,,4,info@symetri.se ; martin.burrows@symetri.com ; mats.forssen@symetri.com ; support@symetri.se,showing_email_candidates,not_flagged,info@symetri.se ; support@symetri.se,info@symetri.se ; support@symetri.se,,,,valid=2; invalid=0; risky=0; unknown=0
642,3090096,chatshopper.com,no,,,0,,no_email_candidate_in_email_query,not_flagged,,,,,,valid=0; invalid=0; risky=0; unknown=0
643,3090657,soprema.ch,no,,,0,,no_email_candidate_in_email_query,not_flagged,,,,,,valid=0; invalid=0; risky=0; unknown=0
644,3091299,hennamorena.com,yes,,,0,,no_email_candidate_in_email_query,not_flagged,,,,,,valid=0; invalid=0; risky=0; unknown=0
645,3091638,pci.nl,yes,,,0,,no_email_candidate_in_email_query,not_flagged,,,,,,valid=0; invalid=0; risky=0; unknown=0
646,3098283,neatstuffcollectibles.com,no,,,0,,no_email_candidate_in_email_query,not_flagged,,,,,,valid=0; invalid=0; risky=0; unknown=0
647,3101713,pianodebiti.it,no,,,1,info@pianodebiti.it,showing_email_candidates,not_flagged,info@pianodebiti.it,info@pianodebiti.it,,,,valid=1; invalid=0; risky=0; unknown=0
648,3102346,orbitermag.com,no,,,0,,no_email_candidate_in_email_query,not_flagged,,,,,,valid=0; invalid=0; risky=0; unknown=0
649,3105229,kidpreneurs.org,yes,,,1,hello@kidpreneurs.org,showing_email_candidates,not_flagged,hello@kidpreneurs.org,hello@kidpreneurs.org,,,,valid=1; invalid=0; risky=0; unknown=0
650,3108657,johnlivesay.com,yes,,,0,,no_email_candidate_in_email_query,not_flagged,,,,,,valid=0; invalid=0; risky=0; unknown=0
651,3108897,trasterosplus.es,yes,,,3,juanxxiii@trasterosplus.es ; laslagunas@trasterosplus.es ; sanmillan@trasterosplus.es,showing_email_candidates,not_flagged,,,,,,valid=0; invalid=0; risky=0; unknown=0
652,3112722,autoselectspb.ru,no,,,0,,no_email_candidate_in_email_query,not_flagged,,,,,,valid=0; invalid=0; risky=0; unknown=0
653,3118327,jfcsatl.org,no,,,0,,no_email_candidate_in_email_query,not_flagged,,,,,,valid=0; invalid=0; risky=0; unknown=0
654,3118646,core-asset.co.uk,no,,,0,,no_email_candidate_in_email_query,not_flagged,,,,,,valid=0; invalid=0; risky=0; unknown=0
655,3125096,earthtvnet.com,yes,,,0,,no_email_candidate_in_email_query,not_flagged,,,,,,valid=0; invalid=0; risky=0; unknown=0
656,3125125,bprsupra.com,no,,,0,,no_email_candidate_in_email_query,not_flagged,,,,,,valid=0; invalid=0; risky=0; unknown=0
657,3135014,barrygoldsteinmusic.com,yes,,,0,,no_email_candidate_in_email_query,not_flagged,,,,,,valid=0; invalid=0; risky=0; unknown=0
658,3140098,volvic.de,no,,,0,,no_email_candidate_in_email_query,not_flagged,,,,,,valid=0; invalid=0; risky=0; unknown=0
659,3176310,securitysystemreviews.com,yes,,,0,,no_email_candidate_in_email_query,not_flagged,,,,,,valid=0; invalid=0; risky=0; unknown=0
660,3186074,neleman.org,no,,,0,,no_email_candidate_in_email_query,not_flagged,,,,,,valid=0; invalid=0; risky=0; unknown=0
661,3197692,mecklenburg.org,yes,,,0,,no_email_candidate_in_email_query,not_flagged,,,,,,valid=0; invalid=0; risky=0; unknown=0
662,3213797,mekorma.com,yes,,,0,,no_email_candidate_in_email_query,not_flagged,,,,,,valid=0; invalid=0; risky=0; unknown=0
663,3214796,tortiliscamps.com,no,,,0,,no_email_candidate_in_email_query,not_flagged,,,,,,valid=0; invalid=0; risky=0; unknown=0
664,3216307,theplugineconomy.com,yes,,,0,,no_email_candidate_in_email_query,not_flagged,,,,,,valid=0; invalid=0; risky=0; unknown=0
665,3218023,costa.info.pl,no,,,0,,no_email_candidate_in_email_query,not_flagged,,,,,,valid=0; invalid=0; risky=0; unknown=0
666,3226581,tree.it,no,,,0,,no_email_candidate_in_email_query,not_flagged,,,,,,valid=0; invalid=0; risky=0; unknown=0
667,3229490,iba-industrial.com,no,,,0,,no_email_candidate_in_email_query,not_flagged,,,,,,valid=0; invalid=0; risky=0; unknown=0
668,3229701,teonite.com,yes,,,3,hello@teonite.com ; mike@teonite.com ; robert@teonite.com,showing_email_candidates,not_flagged,hello@teonite.com,,hello@teonite.com,,,valid=0; invalid=1; risky=0; unknown=0
669,3243990,route66ventures.com,no,,,9,arif@r66.vc ; ben@r66.vc ; david@r66.vc ; eric@r66.vc ; joe@r66.vc ; mike@r66.vc ; ryan@r66.vc ; stuart@r66.vc ; trent@r66.vc,showing_email_candidates,not_flagged,,,,,,valid=0; invalid=0; risky=0; unknown=0
670,3266307,originsmartmarketing.com,yes,,,0,,no_email_candidate_in_email_query,not_flagged,,,,,,valid=0; invalid=0; risky=0; unknown=0
671,3268813,saffronsageliving.com,yes,,,0,,no_email_candidate_in_email_query,not_flagged,,,,,,valid=0; invalid=0; risky=0; unknown=0
672,3270144,hotelassen.nl,no,,,0,,no_email_candidate_in_email_query,not_flagged,,,,,,valid=0; invalid=0; risky=0; unknown=0
673,3271890,iamsupercharged.com,no,,,0,,no_email_candidate_in_email_query,not_flagged,,,,,,valid=0; invalid=0; risky=0; unknown=0
674,3280577,orgzit.com,no,,,0,,no_email_candidate_in_email_query,not_flagged,,,,,,valid=0; invalid=0; risky=0; unknown=0
675,3281396,blakeboles.com,yes,,,0,,no_email_candidate_in_email_query,not_flagged,,,,,,valid=0; invalid=0; risky=0; unknown=0
676,3281409,museorisorgimentotorino.it,no,,,0,,no_email_candidate_in_email_query,not_flagged,,,,,,valid=0; invalid=0; risky=0; unknown=0
677,3284305,rakli.fi,yes,,,0,,no_email_candidate_in_email_query,not_flagged,,,,,,valid=0; invalid=0; risky=0; unknown=0
678,3287643,assystel.fr,no,,,0,,no_email_candidate_in_email_query,not_flagged,,,,,,valid=0; invalid=0; risky=0; unknown=0
679,3290142,seminare4you.de,yes,,,1,rkwichmann@web.de,showing_email_candidates,not_flagged,,,,,,valid=0; invalid=0; risky=0; unknown=0
680,3298667,burningman.nl,no,,,0,,no_email_candidate_in_email_query,not_flagged,,,,,,valid=0; invalid=0; risky=0; unknown=0
681,3305270,tabanmd.com,yes,,,1,office@tabanmd.com,showing_email_candidates,not_flagged,office@tabanmd.com,office@tabanmd.com,,,,valid=1; invalid=0; risky=0; unknown=0
682,3306091,velux.co.nz,no,,,0,,no_email_candidate_in_email_query,not_flagged,,,,,,valid=0; invalid=0; risky=0; unknown=0
683,3315708,vdletg.com,no,,,0,,no_email_candidate_in_email_query,not_flagged,,,,,,valid=0; invalid=0; risky=0; unknown=0
684,3331300,lucamazzucchelli.com,no,,,0,,no_email_candidate_in_email_query,not_flagged,,,,,,valid=0; invalid=0; risky=0; unknown=0
685,3337958,bonbonmusic.com,yes,,,0,,no_email_candidate_in_email_query,not_flagged,,,,,,valid=0; invalid=0; risky=0; unknown=0
686,3339794,mentavio.com,yes,,,0,,no_email_candidate_in_email_query,not_flagged,,,,,,valid=0; invalid=0; risky=0; unknown=0
687,3351927,pischulti.at,yes,,,0,,no_email_candidate_in_email_query,not_flagged,,,,,,valid=0; invalid=0; risky=0; unknown=0
688,3352459,ogawa-childrens-clinic.com,no,,,0,,no_email_candidate_in_email_query,not_flagged,,,,,,valid=0; invalid=0; risky=0; unknown=0
689,3353508,rockfamilychurch.com,no,,,0,,no_email_candidate_in_email_query,not_flagged,,,,,,valid=0; invalid=0; risky=0; unknown=0
690,3353567,spectrum-aesthetics.com,no,,,0,,no_email_candidate_in_email_query,not_flagged,,,,,,valid=0; invalid=0; risky=0; unknown=0
691,3356152,kevzara.com,no,,,0,,no_email_candidate_in_email_query,not_flagged,,,,,,valid=0; invalid=0; risky=0; unknown=0
692,3369224,kenchiku-toyama.com,no,,,0,,no_email_candidate_in_email_query,not_flagged,,,,,,valid=0; invalid=0; risky=0; unknown=0
693,3371656,marocentrepreneurs.com,yes,,,0,,no_email_candidate_in_email_query,not_flagged,,,,,,valid=0; invalid=0; risky=0; unknown=0
694,3386173,nissantireadvantage.com,yes,,,0,,no_email_candidate_in_email_query,not_flagged,,,,,,valid=0; invalid=0; risky=0; unknown=0
695,3389941,velux.bg,no,,,0,,no_email_candidate_in_email_query,not_flagged,,,,,,valid=0; invalid=0; risky=0; unknown=0
696,3400665,mariannes-flammkuchen.de,no,,,0,,no_email_candidate_in_email_query,not_flagged,,,,,,valid=0; invalid=0; risky=0; unknown=0
697,3402658,singinflower.com,yes,,,0,,no_email_candidate_in_email_query,not_flagged,,,,,,valid=0; invalid=0; risky=0; unknown=0
698,3403191,truereply.com,no,,,0,,no_email_candidate_in_email_query,not_flagged,,,,,,valid=0; invalid=0; risky=0; unknown=0
699,3413174,massymotors.com,no,,,0,,no_email_candidate_in_email_query,not_flagged,,,,,,valid=0; invalid=0; risky=0; unknown=0
700,3415266,womenintechregatta.com,yes,,,0,,no_email_candidate_in_email_query,not_flagged,,,,,,valid=0; invalid=0; risky=0; unknown=0
701,3417055,georgboerner.de,no,,,5,boerner-technik@soprema.de ; boerner@soprema.de ; mboerner@soprema.de ; mschwarz@soprema.de ; tgrau@soprema.de,showing_email_candidates,not_flagged,,,,,,valid=0; invalid=0; risky=0; unknown=0
702,3417410,fairlanehotel.com,yes,,,0,,no_email_candidate_in_email_query,not_flagged,,,,,,valid=0; invalid=0; risky=0; unknown=0
703,3419417,yolo.com.tr,yes,,,0,,no_email_candidate_in_email_query,not_flagged,,,,,,valid=0; invalid=0; risky=0; unknown=0
704,3428163,goflashwin.com,yes,,,0,,no_email_candidate_in_email_query,not_flagged,,,,,,valid=0; invalid=0; risky=0; unknown=0
705,3437762,systronic.com.au,no,,,1,info@systronic.com.au,showing_email_candidates,not_flagged,info@systronic.com.au,info@systronic.com.au,,,,valid=1; invalid=0; risky=0; unknown=0
706,3438425,chimi.co,yes,,,0,,no_email_candidate_in_email_query,not_flagged,,,,,,valid=0; invalid=0; risky=0; unknown=0
707,3445105,damovo.com,yes,,,0,,no_email_candidate_in_email_query,not_flagged,,,,,,valid=0; invalid=0; risky=0; unknown=0
708,3461921,hungryminds.be,no,,,0,,no_email_candidate_in_email_query,not_flagged,,,,,,valid=0; invalid=0; risky=0; unknown=0
709,3466428,atomicdocs.io,yes,,,0,,no_email_candidate_in_email_query,not_flagged,,,,,,valid=0; invalid=0; risky=0; unknown=0
710,3472280,schmidt-reality.cz,no,,,0,,no_email_candidate_in_email_query,not_flagged,,,,,,valid=0; invalid=0; risky=0; unknown=0
711,3474666,babyboxcanada.org,no,,,0,,no_email_candidate_in_email_query,not_flagged,,,,,,valid=0; invalid=0; risky=0; unknown=0
712,3487335,seiv.gr,yes,,,0,,no_email_candidate_in_email_query,not_flagged,,,,,,valid=0; invalid=0; risky=0; unknown=0
713,3493996,m-tyuouhoikuen.ed.jp,no,,,0,,no_email_candidate_in_email_query,not_flagged,,,,,,valid=0; invalid=0; risky=0; unknown=0
714,3495352,ironlinx.com,yes,,,0,,no_email_candidate_in_email_query,not_flagged,,,,,,valid=0; invalid=0; risky=0; unknown=0
715,3508994,hakueikai.com,no,,,0,,no_email_candidate_in_email_query,not_flagged,,,,,,valid=0; invalid=0; risky=0; unknown=0
716,3518524,ootakisyokai.com,no,,,0,,no_email_candidate_in_email_query,not_flagged,,,,,,valid=0; invalid=0; risky=0; unknown=0
717,3519064,coolculture.org,yes,,,0,,no_email_candidate_in_email_query,not_flagged,,,,,,valid=0; invalid=0; risky=0; unknown=0
718,3520581,thinnal.org,no,,,0,,no_email_candidate_in_email_query,not_flagged,,,,,,valid=0; invalid=0; risky=0; unknown=0
719,3525208,sixthirty.co,yes,,,0,,no_email_candidate_in_email_query,not_flagged,,,,,,valid=0; invalid=0; risky=0; unknown=0
720,3531554,fundela.es,no,,,0,,no_email_candidate_in_email_query,not_flagged,,,,,,valid=0; invalid=0; risky=0; unknown=0
721,3532166,walserwealth.com,no,,,0,,no_email_candidate_in_email_query,not_flagged,,,,,,valid=0; invalid=0; risky=0; unknown=0
722,3548461,hgintakah.com,no,,,0,,no_email_candidate_in_email_query,not_flagged,,,,,,valid=0; invalid=0; risky=0; unknown=0
723,3548526,okautism.org,no,,,3,amber-davis@ouhsc.edu ; michele-deberry@ouhsc.edu ; okautism@ouhsc.edu,showing_email_candidates,not_flagged,,,,,,valid=0; invalid=0; risky=0; unknown=0
724,3558622,communicart.fr,yes,,,0,,no_email_candidate_in_email_query,not_flagged,,,,,,valid=0; invalid=0; risky=0; unknown=0
725,3566328,kihyuntorturenet.tumblr.com,yes,,,0,,no_email_candidate_in_email_query,not_flagged,,,,,,valid=0; invalid=0; risky=0; unknown=0
726,3570458,letsmakeapps.io,yes,,,0,,no_email_candidate_in_email_query,not_flagged,,,,,,valid=0; invalid=0; risky=0; unknown=0
727,3597025,awaken180weightloss.com,no,,,0,,no_email_candidate_in_email_query,not_flagged,,,,,,valid=0; invalid=0; risky=0; unknown=0
728,3600416,casalsonline.es,yes,,,0,,no_email_candidate_in_email_query,not_flagged,,,,,,valid=0; invalid=0; risky=0; unknown=0
729,3613704,helloomonday.com,yes,,,0,,no_email_candidate_in_email_query,not_flagged,,,,,,valid=0; invalid=0; risky=0; unknown=0
730,3622625,floydsuk.com,no,,,1,sales@floydsuk.com,showing_email_candidates,not_flagged,sales@floydsuk.com,sales@floydsuk.com,,,,valid=1; invalid=0; risky=0; unknown=0
731,3622763,2i3t.it,no,,,0,,no_email_candidate_in_email_query,not_flagged,,,,,,valid=0; invalid=0; risky=0; unknown=0
732,3624969,conductionplate.com,yes,,,0,,no_email_candidate_in_email_query,not_flagged,,,,,,valid=0; invalid=0; risky=0; unknown=0
733,3638605,playvs.com,yes,,,0,,no_email_candidate_in_email_query,not_flagged,,,,,,valid=0; invalid=0; risky=0; unknown=0
734,3644133,collegescholarshipsusa.com,no,,,0,,no_email_candidate_in_email_query,not_flagged,,,,,,valid=0; invalid=0; risky=0; unknown=0
735,3644974,lysomed.be,no,,,0,,no_email_candidate_in_email_query,not_flagged,,,,,,valid=0; invalid=0; risky=0; unknown=0
736,3656873,welcomeearth.tv,yes,,,0,,no_email_candidate_in_email_query,not_flagged,,,,,,valid=0; invalid=0; risky=0; unknown=0
737,3657633,firstavenue.it,no,,,1,support@firstavenue.it,showing_email_candidates,not_flagged,support@firstavenue.it,support@firstavenue.it,,,,valid=1; invalid=0; risky=0; unknown=0
738,3660060,jamitlabs.com,no,,,0,,no_email_candidate_in_email_query,not_flagged,,,,,,valid=0; invalid=0; risky=0; unknown=0
739,3663035,byka.fr,yes,,,0,,no_email_candidate_in_email_query,not_flagged,,,,,,valid=0; invalid=0; risky=0; unknown=0
740,3665501,coachingwithroy.com,no,,,1,roy@coachingwithroy.com,showing_email_candidates,not_flagged,,,,,,valid=0; invalid=0; risky=0; unknown=0
741,3665754,greenville.ag,yes,,,0,,no_email_candidate_in_email_query,not_flagged,,,,,,valid=0; invalid=0; risky=0; unknown=0
742,3674761,tryaffinity.com,no,,,0,,no_email_candidate_in_email_query,not_flagged,,,,,,valid=0; invalid=0; risky=0; unknown=0
743,3677618,mikelinch.com,no,,,0,,no_email_candidate_in_email_query,not_flagged,,,,,,valid=0; invalid=0; risky=0; unknown=0
744,3684378,restore.org.uk,no,,,0,,no_email_candidate_in_email_query,not_flagged,,,,,,valid=0; invalid=0; risky=0; unknown=0
745,3693387,lookbylia.com,no,,,0,,no_email_candidate_in_email_query,not_flagged,,,,,,valid=0; invalid=0; risky=0; unknown=0
746,3699473,saplage.com,no,,,0,,no_email_candidate_in_email_query,not_flagged,,,,,,valid=0; invalid=0; risky=0; unknown=0
747,3702420,biodry.eu,yes,,,0,,no_email_candidate_in_email_query,not_flagged,,,,,,valid=0; invalid=0; risky=0; unknown=0
748,3703783,golgemma.com,no,,,0,,no_email_candidate_in_email_query,not_flagged,,,,,,valid=0; invalid=0; risky=0; unknown=0
749,3716967,aric-ama.co.jp,no,,,1,info@aric-ama.co.jp,showing_email_candidates,not_flagged,info@aric-ama.co.jp,info@aric-ama.co.jp,,,,valid=1; invalid=0; risky=0; unknown=0
750,3727565,rigolcanada.com,no,,,1,onlinesales@electro-meters.com,showing_email_candidates,not_flagged,,,,,,valid=0; invalid=0; risky=0; unknown=0
751,3741718,imt.org,yes,,,0,,no_email_candidate_in_email_query,not_flagged,,,,,,valid=0; invalid=0; risky=0; unknown=0
752,3746333,rotatorsurvey.com,no,,,0,,no_email_candidate_in_email_query,not_flagged,,,,,,valid=0; invalid=0; risky=0; unknown=0
753,3749538,sfiis.org,yes,,,0,,no_email_candidate_in_email_query,not_flagged,,,,,,valid=0; invalid=0; risky=0; unknown=0
754,3749833,lbisystems.com,no,,,0,,no_email_candidate_in_email_query,not_flagged,,,,,,valid=0; invalid=0; risky=0; unknown=0
755,3756031,summit-success.com,no,,,0,,no_email_candidate_in_email_query,not_flagged,,,,,,valid=0; invalid=0; risky=0; unknown=0
756,3772344,mecanicaceahlau.ro,no,,,0,,no_email_candidate_in_email_query,not_flagged,,,,,,valid=0; invalid=0; risky=0; unknown=0
757,3772477,refugecf.com,no,,,2,brent@refugecf.com ; info@refugecf.com,showing_email_candidates,not_flagged,info@refugecf.com,info@refugecf.com,,,,valid=1; invalid=0; risky=0; unknown=0
758,3774638,albercasaqua.com,yes,,,0,,no_email_candidate_in_email_query,not_flagged,,,,,,valid=0; invalid=0; risky=0; unknown=0
759,3783371,marcelinofreitas.com.br,yes,,,0,,no_email_candidate_in_email_query,not_flagged,,,,,,valid=0; invalid=0; risky=0; unknown=0
760,3787752,arabbank.ma,no,,,1,corporate.businesscenter@arabbank.com,showing_email_candidates,not_flagged,,,,,,valid=0; invalid=0; risky=0; unknown=0
761,3789856,mainmetall.de,yes,,,1,marketing@mainmetall.de,showing_email_candidates,not_flagged,marketing@mainmetall.de,marketing@mainmetall.de,,,,valid=1; invalid=0; risky=0; unknown=0
762,3794425,ribo.it,yes,,,0,,no_email_candidate_in_email_query,not_flagged,,,,,,valid=0; invalid=0; risky=0; unknown=0
763,3797675,dylansallee.com,no,,,0,,no_email_candidate_in_email_query,not_flagged,,,,,,valid=0; invalid=0; risky=0; unknown=0
764,3820353,umkumbe.co.za,no,,,1,res@umkumbe.co.za,showing_email_candidates,not_flagged,,,,,,valid=0; invalid=0; risky=0; unknown=0
765,3823857,raionpoadresu.ru,yes,,,1,contact@sprweb.ru,showing_email_candidates,not_flagged,,,,,,valid=0; invalid=0; risky=0; unknown=0
766,3825393,happytreeyoga.com,yes,,,0,,no_email_candidate_in_email_query,not_flagged,,,,,,valid=0; invalid=0; risky=0; unknown=0
767,3827511,soltgroup.de,yes,,,0,,no_email_candidate_in_email_query,not_flagged,,,,,,valid=0; invalid=0; risky=0; unknown=0
768,3860827,thailandpooltables.com,no,,,0,,no_email_candidate_in_email_query,not_flagged,,,,,,valid=0; invalid=0; risky=0; unknown=0
769,3866371,nside.io,yes,,,0,,no_email_candidate_in_email_query,not_flagged,,,,,,valid=0; invalid=0; risky=0; unknown=0
770,3866392,mudinmar.com,no,,,0,,no_email_candidate_in_email_query,not_flagged,,,,,,valid=0; invalid=0; risky=0; unknown=0
771,3876290,bhaviksarkhedi.com,yes,,,1,brand@ohhmybrand.com,showing_email_candidates,not_flagged,,,,,,valid=0; invalid=0; risky=0; unknown=0
772,3880491,showmedamani.com,no,,,0,,no_email_candidate_in_email_query,not_flagged,,,,,,valid=0; invalid=0; risky=0; unknown=0
773,3895005,kodak-toulouse.com,yes,,,0,,no_email_candidate_in_email_query,not_flagged,,,,,,valid=0; invalid=0; risky=0; unknown=0
774,3895922,toyotaoaxaca.com.mx,no,,,0,,no_email_candidate_in_email_query,not_flagged,,,,,,valid=0; invalid=0; risky=0; unknown=0
775,3906731,cristinamilanez.com,yes,,,0,,no_email_candidate_in_email_query,not_flagged,,,,,,valid=0; invalid=0; risky=0; unknown=0
776,3915362,londonlawnturf.co.uk,no,,,0,,no_email_candidate_in_email_query,not_flagged,,,,,,valid=0; invalid=0; risky=0; unknown=0
777,3925037,vandervalkavifauna.nl,no,,,0,,no_email_candidate_in_email_query,not_flagged,,,,,,valid=0; invalid=0; risky=0; unknown=0
778,3925681,etfpartners.capital,yes,,,0,,no_email_candidate_in_email_query,not_flagged,,,,,,valid=0; invalid=0; risky=0; unknown=0
779,3926980,sharedauto.com,yes,,,0,,no_email_candidate_in_email_query,not_flagged,,,,,,valid=0; invalid=0; risky=0; unknown=0
780,3936950,productivity-software.com,yes,,,0,,no_email_candidate_in_email_query,not_flagged,,,,,,valid=0; invalid=0; risky=0; unknown=0
781,3943631,insankaynaklarizirvesi.com,yes,,,0,,no_email_candidate_in_email_query,not_flagged,,,,,,valid=0; invalid=0; risky=0; unknown=0
782,3947439,specialtyeye.com,yes,,,0,,no_email_candidate_in_email_query,not_flagged,,,,,,valid=0; invalid=0; risky=0; unknown=0
783,3947871,boyd-cantenac.fr,no,,,0,,no_email_candidate_in_email_query,not_flagged,,,,,,valid=0; invalid=0; risky=0; unknown=0
784,3961896,thepizzaproject.co.uk,no,,,2,cafe@thepizzaproject.co.uk ; info@thepizzaproject.co.uk,showing_email_candidates,not_flagged,info@thepizzaproject.co.uk,info@thepizzaproject.co.uk,,,,valid=1; invalid=0; risky=0; unknown=0
785,3965935,getbaqala.com,no,,,0,,no_email_candidate_in_email_query,not_flagged,,,,,,valid=0; invalid=0; risky=0; unknown=0
786,3980110,cielocommunity.org,no,,,0,,no_email_candidate_in_email_query,not_flagged,,,,,,valid=0; invalid=0; risky=0; unknown=0
787,3981702,thedailybitsian.wordpress.com,yes,,,0,,no_email_candidate_in_email_query,not_flagged,,,,,,valid=0; invalid=0; risky=0; unknown=0
788,3982183,yamabiko-chaya.com,no,,,0,,no_email_candidate_in_email_query,not_flagged,,,,,,valid=0; invalid=0; risky=0; unknown=0
789,3983192,chilefacilitadores.cl,no,,,1,contacto@chilefacilitadores.cl,showing_email_candidates,not_flagged,,,,,,valid=0; invalid=0; risky=0; unknown=0
790,3988071,kokuou.com,no,,,1,shop@kokuou.com,showing_email_candidates,not_flagged,,,,,,valid=0; invalid=0; risky=0; unknown=0
791,3990386,saoic.org,yes,,,0,,no_email_candidate_in_email_query,not_flagged,,,,,,valid=0; invalid=0; risky=0; unknown=0
792,3995408,bindez.com,no,,,0,,no_email_candidate_in_email_query,not_flagged,,,,,,valid=0; invalid=0; risky=0; unknown=0
793,4013005,dos-group.com,yes,,,0,,no_email_candidate_in_email_query,not_flagged,,,,,,valid=0; invalid=0; risky=0; unknown=0
794,4019278,vurvesalon.com,yes,,,0,,no_email_candidate_in_email_query,not_flagged,,,,,,valid=0; invalid=0; risky=0; unknown=0
795,4021425,beeping.si,yes,,,0,,no_email_candidate_in_email_query,not_flagged,,,,,,valid=0; invalid=0; risky=0; unknown=0
796,4021578,tajima-in.com,no,,,0,,no_email_candidate_in_email_query,not_flagged,,,,,,valid=0; invalid=0; risky=0; unknown=0
797,4022708,mulberrydental.co.uk,yes,,,0,,no_email_candidate_in_email_query,not_flagged,,,,,,valid=0; invalid=0; risky=0; unknown=0
798,4024415,hydeparkchurch.org,yes,,,0,,no_email_candidate_in_email_query,not_flagged,,,,,,valid=0; invalid=0; risky=0; unknown=0
799,4031005,pahrtners.be,yes,,,2,info@pahrtners.be ; recruitment@pahrtners.be,showing_email_candidates,not_flagged,info@pahrtners.be ; recruitment@pahrtners.be,info@pahrtners.be ; recruitment@pahrtners.be,,,,valid=2; invalid=0; risky=0; unknown=0
800,4033325,payetescotiz.fr,yes,,,0,,no_email_candidate_in_email_query,not_flagged,,,,,,valid=0; invalid=0; risky=0; unknown=0
801,4035285,social-media-university-global.org,yes,,,0,,no_email_candidate_in_email_query,not_flagged,,,,,,valid=0; invalid=0; risky=0; unknown=0
802,4036031,velux.rs,no,,,0,,no_email_candidate_in_email_query,not_flagged,,,,,,valid=0; invalid=0; risky=0; unknown=0
803,4045400,flamingosimulador.com,yes,,,0,,no_email_candidate_in_email_query,not_flagged,,,,,,valid=0; invalid=0; risky=0; unknown=0
804,4052817,artesvisuales.com,yes,,,0,,no_email_candidate_in_email_query,not_flagged,,,,,,valid=0; invalid=0; risky=0; unknown=0
805,4068255,omegagrid.com,yes,,,0,,no_email_candidate_in_email_query,not_flagged,,,,,,valid=0; invalid=0; risky=0; unknown=0
806,4085382,ateamtuition.com,yes,,,1,info@ateamtuition.com,showing_email_candidates,not_flagged,info@ateamtuition.com,info@ateamtuition.com,,,,valid=1; invalid=0; risky=0; unknown=0
807,4086150,learnenjoy.com,yes,,,0,,no_email_candidate_in_email_query,not_flagged,,,,,,valid=0; invalid=0; risky=0; unknown=0
808,4104670,jaunty.org,yes,,,0,,no_email_candidate_in_email_query,not_flagged,,,,,,valid=0; invalid=0; risky=0; unknown=0
809,4109639,dr-fatihdagdelen.com,no,,,0,,no_email_candidate_in_email_query,not_flagged,,,,,,valid=0; invalid=0; risky=0; unknown=0
810,4113707,jordanessentials.com,no,,,0,,no_email_candidate_in_email_query,not_flagged,,,,,,valid=0; invalid=0; risky=0; unknown=0
811,4116466,evanette.se,no,,,0,,no_email_candidate_in_email_query,not_flagged,,,,,,valid=0; invalid=0; risky=0; unknown=0
812,4134389,businesswise.com,no,,,0,,no_email_candidate_in_email_query,not_flagged,,,,,,valid=0; invalid=0; risky=0; unknown=0
813,4137159,pullnsave.com,yes,,,1,info@pullnsave.com,showing_email_candidates,not_flagged,info@pullnsave.com,info@pullnsave.com,,,,valid=1; invalid=0; risky=0; unknown=0
814,4145034,ninastudio.es,yes,,,0,,no_email_candidate_in_email_query,not_flagged,,,,,,valid=0; invalid=0; risky=0; unknown=0
815,4153715,city-visions.net,yes,,,0,,no_email_candidate_in_email_query,not_flagged,,,,,,valid=0; invalid=0; risky=0; unknown=0
816,4158554,kunstaeroe.dk,no,,,0,,no_email_candidate_in_email_query,not_flagged,,,,,,valid=0; invalid=0; risky=0; unknown=0
817,4159089,isomatex.com,no,,,1,info@isomatex.com,showing_email_candidates,not_flagged,info@isomatex.com,info@isomatex.com,,,,valid=1; invalid=0; risky=0; unknown=0
818,4161203,autourdelimage.com,yes,,,0,,no_email_candidate_in_email_query,not_flagged,,,,,,valid=0; invalid=0; risky=0; unknown=0
819,4162753,new-era.me,yes,,,0,,no_email_candidate_in_email_query,not_flagged,,,,,,valid=0; invalid=0; risky=0; unknown=0
820,4163100,cc-carrefour-petrer.com,no,,,0,,no_email_candidate_in_email_query,not_flagged,,,,,,valid=0; invalid=0; risky=0; unknown=0
821,4164230,visch-vanzeggelaar.nl,no,,,20,aart@visch-vanzeggelaar.nl ; amsterdam@visch-vanzeggelaar.nl ; beheer@visch-vanzeggelaar.nl ; bob@visch-vanzeggelaar.nl ; bussum@visch-vanzeggelaar.nl ; carlijn@visch-vanzeggelaar.nl ; daan@visch-vanzeggelaar.nl ; danielle@visch-vanzeggelaar.nl ; dominique@visch-vanzeggelaar.nl ; dorien@visch-vanzeggelaar.nl ; emma@visch-vanzeggelaar.nl ; jeroen@visch-vanzeggelaar.nl ; juliette@visch-vanzeggelaar.nl ; laren@visch-vanzeggelaar.nl ; lisanne@visch-vanzeggelaar.nl ; lon@visch-vanzeggelaar.nl ; martijn@visch-vanzeggelaar.nl ; olivier@visch-vanzeggelaar.nl ; sjors@visch-vanzeggelaar.nl ; stanley@visch-vanzeggelaar.nl,showing_email_candidates,not_flagged,,,,,,valid=0; invalid=0; risky=0; unknown=0
822,4174653,hamri.co.jp,no,,,0,,no_email_candidate_in_email_query,not_flagged,,,,,,valid=0; invalid=0; risky=0; unknown=0
823,4175625,petpocketbook.com,no,,,0,,no_email_candidate_in_email_query,not_flagged,,,,,,valid=0; invalid=0; risky=0; unknown=0
824,4182159,ubex.be,no,,,0,,no_email_candidate_in_email_query,not_flagged,,,,,,valid=0; invalid=0; risky=0; unknown=0
825,4191385,actimel.fr,no,,,0,,no_email_candidate_in_email_query,not_flagged,,,,,,valid=0; invalid=0; risky=0; unknown=0
826,4192016,ardent-group.com,no,,,1,info@ardent-group.com,showing_email_candidates,not_flagged,info@ardent-group.com,info@ardent-group.com,,,,valid=1; invalid=0; risky=0; unknown=0
827,4201024,architeqtsalon.com,yes,,,0,,no_email_candidate_in_email_query,not_flagged,,,,,,valid=0; invalid=0; risky=0; unknown=0
828,4202219,nasca-kk.com,no,,,0,,no_email_candidate_in_email_query,not_flagged,,,,,,valid=0; invalid=0; risky=0; unknown=0
829,4203892,symetri.fi,no,,,8,info@symetri.fi ; janne.talvitie@symetri.com ; juho.laine@symetri.com ; jyrki.petsalo@symetri.com ; markku.koistinen@symetri.com ; marko.aivio@symetri.com ; support@symetri.fi ; timo.vayrynen@symetri.com,showing_email_candidates,not_flagged,info@symetri.fi ; support@symetri.fi,info@symetri.fi ; support@symetri.fi,,,,valid=2; invalid=0; risky=0; unknown=0
830,4217790,tullystraining.com,yes,,,1,tullystraining@gmail.com,showing_email_candidates,not_flagged,,,,,,valid=0; invalid=0; risky=0; unknown=0
831,4220760,novamilia.org,yes,,,0,,no_email_candidate_in_email_query,not_flagged,,,,,,valid=0; invalid=0; risky=0; unknown=0
832,4224820,aery.jp,yes,,,0,,no_email_candidate_in_email_query,not_flagged,,,,,,valid=0; invalid=0; risky=0; unknown=0
833,4235739,figt.org,no,,,1,support@wildapricot.com,showing_email_candidates,not_flagged,,,,,,valid=0; invalid=0; risky=0; unknown=0
834,4235880,loeft.no,no,,,1,salg@loeft.no,showing_email_candidates,not_flagged,,,,,,valid=0; invalid=0; risky=0; unknown=0
835,4243156,singaporevalleyawards.com,yes,,,0,,no_email_candidate_in_email_query,not_flagged,,,,,,valid=0; invalid=0; risky=0; unknown=0
836,4253036,kinit.mx,yes,,,15,aoteromac@kinit.mx ; carlos.abraham@kinit.mx ; cesar@kinit.mx ; colin@kinit.mx ; cristina@kinit.mx ; daniel@kinit.mx ; david@kinit.mx ; devs@kinit.mx ; gerardo@kinit.mx ; isaac@kinit.mx ; jonathan@kinit.mx ; juanjo@kinit.mx ; monica@kinit.mx ; paola@kinit.mx ; sofia@kinit.mx,showing_email_candidates,not_flagged,,,,,,valid=0; invalid=0; risky=0; unknown=0
837,4254763,velux.com.tr,no,,,1,v-tr@velux.com,showing_email_candidates,not_flagged,,,,,,valid=0; invalid=0; risky=0; unknown=0
838,4269963,kerstmagie.be,yes,,,0,,no_email_candidate_in_email_query,not_flagged,,,,,,valid=0; invalid=0; risky=0; unknown=0
839,4275230,shrmn.com,yes,,,0,,no_email_candidate_in_email_query,not_flagged,,,,,,valid=0; invalid=0; risky=0; unknown=0
840,4275432,gettothegym.com,no,,,1,customerservice@gettothegym.com,showing_email_candidates,not_flagged,customerservice@gettothegym.com,customerservice@gettothegym.com,,,,valid=1; invalid=0; risky=0; unknown=0
841,4275561,portfolia.co,yes,,,0,,no_email_candidate_in_email_query,not_flagged,,,,,,valid=0; invalid=0; risky=0; unknown=0
842,4297608,basscraft.net,yes,,,0,,no_email_candidate_in_email_query,not_flagged,,,,,,valid=0; invalid=0; risky=0; unknown=0
843,4299302,harleyjohnston.com,no,,,1,harley@harleyjohnston.com,showing_email_candidates,not_flagged,,,,,,valid=0; invalid=0; risky=0; unknown=0
844,4299332,super-friends-moving.com,no,,,0,,no_email_candidate_in_email_query,not_flagged,,,,,,valid=0; invalid=0; risky=0; unknown=0
845,4300483,thefederalistfreestyle.tumblr.com,yes,,,0,,no_email_candidate_in_email_query,not_flagged,,,,,,valid=0; invalid=0; risky=0; unknown=0
846,4302366,medicaldiscoverynews.com,no,,,1,md.news@utmb.edu,showing_email_candidates,not_flagged,,,,,,valid=0; invalid=0; risky=0; unknown=0
847,4307134,bmwshow.co.uk,yes,,,0,,no_email_candidate_in_email_query,not_flagged,,,,,,valid=0; invalid=0; risky=0; unknown=0
848,4311326,baluvaithinathan.com,no,,,1,iam@baluvaithinathan.com,showing_email_candidates,not_flagged,,,,,,valid=0; invalid=0; risky=0; unknown=0
849,4319640,tomassvitorka.com,yes,,,0,,no_email_candidate_in_email_query,not_flagged,,,,,,valid=0; invalid=0; risky=0; unknown=0
850,4328681,trendytripping.com,yes,,,0,,no_email_candidate_in_email_query,not_flagged,,,,,,valid=0; invalid=0; risky=0; unknown=0
851,4337145,coraglobal.es,yes,,,0,,no_email_candidate_in_email_query,not_flagged,,,,,,valid=0; invalid=0; risky=0; unknown=0
852,4351706,macoco-resort.com,yes,,,0,,no_email_candidate_in_email_query,not_flagged,,,,,,valid=0; invalid=0; risky=0; unknown=0
853,4358442,rcentres.qc.ca,yes,,,0,,no_email_candidate_in_email_query,not_flagged,,,,,,valid=0; invalid=0; risky=0; unknown=0
854,4364102,medular.org,no,,,0,,no_email_candidate_in_email_query,not_flagged,,,,,,valid=0; invalid=0; risky=0; unknown=0
855,4368846,picturemotion.com,yes,,,0,,no_email_candidate_in_email_query,not_flagged,,,,,,valid=0; invalid=0; risky=0; unknown=0
856,4370870,mikeycandesign.com,yes,,,0,,no_email_candidate_in_email_query,not_flagged,,,,,,valid=0; invalid=0; risky=0; unknown=0
857,4370976,unipret.com,yes,,,0,,no_email_candidate_in_email_query,not_flagged,,,,,,valid=0; invalid=0; risky=0; unknown=0
858,4372026,webchamps.net,yes,,,0,,no_email_candidate_in_email_query,not_flagged,,,,,,valid=0; invalid=0; risky=0; unknown=0
859,4389007,dentalphobia.co.uk,yes,,,0,,no_email_candidate_in_email_query,not_flagged,,,,,,valid=0; invalid=0; risky=0; unknown=0
860,4393878,advisable.gr,yes,,,1,welcome@advisable.gr,showing_email_candidates,not_flagged,,,,,,valid=0; invalid=0; risky=0; unknown=0
861,4394602,fits-tyo.com,no,,,1,henshu@fits-tyo.com,showing_email_candidates,not_flagged,,,,,,valid=0; invalid=0; risky=0; unknown=0
862,4404151,sparklecitycomics.com,no,,,0,,no_email_candidate_in_email_query,not_flagged,,,,,,valid=0; invalid=0; risky=0; unknown=0
863,4411523,oldbicycleshop.com,no,,,1,info@oldbicycleshop.com,showing_email_candidates,not_flagged,info@oldbicycleshop.com,,info@oldbicycleshop.com,,,valid=0; invalid=1; risky=0; unknown=0
864,4422181,mycodecentral.com,no,,,0,,no_email_candidate_in_email_query,not_flagged,,,,,,valid=0; invalid=0; risky=0; unknown=0
865,4427445,edgarsfruit.co.uk,yes,,,0,,no_email_candidate_in_email_query,not_flagged,,,,,,valid=0; invalid=0; risky=0; unknown=0
866,4445969,westoakcoffee.com,yes,,,0,,no_email_candidate_in_email_query,not_flagged,,,,,,valid=0; invalid=0; risky=0; unknown=0
867,4449421,mathasasecondlanguage.org,yes,,,0,,no_email_candidate_in_email_query,not_flagged,,,,,,valid=0; invalid=0; risky=0; unknown=0
868,4498686,eurikacase.ru,yes,,,0,,no_email_candidate_in_email_query,not_flagged,,,,,,valid=0; invalid=0; risky=0; unknown=0
869,4500609,lantmannenfinans.se,no,,,0,,no_email_candidate_in_email_query,not_flagged,,,,,,valid=0; invalid=0; risky=0; unknown=0
870,4500834,eas-intl.com,no,,,0,,no_email_candidate_in_email_query,not_flagged,,,,,,valid=0; invalid=0; risky=0; unknown=0
871,4506380,centrostuditaliani.org,yes,,,0,,no_email_candidate_in_email_query,not_flagged,,,,,,valid=0; invalid=0; risky=0; unknown=0
872,4522454,felipecoelho.net,yes,,,0,,no_email_candidate_in_email_query,not_flagged,,,,,,valid=0; invalid=0; risky=0; unknown=0
873,4525700,totalsafes.co.uk,no,,,1,info@totalsafes.co.uk,showing_email_candidates,not_flagged,info@totalsafes.co.uk,info@totalsafes.co.uk,,,,valid=1; invalid=0; risky=0; unknown=0
874,4525844,lofi-house.com,no,,,0,,no_email_candidate_in_email_query,not_flagged,,,,,,valid=0; invalid=0; risky=0; unknown=0
875,4528978,monika-sedivy.de,yes,,,0,,no_email_candidate_in_email_query,not_flagged,,,,,,valid=0; invalid=0; risky=0; unknown=0
876,4533498,theharleystreetdermatologyclinic.co.uk,no,,,0,,no_email_candidate_in_email_query,not_flagged,,,,,,valid=0; invalid=0; risky=0; unknown=0
877,4543593,toutfeu-toutflamme.fr,no,,,0,,no_email_candidate_in_email_query,not_flagged,,,,,,valid=0; invalid=0; risky=0; unknown=0
878,4545321,hoteliq.site,yes,,,0,,no_email_candidate_in_email_query,not_flagged,,,,,,valid=0; invalid=0; risky=0; unknown=0
879,4547314,riaditour.com,no,,,0,,no_email_candidate_in_email_query,not_flagged,,,,,,valid=0; invalid=0; risky=0; unknown=0
880,4562395,preshouse.org,yes,,,0,,no_email_candidate_in_email_query,not_flagged,,,,,,valid=0; invalid=0; risky=0; unknown=0
881,4573756,nerditnow.com,yes,,,0,,no_email_candidate_in_email_query,not_flagged,,,,,,valid=0; invalid=0; risky=0; unknown=0
882,4577183,velux.no,no,,,0,,no_email_candidate_in_email_query,not_flagged,,,,,,valid=0; invalid=0; risky=0; unknown=0
883,4577923,cookshillcc.org,no,,,0,,no_email_candidate_in_email_query,not_flagged,,,,,,valid=0; invalid=0; risky=0; unknown=0
884,4579034,trustshoring.com,yes,,,0,,no_email_candidate_in_email_query,not_flagged,,,,,,valid=0; invalid=0; risky=0; unknown=0
885,4579895,cedricmoulard.fr,yes,,,0,,no_email_candidate_in_email_query,not_flagged,,,,,,valid=0; invalid=0; risky=0; unknown=0
886,4593313,inukai-butuguten.com,no,,,0,,no_email_candidate_in_email_query,not_flagged,,,,,,valid=0; invalid=0; risky=0; unknown=0
887,4594674,gorevity.com,no,,,0,,no_email_candidate_in_email_query,not_flagged,,,,,,valid=0; invalid=0; risky=0; unknown=0
888,4601706,personalinjurylawyersinitaly.com,yes,,,0,,no_email_candidate_in_email_query,not_flagged,,,,,,valid=0; invalid=0; risky=0; unknown=0
889,4603171,aflab.com,no,,,0,,no_email_candidate_in_email_query,not_flagged,,,,,,valid=0; invalid=0; risky=0; unknown=0
890,4609153,hotelgroningenwesterbroek.nl,no,,,0,,no_email_candidate_in_email_query,not_flagged,,,,,,valid=0; invalid=0; risky=0; unknown=0
891,4609698,realmadcrew.com,no,,,0,,no_email_candidate_in_email_query,not_flagged,,,,,,valid=0; invalid=0; risky=0; unknown=0
892,4620122,borisgodin.com,yes,,,0,,no_email_candidate_in_email_query,not_flagged,,,,,,valid=0; invalid=0; risky=0; unknown=0
893,4622154,sonarism.com,yes,,,0,,no_email_candidate_in_email_query,not_flagged,,,,,,valid=0; invalid=0; risky=0; unknown=0
894,4628717,roanokegroup.com,no,,,0,,no_email_candidate_in_email_query,not_flagged,,,,,,valid=0; invalid=0; risky=0; unknown=0
895,4633872,dvuxworkshop.com,yes,,,0,,no_email_candidate_in_email_query,not_flagged,,,,,,valid=0; invalid=0; risky=0; unknown=0
896,4648702,asiafasttrack.com,no,,,0,,no_email_candidate_in_email_query,not_flagged,,,,,,valid=0; invalid=0; risky=0; unknown=0
897,4649109,anoldinternational.co.uk,no,,,0,,no_email_candidate_in_email_query,not_flagged,,,,,,valid=0; invalid=0; risky=0; unknown=0
898,4654353,sunborninfinity.gi,no,,,2,spa@infinitysunborn.com ; spa@sunborngibraltar.com,showing_email_candidates,not_flagged,,,,,,valid=0; invalid=0; risky=0; unknown=0
899,4654562,asahiclinic-kashiwa.com,no,,,0,,no_email_candidate_in_email_query,not_flagged,,,,,,valid=0; invalid=0; risky=0; unknown=0
900,4665057,mobyfree.com,yes,,,0,,no_email_candidate_in_email_query,not_flagged,,,,,,valid=0; invalid=0; risky=0; unknown=0
901,4673311,review-agency.com,no,,,0,,no_email_candidate_in_email_query,not_flagged,,,,,,valid=0; invalid=0; risky=0; unknown=0
902,4673586,gohighermentoring.co.uk,no,,,0,,no_email_candidate_in_email_query,not_flagged,,,,,,valid=0; invalid=0; risky=0; unknown=0
903,4675896,ftuebe.es,yes,,,1,secretaria@ftuebe.es,showing_email_candidates,not_flagged,,,,,,valid=0; invalid=0; risky=0; unknown=0
904,4684802,thecommunityco.com.au,yes,,,0,,no_email_candidate_in_email_query,not_flagged,,,,,,valid=0; invalid=0; risky=0; unknown=0
905,4686826,lactigo.com,no,,,0,,no_email_candidate_in_email_query,not_flagged,,,,,,valid=0; invalid=0; risky=0; unknown=0
906,4687882,aer-amps.org,yes,,,0,,no_email_candidate_in_email_query,not_flagged,,,,,,valid=0; invalid=0; risky=0; unknown=0
907,4695061,finestshops.com,no,,,1,sales@finestshops.com,showing_email_candidates,not_flagged,sales@finestshops.com,sales@finestshops.com,,,,valid=1; invalid=0; risky=0; unknown=0
908,4701909,chinou.co.jp,no,,,0,,no_email_candidate_in_email_query,not_flagged,,,,,,valid=0; invalid=0; risky=0; unknown=0
909,4715748,terworm.nl,no,,,0,,no_email_candidate_in_email_query,not_flagged,,,,,,valid=0; invalid=0; risky=0; unknown=0
910,4717812,stanchem-inc.com,no,,,4,auchy@stanchem-inc.com ; cnye@stanchem-inc.com ; csullivan@stanchem-inc.com ; info@stanchem-inc.com,showing_email_candidates,not_flagged,info@stanchem-inc.com,info@stanchem-inc.com,,,,valid=1; invalid=0; risky=0; unknown=0
911,4718480,paperscent.fr,yes,,,0,,no_email_candidate_in_email_query,not_flagged,,,,,,valid=0; invalid=0; risky=0; unknown=0
912,4732021,cremationinstitute.com,no,,,0,,no_email_candidate_in_email_query,not_flagged,,,,,,valid=0; invalid=0; risky=0; unknown=0
913,4734300,suehirodo.com,no,,,0,,no_email_candidate_in_email_query,not_flagged,,,,,,valid=0; invalid=0; risky=0; unknown=0
914,4736307,littlevoyageurs.com,yes,,,0,,no_email_candidate_in_email_query,not_flagged,,,,,,valid=0; invalid=0; risky=0; unknown=0
915,4741583,masterfarma.com.br,no,,,0,,no_email_candidate_in_email_query,not_flagged,,,,,,valid=0; invalid=0; risky=0; unknown=0
916,4747023,mileo.co,no,,,0,,no_email_candidate_in_email_query,not_flagged,,,,,,valid=0; invalid=0; risky=0; unknown=0
917,4750200,fundaway.com,yes,,,0,,no_email_candidate_in_email_query,not_flagged,,,,,,valid=0; invalid=0; risky=0; unknown=0
918,4753367,tulsaobgyn.com,yes,,,0,,no_email_candidate_in_email_query,not_flagged,,,,,,valid=0; invalid=0; risky=0; unknown=0
919,4756162,touhoku-unix.com,no,,,0,,no_email_candidate_in_email_query,not_flagged,,,,,,valid=0; invalid=0; risky=0; unknown=0
920,4757067,fodboldbilleder.dk,no,,,0,,no_email_candidate_in_email_query,not_flagged,,,,,,valid=0; invalid=0; risky=0; unknown=0
921,4761245,adeptexpeditions.com,no,,,0,,no_email_candidate_in_email_query,not_flagged,,,,,,valid=0; invalid=0; risky=0; unknown=0
922,4761506,akquise-plus.de,yes,,,0,,no_email_candidate_in_email_query,not_flagged,,,,,,valid=0; invalid=0; risky=0; unknown=0
923,4763102,trevicoliseum.it,no,,,0,,no_email_candidate_in_email_query,not_flagged,,,,,,valid=0; invalid=0; risky=0; unknown=0
924,4764577,questionsante.org,no,,,0,,no_email_candidate_in_email_query,not_flagged,,,,,,valid=0; invalid=0; risky=0; unknown=0
925,4774546,glaboo.com,no,,,0,,no_email_candidate_in_email_query,not_flagged,,,,,,valid=0; invalid=0; risky=0; unknown=0
926,4790722,relinkmedical.com,no,,,0,,no_email_candidate_in_email_query,not_flagged,,,,,,valid=0; invalid=0; risky=0; unknown=0
927,4795963,cheneyshen.com,no,,,0,,no_email_candidate_in_email_query,not_flagged,,,,,,valid=0; invalid=0; risky=0; unknown=0
928,4799327,suto-hitomi.com,no,,,0,,no_email_candidate_in_email_query,not_flagged,,,,,,valid=0; invalid=0; risky=0; unknown=0
929,4801113,perdomocigars.com,no,,,0,,no_email_candidate_in_email_query,not_flagged,,,,,,valid=0; invalid=0; risky=0; unknown=0
930,4809869,chimneyking.com,no,,,0,,no_email_candidate_in_email_query,not_flagged,,,,,,valid=0; invalid=0; risky=0; unknown=0
931,4831189,commscouncil.nz,yes,,,0,,no_email_candidate_in_email_query,not_flagged,,,,,,valid=0; invalid=0; risky=0; unknown=0
932,4832847,singinflower.org,yes,,,0,,no_email_candidate_in_email_query,not_flagged,,,,,,valid=0; invalid=0; risky=0; unknown=0
933,4834117,mbsata.com,yes,,,0,,no_email_candidate_in_email_query,not_flagged,,,,,,valid=0; invalid=0; risky=0; unknown=0
934,4840882,pes-trinity.in,yes,,,0,,no_email_candidate_in_email_query,not_flagged,,,,,,valid=0; invalid=0; risky=0; unknown=0
935,4841311,coben-group.com,yes,,,0,,no_email_candidate_in_email_query,not_flagged,,,,,,valid=0; invalid=0; risky=0; unknown=0
936,4844903,matchmysound.com,no,,,1,sfreeman@matchmysound.com,showing_email_candidates,not_flagged,,,,,,valid=0; invalid=0; risky=0; unknown=0
937,4858880,vindictadigital.co.uk,no,,,0,,no_email_candidate_in_email_query,not_flagged,,,,,,valid=0; invalid=0; risky=0; unknown=0
938,4859882,goodpromo.me,no,,,0,,no_email_candidate_in_email_query,not_flagged,,,,,,valid=0; invalid=0; risky=0; unknown=0
939,4861296,diafanomethod.com,no,,,0,,no_email_candidate_in_email_query,not_flagged,,,,,,valid=0; invalid=0; risky=0; unknown=0
940,4864384,toolfuel.eu,yes,,,0,,no_email_candidate_in_email_query,not_flagged,,,,,,valid=0; invalid=0; risky=0; unknown=0
941,4870575,talktotrinity.com,no,,,0,,no_email_candidate_in_email_query,not_flagged,,,,,,valid=0; invalid=0; risky=0; unknown=0
942,4886035,riverside-chamber.com,yes,,,0,,no_email_candidate_in_email_query,not_flagged,,,,,,valid=0; invalid=0; risky=0; unknown=0
943,4889720,toyotasaltillo.com,no,,,0,,no_email_candidate_in_email_query,not_flagged,,,,,,valid=0; invalid=0; risky=0; unknown=0
944,4895188,e-fluent.fr,no,,,0,,no_email_candidate_in_email_query,not_flagged,,,,,,valid=0; invalid=0; risky=0; unknown=0
945,4895950,fountainsquaretattoo.com,no,,,0,,no_email_candidate_in_email_query,not_flagged,,,,,,valid=0; invalid=0; risky=0; unknown=0
946,4898974,insurtechgateway.com,yes,,,0,,no_email_candidate_in_email_query,not_flagged,,,,,,valid=0; invalid=0; risky=0; unknown=0
947,4901992,knoxec.com,yes,,,0,,no_email_candidate_in_email_query,not_flagged,,,,,,valid=0; invalid=0; risky=0; unknown=0
948,4919886,family-wf.jp,no,,,0,,no_email_candidate_in_email_query,not_flagged,,,,,,valid=0; invalid=0; risky=0; unknown=0
949,4924462,hmyboise.com,yes,,,0,,no_email_candidate_in_email_query,not_flagged,,,,,,valid=0; invalid=0; risky=0; unknown=0
950,4930657,artios.io,no,,,0,,no_email_candidate_in_email_query,not_flagged,,,,,,valid=0; invalid=0; risky=0; unknown=0
951,4933813,velux.ua,no,,,1,velux.ukraine@velux.com,showing_email_candidates,not_flagged,,,,,,valid=0; invalid=0; risky=0; unknown=0
952,4942279,creative-footprint.org,yes,,,0,,no_email_candidate_in_email_query,not_flagged,,,,,,valid=0; invalid=0; risky=0; unknown=0
953,4954109,cccofgod.org,no,,,1,church@cccofgod.org,showing_email_candidates,not_flagged,,,,,,valid=0; invalid=0; risky=0; unknown=0
954,4976013,openresources.net,yes,,,0,,no_email_candidate_in_email_query,not_flagged,,,,,,valid=0; invalid=0; risky=0; unknown=0
955,4978077,veronapharma.com,no,,,0,,no_email_candidate_in_email_query,not_flagged,,,,,,valid=0; invalid=0; risky=0; unknown=0
956,4987230,cstenero.ch,no,,,1,cstenero@baspo.admin.ch,showing_email_candidates,not_flagged,,,,,,valid=0; invalid=0; risky=0; unknown=0
957,4999509,rideendpoint.com,yes,,,0,,no_email_candidate_in_email_query,not_flagged,,,,,,valid=0; invalid=0; risky=0; unknown=0
958,5001979,thinkideas.de,no,,,0,,no_email_candidate_in_email_query,not_flagged,,,,,,valid=0; invalid=0; risky=0; unknown=0
959,5005879,profiloconseil.com,no,,,0,,no_email_candidate_in_email_query,not_flagged,,,,,,valid=0; invalid=0; risky=0; unknown=0
960,5007987,immanuelprayerwheel.net,no,,,0,,no_email_candidate_in_email_query,not_flagged,,,,,,valid=0; invalid=0; risky=0; unknown=0
961,5008816,lightyearconstruction.com,yes,,,0,,no_email_candidate_in_email_query,not_flagged,,,,,,valid=0; invalid=0; risky=0; unknown=0
962,5014651,yesandyesyes.com,yes,,,2,help@yxyy.us ; partners@yxyy.us,showing_email_candidates,not_flagged,,,,,,valid=0; invalid=0; risky=0; unknown=0
963,5017250,pyram.fr,yes,,,0,,no_email_candidate_in_email_query,not_flagged,,,,,,valid=0; invalid=0; risky=0; unknown=0
964,5018163,awsr.be,no,,,9,avr@awsr.be ; comm@awsr.be ; dac@awsr.be ; formation@awsr.be ; info@awsr.be ; info@mobilit.fgov.be ; mobilite.infrastructures@spw.wallonie.be ; rdvpedagogique@awsr.be ; stat@awsr.be,showing_email_candidates,not_flagged,info@awsr.be,info@awsr.be,,,,valid=1; invalid=0; risky=0; unknown=0
965,5050938,bonitapark.com,yes,,,0,,no_email_candidate_in_email_query,not_flagged,,,,,,valid=0; invalid=0; risky=0; unknown=0
966,5059431,bambucode.com,no,,,0,,no_email_candidate_in_email_query,not_flagged,,,,,,valid=0; invalid=0; risky=0; unknown=0
967,5071752,insight180.com,yes,,,0,,no_email_candidate_in_email_query,not_flagged,,,,,,valid=0; invalid=0; risky=0; unknown=0
968,5073219,nutislab.com,yes,,,1,information@nutislab.com,showing_email_candidates,not_flagged,,,,,,valid=0; invalid=0; risky=0; unknown=0
969,5075474,idealabsconsulting.com,no,,,2,info@example.com ; info@idealabsconsulting.com,showing_email_candidates,not_flagged,info@idealabsconsulting.com,info@idealabsconsulting.com,,,,valid=1; invalid=0; risky=0; unknown=0
970,5091955,frankvaneman.nl,no,,,0,,no_email_candidate_in_email_query,not_flagged,,,,,,valid=0; invalid=0; risky=0; unknown=0
971,5092967,functionhealthclub.com,yes,,,0,,no_email_candidate_in_email_query,not_flagged,,,,,,valid=0; invalid=0; risky=0; unknown=0
972,5093077,morethanloftladders.co.uk,yes,,,0,,no_email_candidate_in_email_query,not_flagged,,,,,,valid=0; invalid=0; risky=0; unknown=0
973,5095025,nyclassical.org,no,,,0,,no_email_candidate_in_email_query,not_flagged,,,,,,valid=0; invalid=0; risky=0; unknown=0
974,5113648,nesta.fr,no,,,0,,no_email_candidate_in_email_query,not_flagged,,,,,,valid=0; invalid=0; risky=0; unknown=0
975,5117658,atelierlks.com,no,,,0,,no_email_candidate_in_email_query,not_flagged,,,,,,valid=0; invalid=0; risky=0; unknown=0
976,5121025,worldwidemoving.co.uk,no,,,0,,no_email_candidate_in_email_query,not_flagged,,,,,,valid=0; invalid=0; risky=0; unknown=0
977,5128209,changeresearch.com,yes,,,0,,no_email_candidate_in_email_query,not_flagged,,,,,,valid=0; invalid=0; risky=0; unknown=0
978,5129521,indybooth.com,yes,,,0,,no_email_candidate_in_email_query,not_flagged,,,,,,valid=0; invalid=0; risky=0; unknown=0
979,5138314,kapiche.com,no,,,0,,no_email_candidate_in_email_query,not_flagged,,,,,,valid=0; invalid=0; risky=0; unknown=0
980,5170775,eobc.co.uk,yes,,,1,info@veyevents.co.uk,showing_email_candidates,not_flagged,,,,,,valid=0; invalid=0; risky=0; unknown=0
981,5178356,softtrader.nl,yes,,,1,info@softtrader.nl,showing_email_candidates,not_flagged,info@softtrader.nl,info@softtrader.nl,,,,valid=1; invalid=0; risky=0; unknown=0
982,5179687,toladata.com,yes,,,0,,no_email_candidate_in_email_query,not_flagged,,,,,,valid=0; invalid=0; risky=0; unknown=0
983,5188289,thesilkscreenmachine.com,no,,,0,,no_email_candidate_in_email_query,not_flagged,,,,,,valid=0; invalid=0; risky=0; unknown=0
984,5193438,languageartsteachers.com,yes,,,0,,no_email_candidate_in_email_query,not_flagged,,,,,,valid=0; invalid=0; risky=0; unknown=0
985,5198759,higuchi-t.com,no,,,0,,no_email_candidate_in_email_query,not_flagged,,,,,,valid=0; invalid=0; risky=0; unknown=0
986,5205822,hourigan.co,yes,,,1,ben@hourigan.co,showing_email_candidates,not_flagged,,,,,,valid=0; invalid=0; risky=0; unknown=0
987,5210901,stratumclinics.com,no,,,0,,no_email_candidate_in_email_query,not_flagged,,,,,,valid=0; invalid=0; risky=0; unknown=0
988,5211019,interplay.io,no,,,0,,no_email_candidate_in_email_query,not_flagged,,,,,,valid=0; invalid=0; risky=0; unknown=0
989,5213134,sgvolunteer.com,yes,,,0,,no_email_candidate_in_email_query,not_flagged,,,,,,valid=0; invalid=0; risky=0; unknown=0
990,5217505,kokorography.com,yes,,,0,,no_email_candidate_in_email_query,not_flagged,,,,,,valid=0; invalid=0; risky=0; unknown=0
991,5224889,sewerbyhall.co.uk,no,,,0,,no_email_candidate_in_email_query,not_flagged,,,,,,valid=0; invalid=0; risky=0; unknown=0
992,5239931,tendergourmetbutchery.com.au,yes,,,0,,no_email_candidate_in_email_query,not_flagged,,,,,,valid=0; invalid=0; risky=0; unknown=0
993,5241544,jordigracia.es,no,,,0,,no_email_candidate_in_email_query,not_flagged,,,,,,valid=0; invalid=0; risky=0; unknown=0
994,5242924,lanoirsaddleworld.com.au,no,,,1,info@lanoirsaddleworld.com.au,showing_email_candidates,not_flagged,info@lanoirsaddleworld.com.au,info@lanoirsaddleworld.com.au,,,,valid=1; invalid=0; risky=0; unknown=0
995,5256124,aapv.com.br,yes,,,0,,no_email_candidate_in_email_query,not_flagged,,,,,,valid=0; invalid=0; risky=0; unknown=0
996,5256627,crossfit536.ie,no,,,1,info@crossfit536.ie,showing_email_candidates,not_flagged,info@crossfit536.ie,info@crossfit536.ie,,,,valid=1; invalid=0; risky=0; unknown=0
997,5257686,acrobatica.com.ua,no,,,0,,no_email_candidate_in_email_query,not_flagged,,,,,,valid=0; invalid=0; risky=0; unknown=0
998,5263238,waahouston.com,no,,,0,,no_email_candidate_in_email_query,not_flagged,,,,,,valid=0; invalid=0; risky=0; unknown=0
999,5265125,eyelaser.ch,no,,,1,info@eyelaser.ch,showing_email_candidates,not_flagged,info@eyelaser.ch,info@eyelaser.ch,,,,valid=1; invalid=0; risky=0; unknown=0
1000,5265181,okenglish.eu,yes,,,0,,no_email_candidate_in_email_query,not_flagged,,,,,,valid=0; invalid=0; risky=0; unknown=0
1001,5270915,cecpd.org,no,,,4,ccp@necpa.net ; cdafeedback@cdacouncil.org ; cecpd@ou.edu ; pdas@ou.edu,showing_email_candidates,not_flagged,,,,,,valid=0; invalid=0; risky=0; unknown=0
1002,5273549,usabitest.com,yes,,,0,,no_email_candidate_in_email_query,not_flagged,,,,,,valid=0; invalid=0; risky=0; unknown=0
1003,5281986,mentorpad.in,yes,,,0,,no_email_candidate_in_email_query,not_flagged,,,,,,valid=0; invalid=0; risky=0; unknown=0
1004,5285227,collinsdental.com,yes,,,1,info@collinsdental.com,showing_email_candidates,not_flagged,info@collinsdental.com,info@collinsdental.com,,,,valid=1; invalid=0; risky=0; unknown=0
1005,5288803,affinitywholehealth.com,no,,,0,,no_email_candidate_in_email_query,not_flagged,,,,,,valid=0; invalid=0; risky=0; unknown=0
1006,5289192,alternativeballistics.com,no,,,1,info@alternativeballistics.com,showing_email_candidates,not_flagged,info@alternativeballistics.com,info@alternativeballistics.com,,,,valid=1; invalid=0; risky=0; unknown=0
1007,5300414,suce-sur-erdre.fr,no,,,0,,no_email_candidate_in_email_query,not_flagged,,,,,,valid=0; invalid=0; risky=0; unknown=0
1008,5324302,zuidema.nl,no,,,1,info@zuidema.nl,showing_email_candidates,not_flagged,info@zuidema.nl,info@zuidema.nl,,,,valid=1; invalid=0; risky=0; unknown=0
1009,5329110,diklatbimtek.com,no,,,0,,no_email_candidate_in_email_query,not_flagged,,,,,,valid=0; invalid=0; risky=0; unknown=0
1010,5329844,kaebelleisure.com.au,no,,,0,,no_email_candidate_in_email_query,not_flagged,,,,,,valid=0; invalid=0; risky=0; unknown=0
1011,5331439,fenwaystrategies.com,yes,,,0,,no_email_candidate_in_email_query,not_flagged,,,,,,valid=0; invalid=0; risky=0; unknown=0
1012,5333709,fuc.fr,yes,,,0,,no_email_candidate_in_email_query,not_flagged,,,,,,valid=0; invalid=0; risky=0; unknown=0
1013,5340255,kitamura-seikei.com,no,,,0,,no_email_candidate_in_email_query,not_flagged,,,,,,valid=0; invalid=0; risky=0; unknown=0
1014,5345723,cuisineselite.com,yes,,,0,,no_email_candidate_in_email_query,not_flagged,,,,,,valid=0; invalid=0; risky=0; unknown=0
1015,5350124,innocellence.com,no,,,0,,no_email_candidate_in_email_query,not_flagged,,,,,,valid=0; invalid=0; risky=0; unknown=0
1016,5350185,clearsmilealigner.com,yes,,,0,,no_email_candidate_in_email_query,not_flagged,,,,,,valid=0; invalid=0; risky=0; unknown=0
1017,5357391,adsystems.es,no,,,1,info@adsystems.es,showing_email_candidates,not_flagged,info@adsystems.es,info@adsystems.es,,,,valid=1; invalid=0; risky=0; unknown=0
1018,5358233,anaste.com,yes,,,0,,no_email_candidate_in_email_query,not_flagged,,,,,,valid=0; invalid=0; risky=0; unknown=0
1019,5360365,sould.se,no,,,13,business@sould.se ; christian@sould.se ; david@sould.se ; elin@sould.se ; elvine@sould.se ; emanuel@sould.se ; filippa@sould.se ; info@sould.se ; jakob@sould.se ; jobs@sould.se ; kajsa@sould.se ; praktik@sould.se ; sara@sould.se,showing_email_candidates,not_flagged,info@sould.se ; jobs@sould.se,info@sould.se ; jobs@sould.se,,,,valid=2; invalid=0; risky=0; unknown=0
1020,5363943,subina-giuletti.de,no,,,0,,no_email_candidate_in_email_query,not_flagged,,,,,,valid=0; invalid=0; risky=0; unknown=0
1021,5376764,octobox.net,no,,,0,,no_email_candidate_in_email_query,not_flagged,,,,,,valid=0; invalid=0; risky=0; unknown=0
1022,5380112,duxpaint.com,no,,,3,bea@duxpaint.com ; info@835272b8b4.nxcli.io ; info@duxpaint.com,showing_email_candidates,not_flagged,info@duxpaint.com,info@duxpaint.com,,,,valid=1; invalid=0; risky=0; unknown=0
1023,5383553,itramed.com,yes,,,0,,no_email_candidate_in_email_query,not_flagged,,,,,,valid=0; invalid=0; risky=0; unknown=0
1024,5386867,goldenwestmachine.com,no,,,7,dan@goldenwestmachine.com ; nick@goldenwestmachine.com ; sales@goldenwestmachine.com ; sarah@goldenwestmachine.com ; shane@goldenwestmachine.com ; simone@goldenwestmachine.com ; stephen@goldenwestmachine.com,showing_email_candidates,not_flagged,sales@goldenwestmachine.com,sales@goldenwestmachine.com,,,,valid=1; invalid=0; risky=0; unknown=0
1025,5387160,benuren.com,no,,,0,,no_email_candidate_in_email_query,not_flagged,,,,,,valid=0; invalid=0; risky=0; unknown=0
1026,5399083,agapesf.org,no,,,0,,no_email_candidate_in_email_query,not_flagged,,,,,,valid=0; invalid=0; risky=0; unknown=0
1027,5400002,storeswiki.com,no,,,0,,no_email_candidate_in_email_query,not_flagged,,,,,,valid=0; invalid=0; risky=0; unknown=0
1028,5400210,m2ngage.com,no,,,1,info@m2ngage2.com,showing_email_candidates,not_flagged,,,,,,valid=0; invalid=0; risky=0; unknown=0
1029,5407143,0120895234.com,no,,,1,ti-co@hkg.odn.ne.jp,showing_email_candidates,not_flagged,,,,,,valid=0; invalid=0; risky=0; unknown=0
1030,5410713,alariaescuelasinfantiles.es,yes,,,0,,no_email_candidate_in_email_query,not_flagged,,,,,,valid=0; invalid=0; risky=0; unknown=0
1031,5411939,memoirevive.ch,yes,,,0,,no_email_candidate_in_email_query,not_flagged,,,,,,valid=0; invalid=0; risky=0; unknown=0
1032,5412181,studiomore.co.uk,yes,,,0,,no_email_candidate_in_email_query,not_flagged,,,,,,valid=0; invalid=0; risky=0; unknown=0
1033,5413454,algaritalakeside.com,no,,,0,,no_email_candidate_in_email_query,not_flagged,,,,,,valid=0; invalid=0; risky=0; unknown=0
1034,5426113,ifgfla.com,no,,,0,,no_email_candidate_in_email_query,not_flagged,,,,,,valid=0; invalid=0; risky=0; unknown=0
1035,5430894,prinsloozeeman.co.za,no,,,1,info@prinsloozeeman.co.za,showing_email_candidates,not_flagged,info@prinsloozeeman.co.za,info@prinsloozeeman.co.za,,,,valid=1; invalid=0; risky=0; unknown=0
1036,5430918,nouvelle-epargne.fr,yes,,,0,,no_email_candidate_in_email_query,not_flagged,,,,,,valid=0; invalid=0; risky=0; unknown=0
1037,5432281,capitalindexpartners.com,no,,,1,partners@vantosmarkets.co.uk,showing_email_candidates,not_flagged,,,,,,valid=0; invalid=0; risky=0; unknown=0
1038,5434821,kishi-naikaichouka.com,no,,,0,,no_email_candidate_in_email_query,not_flagged,,,,,,valid=0; invalid=0; risky=0; unknown=0
1039,5435935,azurethemes.tumblr.com,yes,,,0,,no_email_candidate_in_email_query,not_flagged,,,,,,valid=0; invalid=0; risky=0; unknown=0
1040,5446667,eb5visaconsultants.com,no,,,0,,no_email_candidate_in_email_query,not_flagged,,,,,,valid=0; invalid=0; risky=0; unknown=0
1041,5447065,raplinenetwork.tumblr.com,yes,,,0,,no_email_candidate_in_email_query,not_flagged,,,,,,valid=0; invalid=0; risky=0; unknown=0
1042,5450682,evologi.it,yes,,,2,jobs@evologi.it ; support@evologi.it,showing_email_candidates,not_flagged,jobs@evologi.it ; support@evologi.it,support@evologi.it,jobs@evologi.it,,,valid=1; invalid=1; risky=0; unknown=0
1043,5455181,etarget-emailing.com,no,,,0,,no_email_candidate_in_email_query,not_flagged,,,,,,valid=0; invalid=0; risky=0; unknown=0
1044,5457059,coastlinechurch.org,yes,,,0,,no_email_candidate_in_email_query,not_flagged,,,,,,valid=0; invalid=0; risky=0; unknown=0
1045,5460301,kabagaida.com,no,,,0,,no_email_candidate_in_email_query,not_flagged,,,,,,valid=0; invalid=0; risky=0; unknown=0
1046,5468499,bottsmartvan.co.uk,no,,,0,,no_email_candidate_in_email_query,not_flagged,,,,,,valid=0; invalid=0; risky=0; unknown=0
1047,5472546,kineticwebmarketing.com,yes,,,0,,no_email_candidate_in_email_query,not_flagged,,,,,,valid=0; invalid=0; risky=0; unknown=0
1048,5477982,barvin.dk,yes,,,0,,no_email_candidate_in_email_query,not_flagged,,,,,,valid=0; invalid=0; risky=0; unknown=0
1049,5480883,pu-staff.com,no,,,0,,no_email_candidate_in_email_query,not_flagged,,,,,,valid=0; invalid=0; risky=0; unknown=0
1050,5496011,iccons.co.in,yes,,,0,,no_email_candidate_in_email_query,not_flagged,,,,,,valid=0; invalid=0; risky=0; unknown=0
1051,5499585,east5thavenue.com,yes,,,0,,no_email_candidate_in_email_query,not_flagged,,,,,,valid=0; invalid=0; risky=0; unknown=0
1052,5508328,advancedwatersoftening.com,no,,,0,,no_email_candidate_in_email_query,not_flagged,,,,,,valid=0; invalid=0; risky=0; unknown=0
1053,5509289,marklaxton.com,yes,,,0,,no_email_candidate_in_email_query,not_flagged,,,,,,valid=0; invalid=0; risky=0; unknown=0
1054,5514402,joblink-ama.com,no,,,1,hearteyes19902@gmail.com,showing_email_candidates,not_flagged,,,,,,valid=0; invalid=0; risky=0; unknown=0
1055,5522288,milanopsichiatra.com,no,,,1,irenevanelli@gmail.com,showing_email_candidates,not_flagged,,,,,,valid=0; invalid=0; risky=0; unknown=0
1056,5524397,movecloser.co,yes,,,0,,no_email_candidate_in_email_query,not_flagged,,,,,,valid=0; invalid=0; risky=0; unknown=0
1057,5526216,fvpi.ch,no,,,1,ventes@fvpi.ch,showing_email_candidates,not_flagged,,,,,,valid=0; invalid=0; risky=0; unknown=0
1058,5534163,peopleshistorynhs.org,no,,,1,tbc@warwick.ac.uk,showing_email_candidates,not_flagged,,,,,,valid=0; invalid=0; risky=0; unknown=0
1059,5542613,sindilav.com.br,yes,,,0,,no_email_candidate_in_email_query,not_flagged,,,,,,valid=0; invalid=0; risky=0; unknown=0
1060,5553483,cc-carrefour-alcobendas.com,no,,,0,,no_email_candidate_in_email_query,not_flagged,,,,,,valid=0; invalid=0; risky=0; unknown=0
1061,5557417,cc-carrefour-azabache.com,no,,,0,,no_email_candidate_in_email_query,not_flagged,,,,,,valid=0; invalid=0; risky=0; unknown=0
1062,5574858,tecnyshop.es,yes,,,2,expansion@tecnyshop.com ; marketing@tecnyshop.com,showing_email_candidates,not_flagged,,,,,,valid=0; invalid=0; risky=0; unknown=0
1063,5576000,publico.sk,no,,,0,,no_email_candidate_in_email_query,not_flagged,,,,,,valid=0; invalid=0; risky=0; unknown=0
1064,5588939,parkinsontv.nl,yes,,,0,,no_email_candidate_in_email_query,not_flagged,,,,,,valid=0; invalid=0; risky=0; unknown=0
1065,5591364,wimbletech.com,yes,,,0,,no_email_candidate_in_email_query,not_flagged,,,,,,valid=0; invalid=0; risky=0; unknown=0
1066,5593167,hpac.ca,yes,,,0,,no_email_candidate_in_email_query,not_flagged,,,,,,valid=0; invalid=0; risky=0; unknown=0
1067,5597014,coeliac.org.nz,yes,,,0,,no_email_candidate_in_email_query,not_flagged,,,,,,valid=0; invalid=0; risky=0; unknown=0
1068,5602191,dainohara.com,no,,,0,,no_email_candidate_in_email_query,not_flagged,,,,,,valid=0; invalid=0; risky=0; unknown=0
1069,5602789,eurotriade.com,no,,,0,,no_email_candidate_in_email_query,not_flagged,,,,,,valid=0; invalid=0; risky=0; unknown=0
1070,5606341,qhse-concept.fr,yes,,,0,,no_email_candidate_in_email_query,not_flagged,,,,,,valid=0; invalid=0; risky=0; unknown=0
1071,5611629,thegreendoorcompany.nl,no,,,0,,no_email_candidate_in_email_query,not_flagged,,,,,,valid=0; invalid=0; risky=0; unknown=0
1072,5613482,centrocomercialatalayas.com,yes,,,0,,no_email_candidate_in_email_query,not_flagged,,,,,,valid=0; invalid=0; risky=0; unknown=0
1073,5614133,reality.fr,yes,,,0,,no_email_candidate_in_email_query,not_flagged,,,,,,valid=0; invalid=0; risky=0; unknown=0
1074,5622837,kuatro.com.mx,no,,,1,ventas@kuatro.com.mx,showing_email_candidates,not_flagged,,,,,,valid=0; invalid=0; risky=0; unknown=0
1075,5636434,sagawaclinic.com,no,,,1,covid-19@sagawaclinic.com,showing_email_candidates,not_flagged,,,,,,valid=0; invalid=0; risky=0; unknown=0
1076,5639062,mosm.com,no,,,0,,no_email_candidate_in_email_query,not_flagged,,,,,,valid=0; invalid=0; risky=0; unknown=0
1077,5639879,imawinner.org,yes,,,0,,no_email_candidate_in_email_query,not_flagged,,,,,,valid=0; invalid=0; risky=0; unknown=0
1078,5640310,nudelife.co.uk,yes,,,0,,no_email_candidate_in_email_query,not_flagged,,,,,,valid=0; invalid=0; risky=0; unknown=0
1079,5640726,sekihifuka.com,no,,,0,,no_email_candidate_in_email_query,not_flagged,,,,,,valid=0; invalid=0; risky=0; unknown=0
1080,5644568,marketingdesks.com,no,,,0,,no_email_candidate_in_email_query,not_flagged,,,,,,valid=0; invalid=0; risky=0; unknown=0
1081,5655517,glassandmarker.com,yes,,,0,,no_email_candidate_in_email_query,not_flagged,,,,,,valid=0; invalid=0; risky=0; unknown=0
1082,5656015,believesupplements.com,yes,,,0,,no_email_candidate_in_email_query,not_flagged,,,,,,valid=0; invalid=0; risky=0; unknown=0
1083,5656364,kousokukeibi.com,no,,,0,,no_email_candidate_in_email_query,not_flagged,,,,,,valid=0; invalid=0; risky=0; unknown=0
1084,5660378,faberlab.org,no,,,1,info@faberlab.org,showing_email_candidates,not_flagged,info@faberlab.org,info@faberlab.org,,,,valid=1; invalid=0; risky=0; unknown=0
1085,5664715,laguel.pl,no,,,0,,no_email_candidate_in_email_query,not_flagged,,,,,,valid=0; invalid=0; risky=0; unknown=0
1086,5671861,adelaidedental.ca,yes,,,0,,no_email_candidate_in_email_query,not_flagged,,,,,,valid=0; invalid=0; risky=0; unknown=0
1087,5700306,clcvecta.nl,no,,,1,info@clcvecta.nl,showing_email_candidates,not_flagged,info@clcvecta.nl,info@clcvecta.nl,,,,valid=1; invalid=0; risky=0; unknown=0
1088,5701182,uniproacademy.com,yes,,,0,,no_email_candidate_in_email_query,not_flagged,,,,,,valid=0; invalid=0; risky=0; unknown=0
1089,5703610,lesaudacieux.fr,yes,,,0,,no_email_candidate_in_email_query,not_flagged,,,,,,valid=0; invalid=0; risky=0; unknown=0
1090,5705167,britishbiathlon.com,no,,,0,,no_email_candidate_in_email_query,not_flagged,,,,,,valid=0; invalid=0; risky=0; unknown=0
1091,5716156,universal.sg,yes,,,0,,no_email_candidate_in_email_query,not_flagged,,,,,,valid=0; invalid=0; risky=0; unknown=0
1092,5716754,greenwoodfishmarket.com,yes,,,0,,no_email_candidate_in_email_query,not_flagged,,,,,,valid=0; invalid=0; risky=0; unknown=0
1093,5719768,hekro.at,no,,,0,,no_email_candidate_in_email_query,not_flagged,,,,,,valid=0; invalid=0; risky=0; unknown=0
1094,5725451,priorhq.com,yes,,,0,,no_email_candidate_in_email_query,not_flagged,,,,,,valid=0; invalid=0; risky=0; unknown=0
1095,5726526,bonnieschneidervotalent.com,yes,,,0,,no_email_candidate_in_email_query,not_flagged,,,,,,valid=0; invalid=0; risky=0; unknown=0
1096,5727429,diversityined.com,no,,,0,,no_email_candidate_in_email_query,not_flagged,,,,,,valid=0; invalid=0; risky=0; unknown=0
1097,5728043,getemtiger.com,yes,,,0,,no_email_candidate_in_email_query,not_flagged,,,,,,valid=0; invalid=0; risky=0; unknown=0
1098,5733726,universalincome.org,yes,,,0,,no_email_candidate_in_email_query,not_flagged,,,,,,valid=0; invalid=0; risky=0; unknown=0
1099,5738187,tuemilio.com,no,,,0,,no_email_candidate_in_email_query,not_flagged,,,,,,valid=0; invalid=0; risky=0; unknown=0
1100,5740147,symbiotics.com,no,,,0,,no_email_candidate_in_email_query,not_flagged,,,,,,valid=0; invalid=0; risky=0; unknown=0
1101,5740680,modcabinetry.com,yes,,,0,,no_email_candidate_in_email_query,not_flagged,,,,,,valid=0; invalid=0; risky=0; unknown=0
1102,5743938,dutchbasecamp.org,yes,,,0,,no_email_candidate_in_email_query,not_flagged,,,,,,valid=0; invalid=0; risky=0; unknown=0
1103,5753434,tropheesdupersonnel.fr,no,,,0,,no_email_candidate_in_email_query,not_flagged,,,,,,valid=0; invalid=0; risky=0; unknown=0
1104,5768811,reliance-india.com,yes,,,0,,no_email_candidate_in_email_query,not_flagged,,,,,,valid=0; invalid=0; risky=0; unknown=0
1105,5775284,up2lab.it,yes,,,0,,no_email_candidate_in_email_query,not_flagged,,,,,,valid=0; invalid=0; risky=0; unknown=0
1106,5785045,administradores-fincas.com,yes,,,0,,no_email_candidate_in_email_query,not_flagged,,,,,,valid=0; invalid=0; risky=0; unknown=0
1107,5789282,iida-naikacl.com,no,,,0,,no_email_candidate_in_email_query,not_flagged,,,,,,valid=0; invalid=0; risky=0; unknown=0
1108,5790748,macinwork.com,yes,,,0,,no_email_candidate_in_email_query,not_flagged,,,,,,valid=0; invalid=0; risky=0; unknown=0
1109,5793609,lafayetteinstrument.com,no,,,6,brian@lafayetteinstrument.com ; info@lafayetteinstrument.com ; market@lafayetteinstrument.com ; polygraph@lafayetteinstrument.com ; sales@lafayetteinstrument.com ; techsupport@alzet.com,showing_email_candidates,not_flagged,info@lafayetteinstrument.com ; sales@lafayetteinstrument.com,info@lafayetteinstrument.com ; sales@lafayetteinstrument.com,,,,valid=2; invalid=0; risky=0; unknown=0
1110,5801778,coolmenow.com,yes,,,0,,no_email_candidate_in_email_query,not_flagged,,,,,,valid=0; invalid=0; risky=0; unknown=0
1111,5806717,lezu.com,no,,,2,info@lezu.com ; patricia@lezu.com,showing_email_candidates,not_flagged,info@lezu.com,info@lezu.com,,,,valid=1; invalid=0; risky=0; unknown=0
1112,5807493,discovercalvary.org,yes,,,0,,no_email_candidate_in_email_query,not_flagged,,,,,,valid=0; invalid=0; risky=0; unknown=0
1113,5812745,centrvarikoza.ru,no,,,0,,no_email_candidate_in_email_query,not_flagged,,,,,,valid=0; invalid=0; risky=0; unknown=0
1114,5815127,ccelpaseo.es,no,,,0,,no_email_candidate_in_email_query,not_flagged,,,,,,valid=0; invalid=0; risky=0; unknown=0
1115,5817006,bagimlilikuzmani.com,no,,,0,,no_email_candidate_in_email_query,not_flagged,,,,,,valid=0; invalid=0; risky=0; unknown=0
1116,5829323,deauvilletattoofestival.com,yes,,,0,,no_email_candidate_in_email_query,not_flagged,,,,,,valid=0; invalid=0; risky=0; unknown=0
1117,5831293,seeitalytravel.com,no,,,0,,no_email_candidate_in_email_query,not_flagged,,,,,,valid=0; invalid=0; risky=0; unknown=0
1118,5831523,ovac4u.com,yes,,,0,,no_email_candidate_in_email_query,not_flagged,,,,,,valid=0; invalid=0; risky=0; unknown=0
1119,5839010,mhr.co.za,no,,,0,,no_email_candidate_in_email_query,not_flagged,,,,,,valid=0; invalid=0; risky=0; unknown=0
1120,5840701,cubiclesystems.co.uk,yes,,,0,,no_email_candidate_in_email_query,not_flagged,,,,,,valid=0; invalid=0; risky=0; unknown=0
1121,5845083,tokogranit.com,no,,,0,,no_email_candidate_in_email_query,not_flagged,,,,,,valid=0; invalid=0; risky=0; unknown=0
1122,5850699,lemonlaws.com,no,,,0,,no_email_candidate_in_email_query,not_flagged,,,,,,valid=0; invalid=0; risky=0; unknown=0
1123,5852261,modulservis.cz,yes,,,1,obchod@modulservis.cz,showing_email_candidates,not_flagged,,,,,,valid=0; invalid=0; risky=0; unknown=0
1124,5855685,webforce.be,yes,,,1,support@webforce.be,showing_email_candidates,not_flagged,support@webforce.be,support@webforce.be,,,,valid=1; invalid=0; risky=0; unknown=0
1125,5857895,garkaneenergy.com,no,,,4,bryant.shakespear@garkane.com ; fsr@garkane.com ; info@garkane.com ; james.clegg@garkane.com,showing_email_candidates,not_flagged,,,,,,valid=0; invalid=0; risky=0; unknown=0
1126,5862204,ib-bi.com,no,,,0,,no_email_candidate_in_email_query,not_flagged,,,,,,valid=0; invalid=0; risky=0; unknown=0
1127,5869188,uxmagicians.com,no,,,0,,no_email_candidate_in_email_query,not_flagged,,,,,,valid=0; invalid=0; risky=0; unknown=0
1128,5870900,kokasexton.com,yes,,,0,,no_email_candidate_in_email_query,not_flagged,,,,,,valid=0; invalid=0; risky=0; unknown=0
1129,5872323,mihashi-group.com,no,,,0,,no_email_candidate_in_email_query,not_flagged,,,,,,valid=0; invalid=0; risky=0; unknown=0
1130,5885204,bcisummit.com,no,,,0,,no_email_candidate_in_email_query,not_flagged,,,,,,valid=0; invalid=0; risky=0; unknown=0
1131,5887017,sheet2site.com,no,,,0,,no_email_candidate_in_email_query,not_flagged,,,,,,valid=0; invalid=0; risky=0; unknown=0
1132,5894928,larryfanfiction.com,yes,,,0,,no_email_candidate_in_email_query,not_flagged,,,,,,valid=0; invalid=0; risky=0; unknown=0
1133,5897475,nerraw.com,no,,,0,,no_email_candidate_in_email_query,not_flagged,,,,,,valid=0; invalid=0; risky=0; unknown=0
1134,5922657,taxnaka.com,no,,,0,,no_email_candidate_in_email_query,not_flagged,,,,,,valid=0; invalid=0; risky=0; unknown=0
1135,5925216,seattlerestaurantstore.com,no,,,0,,no_email_candidate_in_email_query,not_flagged,,,,,,valid=0; invalid=0; risky=0; unknown=0
1136,5932350,ceaksan.com,no,,,0,,no_email_candidate_in_email_query,not_flagged,,,,,,valid=0; invalid=0; risky=0; unknown=0
1137,5937716,center-vita.ru,no,,,0,,no_email_candidate_in_email_query,not_flagged,,,,,,valid=0; invalid=0; risky=0; unknown=0
1138,5943534,beachparkmlekojedy.cz,yes,,,0,,no_email_candidate_in_email_query,not_flagged,,,,,,valid=0; invalid=0; risky=0; unknown=0
1139,5944263,perthlimoexperience.com.au,yes,,,0,,no_email_candidate_in_email_query,not_flagged,,,,,,valid=0; invalid=0; risky=0; unknown=0
1140,5946601,wendywutours.co.nz,no,,,0,,no_email_candidate_in_email_query,not_flagged,,,,,,valid=0; invalid=0; risky=0; unknown=0
1141,5947357,crossfithyattsville.com,no,,,0,,no_email_candidate_in_email_query,not_flagged,,,,,,valid=0; invalid=0; risky=0; unknown=0
1142,5948195,thewesternhemisphere.org,yes,,,0,,no_email_candidate_in_email_query,not_flagged,,,,,,valid=0; invalid=0; risky=0; unknown=0
1143,5950109,unicorndammit.com,yes,,,0,,no_email_candidate_in_email_query,not_flagged,,,,,,valid=0; invalid=0; risky=0; unknown=0
1144,5953968,brainleaptech.com,yes,,,0,,no_email_candidate_in_email_query,not_flagged,,,,,,valid=0; invalid=0; risky=0; unknown=0
1145,5958089,thebellylab.com,no,,,0,,no_email_candidate_in_email_query,not_flagged,,,,,,valid=0; invalid=0; risky=0; unknown=0
1146,5975797,tjejerkodar.se,yes,,,0,,no_email_candidate_in_email_query,not_flagged,,,,,,valid=0; invalid=0; risky=0; unknown=0
1147,5976011,nishi-kigyo.com,no,,,0,,no_email_candidate_in_email_query,not_flagged,,,,,,valid=0; invalid=0; risky=0; unknown=0
1148,5977018,sueciacarminerva.com,no,,,0,,no_email_candidate_in_email_query,not_flagged,,,,,,valid=0; invalid=0; risky=0; unknown=0
1149,5981026,rockthomas.com,yes,,,0,,no_email_candidate_in_email_query,not_flagged,,,,,,valid=0; invalid=0; risky=0; unknown=0
1150,5981906,mxnetwork.tumblr.com,yes,,,0,,no_email_candidate_in_email_query,not_flagged,,,,,,valid=0; invalid=0; risky=0; unknown=0
1151,5984972,equals.co.uk,no,,,0,,no_email_candidate_in_email_query,not_flagged,,,,,,valid=0; invalid=0; risky=0; unknown=0
1152,5997639,arabbank.bh,yes,,,0,,no_email_candidate_in_email_query,not_flagged,,,,,,valid=0; invalid=0; risky=0; unknown=0
1153,6008604,aisyahrower.com,no,,,0,,no_email_candidate_in_email_query,not_flagged,,,,,,valid=0; invalid=0; risky=0; unknown=0
1154,6014869,bsrmarketing.com,yes,,,0,,no_email_candidate_in_email_query,not_flagged,,,,,,valid=0; invalid=0; risky=0; unknown=0
1155,6018770,jobcare.ie,no,,,0,,no_email_candidate_in_email_query,not_flagged,,,,,,valid=0; invalid=0; risky=0; unknown=0
1156,6021380,ikusietaikasi.eus,yes,,,0,,no_email_candidate_in_email_query,not_flagged,,,,,,valid=0; invalid=0; risky=0; unknown=0
1157,6026377,teamalert.nl,no,,,0,,no_email_candidate_in_email_query,not_flagged,,,,,,valid=0; invalid=0; risky=0; unknown=0
1158,6026439,asimpleandcontentedlife.com,yes,,,0,,no_email_candidate_in_email_query,not_flagged,,,,,,valid=0; invalid=0; risky=0; unknown=0
1159,6031890,impuls1.de,yes,,,0,,no_email_candidate_in_email_query,not_flagged,,,,,,valid=0; invalid=0; risky=0; unknown=0
1160,6049016,ecosdigitales.com,yes,,,0,,no_email_candidate_in_email_query,not_flagged,,,,,,valid=0; invalid=0; risky=0; unknown=0
1161,6049058,bernardtechnology.com,yes,,,0,,no_email_candidate_in_email_query,not_flagged,,,,,,valid=0; invalid=0; risky=0; unknown=0
1162,6057624,gotrackster.com,yes,,,0,,no_email_candidate_in_email_query,not_flagged,,,,,,valid=0; invalid=0; risky=0; unknown=0
1163,6058321,mastersvillas.com,yes,,,0,,no_email_candidate_in_email_query,not_flagged,,,,,,valid=0; invalid=0; risky=0; unknown=0
1164,6060453,comprovei.com,yes,,,0,,no_email_candidate_in_email_query,not_flagged,,,,,,valid=0; invalid=0; risky=0; unknown=0
1165,6069985,havruta.org.il,no,,,0,,no_email_candidate_in_email_query,not_flagged,,,,,,valid=0; invalid=0; risky=0; unknown=0
1166,6081524,citizen-entrepreneurs.com,yes,,,0,,no_email_candidate_in_email_query,not_flagged,,,,,,valid=0; invalid=0; risky=0; unknown=0
1167,6082492,taskpace.com,yes,,,0,,no_email_candidate_in_email_query,not_flagged,,,,,,valid=0; invalid=0; risky=0; unknown=0
1168,6089030,darveen.com,no,,,1,sales@darveen.com,showing_email_candidates,not_flagged,sales@darveen.com,sales@darveen.com,,,,valid=1; invalid=0; risky=0; unknown=0
1169,6091527,solidstudio.it,yes,,,0,,no_email_candidate_in_email_query,not_flagged,,,,,,valid=0; invalid=0; risky=0; unknown=0
1170,6109110,namefy.com,no,,,0,,no_email_candidate_in_email_query,not_flagged,,,,,,valid=0; invalid=0; risky=0; unknown=0
1171,6128215,emprendedores.com,no,,,0,,no_email_candidate_in_email_query,not_flagged,,,,,,valid=0; invalid=0; risky=0; unknown=0
1172,6132695,tuclase.cl,yes,,,1,contacto@tuclase.cl,showing_email_candidates,not_flagged,,,,,,valid=0; invalid=0; risky=0; unknown=0
1173,6135841,lapencaazul.com,no,,,0,,no_email_candidate_in_email_query,not_flagged,,,,,,valid=0; invalid=0; risky=0; unknown=0
1174,6138748,consultormkt.es,yes,,,0,,no_email_candidate_in_email_query,not_flagged,,,,,,valid=0; invalid=0; risky=0; unknown=0
1175,6141632,centrocomercialgransur.es,no,,,0,,no_email_candidate_in_email_query,not_flagged,,,,,,valid=0; invalid=0; risky=0; unknown=0
1176,6149933,african100.com,no,,,0,,no_email_candidate_in_email_query,not_flagged,,,,,,valid=0; invalid=0; risky=0; unknown=0
1177,6157773,cornerstoneschools.org,yes,,,0,,no_email_candidate_in_email_query,not_flagged,,,,,,valid=0; invalid=0; risky=0; unknown=0
1178,6161928,xn--3e0bk02a88ivul.com,no,,,0,,no_email_candidate_in_email_query,not_flagged,,,,,,valid=0; invalid=0; risky=0; unknown=0
1179,6167349,gaiaca.com,no,,,0,,no_email_candidate_in_email_query,not_flagged,,,,,,valid=0; invalid=0; risky=0; unknown=0
1180,6171558,velneo.com,no,,,0,,no_email_candidate_in_email_query,not_flagged,,,,,,valid=0; invalid=0; risky=0; unknown=0
1181,6175011,creativezinkin.com,no,,,1,info@creativezinkin.com,showing_email_candidates,not_flagged,info@creativezinkin.com,info@creativezinkin.com,,,,valid=1; invalid=0; risky=0; unknown=0
1182,6185679,react-studios.com,no,,,1,reactstudiosllc@gmail.com,showing_email_candidates,not_flagged,,,,,,valid=0; invalid=0; risky=0; unknown=0
1183,6186239,forageplustalk.co.uk,yes,,,0,,no_email_candidate_in_email_query,not_flagged,,,,,,valid=0; invalid=0; risky=0; unknown=0
1184,6188490,athome-tanaka.com,no,,,0,,no_email_candidate_in_email_query,not_flagged,,,,,,valid=0; invalid=0; risky=0; unknown=0
1185,6192191,paullopadesigns.com,yes,,,0,,no_email_candidate_in_email_query,not_flagged,,,,,,valid=0; invalid=0; risky=0; unknown=0
1186,6193936,victoriabauman.com,no,,,1,hello@victoriabauman.com,showing_email_candidates,not_flagged,hello@victoriabauman.com,hello@victoriabauman.com,,,,valid=1; invalid=0; risky=0; unknown=0
1187,6195227,symetri.co.uk,no,,,3,henrik.munk.madsen@symetri.com ; info@symetri.co.uk ; support@symetri.co.uk,showing_email_candidates,not_flagged,info@symetri.co.uk ; support@symetri.co.uk,info@symetri.co.uk ; support@symetri.co.uk,,,,valid=2; invalid=0; risky=0; unknown=0
1188,6201943,orzeszek.com.pl,no,,,0,,no_email_candidate_in_email_query,not_flagged,,,,,,valid=0; invalid=0; risky=0; unknown=0
1189,6206408,valipac.be,no,,,2,customer@valipac.be ; info@valipac.be,showing_email_candidates,not_flagged,customer@valipac.be ; info@valipac.be,customer@valipac.be ; info@valipac.be,,,,valid=2; invalid=0; risky=0; unknown=0
1190,6210466,dercocenterchamy.cl,yes,,,0,,no_email_candidate_in_email_query,not_flagged,,,,,,valid=0; invalid=0; risky=0; unknown=0
1191,6211081,theitalianacademy.com,no,,,1,info@theitalianacademy.com,showing_email_candidates,not_flagged,info@theitalianacademy.com,info@theitalianacademy.com,,,,valid=1; invalid=0; risky=0; unknown=0
1192,6212234,plantulepillows.com,yes,,,0,,no_email_candidate_in_email_query,not_flagged,,,,,,valid=0; invalid=0; risky=0; unknown=0
1193,6213375,hafamerica.org,yes,,,0,,no_email_candidate_in_email_query,not_flagged,,,,,,valid=0; invalid=0; risky=0; unknown=0
1194,6229994,roscolive.com,no,,,1,videomatics@roscovision.com,showing_email_candidates,not_flagged,,,,,,valid=0; invalid=0; risky=0; unknown=0
1195,6246520,sakura-asagiri.com,no,,,0,,no_email_candidate_in_email_query,not_flagged,,,,,,valid=0; invalid=0; risky=0; unknown=0
1196,6248706,astonmartinbrussels.com,no,,,1,info@astonmartinbrussels.com,showing_email_candidates,not_flagged,info@astonmartinbrussels.com,info@astonmartinbrussels.com,,,,valid=1; invalid=0; risky=0; unknown=0
1197,6252944,medicalfitness.ch,no,,,1,info@medicalfitness.ch,showing_email_candidates,not_flagged,info@medicalfitness.ch,info@medicalfitness.ch,,,,valid=1; invalid=0; risky=0; unknown=0
1198,6255077,lakeshoreiowa.com,yes,,,0,,no_email_candidate_in_email_query,not_flagged,,,,,,valid=0; invalid=0; risky=0; unknown=0
1199,6258241,ricardomajela.com.br,yes,,,0,,no_email_candidate_in_email_query,not_flagged,,,,,,valid=0; invalid=0; risky=0; unknown=0
1200,6258304,pitsch-fitness.ch,no,,,0,,no_email_candidate_in_email_query,not_flagged,,,,,,valid=0; invalid=0; risky=0; unknown=0
1201,6258584,ausproof.com.au,yes,,,3,james.ibell@ausproof.com.au ; john.boulter@ausproof.com.au ; westernaustralia@ausproof.com.au,showing_email_candidates,not_flagged,,,,,,valid=0; invalid=0; risky=0; unknown=0
1202,6272493,tekwill.md,yes,,,0,,no_email_candidate_in_email_query,not_flagged,,,,,,valid=0; invalid=0; risky=0; unknown=0
1203,6285192,gcmun.com,no,,,0,,no_email_candidate_in_email_query,not_flagged,,,,,,valid=0; invalid=0; risky=0; unknown=0
1204,6288311,northcoastroasting.com,yes,,,0,,no_email_candidate_in_email_query,not_flagged,,,,,,valid=0; invalid=0; risky=0; unknown=0
1205,6292602,amandasanders.com,no,,,1,amanda@amandasanders.com,showing_email_candidates,not_flagged,,,,,,valid=0; invalid=0; risky=0; unknown=0
1206,6297689,cse.fitness,no,,,0,,no_email_candidate_in_email_query,not_flagged,,,,,,valid=0; invalid=0; risky=0; unknown=0
1207,6299836,morsy.it,yes,,,0,,no_email_candidate_in_email_query,not_flagged,,,,,,valid=0; invalid=0; risky=0; unknown=0
1208,6302319,neocity.fr,no,,,0,,no_email_candidate_in_email_query,not_flagged,,,,,,valid=0; invalid=0; risky=0; unknown=0
1209,6308156,extrabat.com,no,,,0,,no_email_candidate_in_email_query,not_flagged,,,,,,valid=0; invalid=0; risky=0; unknown=0
1210,6308226,khundar.com,yes,,,0,,no_email_candidate_in_email_query,not_flagged,,,,,,valid=0; invalid=0; risky=0; unknown=0
1211,6309260,dylanuniversecomics.com,yes,,,0,,no_email_candidate_in_email_query,not_flagged,,,,,,valid=0; invalid=0; risky=0; unknown=0
1212,6320768,rockradionetwork.org,yes,,,0,,no_email_candidate_in_email_query,not_flagged,,,,,,valid=0; invalid=0; risky=0; unknown=0
1213,6321812,jsaluminium.com,yes,,,0,,no_email_candidate_in_email_query,not_flagged,,,,,,valid=0; invalid=0; risky=0; unknown=0
1214,6323334,couragion.com,no,,,0,,no_email_candidate_in_email_query,not_flagged,,,,,,valid=0; invalid=0; risky=0; unknown=0
1215,6324098,boomerang-reisen.ch,no,,,0,,no_email_candidate_in_email_query,not_flagged,,,,,,valid=0; invalid=0; risky=0; unknown=0
1216,6331529,automarshal.ru,no,,,0,,no_email_candidate_in_email_query,not_flagged,,,,,,valid=0; invalid=0; risky=0; unknown=0
1217,6333210,aelert.net,yes,,,0,,no_email_candidate_in_email_query,not_flagged,,,,,,valid=0; invalid=0; risky=0; unknown=0
1218,6336093,netdatingassistant.com,no,,,0,,no_email_candidate_in_email_query,not_flagged,,,,,,valid=0; invalid=0; risky=0; unknown=0
1219,6336850,energiaitalia.info,no,,,0,,no_email_candidate_in_email_query,not_flagged,,,,,,valid=0; invalid=0; risky=0; unknown=0
1220,6339838,shinbashipharmacy.com,no,,,0,,no_email_candidate_in_email_query,not_flagged,,,,,,valid=0; invalid=0; risky=0; unknown=0
1221,6343052,studiosubu.com,no,,,0,,no_email_candidate_in_email_query,not_flagged,,,,,,valid=0; invalid=0; risky=0; unknown=0
1222,6348457,acclaimedfurnace.com,no,,,0,,no_email_candidate_in_email_query,not_flagged,,,,,,valid=0; invalid=0; risky=0; unknown=0
1223,6349356,teslarevolution.net,yes,,,0,,no_email_candidate_in_email_query,not_flagged,,,,,,valid=0; invalid=0; risky=0; unknown=0
1224,6351855,expatwealthadvice.com,yes,,,1,info@handyadvice.com,showing_email_candidates,not_flagged,,,,,,valid=0; invalid=0; risky=0; unknown=0
1225,6356210,gtrlc.org,no,,,0,,no_email_candidate_in_email_query,not_flagged,,,,,,valid=0; invalid=0; risky=0; unknown=0
1226,6358088,kyklos.cl,yes,,,0,,no_email_candidate_in_email_query,not_flagged,,,,,,valid=0; invalid=0; risky=0; unknown=0
1227,6359668,nett.rocks,yes,,,0,,no_email_candidate_in_email_query,not_flagged,,,,,,valid=0; invalid=0; risky=0; unknown=0
1228,6360741,key2agile.de,no,,,0,,no_email_candidate_in_email_query,not_flagged,,,,,,valid=0; invalid=0; risky=0; unknown=0
1229,6360859,naturalsmiles.co.uk,no,,,2,info@naturalsmiles.co.uk ; smile@naturalsmiles.co.uk,showing_email_candidates,not_flagged,info@naturalsmiles.co.uk,info@naturalsmiles.co.uk,,,,valid=1; invalid=0; risky=0; unknown=0
1230,6360998,medlinkga.org,no,,,0,,no_email_candidate_in_email_query,not_flagged,,,,,,valid=0; invalid=0; risky=0; unknown=0
1231,6361312,charleslevick.com,no,,,1,info@charleslevick.co.uk,showing_email_candidates,not_flagged,,,,,,valid=0; invalid=0; risky=0; unknown=0
1232,6361896,cardonet.co.uk,no,,,0,,no_email_candidate_in_email_query,not_flagged,,,,,,valid=0; invalid=0; risky=0; unknown=0
1233,6363396,motosumiyoshi-clinic.com,no,,,0,,no_email_candidate_in_email_query,not_flagged,,,,,,valid=0; invalid=0; risky=0; unknown=0
1234,6369635,keiwa.net,no,,,0,,no_email_candidate_in_email_query,not_flagged,,,,,,valid=0; invalid=0; risky=0; unknown=0
1235,6370288,experthairtransplant.com,no,,,1,info.experthairtransplant@gmail.com,showing_email_candidates,not_flagged,,,,,,valid=0; invalid=0; risky=0; unknown=0
1236,6371499,ofwd.com,yes,,,0,,no_email_candidate_in_email_query,not_flagged,,,,,,valid=0; invalid=0; risky=0; unknown=0
1237,6372222,bagnesimmobilier.ch,yes,,,1,info@bagnesimmobilier.ch,showing_email_candidates,not_flagged,info@bagnesimmobilier.ch,info@bagnesimmobilier.ch,,,,valid=1; invalid=0; risky=0; unknown=0
1238,6375603,zipxpress.net,no,,,2,pricing@zipxpress.net ; sales@zipxpress.net,showing_email_candidates,not_flagged,sales@zipxpress.net,sales@zipxpress.net,,,,valid=1; invalid=0; risky=0; unknown=0
1239,6379022,blib.be,no,,,0,,no_email_candidate_in_email_query,not_flagged,,,,,,valid=0; invalid=0; risky=0; unknown=0
1240,6387353,tedxportofspain.com,yes,,,0,,no_email_candidate_in_email_query,not_flagged,,,,,,valid=0; invalid=0; risky=0; unknown=0
1241,6392945,equiclass.co.uk,yes,,,0,,no_email_candidate_in_email_query,not_flagged,,,,,,valid=0; invalid=0; risky=0; unknown=0
1242,6393587,emeraldcoastjourneypure.com,yes,,,0,,no_email_candidate_in_email_query,not_flagged,,,,,,valid=0; invalid=0; risky=0; unknown=0
1243,6394042,per-alras.org.sa,no,,,0,,no_email_candidate_in_email_query,not_flagged,,,,,,valid=0; invalid=0; risky=0; unknown=0
1244,6399464,keet.com,no,,,1,info@keet.com,showing_email_candidates,not_flagged,info@keet.com,info@keet.com,,,,valid=1; invalid=0; risky=0; unknown=0
1245,6414026,lidering.com,yes,,,0,,no_email_candidate_in_email_query,not_flagged,,,,,,valid=0; invalid=0; risky=0; unknown=0
1246,6414411,amalyste.fr,yes,,,0,,no_email_candidate_in_email_query,not_flagged,,,,,,valid=0; invalid=0; risky=0; unknown=0
1247,6414801,liquidandgrit.com,yes,,,0,,no_email_candidate_in_email_query,not_flagged,,,,,,valid=0; invalid=0; risky=0; unknown=0
1248,6418045,jtbeurope.com,no,,,0,,no_email_candidate_in_email_query,not_flagged,,,,,,valid=0; invalid=0; risky=0; unknown=0
1249,6423938,dcswimweek.com,yes,,,0,,no_email_candidate_in_email_query,not_flagged,,,,,,valid=0; invalid=0; risky=0; unknown=0
1250,6425783,johncostigan.com,no,,,0,,no_email_candidate_in_email_query,not_flagged,,,,,,valid=0; invalid=0; risky=0; unknown=0
1251,6432446,reformstudios.uk,yes,,,0,,no_email_candidate_in_email_query,not_flagged,,,,,,valid=0; invalid=0; risky=0; unknown=0
1252,6434673,smartbridgehealth.com,yes,,,0,,no_email_candidate_in_email_query,not_flagged,,,,,,valid=0; invalid=0; risky=0; unknown=0
1253,6436145,andrologia-internazionale.it,yes,,,0,,no_email_candidate_in_email_query,not_flagged,,,,,,valid=0; invalid=0; risky=0; unknown=0
1254,6443538,crossfitterminus.com,no,,,0,,no_email_candidate_in_email_query,not_flagged,,,,,,valid=0; invalid=0; risky=0; unknown=0
1255,6445845,oulpanlavi.com,yes,,,0,,no_email_candidate_in_email_query,not_flagged,,,,,,valid=0; invalid=0; risky=0; unknown=0
1256,6457069,soulinamind.com,no,,,0,,no_email_candidate_in_email_query,not_flagged,,,,,,valid=0; invalid=0; risky=0; unknown=0
1257,6459551,reacfin.com,yes,,,0,,no_email_candidate_in_email_query,not_flagged,,,,,,valid=0; invalid=0; risky=0; unknown=0
1258,6479614,baechler1834.ch,yes,,,0,,no_email_candidate_in_email_query,not_flagged,,,,,,valid=0; invalid=0; risky=0; unknown=0
1259,6482915,bridge-press.net,no,,,0,,no_email_candidate_in_email_query,not_flagged,,,,,,valid=0; invalid=0; risky=0; unknown=0
1260,6492263,periospot.com,yes,,,0,,no_email_candidate_in_email_query,not_flagged,,,,,,valid=0; invalid=0; risky=0; unknown=0
1261,6492398,ingeus.com.sg,no,,,1,contactus@ingeus.com.sg,showing_email_candidates,not_flagged,,,,,,valid=0; invalid=0; risky=0; unknown=0
1262,6492723,odafarm.com,no,,,1,odaagri@gmail.com,showing_email_candidates,not_flagged,,,,,,valid=0; invalid=0; risky=0; unknown=0
1263,6505958,fruitionbusinessgroup.com,yes,,,0,,no_email_candidate_in_email_query,not_flagged,,,,,,valid=0; invalid=0; risky=0; unknown=0
1264,6533520,atlassuites.com,yes,,,1,info@atlassuites.com,showing_email_candidates,not_flagged,info@atlassuites.com,info@atlassuites.com,,,,valid=1; invalid=0; risky=0; unknown=0
1265,6536752,eliteayurveda.com,no,,,1,care@eliteayurveda.com,showing_email_candidates,not_flagged,,,,,,valid=0; invalid=0; risky=0; unknown=0
1266,6543383,klein-partner.com,yes,,,0,,no_email_candidate_in_email_query,not_flagged,,,,,,valid=0; invalid=0; risky=0; unknown=0
1267,6545561,resgata.com.br,no,,,1,vendas@resgata.com.br,showing_email_candidates,not_flagged,,,,,,valid=0; invalid=0; risky=0; unknown=0
1268,6545892,eqhf.com.au,yes,,,0,,no_email_candidate_in_email_query,not_flagged,,,,,,valid=0; invalid=0; risky=0; unknown=0
1269,6549376,trigraces-ural.ru,no,,,0,,no_email_candidate_in_email_query,not_flagged,,,,,,valid=0; invalid=0; risky=0; unknown=0
1270,6550237,cardiomood.com,no,,,0,,no_email_candidate_in_email_query,not_flagged,,,,,,valid=0; invalid=0; risky=0; unknown=0
1271,6557776,espressodeck.com,no,,,1,info@espressodeck.com,showing_email_candidates,not_flagged,info@espressodeck.com,info@espressodeck.com,,,,valid=1; invalid=0; risky=0; unknown=0
1272,6561294,cm101innovation.fr,yes,,,0,,no_email_candidate_in_email_query,not_flagged,,,,,,valid=0; invalid=0; risky=0; unknown=0
1273,6562814,linkity.net,no,,,2,antti@linkity.net ; ap@linkity.net,showing_email_candidates,not_flagged,,,,,,valid=0; invalid=0; risky=0; unknown=0
1274,6565900,thefibroguy.com,yes,,,0,,no_email_candidate_in_email_query,not_flagged,,,,,,valid=0; invalid=0; risky=0; unknown=0
1275,6588864,anchorbaptistchurch.org,no,,,0,,no_email_candidate_in_email_query,not_flagged,,,,,,valid=0; invalid=0; risky=0; unknown=0
1276,6610651,playoutkids.com,no,,,0,,no_email_candidate_in_email_query,not_flagged,,,,,,valid=0; invalid=0; risky=0; unknown=0
1277,6614862,jehjewels.com,no,,,0,,no_email_candidate_in_email_query,not_flagged,,,,,,valid=0; invalid=0; risky=0; unknown=0
1278,6615288,senikiki.com,no,,,0,,no_email_candidate_in_email_query,not_flagged,,,,,,valid=0; invalid=0; risky=0; unknown=0
1279,6616956,arturgold.com,no,,,1,aruturgold@arturgold.com,showing_email_candidates,not_flagged,,,,,,valid=0; invalid=0; risky=0; unknown=0
1280,6618164,cityskichampionships.com,yes,,,1,amin@momentumski.com,showing_email_candidates,not_flagged,,,,,,valid=0; invalid=0; risky=0; unknown=0
1281,6622715,brinqer.nl,yes,,,0,,no_email_candidate_in_email_query,not_flagged,,,,,,valid=0; invalid=0; risky=0; unknown=0
1282,6626158,nfilzi.com,no,,,0,,no_email_candidate_in_email_query,not_flagged,,,,,,valid=0; invalid=0; risky=0; unknown=0
1283,6633945,moriyama-family-cl.com,no,,,0,,no_email_candidate_in_email_query,not_flagged,,,,,,valid=0; invalid=0; risky=0; unknown=0
1284,6634133,kimeracloud.com,no,,,0,,no_email_candidate_in_email_query,not_flagged,,,,,,valid=0; invalid=0; risky=0; unknown=0
1285,6635381,lebestark.ch,no,,,0,,no_email_candidate_in_email_query,not_flagged,,,,,,valid=0; invalid=0; risky=0; unknown=0
1286,6666153,theschoolforthefuture.com,yes,,,0,,no_email_candidate_in_email_query,not_flagged,,,,,,valid=0; invalid=0; risky=0; unknown=0
1287,6672207,xaneladadanza.com,no,,,0,,no_email_candidate_in_email_query,not_flagged,,,,,,valid=0; invalid=0; risky=0; unknown=0
1288,6677639,mylesgaffneymusic.com,yes,,,0,,no_email_candidate_in_email_query,not_flagged,,,,,,valid=0; invalid=0; risky=0; unknown=0
1289,6679582,holyangelsnc.org,no,,,0,,no_email_candidate_in_email_query,not_flagged,,,,,,valid=0; invalid=0; risky=0; unknown=0
1290,6681654,initiative-essonne.com,yes,,,0,,no_email_candidate_in_email_query,not_flagged,,,,,,valid=0; invalid=0; risky=0; unknown=0
1291,6683557,tecfit.mx,yes,,,0,,no_email_candidate_in_email_query,not_flagged,,,,,,valid=0; invalid=0; risky=0; unknown=0
1292,6689837,nataliazubizarreta.com,yes,,,0,,no_email_candidate_in_email_query,not_flagged,,,,,,valid=0; invalid=0; risky=0; unknown=0
1293,6690213,ex-village.com,no,,,0,,no_email_candidate_in_email_query,not_flagged,,,,,,valid=0; invalid=0; risky=0; unknown=0
1294,6692141,tnhometour.com,no,,,0,,no_email_candidate_in_email_query,not_flagged,,,,,,valid=0; invalid=0; risky=0; unknown=0
1295,6693588,mauiandsons.com.pe,no,,,0,,no_email_candidate_in_email_query,not_flagged,,,,,,valid=0; invalid=0; risky=0; unknown=0
1296,6699891,turbodeflektor.ru,no,,,0,,no_email_candidate_in_email_query,not_flagged,,,,,,valid=0; invalid=0; risky=0; unknown=0
1297,6704256,erikkruger.com,yes,,,0,,no_email_candidate_in_email_query,not_flagged,,,,,,valid=0; invalid=0; risky=0; unknown=0
1298,6706834,quinntempest.com,yes,,,0,,no_email_candidate_in_email_query,not_flagged,,,,,,valid=0; invalid=0; risky=0; unknown=0
1299,6708606,norrvall.com,yes,,,0,,no_email_candidate_in_email_query,not_flagged,,,,,,valid=0; invalid=0; risky=0; unknown=0
1300,6712334,4sighthealth.com,yes,,,0,,no_email_candidate_in_email_query,not_flagged,,,,,,valid=0; invalid=0; risky=0; unknown=0
1301,6712417,elkevonfreudenberg.com,no,,,0,,no_email_candidate_in_email_query,not_flagged,,,,,,valid=0; invalid=0; risky=0; unknown=0
1302,6714201,whitesport.dk,yes,,,0,,no_email_candidate_in_email_query,not_flagged,,,,,,valid=0; invalid=0; risky=0; unknown=0
1303,6718339,colingua.be,no,,,0,,no_email_candidate_in_email_query,not_flagged,,,,,,valid=0; invalid=0; risky=0; unknown=0
1304,6731183,go2ly.com,no,,,0,,no_email_candidate_in_email_query,not_flagged,,,,,,valid=0; invalid=0; risky=0; unknown=0
1305,6737904,infizer.com,yes,,,0,,no_email_candidate_in_email_query,not_flagged,,,,,,valid=0; invalid=0; risky=0; unknown=0
1306,6737977,mcarthurdental.ca,no,,,0,,no_email_candidate_in_email_query,not_flagged,,,,,,valid=0; invalid=0; risky=0; unknown=0
1307,6739939,diveotago.co.nz,no,,,0,,no_email_candidate_in_email_query,not_flagged,,,,,,valid=0; invalid=0; risky=0; unknown=0
1308,6742183,getreviewtrigger.com,yes,,,0,,no_email_candidate_in_email_query,not_flagged,,,,,,valid=0; invalid=0; risky=0; unknown=0
1309,6744794,cpc-ag.de,no,,,0,,no_email_candidate_in_email_query,not_flagged,,,,,,valid=0; invalid=0; risky=0; unknown=0
1310,6746607,team-gold.de,no,,,0,,no_email_candidate_in_email_query,not_flagged,,,,,,valid=0; invalid=0; risky=0; unknown=0
1311,6749353,kyliepax.com,yes,,,0,,no_email_candidate_in_email_query,not_flagged,,,,,,valid=0; invalid=0; risky=0; unknown=0
1312,6756785,kinomi-hoikuen.com,no,,,0,,no_email_candidate_in_email_query,not_flagged,,,,,,valid=0; invalid=0; risky=0; unknown=0
1313,6765171,digitalmunkey.co.uk,yes,,,0,,no_email_candidate_in_email_query,not_flagged,,,,,,valid=0; invalid=0; risky=0; unknown=0
1314,6765604,lasercor.com,yes,,,0,,no_email_candidate_in_email_query,not_flagged,,,,,,valid=0; invalid=0; risky=0; unknown=0
1315,6766803,cotswoldweb.co.uk,yes,,,0,,no_email_candidate_in_email_query,not_flagged,,,,,,valid=0; invalid=0; risky=0; unknown=0
1316,6782049,amazingdestinations.be,no,,,0,,no_email_candidate_in_email_query,not_flagged,,,,,,valid=0; invalid=0; risky=0; unknown=0
1317,6783182,kushmoji.io,yes,,,0,,no_email_candidate_in_email_query,not_flagged,,,,,,valid=0; invalid=0; risky=0; unknown=0
1318,6785892,ono-ortho.com,no,,,0,,no_email_candidate_in_email_query,not_flagged,,,,,,valid=0; invalid=0; risky=0; unknown=0
1319,6785939,aerialdevelopmentgroup.com,yes,,,0,,no_email_candidate_in_email_query,not_flagged,,,,,,valid=0; invalid=0; risky=0; unknown=0
1320,6788981,muchmore.digital,yes,,,0,,no_email_candidate_in_email_query,not_flagged,,,,,,valid=0; invalid=0; risky=0; unknown=0
1321,6794118,spiritwhalewatching.com.au,no,,,0,,no_email_candidate_in_email_query,not_flagged,,,,,,valid=0; invalid=0; risky=0; unknown=0
1322,6794704,englishuklondon.com,yes,,,0,,no_email_candidate_in_email_query,not_flagged,,,,,,valid=0; invalid=0; risky=0; unknown=0
1323,6798926,valoresolare.it,no,,,0,,no_email_candidate_in_email_query,not_flagged,,,,,,valid=0; invalid=0; risky=0; unknown=0
1324,6809149,ohdoylerules.com,no,,,0,,no_email_candidate_in_email_query,not_flagged,,,,,,valid=0; invalid=0; risky=0; unknown=0
1325,6809531,terbergspecialvehicles.com,no,,,0,,no_email_candidate_in_email_query,not_flagged,,,,,,valid=0; invalid=0; risky=0; unknown=0
1326,6811584,mammaroma.com,no,,,0,,no_email_candidate_in_email_query,not_flagged,,,,,,valid=0; invalid=0; risky=0; unknown=0
1327,6812905,mammothcarbon.com,yes,,,0,,no_email_candidate_in_email_query,not_flagged,,,,,,valid=0; invalid=0; risky=0; unknown=0
1328,6820252,cloudsoftwareassociation.com,no,,,0,,no_email_candidate_in_email_query,not_flagged,,,,,,valid=0; invalid=0; risky=0; unknown=0
1329,6821311,ivalley.co,yes,,,0,,no_email_candidate_in_email_query,not_flagged,,,,,,valid=0; invalid=0; risky=0; unknown=0
1330,6821393,tarahallfitness.com,yes,,,0,,no_email_candidate_in_email_query,not_flagged,,,,,,valid=0; invalid=0; risky=0; unknown=0
1331,6823127,wishupon.company,yes,,,0,,no_email_candidate_in_email_query,not_flagged,,,,,,valid=0; invalid=0; risky=0; unknown=0
1332,6826201,evercoast.in,yes,,,0,,no_email_candidate_in_email_query,not_flagged,,,,,,valid=0; invalid=0; risky=0; unknown=0
1333,6827798,datascientest.com,yes,,,0,,no_email_candidate_in_email_query,not_flagged,,,,,,valid=0; invalid=0; risky=0; unknown=0
1334,6846715,dekringen.nl,yes,,,0,,no_email_candidate_in_email_query,not_flagged,,,,,,valid=0; invalid=0; risky=0; unknown=0
1335,6847473,fcfchurch.com,no,,,0,,no_email_candidate_in_email_query,not_flagged,,,,,,valid=0; invalid=0; risky=0; unknown=0
1336,6854435,cbtcliniclondon.com,yes,,,0,,no_email_candidate_in_email_query,not_flagged,,,,,,valid=0; invalid=0; risky=0; unknown=0
1337,6857830,pdxoldtown.org,yes,,,0,,no_email_candidate_in_email_query,not_flagged,,,,,,valid=0; invalid=0; risky=0; unknown=0
1338,6873560,ltg-stbg.de,yes,,,0,,no_email_candidate_in_email_query,not_flagged,,,,,,valid=0; invalid=0; risky=0; unknown=0
1339,6873672,blmc.nl,no,,,0,,no_email_candidate_in_email_query,not_flagged,,,,,,valid=0; invalid=0; risky=0; unknown=0
1340,6878632,solidrock.com,no,,,0,,no_email_candidate_in_email_query,not_flagged,,,,,,valid=0; invalid=0; risky=0; unknown=0
1341,6880174,tutormundi.com,yes,,,0,,no_email_candidate_in_email_query,not_flagged,,,,,,valid=0; invalid=0; risky=0; unknown=0
1342,6891965,manufacture2030.com,no,,,0,,no_email_candidate_in_email_query,not_flagged,,,,,,valid=0; invalid=0; risky=0; unknown=0
1343,6897329,himoinsa.com.br,no,,,0,,no_email_candidate_in_email_query,not_flagged,,,,,,valid=0; invalid=0; risky=0; unknown=0
1344,6905572,fondos.com,no,,,0,,no_email_candidate_in_email_query,not_flagged,,,,,,valid=0; invalid=0; risky=0; unknown=0
1345,6907113,gerssonedinbaro.com,yes,,,0,,no_email_candidate_in_email_query,not_flagged,,,,,,valid=0; invalid=0; risky=0; unknown=0
1346,6910927,welcometothejungle.com,no,,,0,,no_email_candidate_in_email_query,not_flagged,,,,,,valid=0; invalid=0; risky=0; unknown=0
1347,6939711,deancaravelis.com,yes,,,0,,no_email_candidate_in_email_query,not_flagged,,,,,,valid=0; invalid=0; risky=0; unknown=0
1348,6944986,samera.co.uk,no,,,0,,no_email_candidate_in_email_query,not_flagged,,,,,,valid=0; invalid=0; risky=0; unknown=0
1349,6949072,catclamp.com,yes,,,0,,no_email_candidate_in_email_query,not_flagged,,,,,,valid=0; invalid=0; risky=0; unknown=0
1350,6963171,humannatureproject.com,no,,,0,,no_email_candidate_in_email_query,not_flagged,,,,,,valid=0; invalid=0; risky=0; unknown=0
1351,6967367,fitnessurbano.com,yes,,,0,,no_email_candidate_in_email_query,not_flagged,,,,,,valid=0; invalid=0; risky=0; unknown=0
1352,6977139,coastalvisionmedical.com,yes,,,0,,no_email_candidate_in_email_query,not_flagged,,,,,,valid=0; invalid=0; risky=0; unknown=0
1353,6979307,sohshin-net.co.jp,no,,,0,,no_email_candidate_in_email_query,not_flagged,,,,,,valid=0; invalid=0; risky=0; unknown=0
1354,6981217,smartthinking.org.uk,yes,,,0,,no_email_candidate_in_email_query,not_flagged,,,,,,valid=0; invalid=0; risky=0; unknown=0
1355,6989524,dreamschoolproject.com,yes,,,0,,no_email_candidate_in_email_query,not_flagged,,,,,,valid=0; invalid=0; risky=0; unknown=0
1356,6989866,cheesepop.de,no,,,0,,no_email_candidate_in_email_query,not_flagged,,,,,,valid=0; invalid=0; risky=0; unknown=0
1357,6991307,teamworldvision.ca,no,,,0,,no_email_candidate_in_email_query,not_flagged,,,,,,valid=0; invalid=0; risky=0; unknown=0
1358,6994224,rmhcncf.org,yes,,,0,,no_email_candidate_in_email_query,not_flagged,,,,,,valid=0; invalid=0; risky=0; unknown=0
1359,7000563,bradleybrand.ie,yes,,,0,,no_email_candidate_in_email_query,not_flagged,,,,,,valid=0; invalid=0; risky=0; unknown=0
1360,7017592,anthrodesign.com,yes,,,0,,no_email_candidate_in_email_query,not_flagged,,,,,,valid=0; invalid=0; risky=0; unknown=0
1361,7022359,firstlinesecurities.com,no,,,0,,no_email_candidate_in_email_query,not_flagged,,,,,,valid=0; invalid=0; risky=0; unknown=0
1362,7024554,pisterouge.com,yes,,,0,,no_email_candidate_in_email_query,not_flagged,,,,,,valid=0; invalid=0; risky=0; unknown=0
1363,7026146,chunichi-shobou.co.jp,no,,,0,,no_email_candidate_in_email_query,not_flagged,,,,,,valid=0; invalid=0; risky=0; unknown=0
1364,7037871,market-recruitment.co.uk,yes,,,0,,no_email_candidate_in_email_query,not_flagged,,,,,,valid=0; invalid=0; risky=0; unknown=0
1365,7038696,servier.nl,no,,,0,,no_email_candidate_in_email_query,not_flagged,,,,,,valid=0; invalid=0; risky=0; unknown=0
1366,7041560,my-esel.com,yes,,,0,,no_email_candidate_in_email_query,not_flagged,,,,,,valid=0; invalid=0; risky=0; unknown=0
1367,7042826,hekkenwereld.nl,no,,,0,,no_email_candidate_in_email_query,not_flagged,,,,,,valid=0; invalid=0; risky=0; unknown=0
1368,7048530,egrowths.com,no,,,0,,no_email_candidate_in_email_query,not_flagged,,,,,,valid=0; invalid=0; risky=0; unknown=0
1369,7064636,erwachsenen-sport.ch,no,,,0,,no_email_candidate_in_email_query,not_flagged,,,,,,valid=0; invalid=0; risky=0; unknown=0
1370,7069871,espositoroccetti.com,yes,,,0,,no_email_candidate_in_email_query,not_flagged,,,,,,valid=0; invalid=0; risky=0; unknown=0
1371,7079139,fenelec.com,no,,,0,,no_email_candidate_in_email_query,not_flagged,,,,,,valid=0; invalid=0; risky=0; unknown=0
1372,7079301,ccitraining.edu,no,,,0,,no_email_candidate_in_email_query,not_flagged,,,,,,valid=0; invalid=0; risky=0; unknown=0
1373,7084982,degen.solutions,yes,,,0,,no_email_candidate_in_email_query,not_flagged,,,,,,valid=0; invalid=0; risky=0; unknown=0
1374,7089854,womenofpower.com,no,,,0,,no_email_candidate_in_email_query,not_flagged,,,,,,valid=0; invalid=0; risky=0; unknown=0
1375,7093589,vitalita.fr,yes,,,0,,no_email_candidate_in_email_query,not_flagged,,,,,,valid=0; invalid=0; risky=0; unknown=0
1376,7095268,casl-group.com,yes,,,0,,no_email_candidate_in_email_query,not_flagged,,,,,,valid=0; invalid=0; risky=0; unknown=0
1377,7098011,permanentmakeuptoronto.ca,yes,,,0,,no_email_candidate_in_email_query,not_flagged,,,,,,valid=0; invalid=0; risky=0; unknown=0
1378,7124670,authenticbrand.com,no,,,0,,no_email_candidate_in_email_query,not_flagged,,,,,,valid=0; invalid=0; risky=0; unknown=0
1379,7127868,exaltoadvisory.com,yes,,,0,,no_email_candidate_in_email_query,not_flagged,,,,,,valid=0; invalid=0; risky=0; unknown=0
1380,7132777,goldmediatech.com,yes,,,0,,no_email_candidate_in_email_query,not_flagged,,,,,,valid=0; invalid=0; risky=0; unknown=0
1381,7137023,ulysesosuna.com,yes,,,0,,no_email_candidate_in_email_query,not_flagged,,,,,,valid=0; invalid=0; risky=0; unknown=0
1382,7138857,kart1.com,yes,,,0,,no_email_candidate_in_email_query,not_flagged,,,,,,valid=0; invalid=0; risky=0; unknown=0
1383,7139184,wellopet.be,yes,,,0,,no_email_candidate_in_email_query,not_flagged,,,,,,valid=0; invalid=0; risky=0; unknown=0
1384,7140307,elmiradordeburgos.com,yes,,,0,,no_email_candidate_in_email_query,not_flagged,,,,,,valid=0; invalid=0; risky=0; unknown=0
1385,7145589,nationalparkrescue.org,no,,,0,,no_email_candidate_in_email_query,not_flagged,,,,,,valid=0; invalid=0; risky=0; unknown=0
1386,7153177,frenosrpm.com,no,,,0,,no_email_candidate_in_email_query,not_flagged,,,,,,valid=0; invalid=0; risky=0; unknown=0
1387,7153971,yellowdoorbistro.ca,no,,,0,,no_email_candidate_in_email_query,not_flagged,,,,,,valid=0; invalid=0; risky=0; unknown=0
1388,7154400,serentripia.com,no,,,0,,no_email_candidate_in_email_query,not_flagged,,,,,,valid=0; invalid=0; risky=0; unknown=0
1389,7155125,potentialgroups.com,yes,,,0,,no_email_candidate_in_email_query,not_flagged,,,,,,valid=0; invalid=0; risky=0; unknown=0
1390,7168644,lislagos.com,yes,,,0,,no_email_candidate_in_email_query,not_flagged,,,,,,valid=0; invalid=0; risky=0; unknown=0
1391,7170466,adstriver.com,no,,,0,,no_email_candidate_in_email_query,not_flagged,,,,,,valid=0; invalid=0; risky=0; unknown=0
1392,7173944,bitamine.net,yes,,,0,,no_email_candidate_in_email_query,not_flagged,,,,,,valid=0; invalid=0; risky=0; unknown=0
1393,7179689,konstruktor.hu,no,,,0,,no_email_candidate_in_email_query,not_flagged,,,,,,valid=0; invalid=0; risky=0; unknown=0
1394,7209934,gpgch.org,no,,,0,,no_email_candidate_in_email_query,not_flagged,,,,,,valid=0; invalid=0; risky=0; unknown=0
1395,7226423,famanon.org.uk,yes,,,0,,no_email_candidate_in_email_query,not_flagged,,,,,,valid=0; invalid=0; risky=0; unknown=0
1396,7227063,estevecastells.com,yes,,,0,,no_email_candidate_in_email_query,not_flagged,,,,,,valid=0; invalid=0; risky=0; unknown=0
1397,7228367,ithrivechurch.com,no,,,0,,no_email_candidate_in_email_query,not_flagged,,,,,,valid=0; invalid=0; risky=0; unknown=0
1398,7231489,hehfood.com,no,,,0,,no_email_candidate_in_email_query,not_flagged,,,,,,valid=0; invalid=0; risky=0; unknown=0
1399,7236709,finacoop.fr,yes,,,0,,no_email_candidate_in_email_query,not_flagged,,,,,,valid=0; invalid=0; risky=0; unknown=0
1400,7241887,tanoshi.net,no,,,0,,no_email_candidate_in_email_query,not_flagged,,,,,,valid=0; invalid=0; risky=0; unknown=0
1401,7244603,twinin.fr,yes,,,0,,no_email_candidate_in_email_query,not_flagged,,,,,,valid=0; invalid=0; risky=0; unknown=0
1402,7244655,ecommalia.com,yes,,,0,,no_email_candidate_in_email_query,not_flagged,,,,,,valid=0; invalid=0; risky=0; unknown=0
1403,7252012,advitsahdev.com,yes,,,0,,no_email_candidate_in_email_query,not_flagged,,,,,,valid=0; invalid=0; risky=0; unknown=0
1404,7256585,grantassociatesinc.com,no,,,0,,no_email_candidate_in_email_query,not_flagged,,,,,,valid=0; invalid=0; risky=0; unknown=0
1405,7259444,uhin.org,no,,,0,,no_email_candidate_in_email_query,not_flagged,,,,,,valid=0; invalid=0; risky=0; unknown=0
1406,7267025,decidiresunderecho.org,no,,,0,,no_email_candidate_in_email_query,not_flagged,,,,,,valid=0; invalid=0; risky=0; unknown=0
1407,7267660,catholicplaylistshow.com,yes,,,0,,no_email_candidate_in_email_query,not_flagged,,,,,,valid=0; invalid=0; risky=0; unknown=0
1408,7270751,hotellonyxen.se,no,,,0,,no_email_candidate_in_email_query,not_flagged,,,,,,valid=0; invalid=0; risky=0; unknown=0
1409,7283302,huystendonck.nl,yes,,,0,,no_email_candidate_in_email_query,not_flagged,,,,,,valid=0; invalid=0; risky=0; unknown=0
1410,7284943,khochdrei.com,no,,,0,,no_email_candidate_in_email_query,not_flagged,,,,,,valid=0; invalid=0; risky=0; unknown=0
1411,7304554,insurancelady.com,no,,,0,,no_email_candidate_in_email_query,not_flagged,,,,,,valid=0; invalid=0; risky=0; unknown=0
1412,7306088,theqexperiences.com,yes,,,0,,no_email_candidate_in_email_query,not_flagged,,,,,,valid=0; invalid=0; risky=0; unknown=0
1413,7308992,xltowingchicago.com,yes,,,0,,no_email_candidate_in_email_query,not_flagged,,,,,,valid=0; invalid=0; risky=0; unknown=0
1414,7313303,micaebrown.com,yes,,,0,,no_email_candidate_in_email_query,not_flagged,,,,,,valid=0; invalid=0; risky=0; unknown=0
1415,7319913,kenblackman.com,yes,,,0,,no_email_candidate_in_email_query,not_flagged,,,,,,valid=0; invalid=0; risky=0; unknown=0
1416,7322134,oppathailand.com,yes,,,0,,no_email_candidate_in_email_query,not_flagged,,,,,,valid=0; invalid=0; risky=0; unknown=0
1417,7322634,cuinacanelafina.com,no,,,0,,no_email_candidate_in_email_query,not_flagged,,,,,,valid=0; invalid=0; risky=0; unknown=0
1418,7323612,dentalpromotion.fr,no,,,0,,no_email_candidate_in_email_query,not_flagged,,,,,,valid=0; invalid=0; risky=0; unknown=0
1419,7326141,hackkean.org,yes,,,0,,no_email_candidate_in_email_query,not_flagged,,,,,,valid=0; invalid=0; risky=0; unknown=0
1420,7328704,tampaunderground.com,yes,,,0,,no_email_candidate_in_email_query,not_flagged,,,,,,valid=0; invalid=0; risky=0; unknown=0
1421,7328711,ktek.co,yes,,,0,,no_email_candidate_in_email_query,not_flagged,,,,,,valid=0; invalid=0; risky=0; unknown=0
1422,7331737,hyasynthbio.com,yes,,,0,,no_email_candidate_in_email_query,not_flagged,,,,,,valid=0; invalid=0; risky=0; unknown=0
1423,7332954,makerschurch.org,no,,,0,,no_email_candidate_in_email_query,not_flagged,,,,,,valid=0; invalid=0; risky=0; unknown=0
1424,7334141,writingnights.org,no,,,0,,no_email_candidate_in_email_query,not_flagged,,,,,,valid=0; invalid=0; risky=0; unknown=0
1425,7335266,tiz-kirchdorf.at,no,,,0,,no_email_candidate_in_email_query,not_flagged,,,,,,valid=0; invalid=0; risky=0; unknown=0
1426,7337462,cabinet-fico.fr,yes,,,0,,no_email_candidate_in_email_query,not_flagged,,,,,,valid=0; invalid=0; risky=0; unknown=0
1427,7339541,partnersdogs.com,yes,,,0,,no_email_candidate_in_email_query,not_flagged,,,,,,valid=0; invalid=0; risky=0; unknown=0
1428,7346887,mlkrook.org,yes,,,0,,no_email_candidate_in_email_query,not_flagged,,,,,,valid=0; invalid=0; risky=0; unknown=0
1429,7346975,oliversfishandchips.com,yes,,,0,,no_email_candidate_in_email_query,not_flagged,,,,,,valid=0; invalid=0; risky=0; unknown=0
1430,7353760,indemnizacionaccidentetrafico.net,yes,,,0,,no_email_candidate_in_email_query,not_flagged,,,,,,valid=0; invalid=0; risky=0; unknown=0
1431,7356370,stedelijkstudies.com,no,,,0,,no_email_candidate_in_email_query,not_flagged,,,,,,valid=0; invalid=0; risky=0; unknown=0
1432,7362146,wdsgroup.co.uk,yes,,,0,,no_email_candidate_in_email_query,not_flagged,,,,,,valid=0; invalid=0; risky=0; unknown=0
1433,7363585,jadranka-trgovina.com,yes,,,0,,no_email_candidate_in_email_query,not_flagged,,,,,,valid=0; invalid=0; risky=0; unknown=0
1434,7365954,mscdigitalmarketing.com,yes,,,0,,no_email_candidate_in_email_query,not_flagged,,,,,,valid=0; invalid=0; risky=0; unknown=0
1435,7371988,vastgoedcert.nl,no,,,0,,no_email_candidate_in_email_query,not_flagged,,,,,,valid=0; invalid=0; risky=0; unknown=0
1436,7374707,investimeo.fr,yes,,,0,,no_email_candidate_in_email_query,not_flagged,,,,,,valid=0; invalid=0; risky=0; unknown=0
1437,7376473,toktokdoc.com,no,,,0,,no_email_candidate_in_email_query,not_flagged,,,,,,valid=0; invalid=0; risky=0; unknown=0
1438,7376764,corlansing.org,no,,,0,,no_email_candidate_in_email_query,not_flagged,,,,,,valid=0; invalid=0; risky=0; unknown=0
1439,7390606,myheritagecabin.com,no,,,0,,no_email_candidate_in_email_query,not_flagged,,,,,,valid=0; invalid=0; risky=0; unknown=0
1440,7399161,brendanchaplin.com,yes,,,0,,no_email_candidate_in_email_query,not_flagged,,,,,,valid=0; invalid=0; risky=0; unknown=0
1441,7400813,uplifting.com.au,no,,,0,,no_email_candidate_in_email_query,not_flagged,,,,,,valid=0; invalid=0; risky=0; unknown=0
1442,7403773,fujikyu-lock.com,no,,,0,,no_email_candidate_in_email_query,not_flagged,,,,,,valid=0; invalid=0; risky=0; unknown=0
1443,7405527,islamicic.com,yes,,,0,,no_email_candidate_in_email_query,not_flagged,,,,,,valid=0; invalid=0; risky=0; unknown=0
1444,7407010,carmtraining.org,no,,,0,,no_email_candidate_in_email_query,not_flagged,,,,,,valid=0; invalid=0; risky=0; unknown=0
1445,7421198,sharonina.com,no,,,0,,no_email_candidate_in_email_query,not_flagged,,,,,,valid=0; invalid=0; risky=0; unknown=0
1446,7423872,bearcattattoo.com,yes,,,0,,no_email_candidate_in_email_query,not_flagged,,,,,,valid=0; invalid=0; risky=0; unknown=0
1447,7441012,oneprez.com,no,,,0,,no_email_candidate_in_email_query,not_flagged,,,,,,valid=0; invalid=0; risky=0; unknown=0
1448,7445822,lgassur-finance.com,yes,,,0,,no_email_candidate_in_email_query,not_flagged,,,,,,valid=0; invalid=0; risky=0; unknown=0
1449,7451858,digiraf.gent,no,,,0,,no_email_candidate_in_email_query,not_flagged,,,,,,valid=0; invalid=0; risky=0; unknown=0
1450,7452576,donorens.com,no,,,0,,no_email_candidate_in_email_query,not_flagged,,,,,,valid=0; invalid=0; risky=0; unknown=0
1451,7456684,impact-valley.com,yes,,,0,,no_email_candidate_in_email_query,not_flagged,,,,,,valid=0; invalid=0; risky=0; unknown=0
1452,7468024,o-dc.com,no,,,0,,no_email_candidate_in_email_query,not_flagged,,,,,,valid=0; invalid=0; risky=0; unknown=0
1453,7481425,ceek.co.uk,no,,,0,,no_email_candidate_in_email_query,not_flagged,,,,,,valid=0; invalid=0; risky=0; unknown=0
1454,7482562,next-germany.de,yes,,,0,,no_email_candidate_in_email_query,not_flagged,,,,,,valid=0; invalid=0; risky=0; unknown=0
1455,7489673,privacyengine.io,no,,,0,,no_email_candidate_in_email_query,not_flagged,,,,,,valid=0; invalid=0; risky=0; unknown=0
1456,7494027,todaysgenerationdance.com,no,,,0,,no_email_candidate_in_email_query,not_flagged,,,,,,valid=0; invalid=0; risky=0; unknown=0
1457,7525160,confenix.pt,no,,,0,,no_email_candidate_in_email_query,not_flagged,,,,,,valid=0; invalid=0; risky=0; unknown=0
1458,7532796,bisblick.org,yes,,,0,,no_email_candidate_in_email_query,not_flagged,,,,,,valid=0; invalid=0; risky=0; unknown=0
1459,7535055,shinocha-p.com,no,,,0,,no_email_candidate_in_email_query,not_flagged,,,,,,valid=0; invalid=0; risky=0; unknown=0
1460,7539028,breathediagnostics.com,yes,,,0,,no_email_candidate_in_email_query,not_flagged,,,,,,valid=0; invalid=0; risky=0; unknown=0
1461,7544467,middlemotion.com,yes,,,0,,no_email_candidate_in_email_query,not_flagged,,,,,,valid=0; invalid=0; risky=0; unknown=0
1462,7545692,naturhaus-lanz.de,yes,,,0,,no_email_candidate_in_email_query,not_flagged,,,,,,valid=0; invalid=0; risky=0; unknown=0
1463,7545828,garbellini.it,yes,,,0,,no_email_candidate_in_email_query,not_flagged,,,,,,valid=0; invalid=0; risky=0; unknown=0
1464,7546864,commentarybox.co.uk,no,,,0,,no_email_candidate_in_email_query,not_flagged,,,,,,valid=0; invalid=0; risky=0; unknown=0
1465,7550196,buyervista.com,yes,,,0,,no_email_candidate_in_email_query,not_flagged,,,,,,valid=0; invalid=0; risky=0; unknown=0
1466,7554497,3percentproject.com,yes,,,0,,no_email_candidate_in_email_query,not_flagged,,,,,,valid=0; invalid=0; risky=0; unknown=0
1467,7561190,ito-kenzai.jp,no,,,0,,no_email_candidate_in_email_query,not_flagged,,,,,,valid=0; invalid=0; risky=0; unknown=0
1468,7562608,sanfelipe.edu.uy,yes,,,0,,no_email_candidate_in_email_query,not_flagged,,,,,,valid=0; invalid=0; risky=0; unknown=0
1469,7563589,artistuprising.com,yes,,,0,,no_email_candidate_in_email_query,not_flagged,,,,,,valid=0; invalid=0; risky=0; unknown=0
1470,7565436,kato-jidousya.co.jp,no,,,0,,no_email_candidate_in_email_query,not_flagged,,,,,,valid=0; invalid=0; risky=0; unknown=0
1471,7566145,hellozag.com,yes,,,0,,no_email_candidate_in_email_query,not_flagged,,,,,,valid=0; invalid=0; risky=0; unknown=0
1472,7566531,tdo-sika.com,no,,,0,,no_email_candidate_in_email_query,not_flagged,,,,,,valid=0; invalid=0; risky=0; unknown=0
1473,7568459,freshholidays.ro,no,,,0,,no_email_candidate_in_email_query,not_flagged,,,,,,valid=0; invalid=0; risky=0; unknown=0
1474,7578365,shihoushoshi-sekine.com,no,,,0,,no_email_candidate_in_email_query,not_flagged,,,,,,valid=0; invalid=0; risky=0; unknown=0
1475,7580773,hamshawlumber.com,no,,,0,,no_email_candidate_in_email_query,not_flagged,,,,,,valid=0; invalid=0; risky=0; unknown=0
1476,7585301,securehomeorlando.com,yes,,,0,,no_email_candidate_in_email_query,not_flagged,,,,,,valid=0; invalid=0; risky=0; unknown=0
1477,7598288,therequirementlist.com,yes,,,0,,no_email_candidate_in_email_query,not_flagged,,,,,,valid=0; invalid=0; risky=0; unknown=0
1478,7600009,wirlieferndeinekueche.de,yes,,,0,,no_email_candidate_in_email_query,not_flagged,,,,,,valid=0; invalid=0; risky=0; unknown=0
1479,7602169,resultmedia.pl,no,,,0,,no_email_candidate_in_email_query,not_flagged,,,,,,valid=0; invalid=0; risky=0; unknown=0
1480,7604223,thegoodmonster.com,no,,,0,,no_email_candidate_in_email_query,not_flagged,,,,,,valid=0; invalid=0; risky=0; unknown=0
1481,7604866,signalmanav.com,yes,,,0,,no_email_candidate_in_email_query,not_flagged,,,,,,valid=0; invalid=0; risky=0; unknown=0
1482,7606953,culami.com,no,,,0,,no_email_candidate_in_email_query,not_flagged,,,,,,valid=0; invalid=0; risky=0; unknown=0
1483,7608496,kimono-iseya.com,no,,,0,,no_email_candidate_in_email_query,not_flagged,,,,,,valid=0; invalid=0; risky=0; unknown=0
1484,7608858,newgirlontheblock.com,yes,,,0,,no_email_candidate_in_email_query,not_flagged,,,,,,valid=0; invalid=0; risky=0; unknown=0
1485,7626389,shudaisougi.com,no,,,0,,no_email_candidate_in_email_query,not_flagged,,,,,,valid=0; invalid=0; risky=0; unknown=0
1486,7632935,encedentistry.com,yes,,,0,,no_email_candidate_in_email_query,not_flagged,,,,,,valid=0; invalid=0; risky=0; unknown=0
1487,7635377,rohde-objekteinrichtungen.de,no,,,0,,no_email_candidate_in_email_query,not_flagged,,,,,,valid=0; invalid=0; risky=0; unknown=0
1488,7636422,daisho-sk.com,no,,,0,,no_email_candidate_in_email_query,not_flagged,,,,,,valid=0; invalid=0; risky=0; unknown=0
1489,7639156,employ.io,yes,,,0,,no_email_candidate_in_email_query,not_flagged,,,,,,valid=0; invalid=0; risky=0; unknown=0
1490,7643932,karirbagus.com,no,,,0,,no_email_candidate_in_email_query,not_flagged,,,,,,valid=0; invalid=0; risky=0; unknown=0
1491,7659872,martinobranding.com,no,,,0,,no_email_candidate_in_email_query,not_flagged,,,,,,valid=0; invalid=0; risky=0; unknown=0
1492,7663301,uralzvs.ru,no,,,0,,no_email_candidate_in_email_query,not_flagged,,,,,,valid=0; invalid=0; risky=0; unknown=0
1493,7664093,martha.be,yes,,,0,,no_email_candidate_in_email_query,not_flagged,,,,,,valid=0; invalid=0; risky=0; unknown=0
1494,7672244,brinkmannhardware.com,no,,,0,,no_email_candidate_in_email_query,not_flagged,,,,,,valid=0; invalid=0; risky=0; unknown=0
1495,7682622,mvbookkeeping.com.au,yes,,,0,,no_email_candidate_in_email_query,not_flagged,,,,,,valid=0; invalid=0; risky=0; unknown=0
1496,7687517,happystartupsummer.camp,yes,,,0,,no_email_candidate_in_email_query,not_flagged,,,,,,valid=0; invalid=0; risky=0; unknown=0
1497,7695058,1heart.com,no,,,0,,no_email_candidate_in_email_query,not_flagged,,,,,,valid=0; invalid=0; risky=0; unknown=0
1498,7695781,knzw-dc.com,no,,,0,,no_email_candidate_in_email_query,not_flagged,,,,,,valid=0; invalid=0; risky=0; unknown=0
1499,7696446,e-eijuu.com,no,,,0,,no_email_candidate_in_email_query,not_flagged,,,,,,valid=0; invalid=0; risky=0; unknown=0
1500,7697259,valagroup.com,no,,,0,,no_email_candidate_in_email_query,not_flagged,,,,,,valid=0; invalid=0; risky=0; unknown=0
1501,7701518,borrowreadrepeat.com,no,,,0,,no_email_candidate_in_email_query,not_flagged,,,,,,valid=0; invalid=0; risky=0; unknown=0
1502,7711872,usmresolution.com,yes,,,0,,no_email_candidate_in_email_query,not_flagged,,,,,,valid=0; invalid=0; risky=0; unknown=0
1503,7719020,formycar.fr,yes,,,0,,no_email_candidate_in_email_query,not_flagged,,,,,,valid=0; invalid=0; risky=0; unknown=0
1504,7719819,vinpilot.com,yes,,,0,,no_email_candidate_in_email_query,not_flagged,,,,,,valid=0; invalid=0; risky=0; unknown=0
1505,7724520,onescut.com,no,,,0,,no_email_candidate_in_email_query,not_flagged,,,,,,valid=0; invalid=0; risky=0; unknown=0
1506,7724571,flyer.io,yes,,,0,,no_email_candidate_in_email_query,not_flagged,,,,,,valid=0; invalid=0; risky=0; unknown=0
1507,7726423,carywebdesigns.com,yes,,,0,,no_email_candidate_in_email_query,not_flagged,,,,,,valid=0; invalid=0; risky=0; unknown=0
1508,7729168,markriddickproductions.com,yes,,,0,,no_email_candidate_in_email_query,not_flagged,,,,,,valid=0; invalid=0; risky=0; unknown=0
1509,7729249,micro-scientific.com,no,,,0,,no_email_candidate_in_email_query,not_flagged,,,,,,valid=0; invalid=0; risky=0; unknown=0
1510,7732824,gummigubben.se,yes,,,0,,no_email_candidate_in_email_query,not_flagged,,,,,,valid=0; invalid=0; risky=0; unknown=0
1511,7738659,mcgregor-hardware.com,no,,,0,,no_email_candidate_in_email_query,not_flagged,,,,,,valid=0; invalid=0; risky=0; unknown=0
1512,7739814,daveharrison.net,yes,,,0,,no_email_candidate_in_email_query,not_flagged,,,,,,valid=0; invalid=0; risky=0; unknown=0
1513,7740767,skagafm.dk,no,,,0,,no_email_candidate_in_email_query,not_flagged,,,,,,valid=0; invalid=0; risky=0; unknown=0
1514,7742673,joanvinyets.net,yes,,,0,,no_email_candidate_in_email_query,not_flagged,,,,,,valid=0; invalid=0; risky=0; unknown=0
1515,7745420,myfairviewdental.ca,yes,,,0,,no_email_candidate_in_email_query,not_flagged,,,,,,valid=0; invalid=0; risky=0; unknown=0
1516,7767531,equinox.org.au,no,,,0,,no_email_candidate_in_email_query,not_flagged,,,,,,valid=0; invalid=0; risky=0; unknown=0
1517,7771475,cerasonar.de,yes,,,0,,no_email_candidate_in_email_query,not_flagged,,,,,,valid=0; invalid=0; risky=0; unknown=0
1518,7782026,gatoroemsolutions.com,yes,,,0,,no_email_candidate_in_email_query,not_flagged,,,,,,valid=0; invalid=0; risky=0; unknown=0
1519,7782604,wptheory.net,yes,,,0,,no_email_candidate_in_email_query,not_flagged,,,,,,valid=0; invalid=0; risky=0; unknown=0
1520,7789678,cbicommercial.com,no,,,0,,no_email_candidate_in_email_query,not_flagged,,,,,,valid=0; invalid=0; risky=0; unknown=0
1521,7794229,dentalpromotion.be,no,,,0,,no_email_candidate_in_email_query,not_flagged,,,,,,valid=0; invalid=0; risky=0; unknown=0
1522,7803550,nakanishikoumuten.jp,no,,,0,,no_email_candidate_in_email_query,not_flagged,,,,,,valid=0; invalid=0; risky=0; unknown=0
1523,7805767,blackbirdsalon.com,yes,,,0,,no_email_candidate_in_email_query,not_flagged,,,,,,valid=0; invalid=0; risky=0; unknown=0
1524,7810369,tshoko.com,yes,,,0,,no_email_candidate_in_email_query,not_flagged,,,,,,valid=0; invalid=0; risky=0; unknown=0
1525,7825786,gesundheitshaus-hammer.de,no,,,0,,no_email_candidate_in_email_query,not_flagged,,,,,,valid=0; invalid=0; risky=0; unknown=0
1526,7827208,ridgewoodinvestments.com,yes,,,0,,no_email_candidate_in_email_query,not_flagged,,,,,,valid=0; invalid=0; risky=0; unknown=0
1527,7838052,symetri.dk,no,,,0,,no_email_candidate_in_email_query,not_flagged,,,,,,valid=0; invalid=0; risky=0; unknown=0
1528,7839496,kozossegikertek.hu,yes,,,0,,no_email_candidate_in_email_query,not_flagged,,,,,,valid=0; invalid=0; risky=0; unknown=0
1529,7842879,mtec-jp.net,no,,,0,,no_email_candidate_in_email_query,not_flagged,,,,,,valid=0; invalid=0; risky=0; unknown=0
1530,7858475,cisassessment.com,no,,,0,,no_email_candidate_in_email_query,not_flagged,,,,,,valid=0; invalid=0; risky=0; unknown=0
1531,7859033,nidrayogainternational.com,no,,,0,,no_email_candidate_in_email_query,not_flagged,,,,,,valid=0; invalid=0; risky=0; unknown=0
1532,7861998,stajkampi.com,no,,,0,,no_email_candidate_in_email_query,not_flagged,,,,,,valid=0; invalid=0; risky=0; unknown=0
1533,7867018,probag.it,no,,,0,,no_email_candidate_in_email_query,not_flagged,,,,,,valid=0; invalid=0; risky=0; unknown=0
1534,7870592,profilertraining.com,yes,,,0,,no_email_candidate_in_email_query,not_flagged,,,,,,valid=0; invalid=0; risky=0; unknown=0
1535,7871181,velux.ba,no,,,0,,no_email_candidate_in_email_query,not_flagged,,,,,,valid=0; invalid=0; risky=0; unknown=0
1536,7872445,seedsafefinancial.com,yes,,,0,,no_email_candidate_in_email_query,not_flagged,,,,,,valid=0; invalid=0; risky=0; unknown=0
1537,7876515,colegiosurcos.edu.ec,no,,,0,,no_email_candidate_in_email_query,not_flagged,,,,,,valid=0; invalid=0; risky=0; unknown=0
1538,7877081,creativosfreelance.com,yes,,,0,,no_email_candidate_in_email_query,not_flagged,,,,,,valid=0; invalid=0; risky=0; unknown=0
1539,7882018,drfowlerortho.com,yes,,,0,,no_email_candidate_in_email_query,not_flagged,,,,,,valid=0; invalid=0; risky=0; unknown=0
1540,7893387,suyama-k.jp,no,,,0,,no_email_candidate_in_email_query,not_flagged,,,,,,valid=0; invalid=0; risky=0; unknown=0
1541,7909626,dashcreative.co,yes,,,0,,no_email_candidate_in_email_query,not_flagged,,,,,,valid=0; invalid=0; risky=0; unknown=0
1542,7917970,sylvia-pietzko.de,yes,,,0,,no_email_candidate_in_email_query,not_flagged,,,,,,valid=0; invalid=0; risky=0; unknown=0
1543,7919478,barflys.at,yes,,,0,,no_email_candidate_in_email_query,not_flagged,,,,,,valid=0; invalid=0; risky=0; unknown=0
1544,7920973,soccerdrillsapp.com,yes,,,0,,no_email_candidate_in_email_query,not_flagged,,,,,,valid=0; invalid=0; risky=0; unknown=0
1545,7934374,aby-reisen.de,yes,,,0,,no_email_candidate_in_email_query,not_flagged,,,,,,valid=0; invalid=0; risky=0; unknown=0
1546,7940007,optitank.be,no,,,0,,no_email_candidate_in_email_query,not_flagged,,,,,,valid=0; invalid=0; risky=0; unknown=0
1547,7940769,girlscomputingleague.org,yes,,,0,,no_email_candidate_in_email_query,not_flagged,,,,,,valid=0; invalid=0; risky=0; unknown=0
1548,7949980,wantmovers.com,no,,,0,,no_email_candidate_in_email_query,not_flagged,,,,,,valid=0; invalid=0; risky=0; unknown=0
1549,7951537,scottswebshop.com,yes,,,0,,no_email_candidate_in_email_query,not_flagged,,,,,,valid=0; invalid=0; risky=0; unknown=0
1550,7959062,mostafanageeb.com,yes,,,0,,no_email_candidate_in_email_query,not_flagged,,,,,,valid=0; invalid=0; risky=0; unknown=0
1551,7975037,storytellersmedias.com,yes,,,0,,no_email_candidate_in_email_query,not_flagged,,,,,,valid=0; invalid=0; risky=0; unknown=0
1552,7981515,beppo.com,yes,,,0,,no_email_candidate_in_email_query,not_flagged,,,,,,valid=0; invalid=0; risky=0; unknown=0
1553,7987140,gracenjohnson.com,yes,,,0,,no_email_candidate_in_email_query,not_flagged,,,,,,valid=0; invalid=0; risky=0; unknown=0
1554,8001650,fortywinkstt.com,yes,,,0,,no_email_candidate_in_email_query,not_flagged,,,,,,valid=0; invalid=0; risky=0; unknown=0
1555,8004039,ezziespencer.com,yes,,,0,,no_email_candidate_in_email_query,not_flagged,,,,,,valid=0; invalid=0; risky=0; unknown=0
1556,8004833,kberger.com,no,,,0,,no_email_candidate_in_email_query,not_flagged,,,,,,valid=0; invalid=0; risky=0; unknown=0
1557,8005607,altercycles.com,no,,,0,,no_email_candidate_in_email_query,not_flagged,,,,,,valid=0; invalid=0; risky=0; unknown=0
1558,8013421,rapiddot.com,yes,,,0,,no_email_candidate_in_email_query,not_flagged,,,,,,valid=0; invalid=0; risky=0; unknown=0
1559,8015462,yogaforbacks.co.uk,no,,,0,,no_email_candidate_in_email_query,not_flagged,,,,,,valid=0; invalid=0; risky=0; unknown=0
1560,8019967,proactis.net,no,,,0,,no_email_candidate_in_email_query,not_flagged,,,,,,valid=0; invalid=0; risky=0; unknown=0
1561,8031749,annmarierose.com,yes,,,0,,no_email_candidate_in_email_query,not_flagged,,,,,,valid=0; invalid=0; risky=0; unknown=0
1562,8045695,studer.agency,yes,,,0,,no_email_candidate_in_email_query,not_flagged,,,,,,valid=0; invalid=0; risky=0; unknown=0
1563,8049584,homeopathywithtracy.co.uk,yes,,,0,,no_email_candidate_in_email_query,not_flagged,,,,,,valid=0; invalid=0; risky=0; unknown=0
1564,8055224,campgroup.com,yes,,,0,,no_email_candidate_in_email_query,not_flagged,,,,,,valid=0; invalid=0; risky=0; unknown=0
1565,8055566,kyc.org.hk,no,,,0,,no_email_candidate_in_email_query,not_flagged,,,,,,valid=0; invalid=0; risky=0; unknown=0
1566,8055720,clinicamotus.it,yes,,,0,,no_email_candidate_in_email_query,not_flagged,,,,,,valid=0; invalid=0; risky=0; unknown=0
1567,8067752,conchatejadaproject.com,yes,,,0,,no_email_candidate_in_email_query,not_flagged,,,,,,valid=0; invalid=0; risky=0; unknown=0
1568,8068560,caoformaggi.it,yes,,,0,,no_email_candidate_in_email_query,not_flagged,,,,,,valid=0; invalid=0; risky=0; unknown=0
1569,8084145,mondhygienisten.nl,yes,,,0,,no_email_candidate_in_email_query,not_flagged,,,,,,valid=0; invalid=0; risky=0; unknown=0
1570,8084900,smile-4-life.de,no,,,0,,no_email_candidate_in_email_query,not_flagged,,,,,,valid=0; invalid=0; risky=0; unknown=0
1571,8099189,autofact.com.mx,no,,,0,,no_email_candidate_in_email_query,not_flagged,,,,,,valid=0; invalid=0; risky=0; unknown=0
1572,8099719,infobell.com.br,no,,,0,,no_email_candidate_in_email_query,not_flagged,,,,,,valid=0; invalid=0; risky=0; unknown=0
1573,8104594,atlanticacesenatico.com,yes,,,0,,no_email_candidate_in_email_query,not_flagged,,,,,,valid=0; invalid=0; risky=0; unknown=0
1574,8108202,carlosroblesbathtilestone.com,yes,,,0,,no_email_candidate_in_email_query,not_flagged,,,,,,valid=0; invalid=0; risky=0; unknown=0
1575,8111576,theater-kees.nl,yes,,,0,,no_email_candidate_in_email_query,not_flagged,,,,,,valid=0; invalid=0; risky=0; unknown=0
1576,8113087,dentalalarm.sk,yes,,,0,,no_email_candidate_in_email_query,not_flagged,,,,,,valid=0; invalid=0; risky=0; unknown=0
1577,8119923,icommerceteam.com,yes,,,0,,no_email_candidate_in_email_query,not_flagged,,,,,,valid=0; invalid=0; risky=0; unknown=0
1578,8131660,velkommen.dk,no,,,0,,no_email_candidate_in_email_query,not_flagged,,,,,,valid=0; invalid=0; risky=0; unknown=0
1579,8138848,thebirdschool.com,yes,,,0,,no_email_candidate_in_email_query,not_flagged,,,,,,valid=0; invalid=0; risky=0; unknown=0
1580,8138916,afxholdings.com,yes,,,0,,no_email_candidate_in_email_query,not_flagged,,,,,,valid=0; invalid=0; risky=0; unknown=0
1581,8147906,peak-resilience.com,yes,,,0,,no_email_candidate_in_email_query,not_flagged,,,,,,valid=0; invalid=0; risky=0; unknown=0
1582,8176753,fermedevalbonne.com,yes,,,0,,no_email_candidate_in_email_query,not_flagged,,,,,,valid=0; invalid=0; risky=0; unknown=0
1583,8179787,ec-pr.com,no,,,0,,no_email_candidate_in_email_query,not_flagged,,,,,,valid=0; invalid=0; risky=0; unknown=0
1584,8184881,popularc.com,no,,,0,,no_email_candidate_in_email_query,not_flagged,,,,,,valid=0; invalid=0; risky=0; unknown=0
1585,8187540,exitfive.com,yes,,,0,,no_email_candidate_in_email_query,not_flagged,,,,,,valid=0; invalid=0; risky=0; unknown=0
1586,8191081,craiggilmore.net,no,,,0,,no_email_candidate_in_email_query,not_flagged,,,,,,valid=0; invalid=0; risky=0; unknown=0
1587,8193727,fersgo.com,yes,,,0,,no_email_candidate_in_email_query,not_flagged,,,,,,valid=0; invalid=0; risky=0; unknown=0
1588,8199078,twomenandamovingvan.com,no,,,0,,no_email_candidate_in_email_query,not_flagged,,,,,,valid=0; invalid=0; risky=0; unknown=0
1589,8199455,smaar.fr,no,,,0,,no_email_candidate_in_email_query,not_flagged,,,,,,valid=0; invalid=0; risky=0; unknown=0
1590,8205544,festival-ra.ch,yes,,,0,,no_email_candidate_in_email_query,not_flagged,,,,,,valid=0; invalid=0; risky=0; unknown=0
1591,8209193,ontariograinfarmer.ca,no,,,0,,no_email_candidate_in_email_query,not_flagged,,,,,,valid=0; invalid=0; risky=0; unknown=0
1592,8213940,wardresumes.com,no,,,0,,no_email_candidate_in_email_query,not_flagged,,,,,,valid=0; invalid=0; risky=0; unknown=0
1593,8220854,marcscheff.com,no,,,0,,no_email_candidate_in_email_query,not_flagged,,,,,,valid=0; invalid=0; risky=0; unknown=0
1594,8227405,aaseny.org,yes,,,0,,no_email_candidate_in_email_query,not_flagged,,,,,,valid=0; invalid=0; risky=0; unknown=0
1595,8233482,everlastingmoments.com,yes,,,0,,no_email_candidate_in_email_query,not_flagged,,,,,,valid=0; invalid=0; risky=0; unknown=0
1596,8234761,andrology.ae,yes,,,0,,no_email_candidate_in_email_query,not_flagged,,,,,,valid=0; invalid=0; risky=0; unknown=0
1597,8245045,justicelegalgroup.com,yes,,,0,,no_email_candidate_in_email_query,not_flagged,,,,,,valid=0; invalid=0; risky=0; unknown=0
1598,8247271,cabanonsfiliatrault.com,no,,,0,,no_email_candidate_in_email_query,not_flagged,,,,,,valid=0; invalid=0; risky=0; unknown=0
1599,8255348,deconstructingstigma.org,no,,,0,,no_email_candidate_in_email_query,not_flagged,,,,,,valid=0; invalid=0; risky=0; unknown=0
1600,8257405,aixoise-immobiliere.com,yes,,,0,,no_email_candidate_in_email_query,not_flagged,,,,,,valid=0; invalid=0; risky=0; unknown=0
1601,8259867,nospot.ca,yes,,,0,,no_email_candidate_in_email_query,not_flagged,,,,,,valid=0; invalid=0; risky=0; unknown=0
1602,8265771,flexxandthecity.com,yes,,,0,,no_email_candidate_in_email_query,not_flagged,,,,,,valid=0; invalid=0; risky=0; unknown=0
1603,8266600,openfarma.com.ar,no,,,0,,no_email_candidate_in_email_query,not_flagged,,,,,,valid=0; invalid=0; risky=0; unknown=0
1604,8274421,95lofts.com,no,,,0,,no_email_candidate_in_email_query,not_flagged,,,,,,valid=0; invalid=0; risky=0; unknown=0
1605,8281757,linusekenstam.com,yes,,,0,,no_email_candidate_in_email_query,not_flagged,,,,,,valid=0; invalid=0; risky=0; unknown=0
1606,8289255,incola.com.pl,no,,,0,,no_email_candidate_in_email_query,not_flagged,,,,,,valid=0; invalid=0; risky=0; unknown=0
1607,8290891,yaberaclothing.com,yes,,,0,,no_email_candidate_in_email_query,not_flagged,,,,,,valid=0; invalid=0; risky=0; unknown=0
1608,8291778,draftee.com.au,yes,,,0,,no_email_candidate_in_email_query,not_flagged,,,,,,valid=0; invalid=0; risky=0; unknown=0
1609,8296739,ipsip.eu,yes,,,0,,no_email_candidate_in_email_query,not_flagged,,,,,,valid=0; invalid=0; risky=0; unknown=0
1610,8297012,lepera.com.br,yes,,,0,,no_email_candidate_in_email_query,not_flagged,,,,,,valid=0; invalid=0; risky=0; unknown=0
1611,8298217,melindawittstock.com,yes,,,0,,no_email_candidate_in_email_query,not_flagged,,,,,,valid=0; invalid=0; risky=0; unknown=0
1612,8311558,thekennedys.nl,yes,,,0,,no_email_candidate_in_email_query,not_flagged,,,,,,valid=0; invalid=0; risky=0; unknown=0
1613,8322020,michaelcporter.com,yes,,,0,,no_email_candidate_in_email_query,not_flagged,,,,,,valid=0; invalid=0; risky=0; unknown=0
1614,8328093,edgarbarrionuevo.com,yes,,,0,,no_email_candidate_in_email_query,not_flagged,,,,,,valid=0; invalid=0; risky=0; unknown=0
1615,8328100,eliteaffiliates.com,no,,,0,,no_email_candidate_in_email_query,not_flagged,,,,,,valid=0; invalid=0; risky=0; unknown=0
1616,8329673,cevennes-amenagements.com,no,,,0,,no_email_candidate_in_email_query,not_flagged,,,,,,valid=0; invalid=0; risky=0; unknown=0
1617,8347331,sirautoglass.com,yes,,,0,,no_email_candidate_in_email_query,not_flagged,,,,,,valid=0; invalid=0; risky=0; unknown=0
1618,8349088,consultia.de,yes,,,0,,no_email_candidate_in_email_query,not_flagged,,,,,,valid=0; invalid=0; risky=0; unknown=0
1619,8354523,zanfonaproyectos.com,yes,,,0,,no_email_candidate_in_email_query,not_flagged,,,,,,valid=0; invalid=0; risky=0; unknown=0
1620,8371796,korenevo.org,no,,,0,,no_email_candidate_in_email_query,not_flagged,,,,,,valid=0; invalid=0; risky=0; unknown=0
1621,8373800,thedigitalmarketingstudio.com,yes,,,0,,no_email_candidate_in_email_query,not_flagged,,,,,,valid=0; invalid=0; risky=0; unknown=0
1622,8419032,iguanagroup.co.uk,no,,,0,,no_email_candidate_in_email_query,not_flagged,,,,,,valid=0; invalid=0; risky=0; unknown=0
1623,8428403,helios-eex.com,no,,,0,,no_email_candidate_in_email_query,not_flagged,,,,,,valid=0; invalid=0; risky=0; unknown=0
1624,8432730,alliedhealthmarketing.com.au,no,,,0,,no_email_candidate_in_email_query,not_flagged,,,,,,valid=0; invalid=0; risky=0; unknown=0
1625,8436901,thehopechurch.org,no,,,0,,no_email_candidate_in_email_query,not_flagged,,,,,,valid=0; invalid=0; risky=0; unknown=0
1626,8441629,ofstech.com,no,,,0,,no_email_candidate_in_email_query,not_flagged,,,,,,valid=0; invalid=0; risky=0; unknown=0
1627,8443763,gema.org,yes,,,0,,no_email_candidate_in_email_query,not_flagged,,,,,,valid=0; invalid=0; risky=0; unknown=0
1628,8445634,vlyer.de,no,,,0,,no_email_candidate_in_email_query,not_flagged,,,,,,valid=0; invalid=0; risky=0; unknown=0
1629,8448586,demo-europe.eu,yes,,,0,,no_email_candidate_in_email_query,not_flagged,,,,,,valid=0; invalid=0; risky=0; unknown=0
1630,8472239,orbitalelectrical.com.au,yes,,,0,,no_email_candidate_in_email_query,not_flagged,,,,,,valid=0; invalid=0; risky=0; unknown=0
1631,8475141,dumay-mior.be,no,,,0,,no_email_candidate_in_email_query,not_flagged,,,,,,valid=0; invalid=0; risky=0; unknown=0
1632,8481936,innovisglobal.com,yes,,,0,,no_email_candidate_in_email_query,not_flagged,,,,,,valid=0; invalid=0; risky=0; unknown=0
1633,8484119,zacharydash.com,no,,,0,,no_email_candidate_in_email_query,not_flagged,,,,,,valid=0; invalid=0; risky=0; unknown=0
1634,8496173,observatoire-amarok.net,yes,,,0,,no_email_candidate_in_email_query,not_flagged,,,,,,valid=0; invalid=0; risky=0; unknown=0
1635,8496450,2brighteyes.com,yes,,,0,,no_email_candidate_in_email_query,not_flagged,,,,,,valid=0; invalid=0; risky=0; unknown=0
1636,8503896,catchingbox.com,no,,,0,,no_email_candidate_in_email_query,not_flagged,,,,,,valid=0; invalid=0; risky=0; unknown=0
1637,8517790,hellogusto.com,no,,,0,,no_email_candidate_in_email_query,not_flagged,,,,,,valid=0; invalid=0; risky=0; unknown=0
1638,8522165,alexisdornier.com,no,,,0,,no_email_candidate_in_email_query,not_flagged,,,,,,valid=0; invalid=0; risky=0; unknown=0
1639,8526195,sleepnanny.co.uk,no,,,0,,no_email_candidate_in_email_query,not_flagged,,,,,,valid=0; invalid=0; risky=0; unknown=0
1640,8528203,aidb.it,yes,,,0,,no_email_candidate_in_email_query,not_flagged,,,,,,valid=0; invalid=0; risky=0; unknown=0
1641,8529080,mulsa99.com,no,,,0,,no_email_candidate_in_email_query,not_flagged,,,,,,valid=0; invalid=0; risky=0; unknown=0
1642,8530466,reliancefellowship.org,yes,,,0,,no_email_candidate_in_email_query,not_flagged,,,,,,valid=0; invalid=0; risky=0; unknown=0
1643,8541905,ma-tax.de,no,,,0,,no_email_candidate_in_email_query,not_flagged,,,,,,valid=0; invalid=0; risky=0; unknown=0
1644,8545794,immuvit.gr,no,,,0,,no_email_candidate_in_email_query,not_flagged,,,,,,valid=0; invalid=0; risky=0; unknown=0
1645,8546354,bioharmony.ca,no,,,0,,no_email_candidate_in_email_query,not_flagged,,,,,,valid=0; invalid=0; risky=0; unknown=0
1646,8553687,alanbracken.com,yes,,,0,,no_email_candidate_in_email_query,not_flagged,,,,,,valid=0; invalid=0; risky=0; unknown=0
1647,8553712,b2bitalia.net,yes,,,0,,no_email_candidate_in_email_query,not_flagged,,,,,,valid=0; invalid=0; risky=0; unknown=0
1648,8562108,refreshingrewards.com,no,,,0,,no_email_candidate_in_email_query,not_flagged,,,,,,valid=0; invalid=0; risky=0; unknown=0
1649,8569764,connectingthedotslive.nl,yes,,,0,,no_email_candidate_in_email_query,not_flagged,,,,,,valid=0; invalid=0; risky=0; unknown=0
1650,8582286,stfparishschool.org,no,,,0,,no_email_candidate_in_email_query,not_flagged,,,,,,valid=0; invalid=0; risky=0; unknown=0
1651,8591754,thetileandironstudio.com,yes,,,0,,no_email_candidate_in_email_query,not_flagged,,,,,,valid=0; invalid=0; risky=0; unknown=0
1652,8596518,olivertattoos.com,yes,,,0,,no_email_candidate_in_email_query,not_flagged,,,,,,valid=0; invalid=0; risky=0; unknown=0
1653,8600312,followup.expert,yes,,,0,,no_email_candidate_in_email_query,not_flagged,,,,,,valid=0; invalid=0; risky=0; unknown=0
1654,8602811,rockymountaincommunities.org,yes,,,0,,no_email_candidate_in_email_query,not_flagged,,,,,,valid=0; invalid=0; risky=0; unknown=0
1655,8608147,coynemedical.com,yes,,,0,,no_email_candidate_in_email_query,not_flagged,,,,,,valid=0; invalid=0; risky=0; unknown=0
1656,8612091,jfigueras.com.br,no,,,0,,no_email_candidate_in_email_query,not_flagged,,,,,,valid=0; invalid=0; risky=0; unknown=0
1657,8624648,horusconnect.fr,yes,,,0,,no_email_candidate_in_email_query,not_flagged,,,,,,valid=0; invalid=0; risky=0; unknown=0
1658,8627605,chrisarroyo.com,yes,,,0,,no_email_candidate_in_email_query,not_flagged,,,,,,valid=0; invalid=0; risky=0; unknown=0
1659,8645045,ithacashakespeare.org,yes,,,0,,no_email_candidate_in_email_query,not_flagged,,,,,,valid=0; invalid=0; risky=0; unknown=0
1660,8652601,biobest.com,no,,,0,,no_email_candidate_in_email_query,not_flagged,,,,,,valid=0; invalid=0; risky=0; unknown=0
1661,8669568,dealva.com.mx,no,,,0,,no_email_candidate_in_email_query,not_flagged,,,,,,valid=0; invalid=0; risky=0; unknown=0
1662,8679877,welbnb.com,yes,,,0,,no_email_candidate_in_email_query,not_flagged,,,,,,valid=0; invalid=0; risky=0; unknown=0
1663,8681551,gorillaagency.com,no,,,0,,no_email_candidate_in_email_query,not_flagged,,,,,,valid=0; invalid=0; risky=0; unknown=0
1664,8685328,hotelsultoniagirona.com,yes,,,0,,no_email_candidate_in_email_query,not_flagged,,,,,,valid=0; invalid=0; risky=0; unknown=0
1665,8691127,drleenarts.com,yes,,,0,,no_email_candidate_in_email_query,not_flagged,,,,,,valid=0; invalid=0; risky=0; unknown=0
1666,8694415,palaciotorredearriaga.com,yes,,,0,,no_email_candidate_in_email_query,not_flagged,,,,,,valid=0; invalid=0; risky=0; unknown=0
1667,8697360,holidayworld.it,yes,,,0,,no_email_candidate_in_email_query,not_flagged,,,,,,valid=0; invalid=0; risky=0; unknown=0
1668,8700118,jamescazzoli.com,no,,,0,,no_email_candidate_in_email_query,not_flagged,,,,,,valid=0; invalid=0; risky=0; unknown=0
1669,8705387,sabahlaw.com,yes,,,0,,no_email_candidate_in_email_query,not_flagged,,,,,,valid=0; invalid=0; risky=0; unknown=0
1670,8712588,belllane.ie,yes,,,0,,no_email_candidate_in_email_query,not_flagged,,,,,,valid=0; invalid=0; risky=0; unknown=0
1671,8713482,estarter.co,yes,,,0,,no_email_candidate_in_email_query,not_flagged,,,,,,valid=0; invalid=0; risky=0; unknown=0
1672,8726633,hellojust.com,yes,,,0,,no_email_candidate_in_email_query,not_flagged,,,,,,valid=0; invalid=0; risky=0; unknown=0
1673,8727117,theskincareguru.com,yes,,,0,,no_email_candidate_in_email_query,not_flagged,,,,,,valid=0; invalid=0; risky=0; unknown=0
1674,8732296,theleonardgraphic.com,no,,,0,,no_email_candidate_in_email_query,not_flagged,,,,,,valid=0; invalid=0; risky=0; unknown=0
1675,8734283,huberpalsir.com,no,,,0,,no_email_candidate_in_email_query,not_flagged,,,,,,valid=0; invalid=0; risky=0; unknown=0
1676,8735608,moldiplast.com,yes,,,0,,no_email_candidate_in_email_query,not_flagged,,,,,,valid=0; invalid=0; risky=0; unknown=0
1677,8740656,entrepedras.es,no,,,0,,no_email_candidate_in_email_query,not_flagged,,,,,,valid=0; invalid=0; risky=0; unknown=0
1678,8754397,chelart.com,yes,,,0,,no_email_candidate_in_email_query,not_flagged,,,,,,valid=0; invalid=0; risky=0; unknown=0
1679,8755844,picassopainters.com,no,,,0,,no_email_candidate_in_email_query,not_flagged,,,,,,valid=0; invalid=0; risky=0; unknown=0
1680,8756986,cirrusassessment.com,no,,,0,,no_email_candidate_in_email_query,not_flagged,,,,,,valid=0; invalid=0; risky=0; unknown=0
1681,8757865,westhillscapital.com,no,,,0,,no_email_candidate_in_email_query,not_flagged,,,,,,valid=0; invalid=0; risky=0; unknown=0
1682,8761266,bc-technologies.co.uk,no,,,0,,no_email_candidate_in_email_query,not_flagged,,,,,,valid=0; invalid=0; risky=0; unknown=0
1683,8762657,homeglowgasservices.com,no,,,0,,no_email_candidate_in_email_query,not_flagged,,,,,,valid=0; invalid=0; risky=0; unknown=0
1684,8762919,louvrelensvallee.com,yes,,,0,,no_email_candidate_in_email_query,not_flagged,,,,,,valid=0; invalid=0; risky=0; unknown=0
1685,8766610,1of135.com,yes,,,0,,no_email_candidate_in_email_query,not_flagged,,,,,,valid=0; invalid=0; risky=0; unknown=0
1686,8769300,digital-mag.fr,yes,,,0,,no_email_candidate_in_email_query,not_flagged,,,,,,valid=0; invalid=0; risky=0; unknown=0
1687,8770512,crmarena.com,no,,,0,,no_email_candidate_in_email_query,not_flagged,,,,,,valid=0; invalid=0; risky=0; unknown=0
1688,8775101,skilikeapro.nl,yes,,,0,,no_email_candidate_in_email_query,not_flagged,,,,,,valid=0; invalid=0; risky=0; unknown=0
1689,8789435,ihorsetech.com,no,,,0,,no_email_candidate_in_email_query,not_flagged,,,,,,valid=0; invalid=0; risky=0; unknown=0
1690,8791009,christnc.com,yes,,,0,,no_email_candidate_in_email_query,not_flagged,,,,,,valid=0; invalid=0; risky=0; unknown=0
1691,8793736,iveylumber.com,no,,,0,,no_email_candidate_in_email_query,not_flagged,,,,,,valid=0; invalid=0; risky=0; unknown=0
1692,8795444,drewdudley.com,no,,,0,,no_email_candidate_in_email_query,not_flagged,,,,,,valid=0; invalid=0; risky=0; unknown=0
1693,8799233,theladylike.com,yes,,,0,,no_email_candidate_in_email_query,not_flagged,,,,,,valid=0; invalid=0; risky=0; unknown=0
1694,8801142,wandco.com,no,,,0,,no_email_candidate_in_email_query,not_flagged,,,,,,valid=0; invalid=0; risky=0; unknown=0
1695,8812315,uhuy.net,no,,,0,,no_email_candidate_in_email_query,not_flagged,,,,,,valid=0; invalid=0; risky=0; unknown=0
1696,8814650,fragebogen-tool.de,no,,,0,,no_email_candidate_in_email_query,not_flagged,,,,,,valid=0; invalid=0; risky=0; unknown=0
1697,8815613,kartraceland.de,yes,,,0,,no_email_candidate_in_email_query,not_flagged,,,,,,valid=0; invalid=0; risky=0; unknown=0
1698,8817265,dmcdentistry.com,yes,,,0,,no_email_candidate_in_email_query,not_flagged,,,,,,valid=0; invalid=0; risky=0; unknown=0
1699,8820861,iwell.it,no,,,0,,no_email_candidate_in_email_query,not_flagged,,,,,,valid=0; invalid=0; risky=0; unknown=0
1700,8824458,heweddings.com,no,,,0,,no_email_candidate_in_email_query,not_flagged,,,,,,valid=0; invalid=0; risky=0; unknown=0
1701,8832370,zalfa.co.id,no,,,0,,no_email_candidate_in_email_query,not_flagged,,,,,,valid=0; invalid=0; risky=0; unknown=0
1702,8836207,apprendre-les-echecs-24h.com,no,,,0,,no_email_candidate_in_email_query,not_flagged,,,,,,valid=0; invalid=0; risky=0; unknown=0
1703,8840486,stout.com,no,,,0,,no_email_candidate_in_email_query,not_flagged,,,,,,valid=0; invalid=0; risky=0; unknown=0
1704,8840559,greenlotusyoga.com,yes,,,0,,no_email_candidate_in_email_query,not_flagged,,,,,,valid=0; invalid=0; risky=0; unknown=0
1705,8842756,edutrainment-company.com,yes,,,0,,no_email_candidate_in_email_query,not_flagged,,,,,,valid=0; invalid=0; risky=0; unknown=0
1706,8854472,cursosap.es,yes,,,0,,no_email_candidate_in_email_query,not_flagged,,,,,,valid=0; invalid=0; risky=0; unknown=0
1707,8860222,mibodaencartagena.com,yes,,,0,,no_email_candidate_in_email_query,not_flagged,,,,,,valid=0; invalid=0; risky=0; unknown=0
1708,8867580,lively-software.com,yes,,,0,,no_email_candidate_in_email_query,not_flagged,,,,,,valid=0; invalid=0; risky=0; unknown=0
1709,8869981,woodridgechurch.com,no,,,0,,no_email_candidate_in_email_query,not_flagged,,,,,,valid=0; invalid=0; risky=0; unknown=0
1710,8872115,lemonlion.sk,yes,,,0,,no_email_candidate_in_email_query,not_flagged,,,,,,valid=0; invalid=0; risky=0; unknown=0
1711,8880515,groverdentalcare.com,yes,,,0,,no_email_candidate_in_email_query,not_flagged,,,,,,valid=0; invalid=0; risky=0; unknown=0
1712,8887134,ncomlv.church,no,,,0,,no_email_candidate_in_email_query,not_flagged,,,,,,valid=0; invalid=0; risky=0; unknown=0
1713,8889888,paretomarketing.co.uk,yes,,,0,,no_email_candidate_in_email_query,not_flagged,,,,,,valid=0; invalid=0; risky=0; unknown=0
1714,8897893,canavaninteriors.co.uk,yes,,,0,,no_email_candidate_in_email_query,not_flagged,,,,,,valid=0; invalid=0; risky=0; unknown=0
1715,8902980,liberty-fitness.de,no,,,0,,no_email_candidate_in_email_query,not_flagged,,,,,,valid=0; invalid=0; risky=0; unknown=0
1716,8912944,highlandparkhousekeeping.com,yes,,,0,,no_email_candidate_in_email_query,not_flagged,,,,,,valid=0; invalid=0; risky=0; unknown=0
1717,8919533,josscholman.nl,no,,,0,,no_email_candidate_in_email_query,not_flagged,,,,,,valid=0; invalid=0; risky=0; unknown=0
1718,8928239,panoart360.de,no,,,0,,no_email_candidate_in_email_query,not_flagged,,,,,,valid=0; invalid=0; risky=0; unknown=0
1719,8933712,leanwire.net,no,,,0,,no_email_candidate_in_email_query,not_flagged,,,,,,valid=0; invalid=0; risky=0; unknown=0
1720,8944810,driversdomainuk.com,no,,,0,,no_email_candidate_in_email_query,not_flagged,,,,,,valid=0; invalid=0; risky=0; unknown=0
1721,8947303,ottonet.com.tw,yes,,,0,,no_email_candidate_in_email_query,not_flagged,,,,,,valid=0; invalid=0; risky=0; unknown=0
1722,8948057,nolanandvada.com,no,,,0,,no_email_candidate_in_email_query,not_flagged,,,,,,valid=0; invalid=0; risky=0; unknown=0
1723,8950517,jorgesanz.xyz,no,,,0,,no_email_candidate_in_email_query,not_flagged,,,,,,valid=0; invalid=0; risky=0; unknown=0
1724,8951201,towncenterdental.com,no,,,0,,no_email_candidate_in_email_query,not_flagged,,,,,,valid=0; invalid=0; risky=0; unknown=0
1725,8951670,ecosoftwater.com.au,no,,,0,,no_email_candidate_in_email_query,not_flagged,,,,,,valid=0; invalid=0; risky=0; unknown=0
1726,8964701,onlinedialogue.com,no,,,0,,no_email_candidate_in_email_query,not_flagged,,,,,,valid=0; invalid=0; risky=0; unknown=0
1727,8970492,harquinbookkeeping.com,no,,,0,,no_email_candidate_in_email_query,not_flagged,,,,,,valid=0; invalid=0; risky=0; unknown=0
1728,8971155,searsmonument.com,no,,,0,,no_email_candidate_in_email_query,not_flagged,,,,,,valid=0; invalid=0; risky=0; unknown=0
1729,8971503,domini.tv,yes,,,0,,no_email_candidate_in_email_query,not_flagged,,,,,,valid=0; invalid=0; risky=0; unknown=0
1730,8996257,sueciacarmonterrey.com,no,,,0,,no_email_candidate_in_email_query,not_flagged,,,,,,valid=0; invalid=0; risky=0; unknown=0
1731,8997795,dbscraper.com,yes,,,0,,no_email_candidate_in_email_query,not_flagged,,,,,,valid=0; invalid=0; risky=0; unknown=0
1732,8997964,doublerrstudios.com,no,,,0,,no_email_candidate_in_email_query,not_flagged,,,,,,valid=0; invalid=0; risky=0; unknown=0
1733,9004823,fitcar-fr.com,yes,,,0,,no_email_candidate_in_email_query,not_flagged,,,,,,valid=0; invalid=0; risky=0; unknown=0
1734,9027659,oppidaneducation.com,yes,,,0,,no_email_candidate_in_email_query,not_flagged,,,,,,valid=0; invalid=0; risky=0; unknown=0
1735,9029382,asacsa.com,yes,,,0,,no_email_candidate_in_email_query,not_flagged,,,,,,valid=0; invalid=0; risky=0; unknown=0
1736,9029954,fa.church,no,,,0,,no_email_candidate_in_email_query,not_flagged,,,,,,valid=0; invalid=0; risky=0; unknown=0
1737,9037622,elevationindy.com,no,,,0,,no_email_candidate_in_email_query,not_flagged,,,,,,valid=0; invalid=0; risky=0; unknown=0
1738,9048548,via-croatia.com,no,,,0,,no_email_candidate_in_email_query,not_flagged,,,,,,valid=0; invalid=0; risky=0; unknown=0
1739,9051139,fruchtzwerge.at,no,,,0,,no_email_candidate_in_email_query,not_flagged,,,,,,valid=0; invalid=0; risky=0; unknown=0
1740,9051156,liveflames.com,yes,,,0,,no_email_candidate_in_email_query,not_flagged,,,,,,valid=0; invalid=0; risky=0; unknown=0
1741,9051505,ruangbahasa.com,no,,,0,,no_email_candidate_in_email_query,not_flagged,,,,,,valid=0; invalid=0; risky=0; unknown=0
1742,9053335,jobshoppowersites.com,no,,,0,,no_email_candidate_in_email_query,not_flagged,,,,,,valid=0; invalid=0; risky=0; unknown=0
1743,9061621,curbsigns.ca,no,,,0,,no_email_candidate_in_email_query,not_flagged,,,,,,valid=0; invalid=0; risky=0; unknown=0
1744,9064363,thevespatrip.com,no,,,0,,no_email_candidate_in_email_query,not_flagged,,,,,,valid=0; invalid=0; risky=0; unknown=0
1745,9069484,easyshoots.nl,yes,,,0,,no_email_candidate_in_email_query,not_flagged,,,,,,valid=0; invalid=0; risky=0; unknown=0
1746,9070506,sanclin.com.br,no,,,0,,no_email_candidate_in_email_query,not_flagged,,,,,,valid=0; invalid=0; risky=0; unknown=0
1747,9072192,dimitrisonthewater.com,no,,,0,,no_email_candidate_in_email_query,not_flagged,,,,,,valid=0; invalid=0; risky=0; unknown=0
1748,9073914,soundr.fr,yes,,,0,,no_email_candidate_in_email_query,not_flagged,,,,,,valid=0; invalid=0; risky=0; unknown=0
1749,9076201,paranet99.com,no,,,0,,no_email_candidate_in_email_query,not_flagged,,,,,,valid=0; invalid=0; risky=0; unknown=0
1750,9076474,totalguidetomanchester.com,no,,,0,,no_email_candidate_in_email_query,not_flagged,,,,,,valid=0; invalid=0; risky=0; unknown=0
1751,9080945,snowacademypratonevoso.com,no,,,0,,no_email_candidate_in_email_query,not_flagged,,,,,,valid=0; invalid=0; risky=0; unknown=0
1752,9106516,tyccommunication.com,yes,,,0,,no_email_candidate_in_email_query,not_flagged,,,,,,valid=0; invalid=0; risky=0; unknown=0
1753,9107268,medallalight.com,no,,,0,,no_email_candidate_in_email_query,not_flagged,,,,,,valid=0; invalid=0; risky=0; unknown=0
1754,9119953,missharlequin.com,yes,,,0,,no_email_candidate_in_email_query,not_flagged,,,,,,valid=0; invalid=0; risky=0; unknown=0
1755,9126362,proride.be,yes,,,0,,no_email_candidate_in_email_query,not_flagged,,,,,,valid=0; invalid=0; risky=0; unknown=0
1756,9132347,regeneration.com,no,,,0,,no_email_candidate_in_email_query,not_flagged,,,,,,valid=0; invalid=0; risky=0; unknown=0
1757,9141089,schroederindexing.com,no,,,0,,no_email_candidate_in_email_query,not_flagged,,,,,,valid=0; invalid=0; risky=0; unknown=0
1758,9151678,theoneproject.co,yes,,,0,,no_email_candidate_in_email_query,not_flagged,,,,,,valid=0; invalid=0; risky=0; unknown=0
1759,9152326,covoitici.fr,yes,,,0,,no_email_candidate_in_email_query,not_flagged,,,,,,valid=0; invalid=0; risky=0; unknown=0
1760,9155481,englishinaction.es,yes,,,0,,no_email_candidate_in_email_query,not_flagged,,,,,,valid=0; invalid=0; risky=0; unknown=0
1761,9168521,zegafinancial.com,no,,,0,,no_email_candidate_in_email_query,not_flagged,,,,,,valid=0; invalid=0; risky=0; unknown=0
1762,9176933,jogjatracker.com,no,,,0,,no_email_candidate_in_email_query,not_flagged,,,,,,valid=0; invalid=0; risky=0; unknown=0
1763,9178170,shiftworkplace.com,no,,,0,,no_email_candidate_in_email_query,not_flagged,,,,,,valid=0; invalid=0; risky=0; unknown=0
1764,9185091,socialstartuplabs.com,no,,,0,,no_email_candidate_in_email_query,not_flagged,,,,,,valid=0; invalid=0; risky=0; unknown=0
1765,9186454,affinityis.ca,no,,,0,,no_email_candidate_in_email_query,not_flagged,,,,,,valid=0; invalid=0; risky=0; unknown=0
1766,9202333,techactivist.org,yes,,,0,,no_email_candidate_in_email_query,not_flagged,,,,,,valid=0; invalid=0; risky=0; unknown=0
1767,9202585,concept-ouverture.fr,no,,,0,,no_email_candidate_in_email_query,not_flagged,,,,,,valid=0; invalid=0; risky=0; unknown=0
1768,9208499,isonohealth.com,yes,,,0,,no_email_candidate_in_email_query,not_flagged,,,,,,valid=0; invalid=0; risky=0; unknown=0
1769,9209938,soysolv.com,no,,,0,,no_email_candidate_in_email_query,not_flagged,,,,,,valid=0; invalid=0; risky=0; unknown=0
1770,9222500,warriorsage.com,no,,,0,,no_email_candidate_in_email_query,not_flagged,,,,,,valid=0; invalid=0; risky=0; unknown=0
1771,9227281,nobleroyalties.com,no,,,0,,no_email_candidate_in_email_query,not_flagged,,,,,,valid=0; invalid=0; risky=0; unknown=0
1772,9232127,flaskandfield.com,yes,,,0,,no_email_candidate_in_email_query,not_flagged,,,,,,valid=0; invalid=0; risky=0; unknown=0
1773,9234090,javascript-jedi.com,no,,,0,,no_email_candidate_in_email_query,not_flagged,,,,,,valid=0; invalid=0; risky=0; unknown=0
1774,9234594,fukae-clinic.jp,no,,,0,,no_email_candidate_in_email_query,not_flagged,,,,,,valid=0; invalid=0; risky=0; unknown=0
1775,9235496,intothetribe.com,yes,,,0,,no_email_candidate_in_email_query,not_flagged,,,,,,valid=0; invalid=0; risky=0; unknown=0
1776,9240301,staerkenkompass.de,no,,,0,,no_email_candidate_in_email_query,not_flagged,,,,,,valid=0; invalid=0; risky=0; unknown=0
1777,9251231,waterionizer.com,no,,,0,,no_email_candidate_in_email_query,not_flagged,,,,,,valid=0; invalid=0; risky=0; unknown=0
1778,9263177,therotihut.com,no,,,0,,no_email_candidate_in_email_query,not_flagged,,,,,,valid=0; invalid=0; risky=0; unknown=0
1779,9266483,mentalhouse.de,no,,,0,,no_email_candidate_in_email_query,not_flagged,,,,,,valid=0; invalid=0; risky=0; unknown=0
1780,9270878,xmasguys.com,yes,,,0,,no_email_candidate_in_email_query,not_flagged,,,,,,valid=0; invalid=0; risky=0; unknown=0
1781,9287423,masvidapty.com,no,,,0,,no_email_candidate_in_email_query,not_flagged,,,,,,valid=0; invalid=0; risky=0; unknown=0
1782,9289049,ofssmartrepair.co.za,yes,,,0,,no_email_candidate_in_email_query,not_flagged,,,,,,valid=0; invalid=0; risky=0; unknown=0
1783,9289818,artetcheminees.com,no,,,0,,no_email_candidate_in_email_query,not_flagged,,,,,,valid=0; invalid=0; risky=0; unknown=0
1784,9298022,deinspiratieboot.nl,no,,,0,,no_email_candidate_in_email_query,not_flagged,,,,,,valid=0; invalid=0; risky=0; unknown=0
1785,9303052,arielleloren.com,yes,,,0,,no_email_candidate_in_email_query,not_flagged,,,,,,valid=0; invalid=0; risky=0; unknown=0
1786,9303332,faithabq.org,no,,,0,,no_email_candidate_in_email_query,not_flagged,,,,,,valid=0; invalid=0; risky=0; unknown=0
1787,9305795,machdichschlank.info,yes,,,0,,no_email_candidate_in_email_query,not_flagged,,,,,,valid=0; invalid=0; risky=0; unknown=0
1788,9315329,rachelrosaliedesign.com,no,,,0,,no_email_candidate_in_email_query,not_flagged,,,,,,valid=0; invalid=0; risky=0; unknown=0
1789,9322395,angelamonacojewelry.com,no,,,0,,no_email_candidate_in_email_query,not_flagged,,,,,,valid=0; invalid=0; risky=0; unknown=0
1790,9323974,olivewoodcem.com,no,,,0,,no_email_candidate_in_email_query,not_flagged,,,,,,valid=0; invalid=0; risky=0; unknown=0
1791,9325010,earlystage.no,yes,,,0,,no_email_candidate_in_email_query,not_flagged,,,,,,valid=0; invalid=0; risky=0; unknown=0
1792,9327701,evelyn.com,no,,,0,,no_email_candidate_in_email_query,not_flagged,,,,,,valid=0; invalid=0; risky=0; unknown=0
1793,9329511,icebergcooling.com,yes,,,0,,no_email_candidate_in_email_query,not_flagged,,,,,,valid=0; invalid=0; risky=0; unknown=0
1794,9330023,cscpk.org,no,,,0,,no_email_candidate_in_email_query,not_flagged,,,,,,valid=0; invalid=0; risky=0; unknown=0
1795,9332349,rah-ind.com,no,,,0,,no_email_candidate_in_email_query,not_flagged,,,,,,valid=0; invalid=0; risky=0; unknown=0
1796,9336859,babardesign.com,yes,,,0,,no_email_candidate_in_email_query,not_flagged,,,,,,valid=0; invalid=0; risky=0; unknown=0
1797,9341474,voilamediagroup.com,yes,,,0,,no_email_candidate_in_email_query,not_flagged,,,,,,valid=0; invalid=0; risky=0; unknown=0
1798,9348757,integrus.org,no,,,0,,no_email_candidate_in_email_query,not_flagged,,,,,,valid=0; invalid=0; risky=0; unknown=0
1799,9360654,socialfarma.com,no,,,0,,no_email_candidate_in_email_query,not_flagged,,,,,,valid=0; invalid=0; risky=0; unknown=0
1800,9368653,omahalandbank.org,yes,,,0,,no_email_candidate_in_email_query,not_flagged,,,,,,valid=0; invalid=0; risky=0; unknown=0
1801,9371603,postcard.travel,yes,,,0,,no_email_candidate_in_email_query,not_flagged,,,,,,valid=0; invalid=0; risky=0; unknown=0
1802,9374215,manchestermoneyman.com,no,,,0,,no_email_candidate_in_email_query,not_flagged,,,,,,valid=0; invalid=0; risky=0; unknown=0
1803,9375680,saranahusada.com,no,,,0,,no_email_candidate_in_email_query,not_flagged,,,,,,valid=0; invalid=0; risky=0; unknown=0
1804,9376314,vamosa.co,yes,,,0,,no_email_candidate_in_email_query,not_flagged,,,,,,valid=0; invalid=0; risky=0; unknown=0
1805,9377098,biotech-animated.com,no,,,0,,no_email_candidate_in_email_query,not_flagged,,,,,,valid=0; invalid=0; risky=0; unknown=0
1806,9377343,enavionsimone.com,no,,,0,,no_email_candidate_in_email_query,not_flagged,,,,,,valid=0; invalid=0; risky=0; unknown=0
1807,9381713,thegonegoat.com,no,,,0,,no_email_candidate_in_email_query,not_flagged,,,,,,valid=0; invalid=0; risky=0; unknown=0
1808,9390867,guiltypleaproblem.org,yes,,,0,,no_email_candidate_in_email_query,not_flagged,,,,,,valid=0; invalid=0; risky=0; unknown=0
1809,9413903,tagteammfg.com,yes,,,0,,no_email_candidate_in_email_query,not_flagged,,,,,,valid=0; invalid=0; risky=0; unknown=0
1810,9419254,ot-huesing.de,yes,,,0,,no_email_candidate_in_email_query,not_flagged,,,,,,valid=0; invalid=0; risky=0; unknown=0
1811,9419659,fwrdto.me,yes,,,0,,no_email_candidate_in_email_query,not_flagged,,,,,,valid=0; invalid=0; risky=0; unknown=0
1812,9421547,almalasers.it,no,,,0,,no_email_candidate_in_email_query,not_flagged,,,,,,valid=0; invalid=0; risky=0; unknown=0
1813,9423877,milc.fr,yes,,,0,,no_email_candidate_in_email_query,not_flagged,,,,,,valid=0; invalid=0; risky=0; unknown=0
1814,9429585,neuves-maisons.fr,no,,,0,,no_email_candidate_in_email_query,not_flagged,,,,,,valid=0; invalid=0; risky=0; unknown=0
1815,9434380,khs-werkstatt.de,no,,,0,,no_email_candidate_in_email_query,not_flagged,,,,,,valid=0; invalid=0; risky=0; unknown=0
1816,9443347,sunetelive.ro,no,,,0,,no_email_candidate_in_email_query,not_flagged,,,,,,valid=0; invalid=0; risky=0; unknown=0
1817,9446495,paxster.no,yes,,,0,,no_email_candidate_in_email_query,not_flagged,,,,,,valid=0; invalid=0; risky=0; unknown=0
1818,9446692,7x7.ch,no,,,0,,no_email_candidate_in_email_query,not_flagged,,,,,,valid=0; invalid=0; risky=0; unknown=0
1819,9453932,ncstudycenter.org,yes,,,0,,no_email_candidate_in_email_query,not_flagged,,,,,,valid=0; invalid=0; risky=0; unknown=0
1820,9458235,bblkpalembang.com,no,,,0,,no_email_candidate_in_email_query,not_flagged,,,,,,valid=0; invalid=0; risky=0; unknown=0
1821,9468834,stopcallingme.com,yes,,,0,,no_email_candidate_in_email_query,not_flagged,,,,,,valid=0; invalid=0; risky=0; unknown=0
1822,9474173,fredericcharlent.com,yes,,,0,,no_email_candidate_in_email_query,not_flagged,,,,,,valid=0; invalid=0; risky=0; unknown=0
1823,9474950,uniformforme.com,yes,,,0,,no_email_candidate_in_email_query,not_flagged,,,,,,valid=0; invalid=0; risky=0; unknown=0
1824,9478697,salitos.com,yes,,,0,,no_email_candidate_in_email_query,not_flagged,,,,,,valid=0; invalid=0; risky=0; unknown=0
1825,9478765,internetworkingedge.com,yes,,,0,,no_email_candidate_in_email_query,not_flagged,,,,,,valid=0; invalid=0; risky=0; unknown=0
1826,9489730,infinititireadvantage.com,yes,,,0,,no_email_candidate_in_email_query,not_flagged,,,,,,valid=0; invalid=0; risky=0; unknown=0
1827,9502687,withinhealth.com,no,,,0,,no_email_candidate_in_email_query,not_flagged,,,,,,valid=0; invalid=0; risky=0; unknown=0
1828,9507915,canyonhills.com,no,,,0,,no_email_candidate_in_email_query,not_flagged,,,,,,valid=0; invalid=0; risky=0; unknown=0
1829,9508438,dega-development.ru,no,,,0,,no_email_candidate_in_email_query,not_flagged,,,,,,valid=0; invalid=0; risky=0; unknown=0
1830,9514090,leem-apprentissage.org,no,,,0,,no_email_candidate_in_email_query,not_flagged,,,,,,valid=0; invalid=0; risky=0; unknown=0
1831,9516355,pinellascomputers.com,yes,,,0,,no_email_candidate_in_email_query,not_flagged,,,,,,valid=0; invalid=0; risky=0; unknown=0
1832,9528448,frasergrant.com,yes,,,0,,no_email_candidate_in_email_query,not_flagged,,,,,,valid=0; invalid=0; risky=0; unknown=0
1833,9529868,imbusion.tumblr.com,yes,,,0,,no_email_candidate_in_email_query,not_flagged,,,,,,valid=0; invalid=0; risky=0; unknown=0
1834,9531489,hocacapital.com,yes,,,0,,no_email_candidate_in_email_query,not_flagged,,,,,,valid=0; invalid=0; risky=0; unknown=0
1835,9535184,30u30.de,yes,,,0,,no_email_candidate_in_email_query,not_flagged,,,,,,valid=0; invalid=0; risky=0; unknown=0
1836,9535383,proyectounion.org,yes,,,0,,no_email_candidate_in_email_query,not_flagged,,,,,,valid=0; invalid=0; risky=0; unknown=0
1837,9544826,wilsonarkansas.com,no,,,0,,no_email_candidate_in_email_query,not_flagged,,,,,,valid=0; invalid=0; risky=0; unknown=0
1838,9545606,gunnshank.com,no,,,0,,no_email_candidate_in_email_query,not_flagged,,,,,,valid=0; invalid=0; risky=0; unknown=0
1839,9548066,mirahfit.com,yes,,,0,,no_email_candidate_in_email_query,not_flagged,,,,,,valid=0; invalid=0; risky=0; unknown=0
1840,9553491,colegioalcala.es,yes,,,0,,no_email_candidate_in_email_query,not_flagged,,,,,,valid=0; invalid=0; risky=0; unknown=0
1841,9554814,gbe.business,no,,,0,,no_email_candidate_in_email_query,not_flagged,,,,,,valid=0; invalid=0; risky=0; unknown=0
1842,9555797,smilebeautifuldental.com,no,,,0,,no_email_candidate_in_email_query,not_flagged,,,,,,valid=0; invalid=0; risky=0; unknown=0
1843,9556879,shiphrs.com,yes,,,0,,no_email_candidate_in_email_query,not_flagged,,,,,,valid=0; invalid=0; risky=0; unknown=0
1844,9579457,kiwik.com,no,,,0,,no_email_candidate_in_email_query,not_flagged,,,,,,valid=0; invalid=0; risky=0; unknown=0
1845,9584623,forrestclub.com.ua,no,,,0,,no_email_candidate_in_email_query,not_flagged,,,,,,valid=0; invalid=0; risky=0; unknown=0
1846,9586226,japet.eu,yes,,,0,,no_email_candidate_in_email_query,not_flagged,,,,,,valid=0; invalid=0; risky=0; unknown=0
1847,9588794,pinklightstudio.com,no,,,0,,no_email_candidate_in_email_query,not_flagged,,,,,,valid=0; invalid=0; risky=0; unknown=0
1848,9595778,premiergearinc.com,no,,,0,,no_email_candidate_in_email_query,not_flagged,,,,,,valid=0; invalid=0; risky=0; unknown=0
1849,9613199,goremotorshonda.com,yes,,,0,,no_email_candidate_in_email_query,not_flagged,,,,,,valid=0; invalid=0; risky=0; unknown=0
1850,9622550,c4.dk,no,,,0,,no_email_candidate_in_email_query,not_flagged,,,,,,valid=0; invalid=0; risky=0; unknown=0
1851,9630028,eei.it,no,,,0,,no_email_candidate_in_email_query,not_flagged,,,,,,valid=0; invalid=0; risky=0; unknown=0
1852,9632093,1111mag.com,yes,,,0,,no_email_candidate_in_email_query,not_flagged,,,,,,valid=0; invalid=0; risky=0; unknown=0
1853,9639619,unitedsleepapnea.com,no,,,0,,no_email_candidate_in_email_query,not_flagged,,,,,,valid=0; invalid=0; risky=0; unknown=0
1854,9641521,studio8architects.com,yes,,,0,,no_email_candidate_in_email_query,not_flagged,,,,,,valid=0; invalid=0; risky=0; unknown=0
1855,9645690,acpdecisions.org,no,,,0,,no_email_candidate_in_email_query,not_flagged,,,,,,valid=0; invalid=0; risky=0; unknown=0
1856,9650265,pixelonly.com,yes,,,0,,no_email_candidate_in_email_query,not_flagged,,,,,,valid=0; invalid=0; risky=0; unknown=0
1857,9652360,neatservices.co.uk,no,,,0,,no_email_candidate_in_email_query,not_flagged,,,,,,valid=0; invalid=0; risky=0; unknown=0
1858,9668064,kimbuining.com,yes,,,0,,no_email_candidate_in_email_query,not_flagged,,,,,,valid=0; invalid=0; risky=0; unknown=0
1859,9685796,maorilandfilm.co.nz,yes,,,0,,no_email_candidate_in_email_query,not_flagged,,,,,,valid=0; invalid=0; risky=0; unknown=0
1860,9686236,semperfiheatingcooling.com,no,,,0,,no_email_candidate_in_email_query,not_flagged,,,,,,valid=0; invalid=0; risky=0; unknown=0
1861,9693510,talian.co.id,no,,,0,,no_email_candidate_in_email_query,not_flagged,,,,,,valid=0; invalid=0; risky=0; unknown=0
1862,9702345,affiniteam.fr,yes,,,0,,no_email_candidate_in_email_query,not_flagged,,,,,,valid=0; invalid=0; risky=0; unknown=0
1863,9704762,littlewhitetooth.com,no,,,0,,no_email_candidate_in_email_query,not_flagged,,,,,,valid=0; invalid=0; risky=0; unknown=0
1864,9707307,dart.art,yes,,,0,,no_email_candidate_in_email_query,not_flagged,,,,,,valid=0; invalid=0; risky=0; unknown=0
1865,9721249,quiz-maker-review.com,no,,,0,,no_email_candidate_in_email_query,not_flagged,,,,,,valid=0; invalid=0; risky=0; unknown=0
1866,9723533,injoy-koenigsbrunn.de,no,,,0,,no_email_candidate_in_email_query,not_flagged,,,,,,valid=0; invalid=0; risky=0; unknown=0
1867,9726746,sueciacarinterlomas.com,no,,,0,,no_email_candidate_in_email_query,not_flagged,,,,,,valid=0; invalid=0; risky=0; unknown=0
1868,9738216,wmoradar.nl,no,,,0,,no_email_candidate_in_email_query,not_flagged,,,,,,valid=0; invalid=0; risky=0; unknown=0
1869,9738680,blplabels.com,no,,,0,,no_email_candidate_in_email_query,not_flagged,,,,,,valid=0; invalid=0; risky=0; unknown=0
1870,9747476,nceptionsolutions.com,yes,,,0,,no_email_candidate_in_email_query,not_flagged,,,,,,valid=0; invalid=0; risky=0; unknown=0
1871,9752758,hrheatingandcooling.com.au,yes,,,0,,no_email_candidate_in_email_query,not_flagged,,,,,,valid=0; invalid=0; risky=0; unknown=0
1872,9753249,greeninstitute.org.au,yes,,,0,,no_email_candidate_in_email_query,not_flagged,,,,,,valid=0; invalid=0; risky=0; unknown=0
1873,9757303,sparkandprofit.com,yes,,,0,,no_email_candidate_in_email_query,not_flagged,,,,,,valid=0; invalid=0; risky=0; unknown=0
1874,9765625,appsidious.com,yes,,,0,,no_email_candidate_in_email_query,not_flagged,,,,,,valid=0; invalid=0; risky=0; unknown=0
1875,9770720,repusure.com,no,,,0,,no_email_candidate_in_email_query,not_flagged,,,,,,valid=0; invalid=0; risky=0; unknown=0
1876,9775459,flykea.com,no,,,0,,no_email_candidate_in_email_query,not_flagged,,,,,,valid=0; invalid=0; risky=0; unknown=0
1877,9778342,netcito.com,no,,,0,,no_email_candidate_in_email_query,not_flagged,,,,,,valid=0; invalid=0; risky=0; unknown=0
1878,9778871,sussexoakstructures.co.uk,no,,,0,,no_email_candidate_in_email_query,not_flagged,,,,,,valid=0; invalid=0; risky=0; unknown=0
1879,9779093,ignitereno.com,yes,,,0,,no_email_candidate_in_email_query,not_flagged,,,,,,valid=0; invalid=0; risky=0; unknown=0
1880,9783108,cycle.ie,yes,,,0,,no_email_candidate_in_email_query,not_flagged,,,,,,valid=0; invalid=0; risky=0; unknown=0
1881,9793119,cranes.com.au,yes,,,0,,no_email_candidate_in_email_query,not_flagged,,,,,,valid=0; invalid=0; risky=0; unknown=0
1882,9798507,savedental.com,yes,,,0,,no_email_candidate_in_email_query,not_flagged,,,,,,valid=0; invalid=0; risky=0; unknown=0
1883,9809414,florida-invest.com,yes,,,0,,no_email_candidate_in_email_query,not_flagged,,,,,,valid=0; invalid=0; risky=0; unknown=0
1884,9830335,mmd.co.jp,no,,,0,,no_email_candidate_in_email_query,not_flagged,,,,,,valid=0; invalid=0; risky=0; unknown=0
1885,9845333,aprophysio.de,yes,,,0,,no_email_candidate_in_email_query,not_flagged,,,,,,valid=0; invalid=0; risky=0; unknown=0
1886,9858483,bigstarkaraoke.ca,no,,,0,,no_email_candidate_in_email_query,not_flagged,,,,,,valid=0; invalid=0; risky=0; unknown=0
1887,9866340,stavebnistojky.cz,no,,,0,,no_email_candidate_in_email_query,not_flagged,,,,,,valid=0; invalid=0; risky=0; unknown=0
1888,9872042,licciardi-formation.com,no,,,0,,no_email_candidate_in_email_query,not_flagged,,,,,,valid=0; invalid=0; risky=0; unknown=0
1889,9881911,csenge.com,no,,,0,,no_email_candidate_in_email_query,not_flagged,,,,,,valid=0; invalid=0; risky=0; unknown=0
1890,9888016,clearpathmortgages.com,no,,,0,,no_email_candidate_in_email_query,not_flagged,,,,,,valid=0; invalid=0; risky=0; unknown=0
1891,9889361,abelni.com,no,,,0,,no_email_candidate_in_email_query,not_flagged,,,,,,valid=0; invalid=0; risky=0; unknown=0
1892,9891746,hidup.co.id,yes,,,0,,no_email_candidate_in_email_query,not_flagged,,,,,,valid=0; invalid=0; risky=0; unknown=0
1893,9896978,maplecanyonfamilydental.com,yes,,,0,,no_email_candidate_in_email_query,not_flagged,,,,,,valid=0; invalid=0; risky=0; unknown=0
1894,9898304,seanmclellan.com,yes,,,0,,no_email_candidate_in_email_query,not_flagged,,,,,,valid=0; invalid=0; risky=0; unknown=0
1895,9918459,chaloseattle.com,no,,,0,,no_email_candidate_in_email_query,not_flagged,,,,,,valid=0; invalid=0; risky=0; unknown=0
1896,9920575,firstnationauto.com,no,,,0,,no_email_candidate_in_email_query,not_flagged,,,,,,valid=0; invalid=0; risky=0; unknown=0
1897,9921476,accentnetwork.com,yes,,,0,,no_email_candidate_in_email_query,not_flagged,,,,,,valid=0; invalid=0; risky=0; unknown=0
1898,9929379,holdun.com,yes,,,0,,no_email_candidate_in_email_query,not_flagged,,,,,,valid=0; invalid=0; risky=0; unknown=0
1899,9931232,marianaemateus.com.br,no,,,0,,no_email_candidate_in_email_query,not_flagged,,,,,,valid=0; invalid=0; risky=0; unknown=0
1900,9939208,useshout.com,no,,,0,,no_email_candidate_in_email_query,not_flagged,,,,,,valid=0; invalid=0; risky=0; unknown=0
1901,9940032,facturoo.com,yes,,,0,,no_email_candidate_in_email_query,not_flagged,,,,,,valid=0; invalid=0; risky=0; unknown=0
1902,9942518,ecofaubourgs.com,yes,,,0,,no_email_candidate_in_email_query,not_flagged,,,,,,valid=0; invalid=0; risky=0; unknown=0
1903,9944712,lam-plast.cz,no,,,0,,no_email_candidate_in_email_query,not_flagged,,,,,,valid=0; invalid=0; risky=0; unknown=0
1904,9945468,ochsneracademy.ch,no,,,0,,no_email_candidate_in_email_query,not_flagged,,,,,,valid=0; invalid=0; risky=0; unknown=0
1905,9950632,utahgaragedoors.net,no,,,0,,no_email_candidate_in_email_query,not_flagged,,,,,,valid=0; invalid=0; risky=0; unknown=0
1906,9954577,generationdistinct.com,yes,,,0,,no_email_candidate_in_email_query,not_flagged,,,,,,valid=0; invalid=0; risky=0; unknown=0
1907,9956575,yakago.voyage,yes,,,0,,no_email_candidate_in_email_query,not_flagged,,,,,,valid=0; invalid=0; risky=0; unknown=0
1908,9957418,bevisco.com.au,no,,,0,,no_email_candidate_in_email_query,not_flagged,,,,,,valid=0; invalid=0; risky=0; unknown=0
1909,9962394,privatepracticeworkshop.com,yes,,,0,,no_email_candidate_in_email_query,not_flagged,,,,,,valid=0; invalid=0; risky=0; unknown=0
1910,9976529,childcarestaffing.com,no,,,0,,no_email_candidate_in_email_query,not_flagged,,,,,,valid=0; invalid=0; risky=0; unknown=0
1911,9979027,soflofitandwell.com,yes,,,0,,no_email_candidate_in_email_query,not_flagged,,,,,,valid=0; invalid=0; risky=0; unknown=0
1912,9981557,thefallsbanquet.com,yes,,,0,,no_email_candidate_in_email_query,not_flagged,,,,,,valid=0; invalid=0; risky=0; unknown=0
1913,9997514,batirbio.org,yes,,,0,,no_email_candidate_in_email_query,not_flagged,,,,,,valid=0; invalid=0; risky=0; unknown=0
1914,9999516,scuolaitalianosicilia.it,no,,,0,,no_email_candidate_in_email_query,not_flagged,,,,,,valid=0; invalid=0; risky=0; unknown=0
1915,10012611,shawneeharkins.com,yes,,,0,,no_email_candidate_in_email_query,not_flagged,,,,,,valid=0; invalid=0; risky=0; unknown=0
1916,10020876,bvng.nl,no,,,0,,no_email_candidate_in_email_query,not_flagged,,,,,,valid=0; invalid=0; risky=0; unknown=0
1917,10021838,therockca.com,no,,,0,,no_email_candidate_in_email_query,not_flagged,,,,,,valid=0; invalid=0; risky=0; unknown=0
1918,10023373,vinceroddesigns.com,no,,,0,,no_email_candidate_in_email_query,not_flagged,,,,,,valid=0; invalid=0; risky=0; unknown=0
1919,10024601,agence-influences.com,no,,,0,,no_email_candidate_in_email_query,not_flagged,,,,,,valid=0; invalid=0; risky=0; unknown=0
1920,10027737,allo-argenteuil-radio-taxi.com,no,,,0,,no_email_candidate_in_email_query,not_flagged,,,,,,valid=0; invalid=0; risky=0; unknown=0
1921,10046879,pycon.com.au,no,,,0,,no_email_candidate_in_email_query,not_flagged,,,,,,valid=0; invalid=0; risky=0; unknown=0
1922,10047197,gva-conseils.ch,no,,,0,,no_email_candidate_in_email_query,not_flagged,,,,,,valid=0; invalid=0; risky=0; unknown=0
1923,10048984,01ex.com,no,,,0,,no_email_candidate_in_email_query,not_flagged,,,,,,valid=0; invalid=0; risky=0; unknown=0
1924,10049793,theramppeople.ie,no,,,0,,no_email_candidate_in_email_query,not_flagged,,,,,,valid=0; invalid=0; risky=0; unknown=0
1925,10054341,simoneheng.com,no,,,0,,no_email_candidate_in_email_query,not_flagged,,,,,,valid=0; invalid=0; risky=0; unknown=0
1926,10058951,psychsymposium.com,yes,,,0,,no_email_candidate_in_email_query,not_flagged,,,,,,valid=0; invalid=0; risky=0; unknown=0
1927,10065022,chronos-wohnen.at,no,,,0,,no_email_candidate_in_email_query,not_flagged,,,,,,valid=0; invalid=0; risky=0; unknown=0
1928,10071729,guavana.com,yes,,,0,,no_email_candidate_in_email_query,not_flagged,,,,,,valid=0; invalid=0; risky=0; unknown=0
1929,10071993,jarrodzimmerman.com,yes,,,0,,no_email_candidate_in_email_query,not_flagged,,,,,,valid=0; invalid=0; risky=0; unknown=0
1930,10081209,afunctionaldemocracy.com,yes,,,0,,no_email_candidate_in_email_query,not_flagged,,,,,,valid=0; invalid=0; risky=0; unknown=0
1931,10081634,ip-dream.co.jp,no,,,0,,no_email_candidate_in_email_query,not_flagged,,,,,,valid=0; invalid=0; risky=0; unknown=0
1932,10083596,devmarketingguide.com,yes,,,0,,no_email_candidate_in_email_query,not_flagged,,,,,,valid=0; invalid=0; risky=0; unknown=0
1933,10088293,nausuoft.wordpress.com,yes,,,0,,no_email_candidate_in_email_query,not_flagged,,,,,,valid=0; invalid=0; risky=0; unknown=0
1934,10097763,designpolitie.nl,no,,,0,,no_email_candidate_in_email_query,not_flagged,,,,,,valid=0; invalid=0; risky=0; unknown=0
1935,10097795,saas44.com,no,,,0,,no_email_candidate_in_email_query,not_flagged,,,,,,valid=0; invalid=0; risky=0; unknown=0
1936,10101518,conexsol.com,no,,,0,,no_email_candidate_in_email_query,not_flagged,,,,,,valid=0; invalid=0; risky=0; unknown=0
1937,10103808,jaro.com,no,,,0,,no_email_candidate_in_email_query,not_flagged,,,,,,valid=0; invalid=0; risky=0; unknown=0
1938,10110673,viewpay.tv,yes,,,0,,no_email_candidate_in_email_query,not_flagged,,,,,,valid=0; invalid=0; risky=0; unknown=0
1939,10114927,frost-media.com,yes,,,0,,no_email_candidate_in_email_query,not_flagged,,,,,,valid=0; invalid=0; risky=0; unknown=0
1940,10117413,billingsmiddleschool.org,yes,,,0,,no_email_candidate_in_email_query,not_flagged,,,,,,valid=0; invalid=0; risky=0; unknown=0
1941,10118022,printhouselofts.com,yes,,,0,,no_email_candidate_in_email_query,not_flagged,,,,,,valid=0; invalid=0; risky=0; unknown=0
1942,10126211,fortpikecommons.com,yes,,,0,,no_email_candidate_in_email_query,not_flagged,,,,,,valid=0; invalid=0; risky=0; unknown=0
1943,10126517,franchise-management.com,yes,,,0,,no_email_candidate_in_email_query,not_flagged,,,,,,valid=0; invalid=0; risky=0; unknown=0
1944,10128217,strivelife.ca,no,,,0,,no_email_candidate_in_email_query,not_flagged,,,,,,valid=0; invalid=0; risky=0; unknown=0
1945,10129934,mangomunchkins.com,yes,,,0,,no_email_candidate_in_email_query,not_flagged,,,,,,valid=0; invalid=0; risky=0; unknown=0
1946,10131259,southlanddental.ca,yes,,,0,,no_email_candidate_in_email_query,not_flagged,,,,,,valid=0; invalid=0; risky=0; unknown=0
1947,10133827,mariesand.com,yes,,,0,,no_email_candidate_in_email_query,not_flagged,,,,,,valid=0; invalid=0; risky=0; unknown=0
1948,10135745,rangerdental.com,yes,,,0,,no_email_candidate_in_email_query,not_flagged,,,,,,valid=0; invalid=0; risky=0; unknown=0
1949,10136619,red-apple.pt,yes,,,0,,no_email_candidate_in_email_query,not_flagged,,,,,,valid=0; invalid=0; risky=0; unknown=0
1950,10136694,jessygrossi.com,yes,,,0,,no_email_candidate_in_email_query,not_flagged,,,,,,valid=0; invalid=0; risky=0; unknown=0
1951,10139966,taylorhospitality.com,yes,,,0,,no_email_candidate_in_email_query,not_flagged,,,,,,valid=0; invalid=0; risky=0; unknown=0
1952,10141704,thedirtygym.com,yes,,,0,,no_email_candidate_in_email_query,not_flagged,,,,,,valid=0; invalid=0; risky=0; unknown=0
1953,10145558,roofrx.com,yes,,,0,,no_email_candidate_in_email_query,not_flagged,,,,,,valid=0; invalid=0; risky=0; unknown=0
1954,10149795,textildruck-europa.de,yes,,,0,,no_email_candidate_in_email_query,not_flagged,,,,,,valid=0; invalid=0; risky=0; unknown=0
1955,10160190,activateherawesome.com,yes,,,0,,no_email_candidate_in_email_query,not_flagged,,,,,,valid=0; invalid=0; risky=0; unknown=0
1956,10164084,gorillasafarilodge.com,yes,,,0,,no_email_candidate_in_email_query,not_flagged,,,,,,valid=0; invalid=0; risky=0; unknown=0
1957,10169673,opulencegroups.com,yes,,,0,,no_email_candidate_in_email_query,not_flagged,,,,,,valid=0; invalid=0; risky=0; unknown=0
1958,10170715,interphone.com.au,yes,,,0,,no_email_candidate_in_email_query,not_flagged,,,,,,valid=0; invalid=0; risky=0; unknown=0
1959,10172803,chatti.com,no,,,0,,no_email_candidate_in_email_query,not_flagged,,,,,,valid=0; invalid=0; risky=0; unknown=0
1960,10173375,activamente.net,no,,,0,,no_email_candidate_in_email_query,not_flagged,,,,,,valid=0; invalid=0; risky=0; unknown=0
1961,10179098,zewls.com,yes,,,0,,no_email_candidate_in_email_query,not_flagged,,,,,,valid=0; invalid=0; risky=0; unknown=0
1962,10180327,enfusionize.com,no,,,0,,no_email_candidate_in_email_query,not_flagged,,,,,,valid=0; invalid=0; risky=0; unknown=0
1963,10182899,rezolve.com.br,yes,,,0,,no_email_candidate_in_email_query,not_flagged,,,,,,valid=0; invalid=0; risky=0; unknown=0
1964,10185751,danielutama.com,no,,,0,,no_email_candidate_in_email_query,not_flagged,,,,,,valid=0; invalid=0; risky=0; unknown=0
1965,10187600,evo3workspace.com,yes,,,0,,no_email_candidate_in_email_query,not_flagged,,,,,,valid=0; invalid=0; risky=0; unknown=0
1966,10195279,merch.co,yes,,,0,,no_email_candidate_in_email_query,not_flagged,,,,,,valid=0; invalid=0; risky=0; unknown=0
1967,10221022,jon-andersen.com,yes,,,0,,no_email_candidate_in_email_query,not_flagged,,,,,,valid=0; invalid=0; risky=0; unknown=0
1968,10222765,barkersmotorworks.co.uk,no,,,0,,no_email_candidate_in_email_query,not_flagged,,,,,,valid=0; invalid=0; risky=0; unknown=0
1969,10226148,rushminute.com,yes,,,0,,no_email_candidate_in_email_query,not_flagged,,,,,,valid=0; invalid=0; risky=0; unknown=0
1970,10226789,knowledgette.com,yes,,,0,,no_email_candidate_in_email_query,not_flagged,,,,,,valid=0; invalid=0; risky=0; unknown=0
1971,10236585,vincentpedraza.fr,yes,,,0,,no_email_candidate_in_email_query,not_flagged,,,,,,valid=0; invalid=0; risky=0; unknown=0
1972,10236848,onestudio.tv,no,,,0,,no_email_candidate_in_email_query,not_flagged,,,,,,valid=0; invalid=0; risky=0; unknown=0
1973,10237949,physiotherapieduesseldorf.de,yes,,,0,,no_email_candidate_in_email_query,not_flagged,,,,,,valid=0; invalid=0; risky=0; unknown=0
1974,10242416,acceptjoel.com,no,,,0,,no_email_candidate_in_email_query,not_flagged,,,,,,valid=0; invalid=0; risky=0; unknown=0
1975,10243577,completecaninetucson.com,yes,,,0,,no_email_candidate_in_email_query,not_flagged,,,,,,valid=0; invalid=0; risky=0; unknown=0
1976,10245282,cixsummit.com,no,,,0,,no_email_candidate_in_email_query,not_flagged,,,,,,valid=0; invalid=0; risky=0; unknown=0
1977,10246122,torokitchenandbar.com,no,,,0,,no_email_candidate_in_email_query,not_flagged,,,,,,valid=0; invalid=0; risky=0; unknown=0
1978,10246469,madridwebdesign.es,yes,,,0,,no_email_candidate_in_email_query,not_flagged,,,,,,valid=0; invalid=0; risky=0; unknown=0
1979,10246652,serfwerks.com,yes,,,0,,no_email_candidate_in_email_query,not_flagged,,,,,,valid=0; invalid=0; risky=0; unknown=0
1980,10253824,verbateam.org,yes,,,0,,no_email_candidate_in_email_query,not_flagged,,,,,,valid=0; invalid=0; risky=0; unknown=0
1981,10266977,reponseatout.ca,yes,,,0,,no_email_candidate_in_email_query,not_flagged,,,,,,valid=0; invalid=0; risky=0; unknown=0
1982,10287481,patriotadvisory.com,yes,,,0,,no_email_candidate_in_email_query,not_flagged,,,,,,valid=0; invalid=0; risky=0; unknown=0
1983,10291477,ooo-bcs.org,yes,,,0,,no_email_candidate_in_email_query,not_flagged,,,,,,valid=0; invalid=0; risky=0; unknown=0
1984,10295331,nextsclick.com,yes,,,0,,no_email_candidate_in_email_query,not_flagged,,,,,,valid=0; invalid=0; risky=0; unknown=0
1985,10299592,devorsine.com,yes,,,0,,no_email_candidate_in_email_query,not_flagged,,,,,,valid=0; invalid=0; risky=0; unknown=0
1986,10306750,osumstudio.com,yes,,,0,,no_email_candidate_in_email_query,not_flagged,,,,,,valid=0; invalid=0; risky=0; unknown=0
1987,10330595,first-wealth.com,no,,,0,,no_email_candidate_in_email_query,not_flagged,,,,,,valid=0; invalid=0; risky=0; unknown=0
1988,10339907,findmymission.com,no,,,0,,no_email_candidate_in_email_query,not_flagged,,,,,,valid=0; invalid=0; risky=0; unknown=0
1989,10354758,airmineralsantri.com,no,,,0,,no_email_candidate_in_email_query,not_flagged,,,,,,valid=0; invalid=0; risky=0; unknown=0
1990,10358267,electricianmarketing.com,yes,,,0,,no_email_candidate_in_email_query,not_flagged,,,,,,valid=0; invalid=0; risky=0; unknown=0
1991,10359637,sheinvestments.com,no,,,0,,no_email_candidate_in_email_query,not_flagged,,,,,,valid=0; invalid=0; risky=0; unknown=0
1992,10360231,eighty6.agency,yes,,,0,,no_email_candidate_in_email_query,not_flagged,,,,,,valid=0; invalid=0; risky=0; unknown=0
1993,10361362,additivemet.com,yes,,,0,,no_email_candidate_in_email_query,not_flagged,,,,,,valid=0; invalid=0; risky=0; unknown=0
1994,10365433,anycable.io,yes,,,0,,no_email_candidate_in_email_query,not_flagged,,,,,,valid=0; invalid=0; risky=0; unknown=0
1995,10367955,totalbristol.com,no,,,0,,no_email_candidate_in_email_query,not_flagged,,,,,,valid=0; invalid=0; risky=0; unknown=0
1996,10388001,eleazarfilm.com,yes,,,0,,no_email_candidate_in_email_query,not_flagged,,,,,,valid=0; invalid=0; risky=0; unknown=0
1997,10388831,lauracasselman.com,no,,,0,,no_email_candidate_in_email_query,not_flagged,,,,,,valid=0; invalid=0; risky=0; unknown=0
1998,10394373,paythunder.com,no,,,0,,no_email_candidate_in_email_query,not_flagged,,,,,,valid=0; invalid=0; risky=0; unknown=0
1999,10398914,smartly.net,no,,,0,,no_email_candidate_in_email_query,not_flagged,,,,,,valid=0; invalid=0; risky=0; unknown=0
2000,10405373,tcp-patrimoine.com,no,,,0,,no_email_candidate_in_email_query,not_flagged,,,,,,valid=0; invalid=0; risky=0; unknown=0
2001,10406940,mvptrainingstudio.com,no,,,0,,no_email_candidate_in_email_query,not_flagged,,,,,,valid=0; invalid=0; risky=0; unknown=0
2002,10415634,heatpumpsuppliers.com,yes,,,0,,no_email_candidate_in_email_query,not_flagged,,,,,,valid=0; invalid=0; risky=0; unknown=0
2003,10416987,bastaginginteriors.com,yes,,,0,,no_email_candidate_in_email_query,not_flagged,,,,,,valid=0; invalid=0; risky=0; unknown=0
2004,10419326,miamihomecenters.com,no,,,0,,no_email_candidate_in_email_query,not_flagged,,,,,,valid=0; invalid=0; risky=0; unknown=0
2005,10427388,websiteinoneweek.com,yes,,,0,,no_email_candidate_in_email_query,not_flagged,,,,,,valid=0; invalid=0; risky=0; unknown=0
2006,10428296,trinitylivermore.org,no,,,0,,no_email_candidate_in_email_query,not_flagged,,,,,,valid=0; invalid=0; risky=0; unknown=0
2007,10429268,elevatetechfest.com,yes,,,0,,no_email_candidate_in_email_query,not_flagged,,,,,,valid=0; invalid=0; risky=0; unknown=0
2008,10436180,dankuechen-megastore.at,no,,,0,,no_email_candidate_in_email_query,not_flagged,,,,,,valid=0; invalid=0; risky=0; unknown=0
2009,10436286,chadios.com,no,,,0,,no_email_candidate_in_email_query,not_flagged,,,,,,valid=0; invalid=0; risky=0; unknown=0
2010,10437594,triggerz.com,yes,,,0,,no_email_candidate_in_email_query,not_flagged,,,,,,valid=0; invalid=0; risky=0; unknown=0
2011,10445063,seoattack.org,no,,,0,,no_email_candidate_in_email_query,not_flagged,,,,,,valid=0; invalid=0; risky=0; unknown=0
2012,10446836,doncastermoneyman.com,no,,,0,,no_email_candidate_in_email_query,not_flagged,,,,,,valid=0; invalid=0; risky=0; unknown=0
2013,10454385,startmarke.com,no,,,0,,no_email_candidate_in_email_query,not_flagged,,,,,,valid=0; invalid=0; risky=0; unknown=0
2014,10457290,marksoons.nl,no,,,0,,no_email_candidate_in_email_query,not_flagged,,,,,,valid=0; invalid=0; risky=0; unknown=0
2015,10459455,xabet.net,yes,,,0,,no_email_candidate_in_email_query,not_flagged,,,,,,valid=0; invalid=0; risky=0; unknown=0
2016,10461124,houseofvoga.com,yes,,,0,,no_email_candidate_in_email_query,not_flagged,,,,,,valid=0; invalid=0; risky=0; unknown=0
2017,10462426,srimgt.com,no,,,0,,no_email_candidate_in_email_query,not_flagged,,,,,,valid=0; invalid=0; risky=0; unknown=0
2018,10463639,securitydirect.it,yes,,,0,,no_email_candidate_in_email_query,not_flagged,,,,,,valid=0; invalid=0; risky=0; unknown=0
2019,10479411,ville-gallardon.fr,yes,,,0,,no_email_candidate_in_email_query,not_flagged,,,,,,valid=0; invalid=0; risky=0; unknown=0
2020,10481132,okanagansun.ca,yes,,,0,,no_email_candidate_in_email_query,not_flagged,,,,,,valid=0; invalid=0; risky=0; unknown=0
2021,10486455,richmondmba.org,yes,,,0,,no_email_candidate_in_email_query,not_flagged,,,,,,valid=0; invalid=0; risky=0; unknown=0
2022,10489244,ferme-laitiere-bas-carbone.fr,no,,,0,,no_email_candidate_in_email_query,not_flagged,,,,,,valid=0; invalid=0; risky=0; unknown=0
2023,10489956,ecogeniecleaning.com,yes,,,0,,no_email_candidate_in_email_query,not_flagged,,,,,,valid=0; invalid=0; risky=0; unknown=0
2024,10499620,betheupside.com,yes,,,0,,no_email_candidate_in_email_query,not_flagged,,,,,,valid=0; invalid=0; risky=0; unknown=0
2025,10502558,hearttoheartctc.com,yes,,,0,,no_email_candidate_in_email_query,not_flagged,,,,,,valid=0; invalid=0; risky=0; unknown=0
2026,10506716,autersa.ch,no,,,0,,no_email_candidate_in_email_query,not_flagged,,,,,,valid=0; invalid=0; risky=0; unknown=0
2027,10513150,thewordpressninja.com,yes,,,0,,no_email_candidate_in_email_query,not_flagged,,,,,,valid=0; invalid=0; risky=0; unknown=0
2028,10521245,wildtimelearning.com,yes,,,0,,no_email_candidate_in_email_query,not_flagged,,,,,,valid=0; invalid=0; risky=0; unknown=0
2029,10521487,ivefa.com,yes,,,0,,no_email_candidate_in_email_query,not_flagged,,,,,,valid=0; invalid=0; risky=0; unknown=0
2030,10522244,rgdevt.com,no,,,0,,no_email_candidate_in_email_query,not_flagged,,,,,,valid=0; invalid=0; risky=0; unknown=0
2031,10525806,lescuisineslindagoulet.com,yes,,,0,,no_email_candidate_in_email_query,not_flagged,,,,,,valid=0; invalid=0; risky=0; unknown=0
2032,10526652,vpnguide.com,no,,,0,,no_email_candidate_in_email_query,not_flagged,,,,,,valid=0; invalid=0; risky=0; unknown=0
2033,10546647,altoadigerent.it,yes,,,0,,no_email_candidate_in_email_query,not_flagged,,,,,,valid=0; invalid=0; risky=0; unknown=0
2034,10552068,koppenburg.de,yes,,,0,,no_email_candidate_in_email_query,not_flagged,,,,,,valid=0; invalid=0; risky=0; unknown=0
2035,10552639,marhack.com,no,,,0,,no_email_candidate_in_email_query,not_flagged,,,,,,valid=0; invalid=0; risky=0; unknown=0
2036,10556694,cargoeyecare.com,yes,,,0,,no_email_candidate_in_email_query,not_flagged,,,,,,valid=0; invalid=0; risky=0; unknown=0
2037,10557803,jeromepelletier.com,yes,,,0,,no_email_candidate_in_email_query,not_flagged,,,,,,valid=0; invalid=0; risky=0; unknown=0
2038,10559816,teamtutors.com,no,,,0,,no_email_candidate_in_email_query,not_flagged,,,,,,valid=0; invalid=0; risky=0; unknown=0
2039,10561412,inspirarealestate.com,no,,,0,,no_email_candidate_in_email_query,not_flagged,,,,,,valid=0; invalid=0; risky=0; unknown=0
2040,10569604,austindamon.com,yes,,,0,,no_email_candidate_in_email_query,not_flagged,,,,,,valid=0; invalid=0; risky=0; unknown=0
2041,10570003,iceberg.expert,yes,,,0,,no_email_candidate_in_email_query,not_flagged,,,,,,valid=0; invalid=0; risky=0; unknown=0
2042,10572109,boardroom.io,no,,,0,,no_email_candidate_in_email_query,not_flagged,,,,,,valid=0; invalid=0; risky=0; unknown=0
2043,10575395,dmayachting.com,no,,,0,,no_email_candidate_in_email_query,not_flagged,,,,,,valid=0; invalid=0; risky=0; unknown=0
2044,10580363,pennstatecru.org,yes,,,0,,no_email_candidate_in_email_query,not_flagged,,,,,,valid=0; invalid=0; risky=0; unknown=0
2045,10583302,partir.fr,yes,,,0,,no_email_candidate_in_email_query,not_flagged,,,,,,valid=0; invalid=0; risky=0; unknown=0
2046,10586207,khipu-networks.com,no,,,0,,no_email_candidate_in_email_query,not_flagged,,,,,,valid=0; invalid=0; risky=0; unknown=0
2047,10586781,bradleyclark.com,yes,,,0,,no_email_candidate_in_email_query,not_flagged,,,,,,valid=0; invalid=0; risky=0; unknown=0
2048,10601064,cahabariverkeeper.org,no,,,0,,no_email_candidate_in_email_query,not_flagged,,,,,,valid=0; invalid=0; risky=0; unknown=0
2049,10607642,tomer3.com,no,,,0,,no_email_candidate_in_email_query,not_flagged,,,,,,valid=0; invalid=0; risky=0; unknown=0
2050,10609799,toyotacuernavaca.com.mx,no,,,0,,no_email_candidate_in_email_query,not_flagged,,,,,,valid=0; invalid=0; risky=0; unknown=0
2051,10609839,drkellypage.com,yes,,,0,,no_email_candidate_in_email_query,not_flagged,,,,,,valid=0; invalid=0; risky=0; unknown=0
2052,10616867,inboka.es,no,,,0,,no_email_candidate_in_email_query,not_flagged,,,,,,valid=0; invalid=0; risky=0; unknown=0
2053,10617679,iwillsolicitors.com,yes,,,0,,no_email_candidate_in_email_query,not_flagged,,,,,,valid=0; invalid=0; risky=0; unknown=0
2054,10621115,maires51.fr,no,,,0,,no_email_candidate_in_email_query,not_flagged,,,,,,valid=0; invalid=0; risky=0; unknown=0
2055,10621243,moscase.com,yes,,,0,,no_email_candidate_in_email_query,not_flagged,,,,,,valid=0; invalid=0; risky=0; unknown=0
2056,10624381,gotravi.com,no,,,0,,no_email_candidate_in_email_query,not_flagged,,,,,,valid=0; invalid=0; risky=0; unknown=0
2057,10627379,focuswise.com,no,,,0,,no_email_candidate_in_email_query,not_flagged,,,,,,valid=0; invalid=0; risky=0; unknown=0
2058,10630973,ladawntownsend.com,yes,,,0,,no_email_candidate_in_email_query,not_flagged,,,,,,valid=0; invalid=0; risky=0; unknown=0
2059,10635155,longevityhealth.com,yes,,,0,,no_email_candidate_in_email_query,not_flagged,,,,,,valid=0; invalid=0; risky=0; unknown=0
2060,10642154,topcros.com,no,,,0,,no_email_candidate_in_email_query,not_flagged,,,,,,valid=0; invalid=0; risky=0; unknown=0
2061,10658691,truckingmarketing.com,yes,,,0,,no_email_candidate_in_email_query,not_flagged,,,,,,valid=0; invalid=0; risky=0; unknown=0
2062,10661207,dundasdentalcare.com,yes,,,0,,no_email_candidate_in_email_query,not_flagged,,,,,,valid=0; invalid=0; risky=0; unknown=0
2063,10662359,braintree.co.za,no,,,0,,no_email_candidate_in_email_query,not_flagged,,,,,,valid=0; invalid=0; risky=0; unknown=0
2064,10666793,rtsglobal.co,no,,,0,,no_email_candidate_in_email_query,not_flagged,,,,,,valid=0; invalid=0; risky=0; unknown=0
2065,10672065,limetreelabs.com,yes,,,0,,no_email_candidate_in_email_query,not_flagged,,,,,,valid=0; invalid=0; risky=0; unknown=0
2066,10673092,alpershardware.com,no,,,0,,no_email_candidate_in_email_query,not_flagged,,,,,,valid=0; invalid=0; risky=0; unknown=0
2067,10685725,palmerheatingandcooling.com,yes,,,0,,no_email_candidate_in_email_query,not_flagged,,,,,,valid=0; invalid=0; risky=0; unknown=0
2068,10687108,result4addiction.net,no,,,0,,no_email_candidate_in_email_query,not_flagged,,,,,,valid=0; invalid=0; risky=0; unknown=0
2069,10689386,shortng.com,no,,,0,,no_email_candidate_in_email_query,not_flagged,,,,,,valid=0; invalid=0; risky=0; unknown=0
2070,10693676,itgenerator.com,yes,,,0,,no_email_candidate_in_email_query,not_flagged,,,,,,valid=0; invalid=0; risky=0; unknown=0
2071,10696624,velux.ee,no,,,0,,no_email_candidate_in_email_query,not_flagged,,,,,,valid=0; invalid=0; risky=0; unknown=0
2072,10697544,tillyweb.biz,no,,,0,,no_email_candidate_in_email_query,not_flagged,,,,,,valid=0; invalid=0; risky=0; unknown=0
2073,10714587,helicon.immobilien,no,,,0,,no_email_candidate_in_email_query,not_flagged,,,,,,valid=0; invalid=0; risky=0; unknown=0
2074,10732532,novataxi.ch,no,,,0,,no_email_candidate_in_email_query,not_flagged,,,,,,valid=0; invalid=0; risky=0; unknown=0
2075,10733932,gallosmarmol.com.pe,no,,,0,,no_email_candidate_in_email_query,not_flagged,,,,,,valid=0; invalid=0; risky=0; unknown=0
2076,10735080,ajmauritzen.com,yes,,,0,,no_email_candidate_in_email_query,not_flagged,,,,,,valid=0; invalid=0; risky=0; unknown=0
2077,10735256,pressar.pt,no,,,0,,no_email_candidate_in_email_query,not_flagged,,,,,,valid=0; invalid=0; risky=0; unknown=0
2078,10735868,first10.co.uk,yes,,,0,,no_email_candidate_in_email_query,not_flagged,,,,,,valid=0; invalid=0; risky=0; unknown=0
2079,10752446,boostmyschool.com,yes,,,0,,no_email_candidate_in_email_query,not_flagged,,,,,,valid=0; invalid=0; risky=0; unknown=0
2080,10752887,we-love-craft.beer,no,,,0,,no_email_candidate_in_email_query,not_flagged,,,,,,valid=0; invalid=0; risky=0; unknown=0
2081,10754652,vitisoft.fr,no,,,0,,no_email_candidate_in_email_query,not_flagged,,,,,,valid=0; invalid=0; risky=0; unknown=0
2082,10755762,techfire.co,yes,,,0,,no_email_candidate_in_email_query,not_flagged,,,,,,valid=0; invalid=0; risky=0; unknown=0
2083,10756920,ginevrahotel.it,yes,,,0,,no_email_candidate_in_email_query,not_flagged,,,,,,valid=0; invalid=0; risky=0; unknown=0
2084,10758814,sheriotto.com,yes,,,0,,no_email_candidate_in_email_query,not_flagged,,,,,,valid=0; invalid=0; risky=0; unknown=0
2085,10761237,partnerexec.com,no,,,0,,no_email_candidate_in_email_query,not_flagged,,,,,,valid=0; invalid=0; risky=0; unknown=0
2086,10764354,levelconnections.com,yes,,,0,,no_email_candidate_in_email_query,not_flagged,,,,,,valid=0; invalid=0; risky=0; unknown=0
2087,10766785,kelseycare.com,no,,,0,,no_email_candidate_in_email_query,not_flagged,,,,,,valid=0; invalid=0; risky=0; unknown=0
2088,10771917,852law.com,no,,,0,,no_email_candidate_in_email_query,not_flagged,,,,,,valid=0; invalid=0; risky=0; unknown=0
2089,10772915,emergenow.io,no,,,0,,no_email_candidate_in_email_query,not_flagged,,,,,,valid=0; invalid=0; risky=0; unknown=0
2090,10772959,hotelparcodeiprincipi.it,no,,,0,,no_email_candidate_in_email_query,not_flagged,,,,,,valid=0; invalid=0; risky=0; unknown=0
2091,10786290,camdenhoch.com,yes,,,0,,no_email_candidate_in_email_query,not_flagged,,,,,,valid=0; invalid=0; risky=0; unknown=0
2092,10800187,agripieces88.com,yes,,,0,,no_email_candidate_in_email_query,not_flagged,,,,,,valid=0; invalid=0; risky=0; unknown=0
2093,10803125,3dprintwestern.com,no,,,0,,no_email_candidate_in_email_query,not_flagged,,,,,,valid=0; invalid=0; risky=0; unknown=0
2094,10803850,beanidea.com,no,,,0,,no_email_candidate_in_email_query,not_flagged,,,,,,valid=0; invalid=0; risky=0; unknown=0
2095,10817708,canineperspectivechicago.com,yes,,,0,,no_email_candidate_in_email_query,not_flagged,,,,,,valid=0; invalid=0; risky=0; unknown=0
2096,10823494,terrassendach-profi.de,yes,,,0,,no_email_candidate_in_email_query,not_flagged,,,,,,valid=0; invalid=0; risky=0; unknown=0
2097,10824623,kialatok.fr,yes,,,0,,no_email_candidate_in_email_query,not_flagged,,,,,,valid=0; invalid=0; risky=0; unknown=0
2098,10843470,themoviereport.com,yes,,,0,,no_email_candidate_in_email_query,not_flagged,,,,,,valid=0; invalid=0; risky=0; unknown=0
2099,10847197,pandevida.org.ec,yes,,,0,,no_email_candidate_in_email_query,not_flagged,,,,,,valid=0; invalid=0; risky=0; unknown=0
2100,10851023,thermalis.it,yes,,,0,,no_email_candidate_in_email_query,not_flagged,,,,,,valid=0; invalid=0; risky=0; unknown=0
2101,10856162,pixelbird.com.au,no,,,0,,no_email_candidate_in_email_query,not_flagged,,,,,,valid=0; invalid=0; risky=0; unknown=0
2102,10859742,customhockeydesign.com,yes,,,0,,no_email_candidate_in_email_query,not_flagged,,,,,,valid=0; invalid=0; risky=0; unknown=0
2103,10874701,dolbek.cl,no,,,0,,no_email_candidate_in_email_query,not_flagged,,,,,,valid=0; invalid=0; risky=0; unknown=0
2104,10882583,vem.it,yes,,,0,,no_email_candidate_in_email_query,not_flagged,,,,,,valid=0; invalid=0; risky=0; unknown=0
2105,10891164,mocha7.com,yes,,,0,,no_email_candidate_in_email_query,not_flagged,,,,,,valid=0; invalid=0; risky=0; unknown=0
2106,10895777,allgoodwork.org,yes,,,0,,no_email_candidate_in_email_query,not_flagged,,,,,,valid=0; invalid=0; risky=0; unknown=0
2107,10908464,juanplays.com,yes,,,0,,no_email_candidate_in_email_query,not_flagged,,,,,,valid=0; invalid=0; risky=0; unknown=0
2108,10922228,helprs.com,yes,,,0,,no_email_candidate_in_email_query,not_flagged,,,,,,valid=0; invalid=0; risky=0; unknown=0
2109,10926032,shreejidwar.org,yes,,,0,,no_email_candidate_in_email_query,not_flagged,,,,,,valid=0; invalid=0; risky=0; unknown=0
2110,10935322,sandgconsult.com,no,,,0,,no_email_candidate_in_email_query,not_flagged,,,,,,valid=0; invalid=0; risky=0; unknown=0
2111,10940359,ywmconvention.com,no,,,0,,no_email_candidate_in_email_query,not_flagged,,,,,,valid=0; invalid=0; risky=0; unknown=0
2112,10942383,worldisavillage.com,yes,,,0,,no_email_candidate_in_email_query,not_flagged,,,,,,valid=0; invalid=0; risky=0; unknown=0
2113,10946404,belmandental.com,yes,,,0,,no_email_candidate_in_email_query,not_flagged,,,,,,valid=0; invalid=0; risky=0; unknown=0
2114,10950059,reworktraining.org,yes,,,0,,no_email_candidate_in_email_query,not_flagged,,,,,,valid=0; invalid=0; risky=0; unknown=0
2115,10951128,nejlevnejsiweby.cz,no,,,0,,no_email_candidate_in_email_query,not_flagged,,,,,,valid=0; invalid=0; risky=0; unknown=0
2116,10952731,softconcis.de,no,,,0,,no_email_candidate_in_email_query,not_flagged,,,,,,valid=0; invalid=0; risky=0; unknown=0
2117,10957694,monikafreeman.com,yes,,,0,,no_email_candidate_in_email_query,not_flagged,,,,,,valid=0; invalid=0; risky=0; unknown=0
2118,10958645,fjolmidlanefnd.is,no,,,0,,no_email_candidate_in_email_query,not_flagged,,,,,,valid=0; invalid=0; risky=0; unknown=0
2119,10960409,datack.fr,no,,,0,,no_email_candidate_in_email_query,not_flagged,,,,,,valid=0; invalid=0; risky=0; unknown=0
2120,10962866,magicgardenmastering.com,yes,,,0,,no_email_candidate_in_email_query,not_flagged,,,,,,valid=0; invalid=0; risky=0; unknown=0
2121,10966980,v74.dk,no,,,0,,no_email_candidate_in_email_query,not_flagged,,,,,,valid=0; invalid=0; risky=0; unknown=0
2122,10971061,verla.fi,yes,,,0,,no_email_candidate_in_email_query,not_flagged,,,,,,valid=0; invalid=0; risky=0; unknown=0
2123,10973607,whatartcando.org,yes,,,0,,no_email_candidate_in_email_query,not_flagged,,,,,,valid=0; invalid=0; risky=0; unknown=0
2124,10981398,taxonaut.ch,yes,,,0,,no_email_candidate_in_email_query,not_flagged,,,,,,valid=0; invalid=0; risky=0; unknown=0
2125,10994704,cheval-blanc.dk,yes,,,0,,no_email_candidate_in_email_query,not_flagged,,,,,,valid=0; invalid=0; risky=0; unknown=0
2126,11003091,speakoutafrica.org,yes,,,0,,no_email_candidate_in_email_query,not_flagged,,,,,,valid=0; invalid=0; risky=0; unknown=0
2127,11020663,hubertusporschen.com,yes,,,0,,no_email_candidate_in_email_query,not_flagged,,,,,,valid=0; invalid=0; risky=0; unknown=0
2128,11023221,dblsystems.com,no,,,0,,no_email_candidate_in_email_query,not_flagged,,,,,,valid=0; invalid=0; risky=0; unknown=0
2129,11025967,bodybysandy.com,yes,,,0,,no_email_candidate_in_email_query,not_flagged,,,,,,valid=0; invalid=0; risky=0; unknown=0
2130,11045785,mortiboysdentalspa.com,no,,,0,,no_email_candidate_in_email_query,not_flagged,,,,,,valid=0; invalid=0; risky=0; unknown=0
2131,11045817,anitabrooks.com,yes,,,0,,no_email_candidate_in_email_query,not_flagged,,,,,,valid=0; invalid=0; risky=0; unknown=0
2132,11046523,woodridgegrowth.com,yes,,,0,,no_email_candidate_in_email_query,not_flagged,,,,,,valid=0; invalid=0; risky=0; unknown=0
2133,11050102,goalplan.com,yes,,,0,,no_email_candidate_in_email_query,not_flagged,,,,,,valid=0; invalid=0; risky=0; unknown=0
2134,11056615,helsedesign.no,no,,,0,,no_email_candidate_in_email_query,not_flagged,,,,,,valid=0; invalid=0; risky=0; unknown=0
2135,11069688,tuddal.no,yes,,,0,,no_email_candidate_in_email_query,not_flagged,,,,,,valid=0; invalid=0; risky=0; unknown=0
2136,11069905,pamc.org.sg,yes,,,0,,no_email_candidate_in_email_query,not_flagged,,,,,,valid=0; invalid=0; risky=0; unknown=0
2137,11074220,der-gawan.de,no,,,0,,no_email_candidate_in_email_query,not_flagged,,,,,,valid=0; invalid=0; risky=0; unknown=0
2138,11080204,danielasn.com,yes,,,0,,no_email_candidate_in_email_query,not_flagged,,,,,,valid=0; invalid=0; risky=0; unknown=0
2139,11091799,grosoeuvre-stark.com,yes,,,0,,no_email_candidate_in_email_query,not_flagged,,,,,,valid=0; invalid=0; risky=0; unknown=0
2140,11094294,actwildlife.net,no,,,0,,no_email_candidate_in_email_query,not_flagged,,,,,,valid=0; invalid=0; risky=0; unknown=0
2141,11096814,speakitalynyc.com,no,,,0,,no_email_candidate_in_email_query,not_flagged,,,,,,valid=0; invalid=0; risky=0; unknown=0
2142,11100094,appliedstudios.com,no,,,0,,no_email_candidate_in_email_query,not_flagged,,,,,,valid=0; invalid=0; risky=0; unknown=0
2143,11101116,monterosycazadores.com,yes,,,0,,no_email_candidate_in_email_query,not_flagged,,,,,,valid=0; invalid=0; risky=0; unknown=0
2144,11118221,cupn.mx,yes,,,0,,no_email_candidate_in_email_query,not_flagged,,,,,,valid=0; invalid=0; risky=0; unknown=0
2145,11124582,bellabirches.com,yes,,,0,,no_email_candidate_in_email_query,not_flagged,,,,,,valid=0; invalid=0; risky=0; unknown=0
2146,11125731,auctusgroupconsulting.com,yes,,,0,,no_email_candidate_in_email_query,not_flagged,,,,,,valid=0; invalid=0; risky=0; unknown=0
2147,11126776,fitoutdubai.ae,yes,,,0,,no_email_candidate_in_email_query,not_flagged,,,,,,valid=0; invalid=0; risky=0; unknown=0
2148,11127269,nieuwkarspel.nl,no,,,0,,no_email_candidate_in_email_query,not_flagged,,,,,,valid=0; invalid=0; risky=0; unknown=0
2149,11136604,mustachepretzels.com,yes,,,0,,no_email_candidate_in_email_query,not_flagged,,,,,,valid=0; invalid=0; risky=0; unknown=0
2150,11136604,chasseurdappart.paris,no,,,0,,no_email_candidate_in_email_query,not_flagged,,,,,,valid=0; invalid=0; risky=0; unknown=0
2151,11150958,tressabeheim.com,yes,,,0,,no_email_candidate_in_email_query,not_flagged,,,,,,valid=0; invalid=0; risky=0; unknown=0
2152,11151850,attitudemarketing.ca,yes,,,0,,no_email_candidate_in_email_query,not_flagged,,,,,,valid=0; invalid=0; risky=0; unknown=0
2153,11156119,digitaltangent.com,no,,,0,,no_email_candidate_in_email_query,not_flagged,,,,,,valid=0; invalid=0; risky=0; unknown=0
2154,11158232,simplybeagency.com,no,,,0,,no_email_candidate_in_email_query,not_flagged,,,,,,valid=0; invalid=0; risky=0; unknown=0
2155,11164523,k12innovationforum.com,no,,,0,,no_email_candidate_in_email_query,not_flagged,,,,,,valid=0; invalid=0; risky=0; unknown=0
2156,11166952,empac.pl,no,,,0,,no_email_candidate_in_email_query,not_flagged,,,,,,valid=0; invalid=0; risky=0; unknown=0
2157,11169795,dobrateta.si,no,,,0,,no_email_candidate_in_email_query,not_flagged,,,,,,valid=0; invalid=0; risky=0; unknown=0
2158,11171874,schrijversysteem.nl,yes,,,0,,no_email_candidate_in_email_query,not_flagged,,,,,,valid=0; invalid=0; risky=0; unknown=0
2159,11172426,ronsegur.pt,no,,,0,,no_email_candidate_in_email_query,not_flagged,,,,,,valid=0; invalid=0; risky=0; unknown=0
2160,11185331,fundacionhelp.org,yes,,,0,,no_email_candidate_in_email_query,not_flagged,,,,,,valid=0; invalid=0; risky=0; unknown=0
2161,11190447,zuegellos.net,no,,,0,,no_email_candidate_in_email_query,not_flagged,,,,,,valid=0; invalid=0; risky=0; unknown=0
2162,11192263,go-europe.eu,no,,,0,,no_email_candidate_in_email_query,not_flagged,,,,,,valid=0; invalid=0; risky=0; unknown=0
2163,11194874,agencestartitup.fr,no,,,0,,no_email_candidate_in_email_query,not_flagged,,,,,,valid=0; invalid=0; risky=0; unknown=0
2164,11200461,gbcoffeehouse.com,yes,,,0,,no_email_candidate_in_email_query,not_flagged,,,,,,valid=0; invalid=0; risky=0; unknown=0
2165,11207159,tuitiongenius.com,no,,,0,,no_email_candidate_in_email_query,not_flagged,,,,,,valid=0; invalid=0; risky=0; unknown=0
2166,11216405,branderbee.com,yes,,,0,,no_email_candidate_in_email_query,not_flagged,,,,,,valid=0; invalid=0; risky=0; unknown=0
2167,11217278,crewmiami.com,yes,,,0,,no_email_candidate_in_email_query,not_flagged,,,,,,valid=0; invalid=0; risky=0; unknown=0
2168,11219820,portauxperches.fr,yes,,,0,,no_email_candidate_in_email_query,not_flagged,,,,,,valid=0; invalid=0; risky=0; unknown=0
2169,11221160,marycrone.com,yes,,,0,,no_email_candidate_in_email_query,not_flagged,,,,,,valid=0; invalid=0; risky=0; unknown=0
2170,11225652,airpreheaters.com,yes,,,0,,no_email_candidate_in_email_query,not_flagged,,,,,,valid=0; invalid=0; risky=0; unknown=0
2171,11228956,dentiste-enfant.com,no,,,0,,no_email_candidate_in_email_query,not_flagged,,,,,,valid=0; invalid=0; risky=0; unknown=0
2172,11230758,acvl.ca,yes,,,0,,no_email_candidate_in_email_query,not_flagged,,,,,,valid=0; invalid=0; risky=0; unknown=0
2173,11231050,digintec.it,yes,,,0,,no_email_candidate_in_email_query,not_flagged,,,,,,valid=0; invalid=0; risky=0; unknown=0
2174,11237550,unikllib.wordpress.com,no,,,0,,no_email_candidate_in_email_query,not_flagged,,,,,,valid=0; invalid=0; risky=0; unknown=0
2175,11237723,empyrealinfotech.com,yes,,,0,,no_email_candidate_in_email_query,not_flagged,,,,,,valid=0; invalid=0; risky=0; unknown=0
2176,11243999,voicfy.com,no,,,0,,no_email_candidate_in_email_query,not_flagged,,,,,,valid=0; invalid=0; risky=0; unknown=0
2177,11244919,jonnytravels.com,yes,,,0,,no_email_candidate_in_email_query,not_flagged,,,,,,valid=0; invalid=0; risky=0; unknown=0
2178,11253713,doof.vlaanderen,yes,,,0,,no_email_candidate_in_email_query,not_flagged,,,,,,valid=0; invalid=0; risky=0; unknown=0
2179,11273268,mandorlaart.com,yes,,,0,,no_email_candidate_in_email_query,not_flagged,,,,,,valid=0; invalid=0; risky=0; unknown=0
2180,11276240,prestigecaregroup.com,no,,,0,,no_email_candidate_in_email_query,not_flagged,,,,,,valid=0; invalid=0; risky=0; unknown=0
2181,11277678,shedesigns.org,yes,,,0,,no_email_candidate_in_email_query,not_flagged,,,,,,valid=0; invalid=0; risky=0; unknown=0
2182,11287674,plasticbank.com,yes,,,0,,no_email_candidate_in_email_query,not_flagged,,,,,,valid=0; invalid=0; risky=0; unknown=0
2183,11299949,hornbillit.com,yes,,,0,,no_email_candidate_in_email_query,not_flagged,,,,,,valid=0; invalid=0; risky=0; unknown=0
2184,11302657,ampconseils.com,yes,,,0,,no_email_candidate_in_email_query,not_flagged,,,,,,valid=0; invalid=0; risky=0; unknown=0
2185,11306426,isleofmancreamery.com,yes,,,0,,no_email_candidate_in_email_query,not_flagged,,,,,,valid=0; invalid=0; risky=0; unknown=0
2186,11306828,s-b-c.com,yes,,,0,,no_email_candidate_in_email_query,not_flagged,,,,,,valid=0; invalid=0; risky=0; unknown=0
2187,11307078,avtomarshal.ru,no,,,0,,no_email_candidate_in_email_query,not_flagged,,,,,,valid=0; invalid=0; risky=0; unknown=0
2188,11307258,rvja.cat,yes,,,0,,no_email_candidate_in_email_query,not_flagged,,,,,,valid=0; invalid=0; risky=0; unknown=0
2189,11309388,mustilli.com,yes,,,0,,no_email_candidate_in_email_query,not_flagged,,,,,,valid=0; invalid=0; risky=0; unknown=0
2190,11312119,corniaudandco.com,no,,,0,,no_email_candidate_in_email_query,not_flagged,,,,,,valid=0; invalid=0; risky=0; unknown=0
2191,11312420,risenking.org,no,,,0,,no_email_candidate_in_email_query,not_flagged,,,,,,valid=0; invalid=0; risky=0; unknown=0
2192,11316701,antiincasso.com,no,,,0,,no_email_candidate_in_email_query,not_flagged,,,,,,valid=0; invalid=0; risky=0; unknown=0
2193,11319024,themortgageprofessionals.ca,no,,,0,,no_email_candidate_in_email_query,not_flagged,,,,,,valid=0; invalid=0; risky=0; unknown=0
2194,11334137,mikelalli.com,yes,,,0,,no_email_candidate_in_email_query,not_flagged,,,,,,valid=0; invalid=0; risky=0; unknown=0
2195,11335808,maisons-espagne.com,yes,,,0,,no_email_candidate_in_email_query,not_flagged,,,,,,valid=0; invalid=0; risky=0; unknown=0
2196,11340749,hopechristianchurch.net,no,,,0,,no_email_candidate_in_email_query,not_flagged,,,,,,valid=0; invalid=0; risky=0; unknown=0
2197,11341974,kliqmarketing.com,yes,,,0,,no_email_candidate_in_email_query,not_flagged,,,,,,valid=0; invalid=0; risky=0; unknown=0
2198,11356053,kaliswenson.com,no,,,0,,no_email_candidate_in_email_query,not_flagged,,,,,,valid=0; invalid=0; risky=0; unknown=0
2199,11360062,roadrunnerglassboise.com,yes,,,0,,no_email_candidate_in_email_query,not_flagged,,,,,,valid=0; invalid=0; risky=0; unknown=0
2200,11361575,rve.ca,no,,,0,,no_email_candidate_in_email_query,not_flagged,,,,,,valid=0; invalid=0; risky=0; unknown=0
2201,11363251,acgs.fr,yes,,,0,,no_email_candidate_in_email_query,not_flagged,,,,,,valid=0; invalid=0; risky=0; unknown=0
2202,11363608,dr-touati-herve.chirurgiens-dentistes.fr,no,,,0,,no_email_candidate_in_email_query,not_flagged,,,,,,valid=0; invalid=0; risky=0; unknown=0
2203,11365221,exposyour.com,yes,,,0,,no_email_candidate_in_email_query,not_flagged,,,,,,valid=0; invalid=0; risky=0; unknown=0
2204,11382758,bnlawmacau.com,yes,,,0,,no_email_candidate_in_email_query,not_flagged,,,,,,valid=0; invalid=0; risky=0; unknown=0
2205,11382794,thewestcoastheroes.co.uk,yes,,,0,,no_email_candidate_in_email_query,not_flagged,,,,,,valid=0; invalid=0; risky=0; unknown=0
2206,11384453,fes.cat,yes,,,0,,no_email_candidate_in_email_query,not_flagged,,,,,,valid=0; invalid=0; risky=0; unknown=0
2207,11400344,extremanoir.be,yes,,,0,,no_email_candidate_in_email_query,not_flagged,,,,,,valid=0; invalid=0; risky=0; unknown=0
2208,11408649,bonazolitherapy.com,yes,,,0,,no_email_candidate_in_email_query,not_flagged,,,,,,valid=0; invalid=0; risky=0; unknown=0
2209,11415475,romesmiles.com,no,,,0,,no_email_candidate_in_email_query,not_flagged,,,,,,valid=0; invalid=0; risky=0; unknown=0
2210,11427471,innercode.com.au,no,,,0,,no_email_candidate_in_email_query,not_flagged,,,,,,valid=0; invalid=0; risky=0; unknown=0
2211,11428130,nomadpass.com,yes,,,0,,no_email_candidate_in_email_query,not_flagged,,,,,,valid=0; invalid=0; risky=0; unknown=0
2212,11429279,scotlandrally.org,yes,,,0,,no_email_candidate_in_email_query,not_flagged,,,,,,valid=0; invalid=0; risky=0; unknown=0
2213,11430062,dimsa.com,yes,,,0,,no_email_candidate_in_email_query,not_flagged,,,,,,valid=0; invalid=0; risky=0; unknown=0
2214,11432026,southbayfinancialpartners.com,yes,,,0,,no_email_candidate_in_email_query,not_flagged,,,,,,valid=0; invalid=0; risky=0; unknown=0
2215,11434663,beautyplace.fr,yes,,,0,,no_email_candidate_in_email_query,not_flagged,,,,,,valid=0; invalid=0; risky=0; unknown=0
2216,11435424,darcovstvivajicek.cz,yes,,,0,,no_email_candidate_in_email_query,not_flagged,,,,,,valid=0; invalid=0; risky=0; unknown=0
2217,11439741,blanx.de,no,,,0,,no_email_candidate_in_email_query,not_flagged,,,,,,valid=0; invalid=0; risky=0; unknown=0
2218,11440215,cruzsaco.edu.pe,yes,,,0,,no_email_candidate_in_email_query,not_flagged,,,,,,valid=0; invalid=0; risky=0; unknown=0
2219,11447316,fcsd.be,no,,,0,,no_email_candidate_in_email_query,not_flagged,,,,,,valid=0; invalid=0; risky=0; unknown=0
2220,11449164,momentumconferencing.com,yes,,,0,,no_email_candidate_in_email_query,not_flagged,,,,,,valid=0; invalid=0; risky=0; unknown=0
2221,11464676,ee-trappen.be,no,,,0,,no_email_candidate_in_email_query,not_flagged,,,,,,valid=0; invalid=0; risky=0; unknown=0
2222,11469698,higherhq.com,no,,,0,,no_email_candidate_in_email_query,not_flagged,,,,,,valid=0; invalid=0; risky=0; unknown=0
2223,11476503,catholicsfortrump.com,no,,,0,,no_email_candidate_in_email_query,not_flagged,,,,,,valid=0; invalid=0; risky=0; unknown=0
2224,11477653,aircontrolspokane.com,no,,,0,,no_email_candidate_in_email_query,not_flagged,,,,,,valid=0; invalid=0; risky=0; unknown=0
2225,11482344,saswarenigeria.com,yes,,,0,,no_email_candidate_in_email_query,not_flagged,,,,,,valid=0; invalid=0; risky=0; unknown=0
2226,11487078,scholler-betriebsberatung.at,no,,,0,,no_email_candidate_in_email_query,not_flagged,,,,,,valid=0; invalid=0; risky=0; unknown=0
2227,11489875,towncrest.com,yes,,,0,,no_email_candidate_in_email_query,not_flagged,,,,,,valid=0; invalid=0; risky=0; unknown=0
2228,11491610,cleanplateclubevents.com,yes,,,0,,no_email_candidate_in_email_query,not_flagged,,,,,,valid=0; invalid=0; risky=0; unknown=0
2229,11494044,tepla.ru,no,,,0,,no_email_candidate_in_email_query,not_flagged,,,,,,valid=0; invalid=0; risky=0; unknown=0
2230,11506636,cubicit.net,yes,,,0,,no_email_candidate_in_email_query,not_flagged,,,,,,valid=0; invalid=0; risky=0; unknown=0
2231,11510933,mrlawnmower.ca,no,,,0,,no_email_candidate_in_email_query,not_flagged,,,,,,valid=0; invalid=0; risky=0; unknown=0
2232,11512746,tricortx.com,yes,,,0,,no_email_candidate_in_email_query,not_flagged,,,,,,valid=0; invalid=0; risky=0; unknown=0
2233,11513176,offsiteimagemgt.com,yes,,,0,,no_email_candidate_in_email_query,not_flagged,,,,,,valid=0; invalid=0; risky=0; unknown=0
2234,11513497,synivate.com,yes,,,0,,no_email_candidate_in_email_query,not_flagged,,,,,,valid=0; invalid=0; risky=0; unknown=0
2235,11517599,aliasconsult.be,no,,,0,,no_email_candidate_in_email_query,not_flagged,,,,,,valid=0; invalid=0; risky=0; unknown=0
2236,11524514,club-acheteurs.com,yes,,,0,,no_email_candidate_in_email_query,not_flagged,,,,,,valid=0; invalid=0; risky=0; unknown=0
2237,11540927,ravioliwang.it,no,,,0,,no_email_candidate_in_email_query,not_flagged,,,,,,valid=0; invalid=0; risky=0; unknown=0
2238,11549683,kluppy.com,yes,,,0,,no_email_candidate_in_email_query,not_flagged,,,,,,valid=0; invalid=0; risky=0; unknown=0
2239,11572621,abettercaregiver.com,yes,,,0,,no_email_candidate_in_email_query,not_flagged,,,,,,valid=0; invalid=0; risky=0; unknown=0
2240,11580778,socialikeinc.com,no,,,0,,no_email_candidate_in_email_query,not_flagged,,,,,,valid=0; invalid=0; risky=0; unknown=0
2241,11629618,kaleidoscope.es,yes,,,0,,no_email_candidate_in_email_query,not_flagged,,,,,,valid=0; invalid=0; risky=0; unknown=0
2242,11642701,selladm.com.br,no,,,0,,no_email_candidate_in_email_query,not_flagged,,,,,,valid=0; invalid=0; risky=0; unknown=0
2243,11643452,oesterdam.nl,no,,,0,,no_email_candidate_in_email_query,not_flagged,,,,,,valid=0; invalid=0; risky=0; unknown=0
2244,11648798,ravencareers.com,yes,,,0,,no_email_candidate_in_email_query,not_flagged,,,,,,valid=0; invalid=0; risky=0; unknown=0
2245,11656342,energiebewustontwerpen.be,no,,,0,,no_email_candidate_in_email_query,not_flagged,,,,,,valid=0; invalid=0; risky=0; unknown=0
2246,11666456,wellthysoul.com,yes,,,0,,no_email_candidate_in_email_query,not_flagged,,,,,,valid=0; invalid=0; risky=0; unknown=0
2247,11667257,clinmedica.net,no,,,0,,no_email_candidate_in_email_query,not_flagged,,,,,,valid=0; invalid=0; risky=0; unknown=0
2248,11668046,avsservice.be,no,,,0,,no_email_candidate_in_email_query,not_flagged,,,,,,valid=0; invalid=0; risky=0; unknown=0
2249,11675012,thefullifebyrachel.com,yes,,,0,,no_email_candidate_in_email_query,not_flagged,,,,,,valid=0; invalid=0; risky=0; unknown=0
2250,11676902,extraedgetalent.com,yes,,,0,,no_email_candidate_in_email_query,not_flagged,,,,,,valid=0; invalid=0; risky=0; unknown=0
2251,11682938,budandbloomflorists.com,yes,,,0,,no_email_candidate_in_email_query,not_flagged,,,,,,valid=0; invalid=0; risky=0; unknown=0
2252,11685488,myconventionsite.com,yes,,,0,,no_email_candidate_in_email_query,not_flagged,,,,,,valid=0; invalid=0; risky=0; unknown=0
2253,11688102,tokei-co.org,no,,,0,,no_email_candidate_in_email_query,not_flagged,,,,,,valid=0; invalid=0; risky=0; unknown=0
2254,11694094,jimcollective.com,no,,,0,,no_email_candidate_in_email_query,not_flagged,,,,,,valid=0; invalid=0; risky=0; unknown=0
2255,11694348,brain.ai,no,,,0,,no_email_candidate_in_email_query,not_flagged,,,,,,valid=0; invalid=0; risky=0; unknown=0
2256,11700775,textilwahn.com,no,,,0,,no_email_candidate_in_email_query,not_flagged,,,,,,valid=0; invalid=0; risky=0; unknown=0
2257,11701378,rawsondowney.com,no,,,0,,no_email_candidate_in_email_query,not_flagged,,,,,,valid=0; invalid=0; risky=0; unknown=0
2258,11702992,protivamom.com,yes,,,0,,no_email_candidate_in_email_query,not_flagged,,,,,,valid=0; invalid=0; risky=0; unknown=0
2259,11704003,videnciagratuita.online,no,,,0,,no_email_candidate_in_email_query,not_flagged,,,,,,valid=0; invalid=0; risky=0; unknown=0
2260,11705586,katharsis.co,yes,,,0,,no_email_candidate_in_email_query,not_flagged,,,,,,valid=0; invalid=0; risky=0; unknown=0
2261,11715020,pixeltreemedia.co.uk,yes,,,0,,no_email_candidate_in_email_query,not_flagged,,,,,,valid=0; invalid=0; risky=0; unknown=0
2262,11718037,visualdecisions.com,no,,,0,,no_email_candidate_in_email_query,not_flagged,,,,,,valid=0; invalid=0; risky=0; unknown=0
2263,11735249,lickslegal.com,no,,,0,,no_email_candidate_in_email_query,not_flagged,,,,,,valid=0; invalid=0; risky=0; unknown=0
2264,11740008,justkul.com,yes,,,0,,no_email_candidate_in_email_query,not_flagged,,,,,,valid=0; invalid=0; risky=0; unknown=0
2265,11744248,shapeprototype.com,yes,,,0,,no_email_candidate_in_email_query,not_flagged,,,,,,valid=0; invalid=0; risky=0; unknown=0
2266,11747030,acrotir.com,no,,,0,,no_email_candidate_in_email_query,not_flagged,,,,,,valid=0; invalid=0; risky=0; unknown=0
2267,11747224,afniph.com,no,,,0,,no_email_candidate_in_email_query,not_flagged,,,,,,valid=0; invalid=0; risky=0; unknown=0
2268,11749709,fuchsfabrik.agency,no,,,0,,no_email_candidate_in_email_query,not_flagged,,,,,,valid=0; invalid=0; risky=0; unknown=0
2269,11751321,softwings.in,yes,,,0,,no_email_candidate_in_email_query,not_flagged,,,,,,valid=0; invalid=0; risky=0; unknown=0
2270,11756498,franciscodias.net,no,,,0,,no_email_candidate_in_email_query,not_flagged,,,,,,valid=0; invalid=0; risky=0; unknown=0
2271,11764199,epmortgageservices.com,yes,,,0,,no_email_candidate_in_email_query,not_flagged,,,,,,valid=0; invalid=0; risky=0; unknown=0
2272,11767014,aesf.com.au,no,,,0,,no_email_candidate_in_email_query,not_flagged,,,,,,valid=0; invalid=0; risky=0; unknown=0
2273,11769594,alcok.com,yes,,,0,,no_email_candidate_in_email_query,not_flagged,,,,,,valid=0; invalid=0; risky=0; unknown=0
2274,11773169,appliedparticletechnology.com,no,,,0,,no_email_candidate_in_email_query,not_flagged,,,,,,valid=0; invalid=0; risky=0; unknown=0
2275,11774863,vidaacademia.com.br,yes,,,0,,no_email_candidate_in_email_query,not_flagged,,,,,,valid=0; invalid=0; risky=0; unknown=0
2276,11798872,concernindia.org,no,,,0,,no_email_candidate_in_email_query,not_flagged,,,,,,valid=0; invalid=0; risky=0; unknown=0
2277,11807319,fiveisolanti.it,no,,,0,,no_email_candidate_in_email_query,not_flagged,,,,,,valid=0; invalid=0; risky=0; unknown=0
2278,11814803,pilatescenterofrockville.com,no,,,0,,no_email_candidate_in_email_query,not_flagged,,,,,,valid=0; invalid=0; risky=0; unknown=0
2279,11819693,powerofart.co,yes,,,0,,no_email_candidate_in_email_query,not_flagged,,,,,,valid=0; invalid=0; risky=0; unknown=0
2280,11830743,kfo-jilek.de,yes,,,0,,no_email_candidate_in_email_query,not_flagged,,,,,,valid=0; invalid=0; risky=0; unknown=0
2281,11832405,cultures-sante.be,no,,,0,,no_email_candidate_in_email_query,not_flagged,,,,,,valid=0; invalid=0; risky=0; unknown=0
2282,11845324,luthersystems.com,no,,,0,,no_email_candidate_in_email_query,not_flagged,,,,,,valid=0; invalid=0; risky=0; unknown=0
2283,11845350,suprahuman.com,no,,,0,,no_email_candidate_in_email_query,not_flagged,,,,,,valid=0; invalid=0; risky=0; unknown=0
2284,11851498,russianrivervalley.org,yes,,,0,,no_email_candidate_in_email_query,not_flagged,,,,,,valid=0; invalid=0; risky=0; unknown=0
2285,11858884,tonolucro.com,yes,,,0,,no_email_candidate_in_email_query,not_flagged,,,,,,valid=0; invalid=0; risky=0; unknown=0
2286,11862582,nathalieboileau.com,yes,,,0,,no_email_candidate_in_email_query,not_flagged,,,,,,valid=0; invalid=0; risky=0; unknown=0
2287,11864533,ubees.com,yes,,,0,,no_email_candidate_in_email_query,not_flagged,,,,,,valid=0; invalid=0; risky=0; unknown=0
2288,11865236,softbear.ru,yes,,,0,,no_email_candidate_in_email_query,not_flagged,,,,,,valid=0; invalid=0; risky=0; unknown=0
2289,11878537,pullmanmarketing.com,no,,,0,,no_email_candidate_in_email_query,not_flagged,,,,,,valid=0; invalid=0; risky=0; unknown=0
2290,11878659,kuroda-k.com,no,,,0,,no_email_candidate_in_email_query,not_flagged,,,,,,valid=0; invalid=0; risky=0; unknown=0
2291,11883588,pocketrocketfoundation.org,yes,,,0,,no_email_candidate_in_email_query,not_flagged,,,,,,valid=0; invalid=0; risky=0; unknown=0
2292,11884606,thetrevigroup.com,yes,,,0,,no_email_candidate_in_email_query,not_flagged,,,,,,valid=0; invalid=0; risky=0; unknown=0
2293,11893583,jvp-salzburg.at,yes,,,0,,no_email_candidate_in_email_query,not_flagged,,,,,,valid=0; invalid=0; risky=0; unknown=0
2294,11894607,smileclinictoronto.com,yes,,,0,,no_email_candidate_in_email_query,not_flagged,,,,,,valid=0; invalid=0; risky=0; unknown=0
2295,11895371,doc-schwanke.com,no,,,0,,no_email_candidate_in_email_query,not_flagged,,,,,,valid=0; invalid=0; risky=0; unknown=0
2296,11901217,dashventures.com,yes,,,0,,no_email_candidate_in_email_query,not_flagged,,,,,,valid=0; invalid=0; risky=0; unknown=0
2297,11904048,selandscapeconstruction.co.uk,yes,,,0,,no_email_candidate_in_email_query,not_flagged,,,,,,valid=0; invalid=0; risky=0; unknown=0
2298,11912234,brautmoden-renger.de,yes,,,0,,no_email_candidate_in_email_query,not_flagged,,,,,,valid=0; invalid=0; risky=0; unknown=0
2299,11915743,sofiatutors.com,no,,,0,,no_email_candidate_in_email_query,not_flagged,,,,,,valid=0; invalid=0; risky=0; unknown=0
2300,11918282,werkenbijvitalis.nl,no,,,0,,no_email_candidate_in_email_query,not_flagged,,,,,,valid=0; invalid=0; risky=0; unknown=0
2301,11925192,rchsolutions.com,yes,,,0,,no_email_candidate_in_email_query,not_flagged,,,,,,valid=0; invalid=0; risky=0; unknown=0
2302,11925362,fabiendelcourt.com,yes,,,0,,no_email_candidate_in_email_query,not_flagged,,,,,,valid=0; invalid=0; risky=0; unknown=0
2303,11929006,kernpharmabiologics.com,yes,,,0,,no_email_candidate_in_email_query,not_flagged,,,,,,valid=0; invalid=0; risky=0; unknown=0
2304,11938494,bollaert-a.be,no,,,0,,no_email_candidate_in_email_query,not_flagged,,,,,,valid=0; invalid=0; risky=0; unknown=0
2305,11942919,scssellos.com.mx,no,,,0,,no_email_candidate_in_email_query,not_flagged,,,,,,valid=0; invalid=0; risky=0; unknown=0
2306,11950620,smoke-enjoy.fr,no,,,0,,no_email_candidate_in_email_query,not_flagged,,,,,,valid=0; invalid=0; risky=0; unknown=0
2307,11954915,cottonwoodcollege.org,yes,,,0,,no_email_candidate_in_email_query,not_flagged,,,,,,valid=0; invalid=0; risky=0; unknown=0
2308,11956392,gohomeheating.com,no,,,0,,no_email_candidate_in_email_query,not_flagged,,,,,,valid=0; invalid=0; risky=0; unknown=0
2309,11961450,things.is,no,,,0,,no_email_candidate_in_email_query,not_flagged,,,,,,valid=0; invalid=0; risky=0; unknown=0
2310,11962250,centergrovelife.org,yes,,,0,,no_email_candidate_in_email_query,not_flagged,,,,,,valid=0; invalid=0; risky=0; unknown=0
2311,11970459,sterlingmonument.com,no,,,0,,no_email_candidate_in_email_query,not_flagged,,,,,,valid=0; invalid=0; risky=0; unknown=0
2312,11972703,brightcherry.com.au,yes,,,0,,no_email_candidate_in_email_query,not_flagged,,,,,,valid=0; invalid=0; risky=0; unknown=0
2313,11977715,straightrazorway.com,yes,,,0,,no_email_candidate_in_email_query,not_flagged,,,,,,valid=0; invalid=0; risky=0; unknown=0
2314,11983592,heppievakanties.nl,yes,,,0,,no_email_candidate_in_email_query,not_flagged,,,,,,valid=0; invalid=0; risky=0; unknown=0
2315,11996815,pferdeeisenbahn.at,no,,,0,,no_email_candidate_in_email_query,not_flagged,,,,,,valid=0; invalid=0; risky=0; unknown=0
2316,12001969,united-promotion.eu,yes,,,0,,no_email_candidate_in_email_query,not_flagged,,,,,,valid=0; invalid=0; risky=0; unknown=0
2317,12006516,roadscience.co.nz,no,,,0,,no_email_candidate_in_email_query,not_flagged,,,,,,valid=0; invalid=0; risky=0; unknown=0
2318,12023211,mixedbygee.com,yes,,,0,,no_email_candidate_in_email_query,not_flagged,,,,,,valid=0; invalid=0; risky=0; unknown=0
2319,12024591,rebees.com,no,,,0,,no_email_candidate_in_email_query,not_flagged,,,,,,valid=0; invalid=0; risky=0; unknown=0
2320,12026558,gealogistics.net,no,,,0,,no_email_candidate_in_email_query,not_flagged,,,,,,valid=0; invalid=0; risky=0; unknown=0
2321,12029450,jumping-monaco.com,no,,,0,,no_email_candidate_in_email_query,not_flagged,,,,,,valid=0; invalid=0; risky=0; unknown=0
2322,12038742,hgim.org,no,,,0,,no_email_candidate_in_email_query,not_flagged,,,,,,valid=0; invalid=0; risky=0; unknown=0
2323,12041603,progas.ca,no,,,0,,no_email_candidate_in_email_query,not_flagged,,,,,,valid=0; invalid=0; risky=0; unknown=0
2324,12044368,mohr-dachbau.de,no,,,0,,no_email_candidate_in_email_query,not_flagged,,,,,,valid=0; invalid=0; risky=0; unknown=0
2325,12055743,skiss.fr,yes,,,0,,no_email_candidate_in_email_query,not_flagged,,,,,,valid=0; invalid=0; risky=0; unknown=0
2326,12060126,yourway2travel.com,no,,,0,,no_email_candidate_in_email_query,not_flagged,,,,,,valid=0; invalid=0; risky=0; unknown=0
2327,12068588,mastercabinetswa.com.au,yes,,,0,,no_email_candidate_in_email_query,not_flagged,,,,,,valid=0; invalid=0; risky=0; unknown=0
2328,12068652,easidoo.com,yes,,,0,,no_email_candidate_in_email_query,not_flagged,,,,,,valid=0; invalid=0; risky=0; unknown=0
2329,12082824,latestscoopicecream.com,yes,,,0,,no_email_candidate_in_email_query,not_flagged,,,,,,valid=0; invalid=0; risky=0; unknown=0
2330,12083193,fetchitsoftware.com,yes,,,0,,no_email_candidate_in_email_query,not_flagged,,,,,,valid=0; invalid=0; risky=0; unknown=0
2331,12093715,vzs.edu.rs,yes,,,0,,no_email_candidate_in_email_query,not_flagged,,,,,,valid=0; invalid=0; risky=0; unknown=0
2332,12094254,violetorthodontics.com,no,,,0,,no_email_candidate_in_email_query,not_flagged,,,,,,valid=0; invalid=0; risky=0; unknown=0
2333,12096077,ourworldtravel.net.au,yes,,,0,,no_email_candidate_in_email_query,not_flagged,,,,,,valid=0; invalid=0; risky=0; unknown=0
2334,12097748,kanzlei-awp.de,yes,,,0,,no_email_candidate_in_email_query,not_flagged,,,,,,valid=0; invalid=0; risky=0; unknown=0
2335,12104936,rhmarshallministries.com,yes,,,0,,no_email_candidate_in_email_query,not_flagged,,,,,,valid=0; invalid=0; risky=0; unknown=0
2336,12108152,demenagement-international-canada.com,no,,,0,,no_email_candidate_in_email_query,not_flagged,,,,,,valid=0; invalid=0; risky=0; unknown=0
2337,12122253,sofrev.fr,no,,,0,,no_email_candidate_in_email_query,not_flagged,,,,,,valid=0; invalid=0; risky=0; unknown=0
2338,12122520,patrimoineetfiscalite.com,no,,,0,,no_email_candidate_in_email_query,not_flagged,,,,,,valid=0; invalid=0; risky=0; unknown=0
2339,12135917,lgcypower.com,no,,,0,,no_email_candidate_in_email_query,not_flagged,,,,,,valid=0; invalid=0; risky=0; unknown=0
2340,12138886,mailsuite.com,no,,,0,,no_email_candidate_in_email_query,not_flagged,,,,,,valid=0; invalid=0; risky=0; unknown=0
2341,12145733,smallbusinessedge.com,no,,,0,,no_email_candidate_in_email_query,not_flagged,,,,,,valid=0; invalid=0; risky=0; unknown=0
2342,12146343,twincitymonument.com,yes,,,0,,no_email_candidate_in_email_query,not_flagged,,,,,,valid=0; invalid=0; risky=0; unknown=0
2343,12146611,boomerangrms.com,yes,,,0,,no_email_candidate_in_email_query,not_flagged,,,,,,valid=0; invalid=0; risky=0; unknown=0
2344,12149265,group17a.com,yes,,,0,,no_email_candidate_in_email_query,not_flagged,,,,,,valid=0; invalid=0; risky=0; unknown=0
2345,12156154,partystrips24.com,no,,,0,,no_email_candidate_in_email_query,not_flagged,,,,,,valid=0; invalid=0; risky=0; unknown=0
2346,12164547,computervision.news,yes,,,0,,no_email_candidate_in_email_query,not_flagged,,,,,,valid=0; invalid=0; risky=0; unknown=0
2347,12167531,greenmebel63.ru,yes,,,0,,no_email_candidate_in_email_query,not_flagged,,,,,,valid=0; invalid=0; risky=0; unknown=0
2348,12168609,dr-salomon.info,no,,,0,,no_email_candidate_in_email_query,not_flagged,,,,,,valid=0; invalid=0; risky=0; unknown=0
2349,12169933,airkan.be,no,,,0,,no_email_candidate_in_email_query,not_flagged,,,,,,valid=0; invalid=0; risky=0; unknown=0
2350,12175461,gruenderfonds-ruhr.com,yes,,,0,,no_email_candidate_in_email_query,not_flagged,,,,,,valid=0; invalid=0; risky=0; unknown=0
2351,12179370,whitelotus.co,yes,,,0,,no_email_candidate_in_email_query,not_flagged,,,,,,valid=0; invalid=0; risky=0; unknown=0
2352,12187721,guasti.com.br,no,,,0,,no_email_candidate_in_email_query,not_flagged,,,,,,valid=0; invalid=0; risky=0; unknown=0
2353,12188417,newlifeddrc.org,no,,,0,,no_email_candidate_in_email_query,not_flagged,,,,,,valid=0; invalid=0; risky=0; unknown=0
2354,12191171,ilearnfrench.eu,yes,,,0,,no_email_candidate_in_email_query,not_flagged,,,,,,valid=0; invalid=0; risky=0; unknown=0
2355,12197637,camilahofbauer.com.br,yes,,,0,,no_email_candidate_in_email_query,not_flagged,,,,,,valid=0; invalid=0; risky=0; unknown=0
2356,12215697,le-saint-etienne.com,no,,,0,,no_email_candidate_in_email_query,not_flagged,,,,,,valid=0; invalid=0; risky=0; unknown=0
2357,12220485,wittwer-transport.ch,no,,,0,,no_email_candidate_in_email_query,not_flagged,,,,,,valid=0; invalid=0; risky=0; unknown=0
2358,12223151,drducicplasticsurgery.com,no,,,0,,no_email_candidate_in_email_query,not_flagged,,,,,,valid=0; invalid=0; risky=0; unknown=0
2359,12236237,mote.com,no,,,0,,no_email_candidate_in_email_query,not_flagged,,,,,,valid=0; invalid=0; risky=0; unknown=0
2360,12236856,tylerheating.com,no,,,0,,no_email_candidate_in_email_query,not_flagged,,,,,,valid=0; invalid=0; risky=0; unknown=0
2361,12247343,unison.cloud,no,,,0,,no_email_candidate_in_email_query,not_flagged,,,,,,valid=0; invalid=0; risky=0; unknown=0
2362,12252663,searchandselect.com,yes,,,0,,no_email_candidate_in_email_query,not_flagged,,,,,,valid=0; invalid=0; risky=0; unknown=0
2363,12252806,uxpaistanbul.org,yes,,,0,,no_email_candidate_in_email_query,not_flagged,,,,,,valid=0; invalid=0; risky=0; unknown=0
2364,12260974,pahamilah.com,no,,,0,,no_email_candidate_in_email_query,not_flagged,,,,,,valid=0; invalid=0; risky=0; unknown=0
2365,12269487,energy-village.be,no,,,0,,no_email_candidate_in_email_query,not_flagged,,,,,,valid=0; invalid=0; risky=0; unknown=0
2366,12269916,wisewomanwellness.com,yes,,,0,,no_email_candidate_in_email_query,not_flagged,,,,,,valid=0; invalid=0; risky=0; unknown=0
2367,12295909,sholarichards.com,yes,,,0,,no_email_candidate_in_email_query,not_flagged,,,,,,valid=0; invalid=0; risky=0; unknown=0
2368,12297373,trainingslate.com,yes,,,0,,no_email_candidate_in_email_query,not_flagged,,,,,,valid=0; invalid=0; risky=0; unknown=0
2369,12300641,smallbusinessgrowthpartners.com,yes,,,0,,no_email_candidate_in_email_query,not_flagged,,,,,,valid=0; invalid=0; risky=0; unknown=0
2370,12303105,drpawanrajpal.com,yes,,,0,,no_email_candidate_in_email_query,not_flagged,,,,,,valid=0; invalid=0; risky=0; unknown=0
2371,12306890,redeweise.ch,yes,,,0,,no_email_candidate_in_email_query,not_flagged,,,,,,valid=0; invalid=0; risky=0; unknown=0
2372,12307271,biotech-so.fr,yes,,,0,,no_email_candidate_in_email_query,not_flagged,,,,,,valid=0; invalid=0; risky=0; unknown=0
2373,12308200,agenciajaimito.com,yes,,,0,,no_email_candidate_in_email_query,not_flagged,,,,,,valid=0; invalid=0; risky=0; unknown=0
2374,12316127,endeavorhall.org,yes,,,0,,no_email_candidate_in_email_query,not_flagged,,,,,,valid=0; invalid=0; risky=0; unknown=0
2375,12327268,univallelimacallao.com,yes,,,0,,no_email_candidate_in_email_query,not_flagged,,,,,,valid=0; invalid=0; risky=0; unknown=0
2376,12329620,woodville.org.au,no,,,0,,no_email_candidate_in_email_query,not_flagged,,,,,,valid=0; invalid=0; risky=0; unknown=0
2377,12334535,agexpert.ca,no,,,0,,no_email_candidate_in_email_query,not_flagged,,,,,,valid=0; invalid=0; risky=0; unknown=0
2378,12335859,coachingpro.es,yes,,,0,,no_email_candidate_in_email_query,not_flagged,,,,,,valid=0; invalid=0; risky=0; unknown=0
2379,12339171,vestec.no,no,,,0,,no_email_candidate_in_email_query,not_flagged,,,,,,valid=0; invalid=0; risky=0; unknown=0
2380,12341661,paranaempanadas.com,no,,,0,,no_email_candidate_in_email_query,not_flagged,,,,,,valid=0; invalid=0; risky=0; unknown=0
2381,12352054,adentro.com,no,,,0,,no_email_candidate_in_email_query,not_flagged,,,,,,valid=0; invalid=0; risky=0; unknown=0
2382,12353901,829design.com,no,,,0,,no_email_candidate_in_email_query,not_flagged,,,,,,valid=0; invalid=0; risky=0; unknown=0
2383,12357796,wieswies.nl,no,,,0,,no_email_candidate_in_email_query,not_flagged,,,,,,valid=0; invalid=0; risky=0; unknown=0
2384,12358611,sirelo.it,no,,,0,,no_email_candidate_in_email_query,not_flagged,,,,,,valid=0; invalid=0; risky=0; unknown=0
2385,12361164,gcclive.com,yes,,,0,,no_email_candidate_in_email_query,not_flagged,,,,,,valid=0; invalid=0; risky=0; unknown=0
2386,12361661,wamabi.be,yes,,,0,,no_email_candidate_in_email_query,not_flagged,,,,,,valid=0; invalid=0; risky=0; unknown=0
2387,12367029,muze.hr,yes,,,0,,no_email_candidate_in_email_query,not_flagged,,,,,,valid=0; invalid=0; risky=0; unknown=0
2388,12373098,praeq.de,yes,,,0,,no_email_candidate_in_email_query,not_flagged,,,,,,valid=0; invalid=0; risky=0; unknown=0
2389,12374107,allredlodgelodging.com,no,,,0,,no_email_candidate_in_email_query,not_flagged,,,,,,valid=0; invalid=0; risky=0; unknown=0
2390,12374197,fountainoftruth.com,no,,,0,,no_email_candidate_in_email_query,not_flagged,,,,,,valid=0; invalid=0; risky=0; unknown=0
2391,12393047,ambassadorhvac.com,yes,,,0,,no_email_candidate_in_email_query,not_flagged,,,,,,valid=0; invalid=0; risky=0; unknown=0
2392,12398663,bike43.com,no,,,0,,no_email_candidate_in_email_query,not_flagged,,,,,,valid=0; invalid=0; risky=0; unknown=0
2393,12409122,naqada.org,yes,,,0,,no_email_candidate_in_email_query,not_flagged,,,,,,valid=0; invalid=0; risky=0; unknown=0
2394,12418612,julien-clement.com,no,,,0,,no_email_candidate_in_email_query,not_flagged,,,,,,valid=0; invalid=0; risky=0; unknown=0
2395,12423073,deutsche-dogge.at,no,,,0,,no_email_candidate_in_email_query,not_flagged,,,,,,valid=0; invalid=0; risky=0; unknown=0
2396,12428576,lineavitacescar.com,yes,,,0,,no_email_candidate_in_email_query,not_flagged,,,,,,valid=0; invalid=0; risky=0; unknown=0
2397,12429059,it-son.de,no,,,0,,no_email_candidate_in_email_query,not_flagged,,,,,,valid=0; invalid=0; risky=0; unknown=0
2398,12432974,pro-energy-solutions.de,no,,,0,,no_email_candidate_in_email_query,not_flagged,,,,,,valid=0; invalid=0; risky=0; unknown=0
2399,12435716,hardwareagencies.com,no,,,0,,no_email_candidate_in_email_query,not_flagged,,,,,,valid=0; invalid=0; risky=0; unknown=0
2400,12447178,willapabh.org,no,,,0,,no_email_candidate_in_email_query,not_flagged,,,,,,valid=0; invalid=0; risky=0; unknown=0
2401,12449275,platoforms.com,no,,,0,,no_email_candidate_in_email_query,not_flagged,,,,,,valid=0; invalid=0; risky=0; unknown=0
2402,12451951,leoworx.com,yes,,,0,,no_email_candidate_in_email_query,not_flagged,,,,,,valid=0; invalid=0; risky=0; unknown=0
2403,12452628,ongandcompany.com,no,,,0,,no_email_candidate_in_email_query,not_flagged,,,,,,valid=0; invalid=0; risky=0; unknown=0
2404,12461232,heureka-baufinanzierung.de,no,,,0,,no_email_candidate_in_email_query,not_flagged,,,,,,valid=0; invalid=0; risky=0; unknown=0
2405,12466158,fusionairways.com,yes,,,0,,no_email_candidate_in_email_query,not_flagged,,,,,,valid=0; invalid=0; risky=0; unknown=0
2406,12469775,keepinggood.company,yes,,,0,,no_email_candidate_in_email_query,not_flagged,,,,,,valid=0; invalid=0; risky=0; unknown=0
2407,12469850,summitfenceco.com,no,,,0,,no_email_candidate_in_email_query,not_flagged,,,,,,valid=0; invalid=0; risky=0; unknown=0
2408,12471071,greenworkforce.in,no,,,0,,no_email_candidate_in_email_query,not_flagged,,,,,,valid=0; invalid=0; risky=0; unknown=0
2409,12472134,citizennews.co.ke,no,,,0,,no_email_candidate_in_email_query,not_flagged,,,,,,valid=0; invalid=0; risky=0; unknown=0
2410,12473605,malereinkauf.de,no,,,0,,no_email_candidate_in_email_query,not_flagged,,,,,,valid=0; invalid=0; risky=0; unknown=0
2411,12479706,ivoryinn.com,yes,,,0,,no_email_candidate_in_email_query,not_flagged,,,,,,valid=0; invalid=0; risky=0; unknown=0
2412,12487454,edge.community,no,,,0,,no_email_candidate_in_email_query,not_flagged,,,,,,valid=0; invalid=0; risky=0; unknown=0
2413,12492471,switchedonbikes.co.nz,no,,,0,,no_email_candidate_in_email_query,not_flagged,,,,,,valid=0; invalid=0; risky=0; unknown=0
2414,12492491,espacoharas.com.br,yes,,,0,,no_email_candidate_in_email_query,not_flagged,,,,,,valid=0; invalid=0; risky=0; unknown=0
2415,12492510,makingweb.com,no,,,0,,no_email_candidate_in_email_query,not_flagged,,,,,,valid=0; invalid=0; risky=0; unknown=0
2416,12497656,thegraduates.be,yes,,,0,,no_email_candidate_in_email_query,not_flagged,,,,,,valid=0; invalid=0; risky=0; unknown=0
2417,12498289,personalenhancementworkshop.com,no,,,0,,no_email_candidate_in_email_query,not_flagged,,,,,,valid=0; invalid=0; risky=0; unknown=0
2418,12499986,mysmartheart.ch,no,,,0,,no_email_candidate_in_email_query,not_flagged,,,,,,valid=0; invalid=0; risky=0; unknown=0
2419,12500342,fannymoritz.com,yes,,,0,,no_email_candidate_in_email_query,not_flagged,,,,,,valid=0; invalid=0; risky=0; unknown=0
2420,12504263,nayapay.com,no,,,0,,no_email_candidate_in_email_query,not_flagged,,,,,,valid=0; invalid=0; risky=0; unknown=0
2421,12504600,feedthecreek.org,yes,,,0,,no_email_candidate_in_email_query,not_flagged,,,,,,valid=0; invalid=0; risky=0; unknown=0
2422,12517364,esr-design.com,no,,,0,,no_email_candidate_in_email_query,not_flagged,,,,,,valid=0; invalid=0; risky=0; unknown=0
2423,12518641,cirtes.com,no,,,0,,no_email_candidate_in_email_query,not_flagged,,,,,,valid=0; invalid=0; risky=0; unknown=0
2424,12518739,thehubministry.org,yes,,,0,,no_email_candidate_in_email_query,not_flagged,,,,,,valid=0; invalid=0; risky=0; unknown=0
2425,12530021,opus4marketing.com,no,,,0,,no_email_candidate_in_email_query,not_flagged,,,,,,valid=0; invalid=0; risky=0; unknown=0
2426,12533886,beaba.org,yes,,,0,,no_email_candidate_in_email_query,not_flagged,,,,,,valid=0; invalid=0; risky=0; unknown=0
2427,12537266,bonanza.co,yes,,,0,,no_email_candidate_in_email_query,not_flagged,,,,,,valid=0; invalid=0; risky=0; unknown=0
2428,12541110,parsdentalclinic.com,yes,,,0,,no_email_candidate_in_email_query,not_flagged,,,,,,valid=0; invalid=0; risky=0; unknown=0
2429,12557409,andav.com.br,yes,,,0,,no_email_candidate_in_email_query,not_flagged,,,,,,valid=0; invalid=0; risky=0; unknown=0
2430,12563553,soulutionary.com,yes,,,0,,no_email_candidate_in_email_query,not_flagged,,,,,,valid=0; invalid=0; risky=0; unknown=0
2431,12567024,mayaothunvn.com,yes,,,0,,no_email_candidate_in_email_query,not_flagged,,,,,,valid=0; invalid=0; risky=0; unknown=0
2432,12581648,alaskatax.net,yes,,,0,,no_email_candidate_in_email_query,not_flagged,,,,,,valid=0; invalid=0; risky=0; unknown=0
2433,12592075,winemarketing.com,yes,,,0,,no_email_candidate_in_email_query,not_flagged,,,,,,valid=0; invalid=0; risky=0; unknown=0
2434,12599497,marieleberre.com,yes,,,0,,no_email_candidate_in_email_query,not_flagged,,,,,,valid=0; invalid=0; risky=0; unknown=0
2435,12602578,utilityreductionsolutions.net,no,,,0,,no_email_candidate_in_email_query,not_flagged,,,,,,valid=0; invalid=0; risky=0; unknown=0
2436,12604116,abigaileaton.com,no,,,0,,no_email_candidate_in_email_query,not_flagged,,,,,,valid=0; invalid=0; risky=0; unknown=0
2437,12606659,fortestudios.us,yes,,,0,,no_email_candidate_in_email_query,not_flagged,,,,,,valid=0; invalid=0; risky=0; unknown=0
2438,12610149,michaelmcquaidmusic.com,yes,,,0,,no_email_candidate_in_email_query,not_flagged,,,,,,valid=0; invalid=0; risky=0; unknown=0
2439,12614654,ledpaneelkopen.nl,no,,,0,,no_email_candidate_in_email_query,not_flagged,,,,,,valid=0; invalid=0; risky=0; unknown=0
2440,12629222,biotastudios.com,no,,,0,,no_email_candidate_in_email_query,not_flagged,,,,,,valid=0; invalid=0; risky=0; unknown=0
2441,12635163,propertyanalytics.com.au,yes,,,0,,no_email_candidate_in_email_query,not_flagged,,,,,,valid=0; invalid=0; risky=0; unknown=0
2442,12639743,itcarg.com,no,,,0,,no_email_candidate_in_email_query,not_flagged,,,,,,valid=0; invalid=0; risky=0; unknown=0
2443,12656425,hibit.com,yes,,,0,,no_email_candidate_in_email_query,not_flagged,,,,,,valid=0; invalid=0; risky=0; unknown=0
2444,12670928,goudendag.nl,no,,,0,,no_email_candidate_in_email_query,not_flagged,,,,,,valid=0; invalid=0; risky=0; unknown=0
2445,12682007,funneldesigner.biz,no,,,0,,no_email_candidate_in_email_query,not_flagged,,,,,,valid=0; invalid=0; risky=0; unknown=0
2446,12689060,xappido.com,no,,,0,,no_email_candidate_in_email_query,not_flagged,,,,,,valid=0; invalid=0; risky=0; unknown=0
2447,12694247,wmbc.financial,yes,,,0,,no_email_candidate_in_email_query,not_flagged,,,,,,valid=0; invalid=0; risky=0; unknown=0
2448,12695213,auswestfencing.com.au,yes,,,0,,no_email_candidate_in_email_query,not_flagged,,,,,,valid=0; invalid=0; risky=0; unknown=0
2449,12697720,spielraum.ch,no,,,0,,no_email_candidate_in_email_query,not_flagged,,,,,,valid=0; invalid=0; risky=0; unknown=0
2450,12730363,adesign.studio,yes,,,0,,no_email_candidate_in_email_query,not_flagged,,,,,,valid=0; invalid=0; risky=0; unknown=0
2451,12739579,hummeli.ch,yes,,,0,,no_email_candidate_in_email_query,not_flagged,,,,,,valid=0; invalid=0; risky=0; unknown=0
2452,12746900,newmark.de,no,,,0,,no_email_candidate_in_email_query,not_flagged,,,,,,valid=0; invalid=0; risky=0; unknown=0
2453,12747023,rainbow-quote.tumblr.com,yes,,,0,,no_email_candidate_in_email_query,not_flagged,,,,,,valid=0; invalid=0; risky=0; unknown=0
2454,12747947,sa-jobs.com,no,,,0,,no_email_candidate_in_email_query,not_flagged,,,,,,valid=0; invalid=0; risky=0; unknown=0
2455,12750931,ouest-debarras.com,yes,,,0,,no_email_candidate_in_email_query,not_flagged,,,,,,valid=0; invalid=0; risky=0; unknown=0
2456,12765981,tecnair.com,no,,,0,,no_email_candidate_in_email_query,not_flagged,,,,,,valid=0; invalid=0; risky=0; unknown=0
2457,12765987,mikodigital.com,yes,,,0,,no_email_candidate_in_email_query,not_flagged,,,,,,valid=0; invalid=0; risky=0; unknown=0
2458,12774592,atikpatel.com,no,,,0,,no_email_candidate_in_email_query,not_flagged,,,,,,valid=0; invalid=0; risky=0; unknown=0
2459,12779481,drsoilfield.com,no,,,0,,no_email_candidate_in_email_query,not_flagged,,,,,,valid=0; invalid=0; risky=0; unknown=0
2460,12781424,flordelavandabrihuega.com,yes,,,0,,no_email_candidate_in_email_query,not_flagged,,,,,,valid=0; invalid=0; risky=0; unknown=0
2461,12786534,spellsbyseba.com,no,,,0,,no_email_candidate_in_email_query,not_flagged,,,,,,valid=0; invalid=0; risky=0; unknown=0
2462,12809508,litdigitalmedia.com,yes,,,0,,no_email_candidate_in_email_query,not_flagged,,,,,,valid=0; invalid=0; risky=0; unknown=0
2463,12827399,teacherselfcare.org,yes,,,0,,no_email_candidate_in_email_query,not_flagged,,,,,,valid=0; invalid=0; risky=0; unknown=0
2464,12833425,giesenergy.com,yes,,,0,,no_email_candidate_in_email_query,not_flagged,,,,,,valid=0; invalid=0; risky=0; unknown=0
2465,12841231,southcitychristianchurch.org,no,,,0,,no_email_candidate_in_email_query,not_flagged,,,,,,valid=0; invalid=0; risky=0; unknown=0
2466,12843747,draggon.org,yes,,,0,,no_email_candidate_in_email_query,not_flagged,,,,,,valid=0; invalid=0; risky=0; unknown=0
2467,12844775,chambresdhotes-saorge.fr,yes,,,0,,no_email_candidate_in_email_query,not_flagged,,,,,,valid=0; invalid=0; risky=0; unknown=0
2468,12859640,fahrradshop24.com,no,,,0,,no_email_candidate_in_email_query,not_flagged,,,,,,valid=0; invalid=0; risky=0; unknown=0
2469,12865413,islanddocs.com,yes,,,0,,no_email_candidate_in_email_query,not_flagged,,,,,,valid=0; invalid=0; risky=0; unknown=0
2470,12866161,artfuly.com,yes,,,0,,no_email_candidate_in_email_query,not_flagged,,,,,,valid=0; invalid=0; risky=0; unknown=0
2471,12874410,benzaidi.com,yes,,,0,,no_email_candidate_in_email_query,not_flagged,,,,,,valid=0; invalid=0; risky=0; unknown=0
2472,12875425,tarform.com,yes,,,0,,no_email_candidate_in_email_query,not_flagged,,,,,,valid=0; invalid=0; risky=0; unknown=0
2473,12884536,platten-wolf.de,yes,,,0,,no_email_candidate_in_email_query,not_flagged,,,,,,valid=0; invalid=0; risky=0; unknown=0
2474,12887534,leedsmoneyman.com,no,,,0,,no_email_candidate_in_email_query,not_flagged,,,,,,valid=0; invalid=0; risky=0; unknown=0
2475,12904210,s-honest.com,no,,,0,,no_email_candidate_in_email_query,not_flagged,,,,,,valid=0; invalid=0; risky=0; unknown=0
2476,12909067,mikeyavorsky.com,yes,,,0,,no_email_candidate_in_email_query,not_flagged,,,,,,valid=0; invalid=0; risky=0; unknown=0
2477,12911103,tsc96.ru,no,,,0,,no_email_candidate_in_email_query,not_flagged,,,,,,valid=0; invalid=0; risky=0; unknown=0
2478,12913709,movingfellows-eugene.com,no,,,0,,no_email_candidate_in_email_query,not_flagged,,,,,,valid=0; invalid=0; risky=0; unknown=0
2479,12922390,redesignupholstery.com,yes,,,0,,no_email_candidate_in_email_query,not_flagged,,,,,,valid=0; invalid=0; risky=0; unknown=0
2480,12933010,cheapfloodinsurance.com,no,,,0,,no_email_candidate_in_email_query,not_flagged,,,,,,valid=0; invalid=0; risky=0; unknown=0
2481,12933848,catering-fresh.com,no,,,0,,no_email_candidate_in_email_query,not_flagged,,,,,,valid=0; invalid=0; risky=0; unknown=0
2482,12934453,soparkids.org,yes,,,0,,no_email_candidate_in_email_query,not_flagged,,,,,,valid=0; invalid=0; risky=0; unknown=0
2483,12935684,thestoryboardmethod.com,no,,,0,,no_email_candidate_in_email_query,not_flagged,,,,,,valid=0; invalid=0; risky=0; unknown=0
2484,12940273,gegenarmut.ch,no,,,0,,no_email_candidate_in_email_query,not_flagged,,,,,,valid=0; invalid=0; risky=0; unknown=0
2485,12940379,luk-etechnikgmbh.de,no,,,0,,no_email_candidate_in_email_query,not_flagged,,,,,,valid=0; invalid=0; risky=0; unknown=0
2486,12945105,tamtidelam.ca,yes,,,0,,no_email_candidate_in_email_query,not_flagged,,,,,,valid=0; invalid=0; risky=0; unknown=0
2487,12956053,challenge-pro.com,no,,,0,,no_email_candidate_in_email_query,not_flagged,,,,,,valid=0; invalid=0; risky=0; unknown=0
2488,12958546,hmseguros.com.br,yes,,,0,,no_email_candidate_in_email_query,not_flagged,,,,,,valid=0; invalid=0; risky=0; unknown=0
2489,12958675,ateliertb.com,yes,,,0,,no_email_candidate_in_email_query,not_flagged,,,,,,valid=0; invalid=0; risky=0; unknown=0
2490,12960342,alamjiwa.com,no,,,0,,no_email_candidate_in_email_query,not_flagged,,,,,,valid=0; invalid=0; risky=0; unknown=0
2491,12961354,sucobagaco.com.br,yes,,,0,,no_email_candidate_in_email_query,not_flagged,,,,,,valid=0; invalid=0; risky=0; unknown=0
2492,12962023,foundeduk.com,yes,,,0,,no_email_candidate_in_email_query,not_flagged,,,,,,valid=0; invalid=0; risky=0; unknown=0
2493,12991999,orrdugulas.hu,no,,,0,,no_email_candidate_in_email_query,not_flagged,,,,,,valid=0; invalid=0; risky=0; unknown=0
2494,12992288,vibrantspaces.com,no,,,0,,no_email_candidate_in_email_query,not_flagged,,,,,,valid=0; invalid=0; risky=0; unknown=0
2495,12993488,kaitlynvu.com,yes,,,0,,no_email_candidate_in_email_query,not_flagged,,,,,,valid=0; invalid=0; risky=0; unknown=0
2496,12998966,kirodesign.it,no,,,0,,no_email_candidate_in_email_query,not_flagged,,,,,,valid=0; invalid=0; risky=0; unknown=0
2497,13003055,tack180.com,yes,,,0,,no_email_candidate_in_email_query,not_flagged,,,,,,valid=0; invalid=0; risky=0; unknown=0
2498,13004888,marketing4ecps.com,yes,,,0,,no_email_candidate_in_email_query,not_flagged,,,,,,valid=0; invalid=0; risky=0; unknown=0
2499,13004896,scaleup.de,no,,,0,,no_email_candidate_in_email_query,not_flagged,,,,,,valid=0; invalid=0; risky=0; unknown=0
2500,13005407,yourawakening.org,yes,,,0,,no_email_candidate_in_email_query,not_flagged,,,,,,valid=0; invalid=0; risky=0; unknown=0
2501,13008481,shinatax.com,no,,,0,,no_email_candidate_in_email_query,not_flagged,,,,,,valid=0; invalid=0; risky=0; unknown=0
2502,13010151,coachmehappy.fr,no,,,0,,no_email_candidate_in_email_query,not_flagged,,,,,,valid=0; invalid=0; risky=0; unknown=0
2503,13012050,digipluggen.nl,yes,,,0,,no_email_candidate_in_email_query,not_flagged,,,,,,valid=0; invalid=0; risky=0; unknown=0
2504,13024989,parkergroup.us,yes,,,0,,no_email_candidate_in_email_query,not_flagged,,,,,,valid=0; invalid=0; risky=0; unknown=0
2505,13026169,nottinghammoneyman.com,no,,,0,,no_email_candidate_in_email_query,not_flagged,,,,,,valid=0; invalid=0; risky=0; unknown=0
2506,13026421,baytours.co.nz,yes,,,0,,no_email_candidate_in_email_query,not_flagged,,,,,,valid=0; invalid=0; risky=0; unknown=0
2507,13029708,cardonet.biz,no,,,0,,no_email_candidate_in_email_query,not_flagged,,,,,,valid=0; invalid=0; risky=0; unknown=0
2508,13031225,tworzeniestron.pl,no,,,0,,no_email_candidate_in_email_query,not_flagged,,,,,,valid=0; invalid=0; risky=0; unknown=0
2509,13032735,nicolekbenjamin.com,no,,,0,,no_email_candidate_in_email_query,not_flagged,,,,,,valid=0; invalid=0; risky=0; unknown=0
2510,13037975,drtytus.com,yes,,,0,,no_email_candidate_in_email_query,not_flagged,,,,,,valid=0; invalid=0; risky=0; unknown=0
2511,13042954,gwcentres.com,yes,,,0,,no_email_candidate_in_email_query,not_flagged,,,,,,valid=0; invalid=0; risky=0; unknown=0
2512,13046075,ensemble1job.fr,yes,,,0,,no_email_candidate_in_email_query,not_flagged,,,,,,valid=0; invalid=0; risky=0; unknown=0
2513,13047313,opruimingsdienst.be,no,,,0,,no_email_candidate_in_email_query,not_flagged,,,,,,valid=0; invalid=0; risky=0; unknown=0
2514,13056425,mabiblio.be,yes,,,0,,no_email_candidate_in_email_query,not_flagged,,,,,,valid=0; invalid=0; risky=0; unknown=0
2515,13058779,callaiscapital.com,no,,,0,,no_email_candidate_in_email_query,not_flagged,,,,,,valid=0; invalid=0; risky=0; unknown=0
2516,13058899,jackels-bau.de,no,,,0,,no_email_candidate_in_email_query,not_flagged,,,,,,valid=0; invalid=0; risky=0; unknown=0
2517,13059962,thexlife.org,no,,,0,,no_email_candidate_in_email_query,not_flagged,,,,,,valid=0; invalid=0; risky=0; unknown=0
2518,13064495,cash2collect.nl,yes,,,0,,no_email_candidate_in_email_query,not_flagged,,,,,,valid=0; invalid=0; risky=0; unknown=0
2519,13066912,injoy-ratingen.de,no,,,0,,no_email_candidate_in_email_query,not_flagged,,,,,,valid=0; invalid=0; risky=0; unknown=0
2520,13069155,miador.hu,yes,,,0,,no_email_candidate_in_email_query,not_flagged,,,,,,valid=0; invalid=0; risky=0; unknown=0
2521,13069218,fraiche-marketing.fr,yes,,,0,,no_email_candidate_in_email_query,not_flagged,,,,,,valid=0; invalid=0; risky=0; unknown=0
2522,13074595,hsanz.org.au,no,,,0,,no_email_candidate_in_email_query,not_flagged,,,,,,valid=0; invalid=0; risky=0; unknown=0
2523,13076865,ohioexplosionallstars.com,no,,,0,,no_email_candidate_in_email_query,not_flagged,,,,,,valid=0; invalid=0; risky=0; unknown=0
2524,13090714,vivo.be,no,,,0,,no_email_candidate_in_email_query,not_flagged,,,,,,valid=0; invalid=0; risky=0; unknown=0
2525,13094694,jaypryorcoaching.com,yes,,,0,,no_email_candidate_in_email_query,not_flagged,,,,,,valid=0; invalid=0; risky=0; unknown=0
2526,13096225,faustball.at,no,,,0,,no_email_candidate_in_email_query,not_flagged,,,,,,valid=0; invalid=0; risky=0; unknown=0
2527,13101790,businessbankaccounthero.com,yes,,,0,,no_email_candidate_in_email_query,not_flagged,,,,,,valid=0; invalid=0; risky=0; unknown=0
2528,13104184,karlsfiskogskalldyr.no,no,,,0,,no_email_candidate_in_email_query,not_flagged,,,,,,valid=0; invalid=0; risky=0; unknown=0
2529,13117652,golsecurity.com,no,,,0,,no_email_candidate_in_email_query,not_flagged,,,,,,valid=0; invalid=0; risky=0; unknown=0
2530,13133624,marclesser.net,no,,,0,,no_email_candidate_in_email_query,not_flagged,,,,,,valid=0; invalid=0; risky=0; unknown=0
2531,13140394,adeershipping.com,yes,,,0,,no_email_candidate_in_email_query,not_flagged,,,,,,valid=0; invalid=0; risky=0; unknown=0
2532,13141837,drfricke.de,yes,,,0,,no_email_candidate_in_email_query,not_flagged,,,,,,valid=0; invalid=0; risky=0; unknown=0
2533,13146647,carton-musique.fr,no,,,0,,no_email_candidate_in_email_query,not_flagged,,,,,,valid=0; invalid=0; risky=0; unknown=0
2534,13149133,defro.cz,no,,,0,,no_email_candidate_in_email_query,not_flagged,,,,,,valid=0; invalid=0; risky=0; unknown=0
2535,13149458,aspi-nc.com,no,,,0,,no_email_candidate_in_email_query,not_flagged,,,,,,valid=0; invalid=0; risky=0; unknown=0
2536,13155413,jtlcdltraining.com,no,,,0,,no_email_candidate_in_email_query,not_flagged,,,,,,valid=0; invalid=0; risky=0; unknown=0
2537,13155584,creationtotem.com,yes,,,0,,no_email_candidate_in_email_query,not_flagged,,,,,,valid=0; invalid=0; risky=0; unknown=0
2538,13160745,bigliettomachupicchu.com,no,,,0,,no_email_candidate_in_email_query,not_flagged,,,,,,valid=0; invalid=0; risky=0; unknown=0
2539,13161107,aeroport.de,no,,,0,,no_email_candidate_in_email_query,not_flagged,,,,,,valid=0; invalid=0; risky=0; unknown=0
2540,13163545,gigglebang.com,no,,,0,,no_email_candidate_in_email_query,not_flagged,,,,,,valid=0; invalid=0; risky=0; unknown=0
2541,13170685,4tfg.com,yes,,,0,,no_email_candidate_in_email_query,not_flagged,,,,,,valid=0; invalid=0; risky=0; unknown=0
2542,13171027,hoopla-marketing.com,yes,,,0,,no_email_candidate_in_email_query,not_flagged,,,,,,valid=0; invalid=0; risky=0; unknown=0
2543,13175717,retropub.com.br,no,,,0,,no_email_candidate_in_email_query,not_flagged,,,,,,valid=0; invalid=0; risky=0; unknown=0
2544,13196788,nancynd.com,no,,,0,,no_email_candidate_in_email_query,not_flagged,,,,,,valid=0; invalid=0; risky=0; unknown=0
2545,13198530,cecconi.com,no,,,0,,no_email_candidate_in_email_query,not_flagged,,,,,,valid=0; invalid=0; risky=0; unknown=0
2546,13199350,zjedzkanapke.net,no,,,0,,no_email_candidate_in_email_query,not_flagged,,,,,,valid=0; invalid=0; risky=0; unknown=0
2547,13202296,bsllc.biz,no,,,0,,no_email_candidate_in_email_query,not_flagged,,,,,,valid=0; invalid=0; risky=0; unknown=0
2548,13203188,vesnahrsto.com,yes,,,0,,no_email_candidate_in_email_query,not_flagged,,,,,,valid=0; invalid=0; risky=0; unknown=0
2549,13213091,aspenfuels.com,no,,,0,,no_email_candidate_in_email_query,not_flagged,,,,,,valid=0; invalid=0; risky=0; unknown=0
2550,13214252,simax.sk,yes,,,0,,no_email_candidate_in_email_query,not_flagged,,,,,,valid=0; invalid=0; risky=0; unknown=0
2551,13238626,purplefieldproductions.org,yes,,,0,,no_email_candidate_in_email_query,not_flagged,,,,,,valid=0; invalid=0; risky=0; unknown=0
2552,13240623,episensor.com,no,,,0,,no_email_candidate_in_email_query,not_flagged,,,,,,valid=0; invalid=0; risky=0; unknown=0
2553,13242030,heide-events.de,yes,,,0,,no_email_candidate_in_email_query,not_flagged,,,,,,valid=0; invalid=0; risky=0; unknown=0
2554,13246070,webphase.net,no,,,0,,no_email_candidate_in_email_query,not_flagged,,,,,,valid=0; invalid=0; risky=0; unknown=0
2555,13249330,ksl-koeln.de,yes,,,0,,no_email_candidate_in_email_query,not_flagged,,,,,,valid=0; invalid=0; risky=0; unknown=0
2556,13253486,cinestic.fr,no,,,0,,no_email_candidate_in_email_query,not_flagged,,,,,,valid=0; invalid=0; risky=0; unknown=0
2557,13254064,cedris.nl,no,,,0,,no_email_candidate_in_email_query,not_flagged,,,,,,valid=0; invalid=0; risky=0; unknown=0
2558,13255608,flextrainingclub.com,no,,,0,,no_email_candidate_in_email_query,not_flagged,,,,,,valid=0; invalid=0; risky=0; unknown=0
2559,13256495,ceo-positions.com,yes,,,0,,no_email_candidate_in_email_query,not_flagged,,,,,,valid=0; invalid=0; risky=0; unknown=0
2560,13260815,captureandrapture.com.au,no,,,0,,no_email_candidate_in_email_query,not_flagged,,,,,,valid=0; invalid=0; risky=0; unknown=0
2561,13262673,beverleyfestivalofchristmas.co.uk,no,,,0,,no_email_candidate_in_email_query,not_flagged,,,,,,valid=0; invalid=0; risky=0; unknown=0
2562,13267830,jayahindsciaky.com,yes,,,0,,no_email_candidate_in_email_query,not_flagged,,,,,,valid=0; invalid=0; risky=0; unknown=0
2563,13295668,iheartsleep.com,yes,,,0,,no_email_candidate_in_email_query,not_flagged,,,,,,valid=0; invalid=0; risky=0; unknown=0
2564,13301116,meta-formation.com,yes,,,0,,no_email_candidate_in_email_query,not_flagged,,,,,,valid=0; invalid=0; risky=0; unknown=0
2565,13309011,vita.co.za,no,,,0,,no_email_candidate_in_email_query,not_flagged,,,,,,valid=0; invalid=0; risky=0; unknown=0
2566,13313576,homedecorgroup.com,no,,,0,,no_email_candidate_in_email_query,not_flagged,,,,,,valid=0; invalid=0; risky=0; unknown=0
2567,13319542,arcnet.com,yes,,,0,,no_email_candidate_in_email_query,not_flagged,,,,,,valid=0; invalid=0; risky=0; unknown=0
2568,13320162,onebirdmocking.com,yes,,,0,,no_email_candidate_in_email_query,not_flagged,,,,,,valid=0; invalid=0; risky=0; unknown=0
2569,13324099,tlsanmartin.com,yes,,,0,,no_email_candidate_in_email_query,not_flagged,,,,,,valid=0; invalid=0; risky=0; unknown=0
2570,13326614,tefipro.com,no,,,0,,no_email_candidate_in_email_query,not_flagged,,,,,,valid=0; invalid=0; risky=0; unknown=0
2571,13326748,retailmavens.com,yes,,,0,,no_email_candidate_in_email_query,not_flagged,,,,,,valid=0; invalid=0; risky=0; unknown=0
2572,13330076,auteb.de,yes,,,0,,no_email_candidate_in_email_query,not_flagged,,,,,,valid=0; invalid=0; risky=0; unknown=0
2573,13333418,fitnesspunkt-kerken.de,no,,,0,,no_email_candidate_in_email_query,not_flagged,,,,,,valid=0; invalid=0; risky=0; unknown=0
2574,13338474,cc-hiro.co.jp,no,,,0,,no_email_candidate_in_email_query,not_flagged,,,,,,valid=0; invalid=0; risky=0; unknown=0
2575,13343140,a-reality.org,yes,,,0,,no_email_candidate_in_email_query,not_flagged,,,,,,valid=0; invalid=0; risky=0; unknown=0
2576,13354077,thecrosspointchurch.org,no,,,0,,no_email_candidate_in_email_query,not_flagged,,,,,,valid=0; invalid=0; risky=0; unknown=0
2577,13355062,jrmercantile.com,yes,,,0,,no_email_candidate_in_email_query,not_flagged,,,,,,valid=0; invalid=0; risky=0; unknown=0
2578,13358538,coastalgaragedoors.com.au,yes,,,0,,no_email_candidate_in_email_query,not_flagged,,,,,,valid=0; invalid=0; risky=0; unknown=0
2579,13362311,dervishconsulting.com,yes,,,0,,no_email_candidate_in_email_query,not_flagged,,,,,,valid=0; invalid=0; risky=0; unknown=0
2580,13366300,tamirane.com,yes,,,0,,no_email_candidate_in_email_query,not_flagged,,,,,,valid=0; invalid=0; risky=0; unknown=0
2581,13367205,yuna.at,yes,,,0,,no_email_candidate_in_email_query,not_flagged,,,,,,valid=0; invalid=0; risky=0; unknown=0
2582,13374679,flexfoodapp.com,yes,,,0,,no_email_candidate_in_email_query,not_flagged,,,,,,valid=0; invalid=0; risky=0; unknown=0
2583,13383939,esprityachting.com,no,,,0,,no_email_candidate_in_email_query,not_flagged,,,,,,valid=0; invalid=0; risky=0; unknown=0
2584,13387808,sayesmentoring.org,yes,,,0,,no_email_candidate_in_email_query,not_flagged,,,,,,valid=0; invalid=0; risky=0; unknown=0
2585,13392155,thujakongen.no,no,,,0,,no_email_candidate_in_email_query,not_flagged,,,,,,valid=0; invalid=0; risky=0; unknown=0
2586,13402744,yteach.com,yes,,,0,,no_email_candidate_in_email_query,not_flagged,,,,,,valid=0; invalid=0; risky=0; unknown=0
2587,13403210,azpaintsupply.com,no,,,0,,no_email_candidate_in_email_query,not_flagged,,,,,,valid=0; invalid=0; risky=0; unknown=0
2588,13406627,emailancer.com,yes,,,0,,no_email_candidate_in_email_query,not_flagged,,,,,,valid=0; invalid=0; risky=0; unknown=0
2589,13408873,danoqualls.com,no,,,0,,no_email_candidate_in_email_query,not_flagged,,,,,,valid=0; invalid=0; risky=0; unknown=0
2590,13411891,baseballupa.com,yes,,,0,,no_email_candidate_in_email_query,not_flagged,,,,,,valid=0; invalid=0; risky=0; unknown=0
2591,13415649,mactutor.net,yes,,,0,,no_email_candidate_in_email_query,not_flagged,,,,,,valid=0; invalid=0; risky=0; unknown=0
2592,13420325,simlabit.com,yes,,,0,,no_email_candidate_in_email_query,not_flagged,,,,,,valid=0; invalid=0; risky=0; unknown=0
2593,13421847,blagolubie.ru,no,,,0,,no_email_candidate_in_email_query,not_flagged,,,,,,valid=0; invalid=0; risky=0; unknown=0
2594,13425279,fmiequipment.com,yes,,,0,,no_email_candidate_in_email_query,not_flagged,,,,,,valid=0; invalid=0; risky=0; unknown=0
2595,13427442,overlandshoes.com,yes,,,0,,no_email_candidate_in_email_query,not_flagged,,,,,,valid=0; invalid=0; risky=0; unknown=0
2596,13430383,adondemedia.com,yes,,,0,,no_email_candidate_in_email_query,not_flagged,,,,,,valid=0; invalid=0; risky=0; unknown=0
2597,13430902,yapouni.com,yes,,,0,,no_email_candidate_in_email_query,not_flagged,,,,,,valid=0; invalid=0; risky=0; unknown=0
2598,13430930,janinethorp.com,yes,,,0,,no_email_candidate_in_email_query,not_flagged,,,,,,valid=0; invalid=0; risky=0; unknown=0
2599,13435453,bronceadoexpress.com,yes,,,0,,no_email_candidate_in_email_query,not_flagged,,,,,,valid=0; invalid=0; risky=0; unknown=0
2600,13441026,tring.jp,no,,,0,,no_email_candidate_in_email_query,not_flagged,,,,,,valid=0; invalid=0; risky=0; unknown=0
2601,13451426,rctrl.org,no,,,0,,no_email_candidate_in_email_query,not_flagged,,,,,,valid=0; invalid=0; risky=0; unknown=0
2602,13454238,websitefactories.com,no,,,0,,no_email_candidate_in_email_query,not_flagged,,,,,,valid=0; invalid=0; risky=0; unknown=0
2603,13456991,monexusa.com,no,,,0,,no_email_candidate_in_email_query,not_flagged,,,,,,valid=0; invalid=0; risky=0; unknown=0
2604,13462612,hilltopboston.com,no,,,0,,no_email_candidate_in_email_query,not_flagged,,,,,,valid=0; invalid=0; risky=0; unknown=0
2605,13465392,bo-i-t.de,yes,,,0,,no_email_candidate_in_email_query,not_flagged,,,,,,valid=0; invalid=0; risky=0; unknown=0
2606,13472646,roadmoto.com,yes,,,0,,no_email_candidate_in_email_query,not_flagged,,,,,,valid=0; invalid=0; risky=0; unknown=0
2607,13480327,wizkidayo.com,yes,,,0,,no_email_candidate_in_email_query,not_flagged,,,,,,valid=0; invalid=0; risky=0; unknown=0
2608,13483193,jukira.fi,no,,,0,,no_email_candidate_in_email_query,not_flagged,,,,,,valid=0; invalid=0; risky=0; unknown=0
2609,13483487,parisrentalsbyruben.com,yes,,,0,,no_email_candidate_in_email_query,not_flagged,,,,,,valid=0; invalid=0; risky=0; unknown=0
2610,13489218,jessicaboston.com,no,,,0,,no_email_candidate_in_email_query,not_flagged,,,,,,valid=0; invalid=0; risky=0; unknown=0
2611,13497626,lamorenacantina.com,no,,,0,,no_email_candidate_in_email_query,not_flagged,,,,,,valid=0; invalid=0; risky=0; unknown=0
2612,13498061,racingpedalboxes.com,no,,,0,,no_email_candidate_in_email_query,not_flagged,,,,,,valid=0; invalid=0; risky=0; unknown=0
2613,13504335,adpunto.mx,yes,,,0,,no_email_candidate_in_email_query,not_flagged,,,,,,valid=0; invalid=0; risky=0; unknown=0
2614,13516212,sandiegocannabisfarmersmarket.com,yes,,,0,,no_email_candidate_in_email_query,not_flagged,,,,,,valid=0; invalid=0; risky=0; unknown=0
2615,13526156,freestylemagician.com,no,,,0,,no_email_candidate_in_email_query,not_flagged,,,,,,valid=0; invalid=0; risky=0; unknown=0
2616,13535089,rightworks.com,no,,,0,,no_email_candidate_in_email_query,not_flagged,,,,,,valid=0; invalid=0; risky=0; unknown=0
2617,13541993,clonaghherds.com,no,,,0,,no_email_candidate_in_email_query,not_flagged,,,,,,valid=0; invalid=0; risky=0; unknown=0
2618,13550786,eigenbouw.nl,yes,,,0,,no_email_candidate_in_email_query,not_flagged,,,,,,valid=0; invalid=0; risky=0; unknown=0
2619,13555320,sueciacarmetepec.com,no,,,0,,no_email_candidate_in_email_query,not_flagged,,,,,,valid=0; invalid=0; risky=0; unknown=0
2620,13555519,my-renault.fr,no,,,0,,no_email_candidate_in_email_query,not_flagged,,,,,,valid=0; invalid=0; risky=0; unknown=0
2621,13558665,energielinq.nl,no,,,0,,no_email_candidate_in_email_query,not_flagged,,,,,,valid=0; invalid=0; risky=0; unknown=0
2622,13563454,christkindlmarkt-freistadt.at,no,,,0,,no_email_candidate_in_email_query,not_flagged,,,,,,valid=0; invalid=0; risky=0; unknown=0
2623,13564379,telfordsaccountants.com,yes,,,0,,no_email_candidate_in_email_query,not_flagged,,,,,,valid=0; invalid=0; risky=0; unknown=0
2624,13565122,gracefairoaks.com,yes,,,0,,no_email_candidate_in_email_query,not_flagged,,,,,,valid=0; invalid=0; risky=0; unknown=0
2625,13565567,lighthouselink.com,yes,,,0,,no_email_candidate_in_email_query,not_flagged,,,,,,valid=0; invalid=0; risky=0; unknown=0
2626,13594220,dexconnect.org,yes,,,0,,no_email_candidate_in_email_query,not_flagged,,,,,,valid=0; invalid=0; risky=0; unknown=0
2627,13595304,durangofamilylaw.com,yes,,,0,,no_email_candidate_in_email_query,not_flagged,,,,,,valid=0; invalid=0; risky=0; unknown=0
2628,13596242,2score.cz,yes,,,0,,no_email_candidate_in_email_query,not_flagged,,,,,,valid=0; invalid=0; risky=0; unknown=0
2629,13598120,hhstorage.com,yes,,,0,,no_email_candidate_in_email_query,not_flagged,,,,,,valid=0; invalid=0; risky=0; unknown=0
2630,13601500,jennifermusselman.com,yes,,,0,,no_email_candidate_in_email_query,not_flagged,,,,,,valid=0; invalid=0; risky=0; unknown=0
2631,13609402,arlinelyons.com,yes,,,0,,no_email_candidate_in_email_query,not_flagged,,,,,,valid=0; invalid=0; risky=0; unknown=0
2632,13610093,eigen-arts.de,no,,,0,,no_email_candidate_in_email_query,not_flagged,,,,,,valid=0; invalid=0; risky=0; unknown=0
2633,13618546,styrelsemassan.se,yes,,,0,,no_email_candidate_in_email_query,not_flagged,,,,,,valid=0; invalid=0; risky=0; unknown=0
2634,13624529,engineeressentials.com,yes,,,0,,no_email_candidate_in_email_query,not_flagged,,,,,,valid=0; invalid=0; risky=0; unknown=0
2635,13627426,eblackdog.com,yes,,,0,,no_email_candidate_in_email_query,not_flagged,,,,,,valid=0; invalid=0; risky=0; unknown=0
2636,13629621,sr-indonesia.org,no,,,0,,no_email_candidate_in_email_query,not_flagged,,,,,,valid=0; invalid=0; risky=0; unknown=0
2637,13635401,ferrueloyvelasco.com,no,,,0,,no_email_candidate_in_email_query,not_flagged,,,,,,valid=0; invalid=0; risky=0; unknown=0
2638,13645715,leeperconstruction.com,yes,,,0,,no_email_candidate_in_email_query,not_flagged,,,,,,valid=0; invalid=0; risky=0; unknown=0
2639,13645760,conquistar.com.br,no,,,0,,no_email_candidate_in_email_query,not_flagged,,,,,,valid=0; invalid=0; risky=0; unknown=0
2640,13650983,globalgateinc.in,yes,,,0,,no_email_candidate_in_email_query,not_flagged,,,,,,valid=0; invalid=0; risky=0; unknown=0
2641,13653567,mooitheagency.com,yes,,,0,,no_email_candidate_in_email_query,not_flagged,,,,,,valid=0; invalid=0; risky=0; unknown=0
2642,13656952,centreculturelbombardier.com,yes,,,0,,no_email_candidate_in_email_query,not_flagged,,,,,,valid=0; invalid=0; risky=0; unknown=0
2643,13662235,sferalegal.com,yes,,,0,,no_email_candidate_in_email_query,not_flagged,,,,,,valid=0; invalid=0; risky=0; unknown=0
2644,13664839,communitysalarypackaging.com.au,yes,,,0,,no_email_candidate_in_email_query,not_flagged,,,,,,valid=0; invalid=0; risky=0; unknown=0
2645,13672513,helpinghuman.org,yes,,,0,,no_email_candidate_in_email_query,not_flagged,,,,,,valid=0; invalid=0; risky=0; unknown=0
2646,13674127,dsystemed.fr,no,,,0,,no_email_candidate_in_email_query,not_flagged,,,,,,valid=0; invalid=0; risky=0; unknown=0
2647,13684519,countrypaint.com,no,,,0,,no_email_candidate_in_email_query,not_flagged,,,,,,valid=0; invalid=0; risky=0; unknown=0
2648,13697121,theilercajas.com.ar,no,,,0,,no_email_candidate_in_email_query,not_flagged,,,,,,valid=0; invalid=0; risky=0; unknown=0
2649,13697481,mindfulcounselingutah.com,yes,,,0,,no_email_candidate_in_email_query,not_flagged,,,,,,valid=0; invalid=0; risky=0; unknown=0
2650,13698828,swarm.gd,no,,,0,,no_email_candidate_in_email_query,not_flagged,,,,,,valid=0; invalid=0; risky=0; unknown=0
2651,13701725,diy-qdro.com,yes,,,0,,no_email_candidate_in_email_query,not_flagged,,,,,,valid=0; invalid=0; risky=0; unknown=0
2652,13707070,martinmonuments.com,no,,,0,,no_email_candidate_in_email_query,not_flagged,,,,,,valid=0; invalid=0; risky=0; unknown=0
2653,13717737,lolahairstudio.com,yes,,,0,,no_email_candidate_in_email_query,not_flagged,,,,,,valid=0; invalid=0; risky=0; unknown=0
2654,13721326,fcsmonmouth.org,yes,,,0,,no_email_candidate_in_email_query,not_flagged,,,,,,valid=0; invalid=0; risky=0; unknown=0
2655,13724468,resolutionathens.com,yes,,,0,,no_email_candidate_in_email_query,not_flagged,,,,,,valid=0; invalid=0; risky=0; unknown=0
2656,13727557,trainandfood.com,yes,,,0,,no_email_candidate_in_email_query,not_flagged,,,,,,valid=0; invalid=0; risky=0; unknown=0
2657,13734602,akiamarketing.ca,no,,,0,,no_email_candidate_in_email_query,not_flagged,,,,,,valid=0; invalid=0; risky=0; unknown=0
2658,13738924,westevens.com,no,,,0,,no_email_candidate_in_email_query,not_flagged,,,,,,valid=0; invalid=0; risky=0; unknown=0
2659,13747455,gbm.com,yes,,,0,,no_email_candidate_in_email_query,not_flagged,,,,,,valid=0; invalid=0; risky=0; unknown=0
2660,13749490,eckismarketing.com,yes,,,0,,no_email_candidate_in_email_query,not_flagged,,,,,,valid=0; invalid=0; risky=0; unknown=0
2661,13760764,photogenic.ie,yes,,,0,,no_email_candidate_in_email_query,not_flagged,,,,,,valid=0; invalid=0; risky=0; unknown=0
2662,13776050,africult.net,yes,,,0,,no_email_candidate_in_email_query,not_flagged,,,,,,valid=0; invalid=0; risky=0; unknown=0
2663,13776128,mosstrend.com,yes,,,0,,no_email_candidate_in_email_query,not_flagged,,,,,,valid=0; invalid=0; risky=0; unknown=0
2664,13783753,thomasangusranch.com,yes,,,0,,no_email_candidate_in_email_query,not_flagged,,,,,,valid=0; invalid=0; risky=0; unknown=0
2665,13784410,cityindustrial.com,no,,,0,,no_email_candidate_in_email_query,not_flagged,,,,,,valid=0; invalid=0; risky=0; unknown=0
2666,13787746,wiegaertner.com,no,,,0,,no_email_candidate_in_email_query,not_flagged,,,,,,valid=0; invalid=0; risky=0; unknown=0
2667,13795615,vdblaw.com,no,,,0,,no_email_candidate_in_email_query,not_flagged,,,,,,valid=0; invalid=0; risky=0; unknown=0
2668,13796049,dpanell.com,yes,,,0,,no_email_candidate_in_email_query,not_flagged,,,,,,valid=0; invalid=0; risky=0; unknown=0
2669,13796746,villa-vie.com,yes,,,0,,no_email_candidate_in_email_query,not_flagged,,,,,,valid=0; invalid=0; risky=0; unknown=0
2670,13801497,vicio.com,yes,,,0,,no_email_candidate_in_email_query,not_flagged,,,,,,valid=0; invalid=0; risky=0; unknown=0
2671,13806097,membershipaccelerator.com,yes,,,0,,no_email_candidate_in_email_query,not_flagged,,,,,,valid=0; invalid=0; risky=0; unknown=0
2672,13808925,bigboysadventures.com,no,,,0,,no_email_candidate_in_email_query,not_flagged,,,,,,valid=0; invalid=0; risky=0; unknown=0
2673,13810087,gatewaydentistry.ca,yes,,,0,,no_email_candidate_in_email_query,not_flagged,,,,,,valid=0; invalid=0; risky=0; unknown=0
2674,13813808,brightcreatives.nl,no,,,0,,no_email_candidate_in_email_query,not_flagged,,,,,,valid=0; invalid=0; risky=0; unknown=0
2675,13833549,eideldev.com,no,,,0,,no_email_candidate_in_email_query,not_flagged,,,,,,valid=0; invalid=0; risky=0; unknown=0
2676,13851335,khaled.in,no,,,0,,no_email_candidate_in_email_query,not_flagged,,,,,,valid=0; invalid=0; risky=0; unknown=0
2677,13855533,dak-ontmossen.be,no,,,0,,no_email_candidate_in_email_query,not_flagged,,,,,,valid=0; invalid=0; risky=0; unknown=0
2678,13865331,tradi-face.com,no,,,0,,no_email_candidate_in_email_query,not_flagged,,,,,,valid=0; invalid=0; risky=0; unknown=0
2679,13868632,middleton.org,no,,,0,,no_email_candidate_in_email_query,not_flagged,,,,,,valid=0; invalid=0; risky=0; unknown=0
2680,13883303,absoluta.nl,yes,,,0,,no_email_candidate_in_email_query,not_flagged,,,,,,valid=0; invalid=0; risky=0; unknown=0
2681,13885321,salesperson.com,yes,,,0,,no_email_candidate_in_email_query,not_flagged,,,,,,valid=0; invalid=0; risky=0; unknown=0
2682,13889507,mavenaccess.com,yes,,,0,,no_email_candidate_in_email_query,not_flagged,,,,,,valid=0; invalid=0; risky=0; unknown=0
2683,13896001,cerebroglobal.com,no,,,0,,no_email_candidate_in_email_query,not_flagged,,,,,,valid=0; invalid=0; risky=0; unknown=0
2684,13909262,magus-me.com,yes,,,0,,no_email_candidate_in_email_query,not_flagged,,,,,,valid=0; invalid=0; risky=0; unknown=0
2685,13910257,mont-terri.ch,no,,,0,,no_email_candidate_in_email_query,not_flagged,,,,,,valid=0; invalid=0; risky=0; unknown=0
2686,13915465,geometre-paris.com,yes,,,0,,no_email_candidate_in_email_query,not_flagged,,,,,,valid=0; invalid=0; risky=0; unknown=0
2687,13917082,pixs.be,no,,,0,,no_email_candidate_in_email_query,not_flagged,,,,,,valid=0; invalid=0; risky=0; unknown=0
2688,13928250,smartpaddock.com,no,,,0,,no_email_candidate_in_email_query,not_flagged,,,,,,valid=0; invalid=0; risky=0; unknown=0
2689,13929317,kubotec.net,no,,,0,,no_email_candidate_in_email_query,not_flagged,,,,,,valid=0; invalid=0; risky=0; unknown=0
2690,13930855,kontrast-medien.de,yes,,,0,,no_email_candidate_in_email_query,not_flagged,,,,,,valid=0; invalid=0; risky=0; unknown=0
2691,13940897,hellohome.com.au,no,,,0,,no_email_candidate_in_email_query,not_flagged,,,,,,valid=0; invalid=0; risky=0; unknown=0
2692,13945587,hotelambasciata.com,no,,,0,,no_email_candidate_in_email_query,not_flagged,,,,,,valid=0; invalid=0; risky=0; unknown=0
2693,13953628,museuemporda.org,yes,,,0,,no_email_candidate_in_email_query,not_flagged,,,,,,valid=0; invalid=0; risky=0; unknown=0
2694,13957692,rileygardnermemorial.com,no,,,0,,no_email_candidate_in_email_query,not_flagged,,,,,,valid=0; invalid=0; risky=0; unknown=0
2695,13958500,envisioneye.ca,yes,,,0,,no_email_candidate_in_email_query,not_flagged,,,,,,valid=0; invalid=0; risky=0; unknown=0
2696,13965133,msbos.org,no,,,0,,no_email_candidate_in_email_query,not_flagged,,,,,,valid=0; invalid=0; risky=0; unknown=0
2697,13965401,sylber.fr,no,,,0,,no_email_candidate_in_email_query,not_flagged,,,,,,valid=0; invalid=0; risky=0; unknown=0
2698,13968304,sehatusleep.com,no,,,0,,no_email_candidate_in_email_query,not_flagged,,,,,,valid=0; invalid=0; risky=0; unknown=0
2699,13971546,connectionshomes.org,yes,,,0,,no_email_candidate_in_email_query,not_flagged,,,,,,valid=0; invalid=0; risky=0; unknown=0
2700,13973748,yezzer.nl,no,,,0,,no_email_candidate_in_email_query,not_flagged,,,,,,valid=0; invalid=0; risky=0; unknown=0
2701,13977850,123develop.com,no,,,0,,no_email_candidate_in_email_query,not_flagged,,,,,,valid=0; invalid=0; risky=0; unknown=0
2702,13988532,quickcreditrepair.org,yes,,,0,,no_email_candidate_in_email_query,not_flagged,,,,,,valid=0; invalid=0; risky=0; unknown=0
2703,13991633,ksmlaser.com,yes,,,0,,no_email_candidate_in_email_query,not_flagged,,,,,,valid=0; invalid=0; risky=0; unknown=0
2704,13991853,yberc.sk,yes,,,0,,no_email_candidate_in_email_query,not_flagged,,,,,,valid=0; invalid=0; risky=0; unknown=0
2705,13995109,mettec.net,no,,,0,,no_email_candidate_in_email_query,not_flagged,,,,,,valid=0; invalid=0; risky=0; unknown=0
2706,14001353,laudi.com,yes,,,0,,no_email_candidate_in_email_query,not_flagged,,,,,,valid=0; invalid=0; risky=0; unknown=0
2707,14007213,weightlossdynasty.com,no,,,0,,no_email_candidate_in_email_query,not_flagged,,,,,,valid=0; invalid=0; risky=0; unknown=0
2708,14010864,travelsee.org,yes,,,0,,no_email_candidate_in_email_query,not_flagged,,,,,,valid=0; invalid=0; risky=0; unknown=0
2709,14019440,campnca.org,yes,,,0,,no_email_candidate_in_email_query,not_flagged,,,,,,valid=0; invalid=0; risky=0; unknown=0
2710,14025335,tariq.tv,yes,,,0,,no_email_candidate_in_email_query,not_flagged,,,,,,valid=0; invalid=0; risky=0; unknown=0
2711,14035127,vanwertbedrooms.com,yes,,,0,,no_email_candidate_in_email_query,not_flagged,,,,,,valid=0; invalid=0; risky=0; unknown=0
2712,14076422,physio-dos-santos.de,no,,,0,,no_email_candidate_in_email_query,not_flagged,,,,,,valid=0; invalid=0; risky=0; unknown=0
2713,14081245,dualsun.com,no,,,0,,no_email_candidate_in_email_query,not_flagged,,,,,,valid=0; invalid=0; risky=0; unknown=0
2714,14081520,fefol.com.au,no,,,0,,no_email_candidate_in_email_query,not_flagged,,,,,,valid=0; invalid=0; risky=0; unknown=0
2715,14093667,brunoaregger.com,yes,,,0,,no_email_candidate_in_email_query,not_flagged,,,,,,valid=0; invalid=0; risky=0; unknown=0
2716,14094904,edgehillvp.com,no,,,0,,no_email_candidate_in_email_query,not_flagged,,,,,,valid=0; invalid=0; risky=0; unknown=0
2717,14097517,supadventures.it,no,,,0,,no_email_candidate_in_email_query,not_flagged,,,,,,valid=0; invalid=0; risky=0; unknown=0
2718,14098838,asokim.com,yes,,,0,,no_email_candidate_in_email_query,not_flagged,,,,,,valid=0; invalid=0; risky=0; unknown=0
2719,14099307,hightowerroofing.com,yes,,,0,,no_email_candidate_in_email_query,not_flagged,,,,,,valid=0; invalid=0; risky=0; unknown=0
2720,14100892,keylinehomecare.com,yes,,,0,,no_email_candidate_in_email_query,not_flagged,,,,,,valid=0; invalid=0; risky=0; unknown=0
2721,14109953,kk-aihome.co.jp,no,,,0,,no_email_candidate_in_email_query,not_flagged,,,,,,valid=0; invalid=0; risky=0; unknown=0
2722,14123030,graphisterie.ch,yes,,,0,,no_email_candidate_in_email_query,not_flagged,,,,,,valid=0; invalid=0; risky=0; unknown=0
2723,14128263,asitseams.com,yes,,,0,,no_email_candidate_in_email_query,not_flagged,,,,,,valid=0; invalid=0; risky=0; unknown=0
2724,14133624,cliffcannonmd.com,no,,,0,,no_email_candidate_in_email_query,not_flagged,,,,,,valid=0; invalid=0; risky=0; unknown=0
2725,14138075,udsrub.ru,yes,,,0,,no_email_candidate_in_email_query,not_flagged,,,,,,valid=0; invalid=0; risky=0; unknown=0
2726,14140216,dejesusdental.com,yes,,,0,,no_email_candidate_in_email_query,not_flagged,,,,,,valid=0; invalid=0; risky=0; unknown=0
2727,14147015,bellarosaboudoir.com,no,,,0,,no_email_candidate_in_email_query,not_flagged,,,,,,valid=0; invalid=0; risky=0; unknown=0
2728,14150757,vdhrr.com,no,,,0,,no_email_candidate_in_email_query,not_flagged,,,,,,valid=0; invalid=0; risky=0; unknown=0
2729,14151169,thinkforbl.com,no,,,0,,no_email_candidate_in_email_query,not_flagged,,,,,,valid=0; invalid=0; risky=0; unknown=0
2730,14155341,texmes.com,no,,,0,,no_email_candidate_in_email_query,not_flagged,,,,,,valid=0; invalid=0; risky=0; unknown=0
2731,14157817,coaccm.org,yes,,,0,,no_email_candidate_in_email_query,not_flagged,,,,,,valid=0; invalid=0; risky=0; unknown=0
2732,14169515,aspaymmadrid.org,no,,,0,,no_email_candidate_in_email_query,not_flagged,,,,,,valid=0; invalid=0; risky=0; unknown=0
2733,14178799,loreamartinez.com,yes,,,0,,no_email_candidate_in_email_query,not_flagged,,,,,,valid=0; invalid=0; risky=0; unknown=0
2734,14180887,landscapesa.com.au,no,,,0,,no_email_candidate_in_email_query,not_flagged,,,,,,valid=0; invalid=0; risky=0; unknown=0
2735,14184445,patriotrs.com,no,,,0,,no_email_candidate_in_email_query,not_flagged,,,,,,valid=0; invalid=0; risky=0; unknown=0
2736,14196401,conexpet.com,yes,,,0,,no_email_candidate_in_email_query,not_flagged,,,,,,valid=0; invalid=0; risky=0; unknown=0
2737,14201880,twofour24.com,yes,,,0,,no_email_candidate_in_email_query,not_flagged,,,,,,valid=0; invalid=0; risky=0; unknown=0
2738,14207985,reinholdyabo.de,yes,,,0,,no_email_candidate_in_email_query,not_flagged,,,,,,valid=0; invalid=0; risky=0; unknown=0
2739,14214546,foodback.com,no,,,0,,no_email_candidate_in_email_query,not_flagged,,,,,,valid=0; invalid=0; risky=0; unknown=0
2740,14221355,styrfalt.com,yes,,,0,,no_email_candidate_in_email_query,not_flagged,,,,,,valid=0; invalid=0; risky=0; unknown=0
2741,14231175,amplitudehr.com,yes,,,0,,no_email_candidate_in_email_query,not_flagged,,,,,,valid=0; invalid=0; risky=0; unknown=0
2742,14232182,bij-gebouwen.be,no,,,0,,no_email_candidate_in_email_query,not_flagged,,,,,,valid=0; invalid=0; risky=0; unknown=0
2743,14235103,itgenerator.pl,no,,,0,,no_email_candidate_in_email_query,not_flagged,,,,,,valid=0; invalid=0; risky=0; unknown=0
2744,14240851,taurus1908.com,yes,,,0,,no_email_candidate_in_email_query,not_flagged,,,,,,valid=0; invalid=0; risky=0; unknown=0
2745,14245984,altiuslearning.com,no,,,0,,no_email_candidate_in_email_query,not_flagged,,,,,,valid=0; invalid=0; risky=0; unknown=0
2746,14252153,universalclean.de,yes,,,0,,no_email_candidate_in_email_query,not_flagged,,,,,,valid=0; invalid=0; risky=0; unknown=0
2747,14257542,yourwellnessbrand.com,yes,,,0,,no_email_candidate_in_email_query,not_flagged,,,,,,valid=0; invalid=0; risky=0; unknown=0
2748,14266087,diezelfitness.com,no,,,0,,no_email_candidate_in_email_query,not_flagged,,,,,,valid=0; invalid=0; risky=0; unknown=0
2749,14267130,enamour.com,no,,,0,,no_email_candidate_in_email_query,not_flagged,,,,,,valid=0; invalid=0; risky=0; unknown=0
2750,14272866,athertonfiber.com,yes,,,0,,no_email_candidate_in_email_query,not_flagged,,,,,,valid=0; invalid=0; risky=0; unknown=0
2751,14272883,churchboom.org,yes,,,0,,no_email_candidate_in_email_query,not_flagged,,,,,,valid=0; invalid=0; risky=0; unknown=0
2752,14275929,internetmadeinbcn.org,no,,,0,,no_email_candidate_in_email_query,not_flagged,,,,,,valid=0; invalid=0; risky=0; unknown=0
2753,14277086,pasadenadentalgroup.com,no,,,0,,no_email_candidate_in_email_query,not_flagged,,,,,,valid=0; invalid=0; risky=0; unknown=0
2754,14280305,celebrationhardware.com,no,,,0,,no_email_candidate_in_email_query,not_flagged,,,,,,valid=0; invalid=0; risky=0; unknown=0
2755,14286153,moringanaturalhealth.com,no,,,0,,no_email_candidate_in_email_query,not_flagged,,,,,,valid=0; invalid=0; risky=0; unknown=0
2756,14299176,werthanor.ch,no,,,0,,no_email_candidate_in_email_query,not_flagged,,,,,,valid=0; invalid=0; risky=0; unknown=0
2757,14299421,campofchampions.org,no,,,0,,no_email_candidate_in_email_query,not_flagged,,,,,,valid=0; invalid=0; risky=0; unknown=0
2758,14305705,lifeatfirelakecamp.com,no,,,0,,no_email_candidate_in_email_query,not_flagged,,,,,,valid=0; invalid=0; risky=0; unknown=0
2759,14311836,aquidem.fr,yes,,,0,,no_email_candidate_in_email_query,not_flagged,,,,,,valid=0; invalid=0; risky=0; unknown=0
2760,14317243,nellodangelo.com,yes,,,0,,no_email_candidate_in_email_query,not_flagged,,,,,,valid=0; invalid=0; risky=0; unknown=0
2761,14317752,encuentradentista.com,yes,,,0,,no_email_candidate_in_email_query,not_flagged,,,,,,valid=0; invalid=0; risky=0; unknown=0
2762,14327461,derekabel.com,no,,,0,,no_email_candidate_in_email_query,not_flagged,,,,,,valid=0; invalid=0; risky=0; unknown=0
2763,14330928,katytrost.com,yes,,,0,,no_email_candidate_in_email_query,not_flagged,,,,,,valid=0; invalid=0; risky=0; unknown=0
2764,14335336,fabioepaola.it,no,,,0,,no_email_candidate_in_email_query,not_flagged,,,,,,valid=0; invalid=0; risky=0; unknown=0
2765,14338705,firstbaptistleesburg.org,no,,,0,,no_email_candidate_in_email_query,not_flagged,,,,,,valid=0; invalid=0; risky=0; unknown=0
2766,14340697,aliciamayzrealty.com,yes,,,0,,no_email_candidate_in_email_query,not_flagged,,,,,,valid=0; invalid=0; risky=0; unknown=0
2767,14347252,rteng.com,yes,,,0,,no_email_candidate_in_email_query,not_flagged,,,,,,valid=0; invalid=0; risky=0; unknown=0
2768,14349190,automobilfunk.at,no,,,0,,no_email_candidate_in_email_query,not_flagged,,,,,,valid=0; invalid=0; risky=0; unknown=0
2769,14349661,flystraightline.com,no,,,0,,no_email_candidate_in_email_query,not_flagged,,,,,,valid=0; invalid=0; risky=0; unknown=0
2770,14351866,rosroca.es,no,,,0,,no_email_candidate_in_email_query,not_flagged,,,,,,valid=0; invalid=0; risky=0; unknown=0
2771,14362048,seamlessauto.com,yes,,,0,,no_email_candidate_in_email_query,not_flagged,,,,,,valid=0; invalid=0; risky=0; unknown=0
2772,14364547,nemomediagroup.com,no,,,0,,no_email_candidate_in_email_query,not_flagged,,,,,,valid=0; invalid=0; risky=0; unknown=0
2773,14379190,summery.nl,no,,,0,,no_email_candidate_in_email_query,not_flagged,,,,,,valid=0; invalid=0; risky=0; unknown=0
2774,14380318,estructurasdmj.com,no,,,0,,no_email_candidate_in_email_query,not_flagged,,,,,,valid=0; invalid=0; risky=0; unknown=0
2775,14380683,opositiv.com,no,,,0,,no_email_candidate_in_email_query,not_flagged,,,,,,valid=0; invalid=0; risky=0; unknown=0
2776,14396440,videofilters.info,yes,,,0,,no_email_candidate_in_email_query,not_flagged,,,,,,valid=0; invalid=0; risky=0; unknown=0
2777,14402868,deckcentre.com,yes,,,0,,no_email_candidate_in_email_query,not_flagged,,,,,,valid=0; invalid=0; risky=0; unknown=0
2778,14417567,increase.design,no,,,0,,no_email_candidate_in_email_query,not_flagged,,,,,,valid=0; invalid=0; risky=0; unknown=0
2779,14425001,hiupapp.com,no,,,0,,no_email_candidate_in_email_query,not_flagged,,,,,,valid=0; invalid=0; risky=0; unknown=0
2780,14432602,onlineprecision.nl,no,,,0,,no_email_candidate_in_email_query,not_flagged,,,,,,valid=0; invalid=0; risky=0; unknown=0
2781,14434291,edge.lk,yes,,,0,,no_email_candidate_in_email_query,not_flagged,,,,,,valid=0; invalid=0; risky=0; unknown=0
2782,14437310,konsequenz.ch,no,,,0,,no_email_candidate_in_email_query,not_flagged,,,,,,valid=0; invalid=0; risky=0; unknown=0
2783,14454309,optimale.com.br,no,,,0,,no_email_candidate_in_email_query,not_flagged,,,,,,valid=0; invalid=0; risky=0; unknown=0
2784,14463418,fabiopetrone.it,yes,,,0,,no_email_candidate_in_email_query,not_flagged,,,,,,valid=0; invalid=0; risky=0; unknown=0
2785,14470369,zoostock.com,no,,,0,,no_email_candidate_in_email_query,not_flagged,,,,,,valid=0; invalid=0; risky=0; unknown=0
2786,14476050,kc.church,no,,,0,,no_email_candidate_in_email_query,not_flagged,,,,,,valid=0; invalid=0; risky=0; unknown=0
2787,14502784,gambonisa.ch,no,,,0,,no_email_candidate_in_email_query,not_flagged,,,,,,valid=0; invalid=0; risky=0; unknown=0
2788,14505151,cinemaouvert.fr,yes,,,0,,no_email_candidate_in_email_query,not_flagged,,,,,,valid=0; invalid=0; risky=0; unknown=0
2789,14506354,wilshireprecision.com,no,,,0,,no_email_candidate_in_email_query,not_flagged,,,,,,valid=0; invalid=0; risky=0; unknown=0
2790,14528210,aktivtledarskap.se,yes,,,0,,no_email_candidate_in_email_query,not_flagged,,,,,,valid=0; invalid=0; risky=0; unknown=0
2791,14529411,beaverfallscdc.org,yes,,,0,,no_email_candidate_in_email_query,not_flagged,,,,,,valid=0; invalid=0; risky=0; unknown=0
2792,14529720,nnyman.com,no,,,0,,no_email_candidate_in_email_query,not_flagged,,,,,,valid=0; invalid=0; risky=0; unknown=0
2793,14535199,massagechampions.com,yes,,,0,,no_email_candidate_in_email_query,not_flagged,,,,,,valid=0; invalid=0; risky=0; unknown=0
2794,14539251,coachingrightnow.com,yes,,,0,,no_email_candidate_in_email_query,not_flagged,,,,,,valid=0; invalid=0; risky=0; unknown=0
2795,14539991,ceasoft.com.ve,no,,,0,,no_email_candidate_in_email_query,not_flagged,,,,,,valid=0; invalid=0; risky=0; unknown=0
2796,14542479,populusgroup.cl,yes,,,0,,no_email_candidate_in_email_query,not_flagged,,,,,,valid=0; invalid=0; risky=0; unknown=0
2797,14545917,coworkbuzz.com,yes,,,0,,no_email_candidate_in_email_query,not_flagged,,,,,,valid=0; invalid=0; risky=0; unknown=0
2798,14550603,texroofing.com,no,,,0,,no_email_candidate_in_email_query,not_flagged,,,,,,valid=0; invalid=0; risky=0; unknown=0
2799,14554429,yaleseguridad.com,yes,,,0,,no_email_candidate_in_email_query,not_flagged,,,,,,valid=0; invalid=0; risky=0; unknown=0
2800,14555481,tintoapp.com,yes,,,0,,no_email_candidate_in_email_query,not_flagged,,,,,,valid=0; invalid=0; risky=0; unknown=0
2801,14557734,developher.com,yes,,,0,,no_email_candidate_in_email_query,not_flagged,,,,,,valid=0; invalid=0; risky=0; unknown=0
2802,14570032,jesus.lu,no,,,0,,no_email_candidate_in_email_query,not_flagged,,,,,,valid=0; invalid=0; risky=0; unknown=0
2803,14572285,thatsjerk.com,no,,,0,,no_email_candidate_in_email_query,not_flagged,,,,,,valid=0; invalid=0; risky=0; unknown=0
2804,14588658,m3aarchplans.com,yes,,,0,,no_email_candidate_in_email_query,not_flagged,,,,,,valid=0; invalid=0; risky=0; unknown=0
2805,14588680,tani-you.com,no,,,0,,no_email_candidate_in_email_query,not_flagged,,,,,,valid=0; invalid=0; risky=0; unknown=0
2806,14596614,soft-touch.org.uk,yes,,,0,,no_email_candidate_in_email_query,not_flagged,,,,,,valid=0; invalid=0; risky=0; unknown=0
2807,14601308,roelto.com,yes,,,0,,no_email_candidate_in_email_query,not_flagged,,,,,,valid=0; invalid=0; risky=0; unknown=0
2808,14613294,eolwellness.com,yes,,,0,,no_email_candidate_in_email_query,not_flagged,,,,,,valid=0; invalid=0; risky=0; unknown=0
2809,14631163,gestido.fr,yes,,,0,,no_email_candidate_in_email_query,not_flagged,,,,,,valid=0; invalid=0; risky=0; unknown=0
2810,14632388,inundata.org,yes,,,0,,no_email_candidate_in_email_query,not_flagged,,,,,,valid=0; invalid=0; risky=0; unknown=0
2811,14634388,aujardindedgar.fr,no,,,0,,no_email_candidate_in_email_query,not_flagged,,,,,,valid=0; invalid=0; risky=0; unknown=0
2812,14637935,camdenenglish.es,yes,,,0,,no_email_candidate_in_email_query,not_flagged,,,,,,valid=0; invalid=0; risky=0; unknown=0
2813,14647963,studiolezilum.com,no,,,0,,no_email_candidate_in_email_query,not_flagged,,,,,,valid=0; invalid=0; risky=0; unknown=0
2814,14650615,mac-gebraucht.de,yes,,,0,,no_email_candidate_in_email_query,not_flagged,,,,,,valid=0; invalid=0; risky=0; unknown=0
2815,14659262,nishikubo-ho.com,no,,,0,,no_email_candidate_in_email_query,not_flagged,,,,,,valid=0; invalid=0; risky=0; unknown=0
2816,14668163,transrad.be,no,,,0,,no_email_candidate_in_email_query,not_flagged,,,,,,valid=0; invalid=0; risky=0; unknown=0
2817,14672932,raais.co,no,,,0,,no_email_candidate_in_email_query,not_flagged,,,,,,valid=0; invalid=0; risky=0; unknown=0
2818,14685584,hadikuntoro.com,no,,,0,,no_email_candidate_in_email_query,not_flagged,,,,,,valid=0; invalid=0; risky=0; unknown=0
2819,14691059,eastbayanxiety.com,no,,,0,,no_email_candidate_in_email_query,not_flagged,,,,,,valid=0; invalid=0; risky=0; unknown=0
2820,14693395,allegiancehvac.com,no,,,0,,no_email_candidate_in_email_query,not_flagged,,,,,,valid=0; invalid=0; risky=0; unknown=0
2821,14702094,sasakiganka.com,no,,,0,,no_email_candidate_in_email_query,not_flagged,,,,,,valid=0; invalid=0; risky=0; unknown=0
2822,14711641,layerjs.org,yes,,,0,,no_email_candidate_in_email_query,not_flagged,,,,,,valid=0; invalid=0; risky=0; unknown=0
2823,14712076,onepbjj.com,no,,,0,,no_email_candidate_in_email_query,not_flagged,,,,,,valid=0; invalid=0; risky=0; unknown=0
2824,14712174,esmeeting.es,no,,,0,,no_email_candidate_in_email_query,not_flagged,,,,,,valid=0; invalid=0; risky=0; unknown=0
2825,14712626,admirari.de,no,,,0,,no_email_candidate_in_email_query,not_flagged,,,,,,valid=0; invalid=0; risky=0; unknown=0
2826,14714610,brandiellensportfishing.com,no,,,0,,no_email_candidate_in_email_query,not_flagged,,,,,,valid=0; invalid=0; risky=0; unknown=0
2827,14718491,whvets.org,yes,,,0,,no_email_candidate_in_email_query,not_flagged,,,,,,valid=0; invalid=0; risky=0; unknown=0
2828,14726892,memria.org,yes,,,0,,no_email_candidate_in_email_query,not_flagged,,,,,,valid=0; invalid=0; risky=0; unknown=0
2829,14730631,vitalis.nl,no,,,0,,no_email_candidate_in_email_query,not_flagged,,,,,,valid=0; invalid=0; risky=0; unknown=0
2830,14734388,rcgroup.de,no,,,0,,no_email_candidate_in_email_query,not_flagged,,,,,,valid=0; invalid=0; risky=0; unknown=0
2831,14738209,cybersmith.com,yes,,,0,,no_email_candidate_in_email_query,not_flagged,,,,,,valid=0; invalid=0; risky=0; unknown=0
2832,14742670,wpworkshops.de,no,,,0,,no_email_candidate_in_email_query,not_flagged,,,,,,valid=0; invalid=0; risky=0; unknown=0
2833,14756210,wasp3d.es,yes,,,0,,no_email_candidate_in_email_query,not_flagged,,,,,,valid=0; invalid=0; risky=0; unknown=0
2834,14756416,healthysuffolk.org.uk,yes,,,0,,no_email_candidate_in_email_query,not_flagged,,,,,,valid=0; invalid=0; risky=0; unknown=0
2835,14756611,hungarolingua.hu,no,,,0,,no_email_candidate_in_email_query,not_flagged,,,,,,valid=0; invalid=0; risky=0; unknown=0
2836,14760499,drakespaint.com,no,,,0,,no_email_candidate_in_email_query,not_flagged,,,,,,valid=0; invalid=0; risky=0; unknown=0
2837,14761517,satvikindia.com,yes,,,0,,no_email_candidate_in_email_query,not_flagged,,,,,,valid=0; invalid=0; risky=0; unknown=0
2838,14764115,relawapc.com,yes,,,0,,no_email_candidate_in_email_query,not_flagged,,,,,,valid=0; invalid=0; risky=0; unknown=0
2839,14765934,wellix.at,no,,,0,,no_email_candidate_in_email_query,not_flagged,,,,,,valid=0; invalid=0; risky=0; unknown=0
2840,14772270,gebloggt.ch,no,,,0,,no_email_candidate_in_email_query,not_flagged,,,,,,valid=0; invalid=0; risky=0; unknown=0
2841,14787991,kanzlei-wangler.de,yes,,,0,,no_email_candidate_in_email_query,not_flagged,,,,,,valid=0; invalid=0; risky=0; unknown=0
2842,14792665,ambersakai.com,yes,,,0,,no_email_candidate_in_email_query,not_flagged,,,,,,valid=0; invalid=0; risky=0; unknown=0
2843,14797225,southsidemonument.com,no,,,0,,no_email_candidate_in_email_query,not_flagged,,,,,,valid=0; invalid=0; risky=0; unknown=0
2844,14798755,agence-awam.fr,no,,,0,,no_email_candidate_in_email_query,not_flagged,,,,,,valid=0; invalid=0; risky=0; unknown=0
2845,14805727,patricioconsentido.org,no,,,0,,no_email_candidate_in_email_query,not_flagged,,,,,,valid=0; invalid=0; risky=0; unknown=0
2846,14807301,gevelreinigingen.be,no,,,0,,no_email_candidate_in_email_query,not_flagged,,,,,,valid=0; invalid=0; risky=0; unknown=0
2847,14813381,houseofthelordchurch.com,no,,,0,,no_email_candidate_in_email_query,not_flagged,,,,,,valid=0; invalid=0; risky=0; unknown=0
2848,14822198,integratedmobilemarketing.com,yes,,,0,,no_email_candidate_in_email_query,not_flagged,,,,,,valid=0; invalid=0; risky=0; unknown=0
2849,14825206,salesfunnelcanvas.com,no,,,0,,no_email_candidate_in_email_query,not_flagged,,,,,,valid=0; invalid=0; risky=0; unknown=0
2850,14830743,smartifymy.biz,no,,,0,,no_email_candidate_in_email_query,not_flagged,,,,,,valid=0; invalid=0; risky=0; unknown=0
2851,14835215,sklokali.sk,no,,,0,,no_email_candidate_in_email_query,not_flagged,,,,,,valid=0; invalid=0; risky=0; unknown=0
2852,14839663,bungu-matsusho.com,no,,,0,,no_email_candidate_in_email_query,not_flagged,,,,,,valid=0; invalid=0; risky=0; unknown=0
2853,14842308,winedecoder.com,yes,,,0,,no_email_candidate_in_email_query,not_flagged,,,,,,valid=0; invalid=0; risky=0; unknown=0
2854,14848784,lesbaignoires.be,yes,,,0,,no_email_candidate_in_email_query,not_flagged,,,,,,valid=0; invalid=0; risky=0; unknown=0
2855,14849920,paalit.com,yes,,,0,,no_email_candidate_in_email_query,not_flagged,,,,,,valid=0; invalid=0; risky=0; unknown=0
2856,14851362,jerseymutual.com,no,,,0,,no_email_candidate_in_email_query,not_flagged,,,,,,valid=0; invalid=0; risky=0; unknown=0
2857,14852274,truthcircles.com,yes,,,0,,no_email_candidate_in_email_query,not_flagged,,,,,,valid=0; invalid=0; risky=0; unknown=0
2858,14858972,miraasriningtyas.com,no,,,0,,no_email_candidate_in_email_query,not_flagged,,,,,,valid=0; invalid=0; risky=0; unknown=0
2859,14866601,funziona.es,no,,,0,,no_email_candidate_in_email_query,not_flagged,,,,,,valid=0; invalid=0; risky=0; unknown=0
2860,14879760,officinarr.it,no,,,0,,no_email_candidate_in_email_query,not_flagged,,,,,,valid=0; invalid=0; risky=0; unknown=0
2861,14885282,womenteachmen.com,yes,,,0,,no_email_candidate_in_email_query,not_flagged,,,,,,valid=0; invalid=0; risky=0; unknown=0
2862,14894130,boersing-pohl.de,yes,,,0,,no_email_candidate_in_email_query,not_flagged,,,,,,valid=0; invalid=0; risky=0; unknown=0
2863,14895279,travelingrings.org,yes,,,0,,no_email_candidate_in_email_query,not_flagged,,,,,,valid=0; invalid=0; risky=0; unknown=0
2864,14904032,brunckhorst-catering.de,no,,,0,,no_email_candidate_in_email_query,not_flagged,,,,,,valid=0; invalid=0; risky=0; unknown=0
2865,14910694,valuemanager.at,yes,,,0,,no_email_candidate_in_email_query,not_flagged,,,,,,valid=0; invalid=0; risky=0; unknown=0
2866,14913566,timhard.com,yes,,,0,,no_email_candidate_in_email_query,not_flagged,,,,,,valid=0; invalid=0; risky=0; unknown=0
2867,14917043,oss.gr,no,,,0,,no_email_candidate_in_email_query,not_flagged,,,,,,valid=0; invalid=0; risky=0; unknown=0
2868,14919451,hundreisen.de,no,,,0,,no_email_candidate_in_email_query,not_flagged,,,,,,valid=0; invalid=0; risky=0; unknown=0
2869,14923242,wasser-brv.de,no,,,0,,no_email_candidate_in_email_query,not_flagged,,,,,,valid=0; invalid=0; risky=0; unknown=0
2870,14925457,scottsvalleygym.com,no,,,0,,no_email_candidate_in_email_query,not_flagged,,,,,,valid=0; invalid=0; risky=0; unknown=0
2871,14928090,ariellahhealing.com,yes,,,0,,no_email_candidate_in_email_query,not_flagged,,,,,,valid=0; invalid=0; risky=0; unknown=0
2872,14930833,jemini.com,no,,,0,,no_email_candidate_in_email_query,not_flagged,,,,,,valid=0; invalid=0; risky=0; unknown=0
2873,14931015,dianaeskander.com,yes,,,0,,no_email_candidate_in_email_query,not_flagged,,,,,,valid=0; invalid=0; risky=0; unknown=0
2874,14943028,beamanlibrary.org,no,,,0,,no_email_candidate_in_email_query,not_flagged,,,,,,valid=0; invalid=0; risky=0; unknown=0
2875,14953956,ronniemillsmusic.com,yes,,,0,,no_email_candidate_in_email_query,not_flagged,,,,,,valid=0; invalid=0; risky=0; unknown=0
2876,14962664,thefilmfixer.us,no,,,0,,no_email_candidate_in_email_query,not_flagged,,,,,,valid=0; invalid=0; risky=0; unknown=0
2877,14968878,goldjung.com,yes,,,0,,no_email_candidate_in_email_query,not_flagged,,,,,,valid=0; invalid=0; risky=0; unknown=0
2878,14979288,friscocounselingandwellness.com,yes,,,0,,no_email_candidate_in_email_query,not_flagged,,,,,,valid=0; invalid=0; risky=0; unknown=0
2879,14983865,super-e.org,yes,,,0,,no_email_candidate_in_email_query,not_flagged,,,,,,valid=0; invalid=0; risky=0; unknown=0
2880,14987493,advance-sekita.com,no,,,0,,no_email_candidate_in_email_query,not_flagged,,,,,,valid=0; invalid=0; risky=0; unknown=0
2881,14990974,theclearcut.co,yes,,,0,,no_email_candidate_in_email_query,not_flagged,,,,,,valid=0; invalid=0; risky=0; unknown=0
2882,15001589,bio-essencia.fr,yes,,,0,,no_email_candidate_in_email_query,not_flagged,,,,,,valid=0; invalid=0; risky=0; unknown=0
2883,15004738,yarbroughindustries.com,no,,,0,,no_email_candidate_in_email_query,not_flagged,,,,,,valid=0; invalid=0; risky=0; unknown=0
2884,15006708,alterfinancegroup.com,no,,,0,,no_email_candidate_in_email_query,not_flagged,,,,,,valid=0; invalid=0; risky=0; unknown=0
2885,15008459,gradstroy33.ru,yes,,,0,,no_email_candidate_in_email_query,not_flagged,,,,,,valid=0; invalid=0; risky=0; unknown=0
2886,15010926,endpoint.bike,yes,,,0,,no_email_candidate_in_email_query,not_flagged,,,,,,valid=0; invalid=0; risky=0; unknown=0
2887,15011725,quantimetrica.com,yes,,,0,,no_email_candidate_in_email_query,not_flagged,,,,,,valid=0; invalid=0; risky=0; unknown=0
2888,15018668,anzaloneperiodontics.com,yes,,,0,,no_email_candidate_in_email_query,not_flagged,,,,,,valid=0; invalid=0; risky=0; unknown=0
2889,15046149,joshkopecek.co.uk,no,,,0,,no_email_candidate_in_email_query,not_flagged,,,,,,valid=0; invalid=0; risky=0; unknown=0
2890,15060133,missiondrivenadvisor.com,no,,,0,,no_email_candidate_in_email_query,not_flagged,,,,,,valid=0; invalid=0; risky=0; unknown=0
2891,15065826,izzywang.com,no,,,0,,no_email_candidate_in_email_query,not_flagged,,,,,,valid=0; invalid=0; risky=0; unknown=0
2892,15066296,invdp.com,yes,,,0,,no_email_candidate_in_email_query,not_flagged,,,,,,valid=0; invalid=0; risky=0; unknown=0
2893,15079739,rimaldi.de,yes,,,0,,no_email_candidate_in_email_query,not_flagged,,,,,,valid=0; invalid=0; risky=0; unknown=0
2894,15081190,usahasosial.com,no,,,0,,no_email_candidate_in_email_query,not_flagged,,,,,,valid=0; invalid=0; risky=0; unknown=0
2895,15082393,urbinalawfirm.com,no,,,0,,no_email_candidate_in_email_query,not_flagged,,,,,,valid=0; invalid=0; risky=0; unknown=0
2896,15083213,bigtrevscarpetcleaning.com.au,yes,,,0,,no_email_candidate_in_email_query,not_flagged,,,,,,valid=0; invalid=0; risky=0; unknown=0
2897,15087530,jumia.de,yes,,,0,,no_email_candidate_in_email_query,not_flagged,,,,,,valid=0; invalid=0; risky=0; unknown=0
2898,15093107,treehousehotels.com,yes,,,0,,no_email_candidate_in_email_query,not_flagged,,,,,,valid=0; invalid=0; risky=0; unknown=0
2899,15103807,wearebowline.com,no,,,0,,no_email_candidate_in_email_query,not_flagged,,,,,,valid=0; invalid=0; risky=0; unknown=0
2900,15112673,sprintwell.com,no,,,0,,no_email_candidate_in_email_query,not_flagged,,,,,,valid=0; invalid=0; risky=0; unknown=0
2901,15113832,lvb.lv,yes,,,0,,no_email_candidate_in_email_query,not_flagged,,,,,,valid=0; invalid=0; risky=0; unknown=0
2902,15121035,keksemitsinn.at,no,,,0,,no_email_candidate_in_email_query,not_flagged,,,,,,valid=0; invalid=0; risky=0; unknown=0
2903,15126372,jrputman.com,yes,,,0,,no_email_candidate_in_email_query,not_flagged,,,,,,valid=0; invalid=0; risky=0; unknown=0
2904,15145163,aventi.com,yes,,,0,,no_email_candidate_in_email_query,not_flagged,,,,,,valid=0; invalid=0; risky=0; unknown=0
2905,15161677,pathologica.org,no,,,0,,no_email_candidate_in_email_query,not_flagged,,,,,,valid=0; invalid=0; risky=0; unknown=0
2906,15181278,walkingstickdesign.com,yes,,,0,,no_email_candidate_in_email_query,not_flagged,,,,,,valid=0; invalid=0; risky=0; unknown=0
2907,15182832,callios.net,yes,,,0,,no_email_candidate_in_email_query,not_flagged,,,,,,valid=0; invalid=0; risky=0; unknown=0
2908,15193754,schokoring-eg.de,no,,,0,,no_email_candidate_in_email_query,not_flagged,,,,,,valid=0; invalid=0; risky=0; unknown=0
2909,15202166,icreate.co.uk,no,,,0,,no_email_candidate_in_email_query,not_flagged,,,,,,valid=0; invalid=0; risky=0; unknown=0
2910,15220855,bladesofglory.ca,yes,,,0,,no_email_candidate_in_email_query,not_flagged,,,,,,valid=0; invalid=0; risky=0; unknown=0
2911,15251201,dentalonraffles.co.nz,yes,,,0,,no_email_candidate_in_email_query,not_flagged,,,,,,valid=0; invalid=0; risky=0; unknown=0
2912,15258492,anitra-eggler.com,yes,,,0,,no_email_candidate_in_email_query,not_flagged,,,,,,valid=0; invalid=0; risky=0; unknown=0
2913,15259895,thegreencamelltd.com,yes,,,0,,no_email_candidate_in_email_query,not_flagged,,,,,,valid=0; invalid=0; risky=0; unknown=0
2914,15268224,multiangulo.com,yes,,,0,,no_email_candidate_in_email_query,not_flagged,,,,,,valid=0; invalid=0; risky=0; unknown=0
2915,15286113,techni-conseil.fr,no,,,0,,no_email_candidate_in_email_query,not_flagged,,,,,,valid=0; invalid=0; risky=0; unknown=0
2916,15293065,chatterboxcayman.com,yes,,,0,,no_email_candidate_in_email_query,not_flagged,,,,,,valid=0; invalid=0; risky=0; unknown=0
2917,15307481,ophelie-pavon.com,yes,,,0,,no_email_candidate_in_email_query,not_flagged,,,,,,valid=0; invalid=0; risky=0; unknown=0
2918,15307571,gruporojas.es,yes,,,0,,no_email_candidate_in_email_query,not_flagged,,,,,,valid=0; invalid=0; risky=0; unknown=0
2919,15322538,protexkartingbarrier.com,yes,,,0,,no_email_candidate_in_email_query,not_flagged,,,,,,valid=0; invalid=0; risky=0; unknown=0
2920,15332151,tenvideo.tv,yes,,,0,,no_email_candidate_in_email_query,not_flagged,,,,,,valid=0; invalid=0; risky=0; unknown=0
2921,15333911,mauriceneo.de,yes,,,0,,no_email_candidate_in_email_query,not_flagged,,,,,,valid=0; invalid=0; risky=0; unknown=0
2922,15335756,tazmar.com,no,,,0,,no_email_candidate_in_email_query,not_flagged,,,,,,valid=0; invalid=0; risky=0; unknown=0
2923,15346814,ruhrstadttraeumer.org,yes,,,0,,no_email_candidate_in_email_query,not_flagged,,,,,,valid=0; invalid=0; risky=0; unknown=0
2924,15348586,pedulisehati.com,no,,,0,,no_email_candidate_in_email_query,not_flagged,,,,,,valid=0; invalid=0; risky=0; unknown=0
2925,15349653,codekitty.org,no,,,0,,no_email_candidate_in_email_query,not_flagged,,,,,,valid=0; invalid=0; risky=0; unknown=0
2926,15363378,go2karate.com,yes,,,0,,no_email_candidate_in_email_query,not_flagged,,,,,,valid=0; invalid=0; risky=0; unknown=0
2927,15364016,technimat-service.com,no,,,0,,no_email_candidate_in_email_query,not_flagged,,,,,,valid=0; invalid=0; risky=0; unknown=0
2928,15382508,crossroadsli.org,yes,,,0,,no_email_candidate_in_email_query,not_flagged,,,,,,valid=0; invalid=0; risky=0; unknown=0
2929,15388619,findingyourbusiness.com,no,,,0,,no_email_candidate_in_email_query,not_flagged,,,,,,valid=0; invalid=0; risky=0; unknown=0
2930,15401238,lucysmachine.com,no,,,0,,no_email_candidate_in_email_query,not_flagged,,,,,,valid=0; invalid=0; risky=0; unknown=0
2931,15402205,50corridor.com,no,,,0,,no_email_candidate_in_email_query,not_flagged,,,,,,valid=0; invalid=0; risky=0; unknown=0
2932,15406357,northhalifaxpartnership.org,yes,,,0,,no_email_candidate_in_email_query,not_flagged,,,,,,valid=0; invalid=0; risky=0; unknown=0
2933,15421729,exserendib-ayurveda.com,yes,,,0,,no_email_candidate_in_email_query,not_flagged,,,,,,valid=0; invalid=0; risky=0; unknown=0
2934,15428759,reccodo.com,yes,,,0,,no_email_candidate_in_email_query,not_flagged,,,,,,valid=0; invalid=0; risky=0; unknown=0
2935,15435979,domzuri.ch,yes,,,0,,no_email_candidate_in_email_query,not_flagged,,,,,,valid=0; invalid=0; risky=0; unknown=0
2936,15455074,yorlinc.com,yes,,,0,,no_email_candidate_in_email_query,not_flagged,,,,,,valid=0; invalid=0; risky=0; unknown=0
2937,15467195,handymanmarketing.com,yes,,,0,,no_email_candidate_in_email_query,not_flagged,,,,,,valid=0; invalid=0; risky=0; unknown=0
2938,15472511,oreda.com,no,,,0,,no_email_candidate_in_email_query,not_flagged,,,,,,valid=0; invalid=0; risky=0; unknown=0
2939,15473547,celestialmedicine.com,yes,,,0,,no_email_candidate_in_email_query,not_flagged,,,,,,valid=0; invalid=0; risky=0; unknown=0
2940,15473765,fmcapitalgrp.com,yes,,,0,,no_email_candidate_in_email_query,not_flagged,,,,,,valid=0; invalid=0; risky=0; unknown=0
2941,15489084,vizerart.de,no,,,0,,no_email_candidate_in_email_query,not_flagged,,,,,,valid=0; invalid=0; risky=0; unknown=0
2942,15502409,imprenditore.com.br,yes,,,0,,no_email_candidate_in_email_query,not_flagged,,,,,,valid=0; invalid=0; risky=0; unknown=0
2943,15508623,prsonal.de,yes,,,0,,no_email_candidate_in_email_query,not_flagged,,,,,,valid=0; invalid=0; risky=0; unknown=0
2944,15515507,metalmetre.com,yes,,,0,,no_email_candidate_in_email_query,not_flagged,,,,,,valid=0; invalid=0; risky=0; unknown=0
2945,15517600,softec.com.py,no,,,0,,no_email_candidate_in_email_query,not_flagged,,,,,,valid=0; invalid=0; risky=0; unknown=0
2946,15526840,lilco.ca,no,,,0,,no_email_candidate_in_email_query,not_flagged,,,,,,valid=0; invalid=0; risky=0; unknown=0
2947,15531752,chrsm.be,no,,,0,,no_email_candidate_in_email_query,not_flagged,,,,,,valid=0; invalid=0; risky=0; unknown=0
2948,15535426,doubledummymovie.com,yes,,,0,,no_email_candidate_in_email_query,not_flagged,,,,,,valid=0; invalid=0; risky=0; unknown=0
2949,15535878,realtygroupofmiami.com,no,,,0,,no_email_candidate_in_email_query,not_flagged,,,,,,valid=0; invalid=0; risky=0; unknown=0
2950,15542428,estudioload.com,yes,,,0,,no_email_candidate_in_email_query,not_flagged,,,,,,valid=0; invalid=0; risky=0; unknown=0
2951,15545058,csj-chenee.be,no,,,0,,no_email_candidate_in_email_query,not_flagged,,,,,,valid=0; invalid=0; risky=0; unknown=0
2952,15548195,kingdombusiness.com,yes,,,0,,no_email_candidate_in_email_query,not_flagged,,,,,,valid=0; invalid=0; risky=0; unknown=0
2953,15556895,marline.fr,no,,,0,,no_email_candidate_in_email_query,not_flagged,,,,,,valid=0; invalid=0; risky=0; unknown=0
2954,15562158,tommyspaintpot.com,no,,,0,,no_email_candidate_in_email_query,not_flagged,,,,,,valid=0; invalid=0; risky=0; unknown=0
2955,15562708,medhelpclinics.com,yes,,,0,,no_email_candidate_in_email_query,not_flagged,,,,,,valid=0; invalid=0; risky=0; unknown=0
2956,15563691,sacramentoinvestor.com,no,,,0,,no_email_candidate_in_email_query,not_flagged,,,,,,valid=0; invalid=0; risky=0; unknown=0
2957,15564645,liberty-web.fr,no,,,0,,no_email_candidate_in_email_query,not_flagged,,,,,,valid=0; invalid=0; risky=0; unknown=0
2958,15565287,snapshotstaffing.com,no,,,0,,no_email_candidate_in_email_query,not_flagged,,,,,,valid=0; invalid=0; risky=0; unknown=0
2959,15565795,manorhousefilms.com,no,,,0,,no_email_candidate_in_email_query,not_flagged,,,,,,valid=0; invalid=0; risky=0; unknown=0
2960,15572110,cadan-gmbh.de,no,,,0,,no_email_candidate_in_email_query,not_flagged,,,,,,valid=0; invalid=0; risky=0; unknown=0
2961,15574117,romacomunicaweb.it,no,,,0,,no_email_candidate_in_email_query,not_flagged,,,,,,valid=0; invalid=0; risky=0; unknown=0
2962,15585974,onlinecopyguru.com,yes,,,0,,no_email_candidate_in_email_query,not_flagged,,,,,,valid=0; invalid=0; risky=0; unknown=0
2963,15588410,business-to-happiness.com,yes,,,0,,no_email_candidate_in_email_query,not_flagged,,,,,,valid=0; invalid=0; risky=0; unknown=0
2964,15595341,lauratarbell.com,yes,,,0,,no_email_candidate_in_email_query,not_flagged,,,,,,valid=0; invalid=0; risky=0; unknown=0
2965,15596298,jonathanmillspatrick.com,yes,,,0,,no_email_candidate_in_email_query,not_flagged,,,,,,valid=0; invalid=0; risky=0; unknown=0
2966,15600066,tierliebhaber.de,yes,,,0,,no_email_candidate_in_email_query,not_flagged,,,,,,valid=0; invalid=0; risky=0; unknown=0
2967,15605155,megangrahambeauty.com,yes,,,0,,no_email_candidate_in_email_query,not_flagged,,,,,,valid=0; invalid=0; risky=0; unknown=0
2968,15626097,iseazy.com,no,,,0,,no_email_candidate_in_email_query,not_flagged,,,,,,valid=0; invalid=0; risky=0; unknown=0
2969,15626273,aspen.no,no,,,0,,no_email_candidate_in_email_query,not_flagged,,,,,,valid=0; invalid=0; risky=0; unknown=0
2970,15629893,tankercreative.com,no,,,0,,no_email_candidate_in_email_query,not_flagged,,,,,,valid=0; invalid=0; risky=0; unknown=0
2971,15635083,frey-kandel.de,yes,,,0,,no_email_candidate_in_email_query,not_flagged,,,,,,valid=0; invalid=0; risky=0; unknown=0
2972,15635620,tunebud.com,yes,,,0,,no_email_candidate_in_email_query,not_flagged,,,,,,valid=0; invalid=0; risky=0; unknown=0
2973,15643690,iamanathlete.com,yes,,,0,,no_email_candidate_in_email_query,not_flagged,,,,,,valid=0; invalid=0; risky=0; unknown=0
2974,15651672,mmp-tax.co.uk,yes,,,0,,no_email_candidate_in_email_query,not_flagged,,,,,,valid=0; invalid=0; risky=0; unknown=0
2975,15653535,volvic.ch,no,,,0,,no_email_candidate_in_email_query,not_flagged,,,,,,valid=0; invalid=0; risky=0; unknown=0
2976,15654790,autosdosil.es,no,,,0,,no_email_candidate_in_email_query,not_flagged,,,,,,valid=0; invalid=0; risky=0; unknown=0
2977,15654922,hilmer-riederszell.de,yes,,,0,,no_email_candidate_in_email_query,not_flagged,,,,,,valid=0; invalid=0; risky=0; unknown=0
2978,15672147,cfalove.com,no,,,0,,no_email_candidate_in_email_query,not_flagged,,,,,,valid=0; invalid=0; risky=0; unknown=0
2979,15672803,twistedink.com,yes,,,0,,no_email_candidate_in_email_query,not_flagged,,,,,,valid=0; invalid=0; risky=0; unknown=0
2980,15674659,coricarl.com,yes,,,0,,no_email_candidate_in_email_query,not_flagged,,,,,,valid=0; invalid=0; risky=0; unknown=0
2981,15679117,fndaction.org.uk,no,,,0,,no_email_candidate_in_email_query,not_flagged,,,,,,valid=0; invalid=0; risky=0; unknown=0
2982,15687395,heimwehr.at,no,,,0,,no_email_candidate_in_email_query,not_flagged,,,,,,valid=0; invalid=0; risky=0; unknown=0
2983,15690646,cardioequipo.com.br,no,,,0,,no_email_candidate_in_email_query,not_flagged,,,,,,valid=0; invalid=0; risky=0; unknown=0
2984,15692120,abflussmuc.de,no,,,0,,no_email_candidate_in_email_query,not_flagged,,,,,,valid=0; invalid=0; risky=0; unknown=0
2985,15700687,visitagranada.com,no,,,0,,no_email_candidate_in_email_query,not_flagged,,,,,,valid=0; invalid=0; risky=0; unknown=0
2986,15703629,sheikhadvocates.com,no,,,0,,no_email_candidate_in_email_query,not_flagged,,,,,,valid=0; invalid=0; risky=0; unknown=0
2987,15708549,ussixthfleet-villefranche.com,no,,,0,,no_email_candidate_in_email_query,not_flagged,,,,,,valid=0; invalid=0; risky=0; unknown=0
2988,15713955,meldevents.com,no,,,0,,no_email_candidate_in_email_query,not_flagged,,,,,,valid=0; invalid=0; risky=0; unknown=0
2989,15719067,propertyspot.com,no,,,0,,no_email_candidate_in_email_query,not_flagged,,,,,,valid=0; invalid=0; risky=0; unknown=0
2990,15750917,boulderlongevity.com,yes,,,0,,no_email_candidate_in_email_query,not_flagged,,,,,,valid=0; invalid=0; risky=0; unknown=0
2991,15755109,san-solarsysteme.de,yes,,,0,,no_email_candidate_in_email_query,not_flagged,,,,,,valid=0; invalid=0; risky=0; unknown=0
2992,15755318,nashparis.com,no,,,0,,no_email_candidate_in_email_query,not_flagged,,,,,,valid=0; invalid=0; risky=0; unknown=0
2993,15761107,aubergedesiles.com,no,,,0,,no_email_candidate_in_email_query,not_flagged,,,,,,valid=0; invalid=0; risky=0; unknown=0
2994,15764831,kyeo.fr,no,,,0,,no_email_candidate_in_email_query,not_flagged,,,,,,valid=0; invalid=0; risky=0; unknown=0
2995,15775020,ianzapolsky.com,no,,,0,,no_email_candidate_in_email_query,not_flagged,,,,,,valid=0; invalid=0; risky=0; unknown=0
2996,15790266,endeavorcreative.com,no,,,0,,no_email_candidate_in_email_query,not_flagged,,,,,,valid=0; invalid=0; risky=0; unknown=0
2997,15791071,goodvisionlive.com,no,,,0,,no_email_candidate_in_email_query,not_flagged,,,,,,valid=0; invalid=0; risky=0; unknown=0
2998,15792163,kristenbrownpresents.com,yes,,,0,,no_email_candidate_in_email_query,not_flagged,,,,,,valid=0; invalid=0; risky=0; unknown=0
2999,15792938,iheartanimals.com,yes,,,0,,no_email_candidate_in_email_query,not_flagged,,,,,,valid=0; invalid=0; risky=0; unknown=0
3000,15797816,anirudhgoel.me,no,,,0,,no_email_candidate_in_email_query,not_flagged,,,,,,valid=0; invalid=0; risky=0; unknown=0
3001,15797898,mekorma.net,yes,,,0,,no_email_candidate_in_email_query,not_flagged,,,,,,valid=0; invalid=0; risky=0; unknown=0
3002,15809094,ingla.co.uk,yes,,,0,,no_email_candidate_in_email_query,not_flagged,,,,,,valid=0; invalid=0; risky=0; unknown=0
3003,15809104,qualityhair.com,yes,,,0,,no_email_candidate_in_email_query,not_flagged,,,,,,valid=0; invalid=0; risky=0; unknown=0
3004,15816965,monoapartments.com,yes,,,0,,no_email_candidate_in_email_query,not_flagged,,,,,,valid=0; invalid=0; risky=0; unknown=0
3005,15817311,apertureestate.com,yes,,,0,,no_email_candidate_in_email_query,not_flagged,,,,,,valid=0; invalid=0; risky=0; unknown=0
3006,15818716,viewability.co,no,,,0,,no_email_candidate_in_email_query,not_flagged,,,,,,valid=0; invalid=0; risky=0; unknown=0
3007,15821497,gmmluchttechniek.nl,yes,,,0,,no_email_candidate_in_email_query,not_flagged,,,,,,valid=0; invalid=0; risky=0; unknown=0
3008,15824084,zeachable.com,yes,,,0,,no_email_candidate_in_email_query,not_flagged,,,,,,valid=0; invalid=0; risky=0; unknown=0
3009,15833404,itsworthitguilford.org,no,,,0,,no_email_candidate_in_email_query,not_flagged,,,,,,valid=0; invalid=0; risky=0; unknown=0
3010,15834917,armenio.fr,yes,,,0,,no_email_candidate_in_email_query,not_flagged,,,,,,valid=0; invalid=0; risky=0; unknown=0
3011,15838227,rvrentalarizona.net,yes,,,0,,no_email_candidate_in_email_query,not_flagged,,,,,,valid=0; invalid=0; risky=0; unknown=0
3012,15840125,disruptica.com,yes,,,0,,no_email_candidate_in_email_query,not_flagged,,,,,,valid=0; invalid=0; risky=0; unknown=0
3013,15840699,mizrahi.at,no,,,0,,no_email_candidate_in_email_query,not_flagged,,,,,,valid=0; invalid=0; risky=0; unknown=0
3014,15844209,fedaflex.com,yes,,,0,,no_email_candidate_in_email_query,not_flagged,,,,,,valid=0; invalid=0; risky=0; unknown=0
3015,15846445,nemunokikouen.com,no,,,0,,no_email_candidate_in_email_query,not_flagged,,,,,,valid=0; invalid=0; risky=0; unknown=0
3016,15870812,sew-whatsnew.com,yes,,,0,,no_email_candidate_in_email_query,not_flagged,,,,,,valid=0; invalid=0; risky=0; unknown=0
3017,15871017,aichi-kantansui.com,no,,,0,,no_email_candidate_in_email_query,not_flagged,,,,,,valid=0; invalid=0; risky=0; unknown=0
3018,15899729,premierdentalspa.com,no,,,0,,no_email_candidate_in_email_query,not_flagged,,,,,,valid=0; invalid=0; risky=0; unknown=0
3019,15910733,pcmarkers.com,yes,,,0,,no_email_candidate_in_email_query,not_flagged,,,,,,valid=0; invalid=0; risky=0; unknown=0
3020,15912272,consigas.com,yes,,,0,,no_email_candidate_in_email_query,not_flagged,,,,,,valid=0; invalid=0; risky=0; unknown=0
3021,15913506,cradletocareeralliance.org,no,,,0,,no_email_candidate_in_email_query,not_flagged,,,,,,valid=0; invalid=0; risky=0; unknown=0
3022,15926715,operationdropship.com,no,,,0,,no_email_candidate_in_email_query,not_flagged,,,,,,valid=0; invalid=0; risky=0; unknown=0
3023,15931208,mps-heidenheim.de,no,,,0,,no_email_candidate_in_email_query,not_flagged,,,,,,valid=0; invalid=0; risky=0; unknown=0
3024,15933073,statusarea.com,no,,,0,,no_email_candidate_in_email_query,not_flagged,,,,,,valid=0; invalid=0; risky=0; unknown=0
3025,15956159,startblog.org,no,,,0,,no_email_candidate_in_email_query,not_flagged,,,,,,valid=0; invalid=0; risky=0; unknown=0
3026,15960911,customcoffeevans.com.au,no,,,0,,no_email_candidate_in_email_query,not_flagged,,,,,,valid=0; invalid=0; risky=0; unknown=0
3027,15965788,skillday.com,no,,,0,,no_email_candidate_in_email_query,not_flagged,,,,,,valid=0; invalid=0; risky=0; unknown=0
3028,15968950,sofadeco.com,no,,,0,,no_email_candidate_in_email_query,not_flagged,,,,,,valid=0; invalid=0; risky=0; unknown=0
3029,15972309,gettwoit.com,yes,,,0,,no_email_candidate_in_email_query,not_flagged,,,,,,valid=0; invalid=0; risky=0; unknown=0
3030,15985165,overlandparkcrossfit.com,no,,,0,,no_email_candidate_in_email_query,not_flagged,,,,,,valid=0; invalid=0; risky=0; unknown=0
3031,15998550,parentingconfidentkids.com,yes,,,0,,no_email_candidate_in_email_query,not_flagged,,,,,,valid=0; invalid=0; risky=0; unknown=0
3032,15998890,blanchardcreativegroup.com,yes,,,0,,no_email_candidate_in_email_query,not_flagged,,,,,,valid=0; invalid=0; risky=0; unknown=0
3033,16018931,luisafanzani.com,yes,,,0,,no_email_candidate_in_email_query,not_flagged,,,,,,valid=0; invalid=0; risky=0; unknown=0
3034,16032842,thehotel-man.com,yes,,,0,,no_email_candidate_in_email_query,not_flagged,,,,,,valid=0; invalid=0; risky=0; unknown=0
3035,16035523,lounge8.com,yes,,,0,,no_email_candidate_in_email_query,not_flagged,,,,,,valid=0; invalid=0; risky=0; unknown=0
3036,16040833,actifassur.com,yes,,,0,,no_email_candidate_in_email_query,not_flagged,,,,,,valid=0; invalid=0; risky=0; unknown=0
3037,16051768,jawspodiatry.com,yes,,,0,,no_email_candidate_in_email_query,not_flagged,,,,,,valid=0; invalid=0; risky=0; unknown=0
3038,16064656,logancreekcreative.com,no,,,0,,no_email_candidate_in_email_query,not_flagged,,,,,,valid=0; invalid=0; risky=0; unknown=0
3039,16074625,timberandloverealty.com,no,,,0,,no_email_candidate_in_email_query,not_flagged,,,,,,valid=0; invalid=0; risky=0; unknown=0
3040,16080592,unitedhoist.com,yes,,,0,,no_email_candidate_in_email_query,not_flagged,,,,,,valid=0; invalid=0; risky=0; unknown=0
3041,16085269,greendothvac.com,yes,,,0,,no_email_candidate_in_email_query,not_flagged,,,,,,valid=0; invalid=0; risky=0; unknown=0
3042,16094894,matthaltom.com,yes,,,0,,no_email_candidate_in_email_query,not_flagged,,,,,,valid=0; invalid=0; risky=0; unknown=0
3043,16098216,dessin-nantes.com,no,,,0,,no_email_candidate_in_email_query,not_flagged,,,,,,valid=0; invalid=0; risky=0; unknown=0
3044,16111769,wildfigsolutions.co.uk,yes,,,0,,no_email_candidate_in_email_query,not_flagged,,,,,,valid=0; invalid=0; risky=0; unknown=0
3045,16112875,pninamoses.com,yes,,,0,,no_email_candidate_in_email_query,not_flagged,,,,,,valid=0; invalid=0; risky=0; unknown=0
3046,16116477,aceicova.es,yes,,,0,,no_email_candidate_in_email_query,not_flagged,,,,,,valid=0; invalid=0; risky=0; unknown=0
3047,16139919,aitken-sci.com,no,,,0,,no_email_candidate_in_email_query,not_flagged,,,,,,valid=0; invalid=0; risky=0; unknown=0
3048,16150800,qualitywatcher.com,yes,,,0,,no_email_candidate_in_email_query,not_flagged,,,,,,valid=0; invalid=0; risky=0; unknown=0
3049,16158203,ilocx.com,yes,,,0,,no_email_candidate_in_email_query,not_flagged,,,,,,valid=0; invalid=0; risky=0; unknown=0
3050,16161651,theanimaldoctors.org,no,,,0,,no_email_candidate_in_email_query,not_flagged,,,,,,valid=0; invalid=0; risky=0; unknown=0
3051,16165245,marcktimemusic.com,no,,,0,,no_email_candidate_in_email_query,not_flagged,,,,,,valid=0; invalid=0; risky=0; unknown=0
3052,16176050,freelinkedinreview.com,yes,,,0,,no_email_candidate_in_email_query,not_flagged,,,,,,valid=0; invalid=0; risky=0; unknown=0
3053,16199875,projetlama.be,no,,,0,,no_email_candidate_in_email_query,not_flagged,,,,,,valid=0; invalid=0; risky=0; unknown=0
3054,16203964,sturmerprobt.com,yes,,,0,,no_email_candidate_in_email_query,not_flagged,,,,,,valid=0; invalid=0; risky=0; unknown=0
3055,16205061,pflegeteam-hand-in-hand.de,yes,,,0,,no_email_candidate_in_email_query,not_flagged,,,,,,valid=0; invalid=0; risky=0; unknown=0
3056,16205638,likolehua.com,yes,,,0,,no_email_candidate_in_email_query,not_flagged,,,,,,valid=0; invalid=0; risky=0; unknown=0
3057,16208825,principlefundinggroup.com,no,,,0,,no_email_candidate_in_email_query,not_flagged,,,,,,valid=0; invalid=0; risky=0; unknown=0
3058,16210908,healingwithinmn.com,no,,,0,,no_email_candidate_in_email_query,not_flagged,,,,,,valid=0; invalid=0; risky=0; unknown=0
3059,16214954,arrangr.com,no,,,0,,no_email_candidate_in_email_query,not_flagged,,,,,,valid=0; invalid=0; risky=0; unknown=0
3060,16219947,foodprintgroup.com,no,,,0,,no_email_candidate_in_email_query,not_flagged,,,,,,valid=0; invalid=0; risky=0; unknown=0
3061,16223793,soren.tech,no,,,0,,no_email_candidate_in_email_query,not_flagged,,,,,,valid=0; invalid=0; risky=0; unknown=0
3062,16229930,fase-d.com,yes,,,0,,no_email_candidate_in_email_query,not_flagged,,,,,,valid=0; invalid=0; risky=0; unknown=0
3063,16233870,builtbyshe.com,yes,,,0,,no_email_candidate_in_email_query,not_flagged,,,,,,valid=0; invalid=0; risky=0; unknown=0
3064,16235678,sentiments.com,no,,,0,,no_email_candidate_in_email_query,not_flagged,,,,,,valid=0; invalid=0; risky=0; unknown=0
3065,16240559,truenorthheatingandcooling.ca,no,,,0,,no_email_candidate_in_email_query,not_flagged,,,,,,valid=0; invalid=0; risky=0; unknown=0
3066,16246088,tokoabdurrochim.com,no,,,0,,no_email_candidate_in_email_query,not_flagged,,,,,,valid=0; invalid=0; risky=0; unknown=0
3067,16248322,plumtreefinancial.com,no,,,0,,no_email_candidate_in_email_query,not_flagged,,,,,,valid=0; invalid=0; risky=0; unknown=0
3068,16278685,bigboystv.com,no,,,0,,no_email_candidate_in_email_query,not_flagged,,,,,,valid=0; invalid=0; risky=0; unknown=0
3069,16281775,thelivmethod.com,yes,,,0,,no_email_candidate_in_email_query,not_flagged,,,,,,valid=0; invalid=0; risky=0; unknown=0
3070,16293681,stb-noack.de,no,,,0,,no_email_candidate_in_email_query,not_flagged,,,,,,valid=0; invalid=0; risky=0; unknown=0
3071,16293760,freddify.com,yes,,,0,,no_email_candidate_in_email_query,not_flagged,,,,,,valid=0; invalid=0; risky=0; unknown=0
3072,16293793,smartservices-inc.com,no,,,0,,no_email_candidate_in_email_query,not_flagged,,,,,,valid=0; invalid=0; risky=0; unknown=0
3073,16295208,murphyplumbinginc.com,yes,,,0,,no_email_candidate_in_email_query,not_flagged,,,,,,valid=0; invalid=0; risky=0; unknown=0
3074,16299536,fiats-animazione.it,no,,,0,,no_email_candidate_in_email_query,not_flagged,,,,,,valid=0; invalid=0; risky=0; unknown=0
3075,16303450,calgaryhomecomfort.ca,no,,,0,,no_email_candidate_in_email_query,not_flagged,,,,,,valid=0; invalid=0; risky=0; unknown=0
3076,16315125,vitreriejl.com,yes,,,0,,no_email_candidate_in_email_query,not_flagged,,,,,,valid=0; invalid=0; risky=0; unknown=0
3077,16325188,lvpr.com,yes,,,0,,no_email_candidate_in_email_query,not_flagged,,,,,,valid=0; invalid=0; risky=0; unknown=0
3078,16327430,redbridge.co,yes,,,0,,no_email_candidate_in_email_query,not_flagged,,,,,,valid=0; invalid=0; risky=0; unknown=0
3079,16330576,netzwerk-gemeinschaftsbildung.com,yes,,,0,,no_email_candidate_in_email_query,not_flagged,,,,,,valid=0; invalid=0; risky=0; unknown=0
3080,16342597,plant4-0-startup-incubator.com,yes,,,0,,no_email_candidate_in_email_query,not_flagged,,,,,,valid=0; invalid=0; risky=0; unknown=0
3081,16351591,devnexus.org,yes,,,0,,no_email_candidate_in_email_query,not_flagged,,,,,,valid=0; invalid=0; risky=0; unknown=0
3082,16358852,budme.com,yes,,,0,,no_email_candidate_in_email_query,not_flagged,,,,,,valid=0; invalid=0; risky=0; unknown=0
3083,16362087,weareambitious.com,no,,,0,,no_email_candidate_in_email_query,not_flagged,,,,,,valid=0; invalid=0; risky=0; unknown=0
3084,16374731,nhplaw.com,no,,,0,,no_email_candidate_in_email_query,not_flagged,,,,,,valid=0; invalid=0; risky=0; unknown=0
3085,16375327,scopiolabs.com,yes,,,0,,no_email_candidate_in_email_query,not_flagged,,,,,,valid=0; invalid=0; risky=0; unknown=0
3086,16376551,candeavor.com,no,,,0,,no_email_candidate_in_email_query,not_flagged,,,,,,valid=0; invalid=0; risky=0; unknown=0
3087,16394853,markkingproperties.co.uk,no,,,0,,no_email_candidate_in_email_query,not_flagged,,,,,,valid=0; invalid=0; risky=0; unknown=0
3088,16412290,meinungsschauspieler.de,no,,,0,,no_email_candidate_in_email_query,not_flagged,,,,,,valid=0; invalid=0; risky=0; unknown=0
3089,16424210,gethighered.com,yes,,,0,,no_email_candidate_in_email_query,not_flagged,,,,,,valid=0; invalid=0; risky=0; unknown=0
3090,16429064,netballcomp.com,no,,,0,,no_email_candidate_in_email_query,not_flagged,,,,,,valid=0; invalid=0; risky=0; unknown=0
3091,16443523,annaturbau.com,yes,,,0,,no_email_candidate_in_email_query,not_flagged,,,,,,valid=0; invalid=0; risky=0; unknown=0
3092,16443621,neutopia.co,no,,,0,,no_email_candidate_in_email_query,not_flagged,,,,,,valid=0; invalid=0; risky=0; unknown=0
3093,16449300,meganrossman.com,no,,,0,,no_email_candidate_in_email_query,not_flagged,,,,,,valid=0; invalid=0; risky=0; unknown=0
3094,16459996,ctk-sportpark.de,no,,,0,,no_email_candidate_in_email_query,not_flagged,,,,,,valid=0; invalid=0; risky=0; unknown=0
3095,16463047,kizzmetjewelry.com,yes,,,0,,no_email_candidate_in_email_query,not_flagged,,,,,,valid=0; invalid=0; risky=0; unknown=0
3096,16465665,highpoint.cc,no,,,0,,no_email_candidate_in_email_query,not_flagged,,,,,,valid=0; invalid=0; risky=0; unknown=0
3097,16466203,mooremonuments.com,no,,,0,,no_email_candidate_in_email_query,not_flagged,,,,,,valid=0; invalid=0; risky=0; unknown=0
3098,16488943,dimobaservicios.com,no,,,0,,no_email_candidate_in_email_query,not_flagged,,,,,,valid=0; invalid=0; risky=0; unknown=0
3099,16492075,graphicshub.co.uk,no,,,0,,no_email_candidate_in_email_query,not_flagged,,,,,,valid=0; invalid=0; risky=0; unknown=0
3100,16495813,agentdiscret.com,yes,,,0,,no_email_candidate_in_email_query,not_flagged,,,,,,valid=0; invalid=0; risky=0; unknown=0
3101,16506821,ecotech-s.jp,no,,,0,,no_email_candidate_in_email_query,not_flagged,,,,,,valid=0; invalid=0; risky=0; unknown=0
3102,16509788,tischlereifeuerstein.at,no,,,0,,no_email_candidate_in_email_query,not_flagged,,,,,,valid=0; invalid=0; risky=0; unknown=0
3103,16515356,dillonchi.com,no,,,0,,no_email_candidate_in_email_query,not_flagged,,,,,,valid=0; invalid=0; risky=0; unknown=0
3104,16516252,servclass.ro,yes,,,0,,no_email_candidate_in_email_query,not_flagged,,,,,,valid=0; invalid=0; risky=0; unknown=0
3105,16523579,scoap-profile.com,yes,,,0,,no_email_candidate_in_email_query,not_flagged,,,,,,valid=0; invalid=0; risky=0; unknown=0
3106,16526547,weareallsuperhuman.com,no,,,0,,no_email_candidate_in_email_query,not_flagged,,,,,,valid=0; invalid=0; risky=0; unknown=0
3107,16533824,cointerminal.com,yes,,,0,,no_email_candidate_in_email_query,not_flagged,,,,,,valid=0; invalid=0; risky=0; unknown=0
3108,16542229,cleanster.com,yes,,,0,,no_email_candidate_in_email_query,not_flagged,,,,,,valid=0; invalid=0; risky=0; unknown=0
3109,16562778,wholesalinghousesfulltime.com,yes,,,0,,no_email_candidate_in_email_query,not_flagged,,,,,,valid=0; invalid=0; risky=0; unknown=0
3110,16568662,penrithanglican.org,yes,,,0,,no_email_candidate_in_email_query,not_flagged,,,,,,valid=0; invalid=0; risky=0; unknown=0
3111,16572843,twallaceinc.com,yes,,,0,,no_email_candidate_in_email_query,not_flagged,,,,,,valid=0; invalid=0; risky=0; unknown=0
3112,16579880,jplpinto.com,no,,,0,,no_email_candidate_in_email_query,not_flagged,,,,,,valid=0; invalid=0; risky=0; unknown=0
3113,16589444,inventsoftware.com.br,no,,,0,,no_email_candidate_in_email_query,not_flagged,,,,,,valid=0; invalid=0; risky=0; unknown=0
3114,16600125,ateliereva.com,yes,,,0,,no_email_candidate_in_email_query,not_flagged,,,,,,valid=0; invalid=0; risky=0; unknown=0
3115,16624291,washingtonslandingmarina.com,yes,,,0,,no_email_candidate_in_email_query,not_flagged,,,,,,valid=0; invalid=0; risky=0; unknown=0
3116,16625288,uxdesign.team,no,,,0,,no_email_candidate_in_email_query,not_flagged,,,,,,valid=0; invalid=0; risky=0; unknown=0
3117,16641343,nave10.es,yes,,,0,,no_email_candidate_in_email_query,not_flagged,,,,,,valid=0; invalid=0; risky=0; unknown=0
3118,16642262,kannon-in-kyoto.org,no,,,0,,no_email_candidate_in_email_query,not_flagged,,,,,,valid=0; invalid=0; risky=0; unknown=0
3119,16649353,vita-aktiv.at,no,,,0,,no_email_candidate_in_email_query,not_flagged,,,,,,valid=0; invalid=0; risky=0; unknown=0
3120,16654756,forestglendental.com,yes,,,0,,no_email_candidate_in_email_query,not_flagged,,,,,,valid=0; invalid=0; risky=0; unknown=0
3121,16660309,okhma.com,yes,,,0,,no_email_candidate_in_email_query,not_flagged,,,,,,valid=0; invalid=0; risky=0; unknown=0
3122,16660423,trentonfamilydental.com,yes,,,0,,no_email_candidate_in_email_query,not_flagged,,,,,,valid=0; invalid=0; risky=0; unknown=0
3123,16665513,goodcleaneats.com,yes,,,0,,no_email_candidate_in_email_query,not_flagged,,,,,,valid=0; invalid=0; risky=0; unknown=0
3124,16673976,beeyondsecurity.com,no,,,0,,no_email_candidate_in_email_query,not_flagged,,,,,,valid=0; invalid=0; risky=0; unknown=0
3125,16680215,uptopar.com,yes,,,0,,no_email_candidate_in_email_query,not_flagged,,,,,,valid=0; invalid=0; risky=0; unknown=0
3126,16680973,aspen.dk,no,,,0,,no_email_candidate_in_email_query,not_flagged,,,,,,valid=0; invalid=0; risky=0; unknown=0
3127,16686793,awakeorigins.com,no,,,0,,no_email_candidate_in_email_query,not_flagged,,,,,,valid=0; invalid=0; risky=0; unknown=0
3128,16694465,tekla-szymanski.com,yes,,,0,,no_email_candidate_in_email_query,not_flagged,,,,,,valid=0; invalid=0; risky=0; unknown=0
3129,16701186,of-inc.com,no,,,0,,no_email_candidate_in_email_query,not_flagged,,,,,,valid=0; invalid=0; risky=0; unknown=0
3130,16703510,yakinori-seki.com,no,,,0,,no_email_candidate_in_email_query,not_flagged,,,,,,valid=0; invalid=0; risky=0; unknown=0
3131,16706923,gijenik.nl,no,,,0,,no_email_candidate_in_email_query,not_flagged,,,,,,valid=0; invalid=0; risky=0; unknown=0
3132,16708049,miriamziven.com,no,,,0,,no_email_candidate_in_email_query,not_flagged,,,,,,valid=0; invalid=0; risky=0; unknown=0
3133,16708918,hellofears.com,yes,,,0,,no_email_candidate_in_email_query,not_flagged,,,,,,valid=0; invalid=0; risky=0; unknown=0
3134,16715486,airparkelite.com,no,,,0,,no_email_candidate_in_email_query,not_flagged,,,,,,valid=0; invalid=0; risky=0; unknown=0
3135,16718613,santilli.com.br,yes,,,0,,no_email_candidate_in_email_query,not_flagged,,,,,,valid=0; invalid=0; risky=0; unknown=0
3136,16722634,crossfitnbk.com,yes,,,0,,no_email_candidate_in_email_query,not_flagged,,,,,,valid=0; invalid=0; risky=0; unknown=0
3137,16723080,klinememorials.com,no,,,0,,no_email_candidate_in_email_query,not_flagged,,,,,,valid=0; invalid=0; risky=0; unknown=0
3138,16725916,chamberlin-group.com,yes,,,0,,no_email_candidate_in_email_query,not_flagged,,,,,,valid=0; invalid=0; risky=0; unknown=0
3139,16737493,pogwebdesign.com,no,,,0,,no_email_candidate_in_email_query,not_flagged,,,,,,valid=0; invalid=0; risky=0; unknown=0
3140,16744274,cropicspastisseria.com,yes,,,0,,no_email_candidate_in_email_query,not_flagged,,,,,,valid=0; invalid=0; risky=0; unknown=0
3141,16751546,frittenwirtschaft.de,no,,,0,,no_email_candidate_in_email_query,not_flagged,,,,,,valid=0; invalid=0; risky=0; unknown=0
3142,16753771,summitwc.com,no,,,0,,no_email_candidate_in_email_query,not_flagged,,,,,,valid=0; invalid=0; risky=0; unknown=0
3143,16756208,citylights.church,no,,,0,,no_email_candidate_in_email_query,not_flagged,,,,,,valid=0; invalid=0; risky=0; unknown=0
3144,16758500,fredexpo.com,no,,,0,,no_email_candidate_in_email_query,not_flagged,,,,,,valid=0; invalid=0; risky=0; unknown=0
3145,16770698,efeefeoglu.com,no,,,0,,no_email_candidate_in_email_query,not_flagged,,,,,,valid=0; invalid=0; risky=0; unknown=0
3146,16785018,veqta.jp,no,,,0,,no_email_candidate_in_email_query,not_flagged,,,,,,valid=0; invalid=0; risky=0; unknown=0
3147,16787500,lifespringschristianchurch.org,no,,,0,,no_email_candidate_in_email_query,not_flagged,,,,,,valid=0; invalid=0; risky=0; unknown=0
3148,16797301,braveenough.com,yes,,,0,,no_email_candidate_in_email_query,not_flagged,,,,,,valid=0; invalid=0; risky=0; unknown=0
3149,16801940,fqq.jp,no,,,0,,no_email_candidate_in_email_query,not_flagged,,,,,,valid=0; invalid=0; risky=0; unknown=0
3150,16815245,jjboxing.com,no,,,0,,no_email_candidate_in_email_query,not_flagged,,,,,,valid=0; invalid=0; risky=0; unknown=0
3151,16824563,digigurus.net,yes,,,0,,no_email_candidate_in_email_query,not_flagged,,,,,,valid=0; invalid=0; risky=0; unknown=0
3152,16826244,leandesignforstartups.com,no,,,0,,no_email_candidate_in_email_query,not_flagged,,,,,,valid=0; invalid=0; risky=0; unknown=0
3153,16832549,edouardlesbains.com,no,,,0,,no_email_candidate_in_email_query,not_flagged,,,,,,valid=0; invalid=0; risky=0; unknown=0
3154,16839099,awork.com,no,,,0,,no_email_candidate_in_email_query,not_flagged,,,,,,valid=0; invalid=0; risky=0; unknown=0
3155,16843468,sharesy.com,no,,,0,,no_email_candidate_in_email_query,not_flagged,,,,,,valid=0; invalid=0; risky=0; unknown=0
3156,16845426,conorosheafitness.com,yes,,,0,,no_email_candidate_in_email_query,not_flagged,,,,,,valid=0; invalid=0; risky=0; unknown=0
3157,16849778,draytongroupinc.com,yes,,,0,,no_email_candidate_in_email_query,not_flagged,,,,,,valid=0; invalid=0; risky=0; unknown=0
3158,16856473,kay.de,yes,,,0,,no_email_candidate_in_email_query,not_flagged,,,,,,valid=0; invalid=0; risky=0; unknown=0
3159,16867158,maximusins.com,no,,,0,,no_email_candidate_in_email_query,not_flagged,,,,,,valid=0; invalid=0; risky=0; unknown=0
3160,16879400,parksidedentalcare.ca,no,,,0,,no_email_candidate_in_email_query,not_flagged,,,,,,valid=0; invalid=0; risky=0; unknown=0
3161,16883279,worthingtonmonuments.com,no,,,0,,no_email_candidate_in_email_query,not_flagged,,,,,,valid=0; invalid=0; risky=0; unknown=0
3162,16890561,austroantik.at,no,,,0,,no_email_candidate_in_email_query,not_flagged,,,,,,valid=0; invalid=0; risky=0; unknown=0
3163,16900137,newcommunitybible.org,yes,,,0,,no_email_candidate_in_email_query,not_flagged,,,,,,valid=0; invalid=0; risky=0; unknown=0
3164,16906324,grahamkinnear.com,no,,,0,,no_email_candidate_in_email_query,not_flagged,,,,,,valid=0; invalid=0; risky=0; unknown=0
3165,16906826,virattours.com,yes,,,0,,no_email_candidate_in_email_query,not_flagged,,,,,,valid=0; invalid=0; risky=0; unknown=0
3166,16907755,reddoormultimedia.com,yes,,,0,,no_email_candidate_in_email_query,not_flagged,,,,,,valid=0; invalid=0; risky=0; unknown=0
3167,16915053,ragpepper.com,yes,,,0,,no_email_candidate_in_email_query,not_flagged,,,,,,valid=0; invalid=0; risky=0; unknown=0
3168,16916289,getsmartworks.com,no,,,0,,no_email_candidate_in_email_query,not_flagged,,,,,,valid=0; invalid=0; risky=0; unknown=0
3169,16917532,fett.com.au,yes,,,0,,no_email_candidate_in_email_query,not_flagged,,,,,,valid=0; invalid=0; risky=0; unknown=0
3170,16918615,jesusandthelamb.com,no,,,0,,no_email_candidate_in_email_query,not_flagged,,,,,,valid=0; invalid=0; risky=0; unknown=0
3171,16918782,iepro.com,yes,,,0,,no_email_candidate_in_email_query,not_flagged,,,,,,valid=0; invalid=0; risky=0; unknown=0
3172,16924861,evergreencounseling.com,no,,,0,,no_email_candidate_in_email_query,not_flagged,,,,,,valid=0; invalid=0; risky=0; unknown=0
3173,16928796,hadlockpaint.com,no,,,0,,no_email_candidate_in_email_query,not_flagged,,,,,,valid=0; invalid=0; risky=0; unknown=0
3174,16940729,completolb.com,no,,,0,,no_email_candidate_in_email_query,not_flagged,,,,,,valid=0; invalid=0; risky=0; unknown=0
3175,16940783,wholechildinitiative.org,yes,,,0,,no_email_candidate_in_email_query,not_flagged,,,,,,valid=0; invalid=0; risky=0; unknown=0
3176,16946368,marvelouslabs.com,yes,,,0,,no_email_candidate_in_email_query,not_flagged,,,,,,valid=0; invalid=0; risky=0; unknown=0
3177,16946408,silcos.com,no,,,0,,no_email_candidate_in_email_query,not_flagged,,,,,,valid=0; invalid=0; risky=0; unknown=0
3178,16947634,vancouvergranite.com,no,,,0,,no_email_candidate_in_email_query,not_flagged,,,,,,valid=0; invalid=0; risky=0; unknown=0
3179,16955852,aisell.com,no,,,0,,no_email_candidate_in_email_query,not_flagged,,,,,,valid=0; invalid=0; risky=0; unknown=0
3180,16973223,credentone.com,no,,,0,,no_email_candidate_in_email_query,not_flagged,,,,,,valid=0; invalid=0; risky=0; unknown=0
3181,16979371,thenet.org,no,,,0,,no_email_candidate_in_email_query,not_flagged,,,,,,valid=0; invalid=0; risky=0; unknown=0
3182,16999013,colabdudley.net,no,,,0,,no_email_candidate_in_email_query,not_flagged,,,,,,valid=0; invalid=0; risky=0; unknown=0
3183,16999039,greaterdaytonconstruction.com,no,,,0,,no_email_candidate_in_email_query,not_flagged,,,,,,valid=0; invalid=0; risky=0; unknown=0
3184,17020148,smidyo.com,no,,,0,,no_email_candidate_in_email_query,not_flagged,,,,,,valid=0; invalid=0; risky=0; unknown=0
3185,17022152,cutnj.com,yes,,,0,,no_email_candidate_in_email_query,not_flagged,,,,,,valid=0; invalid=0; risky=0; unknown=0
3186,17030901,promptin.com,yes,,,0,,no_email_candidate_in_email_query,not_flagged,,,,,,valid=0; invalid=0; risky=0; unknown=0
3187,17034824,sort-rite.com,no,,,0,,no_email_candidate_in_email_query,not_flagged,,,,,,valid=0; invalid=0; risky=0; unknown=0
3188,17036214,ape-avocats.com,no,,,0,,no_email_candidate_in_email_query,not_flagged,,,,,,valid=0; invalid=0; risky=0; unknown=0
3189,17039049,bearmedic-en.com,no,,,0,,no_email_candidate_in_email_query,not_flagged,,,,,,valid=0; invalid=0; risky=0; unknown=0
3190,17047168,dcypher.com,no,,,0,,no_email_candidate_in_email_query,not_flagged,,,,,,valid=0; invalid=0; risky=0; unknown=0
3191,17078077,sassecurity.be,no,,,0,,no_email_candidate_in_email_query,not_flagged,,,,,,valid=0; invalid=0; risky=0; unknown=0
3192,17134919,ets-praca.pl,yes,,,0,,no_email_candidate_in_email_query,not_flagged,,,,,,valid=0; invalid=0; risky=0; unknown=0
3193,17139843,allwhitefishlodging.com,no,,,0,,no_email_candidate_in_email_query,not_flagged,,,,,,valid=0; invalid=0; risky=0; unknown=0
3194,17145016,piscinafaidate.it,yes,,,0,,no_email_candidate_in_email_query,not_flagged,,,,,,valid=0; invalid=0; risky=0; unknown=0
3195,17147996,reitanlage-kladow.de,yes,,,0,,no_email_candidate_in_email_query,not_flagged,,,,,,valid=0; invalid=0; risky=0; unknown=0
3196,17148555,terbergmatec.nl,no,,,0,,no_email_candidate_in_email_query,not_flagged,,,,,,valid=0; invalid=0; risky=0; unknown=0
3197,17161050,thompsonelectricco.com,yes,,,0,,no_email_candidate_in_email_query,not_flagged,,,,,,valid=0; invalid=0; risky=0; unknown=0
3198,17165953,therampfactory.co.uk,no,,,0,,no_email_candidate_in_email_query,not_flagged,,,,,,valid=0; invalid=0; risky=0; unknown=0
3199,17167890,newhopekent.org,yes,,,0,,no_email_candidate_in_email_query,not_flagged,,,,,,valid=0; invalid=0; risky=0; unknown=0
3200,17177422,conveyinsurance.com,yes,,,0,,no_email_candidate_in_email_query,not_flagged,,,,,,valid=0; invalid=0; risky=0; unknown=0
3201,17187991,jeddavisdesign.com,no,,,0,,no_email_candidate_in_email_query,not_flagged,,,,,,valid=0; invalid=0; risky=0; unknown=0
3202,17200060,practicewater.com,yes,,,0,,no_email_candidate_in_email_query,not_flagged,,,,,,valid=0; invalid=0; risky=0; unknown=0
3203,17206441,linkeddata.center,no,,,0,,no_email_candidate_in_email_query,not_flagged,,,,,,valid=0; invalid=0; risky=0; unknown=0
3204,17214573,hillarysaffran.com,no,,,0,,no_email_candidate_in_email_query,not_flagged,,,,,,valid=0; invalid=0; risky=0; unknown=0
3205,17247348,hcatampa.org,no,,,0,,no_email_candidate_in_email_query,not_flagged,,,,,,valid=0; invalid=0; risky=0; unknown=0
3206,17251251,run2gun.com,no,,,0,,no_email_candidate_in_email_query,not_flagged,,,,,,valid=0; invalid=0; risky=0; unknown=0
3207,17254504,omninaples.com,yes,,,0,,no_email_candidate_in_email_query,not_flagged,,,,,,valid=0; invalid=0; risky=0; unknown=0
3208,17258488,pickmeup.fr,no,,,0,,no_email_candidate_in_email_query,not_flagged,,,,,,valid=0; invalid=0; risky=0; unknown=0
3209,17274104,bcurelaservet.com,no,,,0,,no_email_candidate_in_email_query,not_flagged,,,,,,valid=0; invalid=0; risky=0; unknown=0
3210,17280245,sfchealthcenter.org,no,,,0,,no_email_candidate_in_email_query,not_flagged,,,,,,valid=0; invalid=0; risky=0; unknown=0
3211,17283263,probonotexas.org,yes,,,0,,no_email_candidate_in_email_query,not_flagged,,,,,,valid=0; invalid=0; risky=0; unknown=0
3212,17288158,maxbeech.com,yes,,,0,,no_email_candidate_in_email_query,not_flagged,,,,,,valid=0; invalid=0; risky=0; unknown=0
3213,17310438,lockall.fr,yes,,,0,,no_email_candidate_in_email_query,not_flagged,,,,,,valid=0; invalid=0; risky=0; unknown=0
3214,17326972,starckarchitects.com,no,,,0,,no_email_candidate_in_email_query,not_flagged,,,,,,valid=0; invalid=0; risky=0; unknown=0
3215,17332575,engagementmedia.nl,yes,,,0,,no_email_candidate_in_email_query,not_flagged,,,,,,valid=0; invalid=0; risky=0; unknown=0
3216,17355997,nehlert-weidner.de,yes,,,0,,no_email_candidate_in_email_query,not_flagged,,,,,,valid=0; invalid=0; risky=0; unknown=0
3217,17357000,csd.be,no,,,0,,no_email_candidate_in_email_query,not_flagged,,,,,,valid=0; invalid=0; risky=0; unknown=0
3218,17357117,technoesis.net,yes,,,0,,no_email_candidate_in_email_query,not_flagged,,,,,,valid=0; invalid=0; risky=0; unknown=0
3219,17368013,northernbeachesbookkeepingsolutions.com.au,yes,,,0,,no_email_candidate_in_email_query,not_flagged,,,,,,valid=0; invalid=0; risky=0; unknown=0
3220,17379360,cklegal.com,yes,,,0,,no_email_candidate_in_email_query,not_flagged,,,,,,valid=0; invalid=0; risky=0; unknown=0
3221,17383633,100bmod.org,no,,,0,,no_email_candidate_in_email_query,not_flagged,,,,,,valid=0; invalid=0; risky=0; unknown=0
3222,17394113,swecon.de,no,,,0,,no_email_candidate_in_email_query,not_flagged,,,,,,valid=0; invalid=0; risky=0; unknown=0
3223,17396806,cyprumed.net,yes,,,0,,no_email_candidate_in_email_query,not_flagged,,,,,,valid=0; invalid=0; risky=0; unknown=0
3224,17399531,totalguidetoreading.com,no,,,0,,no_email_candidate_in_email_query,not_flagged,,,,,,valid=0; invalid=0; risky=0; unknown=0
3225,17403172,sfrbusiness.re,yes,,,0,,no_email_candidate_in_email_query,not_flagged,,,,,,valid=0; invalid=0; risky=0; unknown=0
3226,17414093,sipandanchor.com,no,,,0,,no_email_candidate_in_email_query,not_flagged,,,,,,valid=0; invalid=0; risky=0; unknown=0
3227,17420312,maheranimalhospital.com,yes,,,0,,no_email_candidate_in_email_query,not_flagged,,,,,,valid=0; invalid=0; risky=0; unknown=0
3228,17426314,preludeevents.com,yes,,,0,,no_email_candidate_in_email_query,not_flagged,,,,,,valid=0; invalid=0; risky=0; unknown=0
3229,17428236,maxski.com,no,,,0,,no_email_candidate_in_email_query,not_flagged,,,,,,valid=0; invalid=0; risky=0; unknown=0
3230,17439166,menschcreative.org,yes,,,0,,no_email_candidate_in_email_query,not_flagged,,,,,,valid=0; invalid=0; risky=0; unknown=0
3231,17446978,insidesandiego.org,no,,,0,,no_email_candidate_in_email_query,not_flagged,,,,,,valid=0; invalid=0; risky=0; unknown=0
3232,17452796,tk-dc.com,no,,,0,,no_email_candidate_in_email_query,not_flagged,,,,,,valid=0; invalid=0; risky=0; unknown=0
3233,17460874,babariaip.com,yes,,,0,,no_email_candidate_in_email_query,not_flagged,,,,,,valid=0; invalid=0; risky=0; unknown=0
3234,17471479,greatskysolar.com,yes,,,0,,no_email_candidate_in_email_query,not_flagged,,,,,,valid=0; invalid=0; risky=0; unknown=0
3235,17480299,surskiykamen.ru,yes,,,0,,no_email_candidate_in_email_query,not_flagged,,,,,,valid=0; invalid=0; risky=0; unknown=0
3236,17485335,hakuei-s.com,no,,,0,,no_email_candidate_in_email_query,not_flagged,,,,,,valid=0; invalid=0; risky=0; unknown=0
3237,17515878,lentelus.co.za,no,,,0,,no_email_candidate_in_email_query,not_flagged,,,,,,valid=0; invalid=0; risky=0; unknown=0
3238,17516078,crowdale.com,no,,,0,,no_email_candidate_in_email_query,not_flagged,,,,,,valid=0; invalid=0; risky=0; unknown=0
3239,17516497,athlos.com,yes,,,0,,no_email_candidate_in_email_query,not_flagged,,,,,,valid=0; invalid=0; risky=0; unknown=0
3240,17517347,scienceceilidh.com,no,,,0,,no_email_candidate_in_email_query,not_flagged,,,,,,valid=0; invalid=0; risky=0; unknown=0
3241,17536053,hotel-bavaria.ro,no,,,0,,no_email_candidate_in_email_query,not_flagged,,,,,,valid=0; invalid=0; risky=0; unknown=0
3242,17539950,hivantage.com,yes,,,0,,no_email_candidate_in_email_query,not_flagged,,,,,,valid=0; invalid=0; risky=0; unknown=0
3243,17551235,huneeustaichi.com,yes,,,0,,no_email_candidate_in_email_query,not_flagged,,,,,,valid=0; invalid=0; risky=0; unknown=0
3244,17552466,ggarchitects.es,no,,,0,,no_email_candidate_in_email_query,not_flagged,,,,,,valid=0; invalid=0; risky=0; unknown=0
3245,17563816,autten.com,no,,,0,,no_email_candidate_in_email_query,not_flagged,,,,,,valid=0; invalid=0; risky=0; unknown=0
3246,17564932,mariepierrochon.com,no,,,0,,no_email_candidate_in_email_query,not_flagged,,,,,,valid=0; invalid=0; risky=0; unknown=0
3247,17569187,laescandella.com,yes,,,0,,no_email_candidate_in_email_query,not_flagged,,,,,,valid=0; invalid=0; risky=0; unknown=0
3248,17573684,giantleap.com,yes,,,0,,no_email_candidate_in_email_query,not_flagged,,,,,,valid=0; invalid=0; risky=0; unknown=0
3249,17582472,northtxhandcenter.com,no,,,0,,no_email_candidate_in_email_query,not_flagged,,,,,,valid=0; invalid=0; risky=0; unknown=0
3250,17590484,powerboozt.com,no,,,0,,no_email_candidate_in_email_query,not_flagged,,,,,,valid=0; invalid=0; risky=0; unknown=0
3251,17590491,danieltieman.com,yes,,,0,,no_email_candidate_in_email_query,not_flagged,,,,,,valid=0; invalid=0; risky=0; unknown=0
3252,17592826,tburkes.com,yes,,,0,,no_email_candidate_in_email_query,not_flagged,,,,,,valid=0; invalid=0; risky=0; unknown=0
3253,17598461,velgenservice.com,no,,,0,,no_email_candidate_in_email_query,not_flagged,,,,,,valid=0; invalid=0; risky=0; unknown=0
3254,17600385,kronwinkler.de,yes,,,0,,no_email_candidate_in_email_query,not_flagged,,,,,,valid=0; invalid=0; risky=0; unknown=0
3255,17616441,equalitymomentum.com,yes,,,0,,no_email_candidate_in_email_query,not_flagged,,,,,,valid=0; invalid=0; risky=0; unknown=0
3256,17620404,fsmusicanddance.com,no,,,0,,no_email_candidate_in_email_query,not_flagged,,,,,,valid=0; invalid=0; risky=0; unknown=0
3257,17627046,okanaganweddings.com,no,,,0,,no_email_candidate_in_email_query,not_flagged,,,,,,valid=0; invalid=0; risky=0; unknown=0
3258,17628825,ilmandarino.info,no,,,0,,no_email_candidate_in_email_query,not_flagged,,,,,,valid=0; invalid=0; risky=0; unknown=0
3259,17634006,scottowenterprisepark.com,no,,,0,,no_email_candidate_in_email_query,not_flagged,,,,,,valid=0; invalid=0; risky=0; unknown=0
3260,17635351,procedimientosbarres.com,no,,,0,,no_email_candidate_in_email_query,not_flagged,,,,,,valid=0; invalid=0; risky=0; unknown=0
3261,17640084,rawmedia.co.za,no,,,0,,no_email_candidate_in_email_query,not_flagged,,,,,,valid=0; invalid=0; risky=0; unknown=0
3262,17641545,ilovemyeyes.com,no,,,0,,no_email_candidate_in_email_query,not_flagged,,,,,,valid=0; invalid=0; risky=0; unknown=0
3263,17653517,makeupbyflynn.com,yes,,,0,,no_email_candidate_in_email_query,not_flagged,,,,,,valid=0; invalid=0; risky=0; unknown=0
3264,17656121,churchofcelebration.com,no,,,0,,no_email_candidate_in_email_query,not_flagged,,,,,,valid=0; invalid=0; risky=0; unknown=0
3265,17662066,echipadevanzari.ro,yes,,,0,,no_email_candidate_in_email_query,not_flagged,,,,,,valid=0; invalid=0; risky=0; unknown=0
3266,17674070,spartapools.com,yes,,,0,,no_email_candidate_in_email_query,not_flagged,,,,,,valid=0; invalid=0; risky=0; unknown=0
3267,17677881,drsadiakhan.com,yes,,,0,,no_email_candidate_in_email_query,not_flagged,,,,,,valid=0; invalid=0; risky=0; unknown=0
3268,17679583,friendshipbaptist.com,no,,,0,,no_email_candidate_in_email_query,not_flagged,,,,,,valid=0; invalid=0; risky=0; unknown=0
3269,17682852,mukappa.org,yes,,,0,,no_email_candidate_in_email_query,not_flagged,,,,,,valid=0; invalid=0; risky=0; unknown=0
3270,17684916,filahelsinki.fi,yes,,,0,,no_email_candidate_in_email_query,not_flagged,,,,,,valid=0; invalid=0; risky=0; unknown=0
3271,17702583,annikagarbers.com,no,,,0,,no_email_candidate_in_email_query,not_flagged,,,,,,valid=0; invalid=0; risky=0; unknown=0
3272,17704439,terraengineering.com,yes,,,0,,no_email_candidate_in_email_query,not_flagged,,,,,,valid=0; invalid=0; risky=0; unknown=0
3273,17710181,mahkotapallet.com,no,,,0,,no_email_candidate_in_email_query,not_flagged,,,,,,valid=0; invalid=0; risky=0; unknown=0
3274,17721642,thedysautonomiaproject.org,yes,,,0,,no_email_candidate_in_email_query,not_flagged,,,,,,valid=0; invalid=0; risky=0; unknown=0
3275,17727129,best-living.net,yes,,,0,,no_email_candidate_in_email_query,not_flagged,,,,,,valid=0; invalid=0; risky=0; unknown=0
3276,17730056,hullmoneyman.com,no,,,0,,no_email_candidate_in_email_query,not_flagged,,,,,,valid=0; invalid=0; risky=0; unknown=0
3277,17732623,kukuk.com,no,,,0,,no_email_candidate_in_email_query,not_flagged,,,,,,valid=0; invalid=0; risky=0; unknown=0
3278,17746272,ctaconnects.com,no,,,0,,no_email_candidate_in_email_query,not_flagged,,,,,,valid=0; invalid=0; risky=0; unknown=0
3279,17758041,debuggingdiversity.com,yes,,,0,,no_email_candidate_in_email_query,not_flagged,,,,,,valid=0; invalid=0; risky=0; unknown=0
3280,17758387,roost.co.nz,yes,,,0,,no_email_candidate_in_email_query,not_flagged,,,,,,valid=0; invalid=0; risky=0; unknown=0
3281,17767556,tonysrvrepair.com,no,,,0,,no_email_candidate_in_email_query,not_flagged,,,,,,valid=0; invalid=0; risky=0; unknown=0
3282,17768201,rubylight.com,no,,,0,,no_email_candidate_in_email_query,not_flagged,,,,,,valid=0; invalid=0; risky=0; unknown=0
3283,17772224,chacin.com,yes,,,0,,no_email_candidate_in_email_query,not_flagged,,,,,,valid=0; invalid=0; risky=0; unknown=0
3284,17780069,isctr.org,yes,,,0,,no_email_candidate_in_email_query,not_flagged,,,,,,valid=0; invalid=0; risky=0; unknown=0
3285,17783728,sdk-berufsdetektei.de,no,,,0,,no_email_candidate_in_email_query,not_flagged,,,,,,valid=0; invalid=0; risky=0; unknown=0
3286,17784543,awakenedactions.com,yes,,,0,,no_email_candidate_in_email_query,not_flagged,,,,,,valid=0; invalid=0; risky=0; unknown=0
3287,17786172,lefavepharmacy.com,yes,,,0,,no_email_candidate_in_email_query,not_flagged,,,,,,valid=0; invalid=0; risky=0; unknown=0
3288,17790221,federalfinancialrelief.com,yes,,,0,,no_email_candidate_in_email_query,not_flagged,,,,,,valid=0; invalid=0; risky=0; unknown=0
3289,17795843,trendi.com,yes,,,0,,no_email_candidate_in_email_query,not_flagged,,,,,,valid=0; invalid=0; risky=0; unknown=0
3290,17798696,bloggingbuddy.com,no,,,0,,no_email_candidate_in_email_query,not_flagged,,,,,,valid=0; invalid=0; risky=0; unknown=0
3291,17799351,dandycolorado.com,yes,,,0,,no_email_candidate_in_email_query,not_flagged,,,,,,valid=0; invalid=0; risky=0; unknown=0
3292,17801912,bassettfurniture.com.au,no,,,0,,no_email_candidate_in_email_query,not_flagged,,,,,,valid=0; invalid=0; risky=0; unknown=0
3293,17812245,daytonmortgagebankers.org,yes,,,0,,no_email_candidate_in_email_query,not_flagged,,,,,,valid=0; invalid=0; risky=0; unknown=0
3294,17812388,cheesepop.nl,no,,,0,,no_email_candidate_in_email_query,not_flagged,,,,,,valid=0; invalid=0; risky=0; unknown=0
3295,17814013,boulevardpaint.com,no,,,0,,no_email_candidate_in_email_query,not_flagged,,,,,,valid=0; invalid=0; risky=0; unknown=0
3296,17816562,gethsemanebaptist.org,no,,,0,,no_email_candidate_in_email_query,not_flagged,,,,,,valid=0; invalid=0; risky=0; unknown=0
3297,17822938,northavenuedentalcare.com,no,,,0,,no_email_candidate_in_email_query,not_flagged,,,,,,valid=0; invalid=0; risky=0; unknown=0
3298,17825034,hellobaby3d.com.au,no,,,0,,no_email_candidate_in_email_query,not_flagged,,,,,,valid=0; invalid=0; risky=0; unknown=0
3299,17827287,libertycd.com,no,,,0,,no_email_candidate_in_email_query,not_flagged,,,,,,valid=0; invalid=0; risky=0; unknown=0
3300,17854473,chalaszico.com,yes,,,0,,no_email_candidate_in_email_query,not_flagged,,,,,,valid=0; invalid=0; risky=0; unknown=0
3301,17855654,mavigps.com,no,,,0,,no_email_candidate_in_email_query,not_flagged,,,,,,valid=0; invalid=0; risky=0; unknown=0
3302,17861498,bowman-painting.com,yes,,,0,,no_email_candidate_in_email_query,not_flagged,,,,,,valid=0; invalid=0; risky=0; unknown=0
3303,17862776,advancedchemtech.com,yes,,,0,,no_email_candidate_in_email_query,not_flagged,,,,,,valid=0; invalid=0; risky=0; unknown=0
3304,17869645,bakercollins.com,yes,,,0,,no_email_candidate_in_email_query,not_flagged,,,,,,valid=0; invalid=0; risky=0; unknown=0
3305,17897962,haapindiana.org,yes,,,0,,no_email_candidate_in_email_query,not_flagged,,,,,,valid=0; invalid=0; risky=0; unknown=0
3306,17898612,integrity.financial,no,,,0,,no_email_candidate_in_email_query,not_flagged,,,,,,valid=0; invalid=0; risky=0; unknown=0
3307,17899217,g-catconstruction.com,no,,,0,,no_email_candidate_in_email_query,not_flagged,,,,,,valid=0; invalid=0; risky=0; unknown=0
3308,17900514,entrevues.be,no,,,0,,no_email_candidate_in_email_query,not_flagged,,,,,,valid=0; invalid=0; risky=0; unknown=0
3309,17902520,hurricanecrossfit.com,no,,,0,,no_email_candidate_in_email_query,not_flagged,,,,,,valid=0; invalid=0; risky=0; unknown=0
3310,17906273,pritigupta.com,no,,,0,,no_email_candidate_in_email_query,not_flagged,,,,,,valid=0; invalid=0; risky=0; unknown=0
3311,17909633,auradental.co.uk,yes,,,0,,no_email_candidate_in_email_query,not_flagged,,,,,,valid=0; invalid=0; risky=0; unknown=0
3312,17940178,kobayashi-eye-clinic.com,no,,,0,,no_email_candidate_in_email_query,not_flagged,,,,,,valid=0; invalid=0; risky=0; unknown=0
3313,17956916,blockstocks.com,yes,,,0,,no_email_candidate_in_email_query,not_flagged,,,,,,valid=0; invalid=0; risky=0; unknown=0
3314,17959739,maler-wies.de,no,,,0,,no_email_candidate_in_email_query,not_flagged,,,,,,valid=0; invalid=0; risky=0; unknown=0
3315,17960950,empresademarketing.es,no,,,0,,no_email_candidate_in_email_query,not_flagged,,,,,,valid=0; invalid=0; risky=0; unknown=0
3316,17964665,danisienergy.com,yes,,,0,,no_email_candidate_in_email_query,not_flagged,,,,,,valid=0; invalid=0; risky=0; unknown=0
3317,17964748,ecolromat.com,no,,,0,,no_email_candidate_in_email_query,not_flagged,,,,,,valid=0; invalid=0; risky=0; unknown=0
3318,17964894,wgkk.de,yes,,,0,,no_email_candidate_in_email_query,not_flagged,,,,,,valid=0; invalid=0; risky=0; unknown=0
3319,17966041,r3mortgages.com,yes,,,0,,no_email_candidate_in_email_query,not_flagged,,,,,,valid=0; invalid=0; risky=0; unknown=0
3320,17968709,simplyquintessential.com,no,,,0,,no_email_candidate_in_email_query,not_flagged,,,,,,valid=0; invalid=0; risky=0; unknown=0
3321,17971615,liverpoolmoneyman.com,no,,,0,,no_email_candidate_in_email_query,not_flagged,,,,,,valid=0; invalid=0; risky=0; unknown=0
3322,17973246,getcalld.com,yes,,,0,,no_email_candidate_in_email_query,not_flagged,,,,,,valid=0; invalid=0; risky=0; unknown=0
3323,17987406,hausing.com,yes,,,0,,no_email_candidate_in_email_query,not_flagged,,,,,,valid=0; invalid=0; risky=0; unknown=0
3324,17995612,bfraft.com,yes,,,0,,no_email_candidate_in_email_query,not_flagged,,,,,,valid=0; invalid=0; risky=0; unknown=0
3325,17995822,saigonsupersound.com,no,,,0,,no_email_candidate_in_email_query,not_flagged,,,,,,valid=0; invalid=0; risky=0; unknown=0
3326,18008141,pgyger.ch,no,,,0,,no_email_candidate_in_email_query,not_flagged,,,,,,valid=0; invalid=0; risky=0; unknown=0
3327,18012645,mcsri.org,yes,,,0,,no_email_candidate_in_email_query,not_flagged,,,,,,valid=0; invalid=0; risky=0; unknown=0
3328,18025228,wwwsectv.com,no,,,0,,no_email_candidate_in_email_query,not_flagged,,,,,,valid=0; invalid=0; risky=0; unknown=0
3329,18027582,foodles.com,yes,,,0,,no_email_candidate_in_email_query,not_flagged,,,,,,valid=0; invalid=0; risky=0; unknown=0
3330,18044350,designscout.com,no,,,0,,no_email_candidate_in_email_query,not_flagged,,,,,,valid=0; invalid=0; risky=0; unknown=0
3331,18044390,streettalk.com,no,,,0,,no_email_candidate_in_email_query,not_flagged,,,,,,valid=0; invalid=0; risky=0; unknown=0
3332,18045646,jonnymendez.com,yes,,,0,,no_email_candidate_in_email_query,not_flagged,,,,,,valid=0; invalid=0; risky=0; unknown=0
3333,18054051,hbpeterson.com,yes,,,0,,no_email_candidate_in_email_query,not_flagged,,,,,,valid=0; invalid=0; risky=0; unknown=0
3334,18064110,browniepointscardgame.com,yes,,,0,,no_email_candidate_in_email_query,not_flagged,,,,,,valid=0; invalid=0; risky=0; unknown=0
3335,18069997,watsonsprofiling.com,no,,,0,,no_email_candidate_in_email_query,not_flagged,,,,,,valid=0; invalid=0; risky=0; unknown=0
3336,18071626,crossfitconeyisland.com,no,,,0,,no_email_candidate_in_email_query,not_flagged,,,,,,valid=0; invalid=0; risky=0; unknown=0
3337,18073283,mikecolafitness.com,yes,,,0,,no_email_candidate_in_email_query,not_flagged,,,,,,valid=0; invalid=0; risky=0; unknown=0
3338,18079845,erickafrench.com,yes,,,0,,no_email_candidate_in_email_query,not_flagged,,,,,,valid=0; invalid=0; risky=0; unknown=0
3339,18096559,vdlklimafrance.com,no,,,0,,no_email_candidate_in_email_query,not_flagged,,,,,,valid=0; invalid=0; risky=0; unknown=0
3340,18097433,elevationstl.com,no,,,0,,no_email_candidate_in_email_query,not_flagged,,,,,,valid=0; invalid=0; risky=0; unknown=0
3341,18106085,timsmithies.com,yes,,,0,,no_email_candidate_in_email_query,not_flagged,,,,,,valid=0; invalid=0; risky=0; unknown=0
3342,18107182,obatakaitai.com,no,,,0,,no_email_candidate_in_email_query,not_flagged,,,,,,valid=0; invalid=0; risky=0; unknown=0
3343,18108157,pureenergyhealer.com,yes,,,0,,no_email_candidate_in_email_query,not_flagged,,,,,,valid=0; invalid=0; risky=0; unknown=0
3344,18110905,umtemple.com,no,,,0,,no_email_candidate_in_email_query,not_flagged,,,,,,valid=0; invalid=0; risky=0; unknown=0
3345,18115310,bolio.se,no,,,0,,no_email_candidate_in_email_query,not_flagged,,,,,,valid=0; invalid=0; risky=0; unknown=0
3346,18117107,dunati.com,no,,,0,,no_email_candidate_in_email_query,not_flagged,,,,,,valid=0; invalid=0; risky=0; unknown=0
3347,18119789,monetizeus.com,no,,,0,,no_email_candidate_in_email_query,not_flagged,,,,,,valid=0; invalid=0; risky=0; unknown=0
3348,18137776,shoppingconsult.com.br,no,,,0,,no_email_candidate_in_email_query,not_flagged,,,,,,valid=0; invalid=0; risky=0; unknown=0
3349,18142393,bubblemediagroup.com,yes,,,0,,no_email_candidate_in_email_query,not_flagged,,,,,,valid=0; invalid=0; risky=0; unknown=0
3350,18145606,rightclickdesign.co,no,,,0,,no_email_candidate_in_email_query,not_flagged,,,,,,valid=0; invalid=0; risky=0; unknown=0
3351,18145881,ichkanndas.de,yes,,,0,,no_email_candidate_in_email_query,not_flagged,,,,,,valid=0; invalid=0; risky=0; unknown=0
3352,18150325,palambridge.com,no,,,0,,no_email_candidate_in_email_query,not_flagged,,,,,,valid=0; invalid=0; risky=0; unknown=0
3353,18150560,faithfamilybillings.com,no,,,0,,no_email_candidate_in_email_query,not_flagged,,,,,,valid=0; invalid=0; risky=0; unknown=0
3354,18151207,paletsarinaga.es,yes,,,0,,no_email_candidate_in_email_query,not_flagged,,,,,,valid=0; invalid=0; risky=0; unknown=0
3355,18156253,massivedata.com,no,,,0,,no_email_candidate_in_email_query,not_flagged,,,,,,valid=0; invalid=0; risky=0; unknown=0
3356,18158070,halmasan.ro,no,,,0,,no_email_candidate_in_email_query,not_flagged,,,,,,valid=0; invalid=0; risky=0; unknown=0
3357,18168854,sunsetpicnic.com,yes,,,0,,no_email_candidate_in_email_query,not_flagged,,,,,,valid=0; invalid=0; risky=0; unknown=0
3358,18170058,petsoasisuae.com,yes,,,0,,no_email_candidate_in_email_query,not_flagged,,,,,,valid=0; invalid=0; risky=0; unknown=0
3359,18188036,highstrike.com,no,,,0,,no_email_candidate_in_email_query,not_flagged,,,,,,valid=0; invalid=0; risky=0; unknown=0
3360,18202616,expatspousesinitiative.org,yes,,,0,,no_email_candidate_in_email_query,not_flagged,,,,,,valid=0; invalid=0; risky=0; unknown=0
3361,18221253,klicksaudavel.com.br,yes,,,0,,no_email_candidate_in_email_query,not_flagged,,,,,,valid=0; invalid=0; risky=0; unknown=0
3362,18223140,polskiejagody.pl,no,,,0,,no_email_candidate_in_email_query,not_flagged,,,,,,valid=0; invalid=0; risky=0; unknown=0
3363,18224957,evolutionaryeyecare.com,yes,,,0,,no_email_candidate_in_email_query,not_flagged,,,,,,valid=0; invalid=0; risky=0; unknown=0
3364,18234060,jeffbodart.com,yes,,,0,,no_email_candidate_in_email_query,not_flagged,,,,,,valid=0; invalid=0; risky=0; unknown=0
3365,18234857,preora.com,no,,,0,,no_email_candidate_in_email_query,not_flagged,,,,,,valid=0; invalid=0; risky=0; unknown=0
3366,18241161,drpaultally.com,no,,,0,,no_email_candidate_in_email_query,not_flagged,,,,,,valid=0; invalid=0; risky=0; unknown=0
3367,18248201,parkcrossingdentistry.com,yes,,,0,,no_email_candidate_in_email_query,not_flagged,,,,,,valid=0; invalid=0; risky=0; unknown=0
3368,18259312,thinqsouk.com,yes,,,0,,no_email_candidate_in_email_query,not_flagged,,,,,,valid=0; invalid=0; risky=0; unknown=0
3369,18267299,teamcubate.com,yes,,,0,,no_email_candidate_in_email_query,not_flagged,,,,,,valid=0; invalid=0; risky=0; unknown=0
3370,18267541,mehrpunkt.com,no,,,0,,no_email_candidate_in_email_query,not_flagged,,,,,,valid=0; invalid=0; risky=0; unknown=0
3371,18276008,motifcontent.com,yes,,,0,,no_email_candidate_in_email_query,not_flagged,,,,,,valid=0; invalid=0; risky=0; unknown=0
3372,18279023,mzta.de,yes,,,0,,no_email_candidate_in_email_query,not_flagged,,,,,,valid=0; invalid=0; risky=0; unknown=0
3373,18281590,innership.com,no,,,0,,no_email_candidate_in_email_query,not_flagged,,,,,,valid=0; invalid=0; risky=0; unknown=0
3374,18281662,sovereignway.org,no,,,0,,no_email_candidate_in_email_query,not_flagged,,,,,,valid=0; invalid=0; risky=0; unknown=0
3375,18283546,adspheremarketing.com,no,,,0,,no_email_candidate_in_email_query,not_flagged,,,,,,valid=0; invalid=0; risky=0; unknown=0
3376,18289334,deinbeans.de,no,,,0,,no_email_candidate_in_email_query,not_flagged,,,,,,valid=0; invalid=0; risky=0; unknown=0
3377,18292400,serrubec.com,no,,,0,,no_email_candidate_in_email_query,not_flagged,,,,,,valid=0; invalid=0; risky=0; unknown=0
3378,18298511,supportdouble.com,yes,,,0,,no_email_candidate_in_email_query,not_flagged,,,,,,valid=0; invalid=0; risky=0; unknown=0
3379,18301129,millionsteps.com,yes,,,0,,no_email_candidate_in_email_query,not_flagged,,,,,,valid=0; invalid=0; risky=0; unknown=0
3380,18319634,granviadehortaleza.es,yes,,,0,,no_email_candidate_in_email_query,not_flagged,,,,,,valid=0; invalid=0; risky=0; unknown=0
3381,18330363,malagaentrena.com,no,,,0,,no_email_candidate_in_email_query,not_flagged,,,,,,valid=0; invalid=0; risky=0; unknown=0
3382,18355785,oconnorcpafirm.com,yes,,,0,,no_email_candidate_in_email_query,not_flagged,,,,,,valid=0; invalid=0; risky=0; unknown=0
3383,18355990,happy-haus-bau.de,no,,,0,,no_email_candidate_in_email_query,not_flagged,,,,,,valid=0; invalid=0; risky=0; unknown=0
3384,18357560,yfaconnections.org,yes,,,0,,no_email_candidate_in_email_query,not_flagged,,,,,,valid=0; invalid=0; risky=0; unknown=0
3385,18368472,pointofperformance.com,yes,,,0,,no_email_candidate_in_email_query,not_flagged,,,,,,valid=0; invalid=0; risky=0; unknown=0
3386,18369648,witchywisdoms.com,no,,,0,,no_email_candidate_in_email_query,not_flagged,,,,,,valid=0; invalid=0; risky=0; unknown=0
3387,18373791,cryo.ro,no,,,0,,no_email_candidate_in_email_query,not_flagged,,,,,,valid=0; invalid=0; risky=0; unknown=0
3388,18378678,mplast16.ru,no,,,0,,no_email_candidate_in_email_query,not_flagged,,,,,,valid=0; invalid=0; risky=0; unknown=0
3389,18382539,connernewbold.com,no,,,0,,no_email_candidate_in_email_query,not_flagged,,,,,,valid=0; invalid=0; risky=0; unknown=0
3390,18382801,stockportlibdems.org.uk,no,,,0,,no_email_candidate_in_email_query,not_flagged,,,,,,valid=0; invalid=0; risky=0; unknown=0
3391,18384075,cyreejarellejohnson.com,no,,,0,,no_email_candidate_in_email_query,not_flagged,,,,,,valid=0; invalid=0; risky=0; unknown=0
3392,18389038,tammyvupham.com,no,,,0,,no_email_candidate_in_email_query,not_flagged,,,,,,valid=0; invalid=0; risky=0; unknown=0
3393,18392743,colonialmonuments.com,no,,,0,,no_email_candidate_in_email_query,not_flagged,,,,,,valid=0; invalid=0; risky=0; unknown=0
3394,18408357,tdk-s.com,no,,,0,,no_email_candidate_in_email_query,not_flagged,,,,,,valid=0; invalid=0; risky=0; unknown=0
3395,18410491,invisalignlowermanhattan.com,yes,,,0,,no_email_candidate_in_email_query,not_flagged,,,,,,valid=0; invalid=0; risky=0; unknown=0
3396,18411812,meghanstevenson.com,no,,,0,,no_email_candidate_in_email_query,not_flagged,,,,,,valid=0; invalid=0; risky=0; unknown=0
3397,18416890,pijnlijke.nl,yes,,,0,,no_email_candidate_in_email_query,not_flagged,,,,,,valid=0; invalid=0; risky=0; unknown=0
3398,18420623,dalevermillion.com,yes,,,0,,no_email_candidate_in_email_query,not_flagged,,,,,,valid=0; invalid=0; risky=0; unknown=0
3399,18443045,pfani.com,yes,,,0,,no_email_candidate_in_email_query,not_flagged,,,,,,valid=0; invalid=0; risky=0; unknown=0
3400,18445229,kein-zuhause.de,yes,,,0,,no_email_candidate_in_email_query,not_flagged,,,,,,valid=0; invalid=0; risky=0; unknown=0
3401,18447356,selectpavers.com,no,,,0,,no_email_candidate_in_email_query,not_flagged,,,,,,valid=0; invalid=0; risky=0; unknown=0
3402,18452588,optimaglobalfinancial.com,yes,,,0,,no_email_candidate_in_email_query,not_flagged,,,,,,valid=0; invalid=0; risky=0; unknown=0
3403,18453559,susankblackfoundation.org,yes,,,0,,no_email_candidate_in_email_query,not_flagged,,,,,,valid=0; invalid=0; risky=0; unknown=0
3404,18458888,amie.design,yes,,,0,,no_email_candidate_in_email_query,not_flagged,,,,,,valid=0; invalid=0; risky=0; unknown=0
3405,18460141,jasonfking.com,no,,,0,,no_email_candidate_in_email_query,not_flagged,,,,,,valid=0; invalid=0; risky=0; unknown=0
3406,18470199,ralphwickiser.com,no,,,0,,no_email_candidate_in_email_query,not_flagged,,,,,,valid=0; invalid=0; risky=0; unknown=0
3407,18472905,phoenixny.com,no,,,0,,no_email_candidate_in_email_query,not_flagged,,,,,,valid=0; invalid=0; risky=0; unknown=0
3408,18485384,kom-steuerberatung.de,yes,,,0,,no_email_candidate_in_email_query,not_flagged,,,,,,valid=0; invalid=0; risky=0; unknown=0
3409,18487269,tanglewood.com.au,yes,,,0,,no_email_candidate_in_email_query,not_flagged,,,,,,valid=0; invalid=0; risky=0; unknown=0
3410,18500585,cts-bayern.de,no,,,0,,no_email_candidate_in_email_query,not_flagged,,,,,,valid=0; invalid=0; risky=0; unknown=0
3411,18508165,scaletta.com,no,,,0,,no_email_candidate_in_email_query,not_flagged,,,,,,valid=0; invalid=0; risky=0; unknown=0
3412,18514177,workoutsnap.com,yes,,,0,,no_email_candidate_in_email_query,not_flagged,,,,,,valid=0; invalid=0; risky=0; unknown=0
3413,18519507,proraftingtours.com,yes,,,0,,no_email_candidate_in_email_query,not_flagged,,,,,,valid=0; invalid=0; risky=0; unknown=0
3414,18526514,shinymedicalcentre.com,yes,,,0,,no_email_candidate_in_email_query,not_flagged,,,,,,valid=0; invalid=0; risky=0; unknown=0
3415,18535244,fibrolith.de,no,,,0,,no_email_candidate_in_email_query,not_flagged,,,,,,valid=0; invalid=0; risky=0; unknown=0
3416,18540712,worldclassnannies.com,yes,,,0,,no_email_candidate_in_email_query,not_flagged,,,,,,valid=0; invalid=0; risky=0; unknown=0
3417,18541752,syndicate.one,yes,,,0,,no_email_candidate_in_email_query,not_flagged,,,,,,valid=0; invalid=0; risky=0; unknown=0
3418,18548595,desenhowebvitoria.com.br,no,,,0,,no_email_candidate_in_email_query,not_flagged,,,,,,valid=0; invalid=0; risky=0; unknown=0
3419,18551003,cellinobio.com,yes,,,0,,no_email_candidate_in_email_query,not_flagged,,,,,,valid=0; invalid=0; risky=0; unknown=0
3420,18557450,betterlifevietnam.org,no,,,0,,no_email_candidate_in_email_query,not_flagged,,,,,,valid=0; invalid=0; risky=0; unknown=0
3421,18561286,omg-group.com,no,,,0,,no_email_candidate_in_email_query,not_flagged,,,,,,valid=0; invalid=0; risky=0; unknown=0
3422,18568686,holz-hoffrecht.de,no,,,0,,no_email_candidate_in_email_query,not_flagged,,,,,,valid=0; invalid=0; risky=0; unknown=0
3423,18573025,citychurchlufkin.com,no,,,0,,no_email_candidate_in_email_query,not_flagged,,,,,,valid=0; invalid=0; risky=0; unknown=0
3424,18574463,beratung-steuern.de,yes,,,0,,no_email_candidate_in_email_query,not_flagged,,,,,,valid=0; invalid=0; risky=0; unknown=0
3425,18585223,maeta-kids.com,no,,,0,,no_email_candidate_in_email_query,not_flagged,,,,,,valid=0; invalid=0; risky=0; unknown=0
3426,18590770,bordoinc.com,no,,,0,,no_email_candidate_in_email_query,not_flagged,,,,,,valid=0; invalid=0; risky=0; unknown=0
3427,18604147,mangolearningexpress.com,yes,,,0,,no_email_candidate_in_email_query,not_flagged,,,,,,valid=0; invalid=0; risky=0; unknown=0
3428,18611818,rouseincrestoration.com,no,,,0,,no_email_candidate_in_email_query,not_flagged,,,,,,valid=0; invalid=0; risky=0; unknown=0
3429,18616402,roundpegsearch.com,no,,,0,,no_email_candidate_in_email_query,not_flagged,,,,,,valid=0; invalid=0; risky=0; unknown=0
3430,18624872,greaterlouisvilleproject.org,no,,,0,,no_email_candidate_in_email_query,not_flagged,,,,,,valid=0; invalid=0; risky=0; unknown=0
3431,18627091,elevateorlando.org,yes,,,0,,no_email_candidate_in_email_query,not_flagged,,,,,,valid=0; invalid=0; risky=0; unknown=0
3432,18635660,pearltuty.com,no,,,0,,no_email_candidate_in_email_query,not_flagged,,,,,,valid=0; invalid=0; risky=0; unknown=0
3433,18640575,nixoncustomhomes.com,no,,,0,,no_email_candidate_in_email_query,not_flagged,,,,,,valid=0; invalid=0; risky=0; unknown=0
3434,18641302,webdesign-tools.de,no,,,0,,no_email_candidate_in_email_query,not_flagged,,,,,,valid=0; invalid=0; risky=0; unknown=0
3435,18645886,bib-rental.com,no,,,0,,no_email_candidate_in_email_query,not_flagged,,,,,,valid=0; invalid=0; risky=0; unknown=0
3436,18650909,shearose.com,yes,,,0,,no_email_candidate_in_email_query,not_flagged,,,,,,valid=0; invalid=0; risky=0; unknown=0
3437,18657141,yorkmoneyman.com,no,,,0,,no_email_candidate_in_email_query,not_flagged,,,,,,valid=0; invalid=0; risky=0; unknown=0
3438,18657490,perladental.ca,yes,,,0,,no_email_candidate_in_email_query,not_flagged,,,,,,valid=0; invalid=0; risky=0; unknown=0
3439,18659574,sueciacarsanluis.com,no,,,0,,no_email_candidate_in_email_query,not_flagged,,,,,,valid=0; invalid=0; risky=0; unknown=0
3440,18666253,meganhellerer.com,yes,,,0,,no_email_candidate_in_email_query,not_flagged,,,,,,valid=0; invalid=0; risky=0; unknown=0
3441,18672325,ashtonglobal.com,yes,,,0,,no_email_candidate_in_email_query,not_flagged,,,,,,valid=0; invalid=0; risky=0; unknown=0
3442,18675795,procomtxk.com,yes,,,0,,no_email_candidate_in_email_query,not_flagged,,,,,,valid=0; invalid=0; risky=0; unknown=0
3443,18677004,borcom.cc,no,,,0,,no_email_candidate_in_email_query,not_flagged,,,,,,valid=0; invalid=0; risky=0; unknown=0
3444,18680572,smarthop.com,no,,,0,,no_email_candidate_in_email_query,not_flagged,,,,,,valid=0; invalid=0; risky=0; unknown=0
3445,18687985,kozijnen2000.nl,no,,,0,,no_email_candidate_in_email_query,not_flagged,,,,,,valid=0; invalid=0; risky=0; unknown=0
3446,18692981,colemedia.net,yes,,,0,,no_email_candidate_in_email_query,not_flagged,,,,,,valid=0; invalid=0; risky=0; unknown=0
3447,18699250,bigwheelbarrow.com,no,,,0,,no_email_candidate_in_email_query,not_flagged,,,,,,valid=0; invalid=0; risky=0; unknown=0
3448,18699718,mud.foundation,yes,,,0,,no_email_candidate_in_email_query,not_flagged,,,,,,valid=0; invalid=0; risky=0; unknown=0
3449,18704509,lsdom.com,no,,,0,,no_email_candidate_in_email_query,not_flagged,,,,,,valid=0; invalid=0; risky=0; unknown=0
3450,18707552,scareyoursoul.com,yes,,,0,,no_email_candidate_in_email_query,not_flagged,,,,,,valid=0; invalid=0; risky=0; unknown=0
3451,18710631,rayola.com,yes,,,0,,no_email_candidate_in_email_query,not_flagged,,,,,,valid=0; invalid=0; risky=0; unknown=0
3452,18715028,crushmastergrinding.com,no,,,0,,no_email_candidate_in_email_query,not_flagged,,,,,,valid=0; invalid=0; risky=0; unknown=0
3453,18717436,tomsheatandair.com,yes,,,0,,no_email_candidate_in_email_query,not_flagged,,,,,,valid=0; invalid=0; risky=0; unknown=0
3454,18728917,startupiowachat.com,yes,,,0,,no_email_candidate_in_email_query,not_flagged,,,,,,valid=0; invalid=0; risky=0; unknown=0
3455,18730013,madonieareainterna.it,no,,,0,,no_email_candidate_in_email_query,not_flagged,,,,,,valid=0; invalid=0; risky=0; unknown=0
3456,18744554,marcagrafica.com,no,,,0,,no_email_candidate_in_email_query,not_flagged,,,,,,valid=0; invalid=0; risky=0; unknown=0
3457,18745474,ctocraft.com,yes,,,0,,no_email_candidate_in_email_query,not_flagged,,,,,,valid=0; invalid=0; risky=0; unknown=0
3458,18747495,evalee.ca,no,,,0,,no_email_candidate_in_email_query,not_flagged,,,,,,valid=0; invalid=0; risky=0; unknown=0
3459,18754373,annaville.com,no,,,0,,no_email_candidate_in_email_query,not_flagged,,,,,,valid=0; invalid=0; risky=0; unknown=0
3460,18760898,niftee.com,yes,,,0,,no_email_candidate_in_email_query,not_flagged,,,,,,valid=0; invalid=0; risky=0; unknown=0
3461,18765918,everythingclicks.com,yes,,,0,,no_email_candidate_in_email_query,not_flagged,,,,,,valid=0; invalid=0; risky=0; unknown=0
3462,18767929,tylerreagin.com,yes,,,0,,no_email_candidate_in_email_query,not_flagged,,,,,,valid=0; invalid=0; risky=0; unknown=0
3463,18772459,pickupstorage.se,yes,,,0,,no_email_candidate_in_email_query,not_flagged,,,,,,valid=0; invalid=0; risky=0; unknown=0
3464,18775141,benmarvazi.com,yes,,,0,,no_email_candidate_in_email_query,not_flagged,,,,,,valid=0; invalid=0; risky=0; unknown=0
3465,18790065,der-hotelexperte.de,no,,,0,,no_email_candidate_in_email_query,not_flagged,,,,,,valid=0; invalid=0; risky=0; unknown=0
3466,18795168,serreexclusief.nl,no,,,0,,no_email_candidate_in_email_query,not_flagged,,,,,,valid=0; invalid=0; risky=0; unknown=0
3467,18795864,josephsmithsr.org,no,,,0,,no_email_candidate_in_email_query,not_flagged,,,,,,valid=0; invalid=0; risky=0; unknown=0
3468,18804098,1broadbridge.com,yes,,,0,,no_email_candidate_in_email_query,not_flagged,,,,,,valid=0; invalid=0; risky=0; unknown=0
3469,18808608,kulpplumbing.com,yes,,,0,,no_email_candidate_in_email_query,not_flagged,,,,,,valid=0; invalid=0; risky=0; unknown=0
3470,18808938,matratex.com,yes,,,0,,no_email_candidate_in_email_query,not_flagged,,,,,,valid=0; invalid=0; risky=0; unknown=0
3471,18816826,plantation-apartments.com,no,,,0,,no_email_candidate_in_email_query,not_flagged,,,,,,valid=0; invalid=0; risky=0; unknown=0
3472,18825601,aperture.co,yes,,,0,,no_email_candidate_in_email_query,not_flagged,,,,,,valid=0; invalid=0; risky=0; unknown=0
3473,18830611,closeher.com,yes,,,0,,no_email_candidate_in_email_query,not_flagged,,,,,,valid=0; invalid=0; risky=0; unknown=0
3474,18836597,ees.cl,no,,,0,,no_email_candidate_in_email_query,not_flagged,,,,,,valid=0; invalid=0; risky=0; unknown=0
3475,18838104,premierloghomes.co.uk,yes,,,0,,no_email_candidate_in_email_query,not_flagged,,,,,,valid=0; invalid=0; risky=0; unknown=0
3476,18841217,ishaa.ie,no,,,0,,no_email_candidate_in_email_query,not_flagged,,,,,,valid=0; invalid=0; risky=0; unknown=0
3477,18862889,walkentech.com,no,,,0,,no_email_candidate_in_email_query,not_flagged,,,,,,valid=0; invalid=0; risky=0; unknown=0
3478,18863248,compassroyaltymanagement.com,no,,,0,,no_email_candidate_in_email_query,not_flagged,,,,,,valid=0; invalid=0; risky=0; unknown=0
3479,18866733,sac.kz,no,,,0,,no_email_candidate_in_email_query,not_flagged,,,,,,valid=0; invalid=0; risky=0; unknown=0
3480,18868958,peoplewho.design,yes,,,0,,no_email_candidate_in_email_query,not_flagged,,,,,,valid=0; invalid=0; risky=0; unknown=0
3481,18870024,fpalava.com,yes,,,0,,no_email_candidate_in_email_query,not_flagged,,,,,,valid=0; invalid=0; risky=0; unknown=0
3482,18871146,lesrecettesdadrienne.com,yes,,,0,,no_email_candidate_in_email_query,not_flagged,,,,,,valid=0; invalid=0; risky=0; unknown=0
3483,18873444,arkhaus.co,yes,,,0,,no_email_candidate_in_email_query,not_flagged,,,,,,valid=0; invalid=0; risky=0; unknown=0
3484,18875797,gooapps.es,yes,,,0,,no_email_candidate_in_email_query,not_flagged,,,,,,valid=0; invalid=0; risky=0; unknown=0
3485,18877181,blendo.com,no,,,0,,no_email_candidate_in_email_query,not_flagged,,,,,,valid=0; invalid=0; risky=0; unknown=0
3486,18881069,interactionmetrics.com,no,,,0,,no_email_candidate_in_email_query,not_flagged,,,,,,valid=0; invalid=0; risky=0; unknown=0
3487,18882668,abrisfond.ru,no,,,0,,no_email_candidate_in_email_query,not_flagged,,,,,,valid=0; invalid=0; risky=0; unknown=0
3488,18882704,vladimircizek.cz,no,,,0,,no_email_candidate_in_email_query,not_flagged,,,,,,valid=0; invalid=0; risky=0; unknown=0
3489,18885466,symetri.no,no,,,0,,no_email_candidate_in_email_query,not_flagged,,,,,,valid=0; invalid=0; risky=0; unknown=0
3490,18889249,smtexpo.com,no,,,0,,no_email_candidate_in_email_query,not_flagged,,,,,,valid=0; invalid=0; risky=0; unknown=0
3491,18889586,colinkeeley.com,yes,,,0,,no_email_candidate_in_email_query,not_flagged,,,,,,valid=0; invalid=0; risky=0; unknown=0
3492,18902135,itgi.com.br,yes,,,0,,no_email_candidate_in_email_query,not_flagged,,,,,,valid=0; invalid=0; risky=0; unknown=0
3493,18916374,treeservicessacramento.org,no,,,0,,no_email_candidate_in_email_query,not_flagged,,,,,,valid=0; invalid=0; risky=0; unknown=0
3494,18917576,hipnoterapisemarang.net,no,,,0,,no_email_candidate_in_email_query,not_flagged,,,,,,valid=0; invalid=0; risky=0; unknown=0
3495,18939503,chicagorehabloans.com,yes,,,0,,no_email_candidate_in_email_query,not_flagged,,,,,,valid=0; invalid=0; risky=0; unknown=0
3496,18946890,profipersonal.com,no,,,0,,no_email_candidate_in_email_query,not_flagged,,,,,,valid=0; invalid=0; risky=0; unknown=0
3497,18948256,spectaclecommittee.org,yes,,,0,,no_email_candidate_in_email_query,not_flagged,,,,,,valid=0; invalid=0; risky=0; unknown=0
3498,18948995,bathmastersinc.com,no,,,0,,no_email_candidate_in_email_query,not_flagged,,,,,,valid=0; invalid=0; risky=0; unknown=0
3499,18950161,onthemarkarchery.com,no,,,0,,no_email_candidate_in_email_query,not_flagged,,,,,,valid=0; invalid=0; risky=0; unknown=0
3500,18952021,ocaro.nl,yes,,,0,,no_email_candidate_in_email_query,not_flagged,,,,,,valid=0; invalid=0; risky=0; unknown=0
3501,18967910,randomshaper.com,no,,,0,,no_email_candidate_in_email_query,not_flagged,,,,,,valid=0; invalid=0; risky=0; unknown=0
3502,18971208,thecraftwinefest.com,yes,,,0,,no_email_candidate_in_email_query,not_flagged,,,,,,valid=0; invalid=0; risky=0; unknown=0
3503,18972388,abihearing.com.au,yes,,,0,,no_email_candidate_in_email_query,not_flagged,,,,,,valid=0; invalid=0; risky=0; unknown=0
3504,18972670,polishedfamilydental.com,yes,,,0,,no_email_candidate_in_email_query,not_flagged,,,,,,valid=0; invalid=0; risky=0; unknown=0
3505,18975552,tsevetlohamim.com,no,,,0,,no_email_candidate_in_email_query,not_flagged,,,,,,valid=0; invalid=0; risky=0; unknown=0
3506,18978445,plumbcall.com.au,yes,,,0,,no_email_candidate_in_email_query,not_flagged,,,,,,valid=0; invalid=0; risky=0; unknown=0
3507,18995848,5-a.jp,no,,,0,,no_email_candidate_in_email_query,not_flagged,,,,,,valid=0; invalid=0; risky=0; unknown=0
3508,19004044,hawaiianliterature.com,yes,,,0,,no_email_candidate_in_email_query,not_flagged,,,,,,valid=0; invalid=0; risky=0; unknown=0
3509,19014479,spielzeugtrends.com,yes,,,0,,no_email_candidate_in_email_query,not_flagged,,,,,,valid=0; invalid=0; risky=0; unknown=0
3510,19022294,timemapproject.com,yes,,,0,,no_email_candidate_in_email_query,not_flagged,,,,,,valid=0; invalid=0; risky=0; unknown=0
3511,19029192,5toride.org,yes,,,0,,no_email_candidate_in_email_query,not_flagged,,,,,,valid=0; invalid=0; risky=0; unknown=0
3512,19041092,glca.co.nz,no,,,0,,no_email_candidate_in_email_query,not_flagged,,,,,,valid=0; invalid=0; risky=0; unknown=0
3513,19042576,heartcount.com,no,,,0,,no_email_candidate_in_email_query,not_flagged,,,,,,valid=0; invalid=0; risky=0; unknown=0
3514,19059786,veluwe.nl,no,,,0,,no_email_candidate_in_email_query,not_flagged,,,,,,valid=0; invalid=0; risky=0; unknown=0
3515,19063791,kellycommercialcleaning.com,no,,,0,,no_email_candidate_in_email_query,not_flagged,,,,,,valid=0; invalid=0; risky=0; unknown=0
3516,19069442,imposol.com,no,,,0,,no_email_candidate_in_email_query,not_flagged,,,,,,valid=0; invalid=0; risky=0; unknown=0
3517,19071948,deployabletechnologies.com,yes,,,0,,no_email_candidate_in_email_query,not_flagged,,,,,,valid=0; invalid=0; risky=0; unknown=0
3518,19080985,vivaltomedia.com,yes,,,0,,no_email_candidate_in_email_query,not_flagged,,,,,,valid=0; invalid=0; risky=0; unknown=0
3519,19087548,fencebrokers.com,no,,,0,,no_email_candidate_in_email_query,not_flagged,,,,,,valid=0; invalid=0; risky=0; unknown=0
3520,19091682,cjbecas.com,yes,,,0,,no_email_candidate_in_email_query,not_flagged,,,,,,valid=0; invalid=0; risky=0; unknown=0
3521,19094053,ragnars.se,no,,,0,,no_email_candidate_in_email_query,not_flagged,,,,,,valid=0; invalid=0; risky=0; unknown=0
3522,19101180,coastalmonuments.com,no,,,0,,no_email_candidate_in_email_query,not_flagged,,,,,,valid=0; invalid=0; risky=0; unknown=0
3523,19103363,nomadroots.com.br,yes,,,0,,no_email_candidate_in_email_query,not_flagged,,,,,,valid=0; invalid=0; risky=0; unknown=0
3524,19110736,allundangan.com,no,,,0,,no_email_candidate_in_email_query,not_flagged,,,,,,valid=0; invalid=0; risky=0; unknown=0
3525,19123327,husneycpa.com,yes,,,0,,no_email_candidate_in_email_query,not_flagged,,,,,,valid=0; invalid=0; risky=0; unknown=0
3526,19128759,wellsense.ie,yes,,,0,,no_email_candidate_in_email_query,not_flagged,,,,,,valid=0; invalid=0; risky=0; unknown=0
3527,19131005,one80fit.nl,no,,,0,,no_email_candidate_in_email_query,not_flagged,,,,,,valid=0; invalid=0; risky=0; unknown=0
3528,19139158,campbellmurch.com,no,,,0,,no_email_candidate_in_email_query,not_flagged,,,,,,valid=0; invalid=0; risky=0; unknown=0
3529,19151725,rkindustries.org,no,,,0,,no_email_candidate_in_email_query,not_flagged,,,,,,valid=0; invalid=0; risky=0; unknown=0
3530,19160035,maciejsikora.pl,no,,,0,,no_email_candidate_in_email_query,not_flagged,,,,,,valid=0; invalid=0; risky=0; unknown=0
3531,19160876,1-shtukatur.ru,no,,,0,,no_email_candidate_in_email_query,not_flagged,,,,,,valid=0; invalid=0; risky=0; unknown=0
3532,19173154,mychurchpay.com,yes,,,0,,no_email_candidate_in_email_query,not_flagged,,,,,,valid=0; invalid=0; risky=0; unknown=0
3533,19179261,stmarymontrose.org,yes,,,0,,no_email_candidate_in_email_query,not_flagged,,,,,,valid=0; invalid=0; risky=0; unknown=0
3534,19183596,miinvitado.com,no,,,0,,no_email_candidate_in_email_query,not_flagged,,,,,,valid=0; invalid=0; risky=0; unknown=0
3535,19186894,musclecoach.org,no,,,0,,no_email_candidate_in_email_query,not_flagged,,,,,,valid=0; invalid=0; risky=0; unknown=0
3536,19197890,garagehive.co.uk,no,,,0,,no_email_candidate_in_email_query,not_flagged,,,,,,valid=0; invalid=0; risky=0; unknown=0
3537,19204358,summerpackit.com,yes,,,0,,no_email_candidate_in_email_query,not_flagged,,,,,,valid=0; invalid=0; risky=0; unknown=0
3538,19227893,gipmanmillwork.com,yes,,,0,,no_email_candidate_in_email_query,not_flagged,,,,,,valid=0; invalid=0; risky=0; unknown=0
3539,19231196,6sc.com,no,,,0,,no_email_candidate_in_email_query,not_flagged,,,,,,valid=0; invalid=0; risky=0; unknown=0
3540,19231197,colorofwoman.com,yes,,,0,,no_email_candidate_in_email_query,not_flagged,,,,,,valid=0; invalid=0; risky=0; unknown=0
3541,19231459,russin.com,yes,,,0,,no_email_candidate_in_email_query,not_flagged,,,,,,valid=0; invalid=0; risky=0; unknown=0
3542,19232772,environmentalprotech.com,no,,,0,,no_email_candidate_in_email_query,not_flagged,,,,,,valid=0; invalid=0; risky=0; unknown=0
3543,19238864,frazierbusinesssolutions.com,yes,,,0,,no_email_candidate_in_email_query,not_flagged,,,,,,valid=0; invalid=0; risky=0; unknown=0
3544,19265326,annapolislifestyle.com,yes,,,0,,no_email_candidate_in_email_query,not_flagged,,,,,,valid=0; invalid=0; risky=0; unknown=0
3545,19268026,iso-team-veenhusen.de,no,,,0,,no_email_candidate_in_email_query,not_flagged,,,,,,valid=0; invalid=0; risky=0; unknown=0
3546,19271209,gutscincinnati.com,yes,,,0,,no_email_candidate_in_email_query,not_flagged,,,,,,valid=0; invalid=0; risky=0; unknown=0
3547,19277759,renegadegym.co.uk,yes,,,0,,no_email_candidate_in_email_query,not_flagged,,,,,,valid=0; invalid=0; risky=0; unknown=0
3548,19283762,baltik-park.pl,no,,,0,,no_email_candidate_in_email_query,not_flagged,,,,,,valid=0; invalid=0; risky=0; unknown=0
3549,19284234,thepsychpractice.com,no,,,0,,no_email_candidate_in_email_query,not_flagged,,,,,,valid=0; invalid=0; risky=0; unknown=0
3550,19291448,brooksidesmiles.com,yes,,,0,,no_email_candidate_in_email_query,not_flagged,,,,,,valid=0; invalid=0; risky=0; unknown=0
3551,19292396,sharankuttappa.com,no,,,0,,no_email_candidate_in_email_query,not_flagged,,,,,,valid=0; invalid=0; risky=0; unknown=0
3552,19293354,dmdwhere.com,yes,,,0,,no_email_candidate_in_email_query,not_flagged,,,,,,valid=0; invalid=0; risky=0; unknown=0
3553,19294267,dvdentistry.com,yes,,,0,,no_email_candidate_in_email_query,not_flagged,,,,,,valid=0; invalid=0; risky=0; unknown=0
3554,19296125,kickass.capital,no,,,0,,no_email_candidate_in_email_query,not_flagged,,,,,,valid=0; invalid=0; risky=0; unknown=0
3555,19301594,signworldkerala.com,yes,,,0,,no_email_candidate_in_email_query,not_flagged,,,,,,valid=0; invalid=0; risky=0; unknown=0
3556,19303988,premiumcardsa.com,no,,,0,,no_email_candidate_in_email_query,not_flagged,,,,,,valid=0; invalid=0; risky=0; unknown=0
3557,19315342,kauaibiblechurch.com,no,,,0,,no_email_candidate_in_email_query,not_flagged,,,,,,valid=0; invalid=0; risky=0; unknown=0
3558,19316473,haight-st-commons.org,yes,,,0,,no_email_candidate_in_email_query,not_flagged,,,,,,valid=0; invalid=0; risky=0; unknown=0
3559,19319389,godshand.org,yes,,,0,,no_email_candidate_in_email_query,not_flagged,,,,,,valid=0; invalid=0; risky=0; unknown=0
3560,19326123,goldiesbbq.co,no,,,0,,no_email_candidate_in_email_query,not_flagged,,,,,,valid=0; invalid=0; risky=0; unknown=0
3561,19334598,weddingdaystory.com,yes,,,0,,no_email_candidate_in_email_query,not_flagged,,,,,,valid=0; invalid=0; risky=0; unknown=0
3562,19335175,camoflaugedoc.com,no,,,0,,no_email_candidate_in_email_query,not_flagged,,,,,,valid=0; invalid=0; risky=0; unknown=0
3563,19336869,wilpierce.com,yes,,,0,,no_email_candidate_in_email_query,not_flagged,,,,,,valid=0; invalid=0; risky=0; unknown=0
3564,19348247,howtogetyourdreamjob.com,yes,,,0,,no_email_candidate_in_email_query,not_flagged,,,,,,valid=0; invalid=0; risky=0; unknown=0
3565,19352065,1000four.com,yes,,,0,,no_email_candidate_in_email_query,not_flagged,,,,,,valid=0; invalid=0; risky=0; unknown=0
3566,19352089,accionporvillarino.org,yes,,,0,,no_email_candidate_in_email_query,not_flagged,,,,,,valid=0; invalid=0; risky=0; unknown=0
3567,19357201,go2ccc.org,no,,,0,,no_email_candidate_in_email_query,not_flagged,,,,,,valid=0; invalid=0; risky=0; unknown=0
3568,19366036,activeleasing.com.mx,no,,,0,,no_email_candidate_in_email_query,not_flagged,,,,,,valid=0; invalid=0; risky=0; unknown=0
3569,19369452,mahladi.com,no,,,0,,no_email_candidate_in_email_query,not_flagged,,,,,,valid=0; invalid=0; risky=0; unknown=0
3570,19370427,financialplannersandiego.com,no,,,0,,no_email_candidate_in_email_query,not_flagged,,,,,,valid=0; invalid=0; risky=0; unknown=0
3571,19374160,21stcenturyprogramming.com,no,,,0,,no_email_candidate_in_email_query,not_flagged,,,,,,valid=0; invalid=0; risky=0; unknown=0
3572,19376763,plantjobs.org,no,,,0,,no_email_candidate_in_email_query,not_flagged,,,,,,valid=0; invalid=0; risky=0; unknown=0
3573,19379070,neodijital.com,yes,,,0,,no_email_candidate_in_email_query,not_flagged,,,,,,valid=0; invalid=0; risky=0; unknown=0
3574,19382709,greglemanski.net,no,,,0,,no_email_candidate_in_email_query,not_flagged,,,,,,valid=0; invalid=0; risky=0; unknown=0
3575,19384245,uyannaexport.com,no,,,0,,no_email_candidate_in_email_query,not_flagged,,,,,,valid=0; invalid=0; risky=0; unknown=0
3576,19389595,gcbdsn.com,no,,,0,,no_email_candidate_in_email_query,not_flagged,,,,,,valid=0; invalid=0; risky=0; unknown=0
3577,19393862,lehr.com,no,,,0,,no_email_candidate_in_email_query,not_flagged,,,,,,valid=0; invalid=0; risky=0; unknown=0
3578,19408480,tchnlgy.com,no,,,0,,no_email_candidate_in_email_query,not_flagged,,,,,,valid=0; invalid=0; risky=0; unknown=0
3579,19425833,surplusguys.net,yes,,,0,,no_email_candidate_in_email_query,not_flagged,,,,,,valid=0; invalid=0; risky=0; unknown=0
3580,19430648,isaacsassociates.com,yes,,,0,,no_email_candidate_in_email_query,not_flagged,,,,,,valid=0; invalid=0; risky=0; unknown=0
3581,19431320,depthandcandor.com,yes,,,0,,no_email_candidate_in_email_query,not_flagged,,,,,,valid=0; invalid=0; risky=0; unknown=0
3582,19435212,zelleryoga.com,yes,,,0,,no_email_candidate_in_email_query,not_flagged,,,,,,valid=0; invalid=0; risky=0; unknown=0
3583,19450137,fultonindustries.com,no,,,0,,no_email_candidate_in_email_query,not_flagged,,,,,,valid=0; invalid=0; risky=0; unknown=0
3584,19459380,executivemindfulness.org,yes,,,0,,no_email_candidate_in_email_query,not_flagged,,,,,,valid=0; invalid=0; risky=0; unknown=0
3585,19462614,leuchtenmueller.at,no,,,0,,no_email_candidate_in_email_query,not_flagged,,,,,,valid=0; invalid=0; risky=0; unknown=0
3586,19474722,komal.com,yes,,,0,,no_email_candidate_in_email_query,not_flagged,,,,,,valid=0; invalid=0; risky=0; unknown=0
3587,19477691,ramarfp.com,yes,,,0,,no_email_candidate_in_email_query,not_flagged,,,,,,valid=0; invalid=0; risky=0; unknown=0
3588,19491734,stokedonprinting.com,no,,,0,,no_email_candidate_in_email_query,not_flagged,,,,,,valid=0; invalid=0; risky=0; unknown=0
3589,19496378,suurmunamagi.ee,no,,,0,,no_email_candidate_in_email_query,not_flagged,,,,,,valid=0; invalid=0; risky=0; unknown=0
3590,19505989,michelangelopro.com,no,,,0,,no_email_candidate_in_email_query,not_flagged,,,,,,valid=0; invalid=0; risky=0; unknown=0
3591,19513239,slimr.com,yes,,,0,,no_email_candidate_in_email_query,not_flagged,,,,,,valid=0; invalid=0; risky=0; unknown=0
3592,19521370,elantragate.com,yes,,,0,,no_email_candidate_in_email_query,not_flagged,,,,,,valid=0; invalid=0; risky=0; unknown=0
3593,19521785,gmmonarchwest.com,yes,,,0,,no_email_candidate_in_email_query,not_flagged,,,,,,valid=0; invalid=0; risky=0; unknown=0
3594,19528867,talkmembers.com,yes,,,0,,no_email_candidate_in_email_query,not_flagged,,,,,,valid=0; invalid=0; risky=0; unknown=0
3595,19529036,centredentaireaoude.com,no,,,0,,no_email_candidate_in_email_query,not_flagged,,,,,,valid=0; invalid=0; risky=0; unknown=0
3596,19530037,cflowdev.com,no,,,0,,no_email_candidate_in_email_query,not_flagged,,,,,,valid=0; invalid=0; risky=0; unknown=0
3597,19532386,globalgirlssquad.com,yes,,,0,,no_email_candidate_in_email_query,not_flagged,,,,,,valid=0; invalid=0; risky=0; unknown=0
3598,19538454,sponsorships.com,yes,,,0,,no_email_candidate_in_email_query,not_flagged,,,,,,valid=0; invalid=0; risky=0; unknown=0
3599,19549089,dentalpromotion.nl,no,,,0,,no_email_candidate_in_email_query,not_flagged,,,,,,valid=0; invalid=0; risky=0; unknown=0
3600,19555686,kk-kasamatsu.com,no,,,0,,no_email_candidate_in_email_query,not_flagged,,,,,,valid=0; invalid=0; risky=0; unknown=0
3601,19556677,themobilecoffeegroup.com.au,no,,,0,,no_email_candidate_in_email_query,not_flagged,,,,,,valid=0; invalid=0; risky=0; unknown=0
3602,19564256,paramountmachine.com,no,,,0,,no_email_candidate_in_email_query,not_flagged,,,,,,valid=0; invalid=0; risky=0; unknown=0
3603,19570077,jankfacques.com,no,,,0,,no_email_candidate_in_email_query,not_flagged,,,,,,valid=0; invalid=0; risky=0; unknown=0
3604,19582686,yard.nl,no,,,0,,no_email_candidate_in_email_query,not_flagged,,,,,,valid=0; invalid=0; risky=0; unknown=0
3605,19586072,awakenloveytt.com,yes,,,0,,no_email_candidate_in_email_query,not_flagged,,,,,,valid=0; invalid=0; risky=0; unknown=0
3606,19610848,lesliedavenport.com,no,,,0,,no_email_candidate_in_email_query,not_flagged,,,,,,valid=0; invalid=0; risky=0; unknown=0
3607,19617642,alexspataru.com,no,,,0,,no_email_candidate_in_email_query,not_flagged,,,,,,valid=0; invalid=0; risky=0; unknown=0
3608,19636349,m-comm.fr,yes,,,0,,no_email_candidate_in_email_query,not_flagged,,,,,,valid=0; invalid=0; risky=0; unknown=0
3609,19641638,cityroofingorlando.com,no,,,0,,no_email_candidate_in_email_query,not_flagged,,,,,,valid=0; invalid=0; risky=0; unknown=0
3610,19643798,1844exitasis.com,no,,,0,,no_email_candidate_in_email_query,not_flagged,,,,,,valid=0; invalid=0; risky=0; unknown=0
3611,19643845,thirahealth.com,no,,,0,,no_email_candidate_in_email_query,not_flagged,,,,,,valid=0; invalid=0; risky=0; unknown=0
3612,19654614,findaloan.com.au,no,,,0,,no_email_candidate_in_email_query,not_flagged,,,,,,valid=0; invalid=0; risky=0; unknown=0
3613,19660962,theinsidespace.com,no,,,0,,no_email_candidate_in_email_query,not_flagged,,,,,,valid=0; invalid=0; risky=0; unknown=0
3614,19664671,levelupconference.com.au,yes,,,0,,no_email_candidate_in_email_query,not_flagged,,,,,,valid=0; invalid=0; risky=0; unknown=0
3615,19665207,miele-service.su,no,,,0,,no_email_candidate_in_email_query,not_flagged,,,,,,valid=0; invalid=0; risky=0; unknown=0
3616,19666395,plazapaint.com,no,,,0,,no_email_candidate_in_email_query,not_flagged,,,,,,valid=0; invalid=0; risky=0; unknown=0
3617,19675771,arkepool.it,yes,,,0,,no_email_candidate_in_email_query,not_flagged,,,,,,valid=0; invalid=0; risky=0; unknown=0
3618,19682088,floridienne.be,no,,,0,,no_email_candidate_in_email_query,not_flagged,,,,,,valid=0; invalid=0; risky=0; unknown=0
3619,19694541,keystoneads.com,no,,,0,,no_email_candidate_in_email_query,not_flagged,,,,,,valid=0; invalid=0; risky=0; unknown=0
3620,19699267,thekiranaungasan.com,no,,,0,,no_email_candidate_in_email_query,not_flagged,,,,,,valid=0; invalid=0; risky=0; unknown=0
3621,19707261,ecofom.ru,no,,,0,,no_email_candidate_in_email_query,not_flagged,,,,,,valid=0; invalid=0; risky=0; unknown=0
3622,19723271,inhomeoptics.com,no,,,0,,no_email_candidate_in_email_query,not_flagged,,,,,,valid=0; invalid=0; risky=0; unknown=0
3623,19744691,andrewghodges.com,no,,,0,,no_email_candidate_in_email_query,not_flagged,,,,,,valid=0; invalid=0; risky=0; unknown=0
3624,19794271,jordanenergy.org,yes,,,0,,no_email_candidate_in_email_query,not_flagged,,,,,,valid=0; invalid=0; risky=0; unknown=0
3625,19799366,rosects.com,no,,,0,,no_email_candidate_in_email_query,not_flagged,,,,,,valid=0; invalid=0; risky=0; unknown=0
3626,19802130,pdatos.com,no,,,0,,no_email_candidate_in_email_query,not_flagged,,,,,,valid=0; invalid=0; risky=0; unknown=0
3627,19807955,1stchristianchurch.com,no,,,0,,no_email_candidate_in_email_query,not_flagged,,,,,,valid=0; invalid=0; risky=0; unknown=0
3628,19808851,towerhill.com.br,no,,,0,,no_email_candidate_in_email_query,not_flagged,,,,,,valid=0; invalid=0; risky=0; unknown=0
3629,19809948,chriszachinteract.com,no,,,0,,no_email_candidate_in_email_query,not_flagged,,,,,,valid=0; invalid=0; risky=0; unknown=0
3630,19816756,bjarefagel.se,no,,,0,,no_email_candidate_in_email_query,not_flagged,,,,,,valid=0; invalid=0; risky=0; unknown=0
3631,19829839,uiexm.com,no,,,0,,no_email_candidate_in_email_query,not_flagged,,,,,,valid=0; invalid=0; risky=0; unknown=0
3632,19831551,snapio.com,no,,,0,,no_email_candidate_in_email_query,not_flagged,,,,,,valid=0; invalid=0; risky=0; unknown=0
3633,19836244,rorywalker.com,yes,,,0,,no_email_candidate_in_email_query,not_flagged,,,,,,valid=0; invalid=0; risky=0; unknown=0
3634,19840160,imigracaocanada.com,no,,,0,,no_email_candidate_in_email_query,not_flagged,,,,,,valid=0; invalid=0; risky=0; unknown=0
3635,19847725,firale.com,yes,,,0,,no_email_candidate_in_email_query,not_flagged,,,,,,valid=0; invalid=0; risky=0; unknown=0
3636,19854395,dannynemer.com,no,,,0,,no_email_candidate_in_email_query,not_flagged,,,,,,valid=0; invalid=0; risky=0; unknown=0
3637,19883844,glenrosefamilydental.com,yes,,,0,,no_email_candidate_in_email_query,not_flagged,,,,,,valid=0; invalid=0; risky=0; unknown=0
3638,19884555,juanitomusic.com,no,,,0,,no_email_candidate_in_email_query,not_flagged,,,,,,valid=0; invalid=0; risky=0; unknown=0
3639,19896244,aedregistry.org,yes,,,0,,no_email_candidate_in_email_query,not_flagged,,,,,,valid=0; invalid=0; risky=0; unknown=0
3640,19900900,master.dk,yes,,,0,,no_email_candidate_in_email_query,not_flagged,,,,,,valid=0; invalid=0; risky=0; unknown=0
3641,19901122,biomes.world,yes,,,0,,no_email_candidate_in_email_query,not_flagged,,,,,,valid=0; invalid=0; risky=0; unknown=0
3642,19909236,transconvey.ru,yes,,,0,,no_email_candidate_in_email_query,not_flagged,,,,,,valid=0; invalid=0; risky=0; unknown=0
3643,19910575,reset-church.org,no,,,0,,no_email_candidate_in_email_query,not_flagged,,,,,,valid=0; invalid=0; risky=0; unknown=0
3644,19913033,ecoship.ca,yes,,,0,,no_email_candidate_in_email_query,not_flagged,,,,,,valid=0; invalid=0; risky=0; unknown=0
3645,19914089,columbiabirthcenter.com,yes,,,0,,no_email_candidate_in_email_query,not_flagged,,,,,,valid=0; invalid=0; risky=0; unknown=0
3646,19915103,texsa.fr,no,,,0,,no_email_candidate_in_email_query,not_flagged,,,,,,valid=0; invalid=0; risky=0; unknown=0
3647,19916701,aosanpaikyou.or.jp,no,,,0,,no_email_candidate_in_email_query,not_flagged,,,,,,valid=0; invalid=0; risky=0; unknown=0
3648,19927022,westwindsorinvisalign.com,yes,,,0,,no_email_candidate_in_email_query,not_flagged,,,,,,valid=0; invalid=0; risky=0; unknown=0
3649,19935147,carneshm.com,no,,,0,,no_email_candidate_in_email_query,not_flagged,,,,,,valid=0; invalid=0; risky=0; unknown=0
3650,19938419,tonton-pierrot.com,yes,,,0,,no_email_candidate_in_email_query,not_flagged,,,,,,valid=0; invalid=0; risky=0; unknown=0
3651,19939454,mybrightsmiles.com,yes,,,0,,no_email_candidate_in_email_query,not_flagged,,,,,,valid=0; invalid=0; risky=0; unknown=0
3652,19944410,hillcapitalcorp.com,yes,,,0,,no_email_candidate_in_email_query,not_flagged,,,,,,valid=0; invalid=0; risky=0; unknown=0
3653,19948589,marcelahippe.com,no,,,0,,no_email_candidate_in_email_query,not_flagged,,,,,,valid=0; invalid=0; risky=0; unknown=0
3654,19949087,mistermorris.salon,yes,,,0,,no_email_candidate_in_email_query,not_flagged,,,,,,valid=0; invalid=0; risky=0; unknown=0
3655,19956369,bodeli.com.mx,yes,,,0,,no_email_candidate_in_email_query,not_flagged,,,,,,valid=0; invalid=0; risky=0; unknown=0
3656,19978280,arcticfoodinc.com,no,,,0,,no_email_candidate_in_email_query,not_flagged,,,,,,valid=0; invalid=0; risky=0; unknown=0
3657,19992911,nogaps.es,no,,,0,,no_email_candidate_in_email_query,not_flagged,,,,,,valid=0; invalid=0; risky=0; unknown=0
3658,19999476,thevaultgallery.com,yes,,,0,,no_email_candidate_in_email_query,not_flagged,,,,,,valid=0; invalid=0; risky=0; unknown=0
3659,20004858,malko.cl,yes,,,0,,no_email_candidate_in_email_query,not_flagged,,,,,,valid=0; invalid=0; risky=0; unknown=0
3660,20035616,jblines.com,no,,,0,,no_email_candidate_in_email_query,not_flagged,,,,,,valid=0; invalid=0; risky=0; unknown=0
3661,20071690,mediominuto.com,no,,,0,,no_email_candidate_in_email_query,not_flagged,,,,,,valid=0; invalid=0; risky=0; unknown=0
3662,20073619,wakecanada.ca,no,,,0,,no_email_candidate_in_email_query,not_flagged,,,,,,valid=0; invalid=0; risky=0; unknown=0
3663,20093571,apexleadershipco.com,yes,,,0,,no_email_candidate_in_email_query,not_flagged,,,,,,valid=0; invalid=0; risky=0; unknown=0
3664,20126394,redefineu.com,no,,,0,,no_email_candidate_in_email_query,not_flagged,,,,,,valid=0; invalid=0; risky=0; unknown=0
3665,20151711,m7a.com,yes,,,0,,no_email_candidate_in_email_query,not_flagged,,,,,,valid=0; invalid=0; risky=0; unknown=0
3666,20156286,empoweredautomation.com,no,,,0,,no_email_candidate_in_email_query,not_flagged,,,,,,valid=0; invalid=0; risky=0; unknown=0
3667,20160296,coronadodentistry.com,no,,,0,,no_email_candidate_in_email_query,not_flagged,,,,,,valid=0; invalid=0; risky=0; unknown=0
3668,20169273,walkforferrial.org,yes,,,0,,no_email_candidate_in_email_query,not_flagged,,,,,,valid=0; invalid=0; risky=0; unknown=0
3669,20173352,aldinortinez.com,yes,,,0,,no_email_candidate_in_email_query,not_flagged,,,,,,valid=0; invalid=0; risky=0; unknown=0
3670,20189429,realgrey.com,no,,,0,,no_email_candidate_in_email_query,not_flagged,,,,,,valid=0; invalid=0; risky=0; unknown=0
3671,20235735,dutchheatingandcooling.com,no,,,0,,no_email_candidate_in_email_query,not_flagged,,,,,,valid=0; invalid=0; risky=0; unknown=0
3672,20248991,skincarebyamypeterson.com,yes,,,0,,no_email_candidate_in_email_query,not_flagged,,,,,,valid=0; invalid=0; risky=0; unknown=0
3673,20286196,eriknordlund.com,yes,,,0,,no_email_candidate_in_email_query,not_flagged,,,,,,valid=0; invalid=0; risky=0; unknown=0
3674,20298547,mortgagechampions.com,yes,,,0,,no_email_candidate_in_email_query,not_flagged,,,,,,valid=0; invalid=0; risky=0; unknown=0
3675,20310514,akgreatwater.com,yes,,,0,,no_email_candidate_in_email_query,not_flagged,,,,,,valid=0; invalid=0; risky=0; unknown=0
3676,20326381,cris4life.es,yes,,,0,,no_email_candidate_in_email_query,not_flagged,,,,,,valid=0; invalid=0; risky=0; unknown=0
3677,20334418,palmettogreensc.com,no,,,0,,no_email_candidate_in_email_query,not_flagged,,,,,,valid=0; invalid=0; risky=0; unknown=0
3678,20337167,kimera.com.mx,no,,,0,,no_email_candidate_in_email_query,not_flagged,,,,,,valid=0; invalid=0; risky=0; unknown=0
3679,20347747,isiprofessionalchargers.com,yes,,,0,,no_email_candidate_in_email_query,not_flagged,,,,,,valid=0; invalid=0; risky=0; unknown=0
3680,20350157,discountmonumentcenter.com,no,,,0,,no_email_candidate_in_email_query,not_flagged,,,,,,valid=0; invalid=0; risky=0; unknown=0
3681,20362655,boblewismachine.com,no,,,0,,no_email_candidate_in_email_query,not_flagged,,,,,,valid=0; invalid=0; risky=0; unknown=0
3682,20366195,paulberkey.com,yes,,,0,,no_email_candidate_in_email_query,not_flagged,,,,,,valid=0; invalid=0; risky=0; unknown=0
3683,20371265,nav-i.com,no,,,0,,no_email_candidate_in_email_query,not_flagged,,,,,,valid=0; invalid=0; risky=0; unknown=0
3684,20396786,onerhythm.com,no,,,0,,no_email_candidate_in_email_query,not_flagged,,,,,,valid=0; invalid=0; risky=0; unknown=0
3685,20419874,buttegraniteworks.com,no,,,0,,no_email_candidate_in_email_query,not_flagged,,,,,,valid=0; invalid=0; risky=0; unknown=0
3686,20435256,sheffieldmoneyman.com,no,,,0,,no_email_candidate_in_email_query,not_flagged,,,,,,valid=0; invalid=0; risky=0; unknown=0
3687,20436567,drkaczor.com,yes,,,0,,no_email_candidate_in_email_query,not_flagged,,,,,,valid=0; invalid=0; risky=0; unknown=0
3688,20441945,keepitalivefoundation.org,yes,,,0,,no_email_candidate_in_email_query,not_flagged,,,,,,valid=0; invalid=0; risky=0; unknown=0
3689,20458995,topceller.com,no,,,0,,no_email_candidate_in_email_query,not_flagged,,,,,,valid=0; invalid=0; risky=0; unknown=0
3690,20494453,trezenbold.com,yes,,,0,,no_email_candidate_in_email_query,not_flagged,,,,,,valid=0; invalid=0; risky=0; unknown=0
3691,20496360,physiomedica.ro,no,,,0,,no_email_candidate_in_email_query,not_flagged,,,,,,valid=0; invalid=0; risky=0; unknown=0
3692,20517986,axxostudio.com,no,,,0,,no_email_candidate_in_email_query,not_flagged,,,,,,valid=0; invalid=0; risky=0; unknown=0
3693,20554589,rbg.cl,no,,,0,,no_email_candidate_in_email_query,not_flagged,,,,,,valid=0; invalid=0; risky=0; unknown=0
3694,20581365,educationmarketing.com,yes,,,0,,no_email_candidate_in_email_query,not_flagged,,,,,,valid=0; invalid=0; risky=0; unknown=0
3695,20623252,sherpa.cat,yes,,,0,,no_email_candidate_in_email_query,not_flagged,,,,,,valid=0; invalid=0; risky=0; unknown=0
3696,20639742,flight1.org,yes,,,0,,no_email_candidate_in_email_query,not_flagged,,,,,,valid=0; invalid=0; risky=0; unknown=0
3697,20659972,peterson-farms.com,no,,,0,,no_email_candidate_in_email_query,not_flagged,,,,,,valid=0; invalid=0; risky=0; unknown=0
3698,20664856,sanw.org,no,,,0,,no_email_candidate_in_email_query,not_flagged,,,,,,valid=0; invalid=0; risky=0; unknown=0
3699,20679757,rfconcepts.net,yes,,,0,,no_email_candidate_in_email_query,not_flagged,,,,,,valid=0; invalid=0; risky=0; unknown=0
3700,20686895,ainessa.com,yes,,,0,,no_email_candidate_in_email_query,not_flagged,,,,,,valid=0; invalid=0; risky=0; unknown=0
3701,20703627,acornitm.co.nz,no,,,0,,no_email_candidate_in_email_query,not_flagged,,,,,,valid=0; invalid=0; risky=0; unknown=0
3702,20723002,bizee.com,no,,,0,,no_email_candidate_in_email_query,not_flagged,,,,,,valid=0; invalid=0; risky=0; unknown=0
3703,20732120,binair-e.com,no,,,0,,no_email_candidate_in_email_query,not_flagged,,,,,,valid=0; invalid=0; risky=0; unknown=0
3704,20784783,logochopsticks.com,no,,,0,,no_email_candidate_in_email_query,not_flagged,,,,,,valid=0; invalid=0; risky=0; unknown=0
3705,20800336,helpyou.pt,no,,,0,,no_email_candidate_in_email_query,not_flagged,,,,,,valid=0; invalid=0; risky=0; unknown=0
3706,20828201,flourishrx.com,yes,,,0,,no_email_candidate_in_email_query,not_flagged,,,,,,valid=0; invalid=0; risky=0; unknown=0
3707,20835088,cccon.org,no,,,0,,no_email_candidate_in_email_query,not_flagged,,,,,,valid=0; invalid=0; risky=0; unknown=0
3708,20881869,mannyarango.com,yes,,,0,,no_email_candidate_in_email_query,not_flagged,,,,,,valid=0; invalid=0; risky=0; unknown=0
3709,20887462,stefanobernardi.com,yes,,,0,,no_email_candidate_in_email_query,not_flagged,,,,,,valid=0; invalid=0; risky=0; unknown=0
3710,20890297,agencia51.com,yes,,,0,,no_email_candidate_in_email_query,not_flagged,,,,,,valid=0; invalid=0; risky=0; unknown=0
3711,20908411,churchaliveabq.com,no,,,0,,no_email_candidate_in_email_query,not_flagged,,,,,,valid=0; invalid=0; risky=0; unknown=0
3712,20920537,elenamuerza.com,yes,,,0,,no_email_candidate_in_email_query,not_flagged,,,,,,valid=0; invalid=0; risky=0; unknown=0
3713,20942308,calvaryeast.com,no,,,0,,no_email_candidate_in_email_query,not_flagged,,,,,,valid=0; invalid=0; risky=0; unknown=0
3714,20962603,zeutenhorstfinancial.com,no,,,0,,no_email_candidate_in_email_query,not_flagged,,,,,,valid=0; invalid=0; risky=0; unknown=0
3715,20985617,justinhall.com,no,,,0,,no_email_candidate_in_email_query,not_flagged,,,,,,valid=0; invalid=0; risky=0; unknown=0
3716,21006747,docan-works.com,no,,,0,,no_email_candidate_in_email_query,not_flagged,,,,,,valid=0; invalid=0; risky=0; unknown=0
3717,21019383,davishypnotherapy.com,yes,,,0,,no_email_candidate_in_email_query,not_flagged,,,,,,valid=0; invalid=0; risky=0; unknown=0
3718,21027543,democrati.se,yes,,,0,,no_email_candidate_in_email_query,not_flagged,,,,,,valid=0; invalid=0; risky=0; unknown=0
3719,21028287,caringandsharingsowal.org,no,,,0,,no_email_candidate_in_email_query,not_flagged,,,,,,valid=0; invalid=0; risky=0; unknown=0
3720,21041957,palmas.net,yes,,,0,,no_email_candidate_in_email_query,not_flagged,,,,,,valid=0; invalid=0; risky=0; unknown=0
3721,21066114,flowergarden-web.com,no,,,0,,no_email_candidate_in_email_query,not_flagged,,,,,,valid=0; invalid=0; risky=0; unknown=0
3722,21074162,tonsore.com,yes,,,0,,no_email_candidate_in_email_query,not_flagged,,,,,,valid=0; invalid=0; risky=0; unknown=0
3723,21074380,nonstoptranslations.com,yes,,,0,,no_email_candidate_in_email_query,not_flagged,,,,,,valid=0; invalid=0; risky=0; unknown=0
3724,21084898,enokiboya.com,no,,,0,,no_email_candidate_in_email_query,not_flagged,,,,,,valid=0; invalid=0; risky=0; unknown=0
3725,21088179,sophielenglet.com,no,,,0,,no_email_candidate_in_email_query,not_flagged,,,,,,valid=0; invalid=0; risky=0; unknown=0
3726,21091278,greenbackers.com,yes,,,0,,no_email_candidate_in_email_query,not_flagged,,,,,,valid=0; invalid=0; risky=0; unknown=0
3727,21108975,dirty.com.au,yes,,,0,,no_email_candidate_in_email_query,not_flagged,,,,,,valid=0; invalid=0; risky=0; unknown=0
3728,21127419,alrojoweb.com,yes,,,0,,no_email_candidate_in_email_query,not_flagged,,,,,,valid=0; invalid=0; risky=0; unknown=0
3729,21142006,tertianova.fr,no,,,0,,no_email_candidate_in_email_query,not_flagged,,,,,,valid=0; invalid=0; risky=0; unknown=0
3730,21156692,fireprotection.ie,no,,,0,,no_email_candidate_in_email_query,not_flagged,,,,,,valid=0; invalid=0; risky=0; unknown=0
3731,21167322,lafora.com,no,,,0,,no_email_candidate_in_email_query,not_flagged,,,,,,valid=0; invalid=0; risky=0; unknown=0
3732,21178641,powerwell.com,yes,,,0,,no_email_candidate_in_email_query,not_flagged,,,,,,valid=0; invalid=0; risky=0; unknown=0
3733,21182250,itw-italy.com,yes,,,0,,no_email_candidate_in_email_query,not_flagged,,,,,,valid=0; invalid=0; risky=0; unknown=0
3734,21182404,festoonlightingmelbourne.com.au,no,,,0,,no_email_candidate_in_email_query,not_flagged,,,,,,valid=0; invalid=0; risky=0; unknown=0
3735,21183089,eishinsha.jp,no,,,0,,no_email_candidate_in_email_query,not_flagged,,,,,,valid=0; invalid=0; risky=0; unknown=0
3736,21189586,evocalstudio.com,yes,,,0,,no_email_candidate_in_email_query,not_flagged,,,,,,valid=0; invalid=0; risky=0; unknown=0
3737,21222410,greenhillrx.com,yes,,,0,,no_email_candidate_in_email_query,not_flagged,,,,,,valid=0; invalid=0; risky=0; unknown=0
3738,21261612,eldefiar.com,no,,,0,,no_email_candidate_in_email_query,not_flagged,,,,,,valid=0; invalid=0; risky=0; unknown=0
3739,21264095,maxis-gbn.com,no,,,0,,no_email_candidate_in_email_query,not_flagged,,,,,,valid=0; invalid=0; risky=0; unknown=0
3740,21267807,emily-irvine.com,yes,,,0,,no_email_candidate_in_email_query,not_flagged,,,,,,valid=0; invalid=0; risky=0; unknown=0
3741,21274377,dilpreetbhatia.com,no,,,0,,no_email_candidate_in_email_query,not_flagged,,,,,,valid=0; invalid=0; risky=0; unknown=0
3742,21288729,jardinlatroje.com,no,,,0,,no_email_candidate_in_email_query,not_flagged,,,,,,valid=0; invalid=0; risky=0; unknown=0
3743,21333432,kreuzfahrten.net,no,,,0,,no_email_candidate_in_email_query,not_flagged,,,,,,valid=0; invalid=0; risky=0; unknown=0
3744,21345777,barankevych.com,no,,,0,,no_email_candidate_in_email_query,not_flagged,,,,,,valid=0; invalid=0; risky=0; unknown=0
3745,21408255,janez-pelko.com,no,,,0,,no_email_candidate_in_email_query,not_flagged,,,,,,valid=0; invalid=0; risky=0; unknown=0
3746,21419101,statsfriend.com,no,,,0,,no_email_candidate_in_email_query,not_flagged,,,,,,valid=0; invalid=0; risky=0; unknown=0
3747,21421757,jewishmediaagency.com,no,,,0,,no_email_candidate_in_email_query,not_flagged,,,,,,valid=0; invalid=0; risky=0; unknown=0
3748,21425880,mylivingword.net,no,,,0,,no_email_candidate_in_email_query,not_flagged,,,,,,valid=0; invalid=0; risky=0; unknown=0
3749,21430745,edgeofcinema.com,yes,,,0,,no_email_candidate_in_email_query,not_flagged,,,,,,valid=0; invalid=0; risky=0; unknown=0
3750,21452881,cartonerosgame.com,yes,,,0,,no_email_candidate_in_email_query,not_flagged,,,,,,valid=0; invalid=0; risky=0; unknown=0
3751,21497012,wave2wave.com,no,,,0,,no_email_candidate_in_email_query,not_flagged,,,,,,valid=0; invalid=0; risky=0; unknown=0
3752,21503574,fortelabs.com,no,,,0,,no_email_candidate_in_email_query,not_flagged,,,,,,valid=0; invalid=0; risky=0; unknown=0
3753,21503937,farmer.in,no,,,0,,no_email_candidate_in_email_query,not_flagged,,,,,,valid=0; invalid=0; risky=0; unknown=0
3754,21510689,guzmanwm.com,no,,,0,,no_email_candidate_in_email_query,not_flagged,,,,,,valid=0; invalid=0; risky=0; unknown=0
3755,21541976,mandala-center.ru,no,,,0,,no_email_candidate_in_email_query,not_flagged,,,,,,valid=0; invalid=0; risky=0; unknown=0
3756,21544864,katzlaw.com,no,,,0,,no_email_candidate_in_email_query,not_flagged,,,,,,valid=0; invalid=0; risky=0; unknown=0
3757,21560538,nooneshouldworkthisway.org,yes,,,0,,no_email_candidate_in_email_query,not_flagged,,,,,,valid=0; invalid=0; risky=0; unknown=0
3758,21577575,kord.com,yes,,,0,,no_email_candidate_in_email_query,not_flagged,,,,,,valid=0; invalid=0; risky=0; unknown=0
3759,21601973,nam-radio.com,yes,,,0,,no_email_candidate_in_email_query,not_flagged,,,,,,valid=0; invalid=0; risky=0; unknown=0
3760,21623694,carematch.com,yes,,,0,,no_email_candidate_in_email_query,not_flagged,,,,,,valid=0; invalid=0; risky=0; unknown=0
3761,21628124,charterguru.com,no,,,0,,no_email_candidate_in_email_query,not_flagged,,,,,,valid=0; invalid=0; risky=0; unknown=0
3762,21652617,visionfund.com,no,,,0,,no_email_candidate_in_email_query,not_flagged,,,,,,valid=0; invalid=0; risky=0; unknown=0
3763,21671345,nicheseoagency.com,no,,,0,,no_email_candidate_in_email_query,not_flagged,,,,,,valid=0; invalid=0; risky=0; unknown=0
3764,21676998,capstone-creative.com,yes,,,0,,no_email_candidate_in_email_query,not_flagged,,,,,,valid=0; invalid=0; risky=0; unknown=0
3765,21691001,bbreezy.com,yes,,,0,,no_email_candidate_in_email_query,not_flagged,,,,,,valid=0; invalid=0; risky=0; unknown=0
3766,21715858,datementor.com,yes,,,0,,no_email_candidate_in_email_query,not_flagged,,,,,,valid=0; invalid=0; risky=0; unknown=0
3767,21717158,eyegalleryks.com,yes,,,0,,no_email_candidate_in_email_query,not_flagged,,,,,,valid=0; invalid=0; risky=0; unknown=0
3768,21732901,nysiw.org,yes,,,0,,no_email_candidate_in_email_query,not_flagged,,,,,,valid=0; invalid=0; risky=0; unknown=0
3769,21774165,keeganventures.com,yes,,,0,,no_email_candidate_in_email_query,not_flagged,,,,,,valid=0; invalid=0; risky=0; unknown=0
3770,21780465,radio1.live,no,,,0,,no_email_candidate_in_email_query,not_flagged,,,,,,valid=0; invalid=0; risky=0; unknown=0
3771,21781957,bamboobrands.com,yes,,,0,,no_email_candidate_in_email_query,not_flagged,,,,,,valid=0; invalid=0; risky=0; unknown=0
3772,21868560,joshuasingh.com,yes,,,0,,no_email_candidate_in_email_query,not_flagged,,,,,,valid=0; invalid=0; risky=0; unknown=0
3773,21876422,hellodrjoy.com,yes,,,0,,no_email_candidate_in_email_query,not_flagged,,,,,,valid=0; invalid=0; risky=0; unknown=0
3774,21885080,karu.me,yes,,,0,,no_email_candidate_in_email_query,not_flagged,,,,,,valid=0; invalid=0; risky=0; unknown=0
3775,21890004,germanicsocietyforensiclinguistics.org,yes,,,0,,no_email_candidate_in_email_query,not_flagged,,,,,,valid=0; invalid=0; risky=0; unknown=0
3776,21891551,motioninfusion.com,yes,,,0,,no_email_candidate_in_email_query,not_flagged,,,,,,valid=0; invalid=0; risky=0; unknown=0
3777,21939336,smartstarttransition.com,yes,,,0,,no_email_candidate_in_email_query,not_flagged,,,,,,valid=0; invalid=0; risky=0; unknown=0
3778,21951651,andrewsgroup.com,yes,,,0,,no_email_candidate_in_email_query,not_flagged,,,,,,valid=0; invalid=0; risky=0; unknown=0
3779,21959739,whatisyoursecret.com,no,,,0,,no_email_candidate_in_email_query,not_flagged,,,,,,valid=0; invalid=0; risky=0; unknown=0
3780,22011032,tech.works,yes,,,0,,no_email_candidate_in_email_query,not_flagged,,,,,,valid=0; invalid=0; risky=0; unknown=0
3781,22046222,dataengines.com.au,no,,,0,,no_email_candidate_in_email_query,not_flagged,,,,,,valid=0; invalid=0; risky=0; unknown=0
3782,22135474,sepec.org,no,,,0,,no_email_candidate_in_email_query,not_flagged,,,,,,valid=0; invalid=0; risky=0; unknown=0
3783,22160675,polling.com,no,,,0,,no_email_candidate_in_email_query,not_flagged,,,,,,valid=0; invalid=0; risky=0; unknown=0
3784,22164134,lendingtreeuniversity.com,yes,,,0,,no_email_candidate_in_email_query,not_flagged,,,,,,valid=0; invalid=0; risky=0; unknown=0
3785,22180727,budipay.com,yes,,,0,,no_email_candidate_in_email_query,not_flagged,,,,,,valid=0; invalid=0; risky=0; unknown=0
3786,22201416,sera.com.mx,no,,,0,,no_email_candidate_in_email_query,not_flagged,,,,,,valid=0; invalid=0; risky=0; unknown=0
3787,22220139,conestogacollision.com,yes,,,0,,no_email_candidate_in_email_query,not_flagged,,,,,,valid=0; invalid=0; risky=0; unknown=0
3788,22244563,ibite.be,no,,,0,,no_email_candidate_in_email_query,not_flagged,,,,,,valid=0; invalid=0; risky=0; unknown=0
3789,22265668,jamiekneale.com,yes,,,0,,no_email_candidate_in_email_query,not_flagged,,,,,,valid=0; invalid=0; risky=0; unknown=0
3790,22299790,nicolespracale.com,yes,,,0,,no_email_candidate_in_email_query,not_flagged,,,,,,valid=0; invalid=0; risky=0; unknown=0
3791,22336636,tyfujimura.com,no,,,0,,no_email_candidate_in_email_query,not_flagged,,,,,,valid=0; invalid=0; risky=0; unknown=0
3792,22352881,sunraymarketing.com,no,,,0,,no_email_candidate_in_email_query,not_flagged,,,,,,valid=0; invalid=0; risky=0; unknown=0
3793,22365622,mintmortgage.me,yes,,,0,,no_email_candidate_in_email_query,not_flagged,,,,,,valid=0; invalid=0; risky=0; unknown=0
3794,22372029,chrysalex.com,yes,,,0,,no_email_candidate_in_email_query,not_flagged,,,,,,valid=0; invalid=0; risky=0; unknown=0
3795,22375527,datanautix.com,no,,,0,,no_email_candidate_in_email_query,not_flagged,,,,,,valid=0; invalid=0; risky=0; unknown=0
3796,22378776,gibneymonument.com,no,,,0,,no_email_candidate_in_email_query,not_flagged,,,,,,valid=0; invalid=0; risky=0; unknown=0
3797,22379119,krunalrasik.com,no,,,0,,no_email_candidate_in_email_query,not_flagged,,,,,,valid=0; invalid=0; risky=0; unknown=0
3798,22388570,rmi-mfg.com,no,,,0,,no_email_candidate_in_email_query,not_flagged,,,,,,valid=0; invalid=0; risky=0; unknown=0
3799,22417844,centralalameda.org,no,,,0,,no_email_candidate_in_email_query,not_flagged,,,,,,valid=0; invalid=0; risky=0; unknown=0
3800,22418526,cx2.com,yes,,,0,,no_email_candidate_in_email_query,not_flagged,,,,,,valid=0; invalid=0; risky=0; unknown=0
3801,22433196,mccannbuilders.co.uk,yes,,,0,,no_email_candidate_in_email_query,not_flagged,,,,,,valid=0; invalid=0; risky=0; unknown=0
3802,22434410,kernchen-lebensmittelhandel.de,yes,,,0,,no_email_candidate_in_email_query,not_flagged,,,,,,valid=0; invalid=0; risky=0; unknown=0
3803,22481566,kchtrans.com,no,,,0,,no_email_candidate_in_email_query,not_flagged,,,,,,valid=0; invalid=0; risky=0; unknown=0
3804,22490944,crusherbatubara.com,no,,,0,,no_email_candidate_in_email_query,not_flagged,,,,,,valid=0; invalid=0; risky=0; unknown=0
3805,22515944,danfond.dk,no,,,0,,no_email_candidate_in_email_query,not_flagged,,,,,,valid=0; invalid=0; risky=0; unknown=0
3806,22524360,effifinance.com,yes,,,0,,no_email_candidate_in_email_query,not_flagged,,,,,,valid=0; invalid=0; risky=0; unknown=0
3807,22539461,brimahandjohn.com,no,,,0,,no_email_candidate_in_email_query,not_flagged,,,,,,valid=0; invalid=0; risky=0; unknown=0
3808,22545150,pinewatt.com,yes,,,0,,no_email_candidate_in_email_query,not_flagged,,,,,,valid=0; invalid=0; risky=0; unknown=0
3809,22549891,twopointgo.com,yes,,,0,,no_email_candidate_in_email_query,not_flagged,,,,,,valid=0; invalid=0; risky=0; unknown=0
3810,22551977,pitbv.nl,no,,,0,,no_email_candidate_in_email_query,not_flagged,,,,,,valid=0; invalid=0; risky=0; unknown=0
3811,22562177,coreit.ca,no,,,0,,no_email_candidate_in_email_query,not_flagged,,,,,,valid=0; invalid=0; risky=0; unknown=0
3812,22583676,federicorocca.it,yes,,,0,,no_email_candidate_in_email_query,not_flagged,,,,,,valid=0; invalid=0; risky=0; unknown=0
3813,22584906,glssystems.co.in,yes,,,0,,no_email_candidate_in_email_query,not_flagged,,,,,,valid=0; invalid=0; risky=0; unknown=0
3814,22599734,livinghistory.events,yes,,,0,,no_email_candidate_in_email_query,not_flagged,,,,,,valid=0; invalid=0; risky=0; unknown=0
3815,22617257,vdlusa.com,no,,,0,,no_email_candidate_in_email_query,not_flagged,,,,,,valid=0; invalid=0; risky=0; unknown=0
3816,22629100,americanskincarededham.com,no,,,0,,no_email_candidate_in_email_query,not_flagged,,,,,,valid=0; invalid=0; risky=0; unknown=0
3817,22640334,fedcorp.com,no,,,0,,no_email_candidate_in_email_query,not_flagged,,,,,,valid=0; invalid=0; risky=0; unknown=0
3818,22644566,spectrumcomponents.com,no,,,0,,no_email_candidate_in_email_query,not_flagged,,,,,,valid=0; invalid=0; risky=0; unknown=0
3819,22685696,labourgeoiseserigraphe.com,no,,,0,,no_email_candidate_in_email_query,not_flagged,,,,,,valid=0; invalid=0; risky=0; unknown=0
3820,22689965,toyotamexicali.com,no,,,0,,no_email_candidate_in_email_query,not_flagged,,,,,,valid=0; invalid=0; risky=0; unknown=0
3821,22692264,hackleysgeneral.com,no,,,0,,no_email_candidate_in_email_query,not_flagged,,,,,,valid=0; invalid=0; risky=0; unknown=0
3822,22696472,jurgiel-zyla.pl,no,,,0,,no_email_candidate_in_email_query,not_flagged,,,,,,valid=0; invalid=0; risky=0; unknown=0
3823,22735726,brisbane-builders.com.au,no,,,0,,no_email_candidate_in_email_query,not_flagged,,,,,,valid=0; invalid=0; risky=0; unknown=0
3824,22760094,goncuconsulting.com,no,,,0,,no_email_candidate_in_email_query,not_flagged,,,,,,valid=0; invalid=0; risky=0; unknown=0
3825,22795674,drlobato.com,yes,,,0,,no_email_candidate_in_email_query,not_flagged,,,,,,valid=0; invalid=0; risky=0; unknown=0
3826,22815508,gjallarhorn.se,no,,,0,,no_email_candidate_in_email_query,not_flagged,,,,,,valid=0; invalid=0; risky=0; unknown=0
3827,22848270,beste-kredittkort.no,no,,,0,,no_email_candidate_in_email_query,not_flagged,,,,,,valid=0; invalid=0; risky=0; unknown=0
3828,22856669,sprigusa.com,yes,,,0,,no_email_candidate_in_email_query,not_flagged,,,,,,valid=0; invalid=0; risky=0; unknown=0
3829,22893732,acceleratetexas.co,yes,,,0,,no_email_candidate_in_email_query,not_flagged,,,,,,valid=0; invalid=0; risky=0; unknown=0
3830,22953046,gespromos.com,yes,,,0,,no_email_candidate_in_email_query,not_flagged,,,,,,valid=0; invalid=0; risky=0; unknown=0
3831,22983857,mandda.com,no,,,0,,no_email_candidate_in_email_query,not_flagged,,,,,,valid=0; invalid=0; risky=0; unknown=0
3832,23038876,angelinewehmeyer.com,yes,,,0,,no_email_candidate_in_email_query,not_flagged,,,,,,valid=0; invalid=0; risky=0; unknown=0
3833,23119662,cliclatam.com,yes,,,0,,no_email_candidate_in_email_query,not_flagged,,,,,,valid=0; invalid=0; risky=0; unknown=0
3834,23180019,oliveblue.com,yes,,,0,,no_email_candidate_in_email_query,not_flagged,,,,,,valid=0; invalid=0; risky=0; unknown=0
3835,23184056,radical-health.com,yes,,,0,,no_email_candidate_in_email_query,not_flagged,,,,,,valid=0; invalid=0; risky=0; unknown=0
3836,23196276,albeik.com,no,,,0,,no_email_candidate_in_email_query,not_flagged,,,,,,valid=0; invalid=0; risky=0; unknown=0
3837,23310211,lakeworthmonument.com,no,,,0,,no_email_candidate_in_email_query,not_flagged,,,,,,valid=0; invalid=0; risky=0; unknown=0
3838,23359601,citylifesf.com,no,,,0,,no_email_candidate_in_email_query,not_flagged,,,,,,valid=0; invalid=0; risky=0; unknown=0
3839,23468667,menomineegranite.com,no,,,0,,no_email_candidate_in_email_query,not_flagged,,,,,,valid=0; invalid=0; risky=0; unknown=0
3840,23474188,reviewcamp.com,yes,,,0,,no_email_candidate_in_email_query,not_flagged,,,,,,valid=0; invalid=0; risky=0; unknown=0
3841,23491464,workoutwithwayne.com,yes,,,0,,no_email_candidate_in_email_query,not_flagged,,,,,,valid=0; invalid=0; risky=0; unknown=0
3842,23512677,madeinalpha.com,yes,,,0,,no_email_candidate_in_email_query,not_flagged,,,,,,valid=0; invalid=0; risky=0; unknown=0
3843,23567805,theideasagency.com,no,,,0,,no_email_candidate_in_email_query,not_flagged,,,,,,valid=0; invalid=0; risky=0; unknown=0
3844,23572719,it-mega.ru,no,,,0,,no_email_candidate_in_email_query,not_flagged,,,,,,valid=0; invalid=0; risky=0; unknown=0
3845,23601431,peachweathers.com,no,,,0,,no_email_candidate_in_email_query,not_flagged,,,,,,valid=0; invalid=0; risky=0; unknown=0
3846,23605638,roccitypark.org,yes,,,0,,no_email_candidate_in_email_query,not_flagged,,,,,,valid=0; invalid=0; risky=0; unknown=0
3847,23607750,northcantonsmiles.com,yes,,,0,,no_email_candidate_in_email_query,not_flagged,,,,,,valid=0; invalid=0; risky=0; unknown=0
3848,23625312,southcrestlive.tv,yes,,,0,,no_email_candidate_in_email_query,not_flagged,,,,,,valid=0; invalid=0; risky=0; unknown=0
3849,23657737,amythiessen.com,no,,,0,,no_email_candidate_in_email_query,not_flagged,,,,,,valid=0; invalid=0; risky=0; unknown=0
3850,23683292,rissco.com,yes,,,0,,no_email_candidate_in_email_query,not_flagged,,,,,,valid=0; invalid=0; risky=0; unknown=0
3851,23693935,pedrodias.com.br,no,,,0,,no_email_candidate_in_email_query,not_flagged,,,,,,valid=0; invalid=0; risky=0; unknown=0
3852,23699345,jordinl.com,yes,,,0,,no_email_candidate_in_email_query,not_flagged,,,,,,valid=0; invalid=0; risky=0; unknown=0
3853,23707978,nord-ouest-creation.fr,no,,,0,,no_email_candidate_in_email_query,not_flagged,,,,,,valid=0; invalid=0; risky=0; unknown=0
3854,23747993,new-york-city.fr,no,,,0,,no_email_candidate_in_email_query,not_flagged,,,,,,valid=0; invalid=0; risky=0; unknown=0
3855,23790879,ursopropaganda.com.br,yes,,,0,,no_email_candidate_in_email_query,not_flagged,,,,,,valid=0; invalid=0; risky=0; unknown=0
3856,23856251,hawkinsdentist.com,yes,,,0,,no_email_candidate_in_email_query,not_flagged,,,,,,valid=0; invalid=0; risky=0; unknown=0
3857,23890078,ladislavsulc.com,yes,,,0,,no_email_candidate_in_email_query,not_flagged,,,,,,valid=0; invalid=0; risky=0; unknown=0
3858,23894051,graciano.com,no,,,0,,no_email_candidate_in_email_query,not_flagged,,,,,,valid=0; invalid=0; risky=0; unknown=0
3859,23905045,austschmiechen.com,no,,,0,,no_email_candidate_in_email_query,not_flagged,,,,,,valid=0; invalid=0; risky=0; unknown=0
3860,23928197,digi-ads.de,no,,,0,,no_email_candidate_in_email_query,not_flagged,,,,,,valid=0; invalid=0; risky=0; unknown=0
3861,23930807,dutyback.com,yes,,,0,,no_email_candidate_in_email_query,not_flagged,,,,,,valid=0; invalid=0; risky=0; unknown=0
3862,23989073,costarica-authentic.com,yes,,,0,,no_email_candidate_in_email_query,not_flagged,,,,,,valid=0; invalid=0; risky=0; unknown=0
3863,23996585,homebound.com,no,,,0,,no_email_candidate_in_email_query,not_flagged,,,,,,valid=0; invalid=0; risky=0; unknown=0
3864,23997736,winterpanel.com,no,,,0,,no_email_candidate_in_email_query,not_flagged,,,,,,valid=0; invalid=0; risky=0; unknown=0
3865,24000687,gaylehannan.com,yes,,,0,,no_email_candidate_in_email_query,not_flagged,,,,,,valid=0; invalid=0; risky=0; unknown=0
3866,24011871,worldofvedam.com,yes,,,0,,no_email_candidate_in_email_query,not_flagged,,,,,,valid=0; invalid=0; risky=0; unknown=0
3867,24021539,yip-yip.com,yes,,,0,,no_email_candidate_in_email_query,not_flagged,,,,,,valid=0; invalid=0; risky=0; unknown=0
3868,24032278,byter.com,no,,,0,,no_email_candidate_in_email_query,not_flagged,,,,,,valid=0; invalid=0; risky=0; unknown=0
3869,24081652,fahlforest.com,no,,,0,,no_email_candidate_in_email_query,not_flagged,,,,,,valid=0; invalid=0; risky=0; unknown=0
3870,24084542,timberedridge.com,yes,,,0,,no_email_candidate_in_email_query,not_flagged,,,,,,valid=0; invalid=0; risky=0; unknown=0
3871,24116614,paidmedia.com,yes,,,0,,no_email_candidate_in_email_query,not_flagged,,,,,,valid=0; invalid=0; risky=0; unknown=0
3872,24125750,zlabstech.com,no,,,0,,no_email_candidate_in_email_query,not_flagged,,,,,,valid=0; invalid=0; risky=0; unknown=0
3873,24134719,bartendertruck.com,yes,,,0,,no_email_candidate_in_email_query,not_flagged,,,,,,valid=0; invalid=0; risky=0; unknown=0
3874,24147426,microtecmfg.com,no,,,0,,no_email_candidate_in_email_query,not_flagged,,,,,,valid=0; invalid=0; risky=0; unknown=0
3875,24226118,ianmoyer.com,yes,,,0,,no_email_candidate_in_email_query,not_flagged,,,,,,valid=0; invalid=0; risky=0; unknown=0
3876,24229435,xn--80adjb7a0acdj.xn--p1ai,no,,,0,,no_email_candidate_in_email_query,not_flagged,,,,,,valid=0; invalid=0; risky=0; unknown=0
3877,24245587,lumensalon.com,yes,,,0,,no_email_candidate_in_email_query,not_flagged,,,,,,valid=0; invalid=0; risky=0; unknown=0
3878,24267375,compasscollegeadvisory.com,no,,,0,,no_email_candidate_in_email_query,not_flagged,,,,,,valid=0; invalid=0; risky=0; unknown=0
3879,24304280,mckinleymcnair.com,no,,,0,,no_email_candidate_in_email_query,not_flagged,,,,,,valid=0; invalid=0; risky=0; unknown=0
3880,24305010,dcvfd.org,yes,,,0,,no_email_candidate_in_email_query,not_flagged,,,,,,valid=0; invalid=0; risky=0; unknown=0
3881,24306695,dallasbourbonclub.com,yes,,,0,,no_email_candidate_in_email_query,not_flagged,,,,,,valid=0; invalid=0; risky=0; unknown=0
3882,24318247,welcomecatering.pl,yes,,,0,,no_email_candidate_in_email_query,not_flagged,,,,,,valid=0; invalid=0; risky=0; unknown=0
3883,24338190,landseerllc.com,yes,,,0,,no_email_candidate_in_email_query,not_flagged,,,,,,valid=0; invalid=0; risky=0; unknown=0
3884,24413513,herecomestheairplane.co,yes,,,0,,no_email_candidate_in_email_query,not_flagged,,,,,,valid=0; invalid=0; risky=0; unknown=0
3885,24418201,silkvision.net,no,,,0,,no_email_candidate_in_email_query,not_flagged,,,,,,valid=0; invalid=0; risky=0; unknown=0
3886,24422149,newcastledental.ca,yes,,,0,,no_email_candidate_in_email_query,not_flagged,,,,,,valid=0; invalid=0; risky=0; unknown=0
3887,24438473,apdesigns.xyz,yes,,,0,,no_email_candidate_in_email_query,not_flagged,,,,,,valid=0; invalid=0; risky=0; unknown=0
3888,24469101,nicoleferrierfitness.com,yes,,,0,,no_email_candidate_in_email_query,not_flagged,,,,,,valid=0; invalid=0; risky=0; unknown=0
3889,24479393,acttherapy.org,yes,,,0,,no_email_candidate_in_email_query,not_flagged,,,,,,valid=0; invalid=0; risky=0; unknown=0
3890,24483771,tlcassembly.org,no,,,0,,no_email_candidate_in_email_query,not_flagged,,,,,,valid=0; invalid=0; risky=0; unknown=0
3891,24496485,collectivetheagency.com,yes,,,0,,no_email_candidate_in_email_query,not_flagged,,,,,,valid=0; invalid=0; risky=0; unknown=0
3892,24499999,abpac.com.br,yes,,,0,,no_email_candidate_in_email_query,not_flagged,,,,,,valid=0; invalid=0; risky=0; unknown=0
3893,24537194,medicalsites.com,yes,,,0,,no_email_candidate_in_email_query,not_flagged,,,,,,valid=0; invalid=0; risky=0; unknown=0
3894,24555577,gypsetbeautyco.com,yes,,,0,,no_email_candidate_in_email_query,not_flagged,,,,,,valid=0; invalid=0; risky=0; unknown=0
3895,24555992,lexusoflondongolfclassic.com,no,,,0,,no_email_candidate_in_email_query,not_flagged,,,,,,valid=0; invalid=0; risky=0; unknown=0
3896,24590201,bigskydiscoveryacademy.org,yes,,,0,,no_email_candidate_in_email_query,not_flagged,,,,,,valid=0; invalid=0; risky=0; unknown=0
3897,24599948,aothuntanbinh.net,yes,,,0,,no_email_candidate_in_email_query,not_flagged,,,,,,valid=0; invalid=0; risky=0; unknown=0
3898,24600931,bohemian.cc,yes,,,0,,no_email_candidate_in_email_query,not_flagged,,,,,,valid=0; invalid=0; risky=0; unknown=0
3899,24627594,msk-health.com,yes,,,0,,no_email_candidate_in_email_query,not_flagged,,,,,,valid=0; invalid=0; risky=0; unknown=0
3900,24654221,richservicestx.com,no,,,0,,no_email_candidate_in_email_query,not_flagged,,,,,,valid=0; invalid=0; risky=0; unknown=0
3901,24657406,bellevuesec.com,yes,,,0,,no_email_candidate_in_email_query,not_flagged,,,,,,valid=0; invalid=0; risky=0; unknown=0
3902,24668016,chamjari.com,no,,,0,,no_email_candidate_in_email_query,not_flagged,,,,,,valid=0; invalid=0; risky=0; unknown=0
3903,24684047,agroforce.hu,no,,,0,,no_email_candidate_in_email_query,not_flagged,,,,,,valid=0; invalid=0; risky=0; unknown=0
3904,24696022,bestboudoirphotographers.com,no,,,0,,no_email_candidate_in_email_query,not_flagged,,,,,,valid=0; invalid=0; risky=0; unknown=0
3905,24765506,jamaicanmusictv.com,no,,,0,,no_email_candidate_in_email_query,not_flagged,,,,,,valid=0; invalid=0; risky=0; unknown=0
3906,24773316,mespiecesdauto.com,no,,,0,,no_email_candidate_in_email_query,not_flagged,,,,,,valid=0; invalid=0; risky=0; unknown=0
3907,24775036,samsic-rh.com,no,,,0,,no_email_candidate_in_email_query,not_flagged,,,,,,valid=0; invalid=0; risky=0; unknown=0
3908,24777288,lasoieneyme.com,yes,,,0,,no_email_candidate_in_email_query,not_flagged,,,,,,valid=0; invalid=0; risky=0; unknown=0
3909,24778724,mccarygroup.com,no,,,0,,no_email_candidate_in_email_query,not_flagged,,,,,,valid=0; invalid=0; risky=0; unknown=0
3910,24824384,thestallingshouse.com,yes,,,0,,no_email_candidate_in_email_query,not_flagged,,,,,,valid=0; invalid=0; risky=0; unknown=0
3911,24874070,ihopeyouforgiveme.com,yes,,,0,,no_email_candidate_in_email_query,not_flagged,,,,,,valid=0; invalid=0; risky=0; unknown=0
3912,24886831,biosphere.im,no,,,0,,no_email_candidate_in_email_query,not_flagged,,,,,,valid=0; invalid=0; risky=0; unknown=0
3913,24896095,thedjfirm.com,no,,,0,,no_email_candidate_in_email_query,not_flagged,,,,,,valid=0; invalid=0; risky=0; unknown=0
3914,24899069,usareg.com,yes,,,0,,no_email_candidate_in_email_query,not_flagged,,,,,,valid=0; invalid=0; risky=0; unknown=0
3915,24918848,linkingevents.com,yes,,,0,,no_email_candidate_in_email_query,not_flagged,,,,,,valid=0; invalid=0; risky=0; unknown=0
3916,24953791,kevinfroystad.com,yes,,,0,,no_email_candidate_in_email_query,not_flagged,,,,,,valid=0; invalid=0; risky=0; unknown=0
3917,24955439,wwwhmb.si,no,,,0,,no_email_candidate_in_email_query,not_flagged,,,,,,valid=0; invalid=0; risky=0; unknown=0
3918,24955576,alex-vidal.com,no,,,0,,no_email_candidate_in_email_query,not_flagged,,,,,,valid=0; invalid=0; risky=0; unknown=0
3919,24955872,seanandblanca.com,yes,,,0,,no_email_candidate_in_email_query,not_flagged,,,,,,valid=0; invalid=0; risky=0; unknown=0
3920,24989348,idaptplanner3d.com,yes,,,0,,no_email_candidate_in_email_query,not_flagged,,,,,,valid=0; invalid=0; risky=0; unknown=0
3921,25032378,deepfocus.co.nz,yes,,,0,,no_email_candidate_in_email_query,not_flagged,,,,,,valid=0; invalid=0; risky=0; unknown=0
3922,25039531,tokotalibalikpapan.com,no,,,0,,no_email_candidate_in_email_query,not_flagged,,,,,,valid=0; invalid=0; risky=0; unknown=0
3923,25043442,orr-stav.com,no,,,0,,no_email_candidate_in_email_query,not_flagged,,,,,,valid=0; invalid=0; risky=0; unknown=0
3924,25067385,croptailor.com,no,,,0,,no_email_candidate_in_email_query,not_flagged,,,,,,valid=0; invalid=0; risky=0; unknown=0
3925,25100151,cembra.us,no,,,0,,no_email_candidate_in_email_query,not_flagged,,,,,,valid=0; invalid=0; risky=0; unknown=0
3926,25122418,putrimadona.com,no,,,0,,no_email_candidate_in_email_query,not_flagged,,,,,,valid=0; invalid=0; risky=0; unknown=0
3927,25148273,ladm.be,no,,,0,,no_email_candidate_in_email_query,not_flagged,,,,,,valid=0; invalid=0; risky=0; unknown=0
3928,25187119,texasmobilenotary.com,yes,,,0,,no_email_candidate_in_email_query,not_flagged,,,,,,valid=0; invalid=0; risky=0; unknown=0
3929,25201371,gaggia.com.au,no,,,0,,no_email_candidate_in_email_query,not_flagged,,,,,,valid=0; invalid=0; risky=0; unknown=0
3930,25285426,nebatallahassee.com,no,,,0,,no_email_candidate_in_email_query,not_flagged,,,,,,valid=0; invalid=0; risky=0; unknown=0
3931,25333583,payrollturkey.com,no,,,0,,no_email_candidate_in_email_query,not_flagged,,,,,,valid=0; invalid=0; risky=0; unknown=0
3932,25395381,pilliot-assurances.com,no,,,0,,no_email_candidate_in_email_query,not_flagged,,,,,,valid=0; invalid=0; risky=0; unknown=0
3933,25416032,karinameal.ru,no,,,0,,no_email_candidate_in_email_query,not_flagged,,,,,,valid=0; invalid=0; risky=0; unknown=0
3934,25438301,bananier.com,no,,,0,,no_email_candidate_in_email_query,not_flagged,,,,,,valid=0; invalid=0; risky=0; unknown=0
3935,25456969,loftcsl.org,yes,,,0,,no_email_candidate_in_email_query,not_flagged,,,,,,valid=0; invalid=0; risky=0; unknown=0
3936,25465839,thechurchokc.org,no,,,0,,no_email_candidate_in_email_query,not_flagged,,,,,,valid=0; invalid=0; risky=0; unknown=0
3937,25529979,winston.capital,no,,,0,,no_email_candidate_in_email_query,not_flagged,,,,,,valid=0; invalid=0; risky=0; unknown=0
3938,25543640,mommybrain.com,yes,,,0,,no_email_candidate_in_email_query,not_flagged,,,,,,valid=0; invalid=0; risky=0; unknown=0
3939,25554483,igniteedi.com,yes,,,0,,no_email_candidate_in_email_query,not_flagged,,,,,,valid=0; invalid=0; risky=0; unknown=0
3940,25558517,heizung-sanitaer-tauscha.de,yes,,,0,,no_email_candidate_in_email_query,not_flagged,,,,,,valid=0; invalid=0; risky=0; unknown=0
3941,25568724,fcmloans4u.com,no,,,0,,no_email_candidate_in_email_query,not_flagged,,,,,,valid=0; invalid=0; risky=0; unknown=0
3942,25694117,evergreen.to,yes,,,0,,no_email_candidate_in_email_query,not_flagged,,,,,,valid=0; invalid=0; risky=0; unknown=0
3943,25714649,sak77.dk,no,,,0,,no_email_candidate_in_email_query,not_flagged,,,,,,valid=0; invalid=0; risky=0; unknown=0
3944,25717296,npprecisionmachine.com,no,,,0,,no_email_candidate_in_email_query,not_flagged,,,,,,valid=0; invalid=0; risky=0; unknown=0
3945,25755933,artforbrand.com,no,,,0,,no_email_candidate_in_email_query,not_flagged,,,,,,valid=0; invalid=0; risky=0; unknown=0
3946,25771479,ryanlawler.co,no,,,0,,no_email_candidate_in_email_query,not_flagged,,,,,,valid=0; invalid=0; risky=0; unknown=0
3947,25866370,c4a.me,yes,,,0,,no_email_candidate_in_email_query,not_flagged,,,,,,valid=0; invalid=0; risky=0; unknown=0
3948,25885080,cascappui.org,no,,,0,,no_email_candidate_in_email_query,not_flagged,,,,,,valid=0; invalid=0; risky=0; unknown=0
3949,25894123,herdinstitute.com,yes,,,0,,no_email_candidate_in_email_query,not_flagged,,,,,,valid=0; invalid=0; risky=0; unknown=0
3950,25916460,singletondefense.com,yes,,,0,,no_email_candidate_in_email_query,not_flagged,,,,,,valid=0; invalid=0; risky=0; unknown=0
3951,25976796,almazeng.ru,yes,,,0,,no_email_candidate_in_email_query,not_flagged,,,,,,valid=0; invalid=0; risky=0; unknown=0
3952,26016419,riders-advantage.com,yes,,,0,,no_email_candidate_in_email_query,not_flagged,,,,,,valid=0; invalid=0; risky=0; unknown=0
3953,26019611,blair-stubbsmemorials.com,no,,,0,,no_email_candidate_in_email_query,not_flagged,,,,,,valid=0; invalid=0; risky=0; unknown=0
3954,26020163,thelittledeli.com,yes,,,0,,no_email_candidate_in_email_query,not_flagged,,,,,,valid=0; invalid=0; risky=0; unknown=0
3955,26024001,dowellmedia.in,no,,,0,,no_email_candidate_in_email_query,not_flagged,,,,,,valid=0; invalid=0; risky=0; unknown=0
3956,26054652,israelpaints.com,no,,,0,,no_email_candidate_in_email_query,not_flagged,,,,,,valid=0; invalid=0; risky=0; unknown=0
3957,26055979,kingstrust.org.nz,yes,,,0,,no_email_candidate_in_email_query,not_flagged,,,,,,valid=0; invalid=0; risky=0; unknown=0
3958,26108591,austinmemorialcompany.com,no,,,0,,no_email_candidate_in_email_query,not_flagged,,,,,,valid=0; invalid=0; risky=0; unknown=0
3959,26111863,unbuttonedphotography.com,no,,,0,,no_email_candidate_in_email_query,not_flagged,,,,,,valid=0; invalid=0; risky=0; unknown=0
3960,26141618,kommunityfinancial.com,yes,,,0,,no_email_candidate_in_email_query,not_flagged,,,,,,valid=0; invalid=0; risky=0; unknown=0
3961,26182381,carinascraftblog.com,no,,,0,,no_email_candidate_in_email_query,not_flagged,,,,,,valid=0; invalid=0; risky=0; unknown=0
3962,26197331,thealgo.com,yes,,,0,,no_email_candidate_in_email_query,not_flagged,,,,,,valid=0; invalid=0; risky=0; unknown=0
3963,26220275,primroseconference.com,no,,,0,,no_email_candidate_in_email_query,not_flagged,,,,,,valid=0; invalid=0; risky=0; unknown=0
3964,26234670,napolismarble.com,yes,,,0,,no_email_candidate_in_email_query,not_flagged,,,,,,valid=0; invalid=0; risky=0; unknown=0
3965,26322320,mobisite.fr,no,,,0,,no_email_candidate_in_email_query,not_flagged,,,,,,valid=0; invalid=0; risky=0; unknown=0
3966,26355289,hashconsulting.com,yes,,,0,,no_email_candidate_in_email_query,not_flagged,,,,,,valid=0; invalid=0; risky=0; unknown=0
3967,26385110,sleepout.org,no,,,0,,no_email_candidate_in_email_query,not_flagged,,,,,,valid=0; invalid=0; risky=0; unknown=0
3968,26407343,sfhivplanningcouncil.org,yes,,,0,,no_email_candidate_in_email_query,not_flagged,,,,,,valid=0; invalid=0; risky=0; unknown=0
3969,26435682,ctk-agro.ru,no,,,0,,no_email_candidate_in_email_query,not_flagged,,,,,,valid=0; invalid=0; risky=0; unknown=0
3970,26487928,alteroo.com,yes,,,0,,no_email_candidate_in_email_query,not_flagged,,,,,,valid=0; invalid=0; risky=0; unknown=0
3971,26502458,dongphucbendep.com,yes,,,0,,no_email_candidate_in_email_query,not_flagged,,,,,,valid=0; invalid=0; risky=0; unknown=0
3972,26507539,canberradjhire.com,yes,,,0,,no_email_candidate_in_email_query,not_flagged,,,,,,valid=0; invalid=0; risky=0; unknown=0
3973,26516212,thecooklawoffice.com,yes,,,0,,no_email_candidate_in_email_query,not_flagged,,,,,,valid=0; invalid=0; risky=0; unknown=0
3974,26593307,movingparks.com,yes,,,0,,no_email_candidate_in_email_query,not_flagged,,,,,,valid=0; invalid=0; risky=0; unknown=0
3975,26597187,rocketgrow.com,yes,,,0,,no_email_candidate_in_email_query,not_flagged,,,,,,valid=0; invalid=0; risky=0; unknown=0
3976,26605292,weblytica.com,no,,,0,,no_email_candidate_in_email_query,not_flagged,,,,,,valid=0; invalid=0; risky=0; unknown=0
3977,26619631,fisioterapiaesmovimiento.com,no,,,0,,no_email_candidate_in_email_query,not_flagged,,,,,,valid=0; invalid=0; risky=0; unknown=0
3978,26628216,cazesfamilydentistry.com,yes,,,0,,no_email_candidate_in_email_query,not_flagged,,,,,,valid=0; invalid=0; risky=0; unknown=0
3979,26690627,walteranalytics.com,yes,,,0,,no_email_candidate_in_email_query,not_flagged,,,,,,valid=0; invalid=0; risky=0; unknown=0
3980,26695020,cpmm.fr,yes,,,0,,no_email_candidate_in_email_query,not_flagged,,,,,,valid=0; invalid=0; risky=0; unknown=0
3981,26748310,shrutivandana.in,no,,,0,,no_email_candidate_in_email_query,not_flagged,,,,,,valid=0; invalid=0; risky=0; unknown=0
3982,26844763,clevergod.net,no,,,0,,no_email_candidate_in_email_query,not_flagged,,,,,,valid=0; invalid=0; risky=0; unknown=0
3983,26932946,matriskdirect.com,yes,,,0,,no_email_candidate_in_email_query,not_flagged,,,,,,valid=0; invalid=0; risky=0; unknown=0
3984,26934188,proceduremanagement.com.au,yes,,,0,,no_email_candidate_in_email_query,not_flagged,,,,,,valid=0; invalid=0; risky=0; unknown=0
3985,26944923,nice-property-finder.com,yes,,,0,,no_email_candidate_in_email_query,not_flagged,,,,,,valid=0; invalid=0; risky=0; unknown=0
3986,26957803,prygikast.ee,no,,,0,,no_email_candidate_in_email_query,not_flagged,,,,,,valid=0; invalid=0; risky=0; unknown=0
3987,26968946,whitmandental.com,no,,,0,,no_email_candidate_in_email_query,not_flagged,,,,,,valid=0; invalid=0; risky=0; unknown=0
3988,27030636,kitchenpark.com,no,,,0,,no_email_candidate_in_email_query,not_flagged,,,,,,valid=0; invalid=0; risky=0; unknown=0
3989,27107418,casabidadari.com,yes,,,0,,no_email_candidate_in_email_query,not_flagged,,,,,,valid=0; invalid=0; risky=0; unknown=0
3990,27139634,successocean.com,yes,,,0,,no_email_candidate_in_email_query,not_flagged,,,,,,valid=0; invalid=0; risky=0; unknown=0
3991,27151930,vrc.nl,yes,,,0,,no_email_candidate_in_email_query,not_flagged,,,,,,valid=0; invalid=0; risky=0; unknown=0
3992,27260122,reuk.org,yes,,,0,,no_email_candidate_in_email_query,not_flagged,,,,,,valid=0; invalid=0; risky=0; unknown=0
3993,27308286,iecatlantaga.org,yes,,,0,,no_email_candidate_in_email_query,not_flagged,,,,,,valid=0; invalid=0; risky=0; unknown=0
3994,27342553,glasstower.co.nz,no,,,0,,no_email_candidate_in_email_query,not_flagged,,,,,,valid=0; invalid=0; risky=0; unknown=0
3995,27473102,stoom.ee,no,,,0,,no_email_candidate_in_email_query,not_flagged,,,,,,valid=0; invalid=0; risky=0; unknown=0
3996,27547695,shannonenergy.com,yes,,,0,,no_email_candidate_in_email_query,not_flagged,,,,,,valid=0; invalid=0; risky=0; unknown=0
3997,27564665,olympes.ch,yes,,,0,,no_email_candidate_in_email_query,not_flagged,,,,,,valid=0; invalid=0; risky=0; unknown=0
3998,27615740,nmrconcepts.org,yes,,,0,,no_email_candidate_in_email_query,not_flagged,,,,,,valid=0; invalid=0; risky=0; unknown=0
3999,27625602,kabarmaluku.com,no,,,0,,no_email_candidate_in_email_query,not_flagged,,,,,,valid=0; invalid=0; risky=0; unknown=0
4000,27950673,peterdendi.com,no,,,0,,no_email_candidate_in_email_query,not_flagged,,,,,,valid=0; invalid=0; risky=0; unknown=0
4001,27973169,nowvids.com,yes,,,0,,no_email_candidate_in_email_query,not_flagged,,,,,,valid=0; invalid=0; risky=0; unknown=0
4002,27987783,fit4global.com,no,,,0,,no_email_candidate_in_email_query,not_flagged,,,,,,valid=0; invalid=0; risky=0; unknown=0
4003,28106083,121.direct,no,,,0,,no_email_candidate_in_email_query,not_flagged,,,,,,valid=0; invalid=0; risky=0; unknown=0
4004,28172383,sikuprit.com,no,,,0,,no_email_candidate_in_email_query,not_flagged,,,,,,valid=0; invalid=0; risky=0; unknown=0
4005,28243945,xn--80aaag1cdnso8d.xn--p1ai,no,,,0,,no_email_candidate_in_email_query,not_flagged,,,,,,valid=0; invalid=0; risky=0; unknown=0
4006,28290526,hillesmonument.com,no,,,0,,no_email_candidate_in_email_query,not_flagged,,,,,,valid=0; invalid=0; risky=0; unknown=0
4007,28378365,loo.ch,yes,,,0,,no_email_candidate_in_email_query,not_flagged,,,,,,valid=0; invalid=0; risky=0; unknown=0
4008,28436244,aperturewindows.com,no,,,0,,no_email_candidate_in_email_query,not_flagged,,,,,,valid=0; invalid=0; risky=0; unknown=0
4009,28553089,xn--80ahdblbbih7auejcgw0f5f.xn--p1ai,no,,,0,,no_email_candidate_in_email_query,not_flagged,,,,,,valid=0; invalid=0; risky=0; unknown=0
4010,29104102,incro.ru,no,,,0,,no_email_candidate_in_email_query,not_flagged,,,,,,valid=0; invalid=0; risky=0; unknown=0
4011,29116665,capoeiraindonesia.com,no,,,0,,no_email_candidate_in_email_query,not_flagged,,,,,,valid=0; invalid=0; risky=0; unknown=0
4012,29392630,it-bal.ru,yes,,,0,,no_email_candidate_in_email_query,not_flagged,,,,,,valid=0; invalid=0; risky=0; unknown=0
4013,29603163,kostalois.com,yes,,,0,,no_email_candidate_in_email_query,not_flagged,,,,,,valid=0; invalid=0; risky=0; unknown=0
4014,30224987,mysticpaints.com,no,,,0,,no_email_candidate_in_email_query,not_flagged,,,,,,valid=0; invalid=0; risky=0; unknown=0
4015,30512960,emilyrathmanner.com,yes,,,0,,no_email_candidate_in_email_query,not_flagged,,,,,,valid=0; invalid=0; risky=0; unknown=0
4016,30630015,gloading.com,no,,,0,,no_email_candidate_in_email_query,not_flagged,,,,,,valid=0; invalid=0; risky=0; unknown=0
4017,30787512,krasplem.ru,no,,,0,,no_email_candidate_in_email_query,not_flagged,,,,,,valid=0; invalid=0; risky=0; unknown=0
4018,31105384,celebrationchurchms.org,no,,,0,,no_email_candidate_in_email_query,not_flagged,,,,,,valid=0; invalid=0; risky=0; unknown=0
4019,31400614,goalmakers.com,no,,,0,,no_email_candidate_in_email_query,not_flagged,,,,,,valid=0; invalid=0; risky=0; unknown=0
4020,31613184,neuroframe.com,yes,,,0,,no_email_candidate_in_email_query,not_flagged,,,,,,valid=0; invalid=0; risky=0; unknown=0
4021,31748947,iabuilders.com,yes,,,0,,no_email_candidate_in_email_query,not_flagged,,,,,,valid=0; invalid=0; risky=0; unknown=0
4022,>30M,arcadelift.com,no,,,0,,no_email_candidate_in_email_query,not_flagged,,,,,,valid=0; invalid=0; risky=0; unknown=0
4023,>30M,vluchtelingenwerk.nl,no,,,0,,no_email_candidate_in_email_query,not_flagged,,,,,,valid=0; invalid=0; risky=0; unknown=0
4024,>30M,crebs.it,no,,,0,,no_email_candidate_in_email_query,not_flagged,,,,,,valid=0; invalid=0; risky=0; unknown=0
4025,>30M,fpa.pt,no,,,0,,no_email_candidate_in_email_query,not_flagged,,,,,,valid=0; invalid=0; risky=0; unknown=0
4026,>30M,knopfdoubleday.com,no,,,0,,no_email_candidate_in_email_query,not_flagged,,,,,,valid=0; invalid=0; risky=0; unknown=0
4027,>30M,wpsleek.com,no,,,0,,no_email_candidate_in_email_query,not_flagged,,,,,,valid=0; invalid=0; risky=0; unknown=0
4028,>30M,velux.de,no,,,0,,no_email_candidate_in_email_query,not_flagged,,,,,,valid=0; invalid=0; risky=0; unknown=0
4029,>30M,wreathsacrossamerica.org,no,,,0,,no_email_candidate_in_email_query,not_flagged,,,,,,valid=0; invalid=0; risky=0; unknown=0
4030,>30M,arabbank.jo,no,,,0,,no_email_candidate_in_email_query,not_flagged,,,,,,valid=0; invalid=0; risky=0; unknown=0
4031,>30M,leadercast.com,no,,,0,,no_email_candidate_in_email_query,not_flagged,,,,,,valid=0; invalid=0; risky=0; unknown=0
4032,>30M,rebelle-sante.com,no,,,0,,no_email_candidate_in_email_query,not_flagged,,,,,,valid=0; invalid=0; risky=0; unknown=0
4033,>30M,ubbrugby.com,no,,,0,,no_email_candidate_in_email_query,not_flagged,,,,,,valid=0; invalid=0; risky=0; unknown=0
4034,>30M,anoush.com,no,,,0,,no_email_candidate_in_email_query,not_flagged,,,,,,valid=0; invalid=0; risky=0; unknown=0
4035,>30M,arabbank.com,no,,,0,,no_email_candidate_in_email_query,not_flagged,,,,,,valid=0; invalid=0; risky=0; unknown=0
4036,>30M,contributiregione.it,yes,,,0,,no_email_candidate_in_email_query,not_flagged,,,,,,valid=0; invalid=0; risky=0; unknown=0
4037,>30M,viviallestero.com,yes,,,0,,no_email_candidate_in_email_query,not_flagged,,,,,,valid=0; invalid=0; risky=0; unknown=0
4038,>30M,sitespect.com,no,,,0,,no_email_candidate_in_email_query,not_flagged,,,,,,valid=0; invalid=0; risky=0; unknown=0
4039,>30M,startsomegood.com,yes,,,0,,no_email_candidate_in_email_query,not_flagged,,,,,,valid=0; invalid=0; risky=0; unknown=0
4040,>30M,vocalpoint.com,no,,,0,,no_email_candidate_in_email_query,not_flagged,,,,,,valid=0; invalid=0; risky=0; unknown=0
4041,>30M,linkedinriches.com,no,,,0,,no_email_candidate_in_email_query,not_flagged,,,,,,valid=0; invalid=0; risky=0; unknown=0
4042,>30M,mamaplaats.nl,yes,,,0,,no_email_candidate_in_email_query,not_flagged,,,,,,valid=0; invalid=0; risky=0; unknown=0
4043,>30M,myroadid.com,no,,,0,,no_email_candidate_in_email_query,not_flagged,,,,,,valid=0; invalid=0; risky=0; unknown=0
4044,>30M,shedblog.com.au,yes,,,0,,no_email_candidate_in_email_query,not_flagged,,,,,,valid=0; invalid=0; risky=0; unknown=0
4045,>30M,arabbank.com.eg,no,,,0,,no_email_candidate_in_email_query,not_flagged,,,,,,valid=0; invalid=0; risky=0; unknown=0
4046,>30M,spletnik.si,no,,,0,,no_email_candidate_in_email_query,not_flagged,,,,,,valid=0; invalid=0; risky=0; unknown=0
4047,>30M,techdayhq.com,yes,,,0,,no_email_candidate_in_email_query,not_flagged,,,,,,valid=0; invalid=0; risky=0; unknown=0
4048,>30M,cirquedhiver.com,no,,,0,,no_email_candidate_in_email_query,not_flagged,,,,,,valid=0; invalid=0; risky=0; unknown=0
4049,>30M,dpdk.com,no,,,0,,no_email_candidate_in_email_query,not_flagged,,,,,,valid=0; invalid=0; risky=0; unknown=0
4050,>30M,dinokengreserve.co.za,yes,,,0,,no_email_candidate_in_email_query,not_flagged,,,,,,valid=0; invalid=0; risky=0; unknown=0
4051,>30M,tinyhabits.com,yes,,,0,,no_email_candidate_in_email_query,not_flagged,,,,,,valid=0; invalid=0; risky=0; unknown=0
4052,>30M,jugendundsport.ch,no,,,0,,no_email_candidate_in_email_query,not_flagged,,,,,,valid=0; invalid=0; risky=0; unknown=0
4053,>30M,justifiedgrid.com,no,,,0,,no_email_candidate_in_email_query,not_flagged,,,,,,valid=0; invalid=0; risky=0; unknown=0
4054,>30M,mise-en-scene.be,yes,,,0,,no_email_candidate_in_email_query,not_flagged,,,,,,valid=0; invalid=0; risky=0; unknown=0
4055,>30M,antwerpmanagementschool.be,no,,,0,,no_email_candidate_in_email_query,not_flagged,,,,,,valid=0; invalid=0; risky=0; unknown=0
4056,>30M,uchinovoe.ru,yes,,,0,,no_email_candidate_in_email_query,not_flagged,,,,,,valid=0; invalid=0; risky=0; unknown=0
4057,>30M,arabbank.ae,no,,,0,,no_email_candidate_in_email_query,not_flagged,,,,,,valid=0; invalid=0; risky=0; unknown=0
4058,>30M,bodytime.fr,no,,,0,,no_email_candidate_in_email_query,not_flagged,,,,,,valid=0; invalid=0; risky=0; unknown=0
4059,>30M,foyr.com,yes,,,0,,no_email_candidate_in_email_query,not_flagged,,,,,,valid=0; invalid=0; risky=0; unknown=0
4060,>30M,lonestar-sc.com,yes,,,0,,no_email_candidate_in_email_query,not_flagged,,,,,,valid=0; invalid=0; risky=0; unknown=0
4061,>30M,enewhope.org,yes,,,0,,no_email_candidate_in_email_query,not_flagged,,,,,,valid=0; invalid=0; risky=0; unknown=0
4062,>30M,bbisolutions.com,no,,,0,,no_email_candidate_in_email_query,not_flagged,,,,,,valid=0; invalid=0; risky=0; unknown=0
4063,>30M,velux.co.uk,no,,,0,,no_email_candidate_in_email_query,not_flagged,,,,,,valid=0; invalid=0; risky=0; unknown=0
4064,>30M,copygrad.com,no,,,0,,no_email_candidate_in_email_query,not_flagged,,,,,,valid=0; invalid=0; risky=0; unknown=0
4065,>30M,ebel.com,no,,,0,,no_email_candidate_in_email_query,not_flagged,,,,,,valid=0; invalid=0; risky=0; unknown=0
4066,>30M,carerix.com,no,,,0,,no_email_candidate_in_email_query,not_flagged,,,,,,valid=0; invalid=0; risky=0; unknown=0
4067,>30M,pcdiga.net,no,,,0,,no_email_candidate_in_email_query,not_flagged,,,,,,valid=0; invalid=0; risky=0; unknown=0
4068,>30M,bavc.org,yes,,,0,,no_email_candidate_in_email_query,not_flagged,,,,,,valid=0; invalid=0; risky=0; unknown=0
4069,>30M,nacarat.com,no,,,0,,no_email_candidate_in_email_query,not_flagged,,,,,,valid=0; invalid=0; risky=0; unknown=0
4070,>30M,kemin.com,no,,,0,,no_email_candidate_in_email_query,not_flagged,,,,,,valid=0; invalid=0; risky=0; unknown=0
4071,>30M,initcoms.com,no,,,0,,no_email_candidate_in_email_query,not_flagged,,,,,,valid=0; invalid=0; risky=0; unknown=0
4072,>30M,utmbhealth.com,no,,,0,,no_email_candidate_in_email_query,not_flagged,,,,,,valid=0; invalid=0; risky=0; unknown=0
4073,>30M,tpcdm.com,no,,,0,,no_email_candidate_in_email_query,not_flagged,,,,,,valid=0; invalid=0; risky=0; unknown=0
4074,>30M,iabaustralia.com.au,no,,,0,,no_email_candidate_in_email_query,not_flagged,,,,,,valid=0; invalid=0; risky=0; unknown=0
4075,>30M,cresam.be,no,,,0,,no_email_candidate_in_email_query,not_flagged,,,,,,valid=0; invalid=0; risky=0; unknown=0
4076,>30M,hallwines.com,no,,,0,,no_email_candidate_in_email_query,not_flagged,,,,,,valid=0; invalid=0; risky=0; unknown=0
4077,>30M,ie-today.co.uk,no,,,0,,no_email_candidate_in_email_query,not_flagged,,,,,,valid=0; invalid=0; risky=0; unknown=0
4078,>30M,gobussma.com,yes,,,0,,no_email_candidate_in_email_query,not_flagged,,,,,,valid=0; invalid=0; risky=0; unknown=0
4079,>30M,usd.de,no,,,0,,no_email_candidate_in_email_query,not_flagged,,,,,,valid=0; invalid=0; risky=0; unknown=0
4080,>30M,surselva.info,no,,,0,,no_email_candidate_in_email_query,not_flagged,,,,,,valid=0; invalid=0; risky=0; unknown=0
4081,>30M,cired.net,no,,,0,,no_email_candidate_in_email_query,not_flagged,,,,,,valid=0; invalid=0; risky=0; unknown=0
4082,>30M,anwbgolf.nl,no,,,0,,no_email_candidate_in_email_query,not_flagged,,,,,,valid=0; invalid=0; risky=0; unknown=0
4083,>30M,moovjee.fr,yes,,,0,,no_email_candidate_in_email_query,not_flagged,,,,,,valid=0; invalid=0; risky=0; unknown=0
4084,>30M,otthonokesmegoldasok.hu,no,,,0,,no_email_candidate_in_email_query,not_flagged,,,,,,valid=0; invalid=0; risky=0; unknown=0
4085,>30M,aboutfacecorp.com,yes,,,0,,no_email_candidate_in_email_query,not_flagged,,,,,,valid=0; invalid=0; risky=0; unknown=0
4086,>30M,dorahospital.com,no,,,0,,no_email_candidate_in_email_query,not_flagged,,,,,,valid=0; invalid=0; risky=0; unknown=0
4087,>30M,csr-news.net,yes,,,0,,no_email_candidate_in_email_query,not_flagged,,,,,,valid=0; invalid=0; risky=0; unknown=0
4088,>30M,xaraxone.com,no,,,0,,no_email_candidate_in_email_query,not_flagged,,,,,,valid=0; invalid=0; risky=0; unknown=0
4089,>30M,waterbrookmultnomah.com,no,,,0,,no_email_candidate_in_email_query,not_flagged,,,,,,valid=0; invalid=0; risky=0; unknown=0
4090,>30M,real-leaders.com,yes,,,0,,no_email_candidate_in_email_query,not_flagged,,,,,,valid=0; invalid=0; risky=0; unknown=0
4091,>30M,gcitsolutions.com,no,,,0,,no_email_candidate_in_email_query,not_flagged,,,,,,valid=0; invalid=0; risky=0; unknown=0
4092,>30M,kiboventures.com,yes,,,0,,no_email_candidate_in_email_query,not_flagged,,,,,,valid=0; invalid=0; risky=0; unknown=0
4093,>30M,revelry.co,no,,,0,,no_email_candidate_in_email_query,not_flagged,,,,,,valid=0; invalid=0; risky=0; unknown=0
4094,>30M,xelpmoc.in,yes,,,0,,no_email_candidate_in_email_query,not_flagged,,,,,,valid=0; invalid=0; risky=0; unknown=0
4095,>30M,personalmarketing2null.de,yes,,,0,,no_email_candidate_in_email_query,not_flagged,,,,,,valid=0; invalid=0; risky=0; unknown=0
4096,>30M,concord.ch,no,,,0,,no_email_candidate_in_email_query,not_flagged,,,,,,valid=0; invalid=0; risky=0; unknown=0
4097,>30M,naturallyintense.net,no,,,0,,no_email_candidate_in_email_query,not_flagged,,,,,,valid=0; invalid=0; risky=0; unknown=0
4098,>30M,hiraganatimes.com,yes,,,0,,no_email_candidate_in_email_query,not_flagged,,,,,,valid=0; invalid=0; risky=0; unknown=0
4099,>30M,redstor.com,no,,,0,,no_email_candidate_in_email_query,not_flagged,,,,,,valid=0; invalid=0; risky=0; unknown=0
4100,>30M,feram.cl,yes,,,0,,no_email_candidate_in_email_query,not_flagged,,,,,,valid=0; invalid=0; risky=0; unknown=0
4101,>30M,anettemarie.no,yes,,,0,,no_email_candidate_in_email_query,not_flagged,,,,,,valid=0; invalid=0; risky=0; unknown=0
4102,>30M,drsamrobbins.com,no,,,0,,no_email_candidate_in_email_query,not_flagged,,,,,,valid=0; invalid=0; risky=0; unknown=0
4103,>30M,nic.swiss,no,,,0,,no_email_candidate_in_email_query,not_flagged,,,,,,valid=0; invalid=0; risky=0; unknown=0
4104,>30M,vdlgroep.com,no,,,0,,no_email_candidate_in_email_query,not_flagged,,,,,,valid=0; invalid=0; risky=0; unknown=0
4105,>30M,testdyslexia.com,no,,,0,,no_email_candidate_in_email_query,not_flagged,,,,,,valid=0; invalid=0; risky=0; unknown=0
4106,>30M,superpowered.com,yes,,,0,,no_email_candidate_in_email_query,not_flagged,,,,,,valid=0; invalid=0; risky=0; unknown=0
4107,>30M,hech.be,no,,,0,,no_email_candidate_in_email_query,not_flagged,,,,,,valid=0; invalid=0; risky=0; unknown=0
4108,>30M,thinkglobalschool.org,no,,,0,,no_email_candidate_in_email_query,not_flagged,,,,,,valid=0; invalid=0; risky=0; unknown=0
4109,>30M,pompy.com,no,,,0,,no_email_candidate_in_email_query,not_flagged,,,,,,valid=0; invalid=0; risky=0; unknown=0
4110,>30M,stayhome.fr,yes,,,0,,no_email_candidate_in_email_query,not_flagged,,,,,,valid=0; invalid=0; risky=0; unknown=0
4111,>30M,rotavicentina.com,no,,,0,,no_email_candidate_in_email_query,not_flagged,,,,,,valid=0; invalid=0; risky=0; unknown=0
4112,>30M,rabble.ie,yes,,,0,,no_email_candidate_in_email_query,not_flagged,,,,,,valid=0; invalid=0; risky=0; unknown=0
4113,>30M,startlabs.co,yes,,,0,,no_email_candidate_in_email_query,not_flagged,,,,,,valid=0; invalid=0; risky=0; unknown=0
4114,>30M,wendywutours.com.au,no,,,0,,no_email_candidate_in_email_query,not_flagged,,,,,,valid=0; invalid=0; risky=0; unknown=0
4115,>30M,velux.at,no,,,0,,no_email_candidate_in_email_query,not_flagged,,,,,,valid=0; invalid=0; risky=0; unknown=0
4116,>30M,rca.fr,no,,,0,,no_email_candidate_in_email_query,not_flagged,,,,,,valid=0; invalid=0; risky=0; unknown=0
4117,>30M,thegrouchoclub.com,yes,,,0,,no_email_candidate_in_email_query,not_flagged,,,,,,valid=0; invalid=0; risky=0; unknown=0
4118,>30M,swissmint.ch,no,,,0,,no_email_candidate_in_email_query,not_flagged,,,,,,valid=0; invalid=0; risky=0; unknown=0
4119,>30M,skyalert.mx,no,,,0,,no_email_candidate_in_email_query,not_flagged,,,,,,valid=0; invalid=0; risky=0; unknown=0
4120,>30M,trib.se,yes,,,0,,no_email_candidate_in_email_query,not_flagged,,,,,,valid=0; invalid=0; risky=0; unknown=0
4121,>30M,adadevelopersacademy.org,no,,,0,,no_email_candidate_in_email_query,not_flagged,,,,,,valid=0; invalid=0; risky=0; unknown=0
4122,>30M,ophis.fr,no,,,0,,no_email_candidate_in_email_query,not_flagged,,,,,,valid=0; invalid=0; risky=0; unknown=0
4123,>30M,crewscontrol.com,yes,,,0,,no_email_candidate_in_email_query,not_flagged,,,,,,valid=0; invalid=0; risky=0; unknown=0
4124,>30M,velux.cz,no,,,0,,no_email_candidate_in_email_query,not_flagged,,,,,,valid=0; invalid=0; risky=0; unknown=0
4125,>30M,experiment-ev.de,no,,,0,,no_email_candidate_in_email_query,not_flagged,,,,,,valid=0; invalid=0; risky=0; unknown=0
4126,>30M,zero11.it,yes,,,0,,no_email_candidate_in_email_query,not_flagged,,,,,,valid=0; invalid=0; risky=0; unknown=0
4127,>30M,rainbowclub.co.uk,no,,,0,,no_email_candidate_in_email_query,not_flagged,,,,,,valid=0; invalid=0; risky=0; unknown=0
4128,>30M,automotive-circle.com,no,,,0,,no_email_candidate_in_email_query,not_flagged,,,,,,valid=0; invalid=0; risky=0; unknown=0
4129,>30M,grandehotelsenac.com.br,no,,,0,,no_email_candidate_in_email_query,not_flagged,,,,,,valid=0; invalid=0; risky=0; unknown=0
4130,>30M,albertopuliafito.it,no,,,0,,no_email_candidate_in_email_query,not_flagged,,,,,,valid=0; invalid=0; risky=0; unknown=0
4131,>30M,velux.nl,no,,,0,,no_email_candidate_in_email_query,not_flagged,,,,,,valid=0; invalid=0; risky=0; unknown=0
4132,>30M,berytech.org,no,,,0,,no_email_candidate_in_email_query,not_flagged,,,,,,valid=0; invalid=0; risky=0; unknown=0
4133,>30M,tenantcloud.com,no,,,0,,no_email_candidate_in_email_query,not_flagged,,,,,,valid=0; invalid=0; risky=0; unknown=0
4134,>30M,wplauncher.com,yes,,,0,,no_email_candidate_in_email_query,not_flagged,,,,,,valid=0; invalid=0; risky=0; unknown=0
4135,>30M,inkygirl.com,yes,,,0,,no_email_candidate_in_email_query,not_flagged,,,,,,valid=0; invalid=0; risky=0; unknown=0
4136,>30M,mloz.be,no,,,0,,no_email_candidate_in_email_query,not_flagged,,,,,,valid=0; invalid=0; risky=0; unknown=0
4137,>30M,tmipal.com,yes,,,0,,no_email_candidate_in_email_query,not_flagged,,,,,,valid=0; invalid=0; risky=0; unknown=0
4138,>30M,aseptico.com,no,,,0,,no_email_candidate_in_email_query,not_flagged,,,,,,valid=0; invalid=0; risky=0; unknown=0
4139,>30M,biokleenhome.com,no,,,0,,no_email_candidate_in_email_query,not_flagged,,,,,,valid=0; invalid=0; risky=0; unknown=0
4140,>30M,hotelschiphol.nl,no,,,0,,no_email_candidate_in_email_query,not_flagged,,,,,,valid=0; invalid=0; risky=0; unknown=0
4141,>30M,mc2grenoble.fr,yes,,,0,,no_email_candidate_in_email_query,not_flagged,,,,,,valid=0; invalid=0; risky=0; unknown=0
4142,>30M,belgiansmaak.com,yes,,,0,,no_email_candidate_in_email_query,not_flagged,,,,,,valid=0; invalid=0; risky=0; unknown=0
4143,>30M,gtrv.com,yes,,,0,,no_email_candidate_in_email_query,not_flagged,,,,,,valid=0; invalid=0; risky=0; unknown=0
4144,>30M,justblo.com,yes,,,0,,no_email_candidate_in_email_query,not_flagged,,,,,,valid=0; invalid=0; risky=0; unknown=0
4145,>30M,tricityvoice.com,yes,,,0,,no_email_candidate_in_email_query,not_flagged,,,,,,valid=0; invalid=0; risky=0; unknown=0
4146,>30M,femalefoundersfund.com,no,,,0,,no_email_candidate_in_email_query,not_flagged,,,,,,valid=0; invalid=0; risky=0; unknown=0
4147,>30M,waltwines.com,no,,,0,,no_email_candidate_in_email_query,not_flagged,,,,,,valid=0; invalid=0; risky=0; unknown=0
4148,>30M,dobuss.es,yes,,,0,,no_email_candidate_in_email_query,not_flagged,,,,,,valid=0; invalid=0; risky=0; unknown=0
4149,>30M,tedxrennes.com,yes,,,0,,no_email_candidate_in_email_query,not_flagged,,,,,,valid=0; invalid=0; risky=0; unknown=0
4150,>30M,missegle.com,no,,,0,,no_email_candidate_in_email_query,not_flagged,,,,,,valid=0; invalid=0; risky=0; unknown=0
4151,>30M,afrikascout.de,yes,,,0,,no_email_candidate_in_email_query,not_flagged,,,,,,valid=0; invalid=0; risky=0; unknown=0
4152,>30M,autobodynews.com,yes,,,0,,no_email_candidate_in_email_query,not_flagged,,,,,,valid=0; invalid=0; risky=0; unknown=0
4153,>30M,blacksintechnology.net,yes,,,0,,no_email_candidate_in_email_query,not_flagged,,,,,,valid=0; invalid=0; risky=0; unknown=0
4154,>30M,ginefiv.com,no,,,0,,no_email_candidate_in_email_query,not_flagged,,,,,,valid=0; invalid=0; risky=0; unknown=0
4155,>30M,hotelhouten.nl,no,,,0,,no_email_candidate_in_email_query,not_flagged,,,,,,valid=0; invalid=0; risky=0; unknown=0
4156,>30M,familjensjurist.se,yes,,,0,,no_email_candidate_in_email_query,not_flagged,,,,,,valid=0; invalid=0; risky=0; unknown=0
4157,>30M,remixmagazine.com,no,,,0,,no_email_candidate_in_email_query,not_flagged,,,,,,valid=0; invalid=0; risky=0; unknown=0
4158,>30M,prolink.ru,no,,,0,,no_email_candidate_in_email_query,not_flagged,,,,,,valid=0; invalid=0; risky=0; unknown=0
4159,>30M,balloupr.com,no,,,0,,no_email_candidate_in_email_query,not_flagged,,,,,,valid=0; invalid=0; risky=0; unknown=0
4160,>30M,coraops.com,yes,,,0,,no_email_candidate_in_email_query,not_flagged,,,,,,valid=0; invalid=0; risky=0; unknown=0
4161,>30M,asianlemansseries.com,no,,,0,,no_email_candidate_in_email_query,not_flagged,,,,,,valid=0; invalid=0; risky=0; unknown=0
4162,>30M,employerflexible.com,no,,,0,,no_email_candidate_in_email_query,not_flagged,,,,,,valid=0; invalid=0; risky=0; unknown=0
4163,>30M,forocapitalpymes.com,no,,,0,,no_email_candidate_in_email_query,not_flagged,,,,,,valid=0; invalid=0; risky=0; unknown=0
4164,>30M,growthninja.com,no,,,0,,no_email_candidate_in_email_query,not_flagged,,,,,,valid=0; invalid=0; risky=0; unknown=0
4165,>30M,themarblestore.co.uk,no,,,0,,no_email_candidate_in_email_query,not_flagged,,,,,,valid=0; invalid=0; risky=0; unknown=0
4166,>30M,camplucy.com,yes,,,0,,no_email_candidate_in_email_query,not_flagged,,,,,,valid=0; invalid=0; risky=0; unknown=0
4167,>30M,mvmt.com,no,,,0,,no_email_candidate_in_email_query,not_flagged,,,,,,valid=0; invalid=0; risky=0; unknown=0
4168,>30M,beet.com,no,,,0,,no_email_candidate_in_email_query,not_flagged,,,,,,valid=0; invalid=0; risky=0; unknown=0
4169,>30M,sdindustrial.com.mx,yes,,,0,,no_email_candidate_in_email_query,not_flagged,,,,,,valid=0; invalid=0; risky=0; unknown=0
4170,>30M,velux.sk,no,,,0,,no_email_candidate_in_email_query,not_flagged,,,,,,valid=0; invalid=0; risky=0; unknown=0
4171,>30M,doctordeseo.com,no,,,0,,no_email_candidate_in_email_query,not_flagged,,,,,,valid=0; invalid=0; risky=0; unknown=0
4172,>30M,avwequipment.com,yes,,,0,,no_email_candidate_in_email_query,not_flagged,,,,,,valid=0; invalid=0; risky=0; unknown=0
4173,>30M,climbcredit.com,no,,,0,,no_email_candidate_in_email_query,not_flagged,,,,,,valid=0; invalid=0; risky=0; unknown=0
4174,>30M,newcarsuperstore.com,yes,,,0,,no_email_candidate_in_email_query,not_flagged,,,,,,valid=0; invalid=0; risky=0; unknown=0
4175,>30M,wearelatech.com,yes,,,0,,no_email_candidate_in_email_query,not_flagged,,,,,,valid=0; invalid=0; risky=0; unknown=0
4176,>30M,smartlearning.dk,no,,,0,,no_email_candidate_in_email_query,not_flagged,,,,,,valid=0; invalid=0; risky=0; unknown=0
4177,>30M,danspetcare.com,yes,,,0,,no_email_candidate_in_email_query,not_flagged,,,,,,valid=0; invalid=0; risky=0; unknown=0
4178,>30M,archerdental.ca,no,,,0,,no_email_candidate_in_email_query,not_flagged,,,,,,valid=0; invalid=0; risky=0; unknown=0
4179,>30M,holea.es,no,,,0,,no_email_candidate_in_email_query,not_flagged,,,,,,valid=0; invalid=0; risky=0; unknown=0
4180,>30M,zelfenergieproduceren.nl,no,,,0,,no_email_candidate_in_email_query,not_flagged,,,,,,valid=0; invalid=0; risky=0; unknown=0
4181,>30M,amo.dk,no,,,0,,no_email_candidate_in_email_query,not_flagged,,,,,,valid=0; invalid=0; risky=0; unknown=0
4182,>30M,stuffyoucanuse.org,no,,,0,,no_email_candidate_in_email_query,not_flagged,,,,,,valid=0; invalid=0; risky=0; unknown=0
4183,>30M,mustachianpost.com,no,,,0,,no_email_candidate_in_email_query,not_flagged,,,,,,valid=0; invalid=0; risky=0; unknown=0
4184,>30M,elecakeco.com,yes,,,0,,no_email_candidate_in_email_query,not_flagged,,,,,,valid=0; invalid=0; risky=0; unknown=0
4185,>30M,castrolturfview.com,no,,,0,,no_email_candidate_in_email_query,not_flagged,,,,,,valid=0; invalid=0; risky=0; unknown=0
4186,>30M,weareparliament.com,no,,,0,,no_email_candidate_in_email_query,not_flagged,,,,,,valid=0; invalid=0; risky=0; unknown=0
4187,>30M,realworldstudios.com,yes,,,0,,no_email_candidate_in_email_query,not_flagged,,,,,,valid=0; invalid=0; risky=0; unknown=0
4188,>30M,trivest.com,no,,,0,,no_email_candidate_in_email_query,not_flagged,,,,,,valid=0; invalid=0; risky=0; unknown=0
4189,>30M,hoppenbrouwerstechniek.nl,no,,,0,,no_email_candidate_in_email_query,not_flagged,,,,,,valid=0; invalid=0; risky=0; unknown=0
4190,>30M,losalfares.net,yes,,,0,,no_email_candidate_in_email_query,not_flagged,,,,,,valid=0; invalid=0; risky=0; unknown=0
4191,>30M,vhs-nds.de,no,,,0,,no_email_candidate_in_email_query,not_flagged,,,,,,valid=0; invalid=0; risky=0; unknown=0
4192,>30M,editio.nl,yes,,,0,,no_email_candidate_in_email_query,not_flagged,,,,,,valid=0; invalid=0; risky=0; unknown=0
4193,>30M,studiopost.com,yes,,,0,,no_email_candidate_in_email_query,not_flagged,,,,,,valid=0; invalid=0; risky=0; unknown=0
4194,>30M,velux.si,no,,,0,,no_email_candidate_in_email_query,not_flagged,,,,,,valid=0; invalid=0; risky=0; unknown=0
4195,>30M,unitedwaynyc.org,yes,,,0,,no_email_candidate_in_email_query,not_flagged,,,,,,valid=0; invalid=0; risky=0; unknown=0
4196,>30M,singlesprout.com,yes,,,0,,no_email_candidate_in_email_query,not_flagged,,,,,,valid=0; invalid=0; risky=0; unknown=0
4197,>30M,onlyprovence.com,yes,,,0,,no_email_candidate_in_email_query,not_flagged,,,,,,valid=0; invalid=0; risky=0; unknown=0
4198,>30M,requirementone.com,no,,,0,,no_email_candidate_in_email_query,not_flagged,,,,,,valid=0; invalid=0; risky=0; unknown=0
4199,>30M,iperegrinos.com,yes,,,0,,no_email_candidate_in_email_query,not_flagged,,,,,,valid=0; invalid=0; risky=0; unknown=0
4200,>30M,videodl.org,no,,,0,,no_email_candidate_in_email_query,not_flagged,,,,,,valid=0; invalid=0; risky=0; unknown=0
4201,>30M,ballerbootcamp.com,no,,,0,,no_email_candidate_in_email_query,not_flagged,,,,,,valid=0; invalid=0; risky=0; unknown=0
4202,>30M,welltrade.nl,yes,,,0,,no_email_candidate_in_email_query,not_flagged,,,,,,valid=0; invalid=0; risky=0; unknown=0
4203,>30M,spiritcatholicradio.com,yes,,,0,,no_email_candidate_in_email_query,not_flagged,,,,,,valid=0; invalid=0; risky=0; unknown=0
4204,>30M,petdomestic.com,yes,,,0,,no_email_candidate_in_email_query,not_flagged,,,,,,valid=0; invalid=0; risky=0; unknown=0
4205,>30M,popthequestion.it,no,,,0,,no_email_candidate_in_email_query,not_flagged,,,,,,valid=0; invalid=0; risky=0; unknown=0
4206,>30M,suncitygranite.com,no,,,0,,no_email_candidate_in_email_query,not_flagged,,,,,,valid=0; invalid=0; risky=0; unknown=0
4207,>30M,institutimagine.org,no,,,0,,no_email_candidate_in_email_query,not_flagged,,,,,,valid=0; invalid=0; risky=0; unknown=0
4208,>30M,grupoarestora.com,yes,,,0,,no_email_candidate_in_email_query,not_flagged,,,,,,valid=0; invalid=0; risky=0; unknown=0
4209,>30M,mariongluckclinic.com,yes,,,0,,no_email_candidate_in_email_query,not_flagged,,,,,,valid=0; invalid=0; risky=0; unknown=0
4210,>30M,scottishstudentsport.com,yes,,,0,,no_email_candidate_in_email_query,not_flagged,,,,,,valid=0; invalid=0; risky=0; unknown=0
4211,>30M,thecoveattiburon.com,no,,,0,,no_email_candidate_in_email_query,not_flagged,,,,,,valid=0; invalid=0; risky=0; unknown=0
4212,>30M,osagepartners.com,no,,,0,,no_email_candidate_in_email_query,not_flagged,,,,,,valid=0; invalid=0; risky=0; unknown=0
4213,>30M,bookstation.de,no,,,0,,no_email_candidate_in_email_query,not_flagged,,,,,,valid=0; invalid=0; risky=0; unknown=0
4214,>30M,elizabethyin.com,yes,,,0,,no_email_candidate_in_email_query,not_flagged,,,,,,valid=0; invalid=0; risky=0; unknown=0
4215,>30M,das-graseck.de,yes,,,0,,no_email_candidate_in_email_query,not_flagged,,,,,,valid=0; invalid=0; risky=0; unknown=0
4216,>30M,weareunderdog.com,yes,,,0,,no_email_candidate_in_email_query,not_flagged,,,,,,valid=0; invalid=0; risky=0; unknown=0
4217,>30M,karlville.com,no,,,0,,no_email_candidate_in_email_query,not_flagged,,,,,,valid=0; invalid=0; risky=0; unknown=0
4218,>30M,apm.net.au,no,,,0,,no_email_candidate_in_email_query,not_flagged,,,,,,valid=0; invalid=0; risky=0; unknown=0
4219,>30M,galenos.ch,no,,,0,,no_email_candidate_in_email_query,not_flagged,,,,,,valid=0; invalid=0; risky=0; unknown=0
4220,>30M,devnexus.com,yes,,,0,,no_email_candidate_in_email_query,not_flagged,,,,,,valid=0; invalid=0; risky=0; unknown=0
4221,>30M,manwithavan.com,yes,,,0,,no_email_candidate_in_email_query,not_flagged,,,,,,valid=0; invalid=0; risky=0; unknown=0
4222,>30M,gogpac.com,no,,,0,,no_email_candidate_in_email_query,not_flagged,,,,,,valid=0; invalid=0; risky=0; unknown=0
4223,>30M,justkampers.com.au,no,,,0,,no_email_candidate_in_email_query,not_flagged,,,,,,valid=0; invalid=0; risky=0; unknown=0
4224,>30M,eagleranchacademy.com,no,,,0,,no_email_candidate_in_email_query,not_flagged,,,,,,valid=0; invalid=0; risky=0; unknown=0
4225,>30M,buyasmallhouse.com,no,,,0,,no_email_candidate_in_email_query,not_flagged,,,,,,valid=0; invalid=0; risky=0; unknown=0
4226,>30M,bentographics.com,no,,,0,,no_email_candidate_in_email_query,not_flagged,,,,,,valid=0; invalid=0; risky=0; unknown=0
4227,>30M,virtualresults.com,yes,,,0,,no_email_candidate_in_email_query,not_flagged,,,,,,valid=0; invalid=0; risky=0; unknown=0
4228,>30M,murakamy.com,yes,,,0,,no_email_candidate_in_email_query,not_flagged,,,,,,valid=0; invalid=0; risky=0; unknown=0
4229,>30M,sharedmed.com,no,,,0,,no_email_candidate_in_email_query,not_flagged,,,,,,valid=0; invalid=0; risky=0; unknown=0
4230,>30M,logisticsinwallonia.be,no,,,0,,no_email_candidate_in_email_query,not_flagged,,,,,,valid=0; invalid=0; risky=0; unknown=0
4231,>30M,newhavensymphony.org,yes,,,0,,no_email_candidate_in_email_query,not_flagged,,,,,,valid=0; invalid=0; risky=0; unknown=0
4232,>30M,merrittgrp.com,no,,,0,,no_email_candidate_in_email_query,not_flagged,,,,,,valid=0; invalid=0; risky=0; unknown=0
4233,>30M,uvderm.com,yes,,,0,,no_email_candidate_in_email_query,not_flagged,,,,,,valid=0; invalid=0; risky=0; unknown=0
4234,>30M,pawellenar.pl,yes,,,0,,no_email_candidate_in_email_query,not_flagged,,,,,,valid=0; invalid=0; risky=0; unknown=0
4235,>30M,laboule-noire.fr,yes,,,0,,no_email_candidate_in_email_query,not_flagged,,,,,,valid=0; invalid=0; risky=0; unknown=0
4236,>30M,henhousebrewing.com,yes,,,0,,no_email_candidate_in_email_query,not_flagged,,,,,,valid=0; invalid=0; risky=0; unknown=0
4237,>30M,hotelvandervalkmaastricht.nl,no,,,0,,no_email_candidate_in_email_query,not_flagged,,,,,,valid=0; invalid=0; risky=0; unknown=0
4238,>30M,pfharris.com,no,,,0,,no_email_candidate_in_email_query,not_flagged,,,,,,valid=0; invalid=0; risky=0; unknown=0
4239,>30M,hoffman-associates.be,no,,,0,,no_email_candidate_in_email_query,not_flagged,,,,,,valid=0; invalid=0; risky=0; unknown=0
4240,>30M,bluetechresearch.com,no,,,0,,no_email_candidate_in_email_query,not_flagged,,,,,,valid=0; invalid=0; risky=0; unknown=0
4241,>30M,goodbox.com,yes,,,0,,no_email_candidate_in_email_query,not_flagged,,,,,,valid=0; invalid=0; risky=0; unknown=0
4242,>30M,krystal-club.it,yes,,,0,,no_email_candidate_in_email_query,not_flagged,,,,,,valid=0; invalid=0; risky=0; unknown=0
4243,>30M,pinkweb.nl,no,,,0,,no_email_candidate_in_email_query,not_flagged,,,,,,valid=0; invalid=0; risky=0; unknown=0
4244,>30M,jcs.pt,no,,,0,,no_email_candidate_in_email_query,not_flagged,,,,,,valid=0; invalid=0; risky=0; unknown=0
4245,>30M,cloresocialleadership.org.uk,yes,,,0,,no_email_candidate_in_email_query,not_flagged,,,,,,valid=0; invalid=0; risky=0; unknown=0
4246,>30M,salahbenzakour.com,yes,,,0,,no_email_candidate_in_email_query,not_flagged,,,,,,valid=0; invalid=0; risky=0; unknown=0
4247,>30M,nip-it.org,no,,,0,,no_email_candidate_in_email_query,not_flagged,,,,,,valid=0; invalid=0; risky=0; unknown=0
4248,>30M,ittielle.it,no,,,0,,no_email_candidate_in_email_query,not_flagged,,,,,,valid=0; invalid=0; risky=0; unknown=0
4249,>30M,greatcampjobs.com,no,,,0,,no_email_candidate_in_email_query,not_flagged,,,,,,valid=0; invalid=0; risky=0; unknown=0
4250,>30M,air-glaciers.ch,no,,,0,,no_email_candidate_in_email_query,not_flagged,,,,,,valid=0; invalid=0; risky=0; unknown=0
4251,>30M,antropologiavisual.net,no,,,0,,no_email_candidate_in_email_query,not_flagged,,,,,,valid=0; invalid=0; risky=0; unknown=0
4252,>30M,clevao.com,no,,,0,,no_email_candidate_in_email_query,not_flagged,,,,,,valid=0; invalid=0; risky=0; unknown=0
4253,>30M,nssra.org,yes,,,0,,no_email_candidate_in_email_query,not_flagged,,,,,,valid=0; invalid=0; risky=0; unknown=0
4254,>30M,snjcgt.fr,yes,,,0,,no_email_candidate_in_email_query,not_flagged,,,,,,valid=0; invalid=0; risky=0; unknown=0
4255,>30M,stfuandparty.com,yes,,,0,,no_email_candidate_in_email_query,not_flagged,,,,,,valid=0; invalid=0; risky=0; unknown=0
4256,>30M,groupe-quintesens.fr,no,,,0,,no_email_candidate_in_email_query,not_flagged,,,,,,valid=0; invalid=0; risky=0; unknown=0
4257,>30M,squareonecoffee.com,no,,,0,,no_email_candidate_in_email_query,not_flagged,,,,,,valid=0; invalid=0; risky=0; unknown=0
4258,>30M,getgokart.com,yes,,,0,,no_email_candidate_in_email_query,not_flagged,,,,,,valid=0; invalid=0; risky=0; unknown=0
4259,>30M,ecjja.com,yes,,,0,,no_email_candidate_in_email_query,not_flagged,,,,,,valid=0; invalid=0; risky=0; unknown=0
4260,>30M,bellairedermatology.com,no,,,0,,no_email_candidate_in_email_query,not_flagged,,,,,,valid=0; invalid=0; risky=0; unknown=0
4261,>30M,centrocomercialmontigala.com,no,,,0,,no_email_candidate_in_email_query,not_flagged,,,,,,valid=0; invalid=0; risky=0; unknown=0
4262,>30M,mortgageholders.ie,no,,,0,,no_email_candidate_in_email_query,not_flagged,,,,,,valid=0; invalid=0; risky=0; unknown=0
4263,>30M,zollsoft.de,no,,,0,,no_email_candidate_in_email_query,not_flagged,,,,,,valid=0; invalid=0; risky=0; unknown=0
4264,>30M,spiritofsantafe.com,yes,,,0,,no_email_candidate_in_email_query,not_flagged,,,,,,valid=0; invalid=0; risky=0; unknown=0
4265,>30M,foraform.no,yes,,,0,,no_email_candidate_in_email_query,not_flagged,,,,,,valid=0; invalid=0; risky=0; unknown=0
4266,>30M,geminiparkingsolutions.com,yes,,,0,,no_email_candidate_in_email_query,not_flagged,,,,,,valid=0; invalid=0; risky=0; unknown=0
4267,>30M,toteat.com,no,,,0,,no_email_candidate_in_email_query,not_flagged,,,,,,valid=0; invalid=0; risky=0; unknown=0
4268,>30M,soprema.co.uk,no,,,0,,no_email_candidate_in_email_query,not_flagged,,,,,,valid=0; invalid=0; risky=0; unknown=0
4269,>30M,hotelspier.nl,no,,,0,,no_email_candidate_in_email_query,not_flagged,,,,,,valid=0; invalid=0; risky=0; unknown=0
4270,>30M,peacechurch.org,yes,,,0,,no_email_candidate_in_email_query,not_flagged,,,,,,valid=0; invalid=0; risky=0; unknown=0
4271,>30M,ecoledelartoratoire.com,yes,,,0,,no_email_candidate_in_email_query,not_flagged,,,,,,valid=0; invalid=0; risky=0; unknown=0
4272,>30M,loyalty.no,no,,,0,,no_email_candidate_in_email_query,not_flagged,,,,,,valid=0; invalid=0; risky=0; unknown=0
4273,>30M,iptar.org,yes,,,0,,no_email_candidate_in_email_query,not_flagged,,,,,,valid=0; invalid=0; risky=0; unknown=0
4274,>30M,tigertalesbooks.com,no,,,0,,no_email_candidate_in_email_query,not_flagged,,,,,,valid=0; invalid=0; risky=0; unknown=0
4275,>30M,periodistasandalucia.es,no,,,0,,no_email_candidate_in_email_query,not_flagged,,,,,,valid=0; invalid=0; risky=0; unknown=0
4276,>30M,chatterkick.com,yes,,,0,,no_email_candidate_in_email_query,not_flagged,,,,,,valid=0; invalid=0; risky=0; unknown=0
4277,>30M,3dfabriek.nl,yes,,,0,,no_email_candidate_in_email_query,not_flagged,,,,,,valid=0; invalid=0; risky=0; unknown=0
4278,>30M,mbusatirecenter.com,yes,,,0,,no_email_candidate_in_email_query,not_flagged,,,,,,valid=0; invalid=0; risky=0; unknown=0
4279,>30M,brooklynstrength.com,no,,,0,,no_email_candidate_in_email_query,not_flagged,,,,,,valid=0; invalid=0; risky=0; unknown=0
4280,>30M,afasec.fr,no,,,0,,no_email_candidate_in_email_query,not_flagged,,,,,,valid=0; invalid=0; risky=0; unknown=0
4281,>30M,milestonesprogram.org,no,,,0,,no_email_candidate_in_email_query,not_flagged,,,,,,valid=0; invalid=0; risky=0; unknown=0
4282,>30M,5minutelessonplan.co.uk,yes,,,0,,no_email_candidate_in_email_query,not_flagged,,,,,,valid=0; invalid=0; risky=0; unknown=0
4283,>30M,fruchtzwerge.de,no,,,0,,no_email_candidate_in_email_query,not_flagged,,,,,,valid=0; invalid=0; risky=0; unknown=0
4284,>30M,kb-industries.com,no,,,0,,no_email_candidate_in_email_query,not_flagged,,,,,,valid=0; invalid=0; risky=0; unknown=0
4285,>30M,citywideapts.com,no,,,0,,no_email_candidate_in_email_query,not_flagged,,,,,,valid=0; invalid=0; risky=0; unknown=0
4286,>30M,pulm.fr,no,,,0,,no_email_candidate_in_email_query,not_flagged,,,,,,valid=0; invalid=0; risky=0; unknown=0
4287,>30M,ccpenacastillo.com,yes,,,0,,no_email_candidate_in_email_query,not_flagged,,,,,,valid=0; invalid=0; risky=0; unknown=0
4288,>30M,disciplebuilding.org,yes,,,0,,no_email_candidate_in_email_query,not_flagged,,,,,,valid=0; invalid=0; risky=0; unknown=0
4289,>30M,hipowersystems.com,no,,,0,,no_email_candidate_in_email_query,not_flagged,,,,,,valid=0; invalid=0; risky=0; unknown=0
4290,>30M,thesponge.com.au,no,,,0,,no_email_candidate_in_email_query,not_flagged,,,,,,valid=0; invalid=0; risky=0; unknown=0
4291,>30M,depistageneonatal.be,no,,,0,,no_email_candidate_in_email_query,not_flagged,,,,,,valid=0; invalid=0; risky=0; unknown=0
4292,>30M,krataionconsulting.com,no,,,0,,no_email_candidate_in_email_query,not_flagged,,,,,,valid=0; invalid=0; risky=0; unknown=0
4293,>30M,stmarkhouston.org,no,,,0,,no_email_candidate_in_email_query,not_flagged,,,,,,valid=0; invalid=0; risky=0; unknown=0
4294,>30M,baiacalenella.com,yes,,,0,,no_email_candidate_in_email_query,not_flagged,,,,,,valid=0; invalid=0; risky=0; unknown=0
4295,>30M,frigosped.de,yes,,,0,,no_email_candidate_in_email_query,not_flagged,,,,,,valid=0; invalid=0; risky=0; unknown=0
4296,>30M,totalcomfortinc.net,no,,,0,,no_email_candidate_in_email_query,not_flagged,,,,,,valid=0; invalid=0; risky=0; unknown=0
4297,>30M,nealweichel.com,no,,,0,,no_email_candidate_in_email_query,not_flagged,,,,,,valid=0; invalid=0; risky=0; unknown=0
4298,>30M,rmwilliams.com,no,,,0,,no_email_candidate_in_email_query,not_flagged,,,,,,valid=0; invalid=0; risky=0; unknown=0
4299,>30M,facsrl.com,no,,,0,,no_email_candidate_in_email_query,not_flagged,,,,,,valid=0; invalid=0; risky=0; unknown=0
4300,>30M,intercessio.fr,yes,,,0,,no_email_candidate_in_email_query,not_flagged,,,,,,valid=0; invalid=0; risky=0; unknown=0
4301,>30M,tc.de,no,,,0,,no_email_candidate_in_email_query,not_flagged,,,,,,valid=0; invalid=0; risky=0; unknown=0
4302,>30M,umanea.fr,no,,,0,,no_email_candidate_in_email_query,not_flagged,,,,,,valid=0; invalid=0; risky=0; unknown=0
4303,>30M,wisdomkeepers.net,yes,,,0,,no_email_candidate_in_email_query,not_flagged,,,,,,valid=0; invalid=0; risky=0; unknown=0
4304,>30M,piscinas-iguazu.es,yes,,,0,,no_email_candidate_in_email_query,not_flagged,,,,,,valid=0; invalid=0; risky=0; unknown=0
4305,>30M,forummusikae.com,yes,,,0,,no_email_candidate_in_email_query,not_flagged,,,,,,valid=0; invalid=0; risky=0; unknown=0
4306,>30M,lindonprecision.com,yes,,,0,,no_email_candidate_in_email_query,not_flagged,,,,,,valid=0; invalid=0; risky=0; unknown=0
4307,>30M,nevpt.com,yes,,,0,,no_email_candidate_in_email_query,not_flagged,,,,,,valid=0; invalid=0; risky=0; unknown=0
4308,>30M,outdoor-lcd.com,no,,,0,,no_email_candidate_in_email_query,not_flagged,,,,,,valid=0; invalid=0; risky=0; unknown=0
4309,>30M,theduncairn.com,yes,,,0,,no_email_candidate_in_email_query,not_flagged,,,,,,valid=0; invalid=0; risky=0; unknown=0
4310,>30M,partitodemocratico.org.uk,yes,,,0,,no_email_candidate_in_email_query,not_flagged,,,,,,valid=0; invalid=0; risky=0; unknown=0
4311,>30M,shamrockcabinet.com,yes,,,0,,no_email_candidate_in_email_query,not_flagged,,,,,,valid=0; invalid=0; risky=0; unknown=0
4312,>30M,adk-gfs.org,yes,,,0,,no_email_candidate_in_email_query,not_flagged,,,,,,valid=0; invalid=0; risky=0; unknown=0
4313,>30M,saam-assurance.com,no,,,0,,no_email_candidate_in_email_query,not_flagged,,,,,,valid=0; invalid=0; risky=0; unknown=0
4314,>30M,defactosound.com,yes,,,0,,no_email_candidate_in_email_query,not_flagged,,,,,,valid=0; invalid=0; risky=0; unknown=0
4315,>30M,midamericaangels.com,yes,,,0,,no_email_candidate_in_email_query,not_flagged,,,,,,valid=0; invalid=0; risky=0; unknown=0
4316,>30M,talktoivy.com,no,,,0,,no_email_candidate_in_email_query,not_flagged,,,,,,valid=0; invalid=0; risky=0; unknown=0
4317,>30M,gichtbehandlung.de,yes,,,0,,no_email_candidate_in_email_query,not_flagged,,,,,,valid=0; invalid=0; risky=0; unknown=0
4318,>30M,fundacioestimia.org,no,,,0,,no_email_candidate_in_email_query,not_flagged,,,,,,valid=0; invalid=0; risky=0; unknown=0
4319,>30M,cashinusa.com,yes,,,0,,no_email_candidate_in_email_query,not_flagged,,,,,,valid=0; invalid=0; risky=0; unknown=0
4320,>30M,brigittefactor.com,yes,,,0,,no_email_candidate_in_email_query,not_flagged,,,,,,valid=0; invalid=0; risky=0; unknown=0
4321,>30M,exxell.fr,yes,,,0,,no_email_candidate_in_email_query,not_flagged,,,,,,valid=0; invalid=0; risky=0; unknown=0
4322,>30M,sussexbeacon.org.uk,no,,,0,,no_email_candidate_in_email_query,not_flagged,,,,,,valid=0; invalid=0; risky=0; unknown=0
4323,>30M,vulturefestival.com,no,,,0,,no_email_candidate_in_email_query,not_flagged,,,,,,valid=0; invalid=0; risky=0; unknown=0
4324,>30M,peterlovatt.com,yes,,,0,,no_email_candidate_in_email_query,not_flagged,,,,,,valid=0; invalid=0; risky=0; unknown=0
4325,>30M,wertraum.at,no,,,0,,no_email_candidate_in_email_query,not_flagged,,,,,,valid=0; invalid=0; risky=0; unknown=0
4326,>30M,civicdataalliance.org,yes,,,0,,no_email_candidate_in_email_query,not_flagged,,,,,,valid=0; invalid=0; risky=0; unknown=0
4327,>30M,flaka.nl,yes,,,0,,no_email_candidate_in_email_query,not_flagged,,,,,,valid=0; invalid=0; risky=0; unknown=0
4328,>30M,ragtag.org,yes,,,0,,no_email_candidate_in_email_query,not_flagged,,,,,,valid=0; invalid=0; risky=0; unknown=0
4329,>30M,afcompressors.com,no,,,0,,no_email_candidate_in_email_query,not_flagged,,,,,,valid=0; invalid=0; risky=0; unknown=0
4330,>30M,treasurevalleyexteriors.com,yes,,,0,,no_email_candidate_in_email_query,not_flagged,,,,,,valid=0; invalid=0; risky=0; unknown=0
4331,>30M,episod.com,yes,,,0,,no_email_candidate_in_email_query,not_flagged,,,,,,valid=0; invalid=0; risky=0; unknown=0
4332,>30M,northernwideplank.ca,no,,,0,,no_email_candidate_in_email_query,not_flagged,,,,,,valid=0; invalid=0; risky=0; unknown=0
4333,>30M,mortonplace.be,no,,,0,,no_email_candidate_in_email_query,not_flagged,,,,,,valid=0; invalid=0; risky=0; unknown=0
4334,>30M,benohio.org,yes,,,0,,no_email_candidate_in_email_query,not_flagged,,,,,,valid=0; invalid=0; risky=0; unknown=0
4335,>30M,civicholidays.org,yes,,,0,,no_email_candidate_in_email_query,not_flagged,,,,,,valid=0; invalid=0; risky=0; unknown=0
4336,>30M,saikou-kawasaki.com,no,,,0,,no_email_candidate_in_email_query,not_flagged,,,,,,valid=0; invalid=0; risky=0; unknown=0
4337,>30M,expertreputation.com,no,,,0,,no_email_candidate_in_email_query,not_flagged,,,,,,valid=0; invalid=0; risky=0; unknown=0
4338,>30M,esperienze.com,no,,,0,,no_email_candidate_in_email_query,not_flagged,,,,,,valid=0; invalid=0; risky=0; unknown=0
4339,>30M,seelifebetter.com,yes,,,0,,no_email_candidate_in_email_query,not_flagged,,,,,,valid=0; invalid=0; risky=0; unknown=0
4340,>30M,nanastech.com,yes,,,0,,no_email_candidate_in_email_query,not_flagged,,,,,,valid=0; invalid=0; risky=0; unknown=0
4341,>30M,summerdating.com,yes,,,0,,no_email_candidate_in_email_query,not_flagged,,,,,,valid=0; invalid=0; risky=0; unknown=0
4342,>30M,successfuladdict.com,no,,,0,,no_email_candidate_in_email_query,not_flagged,,,,,,valid=0; invalid=0; risky=0; unknown=0
4343,>30M,lilianefelipe.com.br,no,,,0,,no_email_candidate_in_email_query,not_flagged,,,,,,valid=0; invalid=0; risky=0; unknown=0
4344,>30M,parkingreports.com,no,,,0,,no_email_candidate_in_email_query,not_flagged,,,,,,valid=0; invalid=0; risky=0; unknown=0
4345,>30M,hellostepchange.com,yes,,,0,,no_email_candidate_in_email_query,not_flagged,,,,,,valid=0; invalid=0; risky=0; unknown=0
4346,>30M,trxpremier.com,no,,,0,,no_email_candidate_in_email_query,not_flagged,,,,,,valid=0; invalid=0; risky=0; unknown=0
4347,>30M,mycloseouts.com,yes,,,0,,no_email_candidate_in_email_query,not_flagged,,,,,,valid=0; invalid=0; risky=0; unknown=0
4348,>30M,azduiscreen.com,yes,,,0,,no_email_candidate_in_email_query,not_flagged,,,,,,valid=0; invalid=0; risky=0; unknown=0
4349,>30M,arcas.com.br,no,,,0,,no_email_candidate_in_email_query,not_flagged,,,,,,valid=0; invalid=0; risky=0; unknown=0
4350,>30M,g-conquest.com,yes,,,0,,no_email_candidate_in_email_query,not_flagged,,,,,,valid=0; invalid=0; risky=0; unknown=0
4351,>30M,lawyermarketingannex.com,yes,,,0,,no_email_candidate_in_email_query,not_flagged,,,,,,valid=0; invalid=0; risky=0; unknown=0
4352,>30M,minyakmas.com,no,,,0,,no_email_candidate_in_email_query,not_flagged,,,,,,valid=0; invalid=0; risky=0; unknown=0
4353,>30M,customfitsf.com,yes,,,0,,no_email_candidate_in_email_query,not_flagged,,,,,,valid=0; invalid=0; risky=0; unknown=0
4354,>30M,mirrorholding.com,no,,,0,,no_email_candidate_in_email_query,not_flagged,,,,,,valid=0; invalid=0; risky=0; unknown=0
4355,>30M,raydan.net,yes,,,0,,no_email_candidate_in_email_query,not_flagged,,,,,,valid=0; invalid=0; risky=0; unknown=0
4356,>30M,auxilia.com,no,,,0,,no_email_candidate_in_email_query,not_flagged,,,,,,valid=0; invalid=0; risky=0; unknown=0
4357,>30M,opdee.com,no,,,0,,no_email_candidate_in_email_query,not_flagged,,,,,,valid=0; invalid=0; risky=0; unknown=0
4358,>30M,kotakejudo.com,no,,,0,,no_email_candidate_in_email_query,not_flagged,,,,,,valid=0; invalid=0; risky=0; unknown=0
4359,>30M,rumroom.ru,yes,,,0,,no_email_candidate_in_email_query,not_flagged,,,,,,valid=0; invalid=0; risky=0; unknown=0
4360,>30M,ltmorlando.org,no,,,0,,no_email_candidate_in_email_query,not_flagged,,,,,,valid=0; invalid=0; risky=0; unknown=0
4361,>30M,sassycrops.com,no,,,0,,no_email_candidate_in_email_query,not_flagged,,,,,,valid=0; invalid=0; risky=0; unknown=0
4362,>30M,cadqas.org,yes,,,0,,no_email_candidate_in_email_query,not_flagged,,,,,,valid=0; invalid=0; risky=0; unknown=0
4363,>30M,vivianlefei.com,no,,,0,,no_email_candidate_in_email_query,not_flagged,,,,,,valid=0; invalid=0; risky=0; unknown=0
4364,>30M,bylandmark.com,yes,,,0,,no_email_candidate_in_email_query,not_flagged,,,,,,valid=0; invalid=0; risky=0; unknown=0
4365,>30M,larcorporel.com,no,,,0,,no_email_candidate_in_email_query,not_flagged,,,,,,valid=0; invalid=0; risky=0; unknown=0
4366,>30M,joetanis.com,no,,,0,,no_email_candidate_in_email_query,not_flagged,,,,,,valid=0; invalid=0; risky=0; unknown=0
4367,>30M,ibuytownhouses.com,yes,,,0,,no_email_candidate_in_email_query,not_flagged,,,,,,valid=0; invalid=0; risky=0; unknown=0
4368,>30M,mindfulu.org,yes,,,0,,no_email_candidate_in_email_query,not_flagged,,,,,,valid=0; invalid=0; risky=0; unknown=0
4369,>30M,lateral.io,yes,,,0,,no_email_candidate_in_email_query,not_flagged,,,,,,valid=0; invalid=0; risky=0; unknown=0
4370,>30M,dimann.com,yes,,,0,,no_email_candidate_in_email_query,not_flagged,,,,,,valid=0; invalid=0; risky=0; unknown=0
4371,>30M,septicseo.com,yes,,,0,,no_email_candidate_in_email_query,not_flagged,,,,,,valid=0; invalid=0; risky=0; unknown=0
4372,>30M,tri-cityglass.net,yes,,,0,,no_email_candidate_in_email_query,not_flagged,,,,,,valid=0; invalid=0; risky=0; unknown=0
4373,>30M,gardenofian.org,yes,,,0,,no_email_candidate_in_email_query,not_flagged,,,,,,valid=0; invalid=0; risky=0; unknown=0
4374,>30M,livefreelivewell.com,yes,,,0,,no_email_candidate_in_email_query,not_flagged,,,,,,valid=0; invalid=0; risky=0; unknown=0
4375,>30M,epicmatch.info,no,,,0,,no_email_candidate_in_email_query,not_flagged,,,,,,valid=0; invalid=0; risky=0; unknown=0
4376,>30M,odmiami.com,yes,,,0,,no_email_candidate_in_email_query,not_flagged,,,,,,valid=0; invalid=0; risky=0; unknown=0
4377,>30M,gbctaylors.org,yes,,,0,,no_email_candidate_in_email_query,not_flagged,,,,,,valid=0; invalid=0; risky=0; unknown=0
4378,>30M,tarantinoseniorliving.com,no,,,0,,no_email_candidate_in_email_query,not_flagged,,,,,,valid=0; invalid=0; risky=0; unknown=0
4379,>30M,keo.com.au,yes,,,0,,no_email_candidate_in_email_query,not_flagged,,,,,,valid=0; invalid=0; risky=0; unknown=0
4380,>30M,aim7.com,yes,,,0,,no_email_candidate_in_email_query,not_flagged,,,,,,valid=0; invalid=0; risky=0; unknown=0
4381,>30M,quipli.com,no,,,0,,no_email_candidate_in_email_query,not_flagged,,,,,,valid=0; invalid=0; risky=0; unknown=0
4382,>30M,ueda-office.com,no,,,0,,no_email_candidate_in_email_query,not_flagged,,,,,,valid=0; invalid=0; risky=0; unknown=0
4383,>30M,ewadvisors.com,yes,,,0,,no_email_candidate_in_email_query,not_flagged,,,,,,valid=0; invalid=0; risky=0; unknown=0
4384,>30M,nideco.fr,yes,,,0,,no_email_candidate_in_email_query,not_flagged,,,,,,valid=0; invalid=0; risky=0; unknown=0
4385,>30M,standerorsitter.com,no,,,0,,no_email_candidate_in_email_query,not_flagged,,,,,,valid=0; invalid=0; risky=0; unknown=0
4386,>30M,hypnosisworldevents.com,yes,,,0,,no_email_candidate_in_email_query,not_flagged,,,,,,valid=0; invalid=0; risky=0; unknown=0
4387,>30M,riceathletics.com,no,,,0,,no_email_candidate_in_email_query,not_flagged,,,,,,valid=0; invalid=0; risky=0; unknown=0
4388,>30M,marianaediogo.com.br,no,,,0,,no_email_candidate_in_email_query,not_flagged,,,,,,valid=0; invalid=0; risky=0; unknown=0
4389,>30M,podologomurcia.com,no,,,0,,no_email_candidate_in_email_query,not_flagged,,,,,,valid=0; invalid=0; risky=0; unknown=0
4390,>30M,listacasamento.com.br,no,,,0,,no_email_candidate_in_email_query,not_flagged,,,,,,valid=0; invalid=0; risky=0; unknown=0
4391,>30M,educationlifeinsurance.com,yes,,,0,,no_email_candidate_in_email_query,not_flagged,,,,,,valid=0; invalid=0; risky=0; unknown=0
4392,>30M,silverridgerecovery.com,no,,,0,,no_email_candidate_in_email_query,not_flagged,,,,,,valid=0; invalid=0; risky=0; unknown=0
4393,>30M,alinedanilo.com,no,,,0,,no_email_candidate_in_email_query,not_flagged,,,,,,valid=0; invalid=0; risky=0; unknown=0
4394,>30M,naturallyfreshlitter.com,no,,,0,,no_email_candidate_in_email_query,not_flagged,,,,,,valid=0; invalid=0; risky=0; unknown=0
4395,>30M,dkom.no,yes,,,0,,no_email_candidate_in_email_query,not_flagged,,,,,,valid=0; invalid=0; risky=0; unknown=0
4396,>30M,tebmachining.com,no,,,0,,no_email_candidate_in_email_query,not_flagged,,,,,,valid=0; invalid=0; risky=0; unknown=0
4397,>30M,andrestoledo.es,yes,,,0,,no_email_candidate_in_email_query,not_flagged,,,,,,valid=0; invalid=0; risky=0; unknown=0
4398,>30M,designmachine.org,no,,,0,,no_email_candidate_in_email_query,not_flagged,,,,,,valid=0; invalid=0; risky=0; unknown=0
4399,>30M,playmao.fr,yes,,,0,,no_email_candidate_in_email_query,not_flagged,,,,,,valid=0; invalid=0; risky=0; unknown=0
4400,>30M,wunschwerks.com,no,,,0,,no_email_candidate_in_email_query,not_flagged,,,,,,valid=0; invalid=0; risky=0; unknown=0
4401,>30M,insoil.com,yes,,,0,,no_email_candidate_in_email_query,not_flagged,,,,,,valid=0; invalid=0; risky=0; unknown=0
4402,>30M,dfgira.com,no,,,0,,no_email_candidate_in_email_query,not_flagged,,,,,,valid=0; invalid=0; risky=0; unknown=0
4403,>30M,aplusenergy.info,no,,,0,,no_email_candidate_in_email_query,not_flagged,,,,,,valid=0; invalid=0; risky=0; unknown=0
4404,>30M,physioteam-koeln.de,yes,,,0,,no_email_candidate_in_email_query,not_flagged,,,,,,valid=0; invalid=0; risky=0; unknown=0
4405,>30M,xenpozyme.com,no,,,0,,no_email_candidate_in_email_query,not_flagged,,,,,,valid=0; invalid=0; risky=0; unknown=0
4406,>30M,optform.com,no,,,0,,no_email_candidate_in_email_query,not_flagged,,,,,,valid=0; invalid=0; risky=0; unknown=0
4407,>30M,her.co,yes,,,0,,no_email_candidate_in_email_query,not_flagged,,,,,,valid=0; invalid=0; risky=0; unknown=0
4408,>30M,shogetudo-honten.com,no,,,0,,no_email_candidate_in_email_query,not_flagged,,,,,,valid=0; invalid=0; risky=0; unknown=0
4409,>30M,establishedmoving.com,no,,,0,,no_email_candidate_in_email_query,not_flagged,,,,,,valid=0; invalid=0; risky=0; unknown=0
4410,>30M,uni2.de,no,,,0,,no_email_candidate_in_email_query,not_flagged,,,,,,valid=0; invalid=0; risky=0; unknown=0
4411,>30M,hi-techdom.ru,yes,,,0,,no_email_candidate_in_email_query,not_flagged,,,,,,valid=0; invalid=0; risky=0; unknown=0
4412,>30M,bestprivatedetectives.com,no,,,0,,no_email_candidate_in_email_query,not_flagged,,,,,,valid=0; invalid=0; risky=0; unknown=0
4413,>30M,rapidforms.co,no,,,0,,no_email_candidate_in_email_query,not_flagged,,,,,,valid=0; invalid=0; risky=0; unknown=0
4414,>30M,evotionwebdesign.com,yes,,,0,,no_email_candidate_in_email_query,not_flagged,,,,,,valid=0; invalid=0; risky=0; unknown=0
4415,>30M,lindenpohland.com,no,,,0,,no_email_candidate_in_email_query,not_flagged,,,,,,valid=0; invalid=0; risky=0; unknown=0
4416,>30M,oceanform.com,yes,,,0,,no_email_candidate_in_email_query,not_flagged,,,,,,valid=0; invalid=0; risky=0; unknown=0
4417,>30M,giftedconsortium.com,yes,,,0,,no_email_candidate_in_email_query,not_flagged,,,,,,valid=0; invalid=0; risky=0; unknown=0
4418,>30M,tenthorey.ch,no,,,0,,no_email_candidate_in_email_query,not_flagged,,,,,,valid=0; invalid=0; risky=0; unknown=0
4419,>30M,longyee.com,no,,,0,,no_email_candidate_in_email_query,not_flagged,,,,,,valid=0; invalid=0; risky=0; unknown=0
4420,>30M,elusivity.com,yes,,,0,,no_email_candidate_in_email_query,not_flagged,,,,,,valid=0; invalid=0; risky=0; unknown=0
4421,>30M,qfcapital.org,yes,,,0,,no_email_candidate_in_email_query,not_flagged,,,,,,valid=0; invalid=0; risky=0; unknown=0
4422,>30M,actitudes.ch,no,,,0,,no_email_candidate_in_email_query,not_flagged,,,,,,valid=0; invalid=0; risky=0; unknown=0
4423,>30M,mmmarketing.org,no,,,0,,no_email_candidate_in_email_query,not_flagged,,,,,,valid=0; invalid=0; risky=0; unknown=0
4424,>30M,taxexact.com,yes,,,0,,no_email_candidate_in_email_query,not_flagged,,,,,,valid=0; invalid=0; risky=0; unknown=0
4425,>30M,fitcameron.com,yes,,,0,,no_email_candidate_in_email_query,not_flagged,,,,,,valid=0; invalid=0; risky=0; unknown=0
4426,>30M,cxl.com,no,,,0,,no_email_candidate_in_email_query,not_flagged,,,,,,valid=0; invalid=0; risky=0; unknown=0
4427,>30M,wiselyblinds.com,no,,,0,,no_email_candidate_in_email_query,not_flagged,,,,,,valid=0; invalid=0; risky=0; unknown=0
4428,>30M,cliniquecapillairecartier.com,yes,,,0,,no_email_candidate_in_email_query,not_flagged,,,,,,valid=0; invalid=0; risky=0; unknown=0
4429,>30M,classics-home.de,no,,,0,,no_email_candidate_in_email_query,not_flagged,,,,,,valid=0; invalid=0; risky=0; unknown=0
4430,>30M,travelbase.de,no,,,0,,no_email_candidate_in_email_query,not_flagged,,,,,,valid=0; invalid=0; risky=0; unknown=0
4431,>30M,bmgpa.com,yes,,,0,,no_email_candidate_in_email_query,not_flagged,,,,,,valid=0; invalid=0; risky=0; unknown=0
4432,>30M,bigoceantelephone.com,yes,,,0,,no_email_candidate_in_email_query,not_flagged,,,,,,valid=0; invalid=0; risky=0; unknown=0
4433,>30M,tnmwordup.com,yes,,,0,,no_email_candidate_in_email_query,not_flagged,,,,,,valid=0; invalid=0; risky=0; unknown=0
4434,>30M,storyship.org,yes,,,0,,no_email_candidate_in_email_query,not_flagged,,,,,,valid=0; invalid=0; risky=0; unknown=0
4435,>30M,buewa.de,no,,,0,,no_email_candidate_in_email_query,not_flagged,,,,,,valid=0; invalid=0; risky=0; unknown=0
4436,>30M,extrayou.com,no,,,0,,no_email_candidate_in_email_query,not_flagged,,,,,,valid=0; invalid=0; risky=0; unknown=0
4437,>30M,airtimexpress.com,yes,,,0,,no_email_candidate_in_email_query,not_flagged,,,,,,valid=0; invalid=0; risky=0; unknown=0
4438,>30M,insightinfosource.com,yes,,,0,,no_email_candidate_in_email_query,not_flagged,,,,,,valid=0; invalid=0; risky=0; unknown=0
4439,>30M,rlcsac.com,no,,,0,,no_email_candidate_in_email_query,not_flagged,,,,,,valid=0; invalid=0; risky=0; unknown=0
4440,>30M,cloudnative.eu,no,,,0,,no_email_candidate_in_email_query,not_flagged,,,,,,valid=0; invalid=0; risky=0; unknown=0
4441,>30M,flavis.com,no,,,0,,no_email_candidate_in_email_query,not_flagged,,,,,,valid=0; invalid=0; risky=0; unknown=0
4442,>30M,onlineinjuryclaim.com,yes,,,0,,no_email_candidate_in_email_query,not_flagged,,,,,,valid=0; invalid=0; risky=0; unknown=0
4443,>30M,lisaadriana.com,yes,,,0,,no_email_candidate_in_email_query,not_flagged,,,,,,valid=0; invalid=0; risky=0; unknown=0
4444,>30M,blackmaria.pt,no,,,0,,no_email_candidate_in_email_query,not_flagged,,,,,,valid=0; invalid=0; risky=0; unknown=0
4445,>30M,aerofroid.net,yes,,,0,,no_email_candidate_in_email_query,not_flagged,,,,,,valid=0; invalid=0; risky=0; unknown=0
4446,>30M,keapcandles.com,yes,,,0,,no_email_candidate_in_email_query,not_flagged,,,,,,valid=0; invalid=0; risky=0; unknown=0
4447,>30M,pilatesand.com,yes,,,0,,no_email_candidate_in_email_query,not_flagged,,,,,,valid=0; invalid=0; risky=0; unknown=0
4448,>30M,livhealth.com,yes,,,0,,no_email_candidate_in_email_query,not_flagged,,,,,,valid=0; invalid=0; risky=0; unknown=0
4449,>30M,salonstephan.com,no,,,0,,no_email_candidate_in_email_query,not_flagged,,,,,,valid=0; invalid=0; risky=0; unknown=0
4450,>30M,jomhr.com,yes,,,0,,no_email_candidate_in_email_query,not_flagged,,,,,,valid=0; invalid=0; risky=0; unknown=0
4451,>30M,kellyjansen.com,no,,,0,,no_email_candidate_in_email_query,not_flagged,,,,,,valid=0; invalid=0; risky=0; unknown=0
4452,>30M,tandem-creations.com,no,,,0,,no_email_candidate_in_email_query,not_flagged,,,,,,valid=0; invalid=0; risky=0; unknown=0
4453,>30M,uscreenstaging.com,no,,,0,,no_email_candidate_in_email_query,not_flagged,,,,,,valid=0; invalid=0; risky=0; unknown=0
4454,>30M,roofermarketing.com,yes,,,0,,no_email_candidate_in_email_query,not_flagged,,,,,,valid=0; invalid=0; risky=0; unknown=0
4455,>30M,chargerssuites.com,no,,,0,,no_email_candidate_in_email_query,not_flagged,,,,,,valid=0; invalid=0; risky=0; unknown=0
4456,>30M,orionfinancialservices.com,no,,,0,,no_email_candidate_in_email_query,not_flagged,,,,,,valid=0; invalid=0; risky=0; unknown=0
4457,>30M,carolinaealexandre.com.br,no,,,0,,no_email_candidate_in_email_query,not_flagged,,,,,,valid=0; invalid=0; risky=0; unknown=0
4458,>30M,kammaningenieria.com,no,,,0,,no_email_candidate_in_email_query,not_flagged,,,,,,valid=0; invalid=0; risky=0; unknown=0
4459,>30M,gyel.org,no,,,0,,no_email_candidate_in_email_query,not_flagged,,,,,,valid=0; invalid=0; risky=0; unknown=0
4460,>30M,tabulera.com,no,,,0,,no_email_candidate_in_email_query,not_flagged,,,,,,valid=0; invalid=0; risky=0; unknown=0
4461,>30M,energie-meister.de,yes,,,0,,no_email_candidate_in_email_query,not_flagged,,,,,,valid=0; invalid=0; risky=0; unknown=0
4462,>30M,watchdog.ch,no,,,0,,no_email_candidate_in_email_query,not_flagged,,,,,,valid=0; invalid=0; risky=0; unknown=0
4463,>30M,goal-360.com,yes,,,0,,no_email_candidate_in_email_query,not_flagged,,,,,,valid=0; invalid=0; risky=0; unknown=0
4464,>30M,valevo.com,no,,,0,,no_email_candidate_in_email_query,not_flagged,,,,,,valid=0; invalid=0; risky=0; unknown=0
4465,>30M,demmahom.com,yes,,,0,,no_email_candidate_in_email_query,not_flagged,,,,,,valid=0; invalid=0; risky=0; unknown=0
4466,>30M,mattmossmusic.com,yes,,,0,,no_email_candidate_in_email_query,not_flagged,,,,,,valid=0; invalid=0; risky=0; unknown=0
4467,>30M,martinsheatandair.com,no,,,0,,no_email_candidate_in_email_query,not_flagged,,,,,,valid=0; invalid=0; risky=0; unknown=0
4468,>30M,form-data.com,no,,,0,,no_email_candidate_in_email_query,not_flagged,,,,,,valid=0; invalid=0; risky=0; unknown=0
4469,>30M,osageventurepartners.com,no,,,0,,no_email_candidate_in_email_query,not_flagged,,,,,,valid=0; invalid=0; risky=0; unknown=0
4470,>30M,onlinehoortoestel.nl,no,,,0,,no_email_candidate_in_email_query,not_flagged,,,,,,valid=0; invalid=0; risky=0; unknown=0
4471,>30M,all-air-solutions.com,no,,,0,,no_email_candidate_in_email_query,not_flagged,,,,,,valid=0; invalid=0; risky=0; unknown=0
4472,>30M,marklurie.com,no,,,0,,no_email_candidate_in_email_query,not_flagged,,,,,,valid=0; invalid=0; risky=0; unknown=0
4473,>30M,oppenterprise.com,no,,,0,,no_email_candidate_in_email_query,not_flagged,,,,,,valid=0; invalid=0; risky=0; unknown=0
4474,>30M,nb-works.net,no,,,0,,no_email_candidate_in_email_query,not_flagged,,,,,,valid=0; invalid=0; risky=0; unknown=0
4475,>30M,ericsvision.org,no,,,0,,no_email_candidate_in_email_query,not_flagged,,,,,,valid=0; invalid=0; risky=0; unknown=0
4476,>30M,selltoironhorse.com,yes,,,0,,no_email_candidate_in_email_query,not_flagged,,,,,,valid=0; invalid=0; risky=0; unknown=0
4477,>30M,sirmat.fr,no,,,0,,no_email_candidate_in_email_query,not_flagged,,,,,,valid=0; invalid=0; risky=0; unknown=0
4478,>30M,allsedonalodging.com,no,,,0,,no_email_candidate_in_email_query,not_flagged,,,,,,valid=0; invalid=0; risky=0; unknown=0
4479,>30M,werollit.com,no,,,0,,no_email_candidate_in_email_query,not_flagged,,,,,,valid=0; invalid=0; risky=0; unknown=0
4480,>30M,staxmuseum.org,yes,,,0,,no_email_candidate_in_email_query,not_flagged,,,,,,valid=0; invalid=0; risky=0; unknown=0
4481,>30M,tinyform.com,no,,,0,,no_email_candidate_in_email_query,not_flagged,,,,,,valid=0; invalid=0; risky=0; unknown=0
4482,>30M,socialsecurityvirginia.com,no,,,0,,no_email_candidate_in_email_query,not_flagged,,,,,,valid=0; invalid=0; risky=0; unknown=0
4483,>30M,smbcrm.com,no,,,0,,no_email_candidate_in_email_query,not_flagged,,,,,,valid=0; invalid=0; risky=0; unknown=0
4484,>30M,livebetterco.org,yes,,,0,,no_email_candidate_in_email_query,not_flagged,,,,,,valid=0; invalid=0; risky=0; unknown=0
4485,>30M,wbcoaching.org,no,,,0,,no_email_candidate_in_email_query,not_flagged,,,,,,valid=0; invalid=0; risky=0; unknown=0
4486,>30M,gastro-consulting.pl,no,,,0,,no_email_candidate_in_email_query,not_flagged,,,,,,valid=0; invalid=0; risky=0; unknown=0
4487,>30M,kmfitness.org,no,,,0,,no_email_candidate_in_email_query,not_flagged,,,,,,valid=0; invalid=0; risky=0; unknown=0
4488,>30M,kamilcheadventures.com,yes,,,0,,no_email_candidate_in_email_query,not_flagged,,,,,,valid=0; invalid=0; risky=0; unknown=0
4489,>30M,bocapark.com,yes,,,0,,no_email_candidate_in_email_query,not_flagged,,,,,,valid=0; invalid=0; risky=0; unknown=0
4490,>30M,wakaba-ph.com,no,,,0,,no_email_candidate_in_email_query,not_flagged,,,,,,valid=0; invalid=0; risky=0; unknown=0
4491,>30M,thehotdish.com,no,,,0,,no_email_candidate_in_email_query,not_flagged,,,,,,valid=0; invalid=0; risky=0; unknown=0
4492,>30M,washitamonumentcompany.com,no,,,0,,no_email_candidate_in_email_query,not_flagged,,,,,,valid=0; invalid=0; risky=0; unknown=0
4493,>30M,brazilcounsel.com,yes,,,0,,no_email_candidate_in_email_query,not_flagged,,,,,,valid=0; invalid=0; risky=0; unknown=0
4494,>30M,sueciacarsatelite.com,no,,,0,,no_email_candidate_in_email_query,not_flagged,,,,,,valid=0; invalid=0; risky=0; unknown=0
4495,>30M,richardlui.com,no,,,0,,no_email_candidate_in_email_query,not_flagged,,,,,,valid=0; invalid=0; risky=0; unknown=0
4496,>30M,partl.com,no,,,0,,no_email_candidate_in_email_query,not_flagged,,,,,,valid=0; invalid=0; risky=0; unknown=0
4497,>30M,bidwai.com,yes,,,0,,no_email_candidate_in_email_query,not_flagged,,,,,,valid=0; invalid=0; risky=0; unknown=0
4498,>30M,powersync.com,yes,,,0,,no_email_candidate_in_email_query,not_flagged,,,,,,valid=0; invalid=0; risky=0; unknown=0
4499,>30M,goclip.org,no,,,0,,no_email_candidate_in_email_query,not_flagged,,,,,,valid=0; invalid=0; risky=0; unknown=0
4500,>30M,club-400.com,yes,,,0,,no_email_candidate_in_email_query,not_flagged,,,,,,valid=0; invalid=0; risky=0; unknown=0
4501,>30M,naughty-bee.net,no,,,0,,no_email_candidate_in_email_query,not_flagged,,,,,,valid=0; invalid=0; risky=0; unknown=0
4502,>30M,servicerolodex.com,no,,,0,,no_email_candidate_in_email_query,not_flagged,,,,,,valid=0; invalid=0; risky=0; unknown=0
4503,>30M,cruzlozano.com,yes,,,0,,no_email_candidate_in_email_query,not_flagged,,,,,,valid=0; invalid=0; risky=0; unknown=0
4504,>30M,garagedoorresources.com,no,,,0,,no_email_candidate_in_email_query,not_flagged,,,,,,valid=0; invalid=0; risky=0; unknown=0
4505,>30M,socialmatchmedia.com,yes,,,0,,no_email_candidate_in_email_query,not_flagged,,,,,,valid=0; invalid=0; risky=0; unknown=0
4506,>30M,christiswithus.com,no,,,0,,no_email_candidate_in_email_query,not_flagged,,,,,,valid=0; invalid=0; risky=0; unknown=0
4507,>30M,antifund.com,no,,,0,,no_email_candidate_in_email_query,not_flagged,,,,,,valid=0; invalid=0; risky=0; unknown=0
4508,>30M,defenselawyerwebsites.com,yes,,,0,,no_email_candidate_in_email_query,not_flagged,,,,,,valid=0; invalid=0; risky=0; unknown=0
4509,>30M,scienceconnexion.com,no,,,0,,no_email_candidate_in_email_query,not_flagged,,,,,,valid=0; invalid=0; risky=0; unknown=0
4510,>30M,northlandafc.com,yes,,,0,,no_email_candidate_in_email_query,not_flagged,,,,,,valid=0; invalid=0; risky=0; unknown=0
4511,>30M,knwebsolutions.com,yes,,,0,,no_email_candidate_in_email_query,not_flagged,,,,,,valid=0; invalid=0; risky=0; unknown=0
4512,>30M,lostdog.nl,no,,,0,,no_email_candidate_in_email_query,not_flagged,,,,,,valid=0; invalid=0; risky=0; unknown=0
4513,>30M,piedadrodriguez.es,yes,,,0,,no_email_candidate_in_email_query,not_flagged,,,,,,valid=0; invalid=0; risky=0; unknown=0
4514,>30M,u-records.com,no,,,0,,no_email_candidate_in_email_query,not_flagged,,,,,,valid=0; invalid=0; risky=0; unknown=0
4515,>30M,escrowtaxes.com,no,,,0,,no_email_candidate_in_email_query,not_flagged,,,,,,valid=0; invalid=0; risky=0; unknown=0
4516,>30M,bestonlineuscasinos.com,no,,,0,,no_email_candidate_in_email_query,not_flagged,,,,,,valid=0; invalid=0; risky=0; unknown=0
4517,>30M,huelabel.com,yes,,,0,,no_email_candidate_in_email_query,not_flagged,,,,,,valid=0; invalid=0; risky=0; unknown=0
4518,>30M,udkast.com,no,,,0,,no_email_candidate_in_email_query,not_flagged,,,,,,valid=0; invalid=0; risky=0; unknown=0
4519,>30M,tinatehranchian.com,yes,,,0,,no_email_candidate_in_email_query,not_flagged,,,,,,valid=0; invalid=0; risky=0; unknown=0
4520,>30M,walpi.fr,yes,,,0,,no_email_candidate_in_email_query,not_flagged,,,,,,valid=0; invalid=0; risky=0; unknown=0
4521,>30M,amandagrossmann.com,yes,,,0,,no_email_candidate_in_email_query,not_flagged,,,,,,valid=0; invalid=0; risky=0; unknown=0
4522,>30M,alpineins.ca,yes,,,0,,no_email_candidate_in_email_query,not_flagged,,,,,,valid=0; invalid=0; risky=0; unknown=0
4523,>30M,stadtmusik-bern.ch,yes,,,0,,no_email_candidate_in_email_query,not_flagged,,,,,,valid=0; invalid=0; risky=0; unknown=0
4524,>30M,moritahifuka.com,no,,,0,,no_email_candidate_in_email_query,not_flagged,,,,,,valid=0; invalid=0; risky=0; unknown=0
4525,>30M,associationwebsites.com,yes,,,0,,no_email_candidate_in_email_query,not_flagged,,,,,,valid=0; invalid=0; risky=0; unknown=0
4526,>30M,photoboothboston.com,yes,,,0,,no_email_candidate_in_email_query,not_flagged,,,,,,valid=0; invalid=0; risky=0; unknown=0
4527,>30M,somaworld.net,no,,,0,,no_email_candidate_in_email_query,not_flagged,,,,,,valid=0; invalid=0; risky=0; unknown=0
4528,>30M,avesocial.com,yes,,,0,,no_email_candidate_in_email_query,not_flagged,,,,,,valid=0; invalid=0; risky=0; unknown=0
4529,>30M,boom-training.com,yes,,,0,,no_email_candidate_in_email_query,not_flagged,,,,,,valid=0; invalid=0; risky=0; unknown=0
4530,>30M,lantmannen.dk,no,,,0,,no_email_candidate_in_email_query,not_flagged,,,,,,valid=0; invalid=0; risky=0; unknown=0
4531,>30M,jacksonfillmoretrattoria.com,no,,,0,,no_email_candidate_in_email_query,not_flagged,,,,,,valid=0; invalid=0; risky=0; unknown=0
4532,>30M,gpwealthgroup.com,no,,,0,,no_email_candidate_in_email_query,not_flagged,,,,,,valid=0; invalid=0; risky=0; unknown=0
4533,>30M,benightedsoul.com,yes,,,0,,no_email_candidate_in_email_query,not_flagged,,,,,,valid=0; invalid=0; risky=0; unknown=0
4534,>30M,ociokonsulting.com,no,,,0,,no_email_candidate_in_email_query,not_flagged,,,,,,valid=0; invalid=0; risky=0; unknown=0
4535,>30M,sueciacarchihuahua.com,no,,,0,,no_email_candidate_in_email_query,not_flagged,,,,,,valid=0; invalid=0; risky=0; unknown=0
4536,>30M,bsmotors.com,no,,,0,,no_email_candidate_in_email_query,not_flagged,,,,,,valid=0; invalid=0; risky=0; unknown=0
4537,>30M,andreassohns.com,yes,,,0,,no_email_candidate_in_email_query,not_flagged,,,,,,valid=0; invalid=0; risky=0; unknown=0
4538,>30M,pysam.com,no,,,0,,no_email_candidate_in_email_query,not_flagged,,,,,,valid=0; invalid=0; risky=0; unknown=0
4539,>30M,ideabile.it,no,,,0,,no_email_candidate_in_email_query,not_flagged,,,,,,valid=0; invalid=0; risky=0; unknown=0
4540,>30M,aoba-pharmacy.jp,no,,,0,,no_email_candidate_in_email_query,not_flagged,,,,,,valid=0; invalid=0; risky=0; unknown=0
4541,>30M,fcvpr.org,yes,,,0,,no_email_candidate_in_email_query,not_flagged,,,,,,valid=0; invalid=0; risky=0; unknown=0
4542,>30M,lesrecettesdadrienne.fr,yes,,,0,,no_email_candidate_in_email_query,not_flagged,,,,,,valid=0; invalid=0; risky=0; unknown=0
4543,>30M,fyhappy.com,no,,,0,,no_email_candidate_in_email_query,not_flagged,,,,,,valid=0; invalid=0; risky=0; unknown=0
4544,>30M,pureterra.com,no,,,0,,no_email_candidate_in_email_query,not_flagged,,,,,,valid=0; invalid=0; risky=0; unknown=0
4545,>30M,balancedpathcoaching.com,yes,,,0,,no_email_candidate_in_email_query,not_flagged,,,,,,valid=0; invalid=0; risky=0; unknown=0
4546,>30M,sam-pepper.com,no,,,0,,no_email_candidate_in_email_query,not_flagged,,,,,,valid=0; invalid=0; risky=0; unknown=0
4547,>30M,mtgoxclaim.com,yes,,,0,,no_email_candidate_in_email_query,not_flagged,,,,,,valid=0; invalid=0; risky=0; unknown=0
4548,>30M,aprilho.com,yes,,,0,,no_email_candidate_in_email_query,not_flagged,,,,,,valid=0; invalid=0; risky=0; unknown=0
4549,>30M,woodisgood.es,no,,,0,,no_email_candidate_in_email_query,not_flagged,,,,,,valid=0; invalid=0; risky=0; unknown=0
4550,>30M,designwo.com,no,,,0,,no_email_candidate_in_email_query,not_flagged,,,,,,valid=0; invalid=0; risky=0; unknown=0
4551,>30M,ecosafi.com,no,,,0,,no_email_candidate_in_email_query,not_flagged,,,,,,valid=0; invalid=0; risky=0; unknown=0
4552,>30M,jondarr.com,yes,,,0,,no_email_candidate_in_email_query,not_flagged,,,,,,valid=0; invalid=0; risky=0; unknown=0
4553,>30M,gailhallockarchitect.com,no,,,0,,no_email_candidate_in_email_query,not_flagged,,,,,,valid=0; invalid=0; risky=0; unknown=0
4554,>30M,tamura-reform.com,no,,,0,,no_email_candidate_in_email_query,not_flagged,,,,,,valid=0; invalid=0; risky=0; unknown=0
4555,>30M,newlee.com,yes,,,0,,no_email_candidate_in_email_query,not_flagged,,,,,,valid=0; invalid=0; risky=0; unknown=0
4556,>30M,satnex4.org,no,,,0,,no_email_candidate_in_email_query,not_flagged,,,,,,valid=0; invalid=0; risky=0; unknown=0
4557,>30M,nngtech.com,no,,,0,,no_email_candidate_in_email_query,not_flagged,,,,,,valid=0; invalid=0; risky=0; unknown=0
4558,>30M,grahamcarney.com,yes,,,0,,no_email_candidate_in_email_query,not_flagged,,,,,,valid=0; invalid=0; risky=0; unknown=0
4559,>30M,iinlist.com,no,,,0,,no_email_candidate_in_email_query,not_flagged,,,,,,valid=0; invalid=0; risky=0; unknown=0
4560,>30M,vdlfibertechindustries.com,no,,,0,,no_email_candidate_in_email_query,not_flagged,,,,,,valid=0; invalid=0; risky=0; unknown=0
4561,>30M,samanthaquah.com,no,,,0,,no_email_candidate_in_email_query,not_flagged,,,,,,valid=0; invalid=0; risky=0; unknown=0
4562,>30M,thaisefelipe.com.br,no,,,0,,no_email_candidate_in_email_query,not_flagged,,,,,,valid=0; invalid=0; risky=0; unknown=0
4563,>30M,glue.co,no,,,0,,no_email_candidate_in_email_query,not_flagged,,,,,,valid=0; invalid=0; risky=0; unknown=0
4564,>30M,dekkerscontainers.com,no,,,0,,no_email_candidate_in_email_query,not_flagged,,,,,,valid=0; invalid=0; risky=0; unknown=0
4565,>30M,independenthousing.org,yes,,,0,,no_email_candidate_in_email_query,not_flagged,,,,,,valid=0; invalid=0; risky=0; unknown=0
4566,>30M,skywriterstudio.com,yes,,,0,,no_email_candidate_in_email_query,not_flagged,,,,,,valid=0; invalid=0; risky=0; unknown=0
4567,>30M,my-buddy.org,yes,,,0,,no_email_candidate_in_email_query,not_flagged,,,,,,valid=0; invalid=0; risky=0; unknown=0
4568,>30M,heyway.com,no,,,0,,no_email_candidate_in_email_query,not_flagged,,,,,,valid=0; invalid=0; risky=0; unknown=0
4569,>30M,movemedia.info,yes,,,0,,no_email_candidate_in_email_query,not_flagged,,,,,,valid=0; invalid=0; risky=0; unknown=0
4570,>30M,simplissima.fr,no,,,0,,no_email_candidate_in_email_query,not_flagged,,,,,,valid=0; invalid=0; risky=0; unknown=0
4571,>30M,regalmonument.com,no,,,0,,no_email_candidate_in_email_query,not_flagged,,,,,,valid=0; invalid=0; risky=0; unknown=0
4572,>30M,english4french.com,yes,,,0,,no_email_candidate_in_email_query,not_flagged,,,,,,valid=0; invalid=0; risky=0; unknown=0
4573,>30M,zedosaluminios.com,yes,,,0,,no_email_candidate_in_email_query,not_flagged,,,,,,valid=0; invalid=0; risky=0; unknown=0
4574,>30M,rebulamtb.com,yes,,,0,,no_email_candidate_in_email_query,not_flagged,,,,,,valid=0; invalid=0; risky=0; unknown=0
4575,>30M,julianaehenrique.com.br,no,,,0,,no_email_candidate_in_email_query,not_flagged,,,,,,valid=0; invalid=0; risky=0; unknown=0
4576,>30M,sleepsmart.ca,no,,,0,,no_email_candidate_in_email_query,not_flagged,,,,,,valid=0; invalid=0; risky=0; unknown=0
4577,>30M,bethencourtgallardo.com,no,,,0,,no_email_candidate_in_email_query,not_flagged,,,,,,valid=0; invalid=0; risky=0; unknown=0
4578,>30M,silvercaregiver.com,yes,,,0,,no_email_candidate_in_email_query,not_flagged,,,,,,valid=0; invalid=0; risky=0; unknown=0
4579,>30M,legal.pt,no,,,0,,no_email_candidate_in_email_query,not_flagged,,,,,,valid=0; invalid=0; risky=0; unknown=0
4580,>30M,oqtober.com,no,,,0,,no_email_candidate_in_email_query,not_flagged,,,,,,valid=0; invalid=0; risky=0; unknown=0
4581,>30M,crosscreatives.nl,no,,,0,,no_email_candidate_in_email_query,not_flagged,,,,,,valid=0; invalid=0; risky=0; unknown=0
4582,>30M,flavionazima.com.br,yes,,,0,,no_email_candidate_in_email_query,not_flagged,,,,,,valid=0; invalid=0; risky=0; unknown=0
4583,>30M,cratingspecialties.com,no,,,0,,no_email_candidate_in_email_query,not_flagged,,,,,,valid=0; invalid=0; risky=0; unknown=0
4584,>30M,260626.com,no,,,0,,no_email_candidate_in_email_query,not_flagged,,,,,,valid=0; invalid=0; risky=0; unknown=0
4585,>30M,virsion.com,yes,,,0,,no_email_candidate_in_email_query,not_flagged,,,,,,valid=0; invalid=0; risky=0; unknown=0
4586,>30M,soccer-ms.com,no,,,0,,no_email_candidate_in_email_query,not_flagged,,,,,,valid=0; invalid=0; risky=0; unknown=0
4587,>30M,electricista24h.com,yes,,,0,,no_email_candidate_in_email_query,not_flagged,,,,,,valid=0; invalid=0; risky=0; unknown=0
4588,>30M,chauffageserviceplus.ch,no,,,0,,no_email_candidate_in_email_query,not_flagged,,,,,,valid=0; invalid=0; risky=0; unknown=0
4589,>30M,websnapps.com,no,,,0,,no_email_candidate_in_email_query,not_flagged,,,,,,valid=0; invalid=0; risky=0; unknown=0
4590,>30M,theadvertisers.com,no,,,0,,no_email_candidate_in_email_query,not_flagged,,,,,,valid=0; invalid=0; risky=0; unknown=0
4591,>30M,agessa.ch,no,,,0,,no_email_candidate_in_email_query,not_flagged,,,,,,valid=0; invalid=0; risky=0; unknown=0
4592,>30M,sanfranciscopersonaltrainer.com,yes,,,0,,no_email_candidate_in_email_query,not_flagged,,,,,,valid=0; invalid=0; risky=0; unknown=0
4593,>30M,timhan.com,no,,,0,,no_email_candidate_in_email_query,not_flagged,,,,,,valid=0; invalid=0; risky=0; unknown=0
4594,>30M,plumbingcanton.com,no,,,0,,no_email_candidate_in_email_query,not_flagged,,,,,,valid=0; invalid=0; risky=0; unknown=0
4595,>30M,academicjournies.com,yes,,,0,,no_email_candidate_in_email_query,not_flagged,,,,,,valid=0; invalid=0; risky=0; unknown=0
4596,>30M,outdoorshadesusa.com,yes,,,0,,no_email_candidate_in_email_query,not_flagged,,,,,,valid=0; invalid=0; risky=0; unknown=0
4597,>30M,logicasistemi.com,no,,,0,,no_email_candidate_in_email_query,not_flagged,,,,,,valid=0; invalid=0; risky=0; unknown=0
4598,>30M,smart-rh.com,no,,,0,,no_email_candidate_in_email_query,not_flagged,,,,,,valid=0; invalid=0; risky=0; unknown=0
4599,>30M,mein-neuerjob.at,no,,,0,,no_email_candidate_in_email_query,not_flagged,,,,,,valid=0; invalid=0; risky=0; unknown=0
4600,>30M,estudiobocanegra.com,yes,,,0,,no_email_candidate_in_email_query,not_flagged,,,,,,valid=0; invalid=0; risky=0; unknown=0
4601,>30M,paramos.com,yes,,,0,,no_email_candidate_in_email_query,not_flagged,,,,,,valid=0; invalid=0; risky=0; unknown=0
4602,>30M,pathwellness.com,yes,,,0,,no_email_candidate_in_email_query,not_flagged,,,,,,valid=0; invalid=0; risky=0; unknown=0
4603,>30M,kamilcholeva.com,yes,,,0,,no_email_candidate_in_email_query,not_flagged,,,,,,valid=0; invalid=0; risky=0; unknown=0
4604,>30M,ecoffeecup.com,yes,,,0,,no_email_candidate_in_email_query,not_flagged,,,,,,valid=0; invalid=0; risky=0; unknown=0
4605,>30M,cdbcorp.com,no,,,0,,no_email_candidate_in_email_query,not_flagged,,,,,,valid=0; invalid=0; risky=0; unknown=0
4606,>30M,smarter-futures.com,no,,,0,,no_email_candidate_in_email_query,not_flagged,,,,,,valid=0; invalid=0; risky=0; unknown=0
4607,>30M,the-star.org,no,,,0,,no_email_candidate_in_email_query,not_flagged,,,,,,valid=0; invalid=0; risky=0; unknown=0
4608,>30M,eponymearchitecture.com,no,,,0,,no_email_candidate_in_email_query,not_flagged,,,,,,valid=0; invalid=0; risky=0; unknown=0
4609,>30M,onduro.com,no,,,0,,no_email_candidate_in_email_query,not_flagged,,,,,,valid=0; invalid=0; risky=0; unknown=0
4610,>30M,gunotion.com,yes,,,0,,no_email_candidate_in_email_query,not_flagged,,,,,,valid=0; invalid=0; risky=0; unknown=0
4611,>30M,patriciaegustavo.com.br,no,,,0,,no_email_candidate_in_email_query,not_flagged,,,,,,valid=0; invalid=0; risky=0; unknown=0
4612,>30M,h-juuken.com,no,,,0,,no_email_candidate_in_email_query,not_flagged,,,,,,valid=0; invalid=0; risky=0; unknown=0
4613,>30M,briandukeskitchens.com,yes,,,0,,no_email_candidate_in_email_query,not_flagged,,,,,,valid=0; invalid=0; risky=0; unknown=0
4614,>30M,lazwicky.com,yes,,,0,,no_email_candidate_in_email_query,not_flagged,,,,,,valid=0; invalid=0; risky=0; unknown=0
4615,>30M,virtuzone.ru,no,,,0,,no_email_candidate_in_email_query,not_flagged,,,,,,valid=0; invalid=0; risky=0; unknown=0
4616,>30M,vitrierbourgoinjallieu.com,yes,,,0,,no_email_candidate_in_email_query,not_flagged,,,,,,valid=0; invalid=0; risky=0; unknown=0
4617,>30M,mimosa.pt,no,,,0,,no_email_candidate_in_email_query,not_flagged,,,,,,valid=0; invalid=0; risky=0; unknown=0
4618,>30M,wowlytics.com,yes,,,0,,no_email_candidate_in_email_query,not_flagged,,,,,,valid=0; invalid=0; risky=0; unknown=0
4619,>30M,schulstadbakerysolutions.de,no,,,0,,no_email_candidate_in_email_query,not_flagged,,,,,,valid=0; invalid=0; risky=0; unknown=0
4620,>30M,lagrandeseduction.com,no,,,0,,no_email_candidate_in_email_query,not_flagged,,,,,,valid=0; invalid=0; risky=0; unknown=0
4621,>30M,villacollective.com,yes,,,0,,no_email_candidate_in_email_query,not_flagged,,,,,,valid=0; invalid=0; risky=0; unknown=0
4622,>30M,kandidat-kandidat.com,no,,,0,,no_email_candidate_in_email_query,not_flagged,,,,,,valid=0; invalid=0; risky=0; unknown=0
4623,>30M,ecofusion.ro,no,,,0,,no_email_candidate_in_email_query,not_flagged,,,,,,valid=0; invalid=0; risky=0; unknown=0
4624,>30M,thegreenweb.fr,no,,,0,,no_email_candidate_in_email_query,not_flagged,,,,,,valid=0; invalid=0; risky=0; unknown=0
4625,>30M,orangeloops.com,yes,,,0,,no_email_candidate_in_email_query,not_flagged,,,,,,valid=0; invalid=0; risky=0; unknown=0
4626,>30M,solutions3dhome.com,yes,,,0,,no_email_candidate_in_email_query,not_flagged,,,,,,valid=0; invalid=0; risky=0; unknown=0
4627,>30M,theparadym.com,yes,,,0,,no_email_candidate_in_email_query,not_flagged,,,,,,valid=0; invalid=0; risky=0; unknown=0
4628,>30M,topvirtualassistantservices.com,no,,,0,,no_email_candidate_in_email_query,not_flagged,,,,,,valid=0; invalid=0; risky=0; unknown=0
4629,>30M,murbly.com,yes,,,0,,no_email_candidate_in_email_query,not_flagged,,,,,,valid=0; invalid=0; risky=0; unknown=0
4630,>30M,eu-trademarks.com,yes,,,0,,no_email_candidate_in_email_query,not_flagged,,,,,,valid=0; invalid=0; risky=0; unknown=0
4631,>30M,wm-bau.at,no,,,0,,no_email_candidate_in_email_query,not_flagged,,,,,,valid=0; invalid=0; risky=0; unknown=0
4632,>30M,sadsongsclub.com,yes,,,0,,no_email_candidate_in_email_query,not_flagged,,,,,,valid=0; invalid=0; risky=0; unknown=0
4633,>30M,sanssoucitravel.com,no,,,0,,no_email_candidate_in_email_query,not_flagged,,,,,,valid=0; invalid=0; risky=0; unknown=0
4634,>30M,hourofpower.ca,yes,,,0,,no_email_candidate_in_email_query,not_flagged,,,,,,valid=0; invalid=0; risky=0; unknown=0
4635,>30M,matsuki-koumuten.com,no,,,0,,no_email_candidate_in_email_query,not_flagged,,,,,,valid=0; invalid=0; risky=0; unknown=0
4636,>30M,hattch.com,no,,,0,,no_email_candidate_in_email_query,not_flagged,,,,,,valid=0; invalid=0; risky=0; unknown=0
4637,>30M,flowpicture.com,no,,,0,,no_email_candidate_in_email_query,not_flagged,,,,,,valid=0; invalid=0; risky=0; unknown=0
4638,>30M,vertexconference.com,yes,,,0,,no_email_candidate_in_email_query,not_flagged,,,,,,valid=0; invalid=0; risky=0; unknown=0
4639,>30M,turbogruen.de,yes,,,0,,no_email_candidate_in_email_query,not_flagged,,,,,,valid=0; invalid=0; risky=0; unknown=0
4640,>30M,omarsimpson.com,yes,,,0,,no_email_candidate_in_email_query,not_flagged,,,,,,valid=0; invalid=0; risky=0; unknown=0
4641,>30M,master-coach.fr,no,,,0,,no_email_candidate_in_email_query,not_flagged,,,,,,valid=0; invalid=0; risky=0; unknown=0
4642,>30M,buscopan.it,no,,,0,,no_email_candidate_in_email_query,not_flagged,,,,,,valid=0; invalid=0; risky=0; unknown=0
4643,>30M,silvercreekfire.com,yes,,,0,,no_email_candidate_in_email_query,not_flagged,,,,,,valid=0; invalid=0; risky=0; unknown=0
4644,>30M,flowphotos.com,yes,,,0,,no_email_candidate_in_email_query,not_flagged,,,,,,valid=0; invalid=0; risky=0; unknown=0
4645,>30M,leaderseverywhere.org,no,,,0,,no_email_candidate_in_email_query,not_flagged,,,,,,valid=0; invalid=0; risky=0; unknown=0
4646,>30M,piahome.net,no,,,0,,no_email_candidate_in_email_query,not_flagged,,,,,,valid=0; invalid=0; risky=0; unknown=0
4647,>30M,movement-x.com,no,,,0,,no_email_candidate_in_email_query,not_flagged,,,,,,valid=0; invalid=0; risky=0; unknown=0
4648,>30M,victronenergy.es,no,,,0,,no_email_candidate_in_email_query,not_flagged,,,,,,valid=0; invalid=0; risky=0; unknown=0
4649,>30M,riverstonefamilydental.com,yes,,,0,,no_email_candidate_in_email_query,not_flagged,,,,,,valid=0; invalid=0; risky=0; unknown=0
4650,>30M,eco-astuces.fr,yes,,,0,,no_email_candidate_in_email_query,not_flagged,,,,,,valid=0; invalid=0; risky=0; unknown=0
4651,>30M,butrus.de,yes,,,0,,no_email_candidate_in_email_query,not_flagged,,,,,,valid=0; invalid=0; risky=0; unknown=0
4652,>30M,harvestfoundation.net,no,,,0,,no_email_candidate_in_email_query,not_flagged,,,,,,valid=0; invalid=0; risky=0; unknown=0
4653,>30M,edouardpetit.me,no,,,0,,no_email_candidate_in_email_query,not_flagged,,,,,,valid=0; invalid=0; risky=0; unknown=0
4654,>30M,soaringheightsschool.com,no,,,0,,no_email_candidate_in_email_query,not_flagged,,,,,,valid=0; invalid=0; risky=0; unknown=0
4655,>30M,paulinhaedudu.com.br,no,,,0,,no_email_candidate_in_email_query,not_flagged,,,,,,valid=0; invalid=0; risky=0; unknown=0
4656,>30M,d4design.com,yes,,,0,,no_email_candidate_in_email_query,not_flagged,,,,,,valid=0; invalid=0; risky=0; unknown=0
4657,>30M,sagereport.com,no,,,0,,no_email_candidate_in_email_query,not_flagged,,,,,,valid=0; invalid=0; risky=0; unknown=0
4658,>30M,next2nature.co.nz,no,,,0,,no_email_candidate_in_email_query,not_flagged,,,,,,valid=0; invalid=0; risky=0; unknown=0
4659,>30M,owa-taxoffice.com,no,,,0,,no_email_candidate_in_email_query,not_flagged,,,,,,valid=0; invalid=0; risky=0; unknown=0
4660,>30M,hutchinsonfamilydental.com,no,,,0,,no_email_candidate_in_email_query,not_flagged,,,,,,valid=0; invalid=0; risky=0; unknown=0
4661,>30M,bodensee-hochzeit.info,no,,,0,,no_email_candidate_in_email_query,not_flagged,,,,,,valid=0; invalid=0; risky=0; unknown=0
4662,>30M,odetowisdom.com,no,,,0,,no_email_candidate_in_email_query,not_flagged,,,,,,valid=0; invalid=0; risky=0; unknown=0
4663,>30M,bigoceantelecom.com,yes,,,0,,no_email_candidate_in_email_query,not_flagged,,,,,,valid=0; invalid=0; risky=0; unknown=0
4664,>30M,coulsonsheating.com,no,,,0,,no_email_candidate_in_email_query,not_flagged,,,,,,valid=0; invalid=0; risky=0; unknown=0
4665,>30M,yeonda.com,no,,,0,,no_email_candidate_in_email_query,not_flagged,,,,,,valid=0; invalid=0; risky=0; unknown=0
4666,>30M,matheustomoto.com,yes,,,0,,no_email_candidate_in_email_query,not_flagged,,,,,,valid=0; invalid=0; risky=0; unknown=0
4667,>30M,wazawa-tax.com,no,,,0,,no_email_candidate_in_email_query,not_flagged,,,,,,valid=0; invalid=0; risky=0; unknown=0
4668,>30M,supplyed.com,no,,,0,,no_email_candidate_in_email_query,not_flagged,,,,,,valid=0; invalid=0; risky=0; unknown=0
4669,>30M,drgersch.de,yes,,,0,,no_email_candidate_in_email_query,not_flagged,,,,,,valid=0; invalid=0; risky=0; unknown=0
4670,>30M,dpsadvisors.net,yes,,,0,,no_email_candidate_in_email_query,not_flagged,,,,,,valid=0; invalid=0; risky=0; unknown=0
4671,>30M,renaltracker.com,yes,,,0,,no_email_candidate_in_email_query,not_flagged,,,,,,valid=0; invalid=0; risky=0; unknown=0
4672,>30M,juliandre.com.br,no,,,0,,no_email_candidate_in_email_query,not_flagged,,,,,,valid=0; invalid=0; risky=0; unknown=0
4673,>30M,mightyforms.com,no,,,0,,no_email_candidate_in_email_query,not_flagged,,,,,,valid=0; invalid=0; risky=0; unknown=0
4674,>30M,wtsedm.com,yes,,,0,,no_email_candidate_in_email_query,not_flagged,,,,,,valid=0; invalid=0; risky=0; unknown=0
4675,>30M,thetripplan.com,no,,,0,,no_email_candidate_in_email_query,not_flagged,,,,,,valid=0; invalid=0; risky=0; unknown=0
4676,>30M,assessoriafinanceira.com,yes,,,0,,no_email_candidate_in_email_query,not_flagged,,,,,,valid=0; invalid=0; risky=0; unknown=0
4677,>30M,thegreerfam.com,no,,,0,,no_email_candidate_in_email_query,not_flagged,,,,,,valid=0; invalid=0; risky=0; unknown=0
4678,>30M,ecotherm.de,yes,,,0,,no_email_candidate_in_email_query,not_flagged,,,,,,valid=0; invalid=0; risky=0; unknown=0
4679,>30M,simpalosnacks.com,yes,,,0,,no_email_candidate_in_email_query,not_flagged,,,,,,valid=0; invalid=0; risky=0; unknown=0
4680,>30M,centrocomerciallosangeles.es,yes,,,0,,no_email_candidate_in_email_query,not_flagged,,,,,,valid=0; invalid=0; risky=0; unknown=0
4681,>30M,foodforward.nl,yes,,,0,,no_email_candidate_in_email_query,not_flagged,,,,,,valid=0; invalid=0; risky=0; unknown=0
4682,>30M,lorinabinning.com,no,,,0,,no_email_candidate_in_email_query,not_flagged,,,,,,valid=0; invalid=0; risky=0; unknown=0
4683,>30M,careerlibrary.org,no,,,0,,no_email_candidate_in_email_query,not_flagged,,,,,,valid=0; invalid=0; risky=0; unknown=0
4684,>30M,maplesupply.ca,no,,,0,,no_email_candidate_in_email_query,not_flagged,,,,,,valid=0; invalid=0; risky=0; unknown=0
4685,>30M,siansimpson.com,yes,,,0,,no_email_candidate_in_email_query,not_flagged,,,,,,valid=0; invalid=0; risky=0; unknown=0
4686,>30M,shinryou-ex.com,no,,,0,,no_email_candidate_in_email_query,not_flagged,,,,,,valid=0; invalid=0; risky=0; unknown=0
4687,>30M,nourishwellnesscoaching.com,no,,,0,,no_email_candidate_in_email_query,not_flagged,,,,,,valid=0; invalid=0; risky=0; unknown=0
4688,>30M,vfontana.com,no,,,0,,no_email_candidate_in_email_query,not_flagged,,,,,,valid=0; invalid=0; risky=0; unknown=0
4689,>30M,helixmktg.com,no,,,0,,no_email_candidate_in_email_query,not_flagged,,,,,,valid=0; invalid=0; risky=0; unknown=0
4690,>30M,minami-iin.com,no,,,0,,no_email_candidate_in_email_query,not_flagged,,,,,,valid=0; invalid=0; risky=0; unknown=0
4691,>30M,blewisarts.com,yes,,,0,,no_email_candidate_in_email_query,not_flagged,,,,,,valid=0; invalid=0; risky=0; unknown=0
4692,>30M,pbmonument.com,no,,,0,,no_email_candidate_in_email_query,not_flagged,,,,,,valid=0; invalid=0; risky=0; unknown=0
4693,>30M,vaultapps.com,yes,,,0,,no_email_candidate_in_email_query,not_flagged,,,,,,valid=0; invalid=0; risky=0; unknown=0
4694,>30M,goessens.be,no,,,0,,no_email_candidate_in_email_query,not_flagged,,,,,,valid=0; invalid=0; risky=0; unknown=0
4695,>30M,gunnotion.com,yes,,,0,,no_email_candidate_in_email_query,not_flagged,,,,,,valid=0; invalid=0; risky=0; unknown=0
4696,>30M,creators.org,yes,,,0,,no_email_candidate_in_email_query,not_flagged,,,,,,valid=0; invalid=0; risky=0; unknown=0
4697,>30M,marketerka.cz,yes,,,0,,no_email_candidate_in_email_query,not_flagged,,,,,,valid=0; invalid=0; risky=0; unknown=0
4698,>30M,rachelgraper.com,yes,,,0,,no_email_candidate_in_email_query,not_flagged,,,,,,valid=0; invalid=0; risky=0; unknown=0
4699,>30M,paraspace.com,yes,,,0,,no_email_candidate_in_email_query,not_flagged,,,,,,valid=0; invalid=0; risky=0; unknown=0
4700,>30M,nudgepartners.com,yes,,,0,,no_email_candidate_in_email_query,not_flagged,,,,,,valid=0; invalid=0; risky=0; unknown=0
4701,>30M,flaviaemarcos.com.br,no,,,0,,no_email_candidate_in_email_query,not_flagged,,,,,,valid=0; invalid=0; risky=0; unknown=0
4702,>30M,lantmannenunibake.dk,no,,,0,,no_email_candidate_in_email_query,not_flagged,,,,,,valid=0; invalid=0; risky=0; unknown=0
4703,>30M,founderassociation.com,no,,,0,,no_email_candidate_in_email_query,not_flagged,,,,,,valid=0; invalid=0; risky=0; unknown=0
4704,>30M,thewonderer.com,yes,,,0,,no_email_candidate_in_email_query,not_flagged,,,,,,valid=0; invalid=0; risky=0; unknown=0
4705,>30M,chaosmedia.tv,no,,,0,,no_email_candidate_in_email_query,not_flagged,,,,,,valid=0; invalid=0; risky=0; unknown=0
4706,>30M,queencitycourtreporting.com,no,,,0,,no_email_candidate_in_email_query,not_flagged,,,,,,valid=0; invalid=0; risky=0; unknown=0
4707,>30M,ts-tsukiji.com,no,,,0,,no_email_candidate_in_email_query,not_flagged,,,,,,valid=0; invalid=0; risky=0; unknown=0
4708,>30M,brandments.com,yes,,,0,,no_email_candidate_in_email_query,not_flagged,,,,,,valid=0; invalid=0; risky=0; unknown=0
4709,>30M,calgarynow.ca,yes,,,0,,no_email_candidate_in_email_query,not_flagged,,,,,,valid=0; invalid=0; risky=0; unknown=0
4710,>30M,educatrix.net,yes,,,0,,no_email_candidate_in_email_query,not_flagged,,,,,,valid=0; invalid=0; risky=0; unknown=0
4711,>30M,redbee.it,no,,,0,,no_email_candidate_in_email_query,not_flagged,,,,,,valid=0; invalid=0; risky=0; unknown=0
4712,>30M,themantelman.com,yes,,,0,,no_email_candidate_in_email_query,not_flagged,,,,,,valid=0; invalid=0; risky=0; unknown=0
4713,>30M,ailacoats.com,yes,,,0,,no_email_candidate_in_email_query,not_flagged,,,,,,valid=0; invalid=0; risky=0; unknown=0
4714,>30M,asahisvc.com,no,,,0,,no_email_candidate_in_email_query,not_flagged,,,,,,valid=0; invalid=0; risky=0; unknown=0
4715,>30M,emsena.com,yes,,,0,,no_email_candidate_in_email_query,not_flagged,,,,,,valid=0; invalid=0; risky=0; unknown=0
4716,>30M,connectingus.net,no,,,0,,no_email_candidate_in_email_query,not_flagged,,,,,,valid=0; invalid=0; risky=0; unknown=0
4717,>30M,afeleia.com,yes,,,0,,no_email_candidate_in_email_query,not_flagged,,,,,,valid=0; invalid=0; risky=0; unknown=0
4718,>30M,nestleconecta.com,no,,,0,,no_email_candidate_in_email_query,not_flagged,,,,,,valid=0; invalid=0; risky=0; unknown=0
4719,>30M,ebnh.org,yes,,,0,,no_email_candidate_in_email_query,not_flagged,,,,,,valid=0; invalid=0; risky=0; unknown=0
4720,>30M,profinder.ch,yes,,,0,,no_email_candidate_in_email_query,not_flagged,,,,,,valid=0; invalid=0; risky=0; unknown=0
4721,>30M,shoptopup.com,no,,,0,,no_email_candidate_in_email_query,not_flagged,,,,,,valid=0; invalid=0; risky=0; unknown=0
4722,>30M,allsteamboatlodging.com,no,,,0,,no_email_candidate_in_email_query,not_flagged,,,,,,valid=0; invalid=0; risky=0; unknown=0
4723,>30M,frankalbert.com,no,,,0,,no_email_candidate_in_email_query,not_flagged,,,,,,valid=0; invalid=0; risky=0; unknown=0
4724,>30M,entrepreneursofamerica.com,no,,,0,,no_email_candidate_in_email_query,not_flagged,,,,,,valid=0; invalid=0; risky=0; unknown=0
4725,>30M,recess.com.au,no,,,0,,no_email_candidate_in_email_query,not_flagged,,,,,,valid=0; invalid=0; risky=0; unknown=0
4726,>30M,loganury.com,yes,,,0,,no_email_candidate_in_email_query,not_flagged,,,,,,valid=0; invalid=0; risky=0; unknown=0
4727,>30M,jedliny.sk,yes,,,0,,no_email_candidate_in_email_query,not_flagged,,,,,,valid=0; invalid=0; risky=0; unknown=0
4728,>30M,tuotempo.it,no,,,0,,no_email_candidate_in_email_query,not_flagged,,,,,,valid=0; invalid=0; risky=0; unknown=0
4729,>30M,rapdictionary.com,yes,,,0,,no_email_candidate_in_email_query,not_flagged,,,,,,valid=0; invalid=0; risky=0; unknown=0
4730,>30M,ocm-family-clinic.com,no,,,0,,no_email_candidate_in_email_query,not_flagged,,,,,,valid=0; invalid=0; risky=0; unknown=0
4731,>30M,getfinancialrelief.com,no,,,0,,no_email_candidate_in_email_query,not_flagged,,,,,,valid=0; invalid=0; risky=0; unknown=0
4732,>30M,fukurou-ash.com,no,,,0,,no_email_candidate_in_email_query,not_flagged,,,,,,valid=0; invalid=0; risky=0; unknown=0
4733,>30M,kva-applications.com,yes,,,0,,no_email_candidate_in_email_query,not_flagged,,,,,,valid=0; invalid=0; risky=0; unknown=0
4734,>30M,riteonq.com,no,,,0,,no_email_candidate_in_email_query,not_flagged,,,,,,valid=0; invalid=0; risky=0; unknown=0
4735,>30M,seavu.com,no,,,0,,no_email_candidate_in_email_query,not_flagged,,,,,,valid=0; invalid=0; risky=0; unknown=0
4736,>30M,sanuki-tomitashika.com,no,,,0,,no_email_candidate_in_email_query,not_flagged,,,,,,valid=0; invalid=0; risky=0; unknown=0
4737,>30M,evecommunications.com,yes,,,0,,no_email_candidate_in_email_query,not_flagged,,,,,,valid=0; invalid=0; risky=0; unknown=0
4738,>30M,keenest.co,no,,,0,,no_email_candidate_in_email_query,not_flagged,,,,,,valid=0; invalid=0; risky=0; unknown=0
4739,>30M,triboil.com,yes,,,0,,no_email_candidate_in_email_query,not_flagged,,,,,,valid=0; invalid=0; risky=0; unknown=0
4740,>30M,poolfab.com,yes,,,0,,no_email_candidate_in_email_query,not_flagged,,,,,,valid=0; invalid=0; risky=0; unknown=0
4741,>30M,garagedoormarketing.com,yes,,,0,,no_email_candidate_in_email_query,not_flagged,,,,,,valid=0; invalid=0; risky=0; unknown=0
4742,>30M,reno.fr,no,,,0,,no_email_candidate_in_email_query,not_flagged,,,,,,valid=0; invalid=0; risky=0; unknown=0
4743,>30M,pako24.pl,no,,,0,,no_email_candidate_in_email_query,not_flagged,,,,,,valid=0; invalid=0; risky=0; unknown=0
4744,>30M,lunazone.com,yes,,,0,,no_email_candidate_in_email_query,not_flagged,,,,,,valid=0; invalid=0; risky=0; unknown=0
4745,>30M,insid3rs.com,yes,,,0,,no_email_candidate_in_email_query,not_flagged,,,,,,valid=0; invalid=0; risky=0; unknown=0
4746,>30M,freetoplaysummit.com,yes,,,0,,no_email_candidate_in_email_query,not_flagged,,,,,,valid=0; invalid=0; risky=0; unknown=0
4747,>30M,amcollnutr.org,no,,,0,,no_email_candidate_in_email_query,not_flagged,,,,,,valid=0; invalid=0; risky=0; unknown=0
4748,>30M,fredericksburgvirginiarealestate.com,yes,,,0,,no_email_candidate_in_email_query,not_flagged,,,,,,valid=0; invalid=0; risky=0; unknown=0
4749,>30M,makerhand.com,yes,,,0,,no_email_candidate_in_email_query,not_flagged,,,,,,valid=0; invalid=0; risky=0; unknown=0
4750,>30M,ethanbrizzi.com,yes,,,0,,no_email_candidate_in_email_query,not_flagged,,,,,,valid=0; invalid=0; risky=0; unknown=0
4751,>30M,brian-nicole.com,no,,,0,,no_email_candidate_in_email_query,not_flagged,,,,,,valid=0; invalid=0; risky=0; unknown=0
4752,>30M,doheart.jp,no,,,0,,no_email_candidate_in_email_query,not_flagged,,,,,,valid=0; invalid=0; risky=0; unknown=0
4753,>30M,techcareer.net,no,,,0,,no_email_candidate_in_email_query,not_flagged,,,,,,valid=0; invalid=0; risky=0; unknown=0
4754,>30M,hc-s.com,no,,,0,,no_email_candidate_in_email_query,not_flagged,,,,,,valid=0; invalid=0; risky=0; unknown=0
4755,>30M,straxhaber.com,yes,,,0,,no_email_candidate_in_email_query,not_flagged,,,,,,valid=0; invalid=0; risky=0; unknown=0
4756,>30M,gwtv.net,yes,,,0,,no_email_candidate_in_email_query,not_flagged,,,,,,valid=0; invalid=0; risky=0; unknown=0
4757,>30M,tomita-hyougu.com,no,,,0,,no_email_candidate_in_email_query,not_flagged,,,,,,valid=0; invalid=0; risky=0; unknown=0
4758,>30M,handcraftedcarbon.com,yes,,,0,,no_email_candidate_in_email_query,not_flagged,,,,,,valid=0; invalid=0; risky=0; unknown=0
4759,>30M,lambentcreations.com,no,,,0,,no_email_candidate_in_email_query,not_flagged,,,,,,valid=0; invalid=0; risky=0; unknown=0
4760,>30M,excelcollege.com,yes,,,0,,no_email_candidate_in_email_query,not_flagged,,,,,,valid=0; invalid=0; risky=0; unknown=0
4761,>30M,toyama-kaigo.com,no,,,0,,no_email_candidate_in_email_query,not_flagged,,,,,,valid=0; invalid=0; risky=0; unknown=0
4762,>30M,veteranspension.com,yes,,,0,,no_email_candidate_in_email_query,not_flagged,,,,,,valid=0; invalid=0; risky=0; unknown=0
4763,>30M,mymassagestudios.com,yes,,,0,,no_email_candidate_in_email_query,not_flagged,,,,,,valid=0; invalid=0; risky=0; unknown=0
4764,>30M,mtloftyvolleyball.com.au,yes,,,0,,no_email_candidate_in_email_query,not_flagged,,,,,,valid=0; invalid=0; risky=0; unknown=0
4765,>30M,xn--lsullsisolering-8sb.com,yes,,,0,,no_email_candidate_in_email_query,not_flagged,,,,,,valid=0; invalid=0; risky=0; unknown=0
4766,>30M,peb-immobiliare.com,no,,,0,,no_email_candidate_in_email_query,not_flagged,,,,,,valid=0; invalid=0; risky=0; unknown=0
4767,>30M,focoplus.com,no,,,0,,no_email_candidate_in_email_query,not_flagged,,,,,,valid=0; invalid=0; risky=0; unknown=0
4768,>30M,universell.us,no,,,0,,no_email_candidate_in_email_query,not_flagged,,,,,,valid=0; invalid=0; risky=0; unknown=0
4769,>30M,saijyokankyo.com,no,,,0,,no_email_candidate_in_email_query,not_flagged,,,,,,valid=0; invalid=0; risky=0; unknown=0
4770,>30M,e-ozeki.com,no,,,0,,no_email_candidate_in_email_query,not_flagged,,,,,,valid=0; invalid=0; risky=0; unknown=0
4771,>30M,webuildthedream.com,yes,,,0,,no_email_candidate_in_email_query,not_flagged,,,,,,valid=0; invalid=0; risky=0; unknown=0
4772,>30M,master.se,no,,,0,,no_email_candidate_in_email_query,not_flagged,,,,,,valid=0; invalid=0; risky=0; unknown=0
4773,>30M,wilkomedia.com,yes,,,0,,no_email_candidate_in_email_query,not_flagged,,,,,,valid=0; invalid=0; risky=0; unknown=0
4774,>30M,slashrepeat.com,no,,,0,,no_email_candidate_in_email_query,not_flagged,,,,,,valid=0; invalid=0; risky=0; unknown=0
4775,>30M,advocacyforpatients.org,yes,,,0,,no_email_candidate_in_email_query,not_flagged,,,,,,valid=0; invalid=0; risky=0; unknown=0
4776,>30M,moroccanlab.com,yes,,,0,,no_email_candidate_in_email_query,not_flagged,,,,,,valid=0; invalid=0; risky=0; unknown=0
4777,>30M,shibanokoumuten.net,no,,,0,,no_email_candidate_in_email_query,not_flagged,,,,,,valid=0; invalid=0; risky=0; unknown=0
4778,>30M,camilaegabriel.com.br,no,,,0,,no_email_candidate_in_email_query,not_flagged,,,,,,valid=0; invalid=0; risky=0; unknown=0
4779,>30M,thevoidknight.com,no,,,0,,no_email_candidate_in_email_query,not_flagged,,,,,,valid=0; invalid=0; risky=0; unknown=0
4780,>30M,julosdevelopment.com,yes,,,0,,no_email_candidate_in_email_query,not_flagged,,,,,,valid=0; invalid=0; risky=0; unknown=0
4781,>30M,bethsbeautybar.com,yes,,,0,,no_email_candidate_in_email_query,not_flagged,,,,,,valid=0; invalid=0; risky=0; unknown=0
4782,>30M,lucidnaturals.com,yes,,,0,,no_email_candidate_in_email_query,not_flagged,,,,,,valid=0; invalid=0; risky=0; unknown=0
4783,>30M,bevsheet.com,no,,,0,,no_email_candidate_in_email_query,not_flagged,,,,,,valid=0; invalid=0; risky=0; unknown=0
4784,>30M,anapaulaebruno.com.br,no,,,0,,no_email_candidate_in_email_query,not_flagged,,,,,,valid=0; invalid=0; risky=0; unknown=0
4785,>30M,hotelscan.com.br,no,,,0,,no_email_candidate_in_email_query,not_flagged,,,,,,valid=0; invalid=0; risky=0; unknown=0
4786,>30M,vanessaethiago.com.br,no,,,0,,no_email_candidate_in_email_query,not_flagged,,,,,,valid=0; invalid=0; risky=0; unknown=0
4787,>30M,ruabio.com,no,,,0,,no_email_candidate_in_email_query,not_flagged,,,,,,valid=0; invalid=0; risky=0; unknown=0
4788,>30M,caedan.com.br,no,,,0,,no_email_candidate_in_email_query,not_flagged,,,,,,valid=0; invalid=0; risky=0; unknown=0
4789,>30M,ethosdesign.ca,yes,,,0,,no_email_candidate_in_email_query,not_flagged,,,,,,valid=0; invalid=0; risky=0; unknown=0
4790,>30M,cmd-v.com,yes,,,0,,no_email_candidate_in_email_query,not_flagged,,,,,,valid=0; invalid=0; risky=0; unknown=0
4791,>30M,xn--wnschedirwas-dlb.de,yes,,,0,,no_email_candidate_in_email_query,not_flagged,,,,,,valid=0; invalid=0; risky=0; unknown=0
4792,>30M,so-sighty.fr,yes,,,0,,no_email_candidate_in_email_query,not_flagged,,,,,,valid=0; invalid=0; risky=0; unknown=0
4793,>30M,modoavioncr.com,yes,,,0,,no_email_candidate_in_email_query,not_flagged,,,,,,valid=0; invalid=0; risky=0; unknown=0
4794,>30M,idtctennis.com,no,,,0,,no_email_candidate_in_email_query,not_flagged,,,,,,valid=0; invalid=0; risky=0; unknown=0
4795,>30M,danaly.com,no,,,0,,no_email_candidate_in_email_query,not_flagged,,,,,,valid=0; invalid=0; risky=0; unknown=0
4796,>30M,simvox.com,no,,,0,,no_email_candidate_in_email_query,not_flagged,,,,,,valid=0; invalid=0; risky=0; unknown=0
4797,>30M,indivisite.com,yes,,,0,,no_email_candidate_in_email_query,not_flagged,,,,,,valid=0; invalid=0; risky=0; unknown=0
4798,>30M,leadenhallbc.org,yes,,,0,,no_email_candidate_in_email_query,not_flagged,,,,,,valid=0; invalid=0; risky=0; unknown=0
4799,>30M,yamazaki-kaikei.com,no,,,0,,no_email_candidate_in_email_query,not_flagged,,,,,,valid=0; invalid=0; risky=0; unknown=0
4800,>30M,innovators-anonymous.com,yes,,,0,,no_email_candidate_in_email_query,not_flagged,,,,,,valid=0; invalid=0; risky=0; unknown=0
4801,>30M,delafoto.com,no,,,0,,no_email_candidate_in_email_query,not_flagged,,,,,,valid=0; invalid=0; risky=0; unknown=0
4802,>30M,shopcharg.com,no,,,0,,no_email_candidate_in_email_query,not_flagged,,,,,,valid=0; invalid=0; risky=0; unknown=0
4803,>30M,politik-online.ch,no,,,0,,no_email_candidate_in_email_query,not_flagged,,,,,,valid=0; invalid=0; risky=0; unknown=0
4804,>30M,mauriciobruce.com,yes,,,0,,no_email_candidate_in_email_query,not_flagged,,,,,,valid=0; invalid=0; risky=0; unknown=0
4805,>30M,lianedavey.com,no,,,0,,no_email_candidate_in_email_query,not_flagged,,,,,,valid=0; invalid=0; risky=0; unknown=0
4806,>30M,krause-kollegen.com,yes,,,0,,no_email_candidate_in_email_query,not_flagged,,,,,,valid=0; invalid=0; risky=0; unknown=0
4807,>30M,globaljanitorialservices.com,yes,,,0,,no_email_candidate_in_email_query,not_flagged,,,,,,valid=0; invalid=0; risky=0; unknown=0
4808,>30M,hebhomes.com,no,,,0,,no_email_candidate_in_email_query,not_flagged,,,,,,valid=0; invalid=0; risky=0; unknown=0
4809,>30M,cash4closure.com,yes,,,0,,no_email_candidate_in_email_query,not_flagged,,,,,,valid=0; invalid=0; risky=0; unknown=0
4810,>30M,projectstophate.org,yes,,,0,,no_email_candidate_in_email_query,not_flagged,,,,,,valid=0; invalid=0; risky=0; unknown=0
4811,>30M,kartraceland.ch,yes,,,0,,no_email_candidate_in_email_query,not_flagged,,,,,,valid=0; invalid=0; risky=0; unknown=0
4812,>30M,sekiichi.com,no,,,0,,no_email_candidate_in_email_query,not_flagged,,,,,,valid=0; invalid=0; risky=0; unknown=0
4813,>30M,voxoffice.com,yes,,,0,,no_email_candidate_in_email_query,not_flagged,,,,,,valid=0; invalid=0; risky=0; unknown=0
4814,>30M,stansart.com,no,,,0,,no_email_candidate_in_email_query,not_flagged,,,,,,valid=0; invalid=0; risky=0; unknown=0
4815,>30M,patrickvargo.com,no,,,0,,no_email_candidate_in_email_query,not_flagged,,,,,,valid=0; invalid=0; risky=0; unknown=0
4816,>30M,annaerodrigo.com.br,no,,,0,,no_email_candidate_in_email_query,not_flagged,,,,,,valid=0; invalid=0; risky=0; unknown=0
4817,>30M,lianfengdm.com,no,,,0,,no_email_candidate_in_email_query,not_flagged,,,,,,valid=0; invalid=0; risky=0; unknown=0
4818,>30M,rogeralittle-law.com,yes,,,0,,no_email_candidate_in_email_query,not_flagged,,,,,,valid=0; invalid=0; risky=0; unknown=0
4819,>30M,jrlegacy.org,yes,,,0,,no_email_candidate_in_email_query,not_flagged,,,,,,valid=0; invalid=0; risky=0; unknown=0
4820,>30M,relocatables.com.au,no,,,0,,no_email_candidate_in_email_query,not_flagged,,,,,,valid=0; invalid=0; risky=0; unknown=0
4821,>30M,bassbuzz.com,no,,,0,,no_email_candidate_in_email_query,not_flagged,,,,,,valid=0; invalid=0; risky=0; unknown=0
4822,>30M,normanfosterinstitute.org,yes,,,0,,no_email_candidate_in_email_query,not_flagged,,,,,,valid=0; invalid=0; risky=0; unknown=0
4823,>30M,chitrakathi.co.in,no,,,0,,no_email_candidate_in_email_query,not_flagged,,,,,,valid=0; invalid=0; risky=0; unknown=0
4824,>30M,paulinasepulveda.com,yes,,,0,,no_email_candidate_in_email_query,not_flagged,,,,,,valid=0; invalid=0; risky=0; unknown=0
4825,>30M,caterermarketing.com,yes,,,0,,no_email_candidate_in_email_query,not_flagged,,,,,,valid=0; invalid=0; risky=0; unknown=0
4826,>30M,himedi.com,no,,,0,,no_email_candidate_in_email_query,not_flagged,,,,,,valid=0; invalid=0; risky=0; unknown=0
4827,>30M,alexkrleski.com,no,,,0,,no_email_candidate_in_email_query,not_flagged,,,,,,valid=0; invalid=0; risky=0; unknown=0
4828,>30M,artlancers.net,no,,,0,,no_email_candidate_in_email_query,not_flagged,,,,,,valid=0; invalid=0; risky=0; unknown=0
4829,>30M,ptopcoaching.com,yes,,,0,,no_email_candidate_in_email_query,not_flagged,,,,,,valid=0; invalid=0; risky=0; unknown=0
4830,>30M,casamentoalineelucas.com.br,no,,,0,,no_email_candidate_in_email_query,not_flagged,,,,,,valid=0; invalid=0; risky=0; unknown=0
4831,>30M,diamountaglioallasete.org,no,,,0,,no_email_candidate_in_email_query,not_flagged,,,,,,valid=0; invalid=0; risky=0; unknown=0
4832,>30M,commonstance.com,no,,,0,,no_email_candidate_in_email_query,not_flagged,,,,,,valid=0; invalid=0; risky=0; unknown=0
4833,>30M,infotechtn.com,no,,,0,,no_email_candidate_in_email_query,not_flagged,,,,,,valid=0; invalid=0; risky=0; unknown=0
4834,>30M,financepool.nl,yes,,,0,,no_email_candidate_in_email_query,not_flagged,,,,,,valid=0; invalid=0; risky=0; unknown=0
4835,>30M,3sync.com,no,,,0,,no_email_candidate_in_email_query,not_flagged,,,,,,valid=0; invalid=0; risky=0; unknown=0
4836,>30M,afroprimecharity.com,yes,,,0,,no_email_candidate_in_email_query,not_flagged,,,,,,valid=0; invalid=0; risky=0; unknown=0
4837,>30M,seripak.pl,no,,,0,,no_email_candidate_in_email_query,not_flagged,,,,,,valid=0; invalid=0; risky=0; unknown=0
4838,>30M,csbs.jp,no,,,0,,no_email_candidate_in_email_query,not_flagged,,,,,,valid=0; invalid=0; risky=0; unknown=0
4839,>30M,alvaradoshardwoodflooring.com,no,,,0,,no_email_candidate_in_email_query,not_flagged,,,,,,valid=0; invalid=0; risky=0; unknown=0
4840,>30M,lnbbroductionstest.com,yes,,,0,,no_email_candidate_in_email_query,not_flagged,,,,,,valid=0; invalid=0; risky=0; unknown=0
4841,>30M,prple.com,no,,,0,,no_email_candidate_in_email_query,not_flagged,,,,,,valid=0; invalid=0; risky=0; unknown=0
4842,>30M,geeksupport.com,no,,,0,,no_email_candidate_in_email_query,not_flagged,,,,,,valid=0; invalid=0; risky=0; unknown=0
4843,>30M,felizathome.com,yes,,,0,,no_email_candidate_in_email_query,not_flagged,,,,,,valid=0; invalid=0; risky=0; unknown=0
4844,>30M,eliteathletes.fr,yes,,,0,,no_email_candidate_in_email_query,not_flagged,,,,,,valid=0; invalid=0; risky=0; unknown=0
4845,>30M,anovahomes.com,yes,,,0,,no_email_candidate_in_email_query,not_flagged,,,,,,valid=0; invalid=0; risky=0; unknown=0
4846,>30M,salesmastery.org,no,,,0,,no_email_candidate_in_email_query,not_flagged,,,,,,valid=0; invalid=0; risky=0; unknown=0
4847,>30M,wreely.com,yes,,,0,,no_email_candidate_in_email_query,not_flagged,,,,,,valid=0; invalid=0; risky=0; unknown=0
4848,>30M,firsttimebuyerworkshop.com,no,,,0,,no_email_candidate_in_email_query,not_flagged,,,,,,valid=0; invalid=0; risky=0; unknown=0
4849,>30M,serrurier69.com,yes,,,0,,no_email_candidate_in_email_query,not_flagged,,,,,,valid=0; invalid=0; risky=0; unknown=0
4850,>30M,omni-strength.com,yes,,,0,,no_email_candidate_in_email_query,not_flagged,,,,,,valid=0; invalid=0; risky=0; unknown=0
4851,>30M,socialsecuritytexas.com,no,,,0,,no_email_candidate_in_email_query,not_flagged,,,,,,valid=0; invalid=0; risky=0; unknown=0
4852,>30M,eleenakatz.com,yes,,,0,,no_email_candidate_in_email_query,not_flagged,,,,,,valid=0; invalid=0; risky=0; unknown=0
4853,>30M,anxietyreliefmp3.com,yes,,,0,,no_email_candidate_in_email_query,not_flagged,,,,,,valid=0; invalid=0; risky=0; unknown=0
4854,>30M,ryanandmatthew.com,no,,,0,,no_email_candidate_in_email_query,not_flagged,,,,,,valid=0; invalid=0; risky=0; unknown=0
4855,>30M,planoboy.com,no,,,0,,no_email_candidate_in_email_query,not_flagged,,,,,,valid=0; invalid=0; risky=0; unknown=0
4856,>30M,ecopurehome.com,no,,,0,,no_email_candidate_in_email_query,not_flagged,,,,,,valid=0; invalid=0; risky=0; unknown=0
4857,>30M,slotscoop.com,no,,,0,,no_email_candidate_in_email_query,not_flagged,,,,,,valid=0; invalid=0; risky=0; unknown=0
4858,>30M,afdsmiles.com,yes,,,0,,no_email_candidate_in_email_query,not_flagged,,,,,,valid=0; invalid=0; risky=0; unknown=0
4859,>30M,frontierheat.com,no,,,0,,no_email_candidate_in_email_query,not_flagged,,,,,,valid=0; invalid=0; risky=0; unknown=0
4860,>30M,tutorment.com,yes,,,0,,no_email_candidate_in_email_query,not_flagged,,,,,,valid=0; invalid=0; risky=0; unknown=0
4861,>30M,snowbreak.org,yes,,,0,,no_email_candidate_in_email_query,not_flagged,,,,,,valid=0; invalid=0; risky=0; unknown=0
4862,>30M,feraz.es,no,,,0,,no_email_candidate_in_email_query,not_flagged,,,,,,valid=0; invalid=0; risky=0; unknown=0
4863,>30M,renuvodesign.com,yes,,,0,,no_email_candidate_in_email_query,not_flagged,,,,,,valid=0; invalid=0; risky=0; unknown=0
4864,>30M,tusenet.se,no,,,0,,no_email_candidate_in_email_query,not_flagged,,,,,,valid=0; invalid=0; risky=0; unknown=0
4865,>30M,vivr.co,yes,,,0,,no_email_candidate_in_email_query,not_flagged,,,,,,valid=0; invalid=0; risky=0; unknown=0
4866,>30M,catalytix.net,no,,,0,,no_email_candidate_in_email_query,not_flagged,,,,,,valid=0; invalid=0; risky=0; unknown=0
4867,>30M,hikarisports.com,no,,,0,,no_email_candidate_in_email_query,not_flagged,,,,,,valid=0; invalid=0; risky=0; unknown=0
4868,>30M,chapmanchallenge.com,yes,,,0,,no_email_candidate_in_email_query,not_flagged,,,,,,valid=0; invalid=0; risky=0; unknown=0
4869,>30M,hungergo.com,no,,,0,,no_email_candidate_in_email_query,not_flagged,,,,,,valid=0; invalid=0; risky=0; unknown=0
4870,>30M,topratedcaraccidentlawyers.com,no,,,0,,no_email_candidate_in_email_query,not_flagged,,,,,,valid=0; invalid=0; risky=0; unknown=0
4871,>30M,squadmi.com,yes,,,0,,no_email_candidate_in_email_query,not_flagged,,,,,,valid=0; invalid=0; risky=0; unknown=0
4872,>30M,vrtour.mx,yes,,,0,,no_email_candidate_in_email_query,not_flagged,,,,,,valid=0; invalid=0; risky=0; unknown=0
4873,>30M,abrandagency.com,no,,,0,,no_email_candidate_in_email_query,not_flagged,,,,,,valid=0; invalid=0; risky=0; unknown=0
4874,>30M,rhodesribexperience.com,no,,,0,,no_email_candidate_in_email_query,not_flagged,,,,,,valid=0; invalid=0; risky=0; unknown=0
4875,>30M,welpha.com,no,,,0,,no_email_candidate_in_email_query,not_flagged,,,,,,valid=0; invalid=0; risky=0; unknown=0
4876,>30M,iskender.de,yes,,,0,,no_email_candidate_in_email_query,not_flagged,,,,,,valid=0; invalid=0; risky=0; unknown=0
4877,>30M,ars-souz.ru,no,,,0,,no_email_candidate_in_email_query,not_flagged,,,,,,valid=0; invalid=0; risky=0; unknown=0
4878,>30M,brale.com,no,,,0,,no_email_candidate_in_email_query,not_flagged,,,,,,valid=0; invalid=0; risky=0; unknown=0
4879,>30M,uppercaseindustries.com,yes,,,0,,no_email_candidate_in_email_query,not_flagged,,,,,,valid=0; invalid=0; risky=0; unknown=0
4880,>30M,homesinorangecountyny.com,yes,,,0,,no_email_candidate_in_email_query,not_flagged,,,,,,valid=0; invalid=0; risky=0; unknown=0
4881,>30M,hasegawashika.info,no,,,0,,no_email_candidate_in_email_query,not_flagged,,,,,,valid=0; invalid=0; risky=0; unknown=0
4882,>30M,back-yourself.com,yes,,,0,,no_email_candidate_in_email_query,not_flagged,,,,,,valid=0; invalid=0; risky=0; unknown=0
4883,>30M,tani-kaikei.com,no,,,0,,no_email_candidate_in_email_query,not_flagged,,,,,,valid=0; invalid=0; risky=0; unknown=0
4884,>30M,boldxchange.com,yes,,,0,,no_email_candidate_in_email_query,not_flagged,,,,,,valid=0; invalid=0; risky=0; unknown=0
4885,>30M,tuotempo.com.br,no,,,0,,no_email_candidate_in_email_query,not_flagged,,,,,,valid=0; invalid=0; risky=0; unknown=0
4886,>30M,wanderwizard.com,yes,,,0,,no_email_candidate_in_email_query,not_flagged,,,,,,valid=0; invalid=0; risky=0; unknown=0
4887,>30M,innercircleelite.com,yes,,,0,,no_email_candidate_in_email_query,not_flagged,,,,,,valid=0; invalid=0; risky=0; unknown=0
4888,>30M,dasch.jp,yes,,,0,,no_email_candidate_in_email_query,not_flagged,,,,,,valid=0; invalid=0; risky=0; unknown=0
4889,>30M,brotherdale.com,yes,,,0,,no_email_candidate_in_email_query,not_flagged,,,,,,valid=0; invalid=0; risky=0; unknown=0
4890,>30M,maracuyacr.com,yes,,,0,,no_email_candidate_in_email_query,not_flagged,,,,,,valid=0; invalid=0; risky=0; unknown=0
4891,>30M,fridaelwoodgasstove.com,no,,,0,,no_email_candidate_in_email_query,not_flagged,,,,,,valid=0; invalid=0; risky=0; unknown=0
4892,>30M,flyingag.com,yes,,,0,,no_email_candidate_in_email_query,not_flagged,,,,,,valid=0; invalid=0; risky=0; unknown=0
4893,>30M,lavonfamilydental.com,yes,,,0,,no_email_candidate_in_email_query,not_flagged,,,,,,valid=0; invalid=0; risky=0; unknown=0
4894,>30M,askovell.com,yes,,,0,,no_email_candidate_in_email_query,not_flagged,,,,,,valid=0; invalid=0; risky=0; unknown=0
4895,>30M,courteneykay.com,no,,,0,,no_email_candidate_in_email_query,not_flagged,,,,,,valid=0; invalid=0; risky=0; unknown=0
4896,>30M,energijobb.se,no,,,0,,no_email_candidate_in_email_query,not_flagged,,,,,,valid=0; invalid=0; risky=0; unknown=0
4897,>30M,filepounder.com,no,,,0,,no_email_candidate_in_email_query,not_flagged,,,,,,valid=0; invalid=0; risky=0; unknown=0
4898,>30M,dyslexieonline.nl,no,,,0,,no_email_candidate_in_email_query,not_flagged,,,,,,valid=0; invalid=0; risky=0; unknown=0
4899,>30M,ncmarketing.com.br,no,,,0,,no_email_candidate_in_email_query,not_flagged,,,,,,valid=0; invalid=0; risky=0; unknown=0
4900,>30M,londonmoneyman.com,no,,,0,,no_email_candidate_in_email_query,not_flagged,,,,,,valid=0; invalid=0; risky=0; unknown=0
4901,>30M,smallchangebigchange.org,no,,,0,,no_email_candidate_in_email_query,not_flagged,,,,,,valid=0; invalid=0; risky=0; unknown=0
4902,>30M,inkpitch.com,no,,,0,,no_email_candidate_in_email_query,not_flagged,,,,,,valid=0; invalid=0; risky=0; unknown=0
4903,>30M,nochestudio.com,no,,,0,,no_email_candidate_in_email_query,not_flagged,,,,,,valid=0; invalid=0; risky=0; unknown=0
4904,>30M,fairmountparkna.org,yes,,,0,,no_email_candidate_in_email_query,not_flagged,,,,,,valid=0; invalid=0; risky=0; unknown=0
4905,>30M,essential-dental.com,no,,,0,,no_email_candidate_in_email_query,not_flagged,,,,,,valid=0; invalid=0; risky=0; unknown=0
4906,>30M,louisianasocialsecurity.com,no,,,0,,no_email_candidate_in_email_query,not_flagged,,,,,,valid=0; invalid=0; risky=0; unknown=0
4907,>30M,computergeek.de,no,,,0,,no_email_candidate_in_email_query,not_flagged,,,,,,valid=0; invalid=0; risky=0; unknown=0
4908,>30M,brenhammonument.com,no,,,0,,no_email_candidate_in_email_query,not_flagged,,,,,,valid=0; invalid=0; risky=0; unknown=0
4909,>30M,ottocreative.com,yes,,,0,,no_email_candidate_in_email_query,not_flagged,,,,,,valid=0; invalid=0; risky=0; unknown=0
4910,>30M,hvines.com,yes,,,0,,no_email_candidate_in_email_query,not_flagged,,,,,,valid=0; invalid=0; risky=0; unknown=0
4911,>30M,corinamartinez.com,yes,,,0,,no_email_candidate_in_email_query,not_flagged,,,,,,valid=0; invalid=0; risky=0; unknown=0
4912,>30M,babastone.com,no,,,0,,no_email_candidate_in_email_query,not_flagged,,,,,,valid=0; invalid=0; risky=0; unknown=0
4913,>30M,cadaconsult.com,yes,,,0,,no_email_candidate_in_email_query,not_flagged,,,,,,valid=0; invalid=0; risky=0; unknown=0
4914,>30M,cognitivecloud.com,yes,,,0,,no_email_candidate_in_email_query,not_flagged,,,,,,valid=0; invalid=0; risky=0; unknown=0
4915,>30M,battersea.ca,yes,,,0,,no_email_candidate_in_email_query,not_flagged,,,,,,valid=0; invalid=0; risky=0; unknown=0
4916,>30M,backpackcommunications.com,yes,,,0,,no_email_candidate_in_email_query,not_flagged,,,,,,valid=0; invalid=0; risky=0; unknown=0
4917,>30M,vloerman.be,no,,,0,,no_email_candidate_in_email_query,not_flagged,,,,,,valid=0; invalid=0; risky=0; unknown=0
4918,>30M,asylpolitik.ch,no,,,0,,no_email_candidate_in_email_query,not_flagged,,,,,,valid=0; invalid=0; risky=0; unknown=0
4919,>30M,fabioandre.com,no,,,0,,no_email_candidate_in_email_query,not_flagged,,,,,,valid=0; invalid=0; risky=0; unknown=0
4920,>30M,brooklynpaint.com,no,,,0,,no_email_candidate_in_email_query,not_flagged,,,,,,valid=0; invalid=0; risky=0; unknown=0
4921,>30M,conflict2collaboration.com,yes,,,0,,no_email_candidate_in_email_query,not_flagged,,,,,,valid=0; invalid=0; risky=0; unknown=0
4922,>30M,onpointrigging.com,no,,,0,,no_email_candidate_in_email_query,not_flagged,,,,,,valid=0; invalid=0; risky=0; unknown=0
4923,>30M,2026.us,yes,,,0,,no_email_candidate_in_email_query,not_flagged,,,,,,valid=0; invalid=0; risky=0; unknown=0
4924,>30M,vertical-development.com,no,,,0,,no_email_candidate_in_email_query,not_flagged,,,,,,valid=0; invalid=0; risky=0; unknown=0
4925,>30M,paulaerodrigo.com.br,no,,,0,,no_email_candidate_in_email_query,not_flagged,,,,,,valid=0; invalid=0; risky=0; unknown=0
4926,>30M,vantagehospice.com,yes,,,0,,no_email_candidate_in_email_query,not_flagged,,,,,,valid=0; invalid=0; risky=0; unknown=0
4927,>30M,infiniteconstruction.net,no,,,0,,no_email_candidate_in_email_query,not_flagged,,,,,,valid=0; invalid=0; risky=0; unknown=0
4928,>30M,rethymnohouse.com,yes,,,0,,no_email_candidate_in_email_query,not_flagged,,,,,,valid=0; invalid=0; risky=0; unknown=0
4929,>30M,dessa.ro,no,,,0,,no_email_candidate_in_email_query,not_flagged,,,,,,valid=0; invalid=0; risky=0; unknown=0
4930,>30M,improvementoffice.com,no,,,0,,no_email_candidate_in_email_query,not_flagged,,,,,,valid=0; invalid=0; risky=0; unknown=0
4931,>30M,allieddrilling.com,no,,,0,,no_email_candidate_in_email_query,not_flagged,,,,,,valid=0; invalid=0; risky=0; unknown=0
4932,>30M,naturalrefrigerants.com,yes,,,0,,no_email_candidate_in_email_query,not_flagged,,,,,,valid=0; invalid=0; risky=0; unknown=0
4933,>30M,agedcareworkforce.com,no,,,0,,no_email_candidate_in_email_query,not_flagged,,,,,,valid=0; invalid=0; risky=0; unknown=0
4934,>30M,mortgageratealarm.com,no,,,0,,no_email_candidate_in_email_query,not_flagged,,,,,,valid=0; invalid=0; risky=0; unknown=0
4935,>30M,anseoagency.com,yes,,,0,,no_email_candidate_in_email_query,not_flagged,,,,,,valid=0; invalid=0; risky=0; unknown=0
4936,>30M,lukewilliford.com,yes,,,0,,no_email_candidate_in_email_query,not_flagged,,,,,,valid=0; invalid=0; risky=0; unknown=0
4937,>30M,balticroofing.com,no,,,0,,no_email_candidate_in_email_query,not_flagged,,,,,,valid=0; invalid=0; risky=0; unknown=0
4938,>30M,acely.com,no,,,0,,no_email_candidate_in_email_query,not_flagged,,,,,,valid=0; invalid=0; risky=0; unknown=0
4939,>30M,2xtalent.com,no,,,0,,no_email_candidate_in_email_query,not_flagged,,,,,,valid=0; invalid=0; risky=0; unknown=0
4940,>30M,limitlesslifestyleinc.com,yes,,,0,,no_email_candidate_in_email_query,not_flagged,,,,,,valid=0; invalid=0; risky=0; unknown=0
4941,>30M,greatapps.net,yes,,,0,,no_email_candidate_in_email_query,not_flagged,,,,,,valid=0; invalid=0; risky=0; unknown=0
4942,>30M,noda-medical.com,no,,,0,,no_email_candidate_in_email_query,not_flagged,,,,,,valid=0; invalid=0; risky=0; unknown=0
4943,>30M,luckybeard.com,yes,,,0,,no_email_candidate_in_email_query,not_flagged,,,,,,valid=0; invalid=0; risky=0; unknown=0
4944,>30M,kdvdebron.nl,yes,,,0,,no_email_candidate_in_email_query,not_flagged,,,,,,valid=0; invalid=0; risky=0; unknown=0
4945,>30M,handymanservices.biz,yes,,,0,,no_email_candidate_in_email_query,not_flagged,,,,,,valid=0; invalid=0; risky=0; unknown=0
4946,>30M,iqrobotics.com,no,,,0,,no_email_candidate_in_email_query,not_flagged,,,,,,valid=0; invalid=0; risky=0; unknown=0
4947,>30M,b-onetraining.com,no,,,0,,no_email_candidate_in_email_query,not_flagged,,,,,,valid=0; invalid=0; risky=0; unknown=0
4948,>30M,ex-hokushin.com,no,,,0,,no_email_candidate_in_email_query,not_flagged,,,,,,valid=0; invalid=0; risky=0; unknown=0
4949,>30M,psbahamas.com,no,,,0,,no_email_candidate_in_email_query,not_flagged,,,,,,valid=0; invalid=0; risky=0; unknown=0
4950,>30M,mypremiumconcierge.com,no,,,0,,no_email_candidate_in_email_query,not_flagged,,,,,,valid=0; invalid=0; risky=0; unknown=0
4951,>30M,haveagreenday.com,no,,,0,,no_email_candidate_in_email_query,not_flagged,,,,,,valid=0; invalid=0; risky=0; unknown=0
4952,>30M,kita-aka-ortho.com,no,,,0,,no_email_candidate_in_email_query,not_flagged,,,,,,valid=0; invalid=0; risky=0; unknown=0
4953,>30M,nolt-technologies.com,no,,,0,,no_email_candidate_in_email_query,not_flagged,,,,,,valid=0; invalid=0; risky=0; unknown=0
4954,>30M,refreshandrestore.org,yes,,,0,,no_email_candidate_in_email_query,not_flagged,,,,,,valid=0; invalid=0; risky=0; unknown=0
4955,>30M,sandiegoent.com,no,,,0,,no_email_candidate_in_email_query,not_flagged,,,,,,valid=0; invalid=0; risky=0; unknown=0
4956,>30M,earthmade.com,yes,,,0,,no_email_candidate_in_email_query,not_flagged,,,,,,valid=0; invalid=0; risky=0; unknown=0
4957,>30M,tandeminvest.com,yes,,,0,,no_email_candidate_in_email_query,not_flagged,,,,,,valid=0; invalid=0; risky=0; unknown=0
4958,>30M,myswedehome.com,yes,,,0,,no_email_candidate_in_email_query,not_flagged,,,,,,valid=0; invalid=0; risky=0; unknown=0
4959,>30M,cscm-congress.org,no,,,0,,no_email_candidate_in_email_query,not_flagged,,,,,,valid=0; invalid=0; risky=0; unknown=0
4960,>30M,finalytic.com,no,,,0,,no_email_candidate_in_email_query,not_flagged,,,,,,valid=0; invalid=0; risky=0; unknown=0
4961,>30M,ouvreboite.fr,no,,,0,,no_email_candidate_in_email_query,not_flagged,,,,,,valid=0; invalid=0; risky=0; unknown=0
4962,>30M,grailpay.com,yes,,,0,,no_email_candidate_in_email_query,not_flagged,,,,,,valid=0; invalid=0; risky=0; unknown=0
4963,>30M,physiotherapie-dortmund.de,no,,,0,,no_email_candidate_in_email_query,not_flagged,,,,,,valid=0; invalid=0; risky=0; unknown=0
4964,>30M,bestroofersinbaltimore.com,no,,,0,,no_email_candidate_in_email_query,not_flagged,,,,,,valid=0; invalid=0; risky=0; unknown=0
4965,>30M,deckmarketing.com,yes,,,0,,no_email_candidate_in_email_query,not_flagged,,,,,,valid=0; invalid=0; risky=0; unknown=0
4966,>30M,companyregistrationmalaysia.com,yes,,,0,,no_email_candidate_in_email_query,not_flagged,,,,,,valid=0; invalid=0; risky=0; unknown=0
4967,>30M,lifecraft.me,yes,,,0,,no_email_candidate_in_email_query,not_flagged,,,,,,valid=0; invalid=0; risky=0; unknown=0
4968,>30M,salon-tea-tree.com,no,,,0,,no_email_candidate_in_email_query,not_flagged,,,,,,valid=0; invalid=0; risky=0; unknown=0
4969,>30M,novarea.fr,no,,,0,,no_email_candidate_in_email_query,not_flagged,,,,,,valid=0; invalid=0; risky=0; unknown=0
4970,>30M,sharedalliance.com,yes,,,0,,no_email_candidate_in_email_query,not_flagged,,,,,,valid=0; invalid=0; risky=0; unknown=0
4971,>30M,nivoso.com,no,,,0,,no_email_candidate_in_email_query,not_flagged,,,,,,valid=0; invalid=0; risky=0; unknown=0
4972,>30M,solveanymarketingproblem.com,yes,,,0,,no_email_candidate_in_email_query,not_flagged,,,,,,valid=0; invalid=0; risky=0; unknown=0
4973,>30M,revoltpartners.com,no,,,0,,no_email_candidate_in_email_query,not_flagged,,,,,,valid=0; invalid=0; risky=0; unknown=0
4974,>30M,cf-a.ru,no,,,0,,no_email_candidate_in_email_query,not_flagged,,,,,,valid=0; invalid=0; risky=0; unknown=0
4975,>30M,roslynsaunders.com.au,yes,,,0,,no_email_candidate_in_email_query,not_flagged,,,,,,valid=0; invalid=0; risky=0; unknown=0
4976,>30M,micesa.be,no,,,0,,no_email_candidate_in_email_query,not_flagged,,,,,,valid=0; invalid=0; risky=0; unknown=0
4977,>30M,paulaepedro.com.br,no,,,0,,no_email_candidate_in_email_query,not_flagged,,,,,,valid=0; invalid=0; risky=0; unknown=0
4978,>30M,tchavoloproductions.com,yes,,,0,,no_email_candidate_in_email_query,not_flagged,,,,,,valid=0; invalid=0; risky=0; unknown=0
4979,>30M,sanwa-techno.com,no,,,0,,no_email_candidate_in_email_query,not_flagged,,,,,,valid=0; invalid=0; risky=0; unknown=0
4980,>30M,lctechrepair.com,yes,,,0,,no_email_candidate_in_email_query,not_flagged,,,,,,valid=0; invalid=0; risky=0; unknown=0
4981,>30M,fawkesfx.com,yes,,,0,,no_email_candidate_in_email_query,not_flagged,,,,,,valid=0; invalid=0; risky=0; unknown=0
4982,>30M,bestenterprisecontentmanagementsoftware.com,no,,,0,,no_email_candidate_in_email_query,not_flagged,,,,,,valid=0; invalid=0; risky=0; unknown=0
4983,>30M,jochemverheul.com,no,,,0,,no_email_candidate_in_email_query,not_flagged,,,,,,valid=0; invalid=0; risky=0; unknown=0
4984,>30M,soreyn.com,no,,,0,,no_email_candidate_in_email_query,not_flagged,,,,,,valid=0; invalid=0; risky=0; unknown=0
4985,>30M,vdlhealthcaretechnologies.com,no,,,0,,no_email_candidate_in_email_query,not_flagged,,,,,,valid=0; invalid=0; risky=0; unknown=0
4986,>30M,amerikanemlak.com,no,,,0,,no_email_candidate_in_email_query,not_flagged,,,,,,valid=0; invalid=0; risky=0; unknown=0
4987,>30M,thenaturewithinus.com,yes,,,0,,no_email_candidate_in_email_query,not_flagged,,,,,,valid=0; invalid=0; risky=0; unknown=0
4988,>30M,mindbodybreathe.com,no,,,0,,no_email_candidate_in_email_query,not_flagged,,,,,,valid=0; invalid=0; risky=0; unknown=0
4989,>30M,2escape.nl,no,,,0,,no_email_candidate_in_email_query,not_flagged,,,,,,valid=0; invalid=0; risky=0; unknown=0
4990,>30M,riversideortho.com,yes,,,0,,no_email_candidate_in_email_query,not_flagged,,,,,,valid=0; invalid=0; risky=0; unknown=0
4991,>30M,latrace.com,yes,,,0,,no_email_candidate_in_email_query,not_flagged,,,,,,valid=0; invalid=0; risky=0; unknown=0
4992,>30M,premierlacrosseleague.com,yes,,,0,,no_email_candidate_in_email_query,not_flagged,,,,,,valid=0; invalid=0; risky=0; unknown=0
4993,>30M,nikahane.com,no,,,0,,no_email_candidate_in_email_query,not_flagged,,,,,,valid=0; invalid=0; risky=0; unknown=0
4994,>30M,medlibre.com,yes,,,0,,no_email_candidate_in_email_query,not_flagged,,,,,,valid=0; invalid=0; risky=0; unknown=0
4995,>30M,assistpro.com,yes,,,0,,no_email_candidate_in_email_query,not_flagged,,,,,,valid=0; invalid=0; risky=0; unknown=0
4996,>30M,peakequity.org,no,,,0,,no_email_candidate_in_email_query,not_flagged,,,,,,valid=0; invalid=0; risky=0; unknown=0
4997,>30M,fujn.com,no,,,0,,no_email_candidate_in_email_query,not_flagged,,,,,,valid=0; invalid=0; risky=0; unknown=0
4998,>30M,strategicfba.com,yes,,,0,,no_email_candidate_in_email_query,not_flagged,,,,,,valid=0; invalid=0; risky=0; unknown=0
4999,>30M,owex.net,no,,,0,,no_email_candidate_in_email_query,not_flagged,,,,,,valid=0; invalid=0; risky=0; unknown=0
5000,>30M,weddingportfolio.net,yes,,,0,,no_email_candidate_in_email_query,not_flagged,,,,,,valid=0; invalid=0; risky=0; unknown=0
