position,publicwww_rank,domain,typeform_indexed_match,indexed_typeform_urls,typeform_form_urls,combined_typeform_urls,publicwww_email_candidate_count,publicwww_email_candidates,combined_email_candidates,email_visibility,corporate_status,scan_mode,verification_eligible_emails,valid_emails,invalid_emails,risky_emails,unknown_emails,verification_summary
5001,>30M,enyei.com,no,,,,0,,,no_public_email_found,not_flagged,contact_pages,,,,,,valid=0; invalid=0; risky=0; unknown=0
5002,>30M,onelivingchurch.org,no,,,,0,,,no_public_email_found,not_flagged,contact_pages,,,,,,valid=0; invalid=0; risky=0; unknown=0
5003,>30M,trinityifs.com,yes,,,https://embed.typeform.com/ ; https://form.typeform.com/to/rhBCYM,0,,brett_nicklaus@packerlandbrokerage.com,showing_email_candidates,not_flagged,contact_pages,,,,,,valid=0; invalid=0; risky=0; unknown=0
5004,>30M,frauenversicherung.ch,no,,,,0,,4-3z2a9434-kopie-002-2@0.5x-1024x1536.png ; 4-3z2a9434-kopie-002-2@0.5x-1365x2048.png ; 4-3z2a9434-kopie-002-2@0.5x-200x300.png ; 4-3z2a9434-kopie-002-2@0.5x-683x1024.png ; 4-3z2a9434-kopie-002-2@0.5x-768x1152.png ; 4-3z2a9434-kopie-002-2@0.5x-scaled.png ; info@frauenversicherung.ch ; uschi-schirmer-retuschiert-8042@0.5x-200x300.png ; uschi-schirmer-retuschiert-8042@0.5x-683x1024.png ; uschi-schirmer-retuschiert-8042@0.5x-768x1151.png ; uschi-schirmer-retuschiert-8042@0.5x.png,showing_email_candidates,not_flagged,contact_pages,info@frauenversicherung.ch,,,,info@frauenversicherung.ch,valid=0; invalid=0; risky=0; unknown=1
5005,>30M,breastaugmentationturkey.com,no,,,,0,,,no_public_email_found,not_flagged,contact_pages,,,,,,valid=0; invalid=0; risky=0; unknown=0
5006,>30M,butrus.net,no,,,https://amazon-seller-system.typeform.com/,0,,,no_public_email_found,not_flagged,contact_pages,,,,,,valid=0; invalid=0; risky=0; unknown=0
5007,>30M,brugger.nl,yes,,,https://infowijs.typeform.com/to/JV3C9rf0,0,,header-1@2x.jpg ; info@infowijs.nl,showing_email_candidates,not_flagged,contact_pages,,,,,,valid=0; invalid=0; risky=0; unknown=0
5008,>30M,upbeater.com,yes,,,,0,,,no_public_email_found,not_flagged,contact_pages,,,,,,valid=0; invalid=0; risky=0; unknown=0
5009,>30M,sereni.pl,yes,,,https://mjfbyfmtv60.typeform.com/to/MruG2qBk,0,,info@sereni.pl ; piotr.szwajka@sereni.pl,showing_email_candidates,not_flagged,contact_pages,info@sereni.pl,,,,info@sereni.pl,valid=0; invalid=0; risky=0; unknown=1
5010,>30M,veilledepresse.com,no,,,,0,,,no_public_email_found,not_flagged,contact_pages,,,,,,valid=0; invalid=0; risky=0; unknown=0
5011,>30M,thedigitaleconomist.com,no,,,https://thedigitaleconomist.typeform.com/,0,,boosters-countup@1.0.2 ; boosters-custom-slider-webflow@2.0.3 ; info@thedigitaleconomist.com,showing_email_candidates,not_flagged,contact_pages,info@thedigitaleconomist.com,,,,info@thedigitaleconomist.com,valid=0; invalid=0; risky=0; unknown=1
5012,>30M,smukskincare.com,yes,,,https://rwzdw7z5dmi.typeform.com/to/hOSPw71T,0,,info@smukskincare.com,showing_email_candidates,not_flagged,contact_pages,info@smukskincare.com,,,,info@smukskincare.com,valid=0; invalid=0; risky=0; unknown=1
5013,>30M,thinkbrad.com,yes,,,https://d616ude51jy.typeform.com/to/RL5fn3Wb,0,,leaflet-geosearch@2.2.0 ; vanilla-lazyload@17.8.4,showing_email_candidates,not_flagged,contact_pages,,,,,,valid=0; invalid=0; risky=0; unknown=0
5014,>30M,liveatcedarrun.com,no,,,,0,,,no_public_email_found,not_flagged,contact_pages,,,,,,valid=0; invalid=0; risky=0; unknown=0
5015,>30M,superfluoro.com,no,,,,0,,info@superfluoro.com,showing_email_candidates,not_flagged,contact_pages,info@superfluoro.com,,,,info@superfluoro.com,valid=0; invalid=0; risky=0; unknown=1
5016,>30M,ignitecfp.com,no,,,,0,,,no_public_email_found,not_flagged,contact_pages,,,,,,valid=0; invalid=0; risky=0; unknown=0
5017,>30M,gab-app.com,yes,,,,0,,,no_public_email_found,not_flagged,contact_pages,,,,,,valid=0; invalid=0; risky=0; unknown=0
5018,>30M,bestbirthinjurylawyers.com,no,,,https://embed.typeform.com/,0,,jane@example.com,showing_email_candidates,not_flagged,contact_pages,,,,,,valid=0; invalid=0; risky=0; unknown=0
5019,>30M,gaumatsinternational.com,yes,,,https://jn6ox5uppi9.typeform.com/to/JRNhh5Ug,0,,marketing@gimarble.com,showing_email_candidates,not_flagged,contact_pages,,,,,,valid=0; invalid=0; risky=0; unknown=0
5020,>30M,avangardconsulting.com,yes,,,https://brucedalma.typeform.com/to/ZGfcHAeh,0,,hello@themenectar.com ; info@avangardconsulting.com,showing_email_candidates,not_flagged,contact_pages,info@avangardconsulting.com,,,,info@avangardconsulting.com,valid=0; invalid=0; risky=0; unknown=1
5021,>30M,chrisdoesnotwanttoeatalone.com,yes,,,,0,,,no_public_email_found,not_flagged,contact_pages,,,,,,valid=0; invalid=0; risky=0; unknown=0
5022,>30M,getstoic.com,no,,,https://zwwtev8o4t7.typeform.com/,0,,s@getstoic.com,showing_email_candidates,not_flagged,contact_pages,,,,,,valid=0; invalid=0; risky=0; unknown=0
5023,>30M,akonel.com,no,,,,0,,info@akonel.com,showing_email_candidates,not_flagged,contact_pages,info@akonel.com,,info@akonel.com,,,valid=0; invalid=1; risky=0; unknown=0
5024,>30M,darianshirazi.com,no,,,,0,,,no_public_email_found,not_flagged,contact_pages,,,,,,valid=0; invalid=0; risky=0; unknown=0
5025,>30M,vexatio.com,no,,,,0,,,no_public_email_found,not_flagged,contact_pages,,,,,,valid=0; invalid=0; risky=0; unknown=0
5026,>30M,clarenvilledental.com,no,,,,0,,clarenville.dental@gmail.com,showing_email_candidates,not_flagged,contact_pages,,,,,,valid=0; invalid=0; risky=0; unknown=0
5027,>30M,webpointer.com.br,no,,,,0,,webpointer@webpointer.com.br,showing_email_candidates,not_flagged,contact_pages,,,,,,valid=0; invalid=0; risky=0; unknown=0
5028,>30M,fernmitgliedschaft-golf.de,no,,,,0,,,no_public_email_found,not_flagged,contact_pages,,,,,,valid=0; invalid=0; risky=0; unknown=0
5029,>30M,nurtureher.com,yes,,,https://nurturegroup.typeform.com/to/aTRfNc ; https://nurturegroup.typeform.com/to/RCZ2d1,0,,,no_public_email_found,not_flagged,contact_pages,,,,,,valid=0; invalid=0; risky=0; unknown=0
5030,>30M,northware.com,no,,,,0,,,no_public_email_found,not_flagged,contact_pages,,,,,,valid=0; invalid=0; risky=0; unknown=0
5031,>30M,daydreamcreativemedia.com,yes,,,https://sg8j6yy8prq.typeform.com/to/xjOfCZC2,0,,,no_public_email_found,not_flagged,contact_pages,,,,,,valid=0; invalid=0; risky=0; unknown=0
5032,>30M,careerframe.com,no,,,,0,,john@doe.com,showing_email_candidates,not_flagged,contact_pages,,,,,,valid=0; invalid=0; risky=0; unknown=0
5033,>30M,beastregime.com,yes,,,,0,,,no_public_email_found,not_flagged,contact_pages,,,,,,valid=0; invalid=0; risky=0; unknown=0
5034,>30M,designwade.com,yes,,,https://0d48e1si2cw.typeform.com/to/oDelbzGh,0,,hello@designwade.com,showing_email_candidates,not_flagged,contact_pages,hello@designwade.com,hello@designwade.com,,,,valid=1; invalid=0; risky=0; unknown=0
5035,>30M,wuunder.com,no,,,,0,,info@wuunder.com ; info@wuunder.de,showing_email_candidates,not_flagged,contact_pages,info@wuunder.com,,,,info@wuunder.com,valid=0; invalid=0; risky=0; unknown=1
5036,>30M,voxworldwide.com,no,,,,0,,,no_public_email_found,not_flagged,contact_pages,,,,,,valid=0; invalid=0; risky=0; unknown=0
5037,>30M,anggunrotan.com,no,,,,0,,,no_public_email_found,not_flagged,contact_pages,,,,,,valid=0; invalid=0; risky=0; unknown=0
5038,>30M,tntworkout.com,yes,,,,0,,ilustracion_sin_titulo_42_115x@2x.png ; info@tntworkout.com,showing_email_candidates,not_flagged,contact_pages,info@tntworkout.com,,,,info@tntworkout.com,valid=0; invalid=0; risky=0; unknown=1
5039,>30M,chorum.com,no,,,,0,,,no_public_email_found,not_flagged,contact_pages,,,,,,valid=0; invalid=0; risky=0; unknown=0
5040,>30M,cactus-films.com,yes,,,https://form.typeform.com/to/cZjBpDKu,0,,contact@cactus-prod.com ; louis@cactus-prod.com ; white@4x.png,showing_email_candidates,not_flagged,contact_pages,,,,,,valid=0; invalid=0; risky=0; unknown=0
5041,>30M,tabularpro.com,no,,,,0,,jane@example.com ; tabularpro@4x.webp,showing_email_candidates,not_flagged,contact_pages,,,,,,valid=0; invalid=0; risky=0; unknown=0
5042,>30M,vineaste.com,yes,,,,0,,,no_public_email_found,not_flagged,contact_pages,,,,,,valid=0; invalid=0; risky=0; unknown=0
5043,>30M,sonnenkamp.com,no,,,,0,,info@daslebenswerk.de ; info@sonnenkamp.com ; leaflet@1.9.4,showing_email_candidates,not_flagged,contact_pages,info@sonnenkamp.com,,,,info@sonnenkamp.com,valid=0; invalid=0; risky=0; unknown=1
5044,>30M,apraca.pt,yes,,,https://form.typeform.com/to/luuf6or6,0,,cliente@pracahub.pt ; eventos@pracahub.pt ; example@gmail.com ; nome@email.com ; praca_logotipo_digital-01_2_200x@2x.png ; reservas@pracahub.pt ; reservas@pracahub.pteventos ; u003ecliente@pracahub.pt,showing_email_candidates,not_flagged,contact_pages,,,,,,valid=0; invalid=0; risky=0; unknown=0
5045,>30M,tyzenfit.com,yes,,,https://3evq41kwjb4.typeform.com/to/OCbjhKb6,0,,support@tyzenfit.com,showing_email_candidates,not_flagged,contact_pages,support@tyzenfit.com,,,,support@tyzenfit.com,valid=0; invalid=0; risky=0; unknown=1
5046,>30M,psicon.it,yes,,,https://form.typeform.com/to/FRfxrYQm,0,,hello@psicon.me ; info@psicon.me,showing_email_candidates,not_flagged,contact_pages,,,,,,valid=0; invalid=0; risky=0; unknown=0
5047,>30M,homehealthsites.com,no,,,https://pmnf6gjlce6.typeform.com/,0,,,no_public_email_found,not_flagged,contact_pages,,,,,,valid=0; invalid=0; risky=0; unknown=0
5048,>30M,spacercreative.com,no,,,,0,,,no_public_email_found,not_flagged,contact_pages,,,,,,valid=0; invalid=0; risky=0; unknown=0
5049,>30M,iask.at,no,,,,0,,,no_public_email_found,not_flagged,contact_pages,,,,,,valid=0; invalid=0; risky=0; unknown=0
5050,>30M,bloommh.com,no,,,https://bloommh.typeform.com/,0,,,no_public_email_found,not_flagged,contact_pages,,,,,,valid=0; invalid=0; risky=0; unknown=0
5051,>30M,laindiaincreible.com,no,,,https://increible.typeform.com/,0,,david.diaz@laindiaincreible.com,showing_email_candidates,not_flagged,contact_pages,,,,,,valid=0; invalid=0; risky=0; unknown=0
5052,>30M,homekin.com,yes,,,,0,,hello@homekin.com,showing_email_candidates,not_flagged,contact_pages,hello@homekin.com,hello@homekin.com,,,,valid=1; invalid=0; risky=0; unknown=0
5053,>30M,u-und-r.de,yes,,,https://admin.typeform.com/to/dwk6gt ; https://ib3wum7wh0f.typeform.com/,0,,beschwerde@versicherungsombudsmann.de ; info@u-und-r.de,showing_email_candidates,not_flagged,contact_pages,info@u-und-r.de,,,,info@u-und-r.de,valid=0; invalid=0; risky=0; unknown=1
5054,>30M,danilomontero.com,no,,,,0,,,no_public_email_found,not_flagged,contact_pages,,,,,,valid=0; invalid=0; risky=0; unknown=0
5055,>30M,catalystwealth.co,no,,,,0,,custombreakpoint@1.1 ; india@catalystbrands.co ; india@catalystwealth.co,showing_email_candidates,not_flagged,contact_pages,,,,,,valid=0; invalid=0; risky=0; unknown=0
5056,>30M,daiwak.net,no,,,,0,,,no_public_email_found,not_flagged,contact_pages,,,,,,valid=0; invalid=0; risky=0; unknown=0
5057,>30M,kellyedaniel.com.br,no,,,,0,,,no_public_email_found,not_flagged,contact_pages,,,,,,valid=0; invalid=0; risky=0; unknown=0
5058,>30M,tuttocredito.com,yes,,,https://form.typeform.com/to/AUjukgbV,0,,fitsrlbenefit@legalmail.it ; info@tuttocredito.com,showing_email_candidates,not_flagged,contact_pages,info@tuttocredito.com,,,,info@tuttocredito.com,valid=0; invalid=0; risky=0; unknown=1
5059,>30M,theofficialunion.com,yes,,,,0,,,no_public_email_found,not_flagged,contact_pages,,,,,,valid=0; invalid=0; risky=0; unknown=0
5060,>30M,robotopics.net,no,,,,0,,,no_public_email_found,not_flagged,contact_pages,,,,,,valid=0; invalid=0; risky=0; unknown=0
5061,>30M,westside-union.com,no,,,,0,,info@westside-union.com,showing_email_candidates,not_flagged,contact_pages,info@westside-union.com,,,,info@westside-union.com,valid=0; invalid=0; risky=0; unknown=1
5062,>30M,comfort-factor.com,yes,,,https://form.typeform.com/to/BLDzddRP ; https://form.typeform.com/to/HIKk8Afa,0,,team@comfort-factor.com,showing_email_candidates,not_flagged,contact_pages,team@comfort-factor.com,,,,team@comfort-factor.com,valid=0; invalid=0; risky=0; unknown=1
5063,>30M,huntley.nl,yes,,,,0,,hi@huntley.nl,showing_email_candidates,not_flagged,contact_pages,,,,,,valid=0; invalid=0; risky=0; unknown=0
5064,>30M,koeriersoftware.eu,no,,,https://epywkylb528.typeform.com/ ; https://epywkylb528.typeform.com/to/LBufDrqz ; https://form.typeform.com/to/NSm1g0Te,0,,bootstrap-icons@1.11.3 ; info@mendrix.nl,showing_email_candidates,not_flagged,contact_pages,,,,,,valid=0; invalid=0; risky=0; unknown=0
5065,>30M,thewellnessfamily.net,yes,,,,0,,,no_public_email_found,not_flagged,contact_pages,,,,,,valid=0; invalid=0; risky=0; unknown=0
5066,>30M,bmkrestaurant.com,no,,,,0,,,no_public_email_found,not_flagged,contact_pages,,,,,,valid=0; invalid=0; risky=0; unknown=0
5067,>30M,suckerlabs.com,yes,,,https://xwqglh99xqa.typeform.com/to/N9lvZGjS,0,,suckerlabs@gmail.com,showing_email_candidates,not_flagged,contact_pages,,,,,,valid=0; invalid=0; risky=0; unknown=0
5068,>30M,marianaesamuel.com.br,no,,,,0,,,no_public_email_found,not_flagged,contact_pages,,,,,,valid=0; invalid=0; risky=0; unknown=0
5069,>30M,lbsaalumnifund.org,yes,,,,0,,lbsafund@gmail.com,showing_email_candidates,not_flagged,contact_pages,,,,,,valid=0; invalid=0; risky=0; unknown=0
5070,>30M,setomoto-iin.com,no,,,,0,,,no_public_email_found,not_flagged,contact_pages,,,,,,valid=0; invalid=0; risky=0; unknown=0
5071,>30M,playoffpremium.com,no,,,,0,,,no_public_email_found,not_flagged,contact_pages,,,,,,valid=0; invalid=0; risky=0; unknown=0
5072,>30M,camburke.com,no,,,,0,,flags@2x.png,showing_email_candidates,not_flagged,contact_pages,,,,,,valid=0; invalid=0; risky=0; unknown=0
5073,>30M,angkafortuna.com,no,,,,0,,,no_public_email_found,not_flagged,contact_pages,,,,,,valid=0; invalid=0; risky=0; unknown=0
5074,>30M,1alp.com,yes,,,https://form.typeform.com/to/sUTWpcAX,0,,hello@paysauce.co.nz ; howard.thurman@gmail.com,showing_email_candidates,not_flagged,contact_pages,,,,,,valid=0; invalid=0; risky=0; unknown=0
5075,>30M,thecompleteguidetodaytrading.com,no,,,,0,,support@rockwelltrading.com,showing_email_candidates,not_flagged,contact_pages,,,,,,valid=0; invalid=0; risky=0; unknown=0
5076,>30M,socialsecurityutah.com,no,,,,0,,,no_public_email_found,not_flagged,contact_pages,,,,,,valid=0; invalid=0; risky=0; unknown=0
5077,>30M,setsail.us,yes,,,https://setsailadmin.typeform.com/to/wYp7d7Ow,0,,info@gosetsail.com,showing_email_candidates,not_flagged,contact_pages,,,,,,valid=0; invalid=0; risky=0; unknown=0
5078,>30M,modernbreed.com,yes,,,,0,,,no_public_email_found,not_flagged,contact_pages,,,,,,valid=0; invalid=0; risky=0; unknown=0
5079,>30M,1us.me,no,,,,0,,care@tagg.li,showing_email_candidates,not_flagged,contact_pages,,,,,,valid=0; invalid=0; risky=0; unknown=0
5080,>30M,ezblastac.com,no,,,,0,,ezblastac@aol.com,showing_email_candidates,not_flagged,contact_pages,,,,,,valid=0; invalid=0; risky=0; unknown=0
5081,>30M,bestnursinghomeabuselawyers.com,no,,,https://embed.typeform.com/,0,,,no_public_email_found,not_flagged,contact_pages,,,,,,valid=0; invalid=0; risky=0; unknown=0
5082,>30M,brilliantcourses.com,no,,,,0,,core@3.27.0 ; styles@1.4.1,showing_email_candidates,not_flagged,contact_pages,,,,,,valid=0; invalid=0; risky=0; unknown=0
5083,>30M,aribenjamin.net,no,,,,0,,,no_public_email_found,not_flagged,contact_pages,,,,,,valid=0; invalid=0; risky=0; unknown=0
5084,>30M,safariinsurance.com,yes,,,,0,,1n8m7_9prukem+@eoy4-6bax0znhgxjuddb5ytavivjfslcgkothzwifq3q.wrpc2sl ; info@safariinsurance.com ; tll-osoqecegp7m9_bk+jxadi@zh5mqcub2wk.isxdavnz30,showing_email_candidates,not_flagged,contact_pages,info@safariinsurance.com,,,,info@safariinsurance.com,valid=0; invalid=0; risky=0; unknown=1
5085,>30M,yoursocialcurrency.com,yes,,,https://9rp2nnstb99.typeform.com/to/oBKUTwv9,0,,info@yoursocialcurrency.com,showing_email_candidates,not_flagged,contact_pages,info@yoursocialcurrency.com,,,,info@yoursocialcurrency.com,valid=0; invalid=0; risky=0; unknown=1
5086,>30M,robotrasaerba.com,yes,,,https://agricenter.pro.typeform.com/to/JYvxmx41 ; https://agricenter.typeform.com/to/JYvxmx41,0,,info@agricenterspitaler.com,showing_email_candidates,not_flagged,contact_pages,,,,,,valid=0; invalid=0; risky=0; unknown=0
5087,>30M,sundancelending.com,no,,,https://staceytheloanlady.typeform.com/,0,,,no_public_email_found,not_flagged,contact_pages,,,,,,valid=0; invalid=0; risky=0; unknown=0
5088,>30M,andrefilipe.pt,no,,,,0,,,no_public_email_found,not_flagged,contact_pages,,,,,,valid=0; invalid=0; risky=0; unknown=0
5089,>30M,kingdomgraphicdesigns.com,yes,,,https://kingdomgraphicdesign.typeform.com/to/gdRPLp,0,,createkgd@gmail.com,showing_email_candidates,not_flagged,contact_pages,,,,,,valid=0; invalid=0; risky=0; unknown=0
5090,>30M,manaclick.com,yes,,,https://form.typeform.com/to/qN3PwTQ1,0,,,no_public_email_found,not_flagged,contact_pages,,,,,,valid=0; invalid=0; risky=0; unknown=0
5091,>30M,putzfrau-frankfurt.de,no,,,,0,,,no_public_email_found,not_flagged,contact_pages,,,,,,valid=0; invalid=0; risky=0; unknown=0
5092,>30M,alllaketahoelodging.com,no,,,,0,,,no_public_email_found,not_flagged,contact_pages,,,,,,valid=0; invalid=0; risky=0; unknown=0
5093,>30M,uphero.net,no,,,https://uphero.typeform.com/,0,,,no_public_email_found,not_flagged,contact_pages,,,,,,valid=0; invalid=0; risky=0; unknown=0
5094,>30M,roundtriprepairs.com,yes,,,https://form.typeform.com/to/QL0dQnJg,0,,broadboom@gmail.com,showing_email_candidates,not_flagged,contact_pages,,,,,,valid=0; invalid=0; risky=0; unknown=0
5095,>30M,tixsta.com,yes,,,https://embed.typeform.com/ ; https://kanthan1.typeform.com/to/v8bo4v,0,,,no_public_email_found,not_flagged,contact_pages,,,,,,valid=0; invalid=0; risky=0; unknown=0
5096,>30M,themadisonpartners.com,yes,,,,0,,,no_public_email_found,not_flagged,contact_pages,,,,,,valid=0; invalid=0; risky=0; unknown=0
5097,>30M,gabieigor.com.br,no,,,,0,,,no_public_email_found,not_flagged,contact_pages,,,,,,valid=0; invalid=0; risky=0; unknown=0
5098,>30M,quierounloft.com,yes,,,https://quierounloft.typeform.com/to/ObPwB7,0,,contacto@quierounloft.com ; info@quierounloft.com,showing_email_candidates,not_flagged,contact_pages,info@quierounloft.com,,,,info@quierounloft.com,valid=0; invalid=0; risky=0; unknown=1
5099,>30M,homeprobealberta.com,yes,,,,0,,,no_public_email_found,not_flagged,contact_pages,,,,,,valid=0; invalid=0; risky=0; unknown=0
5100,>30M,ishikawakensetsu.jp,no,,,,0,,,no_public_email_found,not_flagged,contact_pages,,,,,,valid=0; invalid=0; risky=0; unknown=0
5101,>30M,lstow.com,yes,,,,0,,,no_public_email_found,not_flagged,contact_pages,,,,,,valid=0; invalid=0; risky=0; unknown=0
5102,>30M,sahambagus.com,no,,,,0,,,no_public_email_found,not_flagged,contact_pages,,,,,,valid=0; invalid=0; risky=0; unknown=0
5103,>30M,coachingconsciousness.org,yes,,,,0,,,no_public_email_found,not_flagged,contact_pages,,,,,,valid=0; invalid=0; risky=0; unknown=0
5104,>30M,baracacapital.com,yes,,,https://form.typeform.com/to/JL5qMXQ0,0,,hello@baracacapital.com ; lenis@1.0.34 ; relations@baracacapital.com,showing_email_candidates,not_flagged,contact_pages,hello@baracacapital.com,hello@baracacapital.com,,,,valid=1; invalid=0; risky=0; unknown=0
5105,>30M,biograma.com.br,yes,,,,0,,,no_public_email_found,not_flagged,contact_pages,,,,,,valid=0; invalid=0; risky=0; unknown=0
5106,>30M,solines.de,yes,,,https://webformulier.typeform.com/to/Wpt480,0,,ajax-loader@2x.gif ; info@solines.de,showing_email_candidates,not_flagged,contact_pages,info@solines.de,,,,info@solines.de,valid=0; invalid=0; risky=0; unknown=1
5107,>30M,fourrier.com,no,,,,0,,,no_public_email_found,not_flagged,contact_pages,,,,,,valid=0; invalid=0; risky=0; unknown=0
5108,>30M,rejectiongame.com,no,,,,0,,,no_public_email_found,not_flagged,contact_pages,,,,,,valid=0; invalid=0; risky=0; unknown=0
5109,>30M,ascendecommerce.com,no,,,,0,,,no_public_email_found,not_flagged,contact_pages,,,,,,valid=0; invalid=0; risky=0; unknown=0
5110,>30M,hat2010.com,no,,,,0,,,no_public_email_found,not_flagged,contact_pages,,,,,,valid=0; invalid=0; risky=0; unknown=0
5111,>30M,embeddable.com,yes,,,https://form.typeform.com/to/fc46Ndy6 ; https://form.typeform.com/to/Ma2kc1Mm,0,,,no_public_email_found,not_flagged,contact_pages,,,,,,valid=0; invalid=0; risky=0; unknown=0
5112,>30M,caroleantonio.com.br,no,,,,0,,,no_public_email_found,not_flagged,contact_pages,,,,,,valid=0; invalid=0; risky=0; unknown=0
5113,>30M,avataresonline.com,yes,,,https://form.typeform.com/to/DyyRBewd,0,,info@avataresonline.com,showing_email_candidates,not_flagged,contact_pages,info@avataresonline.com,,,,info@avataresonline.com,valid=0; invalid=0; risky=0; unknown=1
5114,>30M,alliebs.com,no,,,,0,,,no_public_email_found,not_flagged,contact_pages,,,,,,valid=0; invalid=0; risky=0; unknown=0
5115,>30M,paparazzicenter.com,yes,,,https://t42xu141f73.typeform.com/to/xEnoqITp,0,,bonjour@freechises.com,showing_email_candidates,not_flagged,contact_pages,,,,,,valid=0; invalid=0; risky=0; unknown=0
5116,>30M,mentalgritconsulting.com,yes,,,https://x3x6hyc5iam.typeform.com/to/RtlOXcbc ; https://x3x6hyc5iam.typeform.com/to/ZJhm99nO,0,,info@mentalgritconsulting.com,showing_email_candidates,not_flagged,contact_pages,info@mentalgritconsulting.com,,,,info@mentalgritconsulting.com,valid=0; invalid=0; risky=0; unknown=1
5117,>30M,netiveezra.org,no,,,,0,,,no_public_email_found,not_flagged,contact_pages,,,,,,valid=0; invalid=0; risky=0; unknown=0
5118,>30M,vitrierecully.com,yes,,,https://4m1k462unbw.typeform.com/to/PkGs5rYr,0,,,no_public_email_found,not_flagged,contact_pages,,,,,,valid=0; invalid=0; risky=0; unknown=0
5119,>30M,nossocasorio.com.br,no,,,,0,,,no_public_email_found,not_flagged,contact_pages,,,,,,valid=0; invalid=0; risky=0; unknown=0
5120,>30M,wearehonest.co,no,,,,0,,,no_public_email_found,not_flagged,contact_pages,,,,,,valid=0; invalid=0; risky=0; unknown=0
5121,>30M,anlageimmo.com,yes,,,,0,,,no_public_email_found,not_flagged,contact_pages,,,,,,valid=0; invalid=0; risky=0; unknown=0
5122,>30M,salvohealth.com,no,,,,0,,support@salvohealth.com,showing_email_candidates,not_flagged,contact_pages,support@salvohealth.com,,,,support@salvohealth.com,valid=0; invalid=0; risky=0; unknown=1
5123,>30M,jameswhittet.com,yes,,,https://jameswhittet.typeform.com/to/mEFcx1,0,,,no_public_email_found,not_flagged,contact_pages,,,,,,valid=0; invalid=0; risky=0; unknown=0
5124,>30M,fortunadc.com,no,,,,0,,team@fortunadc.com ; team@fortunasystems.co,showing_email_candidates,not_flagged,contact_pages,team@fortunadc.com,,,,team@fortunadc.com,valid=0; invalid=0; risky=0; unknown=1
5125,>30M,wei003.com,no,,,,0,,,no_public_email_found,not_flagged,contact_pages,,,,,,valid=0; invalid=0; risky=0; unknown=0
5126,>30M,likefinance.nl,yes,,,https://accountantiris.typeform.com/to/jkiTA98S,0,,hallo@likefinance.nl,showing_email_candidates,not_flagged,contact_pages,,,,,,valid=0; invalid=0; risky=0; unknown=0
5127,>30M,yourfloridalegalhelp.com,no,,,,0,,,no_public_email_found,not_flagged,contact_pages,,,,,,valid=0; invalid=0; risky=0; unknown=0
5128,>30M,casualcreatives.com,yes,,,https://casualcreatives.typeform.com/to/OMg2WEhw,0,,splide-extension-auto-scroll@0.5.3 ; splide@4.1.4,showing_email_candidates,not_flagged,contact_pages,,,,,,valid=0; invalid=0; risky=0; unknown=0
5129,>30M,clearvector.com,no,,,,0,,,no_public_email_found,not_flagged,contact_pages,,,,,,valid=0; invalid=0; risky=0; unknown=0
5130,>30M,xyslab.com,yes,,,,0,,,no_public_email_found,not_flagged,contact_pages,,,,,,valid=0; invalid=0; risky=0; unknown=0
5131,>30M,gauhouse.com,yes,,,,0,,,no_public_email_found,not_flagged,contact_pages,,,,,,valid=0; invalid=0; risky=0; unknown=0
5132,>30M,schulstadbakerysolutions.com.au,no,,,,0,,,no_public_email_found,not_flagged,contact_pages,,,,,,valid=0; invalid=0; risky=0; unknown=0
5133,>30M,wifi365.com,no,,,,0,,,no_public_email_found,not_flagged,contact_pages,,,,,,valid=0; invalid=0; risky=0; unknown=0
5134,>30M,easy2explain.com,no,,,,0,,,no_public_email_found,not_flagged,contact_pages,,,,,,valid=0; invalid=0; risky=0; unknown=0
5135,>30M,coffeerence.com,yes,,,,0,,,no_public_email_found,not_flagged,contact_pages,,,,,,valid=0; invalid=0; risky=0; unknown=0
5136,>30M,dakarit.com,yes,,,https://88q1lnjf20v.typeform.com/to/Z3IIMtm3,0,,example@domain.com ; ventas@dakait.com ; ventas@dakarit.com,showing_email_candidates,not_flagged,contact_pages,,,,,,valid=0; invalid=0; risky=0; unknown=0
5137,>30M,andersoncorrea.com,no,,,,0,,,no_public_email_found,not_flagged,contact_pages,,,,,,valid=0; invalid=0; risky=0; unknown=0
5138,>30M,vdlapparatenbouw.com,no,,,,0,,info@vdlapparatenbouw.com,showing_email_candidates,not_flagged,contact_pages,info@vdlapparatenbouw.com,,,,info@vdlapparatenbouw.com,valid=0; invalid=0; risky=0; unknown=1
5139,>30M,vitallink.org,no,,,https://vitallinkoc.typeform.com/,0,,info@vitallink.org,showing_email_candidates,not_flagged,contact_pages,info@vitallink.org,,,,info@vitallink.org,valid=0; invalid=0; risky=0; unknown=1
5140,>30M,netsecdesign.com,no,,,,0,,,no_public_email_found,not_flagged,contact_pages,,,,,,valid=0; invalid=0; risky=0; unknown=0
5141,>30M,kadavc.com,no,,,,0,,,no_public_email_found,not_flagged,contact_pages,,,,,,valid=0; invalid=0; risky=0; unknown=0
5142,>30M,kihara-kk.com,no,,,,0,,,no_public_email_found,not_flagged,contact_pages,,,,,,valid=0; invalid=0; risky=0; unknown=0
5143,>30M,501seed.org,no,,,https://embed.typeform.com/,0,,hello@501seed.org,showing_email_candidates,not_flagged,contact_pages,hello@501seed.org,hello@501seed.org,,,,valid=1; invalid=0; risky=0; unknown=0
5144,>30M,avmarketing.com,yes,,,,0,,,no_public_email_found,not_flagged,contact_pages,,,,,,valid=0; invalid=0; risky=0; unknown=0
5145,>30M,carneshm.es,no,,,,0,,,no_public_email_found,not_flagged,contact_pages,,,,,,valid=0; invalid=0; risky=0; unknown=0
5146,>30M,transe-formations.com,yes,,,https://form.typeform.com/to/zDuDzQYi,0,,contact@transe-formations.com ; pierre@cyberformation.fr,showing_email_candidates,not_flagged,contact_pages,contact@transe-formations.com,contact@transe-formations.com,,,,valid=1; invalid=0; risky=0; unknown=0
5147,>30M,lacajadeloscables.com,no,,,,0,,,no_public_email_found,not_flagged,contact_pages,,,,,,valid=0; invalid=0; risky=0; unknown=0
5148,>30M,kissyoen.net,no,,,,0,,,no_public_email_found,not_flagged,contact_pages,,,,,,valid=0; invalid=0; risky=0; unknown=0
5149,>30M,freshsheets.com.au,no,,,,0,,info@freshsheets.com.au ; john@smith.com,showing_email_candidates,not_flagged,contact_pages,info@freshsheets.com.au,,,,info@freshsheets.com.au,valid=0; invalid=0; risky=0; unknown=1
5150,>30M,heyjoe.fr,yes,,,https://embed.typeform.com/ ; https://form.typeform.com/to/UsLUpbGq,0,,hello@heyjoe.fr,showing_email_candidates,not_flagged,contact_pages,hello@heyjoe.fr,hello@heyjoe.fr,,,,valid=1; invalid=0; risky=0; unknown=0
5151,>30M,fresh-traiteur.com,no,,,,0,,freshtraiteurnancy@gmail.com,showing_email_candidates,not_flagged,contact_pages,,,,,,valid=0; invalid=0; risky=0; unknown=0
5152,>30M,altosplaza.com,yes,,,,0,,,no_public_email_found,not_flagged,contact_pages,,,,,,valid=0; invalid=0; risky=0; unknown=0
5153,>30M,nesvquez.com,yes,,,https://jdoragved4n.typeform.com/to/F11FBrvM,0,,nes@mindonbillions.com,showing_email_candidates,not_flagged,contact_pages,,,,,,valid=0; invalid=0; risky=0; unknown=0
5154,>30M,krausremodeling.com,no,,,,0,,info@krausremodeling.com,showing_email_candidates,not_flagged,contact_pages,info@krausremodeling.com,,,,info@krausremodeling.com,valid=0; invalid=0; risky=0; unknown=1
5155,>30M,dataimpulse.com,no,,,,0,,info@dataimpulse.com,showing_email_candidates,not_flagged,contact_pages,info@dataimpulse.com,,,,info@dataimpulse.com,valid=0; invalid=0; risky=0; unknown=1
5156,>30M,dominionloan.com,yes,,,https://ygo9yxw785d.typeform.com/to/EP2UpWrw ; https://ygo9yxw785d.typeform.com/to/Jn2FVIMB,0,,smith@dominionloan.com,showing_email_candidates,not_flagged,contact_pages,,,,,,valid=0; invalid=0; risky=0; unknown=0
5157,>30M,espace9.ca,yes,,,https://aswqlcquge0.typeform.com/to/GzEasUlo ; https://aswqlcquge0.typeform.com/to/nsuH7lWx,0,,info@espace9.ca,showing_email_candidates,not_flagged,contact_pages,info@espace9.ca,,,,info@espace9.ca,valid=0; invalid=0; risky=0; unknown=1
5158,>30M,yourbp.net,yes,,,https://embed.typeform.com/ ; https://terq1crbl4k.typeform.com/to/JpHn8JlG,0,,,no_public_email_found,not_flagged,contact_pages,,,,,,valid=0; invalid=0; risky=0; unknown=0
5159,>30M,makineosb.org,yes,,,,0,,,no_public_email_found,not_flagged,contact_pages,,,,,,valid=0; invalid=0; risky=0; unknown=0
5160,>30M,mybrushdental.com,yes,,,https://embed.typeform.com/ ; https://revupgroup.typeform.com/to/XHlMw7CT,0,,frontdesk@mybrushdental.com,showing_email_candidates,not_flagged,contact_pages,,,,,,valid=0; invalid=0; risky=0; unknown=0
5161,>30M,superfantastik.com,yes,,,https://embed.typeform.com/ ; https://form.typeform.com/to/OH0otNmc,0,,hello@superfantastik.com ; info@superfantastik.com,showing_email_candidates,not_flagged,contact_pages,hello@superfantastik.com ; info@superfantastik.com,hello@superfantastik.com,,,info@superfantastik.com,valid=1; invalid=0; risky=0; unknown=1
5162,>30M,maron-pharma.com,no,,,,0,,,no_public_email_found,not_flagged,contact_pages,,,,,,valid=0; invalid=0; risky=0; unknown=0
5163,>30M,lockridge.net,yes,,,,0,,,no_public_email_found,not_flagged,contact_pages,,,,,,valid=0; invalid=0; risky=0; unknown=0
5164,>30M,michealoneill.com,no,,,,0,,asset-1@250-100x100.png ; asset-1@250.png,showing_email_candidates,not_flagged,contact_pages,,,,,,valid=0; invalid=0; risky=0; unknown=0
5165,>30M,bureauworks.com,no,,,,0,,,no_public_email_found,not_flagged,contact_pages,,,,,,valid=0; invalid=0; risky=0; unknown=0
5166,>30M,excellentsurvey.com,no,,,,0,,,no_public_email_found,not_flagged,contact_pages,,,,,,valid=0; invalid=0; risky=0; unknown=0
5167,>30M,1volet.com,no,,,https://images.typeform.com/,0,,,no_public_email_found,not_flagged,contact_pages,,,,,,valid=0; invalid=0; risky=0; unknown=0
5168,>30M,bandmmonuments.com,no,,,,0,,,no_public_email_found,not_flagged,contact_pages,,,,,,valid=0; invalid=0; risky=0; unknown=0
5169,>30M,carolebruno.com.br,no,,,,0,,,no_public_email_found,not_flagged,contact_pages,,,,,,valid=0; invalid=0; risky=0; unknown=0
5170,>30M,commercialmortgagehelp.com,no,,,https://embed.typeform.com/,0,,contact@commercialmortgagehelp.com,showing_email_candidates,not_flagged,contact_pages,contact@commercialmortgagehelp.com,contact@commercialmortgagehelp.com,,,,valid=1; invalid=0; risky=0; unknown=0
5171,>30M,techlicity.com,yes,,,,0,,,no_public_email_found,not_flagged,contact_pages,,,,,,valid=0; invalid=0; risky=0; unknown=0
5172,>30M,taiwanmacula.org,no,,,,0,,,no_public_email_found,not_flagged,contact_pages,,,,,,valid=0; invalid=0; risky=0; unknown=0
5173,>30M,sumoprod.com,yes,,,https://au2vqv12u2v.typeform.com/to/pA4yz7MU,0,,,no_public_email_found,not_flagged,contact_pages,,,,,,valid=0; invalid=0; risky=0; unknown=0
5174,>30M,homecomfortclub.com,no,,,,0,,,no_public_email_found,not_flagged,contact_pages,,,,,,valid=0; invalid=0; risky=0; unknown=0
5175,>30M,shipsbells.info,yes,,,https://mikeconnor2.typeform.com/to/tb7LU5,0,,,no_public_email_found,not_flagged,contact_pages,,,,,,valid=0; invalid=0; risky=0; unknown=0
5176,>30M,albahealth.com,yes,,,,0,,,no_public_email_found,not_flagged,contact_pages,,,,,,valid=0; invalid=0; risky=0; unknown=0
5177,>30M,outfestperu.org,no,,,,0,,,no_public_email_found,not_flagged,contact_pages,,,,,,valid=0; invalid=0; risky=0; unknown=0
5178,>30M,claytonhopkins.com,no,,,,0,,cehopkins@gmail.com,showing_email_candidates,not_flagged,contact_pages,,,,,,valid=0; invalid=0; risky=0; unknown=0
5179,>30M,vendingexchange.com,no,,,,0,,,no_public_email_found,not_flagged,contact_pages,,,,,,valid=0; invalid=0; risky=0; unknown=0
5180,>30M,mumsmeal.com,yes,,,https://form.typeform.com/to/Ejgi7PoL,0,,,no_public_email_found,not_flagged,contact_pages,,,,,,valid=0; invalid=0; risky=0; unknown=0
5181,>30M,immunologyla.com,no,,,,0,,christophe@vfairs.com ; immunologyla@csmc.edu,showing_email_candidates,not_flagged,contact_pages,,,,,,valid=0; invalid=0; risky=0; unknown=0
5182,>30M,imcintertech.com,no,,,,0,,sales@imcintertech.com,showing_email_candidates,not_flagged,contact_pages,sales@imcintertech.com,,,,sales@imcintertech.com,valid=0; invalid=0; risky=0; unknown=1
5183,>30M,liroad.com,yes,,,https://7va5hcp5ani.typeform.com/to/aLs5Rk0X,0,,,no_public_email_found,not_flagged,contact_pages,,,,,,valid=0; invalid=0; risky=0; unknown=0
5184,>30M,skbmuseum.com,yes,,,https://skbart.typeform.com/to/ux0nhIOk,0,,,no_public_email_found,not_flagged,contact_pages,,,,,,valid=0; invalid=0; risky=0; unknown=0
5185,>30M,rtosmart.com,yes,,,https://sd23h237epy.typeform.com/to/MfL8NE0H,0,,support@rtosmart.com,showing_email_candidates,not_flagged,contact_pages,support@rtosmart.com,,,,support@rtosmart.com,valid=0; invalid=0; risky=0; unknown=1
5186,>30M,gabbiaservices.com,yes,,,https://gabbiaservices.typeform.com/to/CcrlNT,0,,booking@gabbiaservices.com ; gabbiaservices@gmail.com ; info@gabbiaservices.com ; logotipo-black@1x.png ; logotipo-black@2x.png ; logotipo-white@1x.png ; logotipo-white@2x.png,showing_email_candidates,not_flagged,contact_pages,booking@gabbiaservices.com ; info@gabbiaservices.com,,booking@gabbiaservices.com,,info@gabbiaservices.com,valid=0; invalid=1; risky=0; unknown=1
5187,>30M,piknpak.com,no,,,,0,,,no_public_email_found,not_flagged,contact_pages,,,,,,valid=0; invalid=0; risky=0; unknown=0
5188,>30M,brightstardigital.com,yes,,,https://eggf6vkrcyp.typeform.com/to/Y6lVsvWr,0,,info@brightstardigital.com,showing_email_candidates,not_flagged,contact_pages,info@brightstardigital.com,,,,info@brightstardigital.com,valid=0; invalid=0; risky=0; unknown=1
5189,>30M,investapex.com,no,,,,0,,,no_public_email_found,not_flagged,contact_pages,,,,,,valid=0; invalid=0; risky=0; unknown=0
5190,>30M,vandervalkhotelutrecht.com,no,,,,0,,,no_public_email_found,not_flagged,contact_pages,,,,,,valid=0; invalid=0; risky=0; unknown=0
5191,>30M,singerspoint.com,no,,,,0,,,no_public_email_found,not_flagged,contact_pages,,,,,,valid=0; invalid=0; risky=0; unknown=0
5192,>30M,acmeelectricalservices.com,no,,,,0,,acmeelectric2263@aol.com,showing_email_candidates,not_flagged,contact_pages,,,,,,valid=0; invalid=0; risky=0; unknown=0
5193,>30M,kumo.su,no,,,,0,,,no_public_email_found,not_flagged,contact_pages,,,,,,valid=0; invalid=0; risky=0; unknown=0
5194,>30M,rtxb.net,yes,,,https://edp58frmj7d.typeform.com/to/oSfL4uF9 ; https://edp58frmj7d.typeform.com/to/zIcLShGO,0,,office@r-vienna.com ; r.sbg@tattootermin.com,showing_email_candidates,not_flagged,contact_pages,,,,,,valid=0; invalid=0; risky=0; unknown=0
5195,>30M,mimabs.com,yes,,,https://form.typeform.com/to/TWhUfsNE,0,,mimabscontact@mail.com,showing_email_candidates,not_flagged,contact_pages,,,,,,valid=0; invalid=0; risky=0; unknown=0
5196,>30M,kusitraining.com,yes,,,https://76427dp8a2c.typeform.com/to/BFu7QSiz,0,,jfox@kusitraining.com,showing_email_candidates,not_flagged,contact_pages,,,,,,valid=0; invalid=0; risky=0; unknown=0
5197,>30M,tretato.com,yes,,,https://form.typeform.com/to/cyTFYerD,0,,,no_public_email_found,not_flagged,contact_pages,,,,,,valid=0; invalid=0; risky=0; unknown=0
5198,>30M,dynamicformbuilder.com,no,,,,0,,hello@dynamicformbuilder.com,showing_email_candidates,not_flagged,contact_pages,hello@dynamicformbuilder.com,,hello@dynamicformbuilder.com,,,valid=0; invalid=1; risky=0; unknown=0
5199,>30M,kyperioandimplant.com,no,,,,0,,bootstrap-icons@1.5.0 ; bootstrap@5.3.0,showing_email_candidates,not_flagged,contact_pages,,,,,,valid=0; invalid=0; risky=0; unknown=0
5200,>30M,victronenergy.us,no,,,,0,,,no_public_email_found,not_flagged,contact_pages,,,,,,valid=0; invalid=0; risky=0; unknown=0
5201,>30M,edicionlimitada.com.ar,no,,,,0,,,no_public_email_found,not_flagged,contact_pages,,,,,,valid=0; invalid=0; risky=0; unknown=0
5202,>30M,presentation-coach.com,yes,,,,0,,jsteinz@skillday.com,showing_email_candidates,not_flagged,contact_pages,,,,,,valid=0; invalid=0; risky=0; unknown=0
5203,>30M,coconutfunding.com,yes,,,https://domore.typeform.com/to/mPpAYB ; https://embed.typeform.com/,0,,,no_public_email_found,not_flagged,contact_pages,,,,,,valid=0; invalid=0; risky=0; unknown=0
5204,>30M,honeycomb-labs.com,yes,,,,0,,hello@honeycomb-labs.com,showing_email_candidates,not_flagged,contact_pages,hello@honeycomb-labs.com,hello@honeycomb-labs.com,,,,valid=1; invalid=0; risky=0; unknown=0
5205,>30M,madrybiznes.com,no,,,,0,,kontak@kobietazarabia.com ; kontakt@kobietazarabia.com,showing_email_candidates,not_flagged,contact_pages,,,,,,valid=0; invalid=0; risky=0; unknown=0
5206,>30M,urgentcaremarketing.com,yes,,,,0,,,no_public_email_found,not_flagged,contact_pages,,,,,,valid=0; invalid=0; risky=0; unknown=0
5207,>30M,thetravelersclub.org,yes,,,https://form.typeform.com/to/MPd84Z0A,0,,hola.travelers@gmail.com ; thetravelersclub.es@gmail.com,showing_email_candidates,not_flagged,contact_pages,,,,,,valid=0; invalid=0; risky=0; unknown=0
5208,>30M,elkeclarke.com,yes,,,https://teamclarke.typeform.com/to/hcl9TV1f ; https://teamclarke.typeform.com/to/xAzYRQlG,0,,info@elkeclarke.com,showing_email_candidates,not_flagged,contact_pages,info@elkeclarke.com,,,,info@elkeclarke.com,valid=0; invalid=0; risky=0; unknown=1
5209,>30M,relopet.com,no,,,,0,,,no_public_email_found,not_flagged,contact_pages,,,,,,valid=0; invalid=0; risky=0; unknown=0
5210,>30M,palmers.se,yes,,,https://mezn3fnpm5p.typeform.com/to/WrmKSMSi,0,,info@palmerfriskvard.se,showing_email_candidates,not_flagged,contact_pages,,,,,,valid=0; invalid=0; risky=0; unknown=0
5211,>30M,marianaraphael.com.br,no,,,,0,,,no_public_email_found,not_flagged,contact_pages,,,,,,valid=0; invalid=0; risky=0; unknown=0
5212,>30M,escenografia.org,yes,,,https://form.typeform.com/to/xDcC4Uov,0,,adriana_@felipe-mena-480x480.jpg ; adriana_@felipe-mena.jpg ; escenografs@gmail.com,showing_email_candidates,not_flagged,contact_pages,,,,,,valid=0; invalid=0; risky=0; unknown=0
5213,>30M,lawyerrush.com,no,,,,0,,,no_public_email_found,not_flagged,contact_pages,,,,,,valid=0; invalid=0; risky=0; unknown=0
5214,>30M,courtneyprosser.com,yes,,,,0,,,no_public_email_found,not_flagged,contact_pages,,,,,,valid=0; invalid=0; risky=0; unknown=0
5215,>30M,okdc.com,no,,,https://n2l51kpha3m.typeform.com/,0,,,no_public_email_found,not_flagged,contact_pages,,,,,,valid=0; invalid=0; risky=0; unknown=0
5216,>30M,apideveloperweekly.com,yes,,,https://embed.typeform.com/ ; https://launchany.typeform.com/to/Vhg3WE,0,,info@launchany.com,showing_email_candidates,not_flagged,contact_pages,,,,,,valid=0; invalid=0; risky=0; unknown=0
5217,>30M,portugalconcierge.com,yes,,,https://form.typeform.com/to/LKGZWyim,0,,,no_public_email_found,not_flagged,contact_pages,,,,,,valid=0; invalid=0; risky=0; unknown=0
5218,>30M,raghavsuri.com,yes,,,https://hgo6wbq8rp0.typeform.com/to/HWHZYxnB,0,,,no_public_email_found,not_flagged,contact_pages,,,,,,valid=0; invalid=0; risky=0; unknown=0
5219,>30M,voltsafe.com,no,,,,0,,bootstrap@5.3.2 ; invest@voltsafe.com ; media@voltsafe.com ; sales@voltsafe.com ; shipping@voltsafe.com ; support@voltsafe.com,showing_email_candidates,not_flagged,contact_pages,media@voltsafe.com ; sales@voltsafe.com ; support@voltsafe.com,,,,media@voltsafe.com ; sales@voltsafe.com ; support@voltsafe.com,valid=0; invalid=0; risky=0; unknown=3
5220,>30M,clear-gate.com,no,,,,0,,,no_public_email_found,not_flagged,contact_pages,,,,,,valid=0; invalid=0; risky=0; unknown=0
5221,>30M,onecollective.org,no,,,,0,,sitenavreplacer@1.1,showing_email_candidates,not_flagged,contact_pages,,,,,,valid=0; invalid=0; risky=0; unknown=0
5222,>30M,zella.info,yes,,,,0,,,no_public_email_found,not_flagged,contact_pages,,,,,,valid=0; invalid=0; risky=0; unknown=0
5223,>30M,fallowfielddental.com,yes,,,https://embed.typeform.com/ ; https://revupgroup.typeform.com/to/xMF7naWE,0,,info@fallowfielddental.com,showing_email_candidates,not_flagged,contact_pages,info@fallowfielddental.com,,,,info@fallowfielddental.com,valid=0; invalid=0; risky=0; unknown=1
5224,>30M,goodboystudios.com,no,,,,0,,,no_public_email_found,not_flagged,contact_pages,,,,,,valid=0; invalid=0; risky=0; unknown=0
5225,>30M,churchrenew.org,yes,,,https://imaginech.typeform.com/ ; https://imaginech.typeform.com/to/LjfESBCG,0,,info@churchrenew.org,showing_email_candidates,not_flagged,contact_pages,info@churchrenew.org,,,,info@churchrenew.org,valid=0; invalid=0; risky=0; unknown=1
5226,>30M,theurbanindigo.com,yes,,,https://theurbanindigo.typeform.com/to/IylxAh1m ; https://theurbanindigo.typeform.com/to/WJkmf0Ja,0,,,no_public_email_found,not_flagged,contact_pages,,,,,,valid=0; invalid=0; risky=0; unknown=0
5227,>30M,asapcreditrepairusa.com,yes,,,https://asapform.typeform.com/to/gLkrVDzc ; https://asapform.typeform.com/to/WH85XT,0,,accounts@asapcreditrepairusa.com ; affiliates@asapcreditrepairusa.com ; bootstrap-icons@1.9.1 ; bootstrap@5.2.1 ; bootstrap@5.2.3 ; core@2.11.6 ; info@asapcreditrepairusa.com ; teamelite@asapcreditrepairusa.com,showing_email_candidates,not_flagged,contact_pages,info@asapcreditrepairusa.com,,,,info@asapcreditrepairusa.com,valid=0; invalid=0; risky=0; unknown=1
5228,>30M,duskin-hachiman.com,no,,,,0,,,no_public_email_found,not_flagged,contact_pages,,,,,,valid=0; invalid=0; risky=0; unknown=0
5229,>30M,ekonomernasdagar.com,no,,,,0,,corporate@ekonomernasdagar.com ; logistics@ekonomernasdagar.com ; marketing@ekonomernasdagar.com ; projectleader@ekonomernasdagar.com ; sponsorship@ekonomernasdagar.com,showing_email_candidates,not_flagged,contact_pages,marketing@ekonomernasdagar.com,,,,marketing@ekonomernasdagar.com,valid=0; invalid=0; risky=0; unknown=1
5230,>30M,vdlbelgium.com,no,,,,0,,info@vdlbelgium.com,showing_email_candidates,not_flagged,contact_pages,info@vdlbelgium.com,,,,info@vdlbelgium.com,valid=0; invalid=0; risky=0; unknown=1
5231,>30M,miecor.com,yes,,,,0,,,no_public_email_found,not_flagged,contact_pages,,,,,,valid=0; invalid=0; risky=0; unknown=0
5232,>30M,chinafulfillment.com,yes,,,https://commercive.typeform.com/to/XSuSP8eT,0,,,no_public_email_found,not_flagged,contact_pages,,,,,,valid=0; invalid=0; risky=0; unknown=0
5233,>30M,neoderma.eu,yes,,,https://neoderma.typeform.com/to/seBG4QVV,0,,,no_public_email_found,not_flagged,contact_pages,,,,,,valid=0; invalid=0; risky=0; unknown=0
5234,>30M,apical.org,yes,,,https://getapical.typeform.com/to/dkPmvLIz,0,,photoswipe@5.4.4 ; swiper@11.0.3,showing_email_candidates,not_flagged,contact_pages,,,,,,valid=0; invalid=0; risky=0; unknown=0
5235,>30M,coliveworking.com,yes,,,,0,,,no_public_email_found,not_flagged,contact_pages,,,,,,valid=0; invalid=0; risky=0; unknown=0
5236,>30M,physicians-voice.com,no,,,,0,,contact@sansoxygen.com,showing_email_candidates,not_flagged,contact_pages,,,,,,valid=0; invalid=0; risky=0; unknown=0
5237,>30M,laser-lift.com,no,,,https://embed.typeform.com/,0,,info@biolitec.de ; info@biolitec.deinternet,showing_email_candidates,not_flagged,contact_pages,,,,,,valid=0; invalid=0; risky=0; unknown=0
5238,>30M,datadrivenmarketing.co,yes,,,https://ddmarketing.typeform.com/to/eF4fzA2J ; https://ddmarketing.typeform.com/to/lNPrpLqY,0,,,no_public_email_found,not_flagged,contact_pages,,,,,,valid=0; invalid=0; risky=0; unknown=0
5239,>30M,monicalogani.com,no,,,https://outsideinmusic.typeform.com/to/WKMT4u,0,,,no_public_email_found,not_flagged,contact_pages,,,,,,valid=0; invalid=0; risky=0; unknown=0
5240,>30M,dcampoy.com,yes,,,https://derzoko.typeform.com/to/z2Ecoq76,0,,aos@2.3.1,showing_email_candidates,not_flagged,contact_pages,,,,,,valid=0; invalid=0; risky=0; unknown=0
5241,>30M,collecto.be,yes,,,https://jrj5h89u1uv.typeform.com/to/O6YPgGP6,0,,,no_public_email_found,not_flagged,contact_pages,,,,,,valid=0; invalid=0; risky=0; unknown=0
5242,>30M,webmannen.nl,no,,,,0,,,no_public_email_found,not_flagged,contact_pages,,,,,,valid=0; invalid=0; risky=0; unknown=0
5243,>30M,moneymindsets.com,yes,,,https://form.typeform.com/to/K0aJd1h0,0,,,no_public_email_found,not_flagged,contact_pages,,,,,,valid=0; invalid=0; risky=0; unknown=0
5244,>30M,lillianlabs.com,no,,,,0,,,no_public_email_found,not_flagged,contact_pages,,,,,,valid=0; invalid=0; risky=0; unknown=0
5245,>30M,royalcrestdentistry.com,yes,,,https://embed.typeform.com/ ; https://revupgroup.typeform.com/to/SNJqdG,0,,info@royalcrestdentistry.com,showing_email_candidates,not_flagged,contact_pages,info@royalcrestdentistry.com,,,,info@royalcrestdentistry.com,valid=0; invalid=0; risky=0; unknown=1
5246,>30M,sueciacarmorelos.com,no,,,https://images.typeform.com/,0,,nombre@dominio.com,showing_email_candidates,not_flagged,contact_pages,,,,,,valid=0; invalid=0; risky=0; unknown=0
5247,>30M,edgarlowe.com,no,,,,0,,,no_public_email_found,not_flagged,contact_pages,,,,,,valid=0; invalid=0; risky=0; unknown=0
5248,>30M,andyhansen.com,no,,,,0,,,no_public_email_found,not_flagged,contact_pages,,,,,,valid=0; invalid=0; risky=0; unknown=0
5249,>30M,keepingamericacool.com,yes,,,https://form.typeform.com/to/xjVcSSby,0,,example@email.com ; keepingamericacool@gmail.com ; serviceorders@mcs-services.com,showing_email_candidates,not_flagged,contact_pages,,,,,,valid=0; invalid=0; risky=0; unknown=0
5250,>30M,everybabywell.com,yes,,,https://mr15mwx6qnd.typeform.com/to/th0ix9WX,0,,,no_public_email_found,not_flagged,contact_pages,,,,,,valid=0; invalid=0; risky=0; unknown=0
5251,>30M,thedigitalbubble.com,no,,,,0,,,no_public_email_found,not_flagged,contact_pages,,,,,,valid=0; invalid=0; risky=0; unknown=0
5252,>30M,cellaride.org,yes,,,https://form.typeform.com/to/sAUQwi,0,,popper.js@1.16.0 ; support@cellaride.com,showing_email_candidates,not_flagged,contact_pages,,,,,,valid=0; invalid=0; risky=0; unknown=0
5253,>30M,jaredtrask.com,no,,,,0,,,no_public_email_found,not_flagged,contact_pages,,,,,,valid=0; invalid=0; risky=0; unknown=0
5254,>30M,bigsem.com,no,,,,0,,info@bigseo.com,showing_email_candidates,not_flagged,contact_pages,,,,,,valid=0; invalid=0; risky=0; unknown=0
5255,>30M,lojamineira.com.br,no,,,,0,,,no_public_email_found,not_flagged,contact_pages,,,,,,valid=0; invalid=0; risky=0; unknown=0
5256,>30M,eastcoastinsurancegroup.com,yes,,,https://form.typeform.com/to/DmKXll5o,0,,caleb@theinsuranceagency.us,showing_email_candidates,not_flagged,contact_pages,,,,,,valid=0; invalid=0; risky=0; unknown=0
5257,>30M,gorof.com,no,,,,0,,hello@gorof.com,showing_email_candidates,not_flagged,contact_pages,hello@gorof.com,hello@gorof.com,,,,valid=1; invalid=0; risky=0; unknown=0
5258,>30M,toniclife.com,yes,,,,0,,,no_public_email_found,not_flagged,contact_pages,,,,,,valid=0; invalid=0; risky=0; unknown=0
5259,>30M,notaprogrammer.com,yes,,,https://info173575.typeform.com/to/CMVuZc56,0,,,no_public_email_found,not_flagged,contact_pages,,,,,,valid=0; invalid=0; risky=0; unknown=0
5260,>30M,villavox.com,no,,,https://embed.typeform.com/,0,,,no_public_email_found,not_flagged,contact_pages,,,,,,valid=0; invalid=0; risky=0; unknown=0
5261,>30M,lifecoachkristin.com,no,,,,0,,kristin@lifecoachkristin.com,showing_email_candidates,not_flagged,contact_pages,,,,,,valid=0; invalid=0; risky=0; unknown=0
5262,>30M,udito.info,yes,,,,0,,,no_public_email_found,not_flagged,contact_pages,,,,,,valid=0; invalid=0; risky=0; unknown=0
5263,>30M,fieldeo.com,no,,,,0,,info@fieldeo.com ; sales@fieldeo.com,showing_email_candidates,not_flagged,contact_pages,info@fieldeo.com ; sales@fieldeo.com,,,,info@fieldeo.com ; sales@fieldeo.com,valid=0; invalid=0; risky=0; unknown=2
5264,>30M,patriklundin.com,no,,,,0,,,no_public_email_found,not_flagged,contact_pages,,,,,,valid=0; invalid=0; risky=0; unknown=0
5265,>30M,permaconstruction.ca,yes,,,,0,,,no_public_email_found,not_flagged,contact_pages,,,,,,valid=0; invalid=0; risky=0; unknown=0
5266,>30M,afnweb.com,no,,,,0,,mail@example.com,showing_email_candidates,not_flagged,contact_pages,,,,,,valid=0; invalid=0; risky=0; unknown=0
5267,>30M,spd-remshalden.de,no,,,https://form.typeform.com/,0,,arminwiesner@online.de,showing_email_candidates,not_flagged,contact_pages,,,,,,valid=0; invalid=0; risky=0; unknown=0
5268,>30M,bloodlinehockey.com,yes,,,https://admin.typeform.com/ ; https://embed.typeform.com/ ; https://form.typeform.com/to/TKiYTFts,0,,,no_public_email_found,not_flagged,contact_pages,,,,,,valid=0; invalid=0; risky=0; unknown=0
5269,>30M,skinsavant.com,yes,,,https://96s772wn5oh.typeform.com/to/s0dnWETh,0,,info@skinsavant.com,showing_email_candidates,not_flagged,contact_pages,info@skinsavant.com,,,,info@skinsavant.com,valid=0; invalid=0; risky=0; unknown=1
5270,>30M,parcblu.com,yes,,,https://0b3opus3k53.typeform.com/to/SLs2GNEl,0,,concierge@parcblu.com,showing_email_candidates,not_flagged,contact_pages,,,,,,valid=0; invalid=0; risky=0; unknown=0
5271,>30M,segurosparatusalud.com,no,,,https://admin.typeform.com/,0,,,no_public_email_found,not_flagged,contact_pages,,,,,,valid=0; invalid=0; risky=0; unknown=0
5272,>30M,prismonde.com,no,,,,0,,,no_public_email_found,not_flagged,contact_pages,,,,,,valid=0; invalid=0; risky=0; unknown=0
5273,>30M,qevka.com,yes,,,https://embed.typeform.com/ ; https://maccarone1989.typeform.com/to/HpPGFE,0,,,no_public_email_found,not_flagged,contact_pages,,,,,,valid=0; invalid=0; risky=0; unknown=0
5274,>30M,shillerbutton.com,yes,,,,0,,,no_public_email_found,not_flagged,contact_pages,,,,,,valid=0; invalid=0; risky=0; unknown=0
5275,>30M,southcarolinasocialsecurity.com,no,,,,0,,,no_public_email_found,not_flagged,contact_pages,,,,,,valid=0; invalid=0; risky=0; unknown=0
5276,>30M,humanaelitterae.com,no,,,,0,,,no_public_email_found,not_flagged,contact_pages,,,,,,valid=0; invalid=0; risky=0; unknown=0
5277,>30M,agricolapisciotta.it,yes,,,https://9dvnyhkkns1.typeform.com/to/gXcJzMXZ,0,,amm.riscontro@agricolapisciotta.it ; export@agricolapisciotta.it ; info@agricolapisciotta.it ; vendite@agricolapisciotta.it,showing_email_candidates,not_flagged,contact_pages,info@agricolapisciotta.it,,info@agricolapisciotta.it,,,valid=0; invalid=1; risky=0; unknown=0
5278,>30M,timetosparkle.nl,no,,,https://embed.typeform.com/ ; https://images.typeform.com/,0,,artboard-72@3x-100x100.png ; artboard-72@3x-1022x1024.png ; artboard-72@3x-1320x1322.png ; artboard-72@3x-150x150.png ; artboard-72@3x-1534x1536.png ; artboard-72@3x-300x300.png ; artboard-72@3x-600x601.png ; artboard-72@3x-768x769.png ; artboard-72@3x.png ; info@timetosparkle.nl,showing_email_candidates,not_flagged,contact_pages,info@timetosparkle.nl,,,,info@timetosparkle.nl,valid=0; invalid=0; risky=0; unknown=1
5279,>30M,theoriesofchange.org,yes,,,https://a9n8faflzw5.typeform.com/to/DQ2TagFP,0,,info@theoriesofchange.org,showing_email_candidates,not_flagged,contact_pages,info@theoriesofchange.org,,,,info@theoriesofchange.org,valid=0; invalid=0; risky=0; unknown=1
5280,>30M,boutiquenames.com,no,,,,0,,,no_public_email_found,not_flagged,contact_pages,,,,,,valid=0; invalid=0; risky=0; unknown=0
5281,>30M,redefiningthefutureyou.com,yes,,,,0,,,no_public_email_found,not_flagged,contact_pages,,,,,,valid=0; invalid=0; risky=0; unknown=0
5282,>30M,yourzenpath.com,yes,,,,0,,,no_public_email_found,not_flagged,contact_pages,,,,,,valid=0; invalid=0; risky=0; unknown=0
5283,>30M,mylakesidedentist.com,no,,,https://embed.typeform.com/,0,,boosters-before-after-slider@1.0.1 ; slick-carousel@1.8.1,showing_email_candidates,not_flagged,contact_pages,,,,,,valid=0; invalid=0; risky=0; unknown=0
5284,>30M,voiceofhotels.com,yes,,,,0,,,no_public_email_found,not_flagged,contact_pages,,,,,,valid=0; invalid=0; risky=0; unknown=0
5285,>30M,brocbarton.com,yes,,,https://elevateentertainment.typeform.com/to/phrXd1XE,0,,hello@brocbarton.com,showing_email_candidates,not_flagged,contact_pages,hello@brocbarton.com,hello@brocbarton.com,,,,valid=1; invalid=0; risky=0; unknown=0
5286,>30M,naivety.net,no,,,,0,,,no_public_email_found,not_flagged,contact_pages,,,,,,valid=0; invalid=0; risky=0; unknown=0
5287,>30M,halizabatik.com,no,,,,0,,,no_public_email_found,not_flagged,contact_pages,,,,,,valid=0; invalid=0; risky=0; unknown=0
5288,>30M,aitorhernandez.es,no,,,,0,,aitorhernandez.es@gmail.com,showing_email_candidates,not_flagged,contact_pages,,,,,,valid=0; invalid=0; risky=0; unknown=0
5289,>30M,marylandsocialsecurity.com,no,,,,0,,,no_public_email_found,not_flagged,contact_pages,,,,,,valid=0; invalid=0; risky=0; unknown=0
5290,>30M,sleepand.me,no,,,https://embed.typeform.com/,0,,,no_public_email_found,not_flagged,contact_pages,,,,,,valid=0; invalid=0; risky=0; unknown=0
5291,>30M,villayogyakarta.com,no,,,,0,,,no_public_email_found,not_flagged,contact_pages,,,,,,valid=0; invalid=0; risky=0; unknown=0
5292,>30M,infrapass.com,yes,,,,0,,,no_public_email_found,not_flagged,contact_pages,,,,,,valid=0; invalid=0; risky=0; unknown=0
5293,>30M,internationalshooter.com,yes,,,https://internationalshooter.typeform.com/to/EsZQj6Us ; https://internationalshooter.typeform.com/to/VuBxpuvK ; https://www.typeform.com/,0,,,no_public_email_found,not_flagged,contact_pages,,,,,,valid=0; invalid=0; risky=0; unknown=0
5294,>30M,kellyerafael.com.br,no,,,,0,,,no_public_email_found,not_flagged,contact_pages,,,,,,valid=0; invalid=0; risky=0; unknown=0
5295,>30M,drbgroep.nl,yes,,,https://form.typeform.com/to/u7bj6RUr,0,,arnold@drbgroep.nl ; researchlegal@drbgroep.nl,showing_email_candidates,not_flagged,contact_pages,,,,,,valid=0; invalid=0; risky=0; unknown=0
5296,>30M,tarteebak.com,yes,,,,0,,,no_public_email_found,not_flagged,contact_pages,,,,,,valid=0; invalid=0; risky=0; unknown=0
5297,>30M,6figurefitness.com,no,,,,0,,support@6figurefitness.com,showing_email_candidates,not_flagged,contact_pages,support@6figurefitness.com,,,,support@6figurefitness.com,valid=0; invalid=0; risky=0; unknown=1
5298,>30M,thetoyfather.com,yes,,,https://lightspeed-commerce.typeform.com/to/g1vcP7FR,0,,example@email.com ; john.doe@email.com,showing_email_candidates,not_flagged,contact_pages,,,,,,valid=0; invalid=0; risky=0; unknown=0
5299,>30M,3rs.org,yes,,,https://advocates.typeform.com/to/LdRQWNdb,0,,,no_public_email_found,not_flagged,contact_pages,,,,,,valid=0; invalid=0; risky=0; unknown=0
5300,>30M,pintarte.com.br,no,,,,0,,,no_public_email_found,not_flagged,contact_pages,,,,,,valid=0; invalid=0; risky=0; unknown=0
5301,>30M,bigquest.com,yes,,,https://embed.typeform.com/ ; https://form.typeform.com/to/qBxQpeRy,0,,core@3.27.0 ; styles@1.4.1,showing_email_candidates,not_flagged,contact_pages,,,,,,valid=0; invalid=0; risky=0; unknown=0
5302,>30M,formsunlimited.com,no,,,,0,,,no_public_email_found,not_flagged,contact_pages,,,,,,valid=0; invalid=0; risky=0; unknown=0
5303,>30M,aldana.com.br,no,,,https://embed.typeform.com/,0,,exemplo@email.com,showing_email_candidates,not_flagged,contact_pages,,,,,,valid=0; invalid=0; risky=0; unknown=0
5304,>30M,conversion-event.com,no,,,,0,,,no_public_email_found,not_flagged,contact_pages,,,,,,valid=0; invalid=0; risky=0; unknown=0
5305,>30M,maurofitness.com,yes,,,https://msrbjm8crqe.typeform.com/to/bpF9wawK,0,,,no_public_email_found,not_flagged,contact_pages,,,,,,valid=0; invalid=0; risky=0; unknown=0
5306,>30M,airehealth.com,yes,,,,0,,,no_public_email_found,not_flagged,contact_pages,,,,,,valid=0; invalid=0; risky=0; unknown=0
5307,>30M,prosehq.com,yes,,,,0,,,no_public_email_found,not_flagged,contact_pages,,,,,,valid=0; invalid=0; risky=0; unknown=0
5308,>30M,freetechaudit.com,no,,,,0,,,no_public_email_found,not_flagged,contact_pages,,,,,,valid=0; invalid=0; risky=0; unknown=0
5309,>30M,allproelectricinc.net,no,,,,0,,allpro@allproelectricinc.net,showing_email_candidates,not_flagged,contact_pages,,,,,,valid=0; invalid=0; risky=0; unknown=0
5310,>30M,maroonsoundsunlimited.com,yes,,,https://wxhjgswpcmq.typeform.com/to/TapbgUA4,0,,maroonsoundsunlimited@gmail.com,showing_email_candidates,not_flagged,contact_pages,,,,,,valid=0; invalid=0; risky=0; unknown=0
5311,>30M,momologue.net,no,,,,0,,,no_public_email_found,not_flagged,contact_pages,,,,,,valid=0; invalid=0; risky=0; unknown=0
5312,>30M,confidentialcrisis.com,no,,,,0,,,no_public_email_found,not_flagged,contact_pages,,,,,,valid=0; invalid=0; risky=0; unknown=0
5313,>30M,lifeo.de,no,,,,0,,info@lifeo.de ; muster@adresse.de,showing_email_candidates,not_flagged,contact_pages,info@lifeo.de,,,,info@lifeo.de,valid=0; invalid=0; risky=0; unknown=1
5314,>30M,brandscelebritieslove.com,yes,,,,0,,,no_public_email_found,not_flagged,contact_pages,,,,,,valid=0; invalid=0; risky=0; unknown=0
5315,>30M,kanazawanaika-cl.com,no,,,,0,,,no_public_email_found,not_flagged,contact_pages,,,,,,valid=0; invalid=0; risky=0; unknown=0
5316,>30M,referenceur.fr,no,,,https://referenceur.typeform.com/,0,,,no_public_email_found,not_flagged,contact_pages,,,,,,valid=0; invalid=0; risky=0; unknown=0
5317,>30M,loara.com.br,yes,,,https://form.typeform.com/to/ISbM6GQc,0,,,no_public_email_found,not_flagged,contact_pages,,,,,,valid=0; invalid=0; risky=0; unknown=0
5318,>30M,manisha.me,no,,,,0,,events@manisha.me,showing_email_candidates,not_flagged,contact_pages,,,,,,valid=0; invalid=0; risky=0; unknown=0
5319,>30M,oblique.fr,no,,,,0,,contact@oblique.fr,showing_email_candidates,not_flagged,contact_pages,contact@oblique.fr,contact@oblique.fr,,,,valid=1; invalid=0; risky=0; unknown=0
5320,>30M,troop2717.com,no,,,,0,,,no_public_email_found,not_flagged,contact_pages,,,,,,valid=0; invalid=0; risky=0; unknown=0
5321,>30M,joshflorez.com,yes,,,https://form.typeform.com/to/QiWCeVKA,0,,jflo@joshflorez.com,showing_email_candidates,not_flagged,contact_pages,,,,,,valid=0; invalid=0; risky=0; unknown=0
5322,>30M,wanderingplaces.com,yes,,,https://penguinpress.typeform.com/to/qsbn93,0,,,no_public_email_found,not_flagged,contact_pages,,,,,,valid=0; invalid=0; risky=0; unknown=0
5323,>30M,rgbredux.com,yes,,,https://form.typeform.com/to/UxG4mSWR,0,,,no_public_email_found,not_flagged,contact_pages,,,,,,valid=0; invalid=0; risky=0; unknown=0
5324,>30M,celostudio.com,no,,,,0,,,no_public_email_found,not_flagged,contact_pages,,,,,,valid=0; invalid=0; risky=0; unknown=0
5325,>30M,merror.com,yes,,,https://bflv9il41uz.typeform.com/to/He09VdYw ; https://form.typeform.com/to/Rc3MzrJz,0,,hello@merror.live,showing_email_candidates,not_flagged,contact_pages,,,,,,valid=0; invalid=0; risky=0; unknown=0
5326,>30M,canadianpolice.ca,no,,,,0,,,no_public_email_found,not_flagged,contact_pages,,,,,,valid=0; invalid=0; risky=0; unknown=0
5327,>30M,mint-p.com,no,,,,0,,,no_public_email_found,not_flagged,contact_pages,,,,,,valid=0; invalid=0; risky=0; unknown=0
5328,>30M,lake-insurance.com,yes,,,,0,,,no_public_email_found,not_flagged,contact_pages,,,,,,valid=0; invalid=0; risky=0; unknown=0
5329,>30M,stone-craft.com,yes,,,https://form.typeform.com/to/bJyDwOBj ; https://stonecraft.typeform.com/,0,,hello@stone-craft.com ; repairs@stone-craft.com ; sc-fairfield-full@2x.png ; sc-santa-rosa-full@2x.png ; support@stone-craft.com,showing_email_candidates,not_flagged,contact_pages,hello@stone-craft.com ; support@stone-craft.com,,hello@stone-craft.com,,support@stone-craft.com,valid=0; invalid=1; risky=0; unknown=1
5330,>30M,nytta.se,yes,,,https://0sz391qpfos.typeform.com/ ; https://0sz391qpfos.typeform.com/to/RrtibK9N ; https://0sz391qpfos.typeform.com/to/S0ax4jNb,0,,agnes@nytta.se ; alicja@nytta.se ; anna@nytta.se ; antonina@nytta.se ; arsen@nytta.se ; henrik@nytta.se ; ida@nytta.se ; ieva@nytta.se ; ina@nytta.se ; info@nytta.se ; karina@nytta.se ; napora@nytta.se ; natallia@nytta.se ; niklas@nytta.se ; raminta@nytta.se ; soran@nytta.se,showing_email_candidates,not_flagged,contact_pages,info@nytta.se,,,,info@nytta.se,valid=0; invalid=0; risky=0; unknown=1
5331,>30M,roofmatch.com,yes,,,https://form.typeform.com/to/Z3wxgTik,0,,hello@roofmatch.com ; voorbeeld@domein.nl,showing_email_candidates,not_flagged,contact_pages,hello@roofmatch.com,hello@roofmatch.com,,,,valid=1; invalid=0; risky=0; unknown=0
5332,>30M,la-georgette.com,yes,,,https://f846hckjwnz.typeform.com/to/glz2n1rR ; https://f846hckjwnz.typeform.com/to/tCX70h89,0,,,no_public_email_found,not_flagged,contact_pages,,,,,,valid=0; invalid=0; risky=0; unknown=0
5333,>30M,njnyfraternals.org,yes,,,https://gbulife.typeform.com/to/UbOq1Woo,0,,jennifer.stockdale@gbu.org,showing_email_candidates,not_flagged,contact_pages,,,,,,valid=0; invalid=0; risky=0; unknown=0
5334,>30M,brotherhoodofmen.org,no,,,,0,,,no_public_email_found,not_flagged,contact_pages,,,,,,valid=0; invalid=0; risky=0; unknown=0
5335,>30M,remojo.com,no,,,https://form.typeform.com/,0,,,no_public_email_found,not_flagged,contact_pages,,,,,,valid=0; invalid=0; risky=0; unknown=0
5336,>30M,eatprayloveretreat.com,no,,,,0,,,no_public_email_found,not_flagged,contact_pages,,,,,,valid=0; invalid=0; risky=0; unknown=0
5337,>30M,bitcoinhalving.com,no,,,https://embed.typeform.com/,0,,,no_public_email_found,not_flagged,contact_pages,,,,,,valid=0; invalid=0; risky=0; unknown=0
5338,>30M,beearly.com,no,,,https://wkx49xqfqhz.typeform.com/,0,,,no_public_email_found,not_flagged,contact_pages,,,,,,valid=0; invalid=0; risky=0; unknown=0
5339,>30M,humbleleads.com,no,,,,0,,,no_public_email_found,not_flagged,contact_pages,,,,,,valid=0; invalid=0; risky=0; unknown=0
5340,>30M,victronenergie.nl,no,,,,0,,,no_public_email_found,not_flagged,contact_pages,,,,,,valid=0; invalid=0; risky=0; unknown=0
5341,>30M,evadez-vous.fr,yes,,,,0,,contact@evadez-vous.fr,showing_email_candidates,not_flagged,contact_pages,contact@evadez-vous.fr,,contact@evadez-vous.fr,,,valid=0; invalid=1; risky=0; unknown=0
5342,>30M,clubtigers.cz,yes,,,https://y53k03po39j.typeform.com/to/iacPlqQP,0,,jested.tigers@gmail.com,showing_email_candidates,not_flagged,contact_pages,,,,,,valid=0; invalid=0; risky=0; unknown=0
5343,>30M,hackor.org,no,,,https://embed.typeform.com/,0,,bootstrap@4.5.3 ; hello@hackor.org,showing_email_candidates,not_flagged,contact_pages,hello@hackor.org,hello@hackor.org,,,,valid=1; invalid=0; risky=0; unknown=0
5344,>30M,thestartupmanifesto.com,no,,,,0,,,no_public_email_found,not_flagged,contact_pages,,,,,,valid=0; invalid=0; risky=0; unknown=0
5345,>30M,bikky.com,no,,,https://ytl9fnoomp1.typeform.com/,0,,press@bikky.com,showing_email_candidates,not_flagged,contact_pages,press@bikky.com,,,,press@bikky.com,valid=0; invalid=0; risky=0; unknown=1
5346,>30M,linuxhow.net,no,,,,0,,,no_public_email_found,not_flagged,contact_pages,,,,,,valid=0; invalid=0; risky=0; unknown=0
5347,>30M,factorydirectsports.com,no,,,,0,,ajax-loader@2x.gif,showing_email_candidates,not_flagged,contact_pages,,,,,,valid=0; invalid=0; risky=0; unknown=0
5348,>30M,aspenout.com,yes,,,https://form.typeform.com/to/ZDBrf5EL,0,,,no_public_email_found,not_flagged,contact_pages,,,,,,valid=0; invalid=0; risky=0; unknown=0
5349,>30M,empowerenergy.co,yes,,,,0,,,no_public_email_found,not_flagged,contact_pages,,,,,,valid=0; invalid=0; risky=0; unknown=0
5350,>30M,engagedbrands.com,yes,,,,0,,connect@engagedbrands.com ; info.engagedbrands@gmail.com,showing_email_candidates,not_flagged,contact_pages,,,,,,valid=0; invalid=0; risky=0; unknown=0
5351,>30M,socialsecurityillinois.com,no,,,,0,,,no_public_email_found,not_flagged,contact_pages,,,,,,valid=0; invalid=0; risky=0; unknown=0
5352,>30M,nakoso-seikei.com,no,,,,0,,,no_public_email_found,not_flagged,contact_pages,,,,,,valid=0; invalid=0; risky=0; unknown=0
5353,>30M,sofu-e.com,no,,,,0,,,no_public_email_found,not_flagged,contact_pages,,,,,,valid=0; invalid=0; risky=0; unknown=0
5354,>30M,hokaran.com,yes,,,https://hokaran.typeform.com/to/d9Mtc45B ; https://hokaran.typeform.com/to/SDYlfipZ,0,,aos@2.3.1 ; serviceclient@hokaran.fr,showing_email_candidates,not_flagged,contact_pages,,,,,,valid=0; invalid=0; risky=0; unknown=0
5355,>30M,gabrielerafael.com.br,no,,,https://embed.typeform.com/,0,,,no_public_email_found,not_flagged,contact_pages,,,,,,valid=0; invalid=0; risky=0; unknown=0
5356,>30M,idcpns.com,yes,,,https://1y34y7huyt6.typeform.com/to/z6WNr0be,0,,,no_public_email_found,not_flagged,contact_pages,,,,,,valid=0; invalid=0; risky=0; unknown=0
5357,>30M,advaitthakur.com,no,,,,0,,,no_public_email_found,not_flagged,contact_pages,,,,,,valid=0; invalid=0; risky=0; unknown=0
5358,>30M,julianaeguilherme.com.br,no,,,,0,,,no_public_email_found,not_flagged,contact_pages,,,,,,valid=0; invalid=0; risky=0; unknown=0
5359,>30M,artjyubi.com,no,,,,0,,,no_public_email_found,not_flagged,contact_pages,,,,,,valid=0; invalid=0; risky=0; unknown=0
5360,>30M,yourmarketingpartners.com,no,,,,0,,,no_public_email_found,not_flagged,contact_pages,,,,,,valid=0; invalid=0; risky=0; unknown=0
5361,>30M,yuryoropeza.com,no,,,,0,,,no_public_email_found,not_flagged,contact_pages,,,,,,valid=0; invalid=0; risky=0; unknown=0
5362,>30M,atlascabins.com,no,,,,0,,,no_public_email_found,not_flagged,contact_pages,,,,,,valid=0; invalid=0; risky=0; unknown=0
5363,>30M,boatregistrationbvi.com,no,,,,0,,artboard-67@2x.png ; artboard-68@2x.png ; hello@mariflag.com,showing_email_candidates,not_flagged,contact_pages,,,,,,valid=0; invalid=0; risky=0; unknown=0
5364,>30M,ozfilms.de,yes,,,https://jqtxwqfp4hu.typeform.com/to/VEG3zgop,0,,look@ozfilms.de,showing_email_candidates,not_flagged,contact_pages,,,,,,valid=0; invalid=0; risky=0; unknown=0
5365,>30M,getcopper.com,yes,,,,0,,js-cookie@3.0.5 ; partner@getcopper.com ; support@getcopper.com,showing_email_candidates,not_flagged,contact_pages,partner@getcopper.com ; support@getcopper.com,,,,partner@getcopper.com ; support@getcopper.com,valid=0; invalid=0; risky=0; unknown=2
5366,>30M,mightymethod.com,no,,,,0,,,no_public_email_found,not_flagged,contact_pages,,,,,,valid=0; invalid=0; risky=0; unknown=0
5367,>30M,homyhub.com,yes,,,,0,,slick-carousel@1.8.1 ; typed.js@2.1.0,showing_email_candidates,not_flagged,contact_pages,,,,,,valid=0; invalid=0; risky=0; unknown=0
5368,>30M,littlebrandbook.com,yes,,,,0,,,no_public_email_found,not_flagged,contact_pages,,,,,,valid=0; invalid=0; risky=0; unknown=0
5369,>30M,planosdesaude.me,no,,,,0,,,no_public_email_found,not_flagged,contact_pages,,,,,,valid=0; invalid=0; risky=0; unknown=0
5370,>30M,cornerstonefinancing.com,no,,,https://embed.typeform.com/,0,,,no_public_email_found,not_flagged,contact_pages,,,,,,valid=0; invalid=0; risky=0; unknown=0
5371,>30M,localcoworking.com,yes,,,https://form.typeform.com/to/u90fD1eo,0,,,no_public_email_found,not_flagged,contact_pages,,,,,,valid=0; invalid=0; risky=0; unknown=0
5372,>30M,gotribeca.com,no,,,,0,,,no_public_email_found,not_flagged,contact_pages,,,,,,valid=0; invalid=0; risky=0; unknown=0
5373,>30M,brandidentified.com,no,,,,0,,,no_public_email_found,not_flagged,contact_pages,,,,,,valid=0; invalid=0; risky=0; unknown=0
5374,>30M,scfht.ca,yes,,,,0,,info@scfht.ca ; myoung@scfht.ca ; purecss@1.0.0,showing_email_candidates,not_flagged,contact_pages,info@scfht.ca,,,,info@scfht.ca,valid=0; invalid=0; risky=0; unknown=1
5375,>30M,pcdiga.org,no,,,,0,,,no_public_email_found,not_flagged,contact_pages,,,,,,valid=0; invalid=0; risky=0; unknown=0
5376,>30M,complianz.biz,yes,,,https://complianz.typeform.com/to/MfkgMl ; https://embed.typeform.com/,0,,bart.peters@complianz.biz ; elizabeth.ginever@complianz.biz ; info@complianz.biz,showing_email_candidates,not_flagged,contact_pages,info@complianz.biz,,,,info@complianz.biz,valid=0; invalid=0; risky=0; unknown=1
5377,>30M,mommymornings.com,yes,,,https://form.typeform.com/to/Pxt7XXcF,0,,cropped-motivate-circle-pink@2x-180x180.png ; cropped-motivate-circle-pink@2x-192x192.png ; cropped-motivate-circle-pink@2x-270x270.png ; cropped-motivate-circle-pink@2x-32x32.png ; mommy-mornings@2x.png,showing_email_candidates,not_flagged,contact_pages,,,,,,valid=0; invalid=0; risky=0; unknown=0
5378,>30M,goodinvesting.com,yes,,,https://goodinvesting.typeform.com/to/ovjeYT6k,0,,tim@goodinvesting.com,showing_email_candidates,not_flagged,contact_pages,,,,,,valid=0; invalid=0; risky=0; unknown=0
5379,>30M,ritzyyachts.com,no,,,,0,,alexa@sunreef-charter.com ; avegail@sunreef-charter.com ; bookings@pyclearing.com ; ca@ritzycharters.com ; ca@ritzyyachts.com ; calendar@above-deck.com ; calendar@chartercaribe.com ; calendar@horizonyachtcharters.com ; calendar@regencyvacations.com ; charterportbvi@gmail.com ; crewed@fyly.gr ; info@ritzyyachts.com ; newport@nicholsonyachts.com ; u003eescapewithelysian@gmail.com ; yachting@charterportbvi.com,showing_email_candidates,not_flagged,contact_pages,info@ritzyyachts.com,,,,info@ritzyyachts.com,valid=0; invalid=0; risky=0; unknown=1
5380,>30M,qettle.com,no,,,,0,,support@qettle.com,showing_email_candidates,not_flagged,contact_pages,support@qettle.com,,,,support@qettle.com,valid=0; invalid=0; risky=0; unknown=1
5381,>30M,vuur.com,no,,,,0,,,no_public_email_found,not_flagged,contact_pages,,,,,,valid=0; invalid=0; risky=0; unknown=0
5382,>30M,eliteteleservices.com,no,,,,0,,,no_public_email_found,not_flagged,contact_pages,,,,,,valid=0; invalid=0; risky=0; unknown=0
5383,>30M,therightlawyerforyou.com,yes,,,,0,,,no_public_email_found,not_flagged,contact_pages,,,,,,valid=0; invalid=0; risky=0; unknown=0
5384,>30M,avalcapital.com,no,,,,0,,,no_public_email_found,not_flagged,contact_pages,,,,,,valid=0; invalid=0; risky=0; unknown=0
5385,>30M,chattanoogadentistry.com,yes,,,,0,,,no_public_email_found,not_flagged,contact_pages,,,,,,valid=0; invalid=0; risky=0; unknown=0
5386,>30M,rapidassistants.com,no,,,https://7rw30ypyva1.typeform.com/ ; https://7rw30ypyva1.typeform.com/to/iq9M40v8,0,,core@3.27.0 ; hello@rapidassistants.com ; info@domain.com ; styles@1.4.1 ; support@rapidassistants.com ; webmaster@domain.com,showing_email_candidates,not_flagged,contact_pages,hello@rapidassistants.com ; support@rapidassistants.com,hello@rapidassistants.com,,,support@rapidassistants.com,valid=1; invalid=0; risky=0; unknown=1
5387,>30M,wagepage.com,no,,,,0,,,no_public_email_found,not_flagged,contact_pages,,,,,,valid=0; invalid=0; risky=0; unknown=0
5388,>30M,milliganfitness.com,yes,,,,0,,,no_public_email_found,not_flagged,contact_pages,,,,,,valid=0; invalid=0; risky=0; unknown=0
5389,>30M,angellynail.com,no,,,,0,,,no_public_email_found,not_flagged,contact_pages,,,,,,valid=0; invalid=0; risky=0; unknown=0
5390,>30M,alexandreboudreau.com,no,,,,0,,,no_public_email_found,not_flagged,contact_pages,,,,,,valid=0; invalid=0; risky=0; unknown=0
5391,>30M,buccaneerssuites.com,no,,,,0,,,no_public_email_found,not_flagged,contact_pages,,,,,,valid=0; invalid=0; risky=0; unknown=0
5392,>30M,videocheese.com,yes,,,,0,,contact@videocheese.com ; ontact@videocheese.com,showing_email_candidates,not_flagged,contact_pages,contact@videocheese.com,contact@videocheese.com,,,,valid=1; invalid=0; risky=0; unknown=0
5393,>30M,scaleup.fr,no,,,,0,,,no_public_email_found,not_flagged,contact_pages,,,,,,valid=0; invalid=0; risky=0; unknown=0
5394,>30M,aerospine.com,yes,,,https://embed.typeform.com/ ; https://form.typeform.com/to/B1FOesaW,0,,info@aero-medical.net,showing_email_candidates,not_flagged,contact_pages,,,,,,valid=0; invalid=0; risky=0; unknown=0
5395,>30M,milanartinstitute.com,no,,,,0,,info@milanart.com ; info@milanartinstitute.com,showing_email_candidates,not_flagged,contact_pages,info@milanartinstitute.com,,,,info@milanartinstitute.com,valid=0; invalid=0; risky=0; unknown=1
5396,>30M,fastig.se,no,,,,0,,info@forsakringsjamforaren.se,showing_email_candidates,not_flagged,contact_pages,,,,,,valid=0; invalid=0; risky=0; unknown=0
5397,>30M,k-g-k.jp,no,,,,0,,,no_public_email_found,not_flagged,contact_pages,,,,,,valid=0; invalid=0; risky=0; unknown=0
5398,>30M,unimediterraneo.com,no,,,,0,,dott.stefio@unimediterraneo.com ; info@unimediterraneo.com,showing_email_candidates,not_flagged,contact_pages,info@unimediterraneo.com,,,,info@unimediterraneo.com,valid=0; invalid=0; risky=0; unknown=1
5399,>30M,apparelsourcingagency.com,no,,,,0,,,no_public_email_found,not_flagged,contact_pages,,,,,,valid=0; invalid=0; risky=0; unknown=0
5400,>30M,rogcre.com,yes,,,,0,,,no_public_email_found,not_flagged,contact_pages,,,,,,valid=0; invalid=0; risky=0; unknown=0
5401,>30M,dealanswer.com,no,,,https://btt9ejjqw96.typeform.com/,0,,,no_public_email_found,not_flagged,contact_pages,,,,,,valid=0; invalid=0; risky=0; unknown=0
5402,>30M,webshape.com.au,yes,,,https://form.typeform.com/to/hnDMdN01,0,,,no_public_email_found,not_flagged,contact_pages,,,,,,valid=0; invalid=0; risky=0; unknown=0
5403,>30M,leansp.com,yes,,,https://form.typeform.com/ ; https://renteniq.typeform.com/to/mfwRao,0,,christoph@leansp.com,showing_email_candidates,not_flagged,contact_pages,,,,,,valid=0; invalid=0; risky=0; unknown=0
5404,>30M,socialproofme.com,yes,,,https://embed.typeform.com/ ; https://swissstartup.typeform.com/to/gRatB6,0,,airbnb@2x.png ; info@louisnicholls.com,showing_email_candidates,not_flagged,contact_pages,,,,,,valid=0; invalid=0; risky=0; unknown=0
5405,>30M,physicaltherapymarketing.com,no,,,https://embed.typeform.com/,0,,,no_public_email_found,not_flagged,contact_pages,,,,,,valid=0; invalid=0; risky=0; unknown=0
5406,>30M,lifegiving.co,yes,,,https://form.typeform.com/to/SiwTVYbz,0,,tyler@lifegiving.co,showing_email_candidates,not_flagged,contact_pages,,,,,,valid=0; invalid=0; risky=0; unknown=0
5407,>30M,chingshin.net,no,,,,0,,,no_public_email_found,not_flagged,contact_pages,,,,,,valid=0; invalid=0; risky=0; unknown=0
5408,>30M,shinyjets.com,yes,,,https://form.typeform.com/to/MAxAC81T,0,,sales@shinyjets.com,showing_email_candidates,not_flagged,contact_pages,sales@shinyjets.com,,,,sales@shinyjets.com,valid=0; invalid=0; risky=0; unknown=1
5409,>30M,kiafathi.com,no,,,,0,,,no_public_email_found,not_flagged,contact_pages,,,,,,valid=0; invalid=0; risky=0; unknown=0
5410,>30M,tristatemortgage.net,no,,,,0,,,no_public_email_found,not_flagged,contact_pages,,,,,,valid=0; invalid=0; risky=0; unknown=0
5411,>30M,utilitymarketing.com,yes,,,,0,,,no_public_email_found,not_flagged,contact_pages,,,,,,valid=0; invalid=0; risky=0; unknown=0
5412,>30M,fencecompanyplano.com,no,,,,0,,,no_public_email_found,not_flagged,contact_pages,,,,,,valid=0; invalid=0; risky=0; unknown=0
5413,>30M,claireadamstotalhealth.com,yes,,,,0,,,no_public_email_found,not_flagged,contact_pages,,,,,,valid=0; invalid=0; risky=0; unknown=0
5414,>30M,juandang.com,no,,,,0,,,no_public_email_found,not_flagged,contact_pages,,,,,,valid=0; invalid=0; risky=0; unknown=0
5415,>30M,kassmanaccounting.com,yes,,,https://team007.typeform.com/to/AVORRbzW,0,,mkassman@kassmanaccounting.com,showing_email_candidates,not_flagged,contact_pages,,,,,,valid=0; invalid=0; risky=0; unknown=0
5416,>30M,scottshowalter.com,yes,,,,0,,,no_public_email_found,not_flagged,contact_pages,,,,,,valid=0; invalid=0; risky=0; unknown=0
5417,>30M,inproject.es,no,,,,0,,inproject@inproject.es,showing_email_candidates,not_flagged,contact_pages,,,,,,valid=0; invalid=0; risky=0; unknown=0
5418,>30M,yachtsandproperties.com,yes,,,,0,,,no_public_email_found,not_flagged,contact_pages,,,,,,valid=0; invalid=0; risky=0; unknown=0
5419,>30M,anaewagner.com.br,no,,,,0,,,no_public_email_found,not_flagged,contact_pages,,,,,,valid=0; invalid=0; risky=0; unknown=0
5420,>30M,kleever.com,yes,,,https://h5awnbz81sf.typeform.com/to/H9McAqAK,0,,contact@kleever.com,showing_email_candidates,not_flagged,contact_pages,contact@kleever.com,contact@kleever.com,,,,valid=1; invalid=0; risky=0; unknown=0
5421,>30M,bettsyjane.com,yes,,,https://bettsyjane.typeform.com/to/kfnQjs,0,,support@bettsyjane.com,showing_email_candidates,not_flagged,contact_pages,support@bettsyjane.com,,,,support@bettsyjane.com,valid=0; invalid=0; risky=0; unknown=1
5422,>30M,heartygreens.com,no,,,,0,,,no_public_email_found,not_flagged,contact_pages,,,,,,valid=0; invalid=0; risky=0; unknown=0
5423,>30M,yoursuccessbooks.com,no,,,,0,,,no_public_email_found,not_flagged,contact_pages,,,,,,valid=0; invalid=0; risky=0; unknown=0
5424,>30M,instantaire.com,no,,,,0,,yellow-star-burst@2x-scaled.jpg,showing_email_candidates,not_flagged,contact_pages,,,,,,valid=0; invalid=0; risky=0; unknown=0
5425,>30M,parkbenchpeople.com,no,,,,0,,,no_public_email_found,not_flagged,contact_pages,,,,,,valid=0; invalid=0; risky=0; unknown=0
5426,>30M,silentprofessionals.org,yes,,,https://embed.typeform.com/ ; https://silentprofessionals.typeform.com/to/eRhhkYaR ; https://silentprofessionals.typeform.com/to/f4eFrh ; https://silentprofessionals.typeform.com/to/p8fhUCzS,0,,,no_public_email_found,not_flagged,contact_pages,,,,,,valid=0; invalid=0; risky=0; unknown=0
5427,>30M,gfsp.pl,no,,,,0,,biuro@gfsp.pl ; dwidera@gfsp.pl ; kbaczek@gfsp.pl ; marketing@gfsp.pl ; mnowakowski@gfsp.pl ; mstepien@gfsp.pl ; nkrysta@gfsp.pl ; pficek@gfsp.pl ; ppalewicz@gfsp.pl ; zamowienia@gfsp.pl,showing_email_candidates,not_flagged,contact_pages,marketing@gfsp.pl,,,,marketing@gfsp.pl,valid=0; invalid=0; risky=0; unknown=1
5428,>30M,sueciacarlaguna.com,no,,,https://images.typeform.com/,0,,nombre@dominio.com,showing_email_candidates,not_flagged,contact_pages,,,,,,valid=0; invalid=0; risky=0; unknown=0
5429,>30M,propstreet.com,no,,,,0,,feedback@propstreet.com,showing_email_candidates,not_flagged,contact_pages,,,,,,valid=0; invalid=0; risky=0; unknown=0
5430,>30M,askvalerio.com,yes,,,https://embed.typeform.com/ ; https://valerioit.typeform.com/to/H2rRKN,0,,,no_public_email_found,not_flagged,contact_pages,,,,,,valid=0; invalid=0; risky=0; unknown=0
5431,>30M,jt-b.com,no,,,,0,,info@jt-marketing.co,showing_email_candidates,not_flagged,contact_pages,,,,,,valid=0; invalid=0; risky=0; unknown=0
5432,>30M,ezhomepros.com,yes,,,https://form.typeform.com/to/D2AyqI4u,0,,info@ezhomepros.com,showing_email_candidates,not_flagged,contact_pages,info@ezhomepros.com,,,,info@ezhomepros.com,valid=0; invalid=0; risky=0; unknown=1
5433,>30M,vasylenko.com,no,,,,0,,,no_public_email_found,not_flagged,contact_pages,,,,,,valid=0; invalid=0; risky=0; unknown=0
5434,>30M,bainvestmentgroup.com,no,,,https://p6mrjwipbgh.typeform.com/to/acg7xLu2 ; https://public-assets.typeform.com/,0,,info@one-africa.com ; invest@big.com,showing_email_candidates,not_flagged,contact_pages,,,,,,valid=0; invalid=0; risky=0; unknown=0
5435,>30M,patricktestin.com,no,,,,0,,info@patricktestin.com,showing_email_candidates,not_flagged,contact_pages,info@patricktestin.com,,,,info@patricktestin.com,valid=0; invalid=0; risky=0; unknown=1
5436,>30M,siocha.com,yes,,,https://lightspeed-commerce.typeform.com/to/g1vcP7FR,0,,example@email.com ; john.doe@email.com ; siochabv@gmail.com,showing_email_candidates,not_flagged,contact_pages,,,,,,valid=0; invalid=0; risky=0; unknown=0
5437,>30M,handsthruushomecare.com,no,,,,0,,info@handsthruushomecare.com,showing_email_candidates,not_flagged,contact_pages,info@handsthruushomecare.com,,,,info@handsthruushomecare.com,valid=0; invalid=0; risky=0; unknown=1
5438,>30M,michaelgruebbeling.de,no,,,,0,,,no_public_email_found,not_flagged,contact_pages,,,,,,valid=0; invalid=0; risky=0; unknown=0
5439,>30M,buyandsellabusiness.com,yes,,,https://embed.typeform.com/,0,,info@buyandsellabusiness.com ; support@buyandsellabusiness.com,showing_email_candidates,not_flagged,contact_pages,info@buyandsellabusiness.com ; support@buyandsellabusiness.com,,,,info@buyandsellabusiness.com ; support@buyandsellabusiness.com,valid=0; invalid=0; risky=0; unknown=2
5440,>30M,brandch.com,no,,,,0,,,no_public_email_found,not_flagged,contact_pages,,,,,,valid=0; invalid=0; risky=0; unknown=0
5441,>30M,seankon.com,no,,,,0,,,no_public_email_found,not_flagged,contact_pages,,,,,,valid=0; invalid=0; risky=0; unknown=0
5442,>30M,repairmarketing.com,yes,,,,0,,,no_public_email_found,not_flagged,contact_pages,,,,,,valid=0; invalid=0; risky=0; unknown=0
5443,>30M,yuriecollins.com,yes,,,https://form.typeform.com/to/gW6icP6k,0,,bootstrap@5.3.3,showing_email_candidates,not_flagged,contact_pages,,,,,,valid=0; invalid=0; risky=0; unknown=0
5444,>30M,supercharge.biz,no,,,https://superchargeme.typeform.com/,0,,hello@supercharge.biz ; ryan@supercharge.biz,showing_email_candidates,not_flagged,contact_pages,hello@supercharge.biz,hello@supercharge.biz,,,,valid=1; invalid=0; risky=0; unknown=0
5445,>30M,3gproxy.com,no,,,https://embed.typeform.com/,0,,contact@3gproxy.com ; info@3gproxy.com ; logo-yeahmobi@2x.png ; support@3gproxy.com,showing_email_candidates,not_flagged,contact_pages,contact@3gproxy.com ; info@3gproxy.com ; support@3gproxy.com,contact@3gproxy.com ; info@3gproxy.com,,,support@3gproxy.com,valid=2; invalid=0; risky=0; unknown=1
5446,>30M,professionalsmanagement.com,no,,,,0,,,no_public_email_found,not_flagged,contact_pages,,,,,,valid=0; invalid=0; risky=0; unknown=0
5447,>30M,experienceventures.com,no,,,,0,,gsap@3.12.2 ; hello@experienceventures.com ; info@experienceventures.com ; lenis@1.1.14 ; splide-extension-auto-scroll@0.5.3 ; splide@4.1.4,showing_email_candidates,not_flagged,contact_pages,hello@experienceventures.com ; info@experienceventures.com,,hello@experienceventures.com,,info@experienceventures.com,valid=0; invalid=1; risky=0; unknown=1
5448,>30M,canoahavaiana.com,yes,,,,0,,,no_public_email_found,not_flagged,contact_pages,,,,,,valid=0; invalid=0; risky=0; unknown=0
5449,>30M,lustrumreis.com,yes,,,,0,,,no_public_email_found,not_flagged,contact_pages,,,,,,valid=0; invalid=0; risky=0; unknown=0
5450,>30M,dkadvocates.com,no,,,,0,,admin@dkadvocates.com ; info@dkadvocates.com,showing_email_candidates,not_flagged,contact_pages,admin@dkadvocates.com ; info@dkadvocates.com,admin@dkadvocates.com,,,info@dkadvocates.com,valid=1; invalid=0; risky=0; unknown=1
5451,>30M,sunandesigns.com,yes,,,https://thomas25.typeform.com/to/lil4TD,0,,info@sunandesigns.com ; slick-carousel@1.8.1,showing_email_candidates,not_flagged,contact_pages,info@sunandesigns.com,,,,info@sunandesigns.com,valid=0; invalid=0; risky=0; unknown=1
5452,>30M,konferenzloesung.de,yes,,,https://lqp6w78yyk9.typeform.com/to/zPANH5Rw,0,,info@kuchem.com,showing_email_candidates,not_flagged,contact_pages,,,,,,valid=0; invalid=0; risky=0; unknown=0
5453,>30M,hsmmanagement.com.br,yes,,,https://embed.typeform.com/ ; https://form.typeform.com/ ; https://hsmdigital.typeform.com/,0,,,no_public_email_found,not_flagged,contact_pages,,,,,,valid=0; invalid=0; risky=0; unknown=0
5454,>30M,geodesix.com,yes,,,https://geodesix.typeform.com/to/JRDXrv92,0,,,no_public_email_found,not_flagged,contact_pages,,,,,,valid=0; invalid=0; risky=0; unknown=0
5455,>30M,youthclimatesummit.com,yes,,,https://form.typeform.com/to/cqb0aehn,0,,,no_public_email_found,not_flagged,contact_pages,,,,,,valid=0; invalid=0; risky=0; unknown=0
5456,>30M,useflare.com,yes,,,https://embed.typeform.com/ ; https://use-flare.typeform.com/ ; https://use-flare.typeform.com/to/GgjsHD,0,,,no_public_email_found,not_flagged,contact_pages,,,,,,valid=0; invalid=0; risky=0; unknown=0
5457,>30M,cleverly.de,no,,,,0,,pr@cleverly.de ; service@cleverly.de,showing_email_candidates,not_flagged,contact_pages,service@cleverly.de,,,,service@cleverly.de,valid=0; invalid=0; risky=0; unknown=1
5458,>30M,theassertivewoman.com,yes,,,https://sarah1848.typeform.com/to/MzmxDo,0,,,no_public_email_found,not_flagged,contact_pages,,,,,,valid=0; invalid=0; risky=0; unknown=0
5459,>30M,memorybooster.com,yes,,,,0,,support@memorybooster.com,showing_email_candidates,not_flagged,contact_pages,support@memorybooster.com,,,,support@memorybooster.com,valid=0; invalid=0; risky=0; unknown=1
5460,>30M,avenna.fr,yes,,,https://gi1na9qzezb.typeform.com/to/FR260dXH ; https://gi1na9qzezb.typeform.com/to/gNkhgHxc,0,,,no_public_email_found,not_flagged,contact_pages,,,,,,valid=0; invalid=0; risky=0; unknown=0
5461,>30M,blueridgeconsulting.co,no,,,,0,,,no_public_email_found,not_flagged,contact_pages,,,,,,valid=0; invalid=0; risky=0; unknown=0
5462,>30M,hashtagworkmode.com,no,,,,0,,,no_public_email_found,not_flagged,contact_pages,,,,,,valid=0; invalid=0; risky=0; unknown=0
5463,>30M,guelph-tutoring.com,no,,,,0,,fiona@deliberateu.com,showing_email_candidates,not_flagged,contact_pages,,,,,,valid=0; invalid=0; risky=0; unknown=0
5464,>30M,greenrootsacupuncture.com,yes,,,,0,,,no_public_email_found,not_flagged,contact_pages,,,,,,valid=0; invalid=0; risky=0; unknown=0
5465,>30M,guide-placements.com,no,,,,0,,,no_public_email_found,not_flagged,contact_pages,,,,,,valid=0; invalid=0; risky=0; unknown=0
5466,>30M,ensusmarcas.mx,yes,,,https://embed.typeform.com/ ; https://form.typeform.com/to/XUrvSbsj,0,,hola@ensusmarcas.mx,showing_email_candidates,not_flagged,contact_pages,,,,,,valid=0; invalid=0; risky=0; unknown=0
5467,>30M,setbyset.com,yes,,,,0,,,no_public_email_found,not_flagged,contact_pages,,,,,,valid=0; invalid=0; risky=0; unknown=0
5468,>30M,iautomatemarketing.com,no,,,,0,,,no_public_email_found,not_flagged,contact_pages,,,,,,valid=0; invalid=0; risky=0; unknown=0
5469,>30M,schoolsofexcellence.com,yes,,,,0,,25-soe-logo-advantage@2x.jpg ; cw@chanie.me,showing_email_candidates,not_flagged,contact_pages,,,,,,valid=0; invalid=0; risky=0; unknown=0
5470,>30M,rosavela.com,no,,,,0,,,no_public_email_found,not_flagged,contact_pages,,,,,,valid=0; invalid=0; risky=0; unknown=0
5471,>30M,transitbranding.com,no,,,,0,,,no_public_email_found,not_flagged,contact_pages,,,,,,valid=0; invalid=0; risky=0; unknown=0
5472,>30M,av2events.com,yes,,,https://av2events.typeform.com/to/Z3G1Wv,0,,enquiries@av2events.com ; headroom.js@0.12.0,showing_email_candidates,not_flagged,contact_pages,enquiries@av2events.com,enquiries@av2events.com,,,,valid=1; invalid=0; risky=0; unknown=0
5473,>30M,baksomalangkarapitan.com,no,,,,0,,,no_public_email_found,not_flagged,contact_pages,,,,,,valid=0; invalid=0; risky=0; unknown=0
5474,>30M,linkinteriordesign.com,yes,,,https://form.typeform.com/to/cYdZVMCV,0,,,no_public_email_found,not_flagged,contact_pages,,,,,,valid=0; invalid=0; risky=0; unknown=0
5475,>30M,abhinavpurohit.com,no,,,,0,,abhinavpurohit@ucla.edu,showing_email_candidates,not_flagged,contact_pages,,,,,,valid=0; invalid=0; risky=0; unknown=0
5476,>30M,vitalityblueprint.com,yes,,,https://abghh9a6lw4.typeform.com/to/qOZoZEjQ,0,,hello@vitalityblueprint.com,showing_email_candidates,not_flagged,contact_pages,hello@vitalityblueprint.com,hello@vitalityblueprint.com,,,,valid=1; invalid=0; risky=0; unknown=0
5477,>30M,laughlinpad.com,yes,,,https://bryanduropan.typeform.com/to/eoeGcn ; https://embed.typeform.com/,0,,,no_public_email_found,not_flagged,contact_pages,,,,,,valid=0; invalid=0; risky=0; unknown=0
5478,>30M,thebaultconsulting.com,yes,,,https://c7ub1cjstfb.typeform.com/to/RTGLh7xF ; https://embed.typeform.com/,0,,traductions@thebaultconsulting.com,showing_email_candidates,not_flagged,contact_pages,,,,,,valid=0; invalid=0; risky=0; unknown=0
5479,>30M,lenfantgallery.com,no,,,,0,,,no_public_email_found,not_flagged,contact_pages,,,,,,valid=0; invalid=0; risky=0; unknown=0
5480,>30M,oemcentral.com,yes,,,,0,,,no_public_email_found,not_flagged,contact_pages,,,,,,valid=0; invalid=0; risky=0; unknown=0
5481,>30M,junkremovalmarketing.com,yes,,,,0,,,no_public_email_found,not_flagged,contact_pages,,,,,,valid=0; invalid=0; risky=0; unknown=0
5482,>30M,anartcompany.com,yes,,,https://form.typeform.com/to/EIvCRbAu ; https://images.typeform.com/,0,,studio@anart.co,showing_email_candidates,not_flagged,contact_pages,,,,,,valid=0; invalid=0; risky=0; unknown=0
5483,>30M,analuiza15anos.com.br,no,,,,0,,,no_public_email_found,not_flagged,contact_pages,,,,,,valid=0; invalid=0; risky=0; unknown=0
5484,>30M,drkcoaching.com,yes,,,https://form.typeform.com/to/jjfmCQjg,0,,,no_public_email_found,not_flagged,contact_pages,,,,,,valid=0; invalid=0; risky=0; unknown=0
5485,>30M,womenleadingwithlove.com,yes,,,https://form.typeform.com/to/NkgGLQ07,0,,,no_public_email_found,not_flagged,contact_pages,,,,,,valid=0; invalid=0; risky=0; unknown=0
5486,>30M,braithwaite.com.au,no,,,,0,,info@braithwaite.com.au,showing_email_candidates,not_flagged,contact_pages,info@braithwaite.com.au,,,,info@braithwaite.com.au,valid=0; invalid=0; risky=0; unknown=1
5487,>30M,space-viz.com,yes,,,https://clikalia.typeform.com/to/MUJjcP91,0,,contacto@space-viz.com,showing_email_candidates,not_flagged,contact_pages,,,,,,valid=0; invalid=0; risky=0; unknown=0
5488,>30M,vdlfoundation.com,no,,,,0,,info@vdlfoundation.com,showing_email_candidates,not_flagged,contact_pages,info@vdlfoundation.com,,,,info@vdlfoundation.com,valid=0; invalid=0; risky=0; unknown=1
5489,>30M,cu-at.com,no,,,,0,,,no_public_email_found,not_flagged,contact_pages,,,,,,valid=0; invalid=0; risky=0; unknown=0
5490,>30M,eifec.org,yes,,,,0,,,no_public_email_found,not_flagged,contact_pages,,,,,,valid=0; invalid=0; risky=0; unknown=0
5491,>30M,winterbeachparty.com,no,,,,0,,admin@winterbeachparty.com,showing_email_candidates,not_flagged,contact_pages,admin@winterbeachparty.com,admin@winterbeachparty.com,,,,valid=1; invalid=0; risky=0; unknown=0
5492,>30M,ironbattalion.com,no,,,,0,,team@ironbattalion.com,showing_email_candidates,not_flagged,contact_pages,team@ironbattalion.com,,,,team@ironbattalion.com,valid=0; invalid=0; risky=0; unknown=1
5493,>30M,travelpass.ro,no,,,,0,,,no_public_email_found,not_flagged,contact_pages,,,,,,valid=0; invalid=0; risky=0; unknown=0
5494,>30M,datanext.co,no,,,,0,,,no_public_email_found,not_flagged,contact_pages,,,,,,valid=0; invalid=0; risky=0; unknown=0
5495,>30M,sankosha.net,no,,,,0,,,no_public_email_found,not_flagged,contact_pages,,,,,,valid=0; invalid=0; risky=0; unknown=0
5496,>30M,lucejewelry.com,yes,,,https://9wjutr0w6va.typeform.com/to/fqxPoH9f,0,,hello@lucejewelry.com ; info@stagheaddesigns.com,showing_email_candidates,not_flagged,contact_pages,hello@lucejewelry.com,hello@lucejewelry.com,,,,valid=1; invalid=0; risky=0; unknown=0
5497,>30M,galdini.ch,no,,,,0,,lottie-player@2.0.4 ; office.galdinisa@worldcom.ch,showing_email_candidates,not_flagged,contact_pages,,,,,,valid=0; invalid=0; risky=0; unknown=0
5498,>30M,ehime-rakuichi.com,no,,,,0,,,no_public_email_found,not_flagged,contact_pages,,,,,,valid=0; invalid=0; risky=0; unknown=0
5499,>30M,naturhouse.ch,yes,,,,0,,info@naturhouse.ch,showing_email_candidates,not_flagged,contact_pages,info@naturhouse.ch,,,,info@naturhouse.ch,valid=0; invalid=0; risky=0; unknown=1
5500,>30M,zinli.com,yes,,,https://zinlinegocio.typeform.com/to/aXXUsvUy,0,,,no_public_email_found,not_flagged,contact_pages,,,,,,valid=0; invalid=0; risky=0; unknown=0
5501,>30M,solutions-medicales.fr,no,,,,0,,,no_public_email_found,not_flagged,contact_pages,,,,,,valid=0; invalid=0; risky=0; unknown=0
5502,>30M,international-movers.dk,no,,,,0,,,no_public_email_found,not_flagged,contact_pages,,,,,,valid=0; invalid=0; risky=0; unknown=0
5503,>30M,familianto.com,no,,,,0,,,no_public_email_found,not_flagged,contact_pages,,,,,,valid=0; invalid=0; risky=0; unknown=0
5504,>30M,janemariechen.com,yes,,,https://form.typeform.com/to/U60x89HB,0,,,no_public_email_found,not_flagged,contact_pages,,,,,,valid=0; invalid=0; risky=0; unknown=0
5505,>30M,verkaufskybernetik.com,no,,,https://images.typeform.com/,0,,,no_public_email_found,not_flagged,contact_pages,,,,,,valid=0; invalid=0; risky=0; unknown=0
5506,>30M,quickhealthinsurancequote.com,no,,,,0,,,no_public_email_found,not_flagged,contact_pages,,,,,,valid=0; invalid=0; risky=0; unknown=0
5507,>30M,stefangrafstein.com,yes,,,https://stefangrafstein.typeform.com/to/tMDEvj,0,,,no_public_email_found,not_flagged,contact_pages,,,,,,valid=0; invalid=0; risky=0; unknown=0
5508,>30M,lilavalentina.com,no,,,,0,,,no_public_email_found,not_flagged,contact_pages,,,,,,valid=0; invalid=0; risky=0; unknown=0
5509,>30M,mihikakapoor.com,yes,,,https://geofiltersbymihika.typeform.com/to/cAU8L6,0,,mkapoor@princeton.edu,showing_email_candidates,not_flagged,contact_pages,,,,,,valid=0; invalid=0; risky=0; unknown=0
5510,>30M,onemate.de,no,,,https://form.typeform.com/,0,,info@onemate.de ; info@onemate.degesch,showing_email_candidates,not_flagged,contact_pages,info@onemate.de,,,,info@onemate.de,valid=0; invalid=0; risky=0; unknown=1
5511,>30M,labclave.com,yes,,,https://embed.typeform.com/ ; https://form.typeform.com/to/rtlap4AD,0,,bootstrap@5.3.3,showing_email_candidates,not_flagged,contact_pages,,,,,,valid=0; invalid=0; risky=0; unknown=0
5512,>30M,ijmor.org,no,,,,0,,,no_public_email_found,not_flagged,contact_pages,,,,,,valid=0; invalid=0; risky=0; unknown=0
5513,>30M,fitness4backpain.com,yes,,,https://vtcky8qw9qb.typeform.com/to/mH29e7HV,0,,,no_public_email_found,not_flagged,contact_pages,,,,,,valid=0; invalid=0; risky=0; unknown=0
5514,>30M,karinameal.com,no,,,,0,,,no_public_email_found,not_flagged,contact_pages,,,,,,valid=0; invalid=0; risky=0; unknown=0
5515,>30M,nataliaefernando.com.br,no,,,,0,,,no_public_email_found,not_flagged,contact_pages,,,,,,valid=0; invalid=0; risky=0; unknown=0
5516,>30M,dormani.com,yes,,,https://get-started.typeform.com/to/g79W2DY0 ; https://get-started.typeform.com/to/SfgKnBPR,0,,sales@dormani.com,showing_email_candidates,not_flagged,contact_pages,sales@dormani.com,,,,sales@dormani.com,valid=0; invalid=0; risky=0; unknown=1
5517,>30M,residualqueens.com,yes,,,https://nrjpudpz79o.typeform.com/to/z2B6dDTw,0,,admin@residualqueens.com ; meijing@residualqueens.com,showing_email_candidates,not_flagged,contact_pages,admin@residualqueens.com,admin@residualqueens.com,,,,valid=1; invalid=0; risky=0; unknown=0
5518,>30M,pocoslopitch.com,yes,,,https://form.typeform.com/to/oT2uY7AO,0,,christopherborghardt@gmail.com ; dmortensen1959@gmail.com,showing_email_candidates,not_flagged,contact_pages,,,,,,valid=0; invalid=0; risky=0; unknown=0
5519,>30M,patriciaemarcelo.com.br,no,,,,0,,,no_public_email_found,not_flagged,contact_pages,,,,,,valid=0; invalid=0; risky=0; unknown=0
5520,>30M,pivotplanit.com,no,,,,0,,,no_public_email_found,not_flagged,contact_pages,,,,,,valid=0; invalid=0; risky=0; unknown=0
5521,>30M,cranelink.com,no,,,,0,,,no_public_email_found,not_flagged,contact_pages,,,,,,valid=0; invalid=0; risky=0; unknown=0
5522,>30M,floodedcar.com,yes,,,https://form.typeform.com/to/Xb6ifu3s,0,,brian@hoganpa.com ; info@hoganpa.com,showing_email_candidates,not_flagged,contact_pages,,,,,,valid=0; invalid=0; risky=0; unknown=0
5523,>30M,kamo-dental.com,no,,,,0,,,no_public_email_found,not_flagged,contact_pages,,,,,,valid=0; invalid=0; risky=0; unknown=0
5524,>30M,carolerafa.com.br,no,,,,0,,,no_public_email_found,not_flagged,contact_pages,,,,,,valid=0; invalid=0; risky=0; unknown=0
5525,>30M,zero11zero.com,yes,,,https://elburz.typeform.com/to/WHZtfG ; https://embed.typeform.com/,0,,,no_public_email_found,not_flagged,contact_pages,,,,,,valid=0; invalid=0; risky=0; unknown=0
5526,>30M,goodwins.co.nz,yes,,,https://goodwins.typeform.com/to/sHwxh7 ; https://goodwins.typeform.com/to/TGmjI7 ; https://goodwins.typeform.com/to/vuIRH8ua,0,,alyssa@goodwins.co.nz ; brendan@goodwins.co.nz ; christine@goodwins.co.nz ; info@goodwins.co.nz ; nikki@goodwins.co.nz,showing_email_candidates,not_flagged,contact_pages,info@goodwins.co.nz,,,,info@goodwins.co.nz,valid=0; invalid=0; risky=0; unknown=1
5527,>30M,subaru-hoikuen.com,no,,,,0,,,no_public_email_found,not_flagged,contact_pages,,,,,,valid=0; invalid=0; risky=0; unknown=0
5528,>30M,glamwah.com,no,,,,0,,,no_public_email_found,not_flagged,contact_pages,,,,,,valid=0; invalid=0; risky=0; unknown=0
5529,>30M,tsukimioo.com,no,,,,0,,,no_public_email_found,not_flagged,contact_pages,,,,,,valid=0; invalid=0; risky=0; unknown=0
5530,>30M,rockenschaub.at,no,,,,0,,,no_public_email_found,not_flagged,contact_pages,,,,,,valid=0; invalid=0; risky=0; unknown=0
5531,>30M,shafayetimam.com,no,,,,0,,,no_public_email_found,not_flagged,contact_pages,,,,,,valid=0; invalid=0; risky=0; unknown=0
5532,>30M,hesssegal.com,yes,,,https://csengeadvisorygroup.typeform.com/to/oeb5oXJI ; https://embed.typeform.com/,0,,jcsegal@hesssegal.com,showing_email_candidates,not_flagged,contact_pages,,,,,,valid=0; invalid=0; risky=0; unknown=0
5533,>30M,recordsxchange.com,no,,,,0,,,no_public_email_found,not_flagged,contact_pages,,,,,,valid=0; invalid=0; risky=0; unknown=0
5534,>30M,bib-wedding.com,no,,,,0,,,no_public_email_found,not_flagged,contact_pages,,,,,,valid=0; invalid=0; risky=0; unknown=0
5535,>30M,jamiedeangelis.com,no,,,,0,,,no_public_email_found,not_flagged,contact_pages,,,,,,valid=0; invalid=0; risky=0; unknown=0
5536,>30M,justinjones.me,yes,,,https://embed.typeform.com/ ; https://imeg.typeform.com/to/rt37uL,0,,,no_public_email_found,not_flagged,contact_pages,,,,,,valid=0; invalid=0; risky=0; unknown=0
5537,>30M,littlevillagecreative.com,no,,,https://images.typeform.com/ ; https://public-assets.typeform.com/,0,,creative@littlevillagemag.com,showing_email_candidates,not_flagged,contact_pages,,,,,,valid=0; invalid=0; risky=0; unknown=0
5538,>30M,bossert-associates.com,yes,,,https://bossertassociates.typeform.com/to/ghih2Dv8,0,,academy@bossert-associates.com ; info@bossert-associates.com,showing_email_candidates,not_flagged,contact_pages,info@bossert-associates.com,,,,info@bossert-associates.com,valid=0; invalid=0; risky=0; unknown=1
5539,>30M,bcncoding.com,no,,,,0,,office@barcelonacodeschool.com,showing_email_candidates,not_flagged,contact_pages,,,,,,valid=0; invalid=0; risky=0; unknown=0
5540,>30M,aquariumhelpline.com,yes,,,https://f6p8zpdh5o3.typeform.com/to/I9JgX3MG ; https://f6p8zpdh5o3.typeform.com/to/t8kG0Gvf,0,,support@aquariumhelpline.com,showing_email_candidates,not_flagged,contact_pages,support@aquariumhelpline.com,,,,support@aquariumhelpline.com,valid=0; invalid=0; risky=0; unknown=1
5541,>30M,likehair.de,yes,,,,0,,,no_public_email_found,not_flagged,contact_pages,,,,,,valid=0; invalid=0; risky=0; unknown=0
5542,>30M,bodn.net,no,,,,0,,,no_public_email_found,not_flagged,contact_pages,,,,,,valid=0; invalid=0; risky=0; unknown=0
5543,>30M,creativechance.org,yes,,,https://33y1786cyhf.typeform.com/to/JyahJBdC ; https://33y1786cyhf.typeform.com/to/MJj5I95N ; https://33y1786cyhf.typeform.com/to/qienhF8i ; https://33y1786cyhf.typeform.com/to/VzKx9Xec ; https://33y1786cyhf.typeform.com/to/z2sofWJ6,0,,amanda.creativechancebaltimore@gmail.com ; creativechancebaltimore@gmail.com,showing_email_candidates,not_flagged,contact_pages,,,,,,valid=0; invalid=0; risky=0; unknown=0
5544,>30M,gegenlinks.net,no,,,,0,,,no_public_email_found,not_flagged,contact_pages,,,,,,valid=0; invalid=0; risky=0; unknown=0
5545,>30M,owny.us,no,,,,0,,aferszt@gmail.com ; hola@owny.us ; jgcajias@gmail.com ; jquery-validation@1.19.2,showing_email_candidates,not_flagged,contact_pages,,,,,,valid=0; invalid=0; risky=0; unknown=0
5546,>30M,vandermoolen.nl,no,,,,0,,info@vandermoolen.nl ; info@vdmfoodgroup.nl ; sales@vandermoolen.nl ; splide-extension-auto-scroll@0.5.3 ; splide@4.1.4,showing_email_candidates,not_flagged,contact_pages,info@vandermoolen.nl ; sales@vandermoolen.nl,,,,info@vandermoolen.nl ; sales@vandermoolen.nl,valid=0; invalid=0; risky=0; unknown=2
5547,>30M,foodiator.com,yes,,,,0,,,no_public_email_found,not_flagged,contact_pages,,,,,,valid=0; invalid=0; risky=0; unknown=0
5548,>30M,npo-mins.com,no,,,,0,,,no_public_email_found,not_flagged,contact_pages,,,,,,valid=0; invalid=0; risky=0; unknown=0
5549,>30M,profi-kfz.at,yes,,,https://embed.typeform.com/ ; https://form.typeform.com/to/AOThr2qY,0,,office@profi-kfz.at,showing_email_candidates,not_flagged,contact_pages,office@profi-kfz.at,,,,office@profi-kfz.at,valid=0; invalid=0; risky=0; unknown=1
5550,>30M,thehealingconsultant.com,yes,,,https://form.typeform.com/to/RaA8sI6a,0,,info@thehealingconsultant.com,showing_email_candidates,not_flagged,contact_pages,info@thehealingconsultant.com,,,,info@thehealingconsultant.com,valid=0; invalid=0; risky=0; unknown=1
5551,>30M,adobecc.org,no,,,,0,,info@adobecc.org ; ministry_designs@events.frontend,showing_email_candidates,not_flagged,contact_pages,info@adobecc.org,info@adobecc.org,,,,valid=1; invalid=0; risky=0; unknown=0
5552,>30M,superpraktika.ru,no,,,,0,,,no_public_email_found,not_flagged,contact_pages,,,,,,valid=0; invalid=0; risky=0; unknown=0
5553,>30M,merhabaafrica.com,yes,,,,0,,,no_public_email_found,not_flagged,contact_pages,,,,,,valid=0; invalid=0; risky=0; unknown=0
5554,>30M,topratedgym.com,no,,,,0,,,no_public_email_found,not_flagged,contact_pages,,,,,,valid=0; invalid=0; risky=0; unknown=0
5555,>30M,tula-kadastr.ru,no,,,,0,,,no_public_email_found,not_flagged,contact_pages,,,,,,valid=0; invalid=0; risky=0; unknown=0
5556,>30M,coleug.com,no,,,,0,,gsap@3.13.0,showing_email_candidates,not_flagged,contact_pages,,,,,,valid=0; invalid=0; risky=0; unknown=0
5557,>30M,freecostseg.com,no,,,,0,,jane@example.com,showing_email_candidates,not_flagged,contact_pages,,,,,,valid=0; invalid=0; risky=0; unknown=0
5558,>30M,galacticare.com,yes,,,https://7nkc9d420u5.typeform.com/to/MUMUaW4U,0,,cookieconsent@v2.8.9 ; jane@untitled.tld,showing_email_candidates,not_flagged,contact_pages,,,,,,valid=0; invalid=0; risky=0; unknown=0
5559,>30M,my-keyz.com,no,,,,0,,contact@my-keyz.com ; david@my-keyz.com ; leaflet@1.9.4 ; teo@my-keyz.com ; vue-multiselect@2.1.6 ; zach@my-keyz.com,showing_email_candidates,not_flagged,contact_pages,contact@my-keyz.com,contact@my-keyz.com,,,,valid=1; invalid=0; risky=0; unknown=0
5560,>30M,ateeshop.com,no,,,,0,,info@ateeshop.com,showing_email_candidates,not_flagged,contact_pages,info@ateeshop.com,,,,info@ateeshop.com,valid=0; invalid=0; risky=0; unknown=1
5561,>30M,schompinsurance.com,no,,,,0,,cameron.bruce@schomp.com ; catherine.garvin@schomp.com ; gisselle.gonzalez@schomp.com ; insurance@schomp.com ; linnette.ramirez@schomp.com ; maya.heyerdahl@schomp.com ; melissa.franco@schomp.com ; schomp_insurance_white@3x-300x230.png ; schomp_insurance_white@3x.png,showing_email_candidates,not_flagged,contact_pages,,,,,,valid=0; invalid=0; risky=0; unknown=0
5562,>30M,owlshift.com,no,,,https://qdd47cm0vzk.typeform.com/,0,,hello@email.com,showing_email_candidates,not_flagged,contact_pages,,,,,,valid=0; invalid=0; risky=0; unknown=0
5563,>30M,zwasf.com,no,,,,0,,,no_public_email_found,not_flagged,contact_pages,,,,,,valid=0; invalid=0; risky=0; unknown=0
5564,>30M,getforte.com,yes,,,https://l016xmw4ys0.typeform.com/to/qNZUKZis,0,,lenis@1.2.3 ; web@2.1.1,showing_email_candidates,not_flagged,contact_pages,,,,,,valid=0; invalid=0; risky=0; unknown=0
5565,>30M,htbbusiness.com,yes,,,https://form.typeform.com/to/UQ5sleDt,0,,,no_public_email_found,not_flagged,contact_pages,,,,,,valid=0; invalid=0; risky=0; unknown=0
5566,>30M,yorkwellness.ca,no,,,,0,,,no_public_email_found,not_flagged,contact_pages,,,,,,valid=0; invalid=0; risky=0; unknown=0
5567,>30M,municipalmarketing.com,yes,,,,0,,,no_public_email_found,not_flagged,contact_pages,,,,,,valid=0; invalid=0; risky=0; unknown=0
5568,>30M,allexperts.de,yes,,,,0,,info@allexperts.de,showing_email_candidates,not_flagged,contact_pages,info@allexperts.de,,,,info@allexperts.de,valid=0; invalid=0; risky=0; unknown=1
5569,>30M,medical-yakkyoku.com,no,,,,0,,,no_public_email_found,not_flagged,contact_pages,,,,,,valid=0; invalid=0; risky=0; unknown=0
5570,>30M,yamotogekaseikeigeka.com,no,,,,0,,,no_public_email_found,not_flagged,contact_pages,,,,,,valid=0; invalid=0; risky=0; unknown=0
5571,>30M,iamhom.com,yes,,,https://embed.typeform.com/ ; https://iamhom.typeform.com/to/mcT6hf,0,,communities@iamhom.com ; homteam@iamhom.com,showing_email_candidates,not_flagged,contact_pages,,,,,,valid=0; invalid=0; risky=0; unknown=0
5572,>30M,miamicalendar.com,yes,,,https://manny595872.typeform.com/to/jh2ph2Ex,0,,,no_public_email_found,not_flagged,contact_pages,,,,,,valid=0; invalid=0; risky=0; unknown=0
5573,>30M,samuelcastle.com,no,,,,0,,,no_public_email_found,not_flagged,contact_pages,,,,,,valid=0; invalid=0; risky=0; unknown=0
5574,>30M,ericjcesal.com,no,,,,0,,,no_public_email_found,not_flagged,contact_pages,,,,,,valid=0; invalid=0; risky=0; unknown=0
5575,>30M,tmssoftware.eu,no,,,https://epywkylb528.typeform.com/ ; https://epywkylb528.typeform.com/to/LBufDrqz ; https://form.typeform.com/to/NSm1g0Te,0,,bootstrap-icons@1.11.3 ; info@mendrix.nl,showing_email_candidates,not_flagged,contact_pages,,,,,,valid=0; invalid=0; risky=0; unknown=0
5576,>30M,lionvisionmedia.com,no,,,,0,,flags@2x.png,showing_email_candidates,not_flagged,contact_pages,,,,,,valid=0; invalid=0; risky=0; unknown=0
5577,>30M,forceen.com,yes,,,https://vp8s4tv7a7y.typeform.com/to/qNrFnTyu,0,,your@email.address,showing_email_candidates,not_flagged,contact_pages,,,,,,valid=0; invalid=0; risky=0; unknown=0
5578,>30M,youthwellness.com,no,,,,0,,hello@youthwellness.com,showing_email_candidates,not_flagged,contact_pages,hello@youthwellness.com,hello@youthwellness.com,,,,valid=1; invalid=0; risky=0; unknown=0
5579,>30M,safari-tansania.com,yes,,,,0,,info@safari-tansania.com,showing_email_candidates,not_flagged,contact_pages,info@safari-tansania.com,,,,info@safari-tansania.com,valid=0; invalid=0; risky=0; unknown=1
5580,>30M,conversionwise.com,yes,,,https://conversionwise.typeform.com/to/s0pI0qAD,0,,client@conversionwise.com ; partners@conversionwise.com ; press@conversionwise.com ; sales@conversionwise.com,showing_email_candidates,not_flagged,contact_pages,press@conversionwise.com ; sales@conversionwise.com,,,,press@conversionwise.com ; sales@conversionwise.com,valid=0; invalid=0; risky=0; unknown=2
5581,>30M,franciscoguedes.com,no,,,https://oversize.typeform.com/,0,,,no_public_email_found,not_flagged,contact_pages,,,,,,valid=0; invalid=0; risky=0; unknown=0
5582,>30M,tapcart.com,no,,,,0,,help@tapcart.co,showing_email_candidates,not_flagged,contact_pages,,,,,,valid=0; invalid=0; risky=0; unknown=0
5583,>30M,datadesignsllc.com,no,,,,0,,,no_public_email_found,not_flagged,contact_pages,,,,,,valid=0; invalid=0; risky=0; unknown=0
5584,>30M,bidpaldemo.com,no,,,,0,,,no_public_email_found,not_flagged,contact_pages,,,,,,valid=0; invalid=0; risky=0; unknown=0
5585,>30M,abesystem.com,no,,,,0,,,no_public_email_found,not_flagged,contact_pages,,,,,,valid=0; invalid=0; risky=0; unknown=0
5586,>30M,centraltexasmemorial.com,no,,,,0,,,no_public_email_found,not_flagged,contact_pages,,,,,,valid=0; invalid=0; risky=0; unknown=0
5587,>30M,watertexasfilms.org,yes,,,https://sarah961864.typeform.com/to/GAt8301B,0,,marissa@texaswater.org,showing_email_candidates,not_flagged,contact_pages,,,,,,valid=0; invalid=0; risky=0; unknown=0
5588,>30M,thefashioncrusade.com,yes,,,,0,,,no_public_email_found,not_flagged,contact_pages,,,,,,valid=0; invalid=0; risky=0; unknown=0
5589,>30M,clickstoclose.com,no,,,,0,,flags@2x.png ; team@clickstoclose.com ; their@email.com ; your@email.com,showing_email_candidates,not_flagged,contact_pages,team@clickstoclose.com,,,,team@clickstoclose.com,valid=0; invalid=0; risky=0; unknown=1
5590,>30M,soundie.com,no,,,,0,,,no_public_email_found,not_flagged,contact_pages,,,,,,valid=0; invalid=0; risky=0; unknown=0
5591,>30M,mentor360.com,no,,,,0,,,no_public_email_found,not_flagged,contact_pages,,,,,,valid=0; invalid=0; risky=0; unknown=0
5592,>30M,everrest.org,no,,,,0,,,no_public_email_found,not_flagged,contact_pages,,,,,,valid=0; invalid=0; risky=0; unknown=0
5593,>30M,larissanicole.com,yes,,,https://form.typeform.com/to/GMakJhg4,0,,,no_public_email_found,not_flagged,contact_pages,,,,,,valid=0; invalid=0; risky=0; unknown=0
5594,>30M,hurontech.net,yes,,,https://vvsngjsa5a9.typeform.com/to/oYh54qLq,0,,,no_public_email_found,not_flagged,contact_pages,,,,,,valid=0; invalid=0; risky=0; unknown=0
5595,>30M,xixmia.com,yes,,,https://xix.typeform.com/ ; https://xix.typeform.com/to/v6sQi7,0,,,no_public_email_found,not_flagged,contact_pages,,,,,,valid=0; invalid=0; risky=0; unknown=0
5596,>30M,kizerpharmacy.com,yes,,,https://improvingpatienthealth.typeform.com/to/JcYVOWLz ; https://improvingpatienthealth.typeform.com/to/op11rpL4 ; https://improvingpatienthealth.typeform.com/to/rrU4DH0y,0,,info@kizerwellness.com,showing_email_candidates,not_flagged,contact_pages,,,,,,valid=0; invalid=0; risky=0; unknown=0
5597,>30M,socialsecuritymissouri.com,no,,,,0,,,no_public_email_found,not_flagged,contact_pages,,,,,,valid=0; invalid=0; risky=0; unknown=0
5598,>30M,boardscraper.com,no,,,,0,,,no_public_email_found,not_flagged,contact_pages,,,,,,valid=0; invalid=0; risky=0; unknown=0
5599,>30M,oncactus.com,yes,,,,0,,,no_public_email_found,not_flagged,contact_pages,,,,,,valid=0; invalid=0; risky=0; unknown=0
5600,>30M,lovup.com,yes,,,https://form.typeform.com/to/vY8LPQRp,0,,contact@lovup.com,showing_email_candidates,not_flagged,contact_pages,contact@lovup.com,contact@lovup.com,,,,valid=1; invalid=0; risky=0; unknown=0
5601,>30M,ashlinnbrennan.com,yes,,,https://admin.typeform.com/ ; https://ashlinnbrennan.typeform.com/to/TWKq71 ; https://embed.typeform.com/,0,,asbren13@gmail.com,showing_email_candidates,not_flagged,contact_pages,,,,,,valid=0; invalid=0; risky=0; unknown=0
5602,>30M,harrymt.com,yes,,,https://embed.typeform.com/ ; https://harrymt.typeform.com/to/BZDT8C,0,,,no_public_email_found,not_flagged,contact_pages,,,,,,valid=0; invalid=0; risky=0; unknown=0
5603,>30M,sparta-wind.com,no,,,,0,,,no_public_email_found,not_flagged,contact_pages,,,,,,valid=0; invalid=0; risky=0; unknown=0
5604,>30M,terbergspecialvehicles.nl,no,,,,0,,address@example.com ; bootstrap@4.6.2 ; commercial.matec.fr@terberg.com ; contact.us@dennis-eagle.co.uk ; easy-autocomplete@1.3.5 ; info.group@terberg.com ; info@hs-fahrzeugbau.com ; info@manuport.it ; info@resitul.pt ; info@terberg-de.de ; info@terbergbenschop.nl ; info@terbergdts.co.uk ; info@terbergkinglifter.eu ; info@terbergmachines.nl ; info@terbergmatec.be ; info@terbergmatec.nl ; info@terbergmiddleeast.ae ; info@terbergrosroca.com ; info@terbergtechniek.nl ; info@terbergtractorsbelgium.be ; infobaarlo@terbergtechniek.nl ; jquery-validation-unobtrusive@3.2.12 ; jquery-validation@1.19.4 ; jquery-zoom@1.7.21 ; jquery@3.6.1 ; popper.js@1.16.1-lts ; rosroca@rosroca.com ; sales@dennis-eagle.com ; sales@terberg.co.uk ; sales@terbergtractors.nl ; someone@example.com ; ventas@terberg.es ; vue@2.7.14,showing_email_candidates,not_flagged,contact_pages,,,,,,valid=0; invalid=0; risky=0; unknown=0
5605,>30M,patatasmeseguer.com,yes,,,https://form.typeform.com/to/VRiOcSfc,0,,info@patatasmeseguer.com,showing_email_candidates,not_flagged,contact_pages,info@patatasmeseguer.com,,,,info@patatasmeseguer.com,valid=0; invalid=0; risky=0; unknown=1
5606,>30M,socialsecurityminnesota.com,no,,,,0,,,no_public_email_found,not_flagged,contact_pages,,,,,,valid=0; invalid=0; risky=0; unknown=0
5607,>30M,bloedelbuilders.com,yes,,,https://form.typeform.com/to/PPVMzNpM,0,,info@knownforquality.com ; nick@knownforquality.com,showing_email_candidates,not_flagged,contact_pages,,,,,,valid=0; invalid=0; risky=0; unknown=0
5608,>30M,bettertogift.com,yes,,,https://vzjwjndj8np.typeform.com/to/n9SZ9zTV,0,,chris@bettertogive.net ; help@bettertogive.net ; request@bettertogive.net,showing_email_candidates,not_flagged,contact_pages,,,,,,valid=0; invalid=0; risky=0; unknown=0
5609,>30M,othis.com,no,,,,0,,splide@3.2.2 ; splide@3.2.7,showing_email_candidates,not_flagged,contact_pages,,,,,,valid=0; invalid=0; risky=0; unknown=0
5610,>30M,belmont.co.nz,yes,,,https://form.typeform.com/to/TI4CDnzx,0,,rick@belmont.co.nz,showing_email_candidates,not_flagged,contact_pages,,,,,,valid=0; invalid=0; risky=0; unknown=0
5611,>30M,buildingswell.com,no,,,https://buildingswell.typeform.com/,0,,careers@buildingswell.com ; grained@0.0.2,showing_email_candidates,not_flagged,contact_pages,careers@buildingswell.com,careers@buildingswell.com,,,,valid=1; invalid=0; risky=0; unknown=0
5612,>30M,tylerrasch.com,yes,,,,0,,contact@tylerrasch.com ; pr@tylerrasch.com,showing_email_candidates,not_flagged,contact_pages,contact@tylerrasch.com,contact@tylerrasch.com,,,,valid=1; invalid=0; risky=0; unknown=0
5613,>30M,thestorybooktheatre.com,yes,,,,0,,,no_public_email_found,not_flagged,contact_pages,,,,,,valid=0; invalid=0; risky=0; unknown=0
5614,>30M,tree-pharmacy.com,no,,,,0,,,no_public_email_found,not_flagged,contact_pages,,,,,,valid=0; invalid=0; risky=0; unknown=0
5615,>30M,quikpax.com,yes,,,https://53v5xztxdl9.typeform.com/to/gipV7xZY ; https://embed.typeform.com/,0,,info@quikpax.com ; rseay@quikpax.com,showing_email_candidates,not_flagged,contact_pages,info@quikpax.com,,,,info@quikpax.com,valid=0; invalid=0; risky=0; unknown=1
5616,>30M,sadatkarim.com,no,,,,0,,,no_public_email_found,not_flagged,contact_pages,,,,,,valid=0; invalid=0; risky=0; unknown=0
5617,>30M,225colorado.com,yes,,,https://andrew387.typeform.com/to/zBW80p,0,,,no_public_email_found,not_flagged,contact_pages,,,,,,valid=0; invalid=0; risky=0; unknown=0
5618,>30M,wealthplanpartner.com,no,,,,0,,angela@wealthplanpartner.com,showing_email_candidates,not_flagged,contact_pages,,,,,,valid=0; invalid=0; risky=0; unknown=0
5619,>30M,coelevation.com,yes,,,,0,,,no_public_email_found,not_flagged,contact_pages,,,,,,valid=0; invalid=0; risky=0; unknown=0
5620,>30M,expats-handball.org,yes,,,,0,,,no_public_email_found,not_flagged,contact_pages,,,,,,valid=0; invalid=0; risky=0; unknown=0
5621,>30M,styleme-now.com,yes,,,https://form.typeform.com/to/NQ9Mrvp2,0,,michelle@styleme-now.com,showing_email_candidates,not_flagged,contact_pages,,,,,,valid=0; invalid=0; risky=0; unknown=0
5622,>30M,restobmk.com,no,,,,0,,,no_public_email_found,not_flagged,contact_pages,,,,,,valid=0; invalid=0; risky=0; unknown=0
5623,>30M,getfreescale.com,no,,,,0,,,no_public_email_found,not_flagged,contact_pages,,,,,,valid=0; invalid=0; risky=0; unknown=0
5624,>30M,alicealbrecht.com,no,,,,0,,alpinejs@3.10.5,showing_email_candidates,not_flagged,contact_pages,,,,,,valid=0; invalid=0; risky=0; unknown=0
5625,>30M,colorhauspaint.com,no,,,,0,,jeff@colorhauspaint.com,showing_email_candidates,not_flagged,contact_pages,,,,,,valid=0; invalid=0; risky=0; unknown=0
5626,>30M,claritoyraspao.com,no,,,,0,,,no_public_email_found,not_flagged,contact_pages,,,,,,valid=0; invalid=0; risky=0; unknown=0
5627,>30M,tribecustom.com,yes,,,https://bakdrop.typeform.com/to/nlpxkzkJ ; https://bakdrop.typeform.com/to/oEU5nBRX,0,,artwork@tribesocks.com ; orders@tribesocks.com,showing_email_candidates,not_flagged,contact_pages,,,,,,valid=0; invalid=0; risky=0; unknown=0
5628,>30M,emploigatineau.com,no,,,,0,,bonjour@email.com ; careers@entreprise.com ; jobs@techcorp.com ; votre.email@exemple.com ; votre@email.com,showing_email_candidates,not_flagged,contact_pages,,,,,,valid=0; invalid=0; risky=0; unknown=0
5629,>30M,goedit.me,yes,,,https://rameerez.typeform.com/to/QyqcvD,0,,bootstrap@4.6.2 ; hi@goedit.me ; your@email.com,showing_email_candidates,not_flagged,contact_pages,,,,,,valid=0; invalid=0; risky=0; unknown=0
5630,>30M,hollingsworthconsulting.com,no,,,https://hollingsworthconsulting.typeform.com/,0,,info@hollingsworthconsulting.com ; kane@glberg.com,showing_email_candidates,not_flagged,contact_pages,info@hollingsworthconsulting.com,,,,info@hollingsworthconsulting.com,valid=0; invalid=0; risky=0; unknown=1
5631,>30M,delatour.eu,yes,,,https://96kqy5z86ll.typeform.com/to/H1EWRoJw,0,,projects@delatour.eu,showing_email_candidates,not_flagged,contact_pages,,,,,,valid=0; invalid=0; risky=0; unknown=0
5632,>30M,topmarketresearchcompanies.com,no,,,https://embed.typeform.com/,0,,jane@example.com,showing_email_candidates,not_flagged,contact_pages,,,,,,valid=0; invalid=0; risky=0; unknown=0
5633,>30M,iniciar.mx,no,,,,0,,aldo.fornelli@iniciar.mx ; alejandro.ballesteros@iniciar.mx ; evaristo.martinez@iniciar.mx ; francisco.salcido@iniciar.mx ; griselda.vargas@iniciar.mx ; info@iniciar.mx ; laura.garcia@iniciar.mx ; rene.ayala@iniciar.mx ; rocio.garcia@iniciar.mx ; sandra.escobar@iniciar.mx,showing_email_candidates,not_flagged,contact_pages,info@iniciar.mx,,,,info@iniciar.mx,valid=0; invalid=0; risky=0; unknown=1
5634,>30M,101waystoenjoythemosaic.com,yes,,,https://embed.typeform.com/ ; https://skotwelch1.typeform.com/to/KqImcp,0,,101-ways-your-way@2x.png ; skot-welch-headshot@2x.jpg,showing_email_candidates,not_flagged,contact_pages,,,,,,valid=0; invalid=0; risky=0; unknown=0
5635,>30M,message.pt,no,,,,0,,hello@message.pt ; lenis@1.2.3,showing_email_candidates,not_flagged,contact_pages,hello@message.pt,hello@message.pt,,,,valid=1; invalid=0; risky=0; unknown=0
5636,>30M,onestopfs.com,no,,,,0,,info@indiantypefoundry.com,showing_email_candidates,not_flagged,contact_pages,,,,,,valid=0; invalid=0; risky=0; unknown=0
5637,>30M,quincyfcc.com,no,,,,0,,admin@quincyfcc.com ; info@quincyfcc.com,showing_email_candidates,not_flagged,contact_pages,admin@quincyfcc.com ; info@quincyfcc.com,admin@quincyfcc.com,,,info@quincyfcc.com,valid=1; invalid=0; risky=0; unknown=1
5638,>30M,3dprintnow.org,yes,,,,0,,privacy@3dprintnow.org,showing_email_candidates,not_flagged,contact_pages,,,,,,valid=0; invalid=0; risky=0; unknown=0
5639,>30M,asiatechweek.com,yes,,,https://5kov2w9fl89.typeform.com/to/xivwfX13,0,,hello@asiatechweek.co,showing_email_candidates,not_flagged,contact_pages,,,,,,valid=0; invalid=0; risky=0; unknown=0
5640,>30M,naturalstockcare.com,yes,,,,0,,andrew@naturalstockcare.ie ; ciara@naturalstockcare.ie ; eoin@naturalstockcare.ie ; info@naturalstockcare.co.uk ; kevin@naturalstockcare.ie ; name@company.com,showing_email_candidates,not_flagged,contact_pages,,,,,,valid=0; invalid=0; risky=0; unknown=0
5641,>30M,hydrogroup.pl,no,,,,0,,bootstrap@5.3.3 ; kontakt@hydrogroup.pl,showing_email_candidates,not_flagged,contact_pages,,,,,,valid=0; invalid=0; risky=0; unknown=0
5642,>30M,secure-senior.com,yes,,,https://form.typeform.com/to/AtxAK0HX ; https://form.typeform.com/to/Y6qVQz3y,0,,,no_public_email_found,not_flagged,contact_pages,,,,,,valid=0; invalid=0; risky=0; unknown=0
5643,>30M,xplorefrance.com,no,,,,0,,faustine@xplore-voyages.com ; gustavo@xplore-voyages.com,showing_email_candidates,not_flagged,contact_pages,,,,,,valid=0; invalid=0; risky=0; unknown=0
5644,>30M,adamsfabrics.com,yes,,,https://rjwztr4fx09.typeform.com/to/RTIoKt33,0,,ninfo@adamsfabrics.com,showing_email_candidates,not_flagged,contact_pages,,,,,,valid=0; invalid=0; risky=0; unknown=0
5645,>30M,shell-bd.com,no,,,,0,,info@shell-bd.com ; info@shelljp.com,showing_email_candidates,not_flagged,contact_pages,info@shell-bd.com,,,,info@shell-bd.com,valid=0; invalid=0; risky=0; unknown=1
5646,>30M,teenysexpics.com,no,,,,0,,,no_public_email_found,not_flagged,contact_pages,,,,,,valid=0; invalid=0; risky=0; unknown=0
5647,>30M,propertysaleforcash.com,no,,,,0,,,no_public_email_found,not_flagged,contact_pages,,,,,,valid=0; invalid=0; risky=0; unknown=0
5648,>30M,flyhighfive.com,yes,,,,0,,,no_public_email_found,not_flagged,contact_pages,,,,,,valid=0; invalid=0; risky=0; unknown=0
5649,>30M,infinitycollectors.com,no,,,,0,,,no_public_email_found,not_flagged,contact_pages,,,,,,valid=0; invalid=0; risky=0; unknown=0
5650,>30M,alphabetaventures.com,yes,,,,0,,,no_public_email_found,not_flagged,contact_pages,,,,,,valid=0; invalid=0; risky=0; unknown=0
5651,>30M,accesenergie.com,no,,,,0,,,no_public_email_found,not_flagged,contact_pages,,,,,,valid=0; invalid=0; risky=0; unknown=0
5652,>30M,lesuede.com,yes,,,,0,,,no_public_email_found,not_flagged,contact_pages,,,,,,valid=0; invalid=0; risky=0; unknown=0
5653,>30M,marupets.com,no,,,,0,,,no_public_email_found,not_flagged,contact_pages,,,,,,valid=0; invalid=0; risky=0; unknown=0
5654,>30M,terbergmatec.fr,no,,,,0,,bootstrap@4.6.2 ; commercial.matec.fr@terberg.com ; contact.matec.fr@terberg.com ; easy-autocomplete@1.3.5 ; jquery-validation-unobtrusive@3.2.12 ; jquery-validation@1.19.4 ; jquery-zoom@1.7.21 ; jquery@3.6.1 ; pieces.detachees.matec.fr@terberg.com ; popper.js@1.16.1-lts ; sav.matec.fr@terberg.com ; vue@2.7.14,showing_email_candidates,not_flagged,contact_pages,,,,,,valid=0; invalid=0; risky=0; unknown=0
5655,>30M,xceleratetalent.com,yes,,,https://laymzfh8q8o.typeform.com/to/zR2J4SQm,0,,hello@xceleratetalent.com ; slick-carousel@1.8.1,showing_email_candidates,not_flagged,contact_pages,hello@xceleratetalent.com,hello@xceleratetalent.com,,,,valid=1; invalid=0; risky=0; unknown=0
5656,>30M,alpinerally.org,yes,,,https://embed.typeform.com/ ; https://travelbase.pro.typeform.com/to/dL9KNgkV ; https://travelbase.typeform.com/to/Mr6AjV3o ; https://travelbase.typeform.com/to/TD3IPEuy,0,,d020ffd2748b1ad387ba8eb63675f2ac@o4505114921795584.ingest.us.sentry.io ; info@rallyriders.org,showing_email_candidates,not_flagged,contact_pages,,,,,,valid=0; invalid=0; risky=0; unknown=0
5657,>30M,stupidgopher.com,no,,,,0,,,no_public_email_found,not_flagged,contact_pages,,,,,,valid=0; invalid=0; risky=0; unknown=0
5658,>30M,reservaaustral.com,no,,,,0,,,no_public_email_found,not_flagged,contact_pages,,,,,,valid=0; invalid=0; risky=0; unknown=0
5659,>30M,annchristy.be,yes,,,,0,,,no_public_email_found,not_flagged,contact_pages,,,,,,valid=0; invalid=0; risky=0; unknown=0
5660,>30M,alejandramielke.com,yes,,,https://form.typeform.com/to/fsbdUJHM,0,,alejandra@alejandramielke.com,showing_email_candidates,not_flagged,contact_pages,,,,,,valid=0; invalid=0; risky=0; unknown=0
5661,>30M,gh-kaen.com,no,,,,0,,,no_public_email_found,not_flagged,contact_pages,,,,,,valid=0; invalid=0; risky=0; unknown=0
5662,>30M,maxifast.com.au,yes,,,https://form.typeform.com/to/TYp6M5JA,0,,australia@maxifast.com.au ; johnsmith@example.com,showing_email_candidates,not_flagged,contact_pages,,,,,,valid=0; invalid=0; risky=0; unknown=0
5663,>30M,francescafulceri.com,no,,,,0,,,no_public_email_found,not_flagged,contact_pages,,,,,,valid=0; invalid=0; risky=0; unknown=0
5664,>30M,tiffanybooker.com,yes,,,,0,,,no_public_email_found,not_flagged,contact_pages,,,,,,valid=0; invalid=0; risky=0; unknown=0
5665,>30M,piedaterre.eu,yes,,,https://xeaacyidnes.typeform.com/to/KT5NTLJ6,0,,contact@company.com ; info@company.com,showing_email_candidates,not_flagged,contact_pages,,,,,,valid=0; invalid=0; risky=0; unknown=0
5666,>30M,andreas-scholz.info,no,,,,0,,,no_public_email_found,not_flagged,contact_pages,,,,,,valid=0; invalid=0; risky=0; unknown=0
5667,>30M,homestudios.co,yes,,,https://homestudios.typeform.com/to/ncsaNPyb ; https://homestudios.typeform.com/to/TeijIQjr,0,,,no_public_email_found,not_flagged,contact_pages,,,,,,valid=0; invalid=0; risky=0; unknown=0
5668,>30M,malelectronics.be,yes,,,https://58icsojfnzb.typeform.com/to/BXlo08ws,0,,contact@malelectronics.be,showing_email_candidates,not_flagged,contact_pages,contact@malelectronics.be,contact@malelectronics.be,,,,valid=1; invalid=0; risky=0; unknown=0
5669,>30M,trials4all.com,yes,,,https://form.typeform.com/to/wYg9SZR6,0,,,no_public_email_found,not_flagged,contact_pages,,,,,,valid=0; invalid=0; risky=0; unknown=0
5670,>30M,vatrion.com,no,,,,0,,,no_public_email_found,not_flagged,contact_pages,,,,,,valid=0; invalid=0; risky=0; unknown=0
5671,>30M,sdc-health.ch,no,,,,0,,health.network@eda.admin.ch ; health@eda.amin.ch,showing_email_candidates,not_flagged,contact_pages,,,,,,valid=0; invalid=0; risky=0; unknown=0
5672,>30M,dieselnet.ro,no,,,,0,,,no_public_email_found,not_flagged,contact_pages,,,,,,valid=0; invalid=0; risky=0; unknown=0
5673,>30M,brantfordmalldental.ca,yes,,,https://embed.typeform.com/ ; https://revupgroup.typeform.com/to/HzaEr9Rq,0,,info@brantfordmalldental.ca,showing_email_candidates,not_flagged,contact_pages,info@brantfordmalldental.ca,,,,info@brantfordmalldental.ca,valid=0; invalid=0; risky=0; unknown=1
5674,>30M,uppercloud.com,no,,,,0,,hello@uppercloud.com,showing_email_candidates,not_flagged,contact_pages,hello@uppercloud.com,hello@uppercloud.com,,,,valid=1; invalid=0; risky=0; unknown=0
5675,>30M,moodyboudie.com,no,,,,0,,hello@moodyboudie.com ; info@allthingsboudoir.com,showing_email_candidates,not_flagged,contact_pages,hello@moodyboudie.com,hello@moodyboudie.com,,,,valid=1; invalid=0; risky=0; unknown=0
5676,>30M,setupe.com,no,,,,0,,,no_public_email_found,not_flagged,contact_pages,,,,,,valid=0; invalid=0; risky=0; unknown=0
5677,>30M,bazdental.com,no,,,,0,,baz_logo_lockup_black_150x@2x.png ; baz_logo_lockup_white_155x@2x.png,showing_email_candidates,not_flagged,contact_pages,,,,,,valid=0; invalid=0; risky=0; unknown=0
5678,>30M,altcs.org,no,,,,0,,,no_public_email_found,not_flagged,contact_pages,,,,,,valid=0; invalid=0; risky=0; unknown=0
5679,>30M,makearocket.com,no,,,,0,,,no_public_email_found,not_flagged,contact_pages,,,,,,valid=0; invalid=0; risky=0; unknown=0
5680,>30M,limecare.com,yes,,,https://j4stijvt2js.typeform.com/to/lRrkDlbS ; https://j4stijvt2js.typeform.com/to/PuRatBkJ,0,,,no_public_email_found,not_flagged,contact_pages,,,,,,valid=0; invalid=0; risky=0; unknown=0
5681,>30M,bestlandscapersatlanta.com,no,,,https://embed.typeform.com/,0,,bootstrap@5.3.0,showing_email_candidates,not_flagged,contact_pages,,,,,,valid=0; invalid=0; risky=0; unknown=0
5682,>30M,buildup.sk,no,,,,0,,info@buildup.sk,showing_email_candidates,not_flagged,contact_pages,info@buildup.sk,,,,info@buildup.sk,valid=0; invalid=0; risky=0; unknown=1
5683,>30M,ethanlofton.com,no,,,,0,,asavitsky@upptic.com,showing_email_candidates,not_flagged,contact_pages,,,,,,valid=0; invalid=0; risky=0; unknown=0
5684,>30M,mmjuice.net,no,,,,0,,,no_public_email_found,not_flagged,contact_pages,,,,,,valid=0; invalid=0; risky=0; unknown=0
5685,>30M,epicshot.co.nz,no,,,,0,,,no_public_email_found,not_flagged,contact_pages,,,,,,valid=0; invalid=0; risky=0; unknown=0
5686,>30M,hormonefitness.com,no,,,https://hormonefitness.typeform.com/,0,,info@hormonefitness.com,showing_email_candidates,not_flagged,contact_pages,info@hormonefitness.com,,,,info@hormonefitness.com,valid=0; invalid=0; risky=0; unknown=1
5687,>30M,reseaux-fuites.com,yes,,,https://survey.typeform.com/to/kvJJrUqS,0,,,no_public_email_found,not_flagged,contact_pages,,,,,,valid=0; invalid=0; risky=0; unknown=0
5688,>30M,megaphonestudio.com,no,,,https://s665g04yp0s.typeform.com/to/Cn9ED9Pl,0,,,no_public_email_found,not_flagged,contact_pages,,,,,,valid=0; invalid=0; risky=0; unknown=0
5689,>30M,learnfully.com,no,,,,0,,contact@learnfully.com ; popper.js@1.16.1,showing_email_candidates,not_flagged,contact_pages,contact@learnfully.com,contact@learnfully.com,,,,valid=1; invalid=0; risky=0; unknown=0
5690,>30M,nlchurch.ca,yes,,,https://mdiasnv.typeform.com/to/WzESmvSf ; https://mdiasnv.typeform.com/to/zUIdWCae,0,,info@nlchurch.ca,showing_email_candidates,not_flagged,contact_pages,info@nlchurch.ca,,,,info@nlchurch.ca,valid=0; invalid=0; risky=0; unknown=1
5691,>30M,vespermedia.net,no,,,,0,,,no_public_email_found,not_flagged,contact_pages,,,,,,valid=0; invalid=0; risky=0; unknown=0
5692,>30M,zoesearch.com,no,,,,0,,,no_public_email_found,not_flagged,contact_pages,,,,,,valid=0; invalid=0; risky=0; unknown=0
5693,>30M,laboratoria.la,yes,,,,0,,,no_public_email_found,not_flagged,contact_pages,,,,,,valid=0; invalid=0; risky=0; unknown=0
5694,>30M,flatwater.org,yes,,,https://gnrls0yl5rp.typeform.com/to/eHfRBEih,0,,becky@flatwater.org ; callie@flatwater.org ; info@flatwater.org,showing_email_candidates,not_flagged,contact_pages,info@flatwater.org,,,,info@flatwater.org,valid=0; invalid=0; risky=0; unknown=1
5695,>30M,drrichardshuster.com,no,,,,0,,core@3.27.0 ; styles@1.4.1,showing_email_candidates,not_flagged,contact_pages,,,,,,valid=0; invalid=0; risky=0; unknown=0
5696,>30M,rmdtraining.com,yes,,,,0,,,no_public_email_found,not_flagged,contact_pages,,,,,,valid=0; invalid=0; risky=0; unknown=0
5697,>30M,scoutandfriends.com,no,,,,0,,13e49d785d8d4f828038b6136f3b48ba@sentry.io ; kayla@scoutandfriends.com,showing_email_candidates,not_flagged,contact_pages,,,,,,valid=0; invalid=0; risky=0; unknown=0
5698,>30M,sanfordhealthfoundation.org,no,,,,0,,foundation@sanfordhealth.org ; hahn.taylor@marshfieldclinic.org ; hillery.mork@sanfordhealth.org ; kayla.gullickson@sanfordhealth.org ; shfoundation.bemidji@sanfordhealth.org ; shfoundation.bismarck@sanfordhealth.org ; shfoundation.fargo@sanfordhealth.org ; shfoundation.marshfield@sanfordhealth.org ; shfoundation.siouxfalls@sanfordhealth.org,showing_email_candidates,not_flagged,contact_pages,,,,,,valid=0; invalid=0; risky=0; unknown=0
5699,>30M,litcomms.com,no,,,,0,,andrew@litcomms.com,showing_email_candidates,not_flagged,contact_pages,,,,,,valid=0; invalid=0; risky=0; unknown=0
5700,>30M,giacomolangella.com,no,,,,0,,hello@giacomolangella.com,showing_email_candidates,not_flagged,contact_pages,hello@giacomolangella.com,hello@giacomolangella.com,,,,valid=1; invalid=0; risky=0; unknown=0
5701,>30M,assicurato.org,yes,,,https://tauvisual.typeform.com/to/tcIUYi,0,,,no_public_email_found,not_flagged,contact_pages,,,,,,valid=0; invalid=0; risky=0; unknown=0
5702,>30M,trendytools.eu,no,,,,0,,,no_public_email_found,not_flagged,contact_pages,,,,,,valid=0; invalid=0; risky=0; unknown=0
5703,>30M,parkerfinancial.com,no,,,,0,,info@parkerfinancial.com ; pat@parkerfinancial.com ; patty@parkerfinancial.com ; rhonda@parkerfinancial.com ; robbie@parkerfinancial.com,showing_email_candidates,not_flagged,contact_pages,info@parkerfinancial.com,,,,info@parkerfinancial.com,valid=0; invalid=0; risky=0; unknown=1
5704,>30M,sandsystem.com,no,,,,0,,,no_public_email_found,not_flagged,contact_pages,,,,,,valid=0; invalid=0; risky=0; unknown=0
5705,>30M,kukado.com,no,,,https://f3vkofeze5h.typeform.com/,0,,,no_public_email_found,not_flagged,contact_pages,,,,,,valid=0; invalid=0; risky=0; unknown=0
5706,>30M,sacbagage.com,no,,,,0,,,no_public_email_found,not_flagged,contact_pages,,,,,,valid=0; invalid=0; risky=0; unknown=0
5707,>30M,subtextos.com,no,,,,0,,colabora@subtextos.com ; info@subtextos.com,showing_email_candidates,not_flagged,contact_pages,info@subtextos.com,,,,info@subtextos.com,valid=0; invalid=0; risky=0; unknown=1
5708,>30M,launchinglab.com,no,,,,0,,,no_public_email_found,not_flagged,contact_pages,,,,,,valid=0; invalid=0; risky=0; unknown=0
5709,>30M,sekence.fr,yes,,,https://cr0dkiegg5n.typeform.com/to/MAtpg3Kr,0,,l.giraudeau@sekence.fr,showing_email_candidates,not_flagged,contact_pages,,,,,,valid=0; invalid=0; risky=0; unknown=0
5710,>30M,wallstreetu.com,yes,,,,0,,,no_public_email_found,not_flagged,contact_pages,,,,,,valid=0; invalid=0; risky=0; unknown=0
5711,>30M,brandswebuild.com,yes,,,https://ept08yfqbwn.typeform.com/to/OitRaQiN,0,,nhola@brandswebuild.com,showing_email_candidates,not_flagged,contact_pages,,,,,,valid=0; invalid=0; risky=0; unknown=0
5712,>30M,world-your.com,no,,,,0,,worldyour2020@gmail.com,showing_email_candidates,not_flagged,contact_pages,,,,,,valid=0; invalid=0; risky=0; unknown=0
5713,>30M,camdencc.com,yes,,,https://form.typeform.com/to/MCkQUhEd,0,,camdencricketclub@gmail.com,showing_email_candidates,not_flagged,contact_pages,,,,,,valid=0; invalid=0; risky=0; unknown=0
5714,>30M,keragon.com,no,,,,0,,example@email.com,showing_email_candidates,not_flagged,contact_pages,,,,,,valid=0; invalid=0; risky=0; unknown=0
5715,>30M,pchen.me,no,,,,0,,,no_public_email_found,not_flagged,contact_pages,,,,,,valid=0; invalid=0; risky=0; unknown=0
5716,>30M,bluemonster.pl,no,,,,0,,biuro@bluemonster.pl,showing_email_candidates,not_flagged,contact_pages,,,,,,valid=0; invalid=0; risky=0; unknown=0
5717,>30M,took.biz,no,,,,0,,,no_public_email_found,not_flagged,contact_pages,,,,,,valid=0; invalid=0; risky=0; unknown=0
5718,>30M,peniches-evenementielles.com,yes,,,https://evenementiel.typeform.com/to/ibg2sl,0,,,no_public_email_found,not_flagged,contact_pages,,,,,,valid=0; invalid=0; risky=0; unknown=0
5719,>30M,renovata.com,no,,,,0,,contact@renovata.com ; info@renovatacribb.de ; info@segalen-associes.com,showing_email_candidates,not_flagged,contact_pages,contact@renovata.com,contact@renovata.com,,,,valid=1; invalid=0; risky=0; unknown=0
5720,>30M,turnupp.com,yes,,,,0,,,no_public_email_found,not_flagged,contact_pages,,,,,,valid=0; invalid=0; risky=0; unknown=0
5721,>30M,getmaxcredit.com,no,,,,0,,flags@2x.png ; your@email.com,showing_email_candidates,not_flagged,contact_pages,,,,,,valid=0; invalid=0; risky=0; unknown=0
5722,>30M,essentialelement.ca,yes,,,https://form.typeform.com/to/ESECFLUF,0,,lenis@1.0.33,showing_email_candidates,not_flagged,contact_pages,,,,,,valid=0; invalid=0; risky=0; unknown=0
5723,>30M,videomadeeasy.com.au,yes,,,,0,,,no_public_email_found,not_flagged,contact_pages,,,,,,valid=0; invalid=0; risky=0; unknown=0
5724,>30M,jambowa.nl,no,,,,0,,,no_public_email_found,not_flagged,contact_pages,,,,,,valid=0; invalid=0; risky=0; unknown=0
5725,>30M,lantmannenagro.com,no,,,,0,,lantbruk.kundtjanst@lantmannen.com ; splide@4.1.4,showing_email_candidates,not_flagged,contact_pages,,,,,,valid=0; invalid=0; risky=0; unknown=0
5726,>30M,naikai-kisen.com,no,,,,0,,,no_public_email_found,not_flagged,contact_pages,,,,,,valid=0; invalid=0; risky=0; unknown=0
5727,>30M,clearpathengineering.ca,no,,,,0,,,no_public_email_found,not_flagged,contact_pages,,,,,,valid=0; invalid=0; risky=0; unknown=0
5728,>30M,hello-new-york.com,yes,,,https://6slgq8wcge0.typeform.com/to/tZVeHYMW,0,,,no_public_email_found,not_flagged,contact_pages,,,,,,valid=0; invalid=0; risky=0; unknown=0
5729,>30M,futurenow.co,no,,,,0,,,no_public_email_found,not_flagged,contact_pages,,,,,,valid=0; invalid=0; risky=0; unknown=0
5730,>30M,sepedafamily.com,no,,,,0,,,no_public_email_found,not_flagged,contact_pages,,,,,,valid=0; invalid=0; risky=0; unknown=0
5731,>30M,metricabrasil.com,yes,,,https://cz6eneqapcv.typeform.com/to/V9TEGTsT,0,,,no_public_email_found,not_flagged,contact_pages,,,,,,valid=0; invalid=0; risky=0; unknown=0
5732,>30M,endatix.com,no,,,,0,,info@endatix.com,showing_email_candidates,not_flagged,contact_pages,info@endatix.com,,,,info@endatix.com,valid=0; invalid=0; risky=0; unknown=1
5733,>30M,jameswarrenphotography.com,yes,,,,0,,warrecophoto@gmail.com,showing_email_candidates,not_flagged,contact_pages,,,,,,valid=0; invalid=0; risky=0; unknown=0
5734,>30M,neuroflow.com,no,,,,0,,,no_public_email_found,not_flagged,contact_pages,,,,,,valid=0; invalid=0; risky=0; unknown=0
5735,>30M,tymczas.pl,no,,,,0,,,no_public_email_found,not_flagged,contact_pages,,,,,,valid=0; invalid=0; risky=0; unknown=0
5736,>30M,growup-cross.com,no,,,,0,,y.growup1212@gmail.com,showing_email_candidates,not_flagged,contact_pages,,,,,,valid=0; invalid=0; risky=0; unknown=0
5737,>30M,vanessaperrone.com,yes,,,https://6h4snstxf09.typeform.com/to/aNDn02yE,0,,about-healthy-habits@2x-1-300x220.jpg ; about-healthy-habits@2x-1.jpg ; about-mediterranean-cooking@2x-1-300x220.jpg ; about-mediterranean-cooking@2x-1.jpg ; about-mindless-eating@2x-1-300x220.jpg ; about-mindless-eating@2x-1.jpg ; about-official-bio@2x.jpg ; about-quote-icon@2x.png ; about-speaker@2x-230x300.jpg ; about-speaker@2x-768x1002.jpg ; about-speaker@2x-785x1024.jpg ; about-speaker@2x.jpg ; about-vanessa@2x-222x300.jpg ; about-vanessa@2x-757x1024.jpg ; about-vanessa@2x-768x1039.jpg ; about-vanessa@2x.jpg ; about-you@2x-218x300.jpg ; about-you@2x-744x1024.jpg ; about-you@2x-768x1057.jpg ; about-you@2x.jpg ; aon@2x.png ; broadsign@2x.png ; canadian-living@2x-1.png ; chatelaine@2x-300x38.png ; chatelaine@2x.png ; cmhc@2x.png ; contact@motivenutrition.com ; cropped-favicon@2x-180x180.png ; cropped-favicon@2x-192x192.png ; cropped-favicon@2x-270x270.png ; cropped-favicon@2x-32x32.png ; cropped-vanessa-perrone-logo@2x-300x18.png ; cropped-vanessa-perrone-logo@2x-768x47.png ; cropped-vanessa-perrone-logo@2x.png ; desjardins@2x.png ; elle-canada@2x.png ; global-montreal@2x.png ; home-about@2x-230x300.jpg ; home-about@2x-768x1002.jpg ; home-about@2x-785x1024.jpg ; home-about@2x.jpg ; huffington-post@2x.png ; momentis@2x.png ; one@2x.png ; otsuka@2x.png ; people-corporation@2x.png ; rbc@2x.png ; realterm@2x.png,showing_email_candidates,not_flagged,contact_pages,,,,,,valid=0; invalid=0; risky=0; unknown=0
5738,>30M,casba.fr,yes,,,https://t9ixzk6v9y6.typeform.com/to/e63s7DJO,0,,kelvin-js@0.0.8,showing_email_candidates,not_flagged,contact_pages,,,,,,valid=0; invalid=0; risky=0; unknown=0
5739,>30M,joinreflect.com,yes,,,https://reflect.typeform.com/to/D5gbYgxl ; https://reflect.typeform.com/to/HkpTayYn,0,,hello@joinreflect.com ; press@joinreflect.com,showing_email_candidates,not_flagged,contact_pages,hello@joinreflect.com ; press@joinreflect.com,hello@joinreflect.com,,,press@joinreflect.com,valid=1; invalid=0; risky=0; unknown=1
5740,>30M,itruffa.com,yes,,,https://form.typeform.com/to/CkHxAfu5,0,,demo@demo.com ; et@ensof.it,showing_email_candidates,not_flagged,contact_pages,,,,,,valid=0; invalid=0; risky=0; unknown=0
5741,>30M,toranku.com,no,,,,0,,,no_public_email_found,not_flagged,contact_pages,,,,,,valid=0; invalid=0; risky=0; unknown=0
5742,>30M,bestweddingplannersmiami.com,no,,,https://embed.typeform.com/,0,,,no_public_email_found,not_flagged,contact_pages,,,,,,valid=0; invalid=0; risky=0; unknown=0
5743,>30M,firstamericansolar.com,yes,,,https://firstamericansolar.typeform.com/to/V2Fjsr,0,,info@firstamericansolar.com,showing_email_candidates,not_flagged,contact_pages,info@firstamericansolar.com,,,,info@firstamericansolar.com,valid=0; invalid=0; risky=0; unknown=1
5744,>30M,seki-iin.com,no,,,,0,,,no_public_email_found,not_flagged,contact_pages,,,,,,valid=0; invalid=0; risky=0; unknown=0
5745,>30M,mitchamgasworks.com,no,,,,0,,,no_public_email_found,not_flagged,contact_pages,,,,,,valid=0; invalid=0; risky=0; unknown=0
5746,>30M,wastelandtravel.com,yes,,,,0,,,no_public_email_found,not_flagged,contact_pages,,,,,,valid=0; invalid=0; risky=0; unknown=0
5747,>30M,ziplunch.com,yes,,,,0,,,no_public_email_found,not_flagged,contact_pages,,,,,,valid=0; invalid=0; risky=0; unknown=0
5748,>30M,pillarschurch.com,no,,,,0,,,no_public_email_found,not_flagged,contact_pages,,,,,,valid=0; invalid=0; risky=0; unknown=0
5749,>30M,bloomgrowth.com,yes,,,https://form.typeform.com/to/I8DgbkbR,0,,,no_public_email_found,not_flagged,contact_pages,,,,,,valid=0; invalid=0; risky=0; unknown=0
5750,>30M,cardiff-builders.com,no,,,,0,,contact@cardiff-builders.com,showing_email_candidates,not_flagged,contact_pages,contact@cardiff-builders.com,contact@cardiff-builders.com,,,,valid=1; invalid=0; risky=0; unknown=0
5751,>30M,moonpas.com,no,,,,0,,contacto@alejandrovillarruel.com,showing_email_candidates,not_flagged,contact_pages,,,,,,valid=0; invalid=0; risky=0; unknown=0
5752,>30M,distort.tv,no,,,,0,,,no_public_email_found,not_flagged,contact_pages,,,,,,valid=0; invalid=0; risky=0; unknown=0
5753,>30M,keytower.com,yes,,,,0,,,no_public_email_found,not_flagged,contact_pages,,,,,,valid=0; invalid=0; risky=0; unknown=0
5754,>30M,sscac.ca,yes,,,,0,,info@sscac.ca,showing_email_candidates,not_flagged,contact_pages,info@sscac.ca,,,,info@sscac.ca,valid=0; invalid=0; risky=0; unknown=1
5755,>30M,fiesters.com,yes,,,,0,,,no_public_email_found,not_flagged,contact_pages,,,,,,valid=0; invalid=0; risky=0; unknown=0
5756,>30M,consultorexcel.com,no,,,,0,,,no_public_email_found,not_flagged,contact_pages,,,,,,valid=0; invalid=0; risky=0; unknown=0
5757,>30M,capitalroofingandconstruction.com,yes,,,,0,,,no_public_email_found,not_flagged,contact_pages,,,,,,valid=0; invalid=0; risky=0; unknown=0
5758,>30M,dashmath.com,no,,,,0,,support@motherduck.com,showing_email_candidates,not_flagged,contact_pages,,,,,,valid=0; invalid=0; risky=0; unknown=0
5759,>30M,tapouts.com,no,,,,0,,start@tapouts.com,showing_email_candidates,not_flagged,contact_pages,,,,,,valid=0; invalid=0; risky=0; unknown=0
5760,>30M,holistic-planet.com,yes,,,https://quiz.typeform.com/to/txz5Lf8N,0,,,no_public_email_found,not_flagged,contact_pages,,,,,,valid=0; invalid=0; risky=0; unknown=0
5761,>30M,fixmyforce.com,no,,,,0,,,no_public_email_found,not_flagged,contact_pages,,,,,,valid=0; invalid=0; risky=0; unknown=0
5762,>30M,outvestors.com,no,,,,0,,,no_public_email_found,not_flagged,contact_pages,,,,,,valid=0; invalid=0; risky=0; unknown=0
5763,>30M,morgofolietechniek.com,yes,,,https://create-convert.typeform.com/to/b26Ah3,0,,info@morgofolietechniek.com ; verkoop@morgofolietechniek.com,showing_email_candidates,not_flagged,contact_pages,info@morgofolietechniek.com,,,,info@morgofolietechniek.com,valid=0; invalid=0; risky=0; unknown=1
5764,>30M,getcovred.com,no,,,,0,,hello@getcovred.com ; timmy@getcovred.com,showing_email_candidates,not_flagged,contact_pages,hello@getcovred.com,,hello@getcovred.com,,,valid=0; invalid=1; risky=0; unknown=0
5765,>30M,notmyaudience.com,yes,,,https://form.typeform.com/to/hcfW8p ; https://form.typeform.com/to/zhUcpj,0,,,no_public_email_found,not_flagged,contact_pages,,,,,,valid=0; invalid=0; risky=0; unknown=0
5766,>30M,zijontwerpt.nl,no,,,,0,,silke@zijontwerpt.nl,showing_email_candidates,not_flagged,contact_pages,,,,,,valid=0; invalid=0; risky=0; unknown=0
5767,>30M,helpal.com,yes,,,https://form.typeform.com/to/a7j1xuFM,0,,info@helpal.com,showing_email_candidates,not_flagged,contact_pages,info@helpal.com,,,,info@helpal.com,valid=0; invalid=0; risky=0; unknown=1
5768,>30M,magneb6.com,no,,,,0,,,no_public_email_found,not_flagged,contact_pages,,,,,,valid=0; invalid=0; risky=0; unknown=0
5769,>30M,thecanoetrip.com,no,,,https://embed.typeform.com/ ; https://travelbase.typeform.com/ ; https://travelbase.typeform.com/to/dVoArjqB,0,,d020ffd2748b1ad387ba8eb63675f2ac@o4505114921795584.ingest.us.sentry.io ; info@thecanoetrip.com,showing_email_candidates,not_flagged,contact_pages,info@thecanoetrip.com,,,,info@thecanoetrip.com,valid=0; invalid=0; risky=0; unknown=1
5770,>30M,neverendingbacklog.com,no,,,,0,,,no_public_email_found,not_flagged,contact_pages,,,,,,valid=0; invalid=0; risky=0; unknown=0
5771,>30M,miine.com.au,yes,,,,0,,,no_public_email_found,not_flagged,contact_pages,,,,,,valid=0; invalid=0; risky=0; unknown=0
5772,>30M,cerne-allora.org,no,,,,0,,,no_public_email_found,not_flagged,contact_pages,,,,,,valid=0; invalid=0; risky=0; unknown=0
5773,>30M,burb.co,no,,,,0,,,no_public_email_found,not_flagged,contact_pages,,,,,,valid=0; invalid=0; risky=0; unknown=0
5774,>30M,monkiebiz.com,no,,,https://embed.typeform.com/,0,,,no_public_email_found,not_flagged,contact_pages,,,,,,valid=0; invalid=0; risky=0; unknown=0
5775,>30M,identiq.net,yes,,,,0,,,no_public_email_found,not_flagged,contact_pages,,,,,,valid=0; invalid=0; risky=0; unknown=0
5776,>30M,stakeholderlabs.com,yes,,,https://form.typeform.com/to/QLkJgVAe,0,,,no_public_email_found,not_flagged,contact_pages,,,,,,valid=0; invalid=0; risky=0; unknown=0
5777,>30M,landscapearena.com,yes,,,https://0eaubdgav5k.typeform.com/to/m5qAAeMd,0,,erik.benoit@paris.fr ; hello@landscapearena.com,showing_email_candidates,not_flagged,contact_pages,hello@landscapearena.com,hello@landscapearena.com,,,,valid=1; invalid=0; risky=0; unknown=0
5778,>30M,kaitai-kenshin.com,no,,,,0,,,no_public_email_found,not_flagged,contact_pages,,,,,,valid=0; invalid=0; risky=0; unknown=0
5779,>30M,whitedental.org,no,,,,0,,slick-carousel@1.8.1,showing_email_candidates,not_flagged,contact_pages,,,,,,valid=0; invalid=0; risky=0; unknown=0
5780,>30M,travelboliviaperu.com,no,,,,0,,alguien@example.com ; flags@2x.png ; info@solespanama.com ; info@travelboliviaperu.com ; reservasperubolivia@gmail.com ; turismoperuboliviainfo@gmail.com,showing_email_candidates,not_flagged,contact_pages,info@travelboliviaperu.com,,,,info@travelboliviaperu.com,valid=0; invalid=0; risky=0; unknown=1
5781,>30M,accurateiontechnologies.com,no,,,,0,,,no_public_email_found,not_flagged,contact_pages,,,,,,valid=0; invalid=0; risky=0; unknown=0
5782,>30M,wejustgotengaged.com,no,,,,0,,,no_public_email_found,not_flagged,contact_pages,,,,,,valid=0; invalid=0; risky=0; unknown=0
5783,>30M,emmettsoldati.com,yes,,,https://form.typeform.com/to/enLtw0DV,0,,hello@emmettsoldati.com,showing_email_candidates,not_flagged,contact_pages,hello@emmettsoldati.com,hello@emmettsoldati.com,,,,valid=1; invalid=0; risky=0; unknown=0
5784,>30M,scauwg.org,yes,,,https://sur-vey.typeform.com/to/kynsOhgp,0,,contactus@scauwg.org,showing_email_candidates,not_flagged,contact_pages,,,,,,valid=0; invalid=0; risky=0; unknown=0
5785,>30M,tsbdirect.com,yes,,,https://lightspeed-commerce.typeform.com/to/g1vcP7FR,0,,example@email.com ; example@mail.com ; info@tsb-sales.com ; john.doe@email.com,showing_email_candidates,not_flagged,contact_pages,,,,,,valid=0; invalid=0; risky=0; unknown=0
5786,>30M,netsolutionsitc.com,yes,,,https://form.typeform.com/to/z8kDTzOc,0,,info@netsolutionsitc.com,showing_email_candidates,not_flagged,contact_pages,info@netsolutionsitc.com,,,,info@netsolutionsitc.com,valid=0; invalid=0; risky=0; unknown=1
5787,>30M,igniteinvesting.com,yes,,,https://hhwm.typeform.com/to/tctdW4,0,,ignite@hendershottwealth.com,showing_email_candidates,not_flagged,contact_pages,,,,,,valid=0; invalid=0; risky=0; unknown=0
5788,>30M,barkis.com,yes,,,https://9scovnfagtt.typeform.com/to/erUUEBBS,0,,apparel-mockup-scene@2x-1024x1024-1.jpeg ; austin@barkis.com ; candle-jar-package-mockup-scene@2x.jpeg ; careers@barkis.com ; hello@barkis.com,showing_email_candidates,not_flagged,contact_pages,careers@barkis.com ; hello@barkis.com,careers@barkis.com ; hello@barkis.com,,,,valid=2; invalid=0; risky=0; unknown=0
5789,>30M,gartenbau-frank.de,no,,,,0,,info@gartenbau-frank.de ; info@onlinemedialoewen.de,showing_email_candidates,not_flagged,contact_pages,info@gartenbau-frank.de,,,,info@gartenbau-frank.de,valid=0; invalid=0; risky=0; unknown=1
5790,>30M,accidentlawyerwebsites.com,yes,,,,0,,,no_public_email_found,not_flagged,contact_pages,,,,,,valid=0; invalid=0; risky=0; unknown=0
5791,>30M,vertocoaching.com,no,,,https://embed.typeform.com/ ; https://vertocoaching.typeform.com/,0,,team@vertocoaching.com,showing_email_candidates,not_flagged,contact_pages,team@vertocoaching.com,,,,team@vertocoaching.com,valid=0; invalid=0; risky=0; unknown=1
5792,>30M,thecontentbrewery.com,yes,,,,0,,,no_public_email_found,not_flagged,contact_pages,,,,,,valid=0; invalid=0; risky=0; unknown=0
5793,>30M,thesinglesrant.com,yes,,,,0,,,no_public_email_found,not_flagged,contact_pages,,,,,,valid=0; invalid=0; risky=0; unknown=0
5794,>30M,breelove.ca,yes,,,https://breelove.typeform.com/to/eh4PETCP,0,,info@breelove.ca,showing_email_candidates,not_flagged,contact_pages,info@breelove.ca,,,,info@breelove.ca,valid=0; invalid=0; risky=0; unknown=1
5795,>30M,coachdkr.com,yes,,,https://form.typeform.com/to/eeH8Qu,0,,,no_public_email_found,not_flagged,contact_pages,,,,,,valid=0; invalid=0; risky=0; unknown=0
5796,>30M,joburn.com,no,,,,0,,john@joburn.com,showing_email_candidates,not_flagged,contact_pages,,,,,,valid=0; invalid=0; risky=0; unknown=0
5797,>30M,aspangler.com,yes,,,https://lancfound.typeform.com/to/mL08SY,0,,aaspangler@gmail.com ; community-champion-quiz@4x-scaled.png,showing_email_candidates,not_flagged,contact_pages,,,,,,valid=0; invalid=0; risky=0; unknown=0
5798,>30M,keepersadvisory.com,yes,,,https://form.typeform.com/to/WWQ9aWYm,0,,info@keepers.com.kw,showing_email_candidates,not_flagged,contact_pages,,,,,,valid=0; invalid=0; risky=0; unknown=0
5799,>30M,niabt.org,no,,,,0,,,no_public_email_found,not_flagged,contact_pages,,,,,,valid=0; invalid=0; risky=0; unknown=0
5800,>30M,lukmann.com,no,,,,0,,office@world4you.com,showing_email_candidates,not_flagged,contact_pages,,,,,,valid=0; invalid=0; risky=0; unknown=0
5801,>30M,vidastreet.com,no,,,,0,,bootstrap@4.4.1 ; popper.js@1.16.0 ; slick-carousel@1.8.1,showing_email_candidates,not_flagged,contact_pages,,,,,,valid=0; invalid=0; risky=0; unknown=0
5802,>30M,titres-restaurant.com,yes,,,,0,,,no_public_email_found,not_flagged,contact_pages,,,,,,valid=0; invalid=0; risky=0; unknown=0
5803,>30M,campuswashandfold.com,yes,,,,0,,info@campuswashandfold.com,showing_email_candidates,not_flagged,contact_pages,info@campuswashandfold.com,,,,info@campuswashandfold.com,valid=0; invalid=0; risky=0; unknown=1
5804,>30M,ignitegtm.com,yes,,,,0,,gsap@3.12.5 ; hello@ignitegtm.com,showing_email_candidates,not_flagged,contact_pages,hello@ignitegtm.com,hello@ignitegtm.com,,,,valid=1; invalid=0; risky=0; unknown=0
5805,>30M,goldmarket.biz,yes,,,https://eh1g3te9awc.typeform.com/to/QnsAB2SN,0,,goldmarket@crptoetrade.biz ; goldmarket@cryptoetrade.biz,showing_email_candidates,not_flagged,contact_pages,,,,,,valid=0; invalid=0; risky=0; unknown=0
5806,>30M,ussbbw.com,yes,,,,0,,,no_public_email_found,not_flagged,contact_pages,,,,,,valid=0; invalid=0; risky=0; unknown=0
5807,>30M,vacationcare.com.au,yes,,,https://ask-question.typeform.com/to/K1CT8Ddm ; https://ask-question.typeform.com/to/Pu5u2o,0,,,no_public_email_found,not_flagged,contact_pages,,,,,,valid=0; invalid=0; risky=0; unknown=0
5808,>30M,thenamesofallah.com,no,,,,0,,,no_public_email_found,not_flagged,contact_pages,,,,,,valid=0; invalid=0; risky=0; unknown=0
5809,>30M,thebitcoinway.com,no,,,,0,,,no_public_email_found,not_flagged,contact_pages,,,,,,valid=0; invalid=0; risky=0; unknown=0
5810,>30M,jonritter.com,yes,,,https://teamritter.typeform.com/to/lK8nkD4j ; https://teamritter.typeform.com/to/qTa0wkRM,0,,contact@rittermortgage.com ; rmg@rittermortgage.com,showing_email_candidates,not_flagged,contact_pages,,,,,,valid=0; invalid=0; risky=0; unknown=0
5811,>30M,prettylocal.com,no,,,https://richnerlive.typeform.com/,0,,,no_public_email_found,not_flagged,contact_pages,,,,,,valid=0; invalid=0; risky=0; unknown=0
5812,>30M,emotionmobility.com,yes,,,https://42s1on1nf5o.typeform.com/to/C8cnJo6I,0,,gsap@3.12.5,showing_email_candidates,not_flagged,contact_pages,,,,,,valid=0; invalid=0; risky=0; unknown=0
5813,>30M,eco-enr.fr,yes,,,https://form.typeform.com/to/RanrwGO2,0,,,no_public_email_found,not_flagged,contact_pages,,,,,,valid=0; invalid=0; risky=0; unknown=0
5814,>30M,arbrookapartments.com,no,,,,0,,,no_public_email_found,not_flagged,contact_pages,,,,,,valid=0; invalid=0; risky=0; unknown=0
5815,>30M,georgiamerchantservices.com,no,,,,0,,j@floridamerchant1.com,showing_email_candidates,not_flagged,contact_pages,,,,,,valid=0; invalid=0; risky=0; unknown=0
5816,>30M,brilliantblue.org,yes,,,https://brilliantlabs.typeform.com/,0,,brandon@brilliantlabs.ca,showing_email_candidates,not_flagged,contact_pages,,,,,,valid=0; invalid=0; risky=0; unknown=0
5817,>30M,exclusivejournal.sk,no,,,,0,,editor@exclusivejournal.sk,showing_email_candidates,not_flagged,contact_pages,editor@exclusivejournal.sk,editor@exclusivejournal.sk,,,,valid=1; invalid=0; risky=0; unknown=0
5818,>30M,gregyeutter.com,no,,,,0,,,no_public_email_found,not_flagged,contact_pages,,,,,,valid=0; invalid=0; risky=0; unknown=0
5819,>30M,kylesbook.com,no,,,,0,,,no_public_email_found,not_flagged,contact_pages,,,,,,valid=0; invalid=0; risky=0; unknown=0
5820,>30M,espadasa.com,yes,,,https://8ojbvd6ddii.typeform.com/to/xNMApfrT,0,,info@espadasa.com,showing_email_candidates,not_flagged,contact_pages,info@espadasa.com,,,,info@espadasa.com,valid=0; invalid=0; risky=0; unknown=1
5821,>30M,troy.de,no,,,,0,,,no_public_email_found,not_flagged,contact_pages,,,,,,valid=0; invalid=0; risky=0; unknown=0
5822,>30M,authorsly.com,no,,,,0,,,no_public_email_found,not_flagged,contact_pages,,,,,,valid=0; invalid=0; risky=0; unknown=0
5823,>30M,theslice.co,yes,,,https://goinfinitus.typeform.com/to/v9loo2lf,0,,,no_public_email_found,not_flagged,contact_pages,,,,,,valid=0; invalid=0; risky=0; unknown=0
5824,>30M,corhealth.com,yes,,,,0,,hi@corhealth.com ; support@corhealth.com,showing_email_candidates,not_flagged,contact_pages,support@corhealth.com,,,,support@corhealth.com,valid=0; invalid=0; risky=0; unknown=1
5825,>30M,belmontdentalclinic.com,yes,,,,0,,belmontdental@bellnet.ca,showing_email_candidates,not_flagged,contact_pages,,,,,,valid=0; invalid=0; risky=0; unknown=0
5826,>30M,losvocerosdecristo.com,no,,,,0,,,no_public_email_found,not_flagged,contact_pages,,,,,,valid=0; invalid=0; risky=0; unknown=0
5827,>30M,glendoradentalgroup.com,no,,,,0,,ui@4.0,showing_email_candidates,not_flagged,contact_pages,,,,,,valid=0; invalid=0; risky=0; unknown=0
5828,>30M,ashtonglobalfunds.com,no,,,,0,,,no_public_email_found,not_flagged,contact_pages,,,,,,valid=0; invalid=0; risky=0; unknown=0
5829,>30M,skendata.com,yes,,,https://skendata.typeform.com/to/EZhwwo9M,0,,info@skendata.de,showing_email_candidates,not_flagged,contact_pages,,,,,,valid=0; invalid=0; risky=0; unknown=0
5830,>30M,dorpha.com,yes,,,https://embed.typeform.com/ ; https://purga1.typeform.com/to/bCAXrk,0,,,no_public_email_found,not_flagged,contact_pages,,,,,,valid=0; invalid=0; risky=0; unknown=0
5831,>30M,alexcellent.fr,yes,,,https://embed.typeform.com/ ; https://form.typeform.com/to/Sle54AgW,0,,,no_public_email_found,not_flagged,contact_pages,,,,,,valid=0; invalid=0; risky=0; unknown=0
5832,>30M,menopur.nl,no,,,,0,,info@ferringfertiliteit.nl,showing_email_candidates,not_flagged,contact_pages,,,,,,valid=0; invalid=0; risky=0; unknown=0
5833,>30M,rocketdollar.com,no,,,,0,,info@rocketdollar.com,showing_email_candidates,not_flagged,contact_pages,info@rocketdollar.com,,,,info@rocketdollar.com,valid=0; invalid=0; risky=0; unknown=1
5834,>30M,pelvicmotion.nl,yes,,,https://pelvicmotion.typeform.com/to/xrVxurJM,0,,info@pelvicmotion.nl,showing_email_candidates,not_flagged,contact_pages,info@pelvicmotion.nl,,,,info@pelvicmotion.nl,valid=0; invalid=0; risky=0; unknown=1
5835,>30M,ventioneers.com,no,,,,0,,logotype-horiz-transparent-light@2048h-300x108.png,showing_email_candidates,not_flagged,contact_pages,,,,,,valid=0; invalid=0; risky=0; unknown=0
5836,>30M,bilanprofessionnel.com,yes,,,https://form.typeform.com/to/Kb2ZrgVM,0,,,no_public_email_found,not_flagged,contact_pages,,,,,,valid=0; invalid=0; risky=0; unknown=0
5837,>30M,skyrarideaux.com,yes,,,,0,,,no_public_email_found,not_flagged,contact_pages,,,,,,valid=0; invalid=0; risky=0; unknown=0
5838,>30M,richardvanderblom.com,yes,,,https://ag3tou3z78a.typeform.com/to/YjhsUJQA,0,,,no_public_email_found,not_flagged,contact_pages,,,,,,valid=0; invalid=0; risky=0; unknown=0
5839,>30M,boatmarketing.com,yes,,,,0,,,no_public_email_found,not_flagged,contact_pages,,,,,,valid=0; invalid=0; risky=0; unknown=0
5840,>30M,cessionedelquinto.net,no,,,,0,,,no_public_email_found,not_flagged,contact_pages,,,,,,valid=0; invalid=0; risky=0; unknown=0
5841,>30M,melissaherr.com,no,,,,0,,melissa@emotionalfortitude.com,showing_email_candidates,not_flagged,contact_pages,,,,,,valid=0; invalid=0; risky=0; unknown=0
5842,>30M,ecobeat.com,no,,,,0,,,no_public_email_found,not_flagged,contact_pages,,,,,,valid=0; invalid=0; risky=0; unknown=0
5843,>30M,camranhorphans.org,yes,,,,0,,,no_public_email_found,not_flagged,contact_pages,,,,,,valid=0; invalid=0; risky=0; unknown=0
5844,>30M,utilitac.com,no,,,https://embed.typeform.com/,0,,office@utilitac.com,showing_email_candidates,not_flagged,contact_pages,office@utilitac.com,,,,office@utilitac.com,valid=0; invalid=0; risky=0; unknown=1
5845,>30M,marketmates.com,no,,,,0,,,no_public_email_found,not_flagged,contact_pages,,,,,,valid=0; invalid=0; risky=0; unknown=0
5846,>30M,theascentapts.com,no,,,,0,,,no_public_email_found,not_flagged,contact_pages,,,,,,valid=0; invalid=0; risky=0; unknown=0
5847,>30M,visualiq.co,no,,,,0,,,no_public_email_found,not_flagged,contact_pages,,,,,,valid=0; invalid=0; risky=0; unknown=0
5848,>30M,gvcontracting.com,yes,,,https://bs8s7w682ux.typeform.com/to/go2xxpjt ; https://bs8s7w682ux.typeform.com/to/Go2XXpjt,0,,gvcontracting.llc@gmail.com,showing_email_candidates,not_flagged,contact_pages,,,,,,valid=0; invalid=0; risky=0; unknown=0
5849,>30M,injury-advocate.com,no,,,,0,,,no_public_email_found,not_flagged,contact_pages,,,,,,valid=0; invalid=0; risky=0; unknown=0
5850,>30M,rechtsanwalt-wien.com,yes,,,,0,,dpo-google@google.com ; msft@microsoft.com ; privacyquestions@cloudflare.com ; wien@anwaltskanzlei-pichler.at,showing_email_candidates,not_flagged,contact_pages,,,,,,valid=0; invalid=0; risky=0; unknown=0
5851,>30M,comfortfoodmusic.com,yes,,,,0,,,no_public_email_found,not_flagged,contact_pages,,,,,,valid=0; invalid=0; risky=0; unknown=0
5852,>30M,meetnirvana.com,yes,,,https://form.typeform.com/to/q8RHJ1IO,0,,gsap@3.12.5,showing_email_candidates,not_flagged,contact_pages,,,,,,valid=0; invalid=0; risky=0; unknown=0
5853,>30M,prefab.tv,yes,,,https://hnvgdda9xtf.typeform.com/to/nZTvxSzx,0,,,no_public_email_found,not_flagged,contact_pages,,,,,,valid=0; invalid=0; risky=0; unknown=0
5854,>30M,americancrowdfunder.com,yes,,,https://s6drm2pcko8.typeform.com/to/FDDHmkg0,0,,,no_public_email_found,not_flagged,contact_pages,,,,,,valid=0; invalid=0; risky=0; unknown=0
5855,>30M,rocketcitychurch.com,no,,,,0,,hello@rocketcitychurch.com,showing_email_candidates,not_flagged,contact_pages,hello@rocketcitychurch.com,hello@rocketcitychurch.com,,,,valid=1; invalid=0; risky=0; unknown=0
5856,>30M,atmosfera54.ru,no,,,,0,,info@atmosfera54.ru ; uikit@3.17.11,showing_email_candidates,not_flagged,contact_pages,info@atmosfera54.ru,,,,info@atmosfera54.ru,valid=0; invalid=0; risky=0; unknown=1
5857,>30M,handlerz.com,yes,,,https://helpyfr.typeform.com/to/OjJUGl,0,,,no_public_email_found,not_flagged,contact_pages,,,,,,valid=0; invalid=0; risky=0; unknown=0
5858,>30M,gdx.eu,no,,,https://epywkylb528.typeform.com/ ; https://epywkylb528.typeform.com/to/LBufDrqz ; https://form.typeform.com/to/NSm1g0Te,0,,bootstrap-icons@1.11.3 ; info@mendrix.nl,showing_email_candidates,not_flagged,contact_pages,,,,,,valid=0; invalid=0; risky=0; unknown=0
5859,>30M,tunoiph.com,no,,,,0,,,no_public_email_found,not_flagged,contact_pages,,,,,,valid=0; invalid=0; risky=0; unknown=0
5860,>30M,frankandcamillesschoolofmusic.com,no,,,,0,,,no_public_email_found,not_flagged,contact_pages,,,,,,valid=0; invalid=0; risky=0; unknown=0
5861,>30M,kiteform.com,no,,,,0,,,no_public_email_found,not_flagged,contact_pages,,,,,,valid=0; invalid=0; risky=0; unknown=0
5862,>30M,raacharestaurant.com,no,,,,0,,,no_public_email_found,not_flagged,contact_pages,,,,,,valid=0; invalid=0; risky=0; unknown=0
5863,>30M,behaviorallab.org,yes,,,,0,,,no_public_email_found,not_flagged,contact_pages,,,,,,valid=0; invalid=0; risky=0; unknown=0
5864,>30M,draftr.com,yes,,,,0,,,no_public_email_found,not_flagged,contact_pages,,,,,,valid=0; invalid=0; risky=0; unknown=0
5865,>30M,reportee.com,no,,,,0,,hello@reportee.com,showing_email_candidates,not_flagged,contact_pages,hello@reportee.com,hello@reportee.com,,,,valid=1; invalid=0; risky=0; unknown=0
5866,>30M,aus-krause.info,no,,,,0,,,no_public_email_found,not_flagged,contact_pages,,,,,,valid=0; invalid=0; risky=0; unknown=0
5867,>30M,shivasoftsolutions.com,yes,,,,0,,,no_public_email_found,not_flagged,contact_pages,,,,,,valid=0; invalid=0; risky=0; unknown=0
5868,>30M,izumi-iin.com,no,,,,0,,,no_public_email_found,not_flagged,contact_pages,,,,,,valid=0; invalid=0; risky=0; unknown=0
5869,>30M,verzekerjeinboedel.nl,no,,,,0,,,no_public_email_found,not_flagged,contact_pages,,,,,,valid=0; invalid=0; risky=0; unknown=0
5870,>30M,getyourtraineronline.com,yes,,,https://form.typeform.com/to/awdjK23U,0,,,no_public_email_found,not_flagged,contact_pages,,,,,,valid=0; invalid=0; risky=0; unknown=0
5871,>30M,accompagnement.com,yes,,,https://hpqsaw6x4pi.typeform.com/to/ECBebMyU ; https://hpqsaw6x4pi.typeform.com/to/RWzFCbTT,0,,contacts@company.com ; cropped-logo-acc-dark-blue-horiz@2x-1024x210.png ; cropped-logo-acc-dark-blue-horiz@2x-300x61.png ; cropped-logo-acc-dark-blue-horiz@2x-768x157.png ; cropped-logo-acc-dark-blue-horiz@2x.png ; logo-acc-white-vrtic@2x-150x150.png ; logo-acc-white-vrtic@2x-300x300.png ; logo-acc-white-vrtic@2x.png,showing_email_candidates,not_flagged,contact_pages,,,,,,valid=0; invalid=0; risky=0; unknown=0
5872,>30M,geehvac.com,yes,,,,0,,,no_public_email_found,not_flagged,contact_pages,,,,,,valid=0; invalid=0; risky=0; unknown=0
5873,>30M,onsanity.com,no,,,,0,,bootstrap@5.1.2,showing_email_candidates,not_flagged,contact_pages,,,,,,valid=0; invalid=0; risky=0; unknown=0
5874,>30M,therightmix.com.au,yes,,,https://rfreeman.typeform.com/to/WlWrA1,0,,info@therightmix.com.au,showing_email_candidates,not_flagged,contact_pages,info@therightmix.com.au,,,,info@therightmix.com.au,valid=0; invalid=0; risky=0; unknown=1
5875,>30M,siegbahn.com,yes,,,https://form.typeform.com/to/WNQTvT,0,,,no_public_email_found,not_flagged,contact_pages,,,,,,valid=0; invalid=0; risky=0; unknown=0
5876,>30M,yashmehta.me,no,,,,0,,,no_public_email_found,not_flagged,contact_pages,,,,,,valid=0; invalid=0; risky=0; unknown=0
5877,>30M,ella.se,yes,,,,0,,,no_public_email_found,not_flagged,contact_pages,,,,,,valid=0; invalid=0; risky=0; unknown=0
5878,>30M,kibur.net,no,,,https://aabschools.typeform.com/,0,,04848586info@kibur.net ; info@kibur.edu.et ; info@kibur.net,showing_email_candidates,not_flagged,contact_pages,info@kibur.net,,,,info@kibur.net,valid=0; invalid=0; risky=0; unknown=1
5879,>30M,patch-bien-etre.fr,no,,,,0,,,no_public_email_found,not_flagged,contact_pages,,,,,,valid=0; invalid=0; risky=0; unknown=0
5880,>30M,konishibousai.com,no,,,,0,,,no_public_email_found,not_flagged,contact_pages,,,,,,valid=0; invalid=0; risky=0; unknown=0
5881,>30M,absoluteconcreteconstruction.com,no,,,,0,,flatworkusaa@gmail.com,showing_email_candidates,not_flagged,contact_pages,,,,,,valid=0; invalid=0; risky=0; unknown=0
5882,>30M,myndeo.com,no,,,,0,,,no_public_email_found,not_flagged,contact_pages,,,,,,valid=0; invalid=0; risky=0; unknown=0
5883,>30M,studierstube.de,yes,,,,0,,font@4.4.95 ; font@5.8.55 ; service@uwc24.de,showing_email_candidates,not_flagged,contact_pages,,,,,,valid=0; invalid=0; risky=0; unknown=0
5884,>30M,dieseloptom.ru,no,,,,0,,bootstrap@5.3.6 ; darina_gumerova@inbox.ru ; om.galaktika@yandex.ru ; sale@dieseloptom.ru ; zakaz@dieseloptom.ru,showing_email_candidates,not_flagged,contact_pages,,,,,,valid=0; invalid=0; risky=0; unknown=0
5885,>30M,flexliving.com,yes,,,https://r0nrwlzklo7.typeform.com/to/LV8cg7am,0,,hello@flexliving.com,showing_email_candidates,not_flagged,contact_pages,hello@flexliving.com,hello@flexliving.com,,,,valid=1; invalid=0; risky=0; unknown=0
5886,>30M,wp-anton.de,yes,,,https://1iz7gafzap9.typeform.com/to/y4FkiM1q,0,,info@wp-anton.de,showing_email_candidates,not_flagged,contact_pages,info@wp-anton.de,,,,info@wp-anton.de,valid=0; invalid=0; risky=0; unknown=1
5887,>30M,radoboca.com,no,,,,0,,hello@bellavou.co.uk,showing_email_candidates,not_flagged,contact_pages,,,,,,valid=0; invalid=0; risky=0; unknown=0
5888,>30M,brotesdesalud.com,no,,,,0,,info@brotesdesalud.com,showing_email_candidates,not_flagged,contact_pages,info@brotesdesalud.com,,,,info@brotesdesalud.com,valid=0; invalid=0; risky=0; unknown=1
5889,>30M,carolehenrique.com.br,no,,,,0,,,no_public_email_found,not_flagged,contact_pages,,,,,,valid=0; invalid=0; risky=0; unknown=0
5890,>30M,stefanpaulgeorgi.com,yes,,,https://stefangeorgi.typeform.com/to/FhAgDdsY,0,,,no_public_email_found,not_flagged,contact_pages,,,,,,valid=0; invalid=0; risky=0; unknown=0
5891,>30M,channingandcompany.com,yes,,,https://form.typeform.com/to/Hi659Pg2 ; https://form.typeform.com/to/m4ku6QGy,0,,contact@channingandcompany.com ; info@channingandcompany.com,showing_email_candidates,not_flagged,contact_pages,contact@channingandcompany.com ; info@channingandcompany.com,contact@channingandcompany.com,,,info@channingandcompany.com,valid=1; invalid=0; risky=0; unknown=1
5892,>30M,darryldexter.com,yes,,,https://2tzukg9cd6n.typeform.com/to/crw0RTYa,0,,darryl@area87.io,showing_email_candidates,not_flagged,contact_pages,,,,,,valid=0; invalid=0; risky=0; unknown=0
5893,>30M,alineelucas.com.br,no,,,https://embed.typeform.com/,0,,alineelucas2026@gmail.com,showing_email_candidates,not_flagged,contact_pages,,,,,,valid=0; invalid=0; risky=0; unknown=0
5894,>30M,rokakoen.jp,no,,,,0,,,no_public_email_found,not_flagged,contact_pages,,,,,,valid=0; invalid=0; risky=0; unknown=0
5895,>30M,linksaudi.com,yes,,,https://form.typeform.com/to/bEXMAmlk,0,,contact@linksaudi.com ; info@linksaudi.com ; your@email.com,showing_email_candidates,not_flagged,contact_pages,contact@linksaudi.com ; info@linksaudi.com,,contact@linksaudi.com,,info@linksaudi.com,valid=0; invalid=1; risky=0; unknown=1
5896,>30M,humanisedigital.com,yes,,,https://form.typeform.com/to/gy4wOjkZ,0,,hello@humanise.co.za ; hello@humanisedigital.com,showing_email_candidates,not_flagged,contact_pages,hello@humanisedigital.com,hello@humanisedigital.com,,,,valid=1; invalid=0; risky=0; unknown=0
5897,>30M,airamabella.com,yes,,,https://form.typeform.com/to/LvpqOEi6,0,,info@airamabella.com,showing_email_candidates,not_flagged,contact_pages,info@airamabella.com,info@airamabella.com,,,,valid=1; invalid=0; risky=0; unknown=0
5898,>30M,lakeshoreparamedical.com,no,,,,0,,info@lakeshoreparamedical.com,showing_email_candidates,not_flagged,contact_pages,info@lakeshoreparamedical.com,,,,info@lakeshoreparamedical.com,valid=0; invalid=0; risky=0; unknown=1
5899,>30M,carolegustavo.com.br,no,,,,0,,,no_public_email_found,not_flagged,contact_pages,,,,,,valid=0; invalid=0; risky=0; unknown=0
5900,>30M,beforethedecision.com,no,,,,0,,,no_public_email_found,not_flagged,contact_pages,,,,,,valid=0; invalid=0; risky=0; unknown=0
5901,>30M,errorcode.com.au,yes,,,https://embed.typeform.com/ ; https://form.typeform.com/to/LTdNdnxO,0,,,no_public_email_found,not_flagged,contact_pages,,,,,,valid=0; invalid=0; risky=0; unknown=0
5902,>30M,serrurier-lyon.eu,yes,,,https://4m1k462unbw.typeform.com/to/PkGs5rYr,0,,,no_public_email_found,not_flagged,contact_pages,,,,,,valid=0; invalid=0; risky=0; unknown=0
5903,>30M,charles-agencement.com,no,,,,0,,,no_public_email_found,not_flagged,contact_pages,,,,,,valid=0; invalid=0; risky=0; unknown=0
5904,>30M,bestcordbloodbanks.com,no,,,https://embed.typeform.com/,0,,,no_public_email_found,not_flagged,contact_pages,,,,,,valid=0; invalid=0; risky=0; unknown=0
5905,>30M,airepilates.com,no,,,https://embed.typeform.com/,0,,name@example.com ; tu@email.com ; typed.js@2.0.12,showing_email_candidates,not_flagged,contact_pages,,,,,,valid=0; invalid=0; risky=0; unknown=0
5906,>30M,elastic-infra.com,no,,,,0,,,no_public_email_found,not_flagged,contact_pages,,,,,,valid=0; invalid=0; risky=0; unknown=0
5907,>30M,seacretgarden.net,no,,,,0,,seacretgarden1@comcast.net,showing_email_candidates,not_flagged,contact_pages,,,,,,valid=0; invalid=0; risky=0; unknown=0
5908,>30M,terrapets.com,no,,,,0,,,no_public_email_found,not_flagged,contact_pages,,,,,,valid=0; invalid=0; risky=0; unknown=0
5909,>30M,fariasfitness.com,yes,,,,0,,,no_public_email_found,not_flagged,contact_pages,,,,,,valid=0; invalid=0; risky=0; unknown=0
5910,>30M,spektaglaze.com,no,,,,0,,office@spektaglaze.com ; your@email.com,showing_email_candidates,not_flagged,contact_pages,office@spektaglaze.com,,,,office@spektaglaze.com,valid=0; invalid=0; risky=0; unknown=1
5911,>30M,propexplorer.com,yes,,,,0,,,no_public_email_found,not_flagged,contact_pages,,,,,,valid=0; invalid=0; risky=0; unknown=0
5912,>30M,mijntalenten.com,no,,,,0,,info@tma.nl,showing_email_candidates,not_flagged,contact_pages,,,,,,valid=0; invalid=0; risky=0; unknown=0
5913,>30M,sirelo.se,no,,,,0,,,no_public_email_found,not_flagged,contact_pages,,,,,,valid=0; invalid=0; risky=0; unknown=0
5914,>30M,hessga.com,yes,,,https://hesedu.typeform.com/ ; https://hesedu.typeform.com/to/qe3Br1 ; https://hesedu.typeform.com/to/SdiIHP,0,,chairmain@hessga.com,showing_email_candidates,not_flagged,contact_pages,,,,,,valid=0; invalid=0; risky=0; unknown=0
5915,>30M,santarosadental.org,no,,,https://api.typeform.com/,0,,flags@2x.png,showing_email_candidates,not_flagged,contact_pages,,,,,,valid=0; invalid=0; risky=0; unknown=0
5916,>30M,iwantmoreclosings.com,no,,,https://form.typeform.com/to/BwXSzn03,0,,flags@2x.png ; josh@iwantmoreclosings.com,showing_email_candidates,not_flagged,contact_pages,,,,,,valid=0; invalid=0; risky=0; unknown=0
5917,>30M,marcheomniperrier.com,no,,,,0,,,no_public_email_found,not_flagged,contact_pages,,,,,,valid=0; invalid=0; risky=0; unknown=0
5918,>30M,writingmachine-collective.net,yes,,,https://form.typeform.com/to/MCZBuPyn,0,,smllai@cityu.edu.hk ; wmc.admin@protonmail.com,showing_email_candidates,not_flagged,contact_pages,,,,,,valid=0; invalid=0; risky=0; unknown=0
5919,>30M,rachaelhiggins.com,no,,,,0,,rachael@becauseofmarketing.com,showing_email_candidates,not_flagged,contact_pages,,,,,,valid=0; invalid=0; risky=0; unknown=0
5920,>30M,growforum.org,yes,,,https://form.typeform.com/to/RZx1GSb1,0,,,no_public_email_found,not_flagged,contact_pages,,,,,,valid=0; invalid=0; risky=0; unknown=0
5921,>30M,nouvelle-ambiance.com,yes,,,https://embed.typeform.com/ ; https://form.typeform.com/to/XsYtGKht,0,,dylan.bellamy@nouvelle-ambiance.com ; guillaume.marmeuse@nouvelle-ambiance.com,showing_email_candidates,not_flagged,contact_pages,,,,,,valid=0; invalid=0; risky=0; unknown=0
5922,>30M,malao.com,no,,,,0,,,no_public_email_found,not_flagged,contact_pages,,,,,,valid=0; invalid=0; risky=0; unknown=0
5923,>30M,kosam.de,yes,,,https://form.typeform.com/to/ORpAj8k0,0,,info@kosam.de,showing_email_candidates,not_flagged,contact_pages,info@kosam.de,,,,info@kosam.de,valid=0; invalid=0; risky=0; unknown=1
5924,>30M,fallerfinancial.com,yes,,,https://admin.typeform.com/ ; https://ashleycline631642.typeform.com/to/hYkK3W ; https://embed.typeform.com/,0,,info@fallerfinancial.com,showing_email_candidates,not_flagged,contact_pages,info@fallerfinancial.com,,,,info@fallerfinancial.com,valid=0; invalid=0; risky=0; unknown=1
5925,>30M,sustainablehuman.org,no,,,,0,,,no_public_email_found,not_flagged,contact_pages,,,,,,valid=0; invalid=0; risky=0; unknown=0
5926,>30M,roombuddy.us,yes,,,,0,,,no_public_email_found,not_flagged,contact_pages,,,,,,valid=0; invalid=0; risky=0; unknown=0
5927,>30M,elitemembersclub.com,yes,,,,0,,,no_public_email_found,not_flagged,contact_pages,,,,,,valid=0; invalid=0; risky=0; unknown=0
5928,>30M,acroagency.com,yes,,,https://hg0xsxawuxz.typeform.com/to/SAmnFEBd,0,,,no_public_email_found,not_flagged,contact_pages,,,,,,valid=0; invalid=0; risky=0; unknown=0
5929,>30M,rayabidshahri.com,yes,,,https://wc0q7gs6pxt.typeform.com/to/cWMFCYhD,0,,,no_public_email_found,not_flagged,contact_pages,,,,,,valid=0; invalid=0; risky=0; unknown=0
5930,>30M,thesoccerarena.com,yes,,,https://thesoccerarena.typeform.com/to/A7QyfA,0,,sebastian@thesoccerarena.com ; sebtamayo93@gmail.com,showing_email_candidates,not_flagged,contact_pages,,,,,,valid=0; invalid=0; risky=0; unknown=0
5931,>30M,toyohisa.jp,no,,,,0,,,no_public_email_found,not_flagged,contact_pages,,,,,,valid=0; invalid=0; risky=0; unknown=0
5932,>30M,deboraemarcelo.com.br,no,,,,0,,,no_public_email_found,not_flagged,contact_pages,,,,,,valid=0; invalid=0; risky=0; unknown=0
5933,>30M,notesforgrowth.com,yes,,,https://thenotescompany.typeform.com/to/CJhjxYGj,0,,,no_public_email_found,not_flagged,contact_pages,,,,,,valid=0; invalid=0; risky=0; unknown=0
5934,>30M,blackmonument.com,no,,,,0,,,no_public_email_found,not_flagged,contact_pages,,,,,,valid=0; invalid=0; risky=0; unknown=0
5935,>30M,momnpopshop.com,no,,,,0,,mom@momnpopshop.com,showing_email_candidates,not_flagged,contact_pages,,,,,,valid=0; invalid=0; risky=0; unknown=0
5936,>30M,eduerafa.com.br,no,,,https://embed.typeform.com/,0,,,no_public_email_found,not_flagged,contact_pages,,,,,,valid=0; invalid=0; risky=0; unknown=0
5937,>30M,defigroupe.fr,no,,,https://embed.typeform.com/,0,,adv@executive-process.fr ; customerservice@executive-process.fr ; e.huart@executive-process.fr,showing_email_candidates,not_flagged,contact_pages,,,,,,valid=0; invalid=0; risky=0; unknown=0
5938,>30M,himoinsa.com.cn,no,,,,0,,,no_public_email_found,not_flagged,contact_pages,,,,,,valid=0; invalid=0; risky=0; unknown=0
5939,>30M,edamame.it,no,,,,0,,,no_public_email_found,not_flagged,contact_pages,,,,,,valid=0; invalid=0; risky=0; unknown=0
5940,>30M,vfilesrunway.com,yes,,,https://form.typeform.com/to/wW7anF7f,0,,,no_public_email_found,not_flagged,contact_pages,,,,,,valid=0; invalid=0; risky=0; unknown=0
5941,>30M,copier.com.mx,no,,,,0,,cdi@copier.com.mx ; ventas@copier.com.mx,showing_email_candidates,not_flagged,contact_pages,,,,,,valid=0; invalid=0; risky=0; unknown=0
5942,>30M,valeriagrunbaum.com,yes,,,https://at2cuj29q9o.typeform.com/to/VZBDqAsj,0,,carousel-image1@2x.jpg ; carousel-image2@2x.jpg ; carousel-image3@2x.jpg ; info@valeriagrunbaum.com,showing_email_candidates,not_flagged,contact_pages,info@valeriagrunbaum.com,,,,info@valeriagrunbaum.com,valid=0; invalid=0; risky=0; unknown=1
5943,>30M,inspheris.org,yes,,,,0,,,no_public_email_found,not_flagged,contact_pages,,,,,,valid=0; invalid=0; risky=0; unknown=0
5944,>30M,measureandgrow.com,yes,,,https://form.typeform.com/to/Xmg9vVI7,0,,,no_public_email_found,not_flagged,contact_pages,,,,,,valid=0; invalid=0; risky=0; unknown=0
5945,>30M,skylarklaw.com,yes,,,https://skylarklaw.typeform.com/to/LYvYccIW,0,,,no_public_email_found,not_flagged,contact_pages,,,,,,valid=0; invalid=0; risky=0; unknown=0
5946,>30M,modeshift.com,yes,,,,0,,,no_public_email_found,not_flagged,contact_pages,,,,,,valid=0; invalid=0; risky=0; unknown=0
5947,>30M,preventtheevent.com,no,,,,0,,,no_public_email_found,not_flagged,contact_pages,,,,,,valid=0; invalid=0; risky=0; unknown=0
5948,>30M,nla.de,no,,,,0,,canvas@2.9.1 ; info@nla.de ; j.weber@nla.de ; mail@verbraucher-schlichter.de,showing_email_candidates,not_flagged,contact_pages,info@nla.de,,,,info@nla.de,valid=0; invalid=0; risky=0; unknown=1
5949,>30M,lermarketplace.com,no,,,,0,,email@domain.com ; lermarketplace@getvfairs.io,showing_email_candidates,not_flagged,contact_pages,,,,,,valid=0; invalid=0; risky=0; unknown=0
5950,>30M,pawelkulesza.pl,no,,,,0,,gabinet@pawelkulesza.pl,showing_email_candidates,not_flagged,contact_pages,,,,,,valid=0; invalid=0; risky=0; unknown=0
5951,>30M,fbainsider.com,yes,,,,0,,,no_public_email_found,not_flagged,contact_pages,,,,,,valid=0; invalid=0; risky=0; unknown=0
5952,>30M,house-of-finance.at,no,,,,0,,houseoffinancegmbh@house-of-finance.at,showing_email_candidates,not_flagged,contact_pages,,,,,,valid=0; invalid=0; risky=0; unknown=0
5953,>30M,zipsellers.com,yes,,,,0,,,no_public_email_found,not_flagged,contact_pages,,,,,,valid=0; invalid=0; risky=0; unknown=0
5954,>30M,frederickmarcoux.net.au,no,,,,0,,,no_public_email_found,not_flagged,contact_pages,,,,,,valid=0; invalid=0; risky=0; unknown=0
5955,>30M,adslux.com,no,,,,0,,,no_public_email_found,not_flagged,contact_pages,,,,,,valid=0; invalid=0; risky=0; unknown=0
5956,>30M,radiologymarketing.com,yes,,,,0,,,no_public_email_found,not_flagged,contact_pages,,,,,,valid=0; invalid=0; risky=0; unknown=0
5957,>30M,brandingadvisory.com,no,,,,0,,,no_public_email_found,not_flagged,contact_pages,,,,,,valid=0; invalid=0; risky=0; unknown=0
5958,>30M,sctice.com,no,,,,0,,,no_public_email_found,not_flagged,contact_pages,,,,,,valid=0; invalid=0; risky=0; unknown=0
5959,>30M,demotest.nl,no,,,,0,,hallo@goldlemon.nl,showing_email_candidates,not_flagged,contact_pages,,,,,,valid=0; invalid=0; risky=0; unknown=0
5960,>30M,orendapower.com,yes,,,https://d67dk4j1y6q.typeform.com/to/TTJznHu9,0,,fancybox@3.5.7 ; info@orendapower.com ; irina@orendapower.com ; jpetersen@orendapower.com ; michael@orendapower.com ; ryan@orendapower.com,showing_email_candidates,not_flagged,contact_pages,info@orendapower.com,,,,info@orendapower.com,valid=0; invalid=0; risky=0; unknown=1
5961,>30M,hautefit.co,yes,,,https://embed.typeform.com/ ; https://n2cvijetic.typeform.com/to/GPiKvS,0,,logo_f57b8ec1-adb4-48b3-b89c-bfd5e0e51fa9_260x@2x.png,showing_email_candidates,not_flagged,contact_pages,,,,,,valid=0; invalid=0; risky=0; unknown=0
5962,>30M,playstack.com,no,,,,0,,info@playstack.com ; merch@playstack.com ; press@playstack.com ; support@playstack.com,showing_email_candidates,not_flagged,contact_pages,info@playstack.com ; press@playstack.com ; support@playstack.com,,,,info@playstack.com ; press@playstack.com ; support@playstack.com,valid=0; invalid=0; risky=0; unknown=3
5963,>30M,generationheatingandair.com,yes,,,https://embed.typeform.com/ ; https://form.typeform.com/to/ziaCDWQT,0,,gmgenerationheatingair@gmail.com,showing_email_candidates,not_flagged,contact_pages,,,,,,valid=0; invalid=0; risky=0; unknown=0
5964,>30M,hoapic.com,no,,,,0,,,no_public_email_found,not_flagged,contact_pages,,,,,,valid=0; invalid=0; risky=0; unknown=0
5965,>30M,uxtip.com,yes,,,,0,,,no_public_email_found,not_flagged,contact_pages,,,,,,valid=0; invalid=0; risky=0; unknown=0
5966,>30M,futurephysiciansofamerica.com,yes,,,https://embed.typeform.com/ ; https://form.typeform.com/to/Pn6qTc5I,0,,fpa-logo@4x.png ; info@futurephysiciansofamerica.com,showing_email_candidates,not_flagged,contact_pages,info@futurephysiciansofamerica.com,,,,info@futurephysiciansofamerica.com,valid=0; invalid=0; risky=0; unknown=1
5967,>30M,trabajalia.com,no,,,,0,,,no_public_email_found,not_flagged,contact_pages,,,,,,valid=0; invalid=0; risky=0; unknown=0
5968,>30M,npsn.org,no,,,,0,,,no_public_email_found,not_flagged,contact_pages,,,,,,valid=0; invalid=0; risky=0; unknown=0
5969,>30M,navcdev.com,yes,,,,0,,,no_public_email_found,not_flagged,contact_pages,,,,,,valid=0; invalid=0; risky=0; unknown=0
5970,>30M,rentesoprogepa.com,no,,,,0,,,no_public_email_found,not_flagged,contact_pages,,,,,,valid=0; invalid=0; risky=0; unknown=0
5971,>30M,azuretexas.com,yes,,,,0,,,no_public_email_found,not_flagged,contact_pages,,,,,,valid=0; invalid=0; risky=0; unknown=0
5972,>30M,dacle.es,yes,,,https://embed.typeform.com/ ; https://form.typeform.com/to/fi7zmhXk ; https://form.typeform.com/to/IomfVliU ; https://form.typeform.com/to/lov7m8xW ; https://form.typeform.com/to/UEdPkmLB,0,,f.costa@dacle.es,showing_email_candidates,not_flagged,contact_pages,,,,,,valid=0; invalid=0; risky=0; unknown=0
5973,>30M,owdgroup.com,no,,,,0,,,no_public_email_found,not_flagged,contact_pages,,,,,,valid=0; invalid=0; risky=0; unknown=0
5974,>30M,m3gt.com,yes,,,,0,,,no_public_email_found,not_flagged,contact_pages,,,,,,valid=0; invalid=0; risky=0; unknown=0
5975,>30M,nevadasocialsecurity.com,no,,,,0,,,no_public_email_found,not_flagged,contact_pages,,,,,,valid=0; invalid=0; risky=0; unknown=0
5976,>30M,arts4wellness.org,yes,,,,0,,,no_public_email_found,not_flagged,contact_pages,,,,,,valid=0; invalid=0; risky=0; unknown=0
5977,>30M,syntech.pl,no,,,,0,,,no_public_email_found,not_flagged,contact_pages,,,,,,valid=0; invalid=0; risky=0; unknown=0
5978,>30M,immo-deutschland.de,yes,,,https://baufi-deutschland.typeform.com/to/jDKUoLKC,0,,contact@mysite.com ; info@immo-deutschland.de,showing_email_candidates,not_flagged,contact_pages,info@immo-deutschland.de,,,,info@immo-deutschland.de,valid=0; invalid=0; risky=0; unknown=1
5979,>30M,brandyousurvey.com,no,,,,0,,,no_public_email_found,not_flagged,contact_pages,,,,,,valid=0; invalid=0; risky=0; unknown=0
5980,>30M,blackbuscompany.com,yes,,,,0,,,no_public_email_found,not_flagged,contact_pages,,,,,,valid=0; invalid=0; risky=0; unknown=0
5981,>30M,kan-pla.com,no,,,,0,,,no_public_email_found,not_flagged,contact_pages,,,,,,valid=0; invalid=0; risky=0; unknown=0
5982,>30M,thinkunited.de,no,,,,0,,reservierung@copperbowl.de,showing_email_candidates,not_flagged,contact_pages,,,,,,valid=0; invalid=0; risky=0; unknown=0
5983,>30M,miyatashika.net,no,,,,0,,,no_public_email_found,not_flagged,contact_pages,,,,,,valid=0; invalid=0; risky=0; unknown=0
5984,>30M,dolomititrail.com,yes,,,https://embed.typeform.com/ ; https://travelbase.typeform.com/ ; https://travelbase.typeform.com/to/fUh6YvQ3,0,,d020ffd2748b1ad387ba8eb63675f2ac@o4505114921795584.ingest.us.sentry.io ; info@dolomititrail.com,showing_email_candidates,not_flagged,contact_pages,info@dolomititrail.com,,,,info@dolomititrail.com,valid=0; invalid=0; risky=0; unknown=1
5985,>30M,susanmaupin.com,no,,,,0,,,no_public_email_found,not_flagged,contact_pages,,,,,,valid=0; invalid=0; risky=0; unknown=0
5986,>30M,mariliaegabriel.com.br,no,,,https://embed.typeform.com/,0,,,no_public_email_found,not_flagged,contact_pages,,,,,,valid=0; invalid=0; risky=0; unknown=0
5987,>30M,centralmetro.net,no,,,,0,,,no_public_email_found,not_flagged,contact_pages,,,,,,valid=0; invalid=0; risky=0; unknown=0
5988,>30M,gun-camera.com,no,,,,0,,info@viridian.tech,showing_email_candidates,not_flagged,contact_pages,,,,,,valid=0; invalid=0; risky=0; unknown=0
5989,>30M,d4design.ch,yes,,,https://d4designstudios.typeform.com/to/ctF7oLWO ; https://d4designstudios.typeform.com/to/hKvy5M,0,,info@d4design.ch ; lottie-player@1.5.7,showing_email_candidates,not_flagged,contact_pages,info@d4design.ch,,,,info@d4design.ch,valid=0; invalid=0; risky=0; unknown=1
5990,>30M,tombilyeu.com,yes,,,https://embed.typeform.com/ ; https://form.typeform.com/to/QTzIUX6G,0,,,no_public_email_found,not_flagged,contact_pages,,,,,,valid=0; invalid=0; risky=0; unknown=0
5991,>30M,gakko.org,yes,,,https://gakko.typeform.com/to/jg8lgS,0,,camp@gakko.org ; hello@gakko.org ; hello@gakkoproject.com ; reiri@gakko.org ; reiri@gakkoproject.com,showing_email_candidates,not_flagged,contact_pages,hello@gakko.org,hello@gakko.org,,,,valid=1; invalid=0; risky=0; unknown=0
5992,>30M,pathfinder.be,yes,,,https://form.typeform.com/to/CrNpkNzG,0,,cropped-logo_pf_deepblue_pos@3x-180x180.png ; cropped-logo_pf_deepblue_pos@3x-192x192.png ; cropped-logo_pf_deepblue_pos@3x-270x270.png ; cropped-logo_pf_deepblue_pos@3x-32x32.png ; cropped-logo_pf_deepblue_pos@3x.png ; menno@pathfinder.be,showing_email_candidates,not_flagged,contact_pages,,,,,,valid=0; invalid=0; risky=0; unknown=0
5993,>30M,hotpotpress.com,yes,,,https://form.typeform.com/to/zc8vR0b1,0,,hello@hotpotpress.com,showing_email_candidates,not_flagged,contact_pages,hello@hotpotpress.com,hello@hotpotpress.com,,,,valid=1; invalid=0; risky=0; unknown=0
5994,>30M,assupass.fr,yes,,,,0,,,no_public_email_found,not_flagged,contact_pages,,,,,,valid=0; invalid=0; risky=0; unknown=0
5995,>30M,calvin-production.com,no,,,,0,,nuko@calvin-production.com,showing_email_candidates,not_flagged,contact_pages,,,,,,valid=0; invalid=0; risky=0; unknown=0
5996,>30M,mediblesusa.com,no,,,,0,,,no_public_email_found,not_flagged,contact_pages,,,,,,valid=0; invalid=0; risky=0; unknown=0
5997,>30M,gilesdawe.com,yes,,,https://embed.typeform.com/ ; https://form.typeform.com/to/q2orqihR,0,,,no_public_email_found,not_flagged,contact_pages,,,,,,valid=0; invalid=0; risky=0; unknown=0
5998,>30M,udoitlegal.com,no,,,https://udoitlegal.typeform.com/to/tWFTMvTV,0,,,no_public_email_found,not_flagged,contact_pages,,,,,,valid=0; invalid=0; risky=0; unknown=0
5999,>30M,mcclellandfirm.com,yes,,,https://mcclellandfirm.typeform.com/to/CjaQmNk4,0,,,no_public_email_found,not_flagged,contact_pages,,,,,,valid=0; invalid=0; risky=0; unknown=0
6000,>30M,villapanorama.net,yes,,,https://form.typeform.com/to/k3FrKJfQ,0,,,no_public_email_found,not_flagged,contact_pages,,,,,,valid=0; invalid=0; risky=0; unknown=0
6001,>30M,propheticmedicine.com,no,,,,0,,core@3.27.0 ; styles@1.4.1,showing_email_candidates,not_flagged,contact_pages,,,,,,valid=0; invalid=0; risky=0; unknown=0
6002,>30M,startupsinstitute.com,no,,,,0,,,no_public_email_found,not_flagged,contact_pages,,,,,,valid=0; invalid=0; risky=0; unknown=0
6003,>30M,thoughtleaderpress.com,no,,,,0,,,no_public_email_found,not_flagged,contact_pages,,,,,,valid=0; invalid=0; risky=0; unknown=0
6004,>30M,learnfrenchintoronto.com,yes,,,,0,,,no_public_email_found,not_flagged,contact_pages,,,,,,valid=0; invalid=0; risky=0; unknown=0
6005,>30M,harumi-clinic.jp,no,,,,0,,,no_public_email_found,not_flagged,contact_pages,,,,,,valid=0; invalid=0; risky=0; unknown=0
6006,>30M,prime-housing.jp,no,,,,0,,,no_public_email_found,not_flagged,contact_pages,,,,,,valid=0; invalid=0; risky=0; unknown=0
6007,>30M,purepatient.com,no,,,,0,,,no_public_email_found,not_flagged,contact_pages,,,,,,valid=0; invalid=0; risky=0; unknown=0
6008,>30M,fermento.info,yes,,,https://form.typeform.com/to/cxAEEgFf,0,,,no_public_email_found,not_flagged,contact_pages,,,,,,valid=0; invalid=0; risky=0; unknown=0
6009,>30M,caribous77.com,no,,,,0,,aos@2.3.1 ; infos@caribous77.com,showing_email_candidates,not_flagged,contact_pages,,,,,,valid=0; invalid=0; risky=0; unknown=0
6010,>30M,stckmn.com,yes,,,https://embed.typeform.com/ ; https://stckmn.typeform.com/to/xz9tSv,0,,chris@stckmn.com ; studio@stckmn.com,showing_email_candidates,not_flagged,contact_pages,,,,,,valid=0; invalid=0; risky=0; unknown=0
6011,>30M,kanefuji.net,no,,,,0,,,no_public_email_found,not_flagged,contact_pages,,,,,,valid=0; invalid=0; risky=0; unknown=0
6012,>30M,biocup.com,no,,,,0,,compost-footer@2x.png,showing_email_candidates,not_flagged,contact_pages,,,,,,valid=0; invalid=0; risky=0; unknown=0
6013,>30M,hotelcastel.fr,yes,,,https://embed.typeform.com/ ; https://form.typeform.com/to/FGLPq0Kd,0,,,no_public_email_found,not_flagged,contact_pages,,,,,,valid=0; invalid=0; risky=0; unknown=0
6014,>30M,konceptlab.com,yes,,,,0,,,no_public_email_found,not_flagged,contact_pages,,,,,,valid=0; invalid=0; risky=0; unknown=0
6015,>30M,med-mo.com,yes,,,https://tmgrp.typeform.com/to/sknubppc,0,,stucker@med-mo.com,showing_email_candidates,not_flagged,contact_pages,,,,,,valid=0; invalid=0; risky=0; unknown=0
6016,>30M,lollyroll.com,no,,,,0,,,no_public_email_found,not_flagged,contact_pages,,,,,,valid=0; invalid=0; risky=0; unknown=0
6017,>30M,naturalleva.com,no,,,,0,,aos@2.3.1 ; bootstrap@5.3.0-alpha1 ; bootstrap@5.3.2,showing_email_candidates,not_flagged,contact_pages,,,,,,valid=0; invalid=0; risky=0; unknown=0
6018,>30M,yu-marushin.com,no,,,,0,,,no_public_email_found,not_flagged,contact_pages,,,,,,valid=0; invalid=0; risky=0; unknown=0
6019,>30M,iwasaki-sika.com,no,,,,0,,,no_public_email_found,not_flagged,contact_pages,,,,,,valid=0; invalid=0; risky=0; unknown=0
6020,>30M,tenmile.com,yes,,,https://form.typeform.com/to/k0DZmXt3,0,,gsap@3.12.5 ; sarah.jones@tenmile.com ; unicornstudio.js@v1.4.31,showing_email_candidates,not_flagged,contact_pages,,,,,,valid=0; invalid=0; risky=0; unknown=0
6021,>30M,sequoiaremodeling.com,yes,,,https://9lzprmgm8n8.typeform.com/to/kpNpMBYO,0,,vinny@sequoiaremodeling.com,showing_email_candidates,not_flagged,contact_pages,,,,,,valid=0; invalid=0; risky=0; unknown=0
6022,>30M,luegui.com.br,no,,,,0,,,no_public_email_found,not_flagged,contact_pages,,,,,,valid=0; invalid=0; risky=0; unknown=0
6023,>30M,figjamstudio.com,yes,,,,0,,,no_public_email_found,not_flagged,contact_pages,,,,,,valid=0; invalid=0; risky=0; unknown=0
6024,>30M,solviart.com,yes,,,,0,,,no_public_email_found,not_flagged,contact_pages,,,,,,valid=0; invalid=0; risky=0; unknown=0
6025,>30M,swissmedstaff.ch,no,,,https://embed.typeform.com/,0,,info@swissmedstaff.ch ; udesly-ad-banner@0.0.4 ; voorbeeld@email.com,showing_email_candidates,not_flagged,contact_pages,info@swissmedstaff.ch,,,,info@swissmedstaff.ch,valid=0; invalid=0; risky=0; unknown=1
6026,>30M,digitalid.cl,yes,,,https://mpcwt0o0xng.typeform.com/to/nBPVTHFO,0,,hola@digitalid.cl ; hola@ianova.tech,showing_email_candidates,not_flagged,contact_pages,,,,,,valid=0; invalid=0; risky=0; unknown=0
6027,>30M,zei-edokita.net,no,,,,0,,,no_public_email_found,not_flagged,contact_pages,,,,,,valid=0; invalid=0; risky=0; unknown=0
6028,>30M,sourcehealth.org,yes,,,https://admin.typeform.com/ ; https://embed.typeform.com/ ; https://form.typeform.com/to/ZAmhADKr ; https://sourcehealth.typeform.com/to/sGtB44,0,,,no_public_email_found,not_flagged,contact_pages,,,,,,valid=0; invalid=0; risky=0; unknown=0
6029,>30M,foraform.com,yes,,,https://94kndap8qia.typeform.com/to/NzEiRGV8,0,,info@foraform.com ; intl-tel-input@17.0.18,showing_email_candidates,not_flagged,contact_pages,info@foraform.com,,,,info@foraform.com,valid=0; invalid=0; risky=0; unknown=1
6030,>30M,terreh2o.com,no,,,,0,,,no_public_email_found,not_flagged,contact_pages,,,,,,valid=0; invalid=0; risky=0; unknown=0
6031,>30M,elmonarka.com,yes,,,https://embed.typeform.com/ ; https://form.typeform.com/to/eIXA4PYD ; https://zejfej8cjsb.typeform.com/to/eIXA4PYD,0,,comercial@elmonarka.com ; elmonarkastudio@gmail.com,showing_email_candidates,not_flagged,contact_pages,,,,,,valid=0; invalid=0; risky=0; unknown=0
6032,>30M,distribution-software.eu,no,,,https://epywkylb528.typeform.com/ ; https://epywkylb528.typeform.com/to/LBufDrqz ; https://form.typeform.com/to/NSm1g0Te,0,,bootstrap-icons@1.11.3 ; info@mendrix.nl,showing_email_candidates,not_flagged,contact_pages,,,,,,valid=0; invalid=0; risky=0; unknown=0
6033,>30M,mtrecruiter.com,yes,,,https://form.typeform.com/to/oQmIhnua,0,,contact@mtrecruieter.com ; contact@mtrecruiter.com,showing_email_candidates,not_flagged,contact_pages,contact@mtrecruiter.com,contact@mtrecruiter.com,,,,valid=1; invalid=0; risky=0; unknown=0
6034,>30M,sanitizit.com,yes,,,,0,,,no_public_email_found,not_flagged,contact_pages,,,,,,valid=0; invalid=0; risky=0; unknown=0
6035,>30M,savvytalent.com,yes,,,,0,,,no_public_email_found,not_flagged,contact_pages,,,,,,valid=0; invalid=0; risky=0; unknown=0
6036,>30M,elearnfrench.com,yes,,,,0,,,no_public_email_found,not_flagged,contact_pages,,,,,,valid=0; invalid=0; risky=0; unknown=0
6037,>30M,hsl.be,no,,,,0,,info@hsl.be,showing_email_candidates,not_flagged,contact_pages,info@hsl.be,,,,info@hsl.be,valid=0; invalid=0; risky=0; unknown=1
6038,>30M,inver-press.com,no,,,,0,,,no_public_email_found,not_flagged,contact_pages,,,,,,valid=0; invalid=0; risky=0; unknown=0
6039,>30M,ms1p.com,no,,,,0,,dcellini@kingsview.com ; ryoung@kingsview.com,showing_email_candidates,not_flagged,contact_pages,,,,,,valid=0; invalid=0; risky=0; unknown=0
6040,>30M,samtita.com,yes,,,https://s8knz7mgrpx.typeform.com/to/cJVyK2sw,0,,info@samtita.com,showing_email_candidates,not_flagged,contact_pages,info@samtita.com,,,,info@samtita.com,valid=0; invalid=0; risky=0; unknown=1
6041,>30M,securehomespecialists.com,yes,,,https://embed.typeform.com/ ; https://form.typeform.com/to/kvMWlZq4 ; https://ybkct4pa7bk.typeform.com/to/qehhru5B,0,,,no_public_email_found,not_flagged,contact_pages,,,,,,valid=0; invalid=0; risky=0; unknown=0
6042,>30M,brimhq.com,yes,,,https://brimhq.typeform.com/to/fJon7Z ; https://brimhq.typeform.com/to/LC0g1q ; https://brimhq.typeform.com/to/wlCxg5 ; https://images.typeform.com/ ; https://public-assets.typeform.com/,0,,animejs@2.2.0 ; hello@brimhq.com ; scrollreveal@4.0.5,showing_email_candidates,not_flagged,contact_pages,hello@brimhq.com,hello@brimhq.com,,,,valid=1; invalid=0; risky=0; unknown=0
6043,>30M,localclic.com,no,,,,0,,,no_public_email_found,not_flagged,contact_pages,,,,,,valid=0; invalid=0; risky=0; unknown=0
6044,>30M,trueselfbook.com,no,,,,0,,,no_public_email_found,not_flagged,contact_pages,,,,,,valid=0; invalid=0; risky=0; unknown=0
6045,>30M,muellerkremer.de,yes,,,,0,,dpo-google@google.com ; gdpr@typeform.com ; info@muellerkremer.de,showing_email_candidates,not_flagged,contact_pages,info@muellerkremer.de,,,,info@muellerkremer.de,valid=0; invalid=0; risky=0; unknown=1
6046,>30M,ibdtrade.nl,yes,,,https://0kphhnk3f6e.typeform.com/to/cevP7RxJ,0,,example@email.com ; info@ibdtrade.nl,showing_email_candidates,not_flagged,contact_pages,info@ibdtrade.nl,,,,info@ibdtrade.nl,valid=0; invalid=0; risky=0; unknown=1
6047,>30M,seki-hp.com,no,,,,0,,,no_public_email_found,not_flagged,contact_pages,,,,,,valid=0; invalid=0; risky=0; unknown=0
6048,>30M,viewec.com,no,,,,0,,service@viewec.com,showing_email_candidates,not_flagged,contact_pages,service@viewec.com,,,,service@viewec.com,valid=0; invalid=0; risky=0; unknown=1
6049,>30M,kolecka.pl,no,,,,0,,,no_public_email_found,not_flagged,contact_pages,,,,,,valid=0; invalid=0; risky=0; unknown=0
6050,>30M,klimapolitik.ch,no,,,,0,,,no_public_email_found,not_flagged,contact_pages,,,,,,valid=0; invalid=0; risky=0; unknown=0
6051,>30M,the-invisibleman.com,no,,,,0,,,no_public_email_found,not_flagged,contact_pages,,,,,,valid=0; invalid=0; risky=0; unknown=0
6052,>30M,jytyt.com,no,,,,0,,,no_public_email_found,not_flagged,contact_pages,,,,,,valid=0; invalid=0; risky=0; unknown=0
6053,>30M,w3partners.net,no,,,,0,,,no_public_email_found,not_flagged,contact_pages,,,,,,valid=0; invalid=0; risky=0; unknown=0
6054,>30M,floridaautomaticdoors.com,no,,,https://form.typeform.com/to/pCuUP472,0,,info@floridaautomaticdoors.com ; support@webador.com,showing_email_candidates,not_flagged,contact_pages,info@floridaautomaticdoors.com,,,,info@floridaautomaticdoors.com,valid=0; invalid=0; risky=0; unknown=1
6055,>30M,sihappy.com,no,,,,0,,,no_public_email_found,not_flagged,contact_pages,,,,,,valid=0; invalid=0; risky=0; unknown=0
6056,>30M,carolynapappas.com,no,,,,0,,4-7-2024-carolyn-a-pappas-webp-560x700@2x.webp ; athenian_cat_plain-2-560x700@2x.webp ; crocus_stamp-2-560x700@2x.webp ; galeopetalum_starburst_v2-2-560x700@2x.webp ; hellebore-2-560x700@2x.webp ; japanese_anemone-2-560x700@2x.webp ; lily_original_no_background-2-560x700@2x.webp ; open-pink-rose-2-560x700@2x.webp,showing_email_candidates,not_flagged,contact_pages,,,,,,valid=0; invalid=0; risky=0; unknown=0
6057,>30M,lifelikedigital.com,no,,,,0,,,no_public_email_found,not_flagged,contact_pages,,,,,,valid=0; invalid=0; risky=0; unknown=0
6058,>30M,preely.com,no,,,,0,,,no_public_email_found,not_flagged,contact_pages,,,,,,valid=0; invalid=0; risky=0; unknown=0
6059,>30M,bootstrapblogging.com,yes,,,https://form.typeform.com/to/xlg2XVil,0,,,no_public_email_found,not_flagged,contact_pages,,,,,,valid=0; invalid=0; risky=0; unknown=0
6060,>30M,ishiguro-seikeigeka.com,no,,,,0,,,no_public_email_found,not_flagged,contact_pages,,,,,,valid=0; invalid=0; risky=0; unknown=0
6061,>30M,jonathancarlos.com,no,,,,0,,flags@2x.png,showing_email_candidates,not_flagged,contact_pages,,,,,,valid=0; invalid=0; risky=0; unknown=0
6062,>30M,aglimpseofgratitude.com,yes,,,https://dugmorey.typeform.com/to/FnnCMWbL,0,,hello@aglimpseofgratitude.com,showing_email_candidates,not_flagged,contact_pages,hello@aglimpseofgratitude.com,hello@aglimpseofgratitude.com,,,,valid=1; invalid=0; risky=0; unknown=0
6063,>30M,hiredsm.com,no,,,,0,,,no_public_email_found,not_flagged,contact_pages,,,,,,valid=0; invalid=0; risky=0; unknown=0
6064,>30M,flakon.com,yes,,,https://form.typeform.com/to/kmlyJQDs,0,,logo_flakon_blanc_transparent_120x@2x.png ; logo_flakon_blanc_transparent_140x@2x.png ; logo_flakon_blanc_transparent_x50@2x.png ; logo_flakon_noir_transparent_b26f7d00-865a-427c-b02e-90d2ba100c5a_120x@2x.png ; logo_flakon_noir_transparent_b26f7d00-865a-427c-b02e-90d2ba100c5a_140x@2x.png,showing_email_candidates,not_flagged,contact_pages,,,,,,valid=0; invalid=0; risky=0; unknown=0
6065,>30M,clevorx.com,no,,,,0,,customercare@clevorx.com ; customercare@clevorx.comphone,showing_email_candidates,not_flagged,contact_pages,,,,,,valid=0; invalid=0; risky=0; unknown=0
6066,>30M,demenageursparis.fr,no,,,,0,,,no_public_email_found,not_flagged,contact_pages,,,,,,valid=0; invalid=0; risky=0; unknown=0
6067,>30M,klconstructionco.com,yes,,,https://f2pmeunr3ls.typeform.com/to/sN0IKhVT,0,,laura@lkconstructionco.com,showing_email_candidates,not_flagged,contact_pages,,,,,,valid=0; invalid=0; risky=0; unknown=0
6068,>30M,budget-maldives.com,no,,,https://form.typeform.com/,0,,office@budget-maldives.com,showing_email_candidates,not_flagged,contact_pages,office@budget-maldives.com,,,,office@budget-maldives.com,valid=0; invalid=0; risky=0; unknown=1
6069,>30M,wno.ch,no,,,,0,,info@wno.ch ; marco.huwiler@wno.ch ; pascal.mauron@wno.ch ; piera.mueller@wno.ch ; simon.schoch@wno.ch ; your@email.here,showing_email_candidates,not_flagged,contact_pages,info@wno.ch,,,,info@wno.ch,valid=0; invalid=0; risky=0; unknown=1
6070,>30M,citizer.com,yes,,,https://citizerhq.typeform.com/to/LANhZGUe,0,,,no_public_email_found,not_flagged,contact_pages,,,,,,valid=0; invalid=0; risky=0; unknown=0
6071,>30M,milz-comp.net,no,,,https://5kos0g3ofqj.typeform.com/,0,,info@milz-comp.de,showing_email_candidates,not_flagged,contact_pages,,,,,,valid=0; invalid=0; risky=0; unknown=0
6072,>30M,bestpaintny.com,no,,,,0,,bestpaint@verizon.net,showing_email_candidates,not_flagged,contact_pages,,,,,,valid=0; invalid=0; risky=0; unknown=0
6073,>30M,turkishamerican.net,yes,,,,0,,,no_public_email_found,not_flagged,contact_pages,,,,,,valid=0; invalid=0; risky=0; unknown=0
6074,>30M,cherrypicker.com.au,yes,,,https://troianok.typeform.com/to/u4QObJ,0,,,no_public_email_found,not_flagged,contact_pages,,,,,,valid=0; invalid=0; risky=0; unknown=0
6075,>30M,precisehire.net,no,,,,0,,,no_public_email_found,not_flagged,contact_pages,,,,,,valid=0; invalid=0; risky=0; unknown=0
6076,>30M,lsortho.com,no,,,,0,,info@smilenycity.com,showing_email_candidates,not_flagged,contact_pages,,,,,,valid=0; invalid=0; risky=0; unknown=0
6077,>30M,yachtem.com,no,,,,0,,info@yachtem.com,showing_email_candidates,not_flagged,contact_pages,info@yachtem.com,,,,info@yachtem.com,valid=0; invalid=0; risky=0; unknown=1
6078,>30M,product-animation.com,no,,,,0,,,no_public_email_found,not_flagged,contact_pages,,,,,,valid=0; invalid=0; risky=0; unknown=0
6079,>30M,itarguide.com,yes,,,https://embed.typeform.com/ ; https://factoryfour.typeform.com/to/TQTpHA,0,,,no_public_email_found,not_flagged,contact_pages,,,,,,valid=0; invalid=0; risky=0; unknown=0
6080,>30M,jennifercabot.com,yes,,,,0,,hello@spiritualmadame.com ; jenniferacabot@gmail.com,showing_email_candidates,not_flagged,contact_pages,,,,,,valid=0; invalid=0; risky=0; unknown=0
6081,>30M,petset.com.au,yes,,,https://ask-question.typeform.com/to/kA4yvSam,0,,,no_public_email_found,not_flagged,contact_pages,,,,,,valid=0; invalid=0; risky=0; unknown=0
6082,>30M,elonsummerstorage.com,yes,,,,0,,,no_public_email_found,not_flagged,contact_pages,,,,,,valid=0; invalid=0; risky=0; unknown=0
6083,>30M,lknnewlistings.com,yes,,,,0,,,no_public_email_found,not_flagged,contact_pages,,,,,,valid=0; invalid=0; risky=0; unknown=0
6084,>30M,careerfairexpo.com,no,,,,0,,,no_public_email_found,not_flagged,contact_pages,,,,,,valid=0; invalid=0; risky=0; unknown=0
6085,>30M,grandeideia.com.br,yes,,,https://2rhicqqjg7h.typeform.com/to/pMTeZbJ5,0,,andre@grandeideia.com.br,showing_email_candidates,not_flagged,contact_pages,,,,,,valid=0; invalid=0; risky=0; unknown=0
6086,>30M,iwilltell.com,yes,,,,0,,sm_submission_btn@2x-sky-300x56.png ; sm_submission_btn@2x-sky.png,showing_email_candidates,not_flagged,contact_pages,,,,,,valid=0; invalid=0; risky=0; unknown=0
6087,>30M,go-global.us,yes,,,https://25xxruj1lfq.typeform.com/to/C7ewMUSB,0,,,no_public_email_found,not_flagged,contact_pages,,,,,,valid=0; invalid=0; risky=0; unknown=0
6088,>30M,floriology.com,yes,,,,0,,,no_public_email_found,not_flagged,contact_pages,,,,,,valid=0; invalid=0; risky=0; unknown=0
6089,>30M,top3hotels.com,yes,,,,0,,,no_public_email_found,not_flagged,contact_pages,,,,,,valid=0; invalid=0; risky=0; unknown=0
6090,>30M,snocks.com,no,,,https://snocks.typeform.com/to/J71BpuI1,0,,custom-elements@1.0.0,showing_email_candidates,not_flagged,contact_pages,,,,,,valid=0; invalid=0; risky=0; unknown=0
6091,>30M,true-meridian.com,no,,,,0,,truemarid@sbcglobal.net,showing_email_candidates,not_flagged,contact_pages,,,,,,valid=0; invalid=0; risky=0; unknown=0
6092,>30M,customuse.com,no,,,,0,,site-admin@customuse.com,showing_email_candidates,not_flagged,contact_pages,,,,,,valid=0; invalid=0; risky=0; unknown=0
6093,>30M,carmelvalleyvideo.com,no,,,,0,,impallari@gmail.com ; team@latofonts.com,showing_email_candidates,not_flagged,contact_pages,,,,,,valid=0; invalid=0; risky=0; unknown=0
6094,>30M,benjaminalbano.com,no,,,,0,,,no_public_email_found,not_flagged,contact_pages,,,,,,valid=0; invalid=0; risky=0; unknown=0
6095,>30M,team-security.no,no,,,https://embed.typeform.com/,0,,post@team-security.no,showing_email_candidates,not_flagged,contact_pages,,,,,,valid=0; invalid=0; risky=0; unknown=0
6096,>30M,avanguarda.com,no,,,,0,,,no_public_email_found,not_flagged,contact_pages,,,,,,valid=0; invalid=0; risky=0; unknown=0
6097,>30M,sistemalegal.es,no,,,,0,,info@sistemalegal.es,showing_email_candidates,not_flagged,contact_pages,info@sistemalegal.es,,,,info@sistemalegal.es,valid=0; invalid=0; risky=0; unknown=1
6098,>30M,mediamonitoring.ch,no,,,,0,,,no_public_email_found,not_flagged,contact_pages,,,,,,valid=0; invalid=0; risky=0; unknown=0
6099,>30M,colfaxmonument.com,no,,,,0,,,no_public_email_found,not_flagged,contact_pages,,,,,,valid=0; invalid=0; risky=0; unknown=0
6100,>30M,buildstart.com,yes,,,https://form.typeform.com/to/tdNRUnRN ; https://form.typeform.com/to/Uf0Qj873,0,,,no_public_email_found,not_flagged,contact_pages,,,,,,valid=0; invalid=0; risky=0; unknown=0
6101,>30M,blocskincare.com,yes,,,https://5pvo046oejf.typeform.com/to/pmtBOXmL,0,,hello@blocskincare.com,showing_email_candidates,not_flagged,contact_pages,hello@blocskincare.com,hello@blocskincare.com,,,,valid=1; invalid=0; risky=0; unknown=0
6102,>30M,helloresa.com,no,,,,0,,,no_public_email_found,not_flagged,contact_pages,,,,,,valid=0; invalid=0; risky=0; unknown=0
6103,>30M,swiss3d.ch,yes,,,,0,,,no_public_email_found,not_flagged,contact_pages,,,,,,valid=0; invalid=0; risky=0; unknown=0
6104,>30M,laxcapital.com,yes,,,,0,,,no_public_email_found,not_flagged,contact_pages,,,,,,valid=0; invalid=0; risky=0; unknown=0
6105,>30M,educateurspecialise.fr,no,,,,0,,delcloyceline@gmail.com,showing_email_candidates,not_flagged,contact_pages,,,,,,valid=0; invalid=0; risky=0; unknown=0
6106,>30M,ormittalent.nl,no,,,https://embed.typeform.com/,0,,info@ormittalent.nl,showing_email_candidates,not_flagged,contact_pages,info@ormittalent.nl,,,,info@ormittalent.nl,valid=0; invalid=0; risky=0; unknown=1
6107,>30M,maifeld-optik.de,no,,,,0,,info@maifeld-optik.de ; kontakt@maifeld-optik.de,showing_email_candidates,not_flagged,contact_pages,info@maifeld-optik.de,,,,info@maifeld-optik.de,valid=0; invalid=0; risky=0; unknown=1
6108,>30M,just-coolers.com,yes,,,https://1owwh48qtyv.typeform.com/to/ofb3wy66,0,,sales@just-coolers.com,showing_email_candidates,not_flagged,contact_pages,sales@just-coolers.com,,,,sales@just-coolers.com,valid=0; invalid=0; risky=0; unknown=1
6109,>30M,theyoungwriter.com,yes,,,https://theyoungwriter.typeform.com/to/V2CBP9,0,,logo-min-icon__gold@2x-480x658.png ; logo-min-icon__gold@2x.png,showing_email_candidates,not_flagged,contact_pages,,,,,,valid=0; invalid=0; risky=0; unknown=0
6110,>30M,catalystdelta.com,yes,,,https://form.typeform.com/to/c48YajZD,0,,,no_public_email_found,not_flagged,contact_pages,,,,,,valid=0; invalid=0; risky=0; unknown=0
6111,>30M,sunroom-eiko.com,no,,,,0,,,no_public_email_found,not_flagged,contact_pages,,,,,,valid=0; invalid=0; risky=0; unknown=0
6112,>30M,cosmetologypro.ru,no,,,https://embed.typeform.com/,0,,slick-carousel@1.8.1,showing_email_candidates,not_flagged,contact_pages,,,,,,valid=0; invalid=0; risky=0; unknown=0
6113,>30M,nogami-cl.com,no,,,,0,,,no_public_email_found,not_flagged,contact_pages,,,,,,valid=0; invalid=0; risky=0; unknown=0
6114,>30M,moontechno.com,no,,,,0,,,no_public_email_found,not_flagged,contact_pages,,,,,,valid=0; invalid=0; risky=0; unknown=0
6115,>30M,gigiblair.com,yes,,,,0,,,no_public_email_found,not_flagged,contact_pages,,,,,,valid=0; invalid=0; risky=0; unknown=0
6116,>30M,xbto.com,no,,,,0,,compliance@xbto.com ; legal@xbto.com ; press@xbto.com ; support@xbto.com,showing_email_candidates,not_flagged,contact_pages,press@xbto.com ; support@xbto.com,,,,press@xbto.com ; support@xbto.com,valid=0; invalid=0; risky=0; unknown=2
6117,>30M,simpleservice.com,no,,,,0,,,no_public_email_found,not_flagged,contact_pages,,,,,,valid=0; invalid=0; risky=0; unknown=0
6118,>30M,shibahara-iin.com,no,,,,0,,,no_public_email_found,not_flagged,contact_pages,,,,,,valid=0; invalid=0; risky=0; unknown=0
6119,>30M,agile-software.at,no,,,,0,,,no_public_email_found,not_flagged,contact_pages,,,,,,valid=0; invalid=0; risky=0; unknown=0
6120,>30M,soulkink.com,yes,,,https://g50p0ogs9z3.typeform.com/to/ZHtB6JqR,0,,,no_public_email_found,not_flagged,contact_pages,,,,,,valid=0; invalid=0; risky=0; unknown=0
6121,>30M,thepromptory.com,no,,,https://www.typeform.com/,0,,newbiz@thepromptory.com ; troy@thepromptory.com ; you@company.com ; your@email.com,showing_email_candidates,not_flagged,contact_pages,,,,,,valid=0; invalid=0; risky=0; unknown=0
6122,>30M,transactency.com,yes,,,https://mikedenker.typeform.com/to/UIAqUGqu,0,,you@company.com,showing_email_candidates,not_flagged,contact_pages,,,,,,valid=0; invalid=0; risky=0; unknown=0
6123,>30M,startlife.nl,no,,,https://startlife.typeform.com/,0,,,no_public_email_found,not_flagged,contact_pages,,,,,,valid=0; invalid=0; risky=0; unknown=0
6124,>30M,emerald-district.com,yes,,,https://lightspeed-commerce.typeform.com/to/g1vcP7FR,0,,example@email.com ; john.doe@email.com ; nicole@emerald-district.com ; sales@emerald-district.com,showing_email_candidates,not_flagged,contact_pages,sales@emerald-district.com,,,,sales@emerald-district.com,valid=0; invalid=0; risky=0; unknown=1
6125,>30M,harvestsc.org,no,,,,0,,info@harvestsc.org,showing_email_candidates,not_flagged,contact_pages,info@harvestsc.org,,,,info@harvestsc.org,valid=0; invalid=0; risky=0; unknown=1
6126,>30M,cleanroomsolutions.com,no,,,,0,,,no_public_email_found,not_flagged,contact_pages,,,,,,valid=0; invalid=0; risky=0; unknown=0
6127,>30M,notionstate.com,no,,,,0,,,no_public_email_found,not_flagged,contact_pages,,,,,,valid=0; invalid=0; risky=0; unknown=0
6128,>30M,hireaunicorn.com,yes,,,https://emily170941.typeform.com/to/NfeE7t,0,,,no_public_email_found,not_flagged,contact_pages,,,,,,valid=0; invalid=0; risky=0; unknown=0
6129,>30M,weather-radar-live.com,no,,,,0,,,no_public_email_found,not_flagged,contact_pages,,,,,,valid=0; invalid=0; risky=0; unknown=0
6130,>30M,eirtribe.com,yes,,,,0,,,no_public_email_found,not_flagged,contact_pages,,,,,,valid=0; invalid=0; risky=0; unknown=0
6131,>30M,votre-isolation.com,yes,,,https://form.typeform.com/ ; https://form.typeform.com/to/HqgpNExv,0,,contact@votre-isolation.com ; dpo@votre-isolation.com,showing_email_candidates,not_flagged,contact_pages,contact@votre-isolation.com,contact@votre-isolation.com,,,,valid=1; invalid=0; risky=0; unknown=0
6132,>30M,flooringmarketing.com,yes,,,,0,,,no_public_email_found,not_flagged,contact_pages,,,,,,valid=0; invalid=0; risky=0; unknown=0
6133,>30M,slicingpsd2html.com,no,,,,0,,,no_public_email_found,not_flagged,contact_pages,,,,,,valid=0; invalid=0; risky=0; unknown=0
6134,>30M,delawaresocialsecurity.com,no,,,,0,,,no_public_email_found,not_flagged,contact_pages,,,,,,valid=0; invalid=0; risky=0; unknown=0
6135,>30M,proenergy.be,yes,,,https://form.typeform.com/to/R2UcAutL,0,,advies@proenergy.be ; info@proenergy.be ; markerclustererplus@4.0.1 ; sales@proenergy.be ; support@proenergy.be,showing_email_candidates,not_flagged,contact_pages,info@proenergy.be ; sales@proenergy.be ; support@proenergy.be,,,,info@proenergy.be ; sales@proenergy.be ; support@proenergy.be,valid=0; invalid=0; risky=0; unknown=3
6136,>30M,sia-lab.com,no,,,,0,,,no_public_email_found,not_flagged,contact_pages,,,,,,valid=0; invalid=0; risky=0; unknown=0
6137,>30M,rollsroycehuren.com,yes,,,https://form.typeform.com/to/Nc0pRn2M,0,,info@locationrollsroyce.com,showing_email_candidates,not_flagged,contact_pages,,,,,,valid=0; invalid=0; risky=0; unknown=0
6138,>30M,recruitrockstars.com,no,,,https://rdr01bns057.typeform.com/,0,,circletype@2.3.0 ; info@recruitrockstars.com,showing_email_candidates,not_flagged,contact_pages,info@recruitrockstars.com,,,,info@recruitrockstars.com,valid=0; invalid=0; risky=0; unknown=1
6139,>30M,careconsultancy.nl,yes,,,https://4cdop9rizu1.typeform.com/to/d5KMlPYb,0,,info@careconsultancy.nl,showing_email_candidates,not_flagged,contact_pages,info@careconsultancy.nl,,,,info@careconsultancy.nl,valid=0; invalid=0; risky=0; unknown=1
6140,>30M,pearler.com,no,,,,0,,help@pearler.com ; spw_compliance@privatewealth.sanlam.com.au ; super.inquiry@pearler.com,showing_email_candidates,not_flagged,contact_pages,help@pearler.com,help@pearler.com,,,,valid=1; invalid=0; risky=0; unknown=0
6141,>30M,jamiecoop.com,no,,,,0,,hello@jamiecoop.com,showing_email_candidates,not_flagged,contact_pages,hello@jamiecoop.com,hello@jamiecoop.com,,,,valid=1; invalid=0; risky=0; unknown=0
6142,>30M,cruxio.com,yes,,,https://jyqzyg2grqg.typeform.com/to/gaAdTBk2,0,,,no_public_email_found,not_flagged,contact_pages,,,,,,valid=0; invalid=0; risky=0; unknown=0
6143,>30M,globalgrowthexperts.com,yes,,,https://embed.typeform.com/,0,,,no_public_email_found,not_flagged,contact_pages,,,,,,valid=0; invalid=0; risky=0; unknown=0
6144,>30M,scoreconseils.com,no,,,https://embed.typeform.com/,0,,contact@scoreconseils.com,showing_email_candidates,not_flagged,contact_pages,contact@scoreconseils.com,contact@scoreconseils.com,,,,valid=1; invalid=0; risky=0; unknown=0
6145,>30M,timelapse.cl,no,,,,0,,info@timelapse.cl,showing_email_candidates,not_flagged,contact_pages,info@timelapse.cl,,,,info@timelapse.cl,valid=0; invalid=0; risky=0; unknown=1
6146,>30M,tritonadventures.com,no,,,,0,,info@tritonadventures.com ; tritonadventurescy@gmail.com,showing_email_candidates,not_flagged,contact_pages,info@tritonadventures.com,,,,info@tritonadventures.com,valid=0; invalid=0; risky=0; unknown=1
6147,>30M,bevouac.com,yes,,,https://bevouac.typeform.com/to/zAX8CXfp,0,,contact@bevouac.com ; galivel@galivel.com ; presse@bevouac.com,showing_email_candidates,not_flagged,contact_pages,contact@bevouac.com,contact@bevouac.com,,,,valid=1; invalid=0; risky=0; unknown=0
6148,>30M,gsmx.com,no,,,,0,,email@domain.com ; info@gsmx.com ; popper.js@1.16.1,showing_email_candidates,not_flagged,contact_pages,info@gsmx.com,,,,info@gsmx.com,valid=0; invalid=0; risky=0; unknown=1
6149,>30M,gedigen.se,no,,,,0,,info@gedigen.se ; support@gedigen.se,showing_email_candidates,not_flagged,contact_pages,info@gedigen.se ; support@gedigen.se,,,,info@gedigen.se ; support@gedigen.se,valid=0; invalid=0; risky=0; unknown=2
6150,>30M,james-hawkins.com,yes,,,https://form.typeform.com/to/Ml1nIKfG,0,,info@james-hawkins.com ; you@email.com,showing_email_candidates,not_flagged,contact_pages,info@james-hawkins.com,,,,info@james-hawkins.com,valid=0; invalid=0; risky=0; unknown=1
6151,>30M,eddiesetgo.net,yes,,,https://form.typeform.com/to/MUy7A4Zx,0,,coach@eddiesetgo.net,showing_email_candidates,not_flagged,contact_pages,,,,,,valid=0; invalid=0; risky=0; unknown=0
6152,>30M,hairextensionsok.com,yes,,,https://form.typeform.com/to/FSwxrw ; https://form.typeform.com/to/i59JAICS,0,,shine.salonokc@yahoo.com,showing_email_candidates,not_flagged,contact_pages,,,,,,valid=0; invalid=0; risky=0; unknown=0
6153,>30M,thepackagepro.com,yes,,,,0,,,no_public_email_found,not_flagged,contact_pages,,,,,,valid=0; invalid=0; risky=0; unknown=0
6154,>30M,reviewupdated.com,no,,,,0,,admin@reviewupdated.com,showing_email_candidates,not_flagged,contact_pages,admin@reviewupdated.com,admin@reviewupdated.com,,,,valid=1; invalid=0; risky=0; unknown=0
6155,>30M,loukim.com,no,,,,0,,your@email.com,showing_email_candidates,not_flagged,contact_pages,,,,,,valid=0; invalid=0; risky=0; unknown=0
6156,>30M,notionists.com,no,,,,0,,hello@notionists.com,showing_email_candidates,not_flagged,contact_pages,hello@notionists.com,hello@notionists.com,,,,valid=1; invalid=0; risky=0; unknown=0
6157,>30M,vdletgprojects.com,no,,,,0,,infoprojects@vdletg.com,showing_email_candidates,not_flagged,contact_pages,,,,,,valid=0; invalid=0; risky=0; unknown=0
6158,>30M,visa-processing.com,no,,,,0,,,no_public_email_found,not_flagged,contact_pages,,,,,,valid=0; invalid=0; risky=0; unknown=0
6159,>30M,honeyflowercollective.com,yes,,,https://dmcdentistry.typeform.com/to/JbK5ol,0,,,no_public_email_found,not_flagged,contact_pages,,,,,,valid=0; invalid=0; risky=0; unknown=0
6160,>30M,petshirt.net,no,,,,0,,,no_public_email_found,not_flagged,contact_pages,,,,,,valid=0; invalid=0; risky=0; unknown=0
6161,>30M,aluminium-extrusion.co,no,,,,0,,sales@ratnashri.co.in,showing_email_candidates,not_flagged,contact_pages,,,,,,valid=0; invalid=0; risky=0; unknown=0
6162,>30M,taxandinvestments.com,yes,,,https://o0p59w634ws.typeform.com/to/NCT3dv7V ; https://o0p59w634ws.typeform.com/to/tmtHVX7P,0,,rob@taxandinvestments.com,showing_email_candidates,not_flagged,contact_pages,,,,,,valid=0; invalid=0; risky=0; unknown=0
6163,>30M,drwestford.com,yes,,,https://innovatesocialmedia.typeform.com/to/upD6IEsj,0,,yfwestford@gmail.com,showing_email_candidates,not_flagged,contact_pages,,,,,,valid=0; invalid=0; risky=0; unknown=0
6164,>30M,brainvive.com,no,,,,0,,info@brainvive.com,showing_email_candidates,not_flagged,contact_pages,info@brainvive.com,,,,info@brainvive.com,valid=0; invalid=0; risky=0; unknown=1
6165,>30M,maprivatewealth.com,no,,,,0,,becka@maprivatewealth.com ; erica@maprivatewealth.com ; mallory@maprivatewealth.com ; marty@maprivatewealth.com ; riley@maprivatewealth.com ; vijay@maprivatewealth.com,showing_email_candidates,not_flagged,contact_pages,,,,,,valid=0; invalid=0; risky=0; unknown=0
6166,>30M,prototypeleader.com,yes,,,https://form.typeform.com/to/pjlP0GcM,0,,,no_public_email_found,not_flagged,contact_pages,,,,,,valid=0; invalid=0; risky=0; unknown=0
6167,>30M,biaedu.com.br,no,,,https://embed.typeform.com/,0,,,no_public_email_found,not_flagged,contact_pages,,,,,,valid=0; invalid=0; risky=0; unknown=0
6168,>30M,shop-st.com,yes,,,https://epfdygpubrq.typeform.com/to/PvlV6WBM,0,,,no_public_email_found,not_flagged,contact_pages,,,,,,valid=0; invalid=0; risky=0; unknown=0
6169,>30M,daysocorp.com,yes,,,https://ngpdgv73ss8.typeform.com/to/ReIR1txa ; https://ngpdgv73ss8.typeform.com/to/Wvpe5abs,0,,info@daysocorp.com,showing_email_candidates,not_flagged,contact_pages,info@daysocorp.com,,,,info@daysocorp.com,valid=0; invalid=0; risky=0; unknown=1
6170,>30M,founderstandup.com,no,,,,0,,,no_public_email_found,not_flagged,contact_pages,,,,,,valid=0; invalid=0; risky=0; unknown=0
6171,>30M,raeumungsverkauf-kb.de,no,,,https://embed.typeform.com/ ; https://form.typeform.com/,0,,,no_public_email_found,not_flagged,contact_pages,,,,,,valid=0; invalid=0; risky=0; unknown=0
6172,>30M,lapurezaesposible.com,yes,,,https://optimalwork.typeform.com/to/bNnWgo ; https://optimalwork.typeform.com/to/db9Mmz ; https://optimalwork.typeform.com/to/FPmLMQ ; https://optimalwork.typeform.com/to/KzyvtI ; https://optimalwork.typeform.com/to/lMTNMs ; https://optimalwork.typeform.com/to/MfWZ7u ; https://optimalwork.typeform.com/to/rO4T91 ; https://optimalwork.typeform.com/to/TswyMz ; https://optimalwork.typeform.com/to/U5yYUH,0,,,no_public_email_found,not_flagged,contact_pages,,,,,,valid=0; invalid=0; risky=0; unknown=0
6173,>30M,sunbeamclean.com,yes,,,https://form.typeform.com/to/g1SDtF51 ; https://form.typeform.com/to/LU7GrJzi ; https://form.typeform.com/to/N7TabTM2,0,,info@sunbeamclean.com,showing_email_candidates,not_flagged,contact_pages,info@sunbeamclean.com,,,,info@sunbeamclean.com,valid=0; invalid=0; risky=0; unknown=1
6174,>30M,eastlansingheating.com,no,,,,0,,info@tylerheating.com,showing_email_candidates,not_flagged,contact_pages,,,,,,valid=0; invalid=0; risky=0; unknown=0
6175,>30M,scrumblebee.com,yes,,,https://survey.typeform.com/to/voHwpbq0,0,,,no_public_email_found,not_flagged,contact_pages,,,,,,valid=0; invalid=0; risky=0; unknown=0
6176,>30M,carleadscanada.ca,yes,,,,0,,,no_public_email_found,not_flagged,contact_pages,,,,,,valid=0; invalid=0; risky=0; unknown=0
6177,>30M,ecomservice.ru,no,,,,0,,info@ecomservice.ru ; name@name.ru,showing_email_candidates,not_flagged,contact_pages,info@ecomservice.ru,,,,info@ecomservice.ru,valid=0; invalid=0; risky=0; unknown=1
6178,>30M,omc-office.com,no,,,,0,,,no_public_email_found,not_flagged,contact_pages,,,,,,valid=0; invalid=0; risky=0; unknown=0
6179,>30M,soniagavira.com,yes,,,,0,,flags@2x.png ; team@soniagavira.com ; your@email.com,showing_email_candidates,not_flagged,contact_pages,team@soniagavira.com,,,,team@soniagavira.com,valid=0; invalid=0; risky=0; unknown=1
6180,>30M,tartnyc.com,no,,,,0,,info@tartnyc.com,showing_email_candidates,not_flagged,contact_pages,info@tartnyc.com,,,,info@tartnyc.com,valid=0; invalid=0; risky=0; unknown=1
6181,>30M,sellersguru.com,yes,,,,0,,ben@avidads.com ; flags@2x.png ; help@sellersguru.com,showing_email_candidates,not_flagged,contact_pages,help@sellersguru.com,help@sellersguru.com,,,,valid=1; invalid=0; risky=0; unknown=0
6182,>30M,have-want.com,yes,,,https://have-want.typeform.com/to/eVVhld ; https://have-want.typeform.com/to/RDKLoV,0,,,no_public_email_found,not_flagged,contact_pages,,,,,,valid=0; invalid=0; risky=0; unknown=0
6183,>30M,buscapina.com,no,,,,0,,,no_public_email_found,not_flagged,contact_pages,,,,,,valid=0; invalid=0; risky=0; unknown=0
6184,>30M,fermindus.com,no,,,,0,,,no_public_email_found,not_flagged,contact_pages,,,,,,valid=0; invalid=0; risky=0; unknown=0
6185,>30M,think13.com,no,,,https://vxolsyg2q32.typeform.com/,0,,memberservices@think13.com,showing_email_candidates,not_flagged,contact_pages,,,,,,valid=0; invalid=0; risky=0; unknown=0
6186,>30M,leadermarketing.net,yes,,,,0,,,no_public_email_found,not_flagged,contact_pages,,,,,,valid=0; invalid=0; risky=0; unknown=0
6187,>30M,tokenagency.com,yes,,,https://robertbehnke.typeform.com/to/GyyLGz,0,,info@tokenagency.com,showing_email_candidates,not_flagged,contact_pages,info@tokenagency.com,,,,info@tokenagency.com,valid=0; invalid=0; risky=0; unknown=1
6188,>30M,eiwa-ele.com,no,,,,0,,,no_public_email_found,not_flagged,contact_pages,,,,,,valid=0; invalid=0; risky=0; unknown=0
6189,>30M,wishbonedesignstudio.com,no,,,,0,,,no_public_email_found,not_flagged,contact_pages,,,,,,valid=0; invalid=0; risky=0; unknown=0
6190,>30M,mycondoapproval.com,no,,,,0,,mattweaverteam@ccm.com,showing_email_candidates,not_flagged,contact_pages,,,,,,valid=0; invalid=0; risky=0; unknown=0
6191,>30M,neazz.com,no,,,,0,,,no_public_email_found,not_flagged,contact_pages,,,,,,valid=0; invalid=0; risky=0; unknown=0
6192,>30M,dennis-eagle.com,no,,,,0,,,no_public_email_found,not_flagged,contact_pages,,,,,,valid=0; invalid=0; risky=0; unknown=0
6193,>30M,casamentobr.com.br,no,,,,0,,,no_public_email_found,not_flagged,contact_pages,,,,,,valid=0; invalid=0; risky=0; unknown=0
6194,>30M,deltahomeservices.com,yes,,,,0,,,no_public_email_found,not_flagged,contact_pages,,,,,,valid=0; invalid=0; risky=0; unknown=0
6195,>30M,copieprivee.fr,yes,,,https://bqr745rh6lo.typeform.com/to/vJFCnk1t ; https://form.typeform.com/to/vJFCnk1t,0,,,no_public_email_found,not_flagged,contact_pages,,,,,,valid=0; invalid=0; risky=0; unknown=0
6196,>30M,nbew.org,no,,,,0,,,no_public_email_found,not_flagged,contact_pages,,,,,,valid=0; invalid=0; risky=0; unknown=0
6197,>30M,aceroofingenterprises.com,no,,,,0,,,no_public_email_found,not_flagged,contact_pages,,,,,,valid=0; invalid=0; risky=0; unknown=0
6198,>30M,babyfever.com,yes,,,https://form.typeform.com/to/gAAr0UEH,0,,hello@babyfever.com ; partnerships@babyfever.com ; press@babyfever.com,showing_email_candidates,not_flagged,contact_pages,hello@babyfever.com ; press@babyfever.com,hello@babyfever.com,,,press@babyfever.com,valid=1; invalid=0; risky=0; unknown=1
6199,>30M,interestelarsevilla.com,yes,,,https://nkbbvyho3di.typeform.com/to/C10git2O,0,,,no_public_email_found,not_flagged,contact_pages,,,,,,valid=0; invalid=0; risky=0; unknown=0
6200,>30M,bluefundcapital.com,yes,,,https://admin.typeform.com/ ; https://embed.typeform.com/ ; https://form.typeform.com/to/h3vKrT,0,,info@bluefundcapital.com ; popper.js@1.16.1,showing_email_candidates,not_flagged,contact_pages,info@bluefundcapital.com,,,,info@bluefundcapital.com,valid=0; invalid=0; risky=0; unknown=1
6201,>30M,pivotalholding.com,yes,,,https://form.typeform.com/to/mJ44kkZN ; https://mgeaap1h277.typeform.com/to/mJ44kkZN,0,,contact@technoglobalinc.com,showing_email_candidates,not_flagged,contact_pages,,,,,,valid=0; invalid=0; risky=0; unknown=0
6202,>30M,livesontheline.org,yes,,,https://surv585.typeform.com/to/IxTNaN,0,,,no_public_email_found,not_flagged,contact_pages,,,,,,valid=0; invalid=0; risky=0; unknown=0
6203,>30M,parryconstruction.com,yes,,,https://uphero.typeform.com/to/TObHXQB9,0,,,no_public_email_found,not_flagged,contact_pages,,,,,,valid=0; invalid=0; risky=0; unknown=0
6204,>30M,mucosan.es,no,,,,0,,,no_public_email_found,not_flagged,contact_pages,,,,,,valid=0; invalid=0; risky=0; unknown=0
6205,>30M,ravencapitalpartners.com,yes,,,https://pufd8blo706.typeform.com/to/axjdrOEk,0,,,no_public_email_found,not_flagged,contact_pages,,,,,,valid=0; invalid=0; risky=0; unknown=0
6206,>30M,xsassist.com,no,,,,0,,flags@2x.png ; info@xserpconsulting.com,showing_email_candidates,not_flagged,contact_pages,,,,,,valid=0; invalid=0; risky=0; unknown=0
6207,>30M,6ama6im.com,no,,,,0,,,no_public_email_found,not_flagged,contact_pages,,,,,,valid=0; invalid=0; risky=0; unknown=0
6208,>30M,davidws.com,no,,,,0,,,no_public_email_found,not_flagged,contact_pages,,,,,,valid=0; invalid=0; risky=0; unknown=0
6209,>30M,tea-services.fr,no,,,,0,,contact@tea-services.fr,showing_email_candidates,not_flagged,contact_pages,contact@tea-services.fr,contact@tea-services.fr,,,,valid=1; invalid=0; risky=0; unknown=0
6210,>30M,gcplumbingandheating.com,no,,,,0,,gcplumbingandheating@live.com,showing_email_candidates,not_flagged,contact_pages,,,,,,valid=0; invalid=0; risky=0; unknown=0
6211,>30M,atlantafaucetpro.com,yes,,,https://form.typeform.com/to/gv7lGU4X,0,,info@atlantafaucetpro.com,showing_email_candidates,not_flagged,contact_pages,info@atlantafaucetpro.com,,,,info@atlantafaucetpro.com,valid=0; invalid=0; risky=0; unknown=1
6212,>30M,ernestokruger.com,yes,,,https://embed.typeform.com/ ; https://form.typeform.com/to/JIpgxp,0,,hablemos@ernestokruger.com,showing_email_candidates,not_flagged,contact_pages,,,,,,valid=0; invalid=0; risky=0; unknown=0
6213,>30M,krause-automation.de,no,,,,0,,,no_public_email_found,not_flagged,contact_pages,,,,,,valid=0; invalid=0; risky=0; unknown=0
6214,>30M,kleinklaeranlage.ch,yes,,,https://62qr25z55il.typeform.com/to/rV6JAJ2V,0,,,no_public_email_found,not_flagged,contact_pages,,,,,,valid=0; invalid=0; risky=0; unknown=0
6215,>30M,heidis-partyservice.ch,yes,,,,0,,info@heidis-partyservice.ch,showing_email_candidates,not_flagged,contact_pages,info@heidis-partyservice.ch,,,,info@heidis-partyservice.ch,valid=0; invalid=0; risky=0; unknown=1
6216,>30M,besttherapists.com,yes,,,https://kristieplantinga.typeform.com/to/GK8arjdC,0,,,no_public_email_found,not_flagged,contact_pages,,,,,,valid=0; invalid=0; risky=0; unknown=0
6217,>30M,obana-tax.net,no,,,,0,,,no_public_email_found,not_flagged,contact_pages,,,,,,valid=0; invalid=0; risky=0; unknown=0
6218,>30M,jupiterwreck.com,no,,,,0,,captdom@jupitercoins.com ; contactus@jupitercoins.com,showing_email_candidates,not_flagged,contact_pages,,,,,,valid=0; invalid=0; risky=0; unknown=0
6219,>30M,xlow.com,no,,,,0,,,no_public_email_found,not_flagged,contact_pages,,,,,,valid=0; invalid=0; risky=0; unknown=0
6220,>30M,webstorio.com,no,,,,0,,,no_public_email_found,not_flagged,contact_pages,,,,,,valid=0; invalid=0; risky=0; unknown=0
6221,>30M,goalbreakers.com,yes,,,https://form.typeform.com/to/GraDf0wv,0,,info@goalbreakers.com ; info@goalbreakers.se ; members@goalbreakers.com,showing_email_candidates,not_flagged,contact_pages,info@goalbreakers.com,,,,info@goalbreakers.com,valid=0; invalid=0; risky=0; unknown=1
6222,>30M,kk-nakai.com,no,,,,0,,,no_public_email_found,not_flagged,contact_pages,,,,,,valid=0; invalid=0; risky=0; unknown=0
6223,>30M,vimaxcase.com,yes,,,,0,,,no_public_email_found,not_flagged,contact_pages,,,,,,valid=0; invalid=0; risky=0; unknown=0
6224,>30M,indigotherapy.org,yes,,,https://form.typeform.com/to/pNe75uyW,0,,,no_public_email_found,not_flagged,contact_pages,,,,,,valid=0; invalid=0; risky=0; unknown=0
6225,>30M,costaoeste.es,no,,,https://embed.typeform.com/,0,,,no_public_email_found,not_flagged,contact_pages,,,,,,valid=0; invalid=0; risky=0; unknown=0
6226,>30M,saraediego.com.br,no,,,,0,,,no_public_email_found,not_flagged,contact_pages,,,,,,valid=0; invalid=0; risky=0; unknown=0
6227,>30M,ginowan-marina.com,no,,,,0,,info@ginowan-marina.com,showing_email_candidates,not_flagged,contact_pages,info@ginowan-marina.com,,,,info@ginowan-marina.com,valid=0; invalid=0; risky=0; unknown=1
6228,>30M,barcelonacodingschool.com,no,,,,0,,office@barcelonacodeschool.com,showing_email_candidates,not_flagged,contact_pages,,,,,,valid=0; invalid=0; risky=0; unknown=0
6229,>30M,isaenergy.com,no,,,,0,,,no_public_email_found,not_flagged,contact_pages,,,,,,valid=0; invalid=0; risky=0; unknown=0
6230,>30M,telechiffre.de,yes,,,,0,,,no_public_email_found,not_flagged,contact_pages,,,,,,valid=0; invalid=0; risky=0; unknown=0
6231,>30M,lipvideo.com,yes,,,https://wx536p74en0.typeform.com/to/Jt80aKgu,0,,info@lipvideo.com,showing_email_candidates,not_flagged,contact_pages,info@lipvideo.com,,,,info@lipvideo.com,valid=0; invalid=0; risky=0; unknown=1
6232,>30M,royseaman.com,no,,,,0,,,no_public_email_found,not_flagged,contact_pages,,,,,,valid=0; invalid=0; risky=0; unknown=0
6233,>30M,watermarketing.com,yes,,,,0,,,no_public_email_found,not_flagged,contact_pages,,,,,,valid=0; invalid=0; risky=0; unknown=0
6234,>30M,maruyamatosou.com,no,,,,0,,,no_public_email_found,not_flagged,contact_pages,,,,,,valid=0; invalid=0; risky=0; unknown=0
6235,>30M,vdlindustrialproducts.com,no,,,,0,,b.follon@vdlindustrialproducts.com ; c.ooijen@vdlindustrialproducts.com ; e.reijnen@vdlindustrialproducts.com ; info@vdlindustrialproducts.com ; j.chen@vdlindustrialproducts.com ; j.kuijsters@vdlindustrialproducts.com ; j.louwers@vdlindustrialproducts.com ; j.van.der.waerden@vdlindustrialproducts.com ; l.baeyens@vdlindustrialproducts.com ; m.saris@vdlindustrialproducts.com ; s.brands@vdlindustrialproducts.com,showing_email_candidates,not_flagged,contact_pages,info@vdlindustrialproducts.com,,,,info@vdlindustrialproducts.com,valid=0; invalid=0; risky=0; unknown=1
6236,>30M,uxbootstrapper.com,yes,,,https://uxbootstrapper.typeform.com/to/wx8E4C,0,,debra@uxbootstrapper.com,showing_email_candidates,not_flagged,contact_pages,,,,,,valid=0; invalid=0; risky=0; unknown=0
6237,>30M,elitedatingmastery.com,no,,,,0,,,no_public_email_found,not_flagged,contact_pages,,,,,,valid=0; invalid=0; risky=0; unknown=0
6238,>30M,mozaiky.com,no,,,,0,,info@mozaiky.com,showing_email_candidates,not_flagged,contact_pages,info@mozaiky.com,,,,info@mozaiky.com,valid=0; invalid=0; risky=0; unknown=1
6239,>30M,osnoivos.com.br,no,,,,0,,,no_public_email_found,not_flagged,contact_pages,,,,,,valid=0; invalid=0; risky=0; unknown=0
6240,>30M,digitalguide.com.au,no,,,,0,,,no_public_email_found,not_flagged,contact_pages,,,,,,valid=0; invalid=0; risky=0; unknown=0
6241,>30M,syncspace.com,no,,,,0,,bootstrap@5.3.0 ; boxicons@2.1.4,showing_email_candidates,not_flagged,contact_pages,,,,,,valid=0; invalid=0; risky=0; unknown=0
6242,>30M,takasawa-tax.com,no,,,,0,,,no_public_email_found,not_flagged,contact_pages,,,,,,valid=0; invalid=0; risky=0; unknown=0
6243,>30M,vandervalkhotelutrecht.nl,no,,,,0,,,no_public_email_found,not_flagged,contact_pages,,,,,,valid=0; invalid=0; risky=0; unknown=0
6244,>30M,bestatter-ivancic.de,yes,,,https://ranking-koeche.typeform.com/to/aYDv5lQD,0,,info@bestatter-ivancic.de,showing_email_candidates,not_flagged,contact_pages,info@bestatter-ivancic.de,,,,info@bestatter-ivancic.de,valid=0; invalid=0; risky=0; unknown=1
6245,>30M,curtiswalls.com,yes,,,https://admin.typeform.com/ ; https://embed.typeform.com/ ; https://wigginsmedia.typeform.com/to/EoZ9Ky,0,,,no_public_email_found,not_flagged,contact_pages,,,,,,valid=0; invalid=0; risky=0; unknown=0
6246,>30M,way2force.com,no,,,,0,,contactus.way2force@gmail.com,showing_email_candidates,not_flagged,contact_pages,,,,,,valid=0; invalid=0; risky=0; unknown=0
6247,>30M,kk-towa.jp,no,,,,0,,,no_public_email_found,not_flagged,contact_pages,,,,,,valid=0; invalid=0; risky=0; unknown=0
6248,>30M,franchiseresearcher.com,no,,,,0,,flags@2x.png,showing_email_candidates,not_flagged,contact_pages,,,,,,valid=0; invalid=0; risky=0; unknown=0
6249,>30M,alphaseo.de,no,,,,0,,info@alphaseo.de,showing_email_candidates,not_flagged,contact_pages,info@alphaseo.de,,,,info@alphaseo.de,valid=0; invalid=0; risky=0; unknown=1
6250,>30M,draico.de,yes,,,,0,,,no_public_email_found,not_flagged,contact_pages,,,,,,valid=0; invalid=0; risky=0; unknown=0
6251,>30M,ftlauderdalevending.com,no,,,,0,,primecoastvending@gmail.com,showing_email_candidates,not_flagged,contact_pages,,,,,,valid=0; invalid=0; risky=0; unknown=0
6252,>30M,schwingfest.ch,no,,,,0,,,no_public_email_found,not_flagged,contact_pages,,,,,,valid=0; invalid=0; risky=0; unknown=0
6253,>30M,oregonroofingco.com,no,,,,0,,cloudflarecdnalpha@1.0,showing_email_candidates,not_flagged,contact_pages,,,,,,valid=0; invalid=0; risky=0; unknown=0
6254,>30M,domainedelaloge.fr,yes,,,,0,,,no_public_email_found,not_flagged,contact_pages,,,,,,valid=0; invalid=0; risky=0; unknown=0
6255,>30M,beyondbeautyclub.com,yes,,,https://0vubfr4q78m.typeform.com/to/biW9ATgj,0,,,no_public_email_found,not_flagged,contact_pages,,,,,,valid=0; invalid=0; risky=0; unknown=0
6256,>30M,myvirtualclassroom.com,yes,,,https://myvirtualclassroom.typeform.com/to/BWeuMHXF,0,,email@website.com ; hello@myve.live,showing_email_candidates,not_flagged,contact_pages,,,,,,valid=0; invalid=0; risky=0; unknown=0
6257,>30M,bestenglishtutors.com,no,,,https://embed.typeform.com/,0,,bootstrap@5.3.0,showing_email_candidates,not_flagged,contact_pages,,,,,,valid=0; invalid=0; risky=0; unknown=0
6258,>30M,orderart.com,no,,,,0,,orderartoffice@gmail.com,showing_email_candidates,not_flagged,contact_pages,,,,,,valid=0; invalid=0; risky=0; unknown=0
6259,>30M,onnhealth.com,yes,,,https://onnhealth.typeform.com/to/mvDPW9xJ,0,,hello@onnhealth.com,showing_email_candidates,not_flagged,contact_pages,hello@onnhealth.com,hello@onnhealth.com,,,,valid=1; invalid=0; risky=0; unknown=0
6260,>30M,project100.info,no,,,,0,,,no_public_email_found,not_flagged,contact_pages,,,,,,valid=0; invalid=0; risky=0; unknown=0
6261,>30M,crmlink.nl,no,,,,0,,gsap@3.12.7 ; info@crmlink.nl,showing_email_candidates,not_flagged,contact_pages,info@crmlink.nl,,,,info@crmlink.nl,valid=0; invalid=0; risky=0; unknown=1
6262,>30M,ols-tlt.ru,yes,,,,0,,,no_public_email_found,not_flagged,contact_pages,,,,,,valid=0; invalid=0; risky=0; unknown=0
6263,>30M,jjqulf.com,no,,,,0,,,no_public_email_found,not_flagged,contact_pages,,,,,,valid=0; invalid=0; risky=0; unknown=0
6264,>30M,rileygardnerofaustin.com,no,,,,0,,,no_public_email_found,not_flagged,contact_pages,,,,,,valid=0; invalid=0; risky=0; unknown=0
6265,>30M,tecnosfera.org,no,,,,0,,,no_public_email_found,not_flagged,contact_pages,,,,,,valid=0; invalid=0; risky=0; unknown=0
6266,>30M,sfstandard.com,no,,,,0,,642f02aaa96c4e679673d2642c3c2782@o4504205219004416.ingest.sentry.io ; aschultz@sfstandard.com ; astrid@sfstandard.com ; corrections@sfstandard.com ; dlombardi@sfstandard.com ; edreyfuss@sfstandard.com ; elandes@sfstandard.com ; ewallach@sfstandard.com ; garrett@sfstandard.com ; ggreschler@sfstandard.com ; gkelly@sfstandard.com ; help@sfstandard.com ; ideas@sfstandard.com ; jblough@sfstandard.com ; jcottrell@sfstandard.com ; jennifer@sfstandard.com ; joefitz@sfstandard.com ; jonah@sfstandard.com ; jshea@sfstandard.com ; kcrowley@sfstandard.com ; kevin@sfstandard.com ; knguyen@sfstandard.com ; lsaria@sfstandard.com ; mangst@sfstandard.com ; media@sfstandard.com ; mtaub@sfstandard.com ; nrocha@sfstandard.com ; permissions@sfstandard.com ; sbaer@sfstandard.com ; sdeseran@sfstandard.com ; sgerson@sfstandard.com ; smondros@sfstandard.com ; sophie@sfstandard.com ; support@sfstandard.com ; zstone@sfstandard.com,showing_email_candidates,not_flagged,contact_pages,help@sfstandard.com ; media@sfstandard.com ; support@sfstandard.com,help@sfstandard.com,,,media@sfstandard.com ; support@sfstandard.com,valid=1; invalid=0; risky=0; unknown=2
6267,>30M,medijob.fr,yes,,,https://form.typeform.com/to/Xt1SYB5o,0,,contact@medijob.fr,showing_email_candidates,not_flagged,contact_pages,contact@medijob.fr,contact@medijob.fr,,,,valid=1; invalid=0; risky=0; unknown=0
6268,>30M,beyom.com,yes,,,https://bipgfqc6vwa.typeform.com/to/kE4slByR,0,,,no_public_email_found,not_flagged,contact_pages,,,,,,valid=0; invalid=0; risky=0; unknown=0
6269,>30M,aestheticsbyjennifer.com,no,,,,0,,,no_public_email_found,not_flagged,contact_pages,,,,,,valid=0; invalid=0; risky=0; unknown=0
6270,>30M,levitypartners.com,yes,,,,0,,,no_public_email_found,not_flagged,contact_pages,,,,,,valid=0; invalid=0; risky=0; unknown=0
6271,>30M,havenline.com,yes,,,,0,,,no_public_email_found,not_flagged,contact_pages,,,,,,valid=0; invalid=0; risky=0; unknown=0
6272,>30M,careersupportcenter.com,no,,,,0,,artismasllc@gmail.com ; you@example.com,showing_email_candidates,not_flagged,contact_pages,,,,,,valid=0; invalid=0; risky=0; unknown=0
6273,>30M,scoutec.com,yes,,,https://embed.typeform.com/ ; https://form.typeform.com/to/HdoQHyIx ; https://form.typeform.com/to/txkav7VZ,0,,info@scoutec.com,showing_email_candidates,not_flagged,contact_pages,info@scoutec.com,,,,info@scoutec.com,valid=0; invalid=0; risky=0; unknown=1
6274,>30M,lameca.eu,no,,,,0,,info@lameca.eu ; mario.rossi@gmail.com,showing_email_candidates,not_flagged,contact_pages,info@lameca.eu,,,,info@lameca.eu,valid=0; invalid=0; risky=0; unknown=1
6275,>30M,hiramiyakaikei.com,no,,,,0,,,no_public_email_found,not_flagged,contact_pages,,,,,,valid=0; invalid=0; risky=0; unknown=0
6276,>30M,jacksondearborn.com,no,,,,0,,aadams@jacksondearborn.com ; andy@sub4dev.com ; csaunders@jacksondearborn.com ; dolmstead@jacksondearborn.com ; info@jacksondearborn.com ; mczys@jacksondearborn.com ; ngriffin@jacksondearborn.com ; rtobias@jacksondearborn.com ; scollins@jacksondearborn.com ; slyons@jacksondearborn.com ; tgiampetroni@jacksondearborn.com,showing_email_candidates,not_flagged,contact_pages,info@jacksondearborn.com,,,,info@jacksondearborn.com,valid=0; invalid=0; risky=0; unknown=1
6277,>30M,azteca.com.au,yes,,,,0,,,no_public_email_found,not_flagged,contact_pages,,,,,,valid=0; invalid=0; risky=0; unknown=0
6278,>30M,thehealthycells.com,yes,,,https://form.typeform.com/to/gQbO7KRn ; https://form.typeform.com/to/JZ8Veeva,0,,info@thehealthycells.com,showing_email_candidates,not_flagged,contact_pages,info@thehealthycells.com,,,,info@thehealthycells.com,valid=0; invalid=0; risky=0; unknown=1
6279,>30M,madeiraglamping.com,yes,,,,0,,,no_public_email_found,not_flagged,contact_pages,,,,,,valid=0; invalid=0; risky=0; unknown=0
6280,>30M,astoriaparkalliance.org,yes,,,https://astoriaparkalliance.typeform.com/to/NJkFz1,0,,getinvolved@astoriaparkalliance.org,showing_email_candidates,not_flagged,contact_pages,,,,,,valid=0; invalid=0; risky=0; unknown=0
6281,>30M,michaelbryn.com,no,,,,0,,michael.brynjolfson@gmail.com,showing_email_candidates,not_flagged,contact_pages,,,,,,valid=0; invalid=0; risky=0; unknown=0
6282,>30M,barcelonafortwo.com,yes,,,https://gzt5dwhc1d2.typeform.com/to/G5Cut7Af,0,,hello@barcelonafortwo.com,showing_email_candidates,not_flagged,contact_pages,hello@barcelonafortwo.com,hello@barcelonafortwo.com,,,,valid=1; invalid=0; risky=0; unknown=0
6283,>30M,bermanfilms.com,no,,,,0,,,no_public_email_found,not_flagged,contact_pages,,,,,,valid=0; invalid=0; risky=0; unknown=0
6284,>30M,hi-tide.de,yes,,,https://0wj8f60t0ds.typeform.com/to/NnOdnH4w,0,,hello@hi-tide.de,showing_email_candidates,not_flagged,contact_pages,hello@hi-tide.de,,hello@hi-tide.de,,,valid=0; invalid=1; risky=0; unknown=0
6285,>30M,allengineeredhvac.com,no,,,,0,,info@allenengineeredhvac.com,showing_email_candidates,not_flagged,contact_pages,,,,,,valid=0; invalid=0; risky=0; unknown=0
6286,>30M,vistataurito.es,no,,,,0,,,no_public_email_found,not_flagged,contact_pages,,,,,,valid=0; invalid=0; risky=0; unknown=0
6287,>30M,cannimal.com,no,,,,0,,13e49d785d8d4f828038b6136f3b48ba@sentry.io ; woof@cannimal.com,showing_email_candidates,not_flagged,contact_pages,,,,,,valid=0; invalid=0; risky=0; unknown=0
6288,>30M,shinkotoni-shinkawacc.com,no,,,,0,,,no_public_email_found,not_flagged,contact_pages,,,,,,valid=0; invalid=0; risky=0; unknown=0
6289,>30M,jewishwomansonlinecalendar.org,no,,,,0,,,no_public_email_found,not_flagged,contact_pages,,,,,,valid=0; invalid=0; risky=0; unknown=0
6290,>30M,holyandes.com,yes,,,,0,,,no_public_email_found,not_flagged,contact_pages,,,,,,valid=0; invalid=0; risky=0; unknown=0
6291,>30M,therarethings.com,yes,,,,0,,flags@2x.png,showing_email_candidates,not_flagged,contact_pages,,,,,,valid=0; invalid=0; risky=0; unknown=0
6292,>30M,sourcingfromchina.in,yes,,,https://l5mi7jpp1ax.typeform.com/to/niLrE35r,0,,info@sourcingfromchina.in,showing_email_candidates,not_flagged,contact_pages,info@sourcingfromchina.in,,,,info@sourcingfromchina.in,valid=0; invalid=0; risky=0; unknown=1
6293,>30M,sentily.com,no,,,,0,,,no_public_email_found,not_flagged,contact_pages,,,,,,valid=0; invalid=0; risky=0; unknown=0
6294,>30M,dotdata.com,yes,,,https://dotdatainc.typeform.com/to/SrEVOum5,0,,contact-j@dotdata.com ; contact@dotdata.com ; marketing@dotdata.com,showing_email_candidates,not_flagged,contact_pages,contact-j@dotdata.com ; contact@dotdata.com ; marketing@dotdata.com,contact-j@dotdata.com ; contact@dotdata.com,,,marketing@dotdata.com,valid=2; invalid=0; risky=0; unknown=1
6295,>30M,ezytel.com,yes,,,https://fjpbzcxsr8w.typeform.com/to/gq65YFsw,0,,bootstrap@5.3.2 ; hallo@awesomesite.com ; support@ezytel.com,showing_email_candidates,not_flagged,contact_pages,support@ezytel.com,,,,support@ezytel.com,valid=0; invalid=0; risky=0; unknown=1
6296,>30M,bipart.org,yes,,,https://bipart.typeform.com/to/pBRGXE,0,,info@bipart.it,showing_email_candidates,not_flagged,contact_pages,,,,,,valid=0; invalid=0; risky=0; unknown=0
6297,>30M,rgb-lasersystems.com,no,,,,0,,sales@rgb-photonics.com,showing_email_candidates,not_flagged,contact_pages,,,,,,valid=0; invalid=0; risky=0; unknown=0
6298,>30M,wes.me,no,,,,0,,,no_public_email_found,not_flagged,contact_pages,,,,,,valid=0; invalid=0; risky=0; unknown=0
6299,>30M,1800buyhomes.com,no,,,,0,,a.v@apg3215.com,showing_email_candidates,not_flagged,contact_pages,,,,,,valid=0; invalid=0; risky=0; unknown=0
6300,>30M,wiesnclub.de,yes,,,https://wiesnclub.typeform.com/to/tfHrnJ,0,,info@diehoflieferanten.de ; sf@diehoflieferanten.de,showing_email_candidates,not_flagged,contact_pages,,,,,,valid=0; invalid=0; risky=0; unknown=0
6301,>30M,kobayashi-tax.net,no,,,,0,,,no_public_email_found,not_flagged,contact_pages,,,,,,valid=0; invalid=0; risky=0; unknown=0
6302,>30M,alpenoutdoors.com,yes,,,https://yi6zhb364lj.typeform.com/to/FEyE8Ehr ; https://yi6zhb364lj.typeform.com/to/t3acEZ50,0,,your@email.address,showing_email_candidates,not_flagged,contact_pages,,,,,,valid=0; invalid=0; risky=0; unknown=0
6303,>30M,gotroppo.com.au,no,,,,0,,support@gotroppo.com.au,showing_email_candidates,not_flagged,contact_pages,support@gotroppo.com.au,,,,support@gotroppo.com.au,valid=0; invalid=0; risky=0; unknown=1
6304,>30M,internationalseoschool.com,no,,,,0,,,no_public_email_found,not_flagged,contact_pages,,,,,,valid=0; invalid=0; risky=0; unknown=0
6305,>30M,databin.net,yes,,,https://admin.typeform.com/ ; https://embed.typeform.com/ ; https://madeinturkey.typeform.com/to/m1q2R2,0,,databin-logo@2x.png,showing_email_candidates,not_flagged,contact_pages,,,,,,valid=0; invalid=0; risky=0; unknown=0
6306,>30M,bodiesbybrent.com,yes,,,,0,,,no_public_email_found,not_flagged,contact_pages,,,,,,valid=0; invalid=0; risky=0; unknown=0
6307,>30M,astonmartinf1.com,no,,,,0,,,no_public_email_found,not_flagged,contact_pages,,,,,,valid=0; invalid=0; risky=0; unknown=0
6308,>30M,isolationfacade.com,no,,,,0,,,no_public_email_found,not_flagged,contact_pages,,,,,,valid=0; invalid=0; risky=0; unknown=0
6309,>30M,appotek.com,no,,,,0,,welcome@appotek.com,showing_email_candidates,not_flagged,contact_pages,,,,,,valid=0; invalid=0; risky=0; unknown=0
6310,>30M,vettori.com.br,no,,,,0,,,no_public_email_found,not_flagged,contact_pages,,,,,,valid=0; invalid=0; risky=0; unknown=0
6311,>30M,brunaegustavo.com.br,no,,,,0,,,no_public_email_found,not_flagged,contact_pages,,,,,,valid=0; invalid=0; risky=0; unknown=0
6312,>30M,takizawa-clinique.com,no,,,,0,,,no_public_email_found,not_flagged,contact_pages,,,,,,valid=0; invalid=0; risky=0; unknown=0
6313,>30M,landdepo.com,yes,,,https://form.typeform.com/to/fImWtFmz ; https://form.typeform.com/to/NH8l1MP1 ; https://form.typeform.com/to/OwOqvkaA,0,,,no_public_email_found,not_flagged,contact_pages,,,,,,valid=0; invalid=0; risky=0; unknown=0
6314,>30M,canoetribe.com,no,,,https://embed.typeform.com/ ; https://travelbase.typeform.com/,0,,d020ffd2748b1ad387ba8eb63675f2ac@o4505114921795584.ingest.us.sentry.io ; info@canoetribe.com,showing_email_candidates,not_flagged,contact_pages,info@canoetribe.com,,,,info@canoetribe.com,valid=0; invalid=0; risky=0; unknown=1
6315,>30M,newyorksocialsecurity.com,no,,,,0,,,no_public_email_found,not_flagged,contact_pages,,,,,,valid=0; invalid=0; risky=0; unknown=0
6316,>30M,maestro-design.nl,yes,,,https://form.typeform.com/to/iORB99vk ; https://maestrosalon.typeform.com/to/fUU5cnLK,0,,info@maestro-design.nl,showing_email_candidates,not_flagged,contact_pages,info@maestro-design.nl,,,,info@maestro-design.nl,valid=0; invalid=0; risky=0; unknown=1
6317,>30M,hitchcockvisuals.com,no,,,,0,,jane@acme.com ; toby@hitchcockvisuals.com,showing_email_candidates,not_flagged,contact_pages,,,,,,valid=0; invalid=0; risky=0; unknown=0
6318,>30M,nycannameds.com,yes,,,,0,,nycannameds@gmail.com ; olee9194@gmail.com ; olee@nycannameds.com ; u003eolee@nycannameds.com,showing_email_candidates,not_flagged,contact_pages,,,,,,valid=0; invalid=0; risky=0; unknown=0
6319,>30M,zacks-strata.com,yes,,,,0,,,no_public_email_found,not_flagged,contact_pages,,,,,,valid=0; invalid=0; risky=0; unknown=0
6320,>30M,iankaart.com,no,,,,0,,hello@iankaart.com,showing_email_candidates,not_flagged,contact_pages,hello@iankaart.com,,hello@iankaart.com,,,valid=0; invalid=1; risky=0; unknown=0
6321,>30M,thuishaven.nl,yes,,,https://questionlist.typeform.com/to/KPrcGW,0,,example@domain.com,showing_email_candidates,not_flagged,contact_pages,,,,,,valid=0; invalid=0; risky=0; unknown=0
6322,>30M,kellimichele.com,yes,,,,0,,,no_public_email_found,not_flagged,contact_pages,,,,,,valid=0; invalid=0; risky=0; unknown=0
6323,>30M,socialmediamonitoring.ch,no,,,,0,,,no_public_email_found,not_flagged,contact_pages,,,,,,valid=0; invalid=0; risky=0; unknown=0
6324,>30M,leafstoppers.com,yes,,,https://form.typeform.com/to/VvDGv77M,0,,info@leafstoppers.com,showing_email_candidates,not_flagged,contact_pages,info@leafstoppers.com,,,,info@leafstoppers.com,valid=0; invalid=0; risky=0; unknown=1
6325,>30M,lightningquotes.com,no,,,,0,,,no_public_email_found,not_flagged,contact_pages,,,,,,valid=0; invalid=0; risky=0; unknown=0
6326,>30M,cabelabs.com,yes,,,,0,,,no_public_email_found,not_flagged,contact_pages,,,,,,valid=0; invalid=0; risky=0; unknown=0
6327,>30M,filtertime.com,no,,,,0,,,no_public_email_found,not_flagged,contact_pages,,,,,,valid=0; invalid=0; risky=0; unknown=0
6328,>30M,pasierski.pl,no,,,,0,,apasierski@post.pl,showing_email_candidates,not_flagged,contact_pages,,,,,,valid=0; invalid=0; risky=0; unknown=0
6329,>30M,pensioendokter.nl,yes,,,,0,,info@pensioendokter.nl,showing_email_candidates,not_flagged,contact_pages,info@pensioendokter.nl,,,,info@pensioendokter.nl,valid=0; invalid=0; risky=0; unknown=1
6330,>30M,emaildonewrite.com,yes,,,https://0gpb2hvd3r6.typeform.com/to/HobN9eu2,0,,,no_public_email_found,not_flagged,contact_pages,,,,,,valid=0; invalid=0; risky=0; unknown=0
6331,>30M,greenergenes.com,no,,,,0,,updated_logo_green_font_4x_180x@2x.png,showing_email_candidates,not_flagged,contact_pages,,,,,,valid=0; invalid=0; risky=0; unknown=0
6332,>30M,peakpotentialconsulting.com,no,,,,0,,hello@peakpotentialconsulting.com,showing_email_candidates,not_flagged,contact_pages,hello@peakpotentialconsulting.com,hello@peakpotentialconsulting.com,,,,valid=1; invalid=0; risky=0; unknown=0
6333,>30M,joinwatt.com,no,,,https://wearethethey.typeform.com/,0,,boosters-carousel-ticker@1.3.3 ; boosters-countup@1.0.0 ; team@wattmovement.com,showing_email_candidates,not_flagged,contact_pages,,,,,,valid=0; invalid=0; risky=0; unknown=0
6334,>30M,pushrvideo.com,yes,,,https://form.typeform.com/to/Ng7k9Cuo,0,,info@pushr.ca,showing_email_candidates,not_flagged,contact_pages,,,,,,valid=0; invalid=0; risky=0; unknown=0
6335,>30M,sitezwebdesign.com,yes,,,,0,,,no_public_email_found,not_flagged,contact_pages,,,,,,valid=0; invalid=0; risky=0; unknown=0
6336,>30M,jabnmar.com,no,,,,0,,,no_public_email_found,not_flagged,contact_pages,,,,,,valid=0; invalid=0; risky=0; unknown=0
6337,>30M,thenewyorkmovers.com,yes,,,,0,,,no_public_email_found,not_flagged,contact_pages,,,,,,valid=0; invalid=0; risky=0; unknown=0
6338,>30M,reverseclimatechange.com,no,,,https://images.typeform.com/,0,,,no_public_email_found,not_flagged,contact_pages,,,,,,valid=0; invalid=0; risky=0; unknown=0
6339,>30M,furuhashi-j.com,no,,,,0,,,no_public_email_found,not_flagged,contact_pages,,,,,,valid=0; invalid=0; risky=0; unknown=0
6340,>30M,chambermarketing.com,yes,,,,0,,,no_public_email_found,not_flagged,contact_pages,,,,,,valid=0; invalid=0; risky=0; unknown=0
6341,>30M,studio8creative.com,no,,,https://2o5h47oy5he.typeform.com/,0,,hello@studio8creative.com,showing_email_candidates,not_flagged,contact_pages,hello@studio8creative.com,hello@studio8creative.com,,,,valid=1; invalid=0; risky=0; unknown=0
6342,>30M,alobebe.ro,no,,,,0,,,no_public_email_found,not_flagged,contact_pages,,,,,,valid=0; invalid=0; risky=0; unknown=0
6343,>30M,pixg.net,no,,,,0,,,no_public_email_found,not_flagged,contact_pages,,,,,,valid=0; invalid=0; risky=0; unknown=0
6344,>30M,lisbenefits.com,yes,,,https://embed.typeform.com/ ; https://form.typeform.com/to/m6hfFWZK,0,,admin@lisbenefits.com,showing_email_candidates,not_flagged,contact_pages,admin@lisbenefits.com,admin@lisbenefits.com,,,,valid=1; invalid=0; risky=0; unknown=0
6345,>30M,itmm.ro,no,,,,0,,office@itmm.ro,showing_email_candidates,not_flagged,contact_pages,office@itmm.ro,,,,office@itmm.ro,valid=0; invalid=0; risky=0; unknown=1
6346,>30M,swimwithmrsd.com,yes,,,,0,,,no_public_email_found,not_flagged,contact_pages,,,,,,valid=0; invalid=0; risky=0; unknown=0
6347,>30M,kids-nakamura.com,no,,,,0,,,no_public_email_found,not_flagged,contact_pages,,,,,,valid=0; invalid=0; risky=0; unknown=0
6348,>30M,restive.com,no,,,https://puf1hvav2zc.typeform.com/,0,,,no_public_email_found,not_flagged,contact_pages,,,,,,valid=0; invalid=0; risky=0; unknown=0
6349,>30M,consultants-hamburg.de,no,,,,0,,info@innominds.de ; moin@consultants-hamburg.de,showing_email_candidates,not_flagged,contact_pages,,,,,,valid=0; invalid=0; risky=0; unknown=0
6350,>30M,northandsouthjewelry.com,yes,,,https://kb8otvyqax3.typeform.com/to/lyN3vi0f ; https://kb8otvyqax3.typeform.com/to/nrJHP1FN,0,,support@northandsouthjewelry.com ; test@example.com,showing_email_candidates,not_flagged,contact_pages,support@northandsouthjewelry.com,,,,support@northandsouthjewelry.com,valid=0; invalid=0; risky=0; unknown=1
6351,>30M,dogspotted.com,yes,,,,0,,,no_public_email_found,not_flagged,contact_pages,,,,,,valid=0; invalid=0; risky=0; unknown=0
6352,>30M,cours-premium.fr,no,,,,0,,,no_public_email_found,not_flagged,contact_pages,,,,,,valid=0; invalid=0; risky=0; unknown=0
6353,>30M,prontotaco.com,no,,,,0,,breakfast-chorizo-menu-1@2x.jpg ; order@prontotaco.com,showing_email_candidates,not_flagged,contact_pages,,,,,,valid=0; invalid=0; risky=0; unknown=0
6354,>30M,injurylawyerwebsites.com,yes,,,,0,,,no_public_email_found,not_flagged,contact_pages,,,,,,valid=0; invalid=0; risky=0; unknown=0
6355,>30M,vidico.com,no,,,https://embed.typeform.com/,0,,cleanshot-2024-12-17-at-15.28.21@2x.jpg ; cleanshot-2024-12-17-at-16.17.30@2x.jpg ; cleanshot-2024-12-17-at-17.12.53@2x.jpg ; flags@2x.png ; hello@vidico.com,showing_email_candidates,not_flagged,contact_pages,hello@vidico.com,hello@vidico.com,,,,valid=1; invalid=0; risky=0; unknown=0
6356,>30M,ecbm.fr,yes,,,https://ecbm.typeform.com/to/H3LQtX,0,,contact@ecbm.fr,showing_email_candidates,not_flagged,contact_pages,contact@ecbm.fr,contact@ecbm.fr,,,,valid=1; invalid=0; risky=0; unknown=0
6357,>30M,dmbcoaching.com,yes,,,,0,,,no_public_email_found,not_flagged,contact_pages,,,,,,valid=0; invalid=0; risky=0; unknown=0
6358,>30M,sharegratitude.com,yes,,,,0,,gratitude@sharegratitude.com,showing_email_candidates,not_flagged,contact_pages,,,,,,valid=0; invalid=0; risky=0; unknown=0
6359,>30M,vrginteractive.com,yes,,,,0,,,no_public_email_found,not_flagged,contact_pages,,,,,,valid=0; invalid=0; risky=0; unknown=0
6360,>30M,elis.us,no,,,,0,,sales@elis.us,showing_email_candidates,not_flagged,contact_pages,sales@elis.us,,,,sales@elis.us,valid=0; invalid=0; risky=0; unknown=1
6361,>30M,bioinfolabs.com,no,,,,0,,,no_public_email_found,not_flagged,contact_pages,,,,,,valid=0; invalid=0; risky=0; unknown=0
6362,>30M,coloniasdeverano.es,no,,,https://coloniasdeverano.typeform.com/,0,,sostenib@carburos.com,showing_email_candidates,not_flagged,contact_pages,,,,,,valid=0; invalid=0; risky=0; unknown=0
6363,>30M,allyosemitelodging.com,no,,,,0,,,no_public_email_found,not_flagged,contact_pages,,,,,,valid=0; invalid=0; risky=0; unknown=0
6364,>30M,live-connected.com,yes,,,https://quiz.typeform.com/to/mb5T9LEb ; https://quiz.typeform.com/to/sa2Dmgfl,0,,,no_public_email_found,not_flagged,contact_pages,,,,,,valid=0; invalid=0; risky=0; unknown=0
6365,>30M,pleasureprinciple.com.au,no,,,,0,,,no_public_email_found,not_flagged,contact_pages,,,,,,valid=0; invalid=0; risky=0; unknown=0
6366,>30M,cisllcusa.com,no,,,,0,,darrylkeller932@gmail.com,showing_email_candidates,not_flagged,contact_pages,,,,,,valid=0; invalid=0; risky=0; unknown=0
6367,>30M,delismeenterprises.com,yes,,,https://delismeenterprises.typeform.com/to/kTxCOI,0,,delismeenterprises@gmail.com ; info@delismeenterprises.com,showing_email_candidates,not_flagged,contact_pages,info@delismeenterprises.com,,,,info@delismeenterprises.com,valid=0; invalid=0; risky=0; unknown=1
6368,>30M,vdlmpc.com,no,,,,0,,,no_public_email_found,not_flagged,contact_pages,,,,,,valid=0; invalid=0; risky=0; unknown=0
6369,>30M,mintleeds.com,yes,,,https://caqkl60b1ty.typeform.com/to/oPef4qDI,0,,info@mintleeds.com ; will@themintclub.com,showing_email_candidates,not_flagged,contact_pages,info@mintleeds.com,,,,info@mintleeds.com,valid=0; invalid=0; risky=0; unknown=1
6370,>30M,dengage.com,no,,,,0,,dotlottie-wc@0.9.19 ; info@engage.com ; sales@dengage.com,showing_email_candidates,not_flagged,contact_pages,sales@dengage.com,,,,sales@dengage.com,valid=0; invalid=0; risky=0; unknown=1
6371,>30M,davidstemple.org,no,,,,0,,,no_public_email_found,not_flagged,contact_pages,,,,,,valid=0; invalid=0; risky=0; unknown=0
6372,>30M,justonecall.us,no,,,,0,,info@justonecall.us,showing_email_candidates,not_flagged,contact_pages,info@justonecall.us,,,,info@justonecall.us,valid=0; invalid=0; risky=0; unknown=1
6373,>30M,nativesaint.com,no,,,,0,,,no_public_email_found,not_flagged,contact_pages,,,,,,valid=0; invalid=0; risky=0; unknown=0
6374,>30M,schulstadbakerysolutions.us,no,,,,0,,brian.davel@lantmannen.com ; cherie.croteau@lantmannen.com ; deborah.heitmeier@lantmannen.com ; erik.ingraham@lantmannen.com ; greg.lutes@lantmannen.com ; harry.duffin@lantmannen.com ; kelly.laur@lantmannen.com ; michael.etkin@lantmannen.com ; nathan.johnson@lantmannen.com ; stuart.marcus@lantmannen.com ; unibakeusa@lantmannen.com ; zerrick.ponder@lantmannen.com,showing_email_candidates,not_flagged,contact_pages,,,,,,valid=0; invalid=0; risky=0; unknown=0
6375,>30M,setouchigift.com,no,,,,0,,,no_public_email_found,not_flagged,contact_pages,,,,,,valid=0; invalid=0; risky=0; unknown=0
6376,>30M,bethannelson.com,no,,,,0,,hello@bethannelson.com,showing_email_candidates,not_flagged,contact_pages,hello@bethannelson.com,hello@bethannelson.com,,,,valid=1; invalid=0; risky=0; unknown=0
6377,>30M,trushina.com,no,,,,0,,,no_public_email_found,not_flagged,contact_pages,,,,,,valid=0; invalid=0; risky=0; unknown=0
6378,>30M,portabletoiletfinder.com,yes,,,,0,,,no_public_email_found,not_flagged,contact_pages,,,,,,valid=0; invalid=0; risky=0; unknown=0
6379,>30M,idealgeneration.com,yes,,,https://nhhyas98q53.typeform.com/to/PZ0224sm,0,,admisiones@modernacademycancun.edu.mx,showing_email_candidates,not_flagged,contact_pages,,,,,,valid=0; invalid=0; risky=0; unknown=0
6380,>30M,venueist.com,yes,,,https://admin.typeform.com/ ; https://embed.typeform.com/ ; https://venueist.typeform.com/to/q0r7FY,0,,,no_public_email_found,not_flagged,contact_pages,,,,,,valid=0; invalid=0; risky=0; unknown=0
6381,>30M,spiffr.com,yes,,,,0,,,no_public_email_found,not_flagged,contact_pages,,,,,,valid=0; invalid=0; risky=0; unknown=0
6382,>30M,greenfarewells.com,yes,,,,0,,,no_public_email_found,not_flagged,contact_pages,,,,,,valid=0; invalid=0; risky=0; unknown=0
6383,>30M,drafttracks.com,no,,,,0,,team@latofonts.com,showing_email_candidates,not_flagged,contact_pages,,,,,,valid=0; invalid=0; risky=0; unknown=0
6384,>30M,challengerdigital.com,yes,,,,0,,,no_public_email_found,not_flagged,contact_pages,,,,,,valid=0; invalid=0; risky=0; unknown=0
6385,>30M,model-nato.com,yes,,,https://sls5mmwnuu5.typeform.com/to/stvwSFy1,0,,,no_public_email_found,not_flagged,contact_pages,,,,,,valid=0; invalid=0; risky=0; unknown=0
6386,>30M,lucaperrin.com,no,,,,0,,,no_public_email_found,not_flagged,contact_pages,,,,,,valid=0; invalid=0; risky=0; unknown=0
6387,>30M,titre-restaurant.com,yes,,,https://21bb.typeform.com/to/m8B5mlZL,0,,,no_public_email_found,not_flagged,contact_pages,,,,,,valid=0; invalid=0; risky=0; unknown=0
6388,>30M,starvolunteer.com,no,,,,0,,,no_public_email_found,not_flagged,contact_pages,,,,,,valid=0; invalid=0; risky=0; unknown=0
6389,>30M,rspa.net,yes,,,,0,,,no_public_email_found,not_flagged,contact_pages,,,,,,valid=0; invalid=0; risky=0; unknown=0
6390,>30M,ellaola.com,yes,,,,0,,alpine-collapse@3.14.8.min.js ; alpine-intersect@3.14.8.min.js ; alpine@3.14.8.min.js ; info@ellaola.com ; partner@ellaola.com ; pr@ellaola.com ; wholesale@ellaola.com,showing_email_candidates,not_flagged,contact_pages,info@ellaola.com ; partner@ellaola.com,,,,info@ellaola.com ; partner@ellaola.com,valid=0; invalid=0; risky=0; unknown=2
6391,>30M,sanaris-physio.de,yes,,,,0,,,no_public_email_found,not_flagged,contact_pages,,,,,,valid=0; invalid=0; risky=0; unknown=0
6392,>30M,plasticsurgeonmarketing.com,yes,,,,0,,,no_public_email_found,not_flagged,contact_pages,,,,,,valid=0; invalid=0; risky=0; unknown=0
6393,>30M,smollist.com,no,,,,0,,no-reply@smollist.com ; product@focusapps.app ; support@belieftrack.com,showing_email_candidates,not_flagged,contact_pages,,,,,,valid=0; invalid=0; risky=0; unknown=0
6394,>30M,owlhub.com,no,,,,0,,,no_public_email_found,not_flagged,contact_pages,,,,,,valid=0; invalid=0; risky=0; unknown=0
6395,>30M,musicblueprint.com,yes,,,https://embed.typeform.com/ ; https://oklamedia.typeform.com/to/lNGZWX,0,,,no_public_email_found,not_flagged,contact_pages,,,,,,valid=0; invalid=0; risky=0; unknown=0
6396,>30M,thesuccessproject.org,no,,,,0,,flags@2x.png,showing_email_candidates,not_flagged,contact_pages,,,,,,valid=0; invalid=0; risky=0; unknown=0
6397,>30M,bent-e.nl,no,,,,0,,,no_public_email_found,not_flagged,contact_pages,,,,,,valid=0; invalid=0; risky=0; unknown=0
6398,>30M,etheal.com,yes,,,https://embed.typeform.com/ ; https://etheal.typeform.com/ ; https://etheal.typeform.com/to/DTIQyu,0,,,no_public_email_found,not_flagged,contact_pages,,,,,,valid=0; invalid=0; risky=0; unknown=0
6399,>30M,ishikawa-m.com,no,,,,0,,,no_public_email_found,not_flagged,contact_pages,,,,,,valid=0; invalid=0; risky=0; unknown=0
6400,>30M,denverdownsizers.com,yes,,,https://form.typeform.com/to/hdetjdCW,0,,tennillejohnson@kw.com,showing_email_candidates,not_flagged,contact_pages,,,,,,valid=0; invalid=0; risky=0; unknown=0
6401,>30M,ncmes.com,yes,,,,0,,,no_public_email_found,not_flagged,contact_pages,,,,,,valid=0; invalid=0; risky=0; unknown=0
6402,>30M,nancybortz.com,yes,,,,0,,,no_public_email_found,not_flagged,contact_pages,,,,,,valid=0; invalid=0; risky=0; unknown=0
6403,>30M,leonbacher.at,yes,,,,0,,,no_public_email_found,not_flagged,contact_pages,,,,,,valid=0; invalid=0; risky=0; unknown=0
6404,>30M,mattpatin.com,no,,,,0,,,no_public_email_found,not_flagged,contact_pages,,,,,,valid=0; invalid=0; risky=0; unknown=0
6405,>30M,hackcq.com,yes,,,,0,,,no_public_email_found,not_flagged,contact_pages,,,,,,valid=0; invalid=0; risky=0; unknown=0
6406,>30M,annahull.com,no,,,,0,,hello@annahull.com,showing_email_candidates,not_flagged,contact_pages,hello@annahull.com,hello@annahull.com,,,,valid=1; invalid=0; risky=0; unknown=0
6407,>30M,djfunkysara.com,no,,,,0,,djfunkysara.com@gmail.com,showing_email_candidates,not_flagged,contact_pages,,,,,,valid=0; invalid=0; risky=0; unknown=0
6408,>30M,cpbbpxah.info,no,,,,0,,,no_public_email_found,not_flagged,contact_pages,,,,,,valid=0; invalid=0; risky=0; unknown=0
6409,>30M,locationrollsroyce.com,yes,,,https://form.typeform.com/to/zNvPS6RB,0,,info@locationrollsroyce.com,showing_email_candidates,not_flagged,contact_pages,info@locationrollsroyce.com,,,,info@locationrollsroyce.com,valid=0; invalid=0; risky=0; unknown=1
6410,>30M,ajhazzi.com,no,,,,0,,vantagewest@vantagewestrealty.com,showing_email_candidates,not_flagged,contact_pages,,,,,,valid=0; invalid=0; risky=0; unknown=0
6411,>30M,sxjlyys.com,no,,,,0,,,no_public_email_found,not_flagged,contact_pages,,,,,,valid=0; invalid=0; risky=0; unknown=0
6412,>30M,fukumitsu-kodomo.com,no,,,,0,,,no_public_email_found,not_flagged,contact_pages,,,,,,valid=0; invalid=0; risky=0; unknown=0
6413,>30M,teamkickbacks.com,no,,,https://embed.typeform.com/ ; https://form.typeform.com/to/mfHPn1K8,0,,,no_public_email_found,not_flagged,contact_pages,,,,,,valid=0; invalid=0; risky=0; unknown=0
6414,>30M,high-ticket.com,no,,,,0,,,no_public_email_found,not_flagged,contact_pages,,,,,,valid=0; invalid=0; risky=0; unknown=0
6415,>30M,pauloebruna.com.br,no,,,,0,,,no_public_email_found,not_flagged,contact_pages,,,,,,valid=0; invalid=0; risky=0; unknown=0
6416,>30M,wowdashboard.com,yes,,,https://colorelephant.typeform.com/to/kiEWlrN1,0,,canvas@1.0.98,showing_email_candidates,not_flagged,contact_pages,,,,,,valid=0; invalid=0; risky=0; unknown=0
6417,>30M,teampattern.com,no,,,,0,,,no_public_email_found,not_flagged,contact_pages,,,,,,valid=0; invalid=0; risky=0; unknown=0
6418,>30M,bekasi-online.com,no,,,,0,,,no_public_email_found,not_flagged,contact_pages,,,,,,valid=0; invalid=0; risky=0; unknown=0
6419,>30M,ateamplumbinginc.com,yes,,,https://tmgrp.typeform.com/to/LW6cIZ,0,,,no_public_email_found,not_flagged,contact_pages,,,,,,valid=0; invalid=0; risky=0; unknown=0
6420,>30M,derbycityhvac.com,no,,,,0,,alanclark94@yahoo.com ; info@derbycityhvac.com,showing_email_candidates,not_flagged,contact_pages,info@derbycityhvac.com,,,,info@derbycityhvac.com,valid=0; invalid=0; risky=0; unknown=1
6421,>30M,teatrstudia.ru,no,,,,0,,,no_public_email_found,not_flagged,contact_pages,,,,,,valid=0; invalid=0; risky=0; unknown=0
6422,>30M,ammirevole.com,yes,,,https://carscoffee.typeform.com/to/k9CWqP ; https://embed.typeform.com/,0,,,no_public_email_found,not_flagged,contact_pages,,,,,,valid=0; invalid=0; risky=0; unknown=0
6423,>30M,juntosporladiabetes.com,no,,,,0,,,no_public_email_found,not_flagged,contact_pages,,,,,,valid=0; invalid=0; risky=0; unknown=0
6424,>30M,bunnys-2009.com,no,,,,0,,,no_public_email_found,not_flagged,contact_pages,,,,,,valid=0; invalid=0; risky=0; unknown=0
6425,>30M,babartstudio.com,yes,,,https://agjjgdjqoye.typeform.com/to/cKbl8hIX,0,,info@babartstudio.com,showing_email_candidates,not_flagged,contact_pages,info@babartstudio.com,,,,info@babartstudio.com,valid=0; invalid=0; risky=0; unknown=1
6426,>30M,magoacademy.net,yes,,,https://fcbyn80ou6h.typeform.com/to/aOQZyyTt,0,,,no_public_email_found,not_flagged,contact_pages,,,,,,valid=0; invalid=0; risky=0; unknown=0
6427,>30M,smarterra.org,no,,,,0,,info@smarterra.org,showing_email_candidates,not_flagged,contact_pages,info@smarterra.org,,,,info@smarterra.org,valid=0; invalid=0; risky=0; unknown=1
6428,>30M,performa.com.au,no,,,,0,,dan@fitforsuccess.com.au,showing_email_candidates,not_flagged,contact_pages,,,,,,valid=0; invalid=0; risky=0; unknown=0
6429,>30M,introjudaismnj.com,yes,,,,0,,,no_public_email_found,not_flagged,contact_pages,,,,,,valid=0; invalid=0; risky=0; unknown=0
6430,>30M,furniturecirebon.com,no,,,,0,,,no_public_email_found,not_flagged,contact_pages,,,,,,valid=0; invalid=0; risky=0; unknown=0
6431,>30M,lucasebruna.com.br,no,,,https://embed.typeform.com/,0,,,no_public_email_found,not_flagged,contact_pages,,,,,,valid=0; invalid=0; risky=0; unknown=0
6432,>30M,centeredhuman.com,yes,,,https://fkyxaeaitnx.typeform.com/to/wDtkkHEu,0,,hello@centeredhuman.com,showing_email_candidates,not_flagged,contact_pages,hello@centeredhuman.com,hello@centeredhuman.com,,,,valid=1; invalid=0; risky=0; unknown=0
6433,>30M,johnpenick.com,no,,,,0,,,no_public_email_found,not_flagged,contact_pages,,,,,,valid=0; invalid=0; risky=0; unknown=0
6434,>30M,alexandrucocieru.com,no,,,,0,,,no_public_email_found,not_flagged,contact_pages,,,,,,valid=0; invalid=0; risky=0; unknown=0
6435,>30M,platinumrestoran.com,no,,,,0,,,no_public_email_found,not_flagged,contact_pages,,,,,,valid=0; invalid=0; risky=0; unknown=0
6436,>30M,section8training.com,no,,,,0,,name@example.com,showing_email_candidates,not_flagged,contact_pages,,,,,,valid=0; invalid=0; risky=0; unknown=0
6437,>30M,progenylms.com,no,,,,0,,,no_public_email_found,not_flagged,contact_pages,,,,,,valid=0; invalid=0; risky=0; unknown=0
6438,>30M,ventureassembly.com,yes,,,,0,,,no_public_email_found,not_flagged,contact_pages,,,,,,valid=0; invalid=0; risky=0; unknown=0
6439,>30M,preslmayr.info,no,,,,0,,f.preslmayr@ooev.at ; office@preslmayr.info ; p.preslmayr@ooev.at,showing_email_candidates,not_flagged,contact_pages,office@preslmayr.info,,,,office@preslmayr.info,valid=0; invalid=0; risky=0; unknown=1
6440,>30M,senkyakubanlai.com,no,,,,0,,,no_public_email_found,not_flagged,contact_pages,,,,,,valid=0; invalid=0; risky=0; unknown=0
6441,>30M,miguel-gomez.com,no,,,,0,,,no_public_email_found,not_flagged,contact_pages,,,,,,valid=0; invalid=0; risky=0; unknown=0
6442,>30M,ricq.ch,yes,,,https://marketingdeluxe.typeform.com/to/EAMr4Huu,0,,,no_public_email_found,not_flagged,contact_pages,,,,,,valid=0; invalid=0; risky=0; unknown=0
6443,>30M,workinternational.com,yes,,,https://wcv28b05ucm.typeform.com/to/VOfD35uG,0,,alexander@workinternational.com ; bjorn@workinternational.com ; career@workinternational.com ; emma@workinternational.com ; hr@workinternational.com,showing_email_candidates,not_flagged,contact_pages,hr@workinternational.com,hr@workinternational.com,,,,valid=1; invalid=0; risky=0; unknown=0
6444,>30M,dimoba.org,no,,,,0,,alpinejs@3.13.5 ; sac@dimobaservicios.com,showing_email_candidates,not_flagged,contact_pages,,,,,,valid=0; invalid=0; risky=0; unknown=0
6445,>30M,reservationpad.com,yes,,,https://bryanduropan.typeform.com/to/eoeGcn ; https://embed.typeform.com/,0,,,no_public_email_found,not_flagged,contact_pages,,,,,,valid=0; invalid=0; risky=0; unknown=0
6446,>30M,insolvenz-treuhand.at,no,,,https://embed.typeform.com/,0,,office@insolvenz-treuhand.at,showing_email_candidates,not_flagged,contact_pages,office@insolvenz-treuhand.at,,,,office@insolvenz-treuhand.at,valid=0; invalid=0; risky=0; unknown=1
6447,>30M,includenyc.org,no,,,https://includenyc.typeform.com/to/PkH2Lsi3,0,,info@includenyc.org,showing_email_candidates,not_flagged,contact_pages,info@includenyc.org,,,,info@includenyc.org,valid=0; invalid=0; risky=0; unknown=1
6448,>30M,anthonyserino.com,yes,,,,0,,core@3.27.0 ; osi4kjb-embed-checkout-form@1.0.0 ; styles@1.4.1,showing_email_candidates,not_flagged,contact_pages,,,,,,valid=0; invalid=0; risky=0; unknown=0
6449,>30M,devinlee.com,yes,,,https://9ef1rqjnyo0.typeform.com/to/GpO1xlcR,0,,,no_public_email_found,not_flagged,contact_pages,,,,,,valid=0; invalid=0; risky=0; unknown=0
6450,>30M,mudanzasnieto.com,no,,,,0,,,no_public_email_found,not_flagged,contact_pages,,,,,,valid=0; invalid=0; risky=0; unknown=0
6451,>30M,catherinelash.com,yes,,,https://form.typeform.com/to/NYBBtPJp,0,,catherine@catherinelash.com,showing_email_candidates,not_flagged,contact_pages,,,,,,valid=0; invalid=0; risky=0; unknown=0
6452,>30M,fujiclinic.com,no,,,,0,,,no_public_email_found,not_flagged,contact_pages,,,,,,valid=0; invalid=0; risky=0; unknown=0
6453,>30M,matchingmanagement.com,yes,,,https://hvy6sye3msi.typeform.com/to/fPfCHLrf,0,,scouting@matchingmanagement.com,showing_email_candidates,not_flagged,contact_pages,,,,,,valid=0; invalid=0; risky=0; unknown=0
6454,>30M,gabiegui.com.br,no,,,,0,,,no_public_email_found,not_flagged,contact_pages,,,,,,valid=0; invalid=0; risky=0; unknown=0
6455,>30M,urbanignite.com,yes,,,https://form.typeform.com/to/AIsEnn7o ; https://form.typeform.com/to/eihhD4DD ; https://form.typeform.com/to/nqT2zcbH,0,,,no_public_email_found,not_flagged,contact_pages,,,,,,valid=0; invalid=0; risky=0; unknown=0
6456,>30M,marketing-institut.com,no,,,,0,,,no_public_email_found,not_flagged,contact_pages,,,,,,valid=0; invalid=0; risky=0; unknown=0
6457,>30M,allbetterco.com,no,,,https://ampersandwtf.typeform.com/,0,,,no_public_email_found,not_flagged,contact_pages,,,,,,valid=0; invalid=0; risky=0; unknown=0
6458,>30M,johnatwork.com,yes,,,https://johnguerra521950.typeform.com/to/FL779v,0,,,no_public_email_found,not_flagged,contact_pages,,,,,,valid=0; invalid=0; risky=0; unknown=0
6459,>30M,kirbymanufacturing.com,yes,,,https://images.typeform.com/ ; https://joelschaap.typeform.com/to/QmHSiUwn,0,,info@kirbymfg.com,showing_email_candidates,not_flagged,contact_pages,,,,,,valid=0; invalid=0; risky=0; unknown=0
6460,>30M,g2vp.com,yes,,,,0,,,no_public_email_found,not_flagged,contact_pages,,,,,,valid=0; invalid=0; risky=0; unknown=0
6461,>30M,tallyhealth.com,yes,,,https://form.typeform.com/to/KDrkT5vI,0,,,no_public_email_found,not_flagged,contact_pages,,,,,,valid=0; invalid=0; risky=0; unknown=0
6462,>30M,habitat-evolution.com,no,,,,0,,,no_public_email_found,not_flagged,contact_pages,,,,,,valid=0; invalid=0; risky=0; unknown=0
6463,>30M,varosco.com,yes,,,https://form.typeform.com/to/BsyiWF1p,0,,experiencias@varosco.com ; info@ndiscovered.com ; info@varosco.com.mx,showing_email_candidates,not_flagged,contact_pages,,,,,,valid=0; invalid=0; risky=0; unknown=0
6464,>30M,ehrnews.com,no,,,,0,,,no_public_email_found,not_flagged,contact_pages,,,,,,valid=0; invalid=0; risky=0; unknown=0
6465,>30M,22nds.com,no,,,,0,,,no_public_email_found,not_flagged,contact_pages,,,,,,valid=0; invalid=0; risky=0; unknown=0
6466,>30M,astroquiz.de,no,,,,0,,reiter@astrovitalis.de,showing_email_candidates,not_flagged,contact_pages,,,,,,valid=0; invalid=0; risky=0; unknown=0
6467,>30M,yearly.de,yes,,,https://abimanufaktur.typeform.com/to/T8gqXw86,0,,grafik@yearly.de ; info@yearly.de ; press@younicagency.com ; team@younicagency.com,showing_email_candidates,not_flagged,contact_pages,info@yearly.de,,,,info@yearly.de,valid=0; invalid=0; risky=0; unknown=1
6468,>30M,a-9.fr,no,,,,0,,,no_public_email_found,not_flagged,contact_pages,,,,,,valid=0; invalid=0; risky=0; unknown=0
6469,>30M,bencraughwell.com,yes,,,https://form.typeform.com/to/q5nPD4NO,0,,,no_public_email_found,not_flagged,contact_pages,,,,,,valid=0; invalid=0; risky=0; unknown=0
6470,>30M,studioelev8.com,no,,,,0,,mikejtattoo@yahoo.com,showing_email_candidates,not_flagged,contact_pages,,,,,,valid=0; invalid=0; risky=0; unknown=0
6471,>30M,jessijean.com,yes,,,,0,,,no_public_email_found,not_flagged,contact_pages,,,,,,valid=0; invalid=0; risky=0; unknown=0
6472,>30M,cortometrajes.com,no,,,,0,,,no_public_email_found,not_flagged,contact_pages,,,,,,valid=0; invalid=0; risky=0; unknown=0
6473,>30M,rrmultisales.com,yes,,,https://05z2zzwuydj.typeform.com/to/vz9XTj5W,0,,bootstrap@5.3.3 ; rrtechnohub@hotmail.com,showing_email_candidates,not_flagged,contact_pages,,,,,,valid=0; invalid=0; risky=0; unknown=0
6474,>30M,colons.com,no,,,,0,,info@colons.com ; konhaeuser@nexus-netsoft.com ; mail@verbraucher-schlichter.de,showing_email_candidates,not_flagged,contact_pages,info@colons.com,,,,info@colons.com,valid=0; invalid=0; risky=0; unknown=1
6475,>30M,katandmousetravel.com,yes,,,https://b8xicd3f27r.typeform.com/to/Qo2lU712,0,,brandon@katandmousetravel.com ; heather@katandmousetravel.com ; jessica@katandmousetravel.com ; kathy@katandmousetravel.com ; kenya@katandmousetravel.com ; maggie@katandmousetravel.com ; shelby@katandmousetravel.com ; susanne@katandmousetravel.com,showing_email_candidates,not_flagged,contact_pages,,,,,,valid=0; invalid=0; risky=0; unknown=0
6476,>30M,shiotanikenki.com,no,,,,0,,,no_public_email_found,not_flagged,contact_pages,,,,,,valid=0; invalid=0; risky=0; unknown=0
6477,>30M,liquidbcn.com,yes,,,,0,,hello@liquid.cat,showing_email_candidates,not_flagged,contact_pages,,,,,,valid=0; invalid=0; risky=0; unknown=0
6478,>30M,districtinteractive.com,no,,,,0,,,no_public_email_found,not_flagged,contact_pages,,,,,,valid=0; invalid=0; risky=0; unknown=0
6479,>30M,petitbribon.com,no,,,,0,,,no_public_email_found,not_flagged,contact_pages,,,,,,valid=0; invalid=0; risky=0; unknown=0
6480,>30M,bestdogbiteattorneys.com,no,,,https://embed.typeform.com/,0,,,no_public_email_found,not_flagged,contact_pages,,,,,,valid=0; invalid=0; risky=0; unknown=0
6481,>30M,matchaeologist.com,no,,,,0,,info@matchaeologist.com,showing_email_candidates,not_flagged,contact_pages,info@matchaeologist.com,,,,info@matchaeologist.com,valid=0; invalid=0; risky=0; unknown=1
6482,>30M,netsyssa.com,yes,,,https://embed.typeform.com/ ; https://form.typeform.com/to/Jc5nKvtM,0,,info@netsyssa.com,showing_email_candidates,not_flagged,contact_pages,info@netsyssa.com,,,,info@netsyssa.com,valid=0; invalid=0; risky=0; unknown=1
6483,>30M,paintermarketing.com,yes,,,,0,,,no_public_email_found,not_flagged,contact_pages,,,,,,valid=0; invalid=0; risky=0; unknown=0
6484,>30M,c2s.com.br,no,,,,0,,querofalarcom@c2s.com.br,showing_email_candidates,not_flagged,contact_pages,,,,,,valid=0; invalid=0; risky=0; unknown=0
6485,>30M,allprescottlodging.com,no,,,,0,,,no_public_email_found,not_flagged,contact_pages,,,,,,valid=0; invalid=0; risky=0; unknown=0
6486,>30M,residently.com,no,,,,0,,,no_public_email_found,not_flagged,contact_pages,,,,,,valid=0; invalid=0; risky=0; unknown=0
6487,>30M,hobigolf.com,no,,,,0,,,no_public_email_found,not_flagged,contact_pages,,,,,,valid=0; invalid=0; risky=0; unknown=0
6488,>30M,upcommerce.de,no,,,https://oqiwdozld45.typeform.com/,0,,hallo@upcommerce.de ; onboarding_neu@100x-1024x325.png ; onboarding_neu@100x-1536x488.png ; onboarding_neu@100x-2048x650.png ; onboarding_neu@100x-300x95.png ; onboarding_neu@100x-768x244.png ; onboarding_neu@100x-scaled.png ; onboardng_mobile@100x-130x300.png ; onboardng_mobile@100x-443x1024.png ; onboardng_mobile@100x-665x1536.png ; onboardng_mobile@100x-768x1775.png ; onboardng_mobile@100x-886x2048.png ; onboardng_mobile@100x-scaled.png,showing_email_candidates,not_flagged,contact_pages,,,,,,valid=0; invalid=0; risky=0; unknown=0
6489,>30M,iliftforlife.com,yes,,,https://form.typeform.com/to/gnAYfYyS,0,,info@iliftforlife.com,showing_email_candidates,not_flagged,contact_pages,info@iliftforlife.com,,,,info@iliftforlife.com,valid=0; invalid=0; risky=0; unknown=1
6490,>30M,jodiewilson.com,no,,,,0,,jodielbolinger@gmail.com,showing_email_candidates,not_flagged,contact_pages,,,,,,valid=0; invalid=0; risky=0; unknown=0
6491,>30M,after5.ro,no,,,,0,,bootstrap@5.3.0-alpha3 ; contact@octavian-radu.ro,showing_email_candidates,not_flagged,contact_pages,,,,,,valid=0; invalid=0; risky=0; unknown=0
6492,>30M,quasi-resident.com,yes,,,https://form.typeform.com/to/blNvOgWp ; https://formulairecontact.typeform.com/to/zLyU3Tkg,0,,info@quasi-resident.com,showing_email_candidates,not_flagged,contact_pages,info@quasi-resident.com,,,,info@quasi-resident.com,valid=0; invalid=0; risky=0; unknown=1
6493,>30M,darustrong.com,yes,,,,0,,,no_public_email_found,not_flagged,contact_pages,,,,,,valid=0; invalid=0; risky=0; unknown=0
6494,>30M,blindajeweb.com,yes,,,,0,,,no_public_email_found,not_flagged,contact_pages,,,,,,valid=0; invalid=0; risky=0; unknown=0
6495,>30M,surebro.com,yes,,,https://surebro.typeform.com/to/iNM0dJ,0,,hey@surebro.com,showing_email_candidates,not_flagged,contact_pages,,,,,,valid=0; invalid=0; risky=0; unknown=0
6496,>30M,wyattcreations.com,no,,,,0,,,no_public_email_found,not_flagged,contact_pages,,,,,,valid=0; invalid=0; risky=0; unknown=0
6497,>30M,sproutasia.com,no,,,,0,,liam@example.com ; sprout-website-js@v1.4,showing_email_candidates,not_flagged,contact_pages,,,,,,valid=0; invalid=0; risky=0; unknown=0
6498,>30M,integrateiq.com,no,,,,0,,jane@yourcompany.com ; support@integrateiq.com ; tech@nurosparx.com ; you@yourcompany.com,showing_email_candidates,not_flagged,contact_pages,support@integrateiq.com,,,,support@integrateiq.com,valid=0; invalid=0; risky=0; unknown=1
6499,>30M,mxrise.com,no,,,https://embed.typeform.com/,0,,,no_public_email_found,not_flagged,contact_pages,,,,,,valid=0; invalid=0; risky=0; unknown=0
6500,>30M,urankd.com,no,,,,0,,hello@urankd.com ; tu@correo.com,showing_email_candidates,not_flagged,contact_pages,hello@urankd.com,hello@urankd.com,,,,valid=1; invalid=0; risky=0; unknown=0
6501,>30M,smedvig.com,yes,,,https://embed.typeform.com/ ; https://smedvig.typeform.com/to/ZLKP9W ; https://smedvigcapital.typeform.com/to/TfOzc8,0,,1973@3x2.png ; get_in_touch@3x.jpg ; mail@smedvig.com ; our_brand_smedvig_flag@3x-copy.jpg ; smedvig_verdier_a3_1@3x-25x22.png ; smedvig_verdier_a3_1@3x-300x266.png ; smedvig_verdier_a3_1@3x-31x28.png ; smedvig_verdier_a3_1@3x-403x358.png ; smedvig_verdier_a3_1@3x-46x41.png ; smedvig_verdier_a3_1@3x-57x51.png ; smedvig_verdier_a3_1@3x-768x682.png ; smedvig_verdier_a3_1@3x-78x69.png ; smedvig_verdier_a3_1@3x.png ; smedvig_verdier_a3_2@3x.png ; smedvig_verdier_a3_3@3x-25x22.png ; smedvig_verdier_a3_3@3x-300x261.png ; smedvig_verdier_a3_3@3x-31x27.png ; smedvig_verdier_a3_3@3x-412x358.png ; smedvig_verdier_a3_3@3x-46x40.png ; smedvig_verdier_a3_3@3x-59x51.png ; smedvig_verdier_a3_3@3x-768x668.png ; smedvig_verdier_a3_3@3x-79x69.png ; smedvig_verdier_a3_3@3x.png ; who_we_are_2@3x.jpg,showing_email_candidates,not_flagged,contact_pages,,,,,,valid=0; invalid=0; risky=0; unknown=0
6502,>30M,nikkileblanc.com,yes,,,https://form.typeform.com/to/NqtA6Ygk,0,,info@nikkileblanc.com,showing_email_candidates,not_flagged,contact_pages,info@nikkileblanc.com,,,,info@nikkileblanc.com,valid=0; invalid=0; risky=0; unknown=1
6503,>30M,charmingquirk.com,no,,,,0,,,no_public_email_found,not_flagged,contact_pages,,,,,,valid=0; invalid=0; risky=0; unknown=0
6504,>30M,newportricheydentist.com,no,,,https://embed.typeform.com/,0,,ui@4.0,showing_email_candidates,not_flagged,contact_pages,,,,,,valid=0; invalid=0; risky=0; unknown=0
6505,>30M,bamadvisorygroup.com,no,,,https://embed.typeform.com/,0,,info@bamadvisorygroup.com,showing_email_candidates,not_flagged,contact_pages,info@bamadvisorygroup.com,,,,info@bamadvisorygroup.com,valid=0; invalid=0; risky=0; unknown=1
6506,>30M,p-bank.jp,no,,,,0,,,no_public_email_found,not_flagged,contact_pages,,,,,,valid=0; invalid=0; risky=0; unknown=0
6507,>30M,houstonbestlocators.com,no,,,,0,,,no_public_email_found,not_flagged,contact_pages,,,,,,valid=0; invalid=0; risky=0; unknown=0
6508,>30M,familyenterprise.ca,yes,,,https://info702544.typeform.com/to/wDJ25143,0,,crogers@familyenterprise.ca ; home-familybusiness-splash@2x.png ; info@familyenterprise.ca,showing_email_candidates,not_flagged,contact_pages,info@familyenterprise.ca,,,,info@familyenterprise.ca,valid=0; invalid=0; risky=0; unknown=1
6509,>30M,konectee.com,no,,,,0,,contato@konectee.com.br ; seu@email.com,showing_email_candidates,not_flagged,contact_pages,,,,,,valid=0; invalid=0; risky=0; unknown=0
6510,>30M,julianaeleonardo.com.br,no,,,https://embed.typeform.com/,0,,,no_public_email_found,not_flagged,contact_pages,,,,,,valid=0; invalid=0; risky=0; unknown=0
6511,>30M,halocollector.com,no,,,,0,,,no_public_email_found,not_flagged,contact_pages,,,,,,valid=0; invalid=0; risky=0; unknown=0
6512,>30M,pmo-service.de,yes,,,,0,,info@innominds.de ; info@pmo-service.de ; moin@consultants-hamburg.de,showing_email_candidates,not_flagged,contact_pages,info@pmo-service.de,,,,info@pmo-service.de,valid=0; invalid=0; risky=0; unknown=1
6513,>30M,untaxables.com,yes,,,,0,,,no_public_email_found,not_flagged,contact_pages,,,,,,valid=0; invalid=0; risky=0; unknown=0
6514,>30M,supportlogic.com,no,,,,0,,info@supportlogic.io,showing_email_candidates,not_flagged,contact_pages,,,,,,valid=0; invalid=0; risky=0; unknown=0
6515,>30M,keenerinsurancesolutions.com,no,,,https://keenerinsurance.typeform.com/,0,,arianne@keenersolutions.com ; beverly@keenersolutions.com ; cherry@keenersolutions.com ; claire@keenersolutions.com ; cynthia@keenersolutions.com ; info@keenersolutions.com ; jesus@keenersolutions.com ; joanne%20@keenersolutions.com ; michael@keenersolutions.com ; mike@keenersolutions.com,showing_email_candidates,not_flagged,contact_pages,,,,,,valid=0; invalid=0; risky=0; unknown=0
6516,>30M,uditgupta.com,no,,,,0,,,no_public_email_found,not_flagged,contact_pages,,,,,,valid=0; invalid=0; risky=0; unknown=0
6517,>30M,amtdevelopers.com,no,,,,0,,admin@amtdevelopers.in,showing_email_candidates,not_flagged,contact_pages,,,,,,valid=0; invalid=0; risky=0; unknown=0
6518,>30M,aenigma.com.au,yes,,,https://embed.typeform.com/ ; https://form.typeform.com/to/Dw3Y2Bqm,0,,,no_public_email_found,not_flagged,contact_pages,,,,,,valid=0; invalid=0; risky=0; unknown=0
6519,>30M,hollandquality.com,no,,,,0,,,no_public_email_found,not_flagged,contact_pages,,,,,,valid=0; invalid=0; risky=0; unknown=0
6520,>30M,inxtensia.fr,yes,,,,0,,,no_public_email_found,not_flagged,contact_pages,,,,,,valid=0; invalid=0; risky=0; unknown=0
6521,>30M,summitwc.org,no,,,,0,,office@summitwc.org,showing_email_candidates,not_flagged,contact_pages,office@summitwc.org,,,,office@summitwc.org,valid=0; invalid=0; risky=0; unknown=1
6522,>30M,locksmithwebsites.com,yes,,,,0,,,no_public_email_found,not_flagged,contact_pages,,,,,,valid=0; invalid=0; risky=0; unknown=0
6523,>30M,de-nacht.be,yes,,,https://m6dwjhc4vyd.typeform.com/to/JgBCY5r2,0,,,no_public_email_found,not_flagged,contact_pages,,,,,,valid=0; invalid=0; risky=0; unknown=0
6524,>30M,uniandyou.org,no,,,https://embed.typeform.com/,0,,quill@1.3.6,showing_email_candidates,not_flagged,contact_pages,,,,,,valid=0; invalid=0; risky=0; unknown=0
6525,>30M,cottonwoodcreek-dental.com,yes,,,https://drmikedolby.typeform.com/to/RJ6JHF,0,,325%20e%20shore%20dr%20%23100%20eagle%2c%20id%2083616%20usa@43.68787529999999,showing_email_candidates,not_flagged,contact_pages,,,,,,valid=0; invalid=0; risky=0; unknown=0
6526,>30M,coloredred.com,no,,,,0,,shane@coloredred.com,showing_email_candidates,not_flagged,contact_pages,,,,,,valid=0; invalid=0; risky=0; unknown=0
6527,>30M,terbergmatec.pl,no,,,,0,,bootstrap@4.6.2 ; easy-autocomplete@1.3.5 ; jquery-validation-unobtrusive@3.2.12 ; jquery-validation@1.19.4 ; jquery-zoom@1.7.21 ; jquery@3.6.1 ; kontakt@terbergmatec.pl ; popper.js@1.16.1-lts ; vue@2.7.14,showing_email_candidates,not_flagged,contact_pages,,,,,,valid=0; invalid=0; risky=0; unknown=0
6528,>30M,leadbase.de,yes,,,,0,,,no_public_email_found,not_flagged,contact_pages,,,,,,valid=0; invalid=0; risky=0; unknown=0
6529,>30M,rigoranlacres.com.br,no,,,,0,,,no_public_email_found,not_flagged,contact_pages,,,,,,valid=0; invalid=0; risky=0; unknown=0
6530,>30M,restaurantexperience.com,yes,,,,0,,cleave.js@1.6.0 ; name@email.com,showing_email_candidates,not_flagged,contact_pages,,,,,,valid=0; invalid=0; risky=0; unknown=0
6531,>30M,entrylevel-jobs.com,yes,,,https://jobrightai.typeform.com/to/HShyUMfh,0,,axios@1.6.7,showing_email_candidates,not_flagged,contact_pages,,,,,,valid=0; invalid=0; risky=0; unknown=0
6532,>30M,pathwaysmentoring.org,no,,,https://embed.typeform.com/,0,,quill@1.3.6,showing_email_candidates,not_flagged,contact_pages,,,,,,valid=0; invalid=0; risky=0; unknown=0
6533,>30M,teethwhiteningmelbourne.com,no,,,https://embed.typeform.com/,0,,enquiry@teethwhiteningmelbourne.com,showing_email_candidates,not_flagged,contact_pages,,,,,,valid=0; invalid=0; risky=0; unknown=0
6534,>30M,joumae-clinic.com,no,,,,0,,,no_public_email_found,not_flagged,contact_pages,,,,,,valid=0; invalid=0; risky=0; unknown=0
6535,>30M,murakami-hp.com,no,,,,0,,,no_public_email_found,not_flagged,contact_pages,,,,,,valid=0; invalid=0; risky=0; unknown=0
6536,>30M,huo.me,yes,,,,0,,,no_public_email_found,not_flagged,contact_pages,,,,,,valid=0; invalid=0; risky=0; unknown=0
6537,>30M,buggy.biz,no,,,,0,,,no_public_email_found,not_flagged,contact_pages,,,,,,valid=0; invalid=0; risky=0; unknown=0
6538,>30M,streamyard.com,no,,,,0,,4d9632b6a45c940f419b19db183ec1a7@o6787.ingest.us.sentry.io ; contact@streamyard.com ; u003eyourfriends@streamyard.com,showing_email_candidates,not_flagged,contact_pages,contact@streamyard.com,contact@streamyard.com,,,,valid=1; invalid=0; risky=0; unknown=0
6539,>30M,matsuyamashoten.com,no,,,,0,,,no_public_email_found,not_flagged,contact_pages,,,,,,valid=0; invalid=0; risky=0; unknown=0
6540,>30M,chooseplana.com,yes,,,,0,,,no_public_email_found,not_flagged,contact_pages,,,,,,valid=0; invalid=0; risky=0; unknown=0
6541,>30M,mycarebase.com,yes,,,https://9fle1bp4lvo.typeform.com/to/uG4gAN5x,0,,hello@mycarebase.com ; john.smith@example.com ; stephanie@mycarebase.com,showing_email_candidates,not_flagged,contact_pages,hello@mycarebase.com,hello@mycarebase.com,,,,valid=1; invalid=0; risky=0; unknown=0
6542,>30M,jordice.com,yes,,,,0,,jordicorbins@gmail.com,showing_email_candidates,not_flagged,contact_pages,,,,,,valid=0; invalid=0; risky=0; unknown=0
6543,>30M,leadershipsynergy.ca,yes,,,https://26pup2g35in.typeform.com/to/jTXTPBje,0,,info@leadershipsynergy.ca,showing_email_candidates,not_flagged,contact_pages,info@leadershipsynergy.ca,,,,info@leadershipsynergy.ca,valid=0; invalid=0; risky=0; unknown=1
6544,>30M,ceciliomendes.com,yes,,,https://ceciliomendes.typeform.com/to/Md71uoz2,0,,contato@ceciliomendes.com,showing_email_candidates,not_flagged,contact_pages,,,,,,valid=0; invalid=0; risky=0; unknown=0
6545,>30M,clarityhealthcare.com.au,yes,,,,0,,tms@clarityhealthcare.com.au,showing_email_candidates,not_flagged,contact_pages,,,,,,valid=0; invalid=0; risky=0; unknown=0
6546,>30M,highstay.com,no,,,,0,,reservations@highstay.com,showing_email_candidates,not_flagged,contact_pages,reservations@highstay.com,,,,reservations@highstay.com,valid=0; invalid=0; risky=0; unknown=1
6547,>30M,thehopefulmovie.com,yes,,,https://movieschangepeople.typeform.com/to/fkJjmRYP,0,,,no_public_email_found,not_flagged,contact_pages,,,,,,valid=0; invalid=0; risky=0; unknown=0
6548,>30M,psiquebrasil.com,yes,,,https://form.typeform.com/to/octgTBp9,0,,andressa@psiquebrasil.com,showing_email_candidates,not_flagged,contact_pages,,,,,,valid=0; invalid=0; risky=0; unknown=0
6549,>30M,meissl-peuerbach.at,no,,,,0,,office@meissl-peuerbach.at,showing_email_candidates,not_flagged,contact_pages,office@meissl-peuerbach.at,,,,office@meissl-peuerbach.at,valid=0; invalid=0; risky=0; unknown=1
6550,>30M,go-celebrate.com,no,,,,0,,,no_public_email_found,not_flagged,contact_pages,,,,,,valid=0; invalid=0; risky=0; unknown=0
6551,>30M,datacouncil.org,yes,,,https://embed.typeform.com/ ; https://maxa4.typeform.com/to/Da7n7WFh ; https://maxa4.typeform.com/to/Ixcc1Dz0 ; https://maxa4.typeform.com/to/LshXFL ; https://maxa4.typeform.com/to/nQGHTl ; https://maxa4.typeform.com/to/sxJqMoII,0,,info@edc.com,showing_email_candidates,not_flagged,contact_pages,,,,,,valid=0; invalid=0; risky=0; unknown=0
6552,>30M,doctorasana.com,yes,,,https://41gde49hgi2.typeform.com/to/JsjNs6AS,0,,contact@ourdomain.com ; info@doctorasana.com,showing_email_candidates,not_flagged,contact_pages,info@doctorasana.com,,,,info@doctorasana.com,valid=0; invalid=0; risky=0; unknown=1
6553,>30M,q-10.no,no,,,,0,,celina@q-10.no ; cropped-q-10_symbol_bg@3x-180x180.png ; cropped-q-10_symbol_bg@3x-192x192.png ; cropped-q-10_symbol_bg@3x-270x270.png ; cropped-q-10_symbol_bg@3x-32x32.png ; eirik@q-10.no ; hege@q-10.no ; hls@q-10.no ; pal@q-10.no ; post@q-10.no ; thomas@q-10.no ; tord@q-10.no,showing_email_candidates,not_flagged,contact_pages,,,,,,valid=0; invalid=0; risky=0; unknown=0
6554,>30M,boyntonbeachpoolrepair.com,yes,,,,0,,,no_public_email_found,not_flagged,contact_pages,,,,,,valid=0; invalid=0; risky=0; unknown=0
6555,>30M,pcdiga.pt,no,,,,0,,,no_public_email_found,not_flagged,contact_pages,,,,,,valid=0; invalid=0; risky=0; unknown=0
6556,>30M,chelseaguerrero.com,no,,,,0,,,no_public_email_found,not_flagged,contact_pages,,,,,,valid=0; invalid=0; risky=0; unknown=0
6557,>30M,blacklightapp.com,no,,,,0,,,no_public_email_found,not_flagged,contact_pages,,,,,,valid=0; invalid=0; risky=0; unknown=0
6558,>30M,hvacservicemarketing.com,yes,,,,0,,,no_public_email_found,not_flagged,contact_pages,,,,,,valid=0; invalid=0; risky=0; unknown=0
6559,>30M,intimacyskills.com,yes,,,https://ctlc7490z8k.typeform.com/to/oRtI9MrS,0,,melissa@emotionalfortitude.com,showing_email_candidates,not_flagged,contact_pages,,,,,,valid=0; invalid=0; risky=0; unknown=0
6560,>30M,doctorsaludable.com,no,,,,0,,,no_public_email_found,not_flagged,contact_pages,,,,,,valid=0; invalid=0; risky=0; unknown=0
6561,>30M,chefkarim.com,no,,,,0,,karim@chefkarim.com,showing_email_candidates,not_flagged,contact_pages,,,,,,valid=0; invalid=0; risky=0; unknown=0
6562,>30M,villie.com,yes,,,https://memorymyway.typeform.com/to/mS9JTZy0,0,,iamroselinegregs@gmail.com,showing_email_candidates,not_flagged,contact_pages,,,,,,valid=0; invalid=0; risky=0; unknown=0
6563,>30M,vibefitness.org,no,,,,0,,info@vibefitness.org,showing_email_candidates,not_flagged,contact_pages,info@vibefitness.org,,,,info@vibefitness.org,valid=0; invalid=0; risky=0; unknown=1
6564,>30M,carlbio.com,yes,,,https://embed.typeform.com/ ; https://soumya52.typeform.com/to/hY4snC,0,,1@2x.png ; ppc@carlbio.com ; som@carlbio.com,showing_email_candidates,not_flagged,contact_pages,,,,,,valid=0; invalid=0; risky=0; unknown=0
6565,>30M,leist-bar.at,no,,,,0,,office@leist-bar.com,showing_email_candidates,not_flagged,contact_pages,,,,,,valid=0; invalid=0; risky=0; unknown=0
6566,>30M,genflow.com,no,,,,0,,,no_public_email_found,not_flagged,contact_pages,,,,,,valid=0; invalid=0; risky=0; unknown=0
6567,>30M,northbynorthwest.us,no,,,,0,,,no_public_email_found,not_flagged,contact_pages,,,,,,valid=0; invalid=0; risky=0; unknown=0
6568,>30M,serpentinesisters.com,no,,,,0,,,no_public_email_found,not_flagged,contact_pages,,,,,,valid=0; invalid=0; risky=0; unknown=0
6569,>30M,abc-accountant.com,yes,,,https://annettebrown472847.typeform.com/to/DL62sw,0,,annette@abc-accountant.com,showing_email_candidates,not_flagged,contact_pages,,,,,,valid=0; invalid=0; risky=0; unknown=0
6570,>30M,lincolnmoneyman.com,no,,,,0,,,no_public_email_found,not_flagged,contact_pages,,,,,,valid=0; invalid=0; risky=0; unknown=0
6571,>30M,theinnerfitnessproject.com,yes,,,,0,,,no_public_email_found,not_flagged,contact_pages,,,,,,valid=0; invalid=0; risky=0; unknown=0
6572,>30M,buildingstoday.com,no,,,,0,,,no_public_email_found,not_flagged,contact_pages,,,,,,valid=0; invalid=0; risky=0; unknown=0
6573,>30M,lowcountryqb.com,yes,,,https://9fvyp7mw0it.typeform.com/to/trYV0QY7,0,,,no_public_email_found,not_flagged,contact_pages,,,,,,valid=0; invalid=0; risky=0; unknown=0
6574,>30M,ryansenese.com,no,,,https://embed.typeform.com/,0,,,no_public_email_found,not_flagged,contact_pages,,,,,,valid=0; invalid=0; risky=0; unknown=0
6575,>30M,clinicasavila.com,no,,,,0,,,no_public_email_found,not_flagged,contact_pages,,,,,,valid=0; invalid=0; risky=0; unknown=0
6576,>30M,ccrgteleservices.com,no,,,,0,,,no_public_email_found,not_flagged,contact_pages,,,,,,valid=0; invalid=0; risky=0; unknown=0
6577,>30M,observatoire-amarok.org,yes,,,https://khw7hxm03nr.typeform.com/to/hOEDTjrc,0,,obs.amarok@gmail.com,showing_email_candidates,not_flagged,contact_pages,,,,,,valid=0; invalid=0; risky=0; unknown=0
6578,>30M,freudenberg.nl,yes,,,https://ub0jie4cwyp.typeform.com/,0,,office@freudenberg.nl,showing_email_candidates,not_flagged,contact_pages,office@freudenberg.nl,,,,office@freudenberg.nl,valid=0; invalid=0; risky=0; unknown=1
6579,>30M,gwsz.com,no,,,,0,,,no_public_email_found,not_flagged,contact_pages,,,,,,valid=0; invalid=0; risky=0; unknown=0
6580,>30M,midtowncabinetry.com,no,,,,0,,badge_60_8@2x-150x150.png,showing_email_candidates,not_flagged,contact_pages,,,,,,valid=0; invalid=0; risky=0; unknown=0
6581,>30M,thepixstory.com,no,,,,0,,,no_public_email_found,not_flagged,contact_pages,,,,,,valid=0; invalid=0; risky=0; unknown=0
6582,>30M,rawrecoveryandwellness.com,yes,,,https://emotionalfortitude.typeform.com/to/BuZ3SthJ ; https://emotionalfortitude.typeform.com/to/j2cFNhvA,0,,melissa@emotionalfortitude.com,showing_email_candidates,not_flagged,contact_pages,,,,,,valid=0; invalid=0; risky=0; unknown=0
6583,>30M,amventures.com,yes,,,https://vcmo0v4arr8.typeform.com/to/WFTbxeWR,0,,info@amventures.com,showing_email_candidates,not_flagged,contact_pages,info@amventures.com,,,,info@amventures.com,valid=0; invalid=0; risky=0; unknown=1
6584,>30M,kawakami-zeirishi.com,no,,,,0,,,no_public_email_found,not_flagged,contact_pages,,,,,,valid=0; invalid=0; risky=0; unknown=0
6585,>30M,andreadanner.com,yes,,,https://adcreate.typeform.com/to/Mv2m0k9W,0,,andrea@andreadanner.com,showing_email_candidates,not_flagged,contact_pages,,,,,,valid=0; invalid=0; risky=0; unknown=0
6586,>30M,lavalebaptist.com,no,,,,0,,18d2f96d279149989b95faf0a4b41882@sentry-next.wixpress.com ; 5d1795a2db124a268f1e1bd88f503500@sentry.wixpress.com ; 605a7baede844d278b89dc95ae0a9123@sentry-next.wixpress.com ; 78f7996315bc402f9dcb8a2f974b82d1@sentry.wixpress.com ; 88170cb0c9d64f94b5821ca7fd2d55a4@sentry-next.wixpress.com ; 8eb368c655b84e029ed79ad7a5c1718e@sentry.wixpress.com ; 9a65e97ebe8141fca0c4fd686f70996b@sentry.wixpress.com ; core-js-bundle@3.2.1 ; focus-within-polyfill@5.0.9 ; intl-segmenter@11.7.10 ; lodash@4.17.23 ; react-dom@18.3.1 ; react@18.3.1 ; rspack@1.6.8,showing_email_candidates,not_flagged,contact_pages,,,,,,valid=0; invalid=0; risky=0; unknown=0
6587,>30M,stylistjenn.com,yes,,,,0,,,no_public_email_found,not_flagged,contact_pages,,,,,,valid=0; invalid=0; risky=0; unknown=0
6588,>30M,videoproductionlosangeles.com,no,,,https://embed.typeform.com/,0,,hello@videoproductionlosangeles.com ; info@videoprola.com,showing_email_candidates,not_flagged,contact_pages,hello@videoproductionlosangeles.com,hello@videoproductionlosangeles.com,,,,valid=1; invalid=0; risky=0; unknown=0
6589,>30M,demolicionessuarez.com.ar,yes,,,,0,,,no_public_email_found,not_flagged,contact_pages,,,,,,valid=0; invalid=0; risky=0; unknown=0
6590,>30M,thebigschool.com,yes,,,https://form.typeform.com/to/jLU1poB8 ; https://form.typeform.com/to/Wgr89zfR,0,,info@bigseoagency.com,showing_email_candidates,not_flagged,contact_pages,,,,,,valid=0; invalid=0; risky=0; unknown=0
6591,>30M,vosges-securite.fr,yes,,,,0,,,no_public_email_found,not_flagged,contact_pages,,,,,,valid=0; invalid=0; risky=0; unknown=0
6592,>30M,jbfitnesscoach.com,no,,,,0,,,no_public_email_found,not_flagged,contact_pages,,,,,,valid=0; invalid=0; risky=0; unknown=0
6593,>30M,k-und-f.de,no,,,https://3y1zsvo0s1p.typeform.com/,0,,element-1@icon-brush.svg ; element-1@icon-drywall.svg ; element-1@icon-floor.svg ; element-2@icon-facad.svg ; element-3@icon-energy.svg ; element-4@icon-rohr.svg ; element-5@icon-rohr.svg ; info@k-und-f.de,showing_email_candidates,not_flagged,contact_pages,info@k-und-f.de,,,,info@k-und-f.de,valid=0; invalid=0; risky=0; unknown=1
6594,>30M,himawari-yakkyoku.com,no,,,,0,,,no_public_email_found,not_flagged,contact_pages,,,,,,valid=0; invalid=0; risky=0; unknown=0
6595,>30M,heatherjcrider.com,yes,,,https://everydayrockstar.typeform.com/ ; https://form.typeform.com/to/VAgjq81v,0,,hello@heatherjcrider.com,showing_email_candidates,not_flagged,contact_pages,hello@heatherjcrider.com,hello@heatherjcrider.com,,,,valid=1; invalid=0; risky=0; unknown=0
6596,>30M,libertyfabric.com,no,,,,0,,,no_public_email_found,not_flagged,contact_pages,,,,,,valid=0; invalid=0; risky=0; unknown=0
6597,>30M,sharedmemories.net,yes,,,https://23cer3dhgg7.typeform.com/to/kxvATEB0,0,,,no_public_email_found,not_flagged,contact_pages,,,,,,valid=0; invalid=0; risky=0; unknown=0
6598,>30M,ms-a.eu,no,,,,0,,info@ms-a.eu,showing_email_candidates,not_flagged,contact_pages,info@ms-a.eu,,,,info@ms-a.eu,valid=0; invalid=0; risky=0; unknown=1
6599,>30M,nishidakodomo.com,no,,,,0,,,no_public_email_found,not_flagged,contact_pages,,,,,,valid=0; invalid=0; risky=0; unknown=0
6600,>30M,whitehouseandcompany.com,no,,,,0,,,no_public_email_found,not_flagged,contact_pages,,,,,,valid=0; invalid=0; risky=0; unknown=0
6601,>30M,localmobilesuccess.com,yes,,,,0,,,no_public_email_found,not_flagged,contact_pages,,,,,,valid=0; invalid=0; risky=0; unknown=0
6602,>30M,redwaterdentalclinic.com,yes,,,,0,,appointments@redwaterdentalclinic.com,showing_email_candidates,not_flagged,contact_pages,,,,,,valid=0; invalid=0; risky=0; unknown=0
6603,>30M,blastfantastic.com,no,,,,0,,,no_public_email_found,not_flagged,contact_pages,,,,,,valid=0; invalid=0; risky=0; unknown=0
6604,>30M,angr.es,no,,,,0,,,no_public_email_found,not_flagged,contact_pages,,,,,,valid=0; invalid=0; risky=0; unknown=0
6605,>30M,bathroomdesign.info,no,,,,0,,flags@2x.png,showing_email_candidates,not_flagged,contact_pages,,,,,,valid=0; invalid=0; risky=0; unknown=0
6606,>30M,transitionalbiographies.com,yes,,,,0,,,no_public_email_found,not_flagged,contact_pages,,,,,,valid=0; invalid=0; risky=0; unknown=0
6607,>30M,startupamerica.com,yes,,,https://ilocx.typeform.com/to/KIoM8uWn ; https://ilocx.typeform.com/to/LOXRED09,0,,,no_public_email_found,not_flagged,contact_pages,,,,,,valid=0; invalid=0; risky=0; unknown=0
6608,>30M,luminalhq.com,yes,,,,0,,,no_public_email_found,not_flagged,contact_pages,,,,,,valid=0; invalid=0; risky=0; unknown=0
6609,>30M,nekee.com,yes,,,https://form.typeform.com/to/iTYrRsqM,0,,,no_public_email_found,not_flagged,contact_pages,,,,,,valid=0; invalid=0; risky=0; unknown=0
6610,>30M,photopatch.org,yes,,,,0,,,no_public_email_found,not_flagged,contact_pages,,,,,,valid=0; invalid=0; risky=0; unknown=0
6611,>30M,createmomentum.co,yes,,,https://embed.typeform.com/ ; https://joshdecks.typeform.com/to/JQMJMU,0,,hello@createmomentum.co,showing_email_candidates,not_flagged,contact_pages,hello@createmomentum.co,hello@createmomentum.co,,,,valid=1; invalid=0; risky=0; unknown=0
6612,>30M,buddeshof.com,yes,,,https://admin.typeform.com/to/dwk6gt ; https://help.typeform.com/,0,,info@daslebenswerk.de ; info@pflege-buddeshof.de ; leaflet@1.9.4,showing_email_candidates,not_flagged,contact_pages,,,,,,valid=0; invalid=0; risky=0; unknown=0
6613,>30M,rvrb.com,no,,,https://rvrbagency.typeform.com/,0,,info@rvrb.com,showing_email_candidates,not_flagged,contact_pages,info@rvrb.com,,,,info@rvrb.com,valid=0; invalid=0; risky=0; unknown=1
6614,>30M,codycartercpa.com,no,,,,0,,,no_public_email_found,not_flagged,contact_pages,,,,,,valid=0; invalid=0; risky=0; unknown=0
6615,>30M,miraclesculpt.com,yes,,,https://skinic.typeform.com/to/AgdryBMg,0,,,no_public_email_found,not_flagged,contact_pages,,,,,,valid=0; invalid=0; risky=0; unknown=0
6616,>30M,traditionservices.com,yes,,,https://embed.typeform.com/ ; https://form.typeform.com/to/GQfM8hXS,0,,tradition@traditionservices.com,showing_email_candidates,not_flagged,contact_pages,,,,,,valid=0; invalid=0; risky=0; unknown=0
6617,>30M,itotosou.com,no,,,,0,,,no_public_email_found,not_flagged,contact_pages,,,,,,valid=0; invalid=0; risky=0; unknown=0
6618,>30M,bettersurplus.com,yes,,,https://bettersurplus.typeform.com/to/i3MJVD,0,,,no_public_email_found,not_flagged,contact_pages,,,,,,valid=0; invalid=0; risky=0; unknown=0
6619,>30M,ayurvedastore.com,no,,,https://x7mq671dof7.typeform.com/,0,,info@ayurvedastore.co.nz,showing_email_candidates,not_flagged,contact_pages,,,,,,valid=0; invalid=0; risky=0; unknown=0
6620,>30M,aiaoregon.org,yes,,,,0,,info@aiaoregon.org,showing_email_candidates,not_flagged,contact_pages,info@aiaoregon.org,info@aiaoregon.org,,,,valid=1; invalid=0; risky=0; unknown=0
6621,>30M,christinamsweeney.com,yes,,,https://88hl5lbaj64.typeform.com/to/MofjiWba,0,,christinamariesweeney@gmail.com,showing_email_candidates,not_flagged,contact_pages,,,,,,valid=0; invalid=0; risky=0; unknown=0
6622,>30M,dragonsbreathpottery.com,yes,,,https://lightspeed-commerce.typeform.com/to/g1vcP7FR,0,,dragonsbreathpottery.lit@gmail.com ; email@example.com ; example@email.com ; john.doe@email.com,showing_email_candidates,not_flagged,contact_pages,,,,,,valid=0; invalid=0; risky=0; unknown=0
6623,>30M,goodmorningpharmacy.com,no,,,,0,,,no_public_email_found,not_flagged,contact_pages,,,,,,valid=0; invalid=0; risky=0; unknown=0
6624,>30M,brewakennedy.com,no,,,,0,,,no_public_email_found,not_flagged,contact_pages,,,,,,valid=0; invalid=0; risky=0; unknown=0
6625,>30M,veronicaoleson.com,yes,,,https://form.typeform.com/to/XRDAqzSv,0,,,no_public_email_found,not_flagged,contact_pages,,,,,,valid=0; invalid=0; risky=0; unknown=0
6626,>30M,gaapx.com,no,,,,0,,,no_public_email_found,not_flagged,contact_pages,,,,,,valid=0; invalid=0; risky=0; unknown=0
6627,>30M,wiki-business.com,no,,,,0,,,no_public_email_found,not_flagged,contact_pages,,,,,,valid=0; invalid=0; risky=0; unknown=0
6628,>30M,onlinedating.it,no,,,,0,,0301659c65bd4647be2b0ed23bc4493e@app.getsentry.com ; press@datingscout.com ; sprites@2x.png ; summer-medium@2x.jpg ; summer-small@2x.jpg ; summer@2x.jpg ; supporto@onlinedating.it,showing_email_candidates,not_flagged,contact_pages,,,,,,valid=0; invalid=0; risky=0; unknown=0
6629,>30M,lepetitcoursdurocher.com,yes,,,https://coursdurocher.typeform.com/to/bJ2Qy7 ; https://form.typeform.com/to/DmTSnDLO,0,,admissions@coursdurocher.com ; rocher@coursdurocher.fr ; rocher@petitcoursdurocher.com ; saint.honore@petitcoursdurocher.com,showing_email_candidates,not_flagged,contact_pages,,,,,,valid=0; invalid=0; risky=0; unknown=0
6630,>30M,artradius.org,no,,,,0,,,no_public_email_found,not_flagged,contact_pages,,,,,,valid=0; invalid=0; risky=0; unknown=0
6631,>30M,alwayscooltx.com,no,,,,0,,info@alwayscooltx.com,showing_email_candidates,not_flagged,contact_pages,info@alwayscooltx.com,,,,info@alwayscooltx.com,valid=0; invalid=0; risky=0; unknown=1
6632,>30M,diegocarrete.com,yes,,,https://form.typeform.com/to/Xxspl8kf,0,,,no_public_email_found,not_flagged,contact_pages,,,,,,valid=0; invalid=0; risky=0; unknown=0
6633,>30M,kanzlei-georgiadis.de,yes,,,https://1iz7gafzap9.typeform.com/to/mPCus1sw,0,,info@kanzlei-georgiadis.de ; post@stbk-nordbaden.de,showing_email_candidates,not_flagged,contact_pages,info@kanzlei-georgiadis.de,,,,info@kanzlei-georgiadis.de,valid=0; invalid=0; risky=0; unknown=1
6634,>30M,dc-sakura.net,no,,,,0,,,no_public_email_found,not_flagged,contact_pages,,,,,,valid=0; invalid=0; risky=0; unknown=0
6635,>30M,kambulat.ru,yes,,,https://embed.typeform.com/ ; https://form.typeform.com/to/otBYbQF7,0,,office@azgbi.ru,showing_email_candidates,not_flagged,contact_pages,,,,,,valid=0; invalid=0; risky=0; unknown=0
6636,>30M,fenceweb.com,no,,,,0,,,no_public_email_found,not_flagged,contact_pages,,,,,,valid=0; invalid=0; risky=0; unknown=0
6637,>30M,heizung-attendorn.de,no,,,https://embed.typeform.com/,0,,info@mantel-attendorn.de,showing_email_candidates,not_flagged,contact_pages,,,,,,valid=0; invalid=0; risky=0; unknown=0
6638,>30M,joyasdepanamacigars.com,yes,,,,0,,,no_public_email_found,not_flagged,contact_pages,,,,,,valid=0; invalid=0; risky=0; unknown=0
6639,>30M,moko-clinic.com,no,,,,0,,,no_public_email_found,not_flagged,contact_pages,,,,,,valid=0; invalid=0; risky=0; unknown=0
6640,>30M,kalabron.com,no,,,,0,,contact@kalabron.com,showing_email_candidates,not_flagged,contact_pages,contact@kalabron.com,contact@kalabron.com,,,,valid=1; invalid=0; risky=0; unknown=0
6641,>30M,domainedelepau.com,yes,,,https://bp9bs18exqe.typeform.com/to/uYCrYdUZ,0,,events-lodges@domainedelepau.com ; restaurant@domainedelepau.com,showing_email_candidates,not_flagged,contact_pages,,,,,,valid=0; invalid=0; risky=0; unknown=0
6642,>30M,bestmobileappdevelopmentcompanies.com,no,,,https://embed.typeform.com/,0,,,no_public_email_found,not_flagged,contact_pages,,,,,,valid=0; invalid=0; risky=0; unknown=0
6643,>30M,viewership.com,no,,,,0,,,no_public_email_found,not_flagged,contact_pages,,,,,,valid=0; invalid=0; risky=0; unknown=0
6644,>30M,nagataiin.com,no,,,,0,,,no_public_email_found,not_flagged,contact_pages,,,,,,valid=0; invalid=0; risky=0; unknown=0
6645,>30M,wollyhome.com,no,,,,0,,info@wollycorp.com,showing_email_candidates,not_flagged,contact_pages,,,,,,valid=0; invalid=0; risky=0; unknown=0
6646,>30M,aspivanta.com,yes,,,,0,,,no_public_email_found,not_flagged,contact_pages,,,,,,valid=0; invalid=0; risky=0; unknown=0
6647,>30M,canvastx.com,yes,,,,0,,,no_public_email_found,not_flagged,contact_pages,,,,,,valid=0; invalid=0; risky=0; unknown=0
6648,>30M,anycurb.com,yes,,,,0,,,no_public_email_found,not_flagged,contact_pages,,,,,,valid=0; invalid=0; risky=0; unknown=0
6649,>30M,lucaseraquel.com.br,no,,,https://embed.typeform.com/,0,,,no_public_email_found,not_flagged,contact_pages,,,,,,valid=0; invalid=0; risky=0; unknown=0
6650,>30M,ucips.ch,no,,,,0,,bb9fb47228b042e0b2f95d460b8b91db@synaps-systemes.ch,showing_email_candidates,not_flagged,contact_pages,,,,,,valid=0; invalid=0; risky=0; unknown=0
6651,>30M,westernhummingbird.org,yes,,,,0,,,no_public_email_found,not_flagged,contact_pages,,,,,,valid=0; invalid=0; risky=0; unknown=0
6652,>30M,syrupapp.com,yes,,,https://admin.typeform.com/ ; https://embed.typeform.com/ ; https://nickmontagu.typeform.com/to/QtWa5s,0,,,no_public_email_found,not_flagged,contact_pages,,,,,,valid=0; invalid=0; risky=0; unknown=0
6653,>30M,ptpioneer.com,yes,,,https://form.typeform.com/to/jxK6iKF6,0,,tyler@ptpioneer.com,showing_email_candidates,not_flagged,contact_pages,,,,,,valid=0; invalid=0; risky=0; unknown=0
6654,>30M,katiaguimaraes.com,yes,,,https://k46w7zqm1ue.typeform.com/to/RKL2cG4M,0,,,no_public_email_found,not_flagged,contact_pages,,,,,,valid=0; invalid=0; risky=0; unknown=0
6655,>30M,themckibbengroup.com,yes,,,https://zlc4oytys6r.typeform.com/ ; https://zlc4oytys6r.typeform.com/to/sqjzcS2x,0,,,no_public_email_found,not_flagged,contact_pages,,,,,,valid=0; invalid=0; risky=0; unknown=0
6656,>30M,digiworldinstitute.com,no,,,,0,,contact@digiworldinstitute.com ; cropped-logo@3x-180x180.png ; cropped-logo@3x-192x192.png ; cropped-logo@3x-270x270.png ; cropped-logo@3x-32x32.png ; ic-arrow-small-white@3x.png ; ic-arrow-small@3x.png ; iccheck_verified@3x.png ; logo-white@3x.png ; logo@3x.png,showing_email_candidates,not_flagged,contact_pages,contact@digiworldinstitute.com,contact@digiworldinstitute.com,,,,valid=1; invalid=0; risky=0; unknown=0
6657,>30M,bestcremationservice.com,no,,,,0,,info@bestcremationservice.com,showing_email_candidates,not_flagged,contact_pages,info@bestcremationservice.com,,,,info@bestcremationservice.com,valid=0; invalid=0; risky=0; unknown=1
6658,>30M,totalfamilynutrition.com,yes,,,https://sarah492411.typeform.com/to/BmB9CI,0,,sarah@totalfamilynutrition.com,showing_email_candidates,not_flagged,contact_pages,,,,,,valid=0; invalid=0; risky=0; unknown=0
6659,>30M,naitre.com,no,,,,0,,care@naitre.com,showing_email_candidates,not_flagged,contact_pages,,,,,,valid=0; invalid=0; risky=0; unknown=0
6660,>30M,suiteindigo.com,yes,,,,0,,hello@reallygreatsite.com ; suiteindigo@gmail.com,showing_email_candidates,not_flagged,contact_pages,,,,,,valid=0; invalid=0; risky=0; unknown=0
6661,>30M,lsatblog.blogspot.com,no,,,,0,,help@lsatunplugged.com,showing_email_candidates,not_flagged,contact_pages,,,,,,valid=0; invalid=0; risky=0; unknown=0
6662,>30M,redaouzineb.com,yes,,,https://smpltn.typeform.com/to/ItmLiCYj,0,,contact@redaouzineb.com,showing_email_candidates,not_flagged,contact_pages,contact@redaouzineb.com,contact@redaouzineb.com,,,,valid=1; invalid=0; risky=0; unknown=0
6663,>30M,askkamal.com,yes,,,https://askkamal.typeform.com/to/TUKGeipO ; https://images.typeform.com/,0,,,no_public_email_found,not_flagged,contact_pages,,,,,,valid=0; invalid=0; risky=0; unknown=0
6664,>30M,stevencollinstraining.com,yes,,,,0,,,no_public_email_found,not_flagged,contact_pages,,,,,,valid=0; invalid=0; risky=0; unknown=0
6665,>30M,bestsmallbusinessbankaccount.com,yes,,,,0,,,no_public_email_found,not_flagged,contact_pages,,,,,,valid=0; invalid=0; risky=0; unknown=0
6666,>30M,alt-solar.com,yes,,,https://embed.typeform.com/ ; https://form.typeform.com/to/cKERLSwe ; https://images.typeform.com/,0,,info@alt-solar.com ; popper.js@1.16.1,showing_email_candidates,not_flagged,contact_pages,info@alt-solar.com,,,,info@alt-solar.com,valid=0; invalid=0; risky=0; unknown=1
6667,>30M,dillontaxconsulting.com,no,,,,0,,mike@dillontaxconsulting.com,showing_email_candidates,not_flagged,contact_pages,,,,,,valid=0; invalid=0; risky=0; unknown=0
6668,>30M,cratersafarilodge.com,yes,,,https://crystallodgesuganda.typeform.com/to/hz9sjO1A ; https://crystallodgesuganda.typeform.com/to/lIYGT9Ta,0,,crystallodgesuganda@gmail.com ; reservations@crystallodgesuganda.com,showing_email_candidates,not_flagged,contact_pages,,,,,,valid=0; invalid=0; risky=0; unknown=0
6669,>30M,ddcasting.com,yes,,,,0,,admin@ddcasting.com ; castingspringfeature@gmail.com ; u003einfo@company.com,showing_email_candidates,not_flagged,contact_pages,admin@ddcasting.com,admin@ddcasting.com,,,,valid=1; invalid=0; risky=0; unknown=0
6670,>30M,franklinjunction.com,yes,,,https://form.typeform.com/to/qM5Maxnn ; https://nlrhtpg8t8b.typeform.com/to/qM5Maxnn,0,,info@franklinjunction.com,showing_email_candidates,not_flagged,contact_pages,info@franklinjunction.com,,,,info@franklinjunction.com,valid=0; invalid=0; risky=0; unknown=1
6671,>30M,vdldelmas.com,no,,,,0,,info@vdldelmas.de ; name@company.com ; u003einfo@vdldelmas.de,showing_email_candidates,not_flagged,contact_pages,,,,,,valid=0; invalid=0; risky=0; unknown=0
6672,>30M,redprolatam.com,yes,,,https://sayaacademy.typeform.com/to/IE6yMDWg,0,,contacto@redprolatam.com ; info@redprolatam.com ; juan.perez@correo.com,showing_email_candidates,not_flagged,contact_pages,info@redprolatam.com,,,,info@redprolatam.com,valid=0; invalid=0; risky=0; unknown=1
6673,>30M,bluenovabuilders.com,no,,,,0,,,no_public_email_found,not_flagged,contact_pages,,,,,,valid=0; invalid=0; risky=0; unknown=0
6674,>30M,louermonappartement.com,yes,,,,0,,contact@appartoo.com ; contact@appartoo.fr ; startbnb@gmail.com,showing_email_candidates,not_flagged,contact_pages,,,,,,valid=0; invalid=0; risky=0; unknown=0
6675,>30M,datingexplained.com,yes,,,https://r8ber8gtmkm.typeform.com/to/UuwIh0iY,0,,,no_public_email_found,not_flagged,contact_pages,,,,,,valid=0; invalid=0; risky=0; unknown=0
6676,>30M,fairwaygroup.com,no,,,,0,,dubai@fairwaygroup.com ; jersey@fairwaygroup.com ; kuwait@fairwaygroup.com ; madeira@fairwaygroup.com ; pensions@fairwaygroup.com,showing_email_candidates,not_flagged,contact_pages,,,,,,valid=0; invalid=0; risky=0; unknown=0
6677,>30M,sogem.eu,no,,,,0,,,no_public_email_found,not_flagged,contact_pages,,,,,,valid=0; invalid=0; risky=0; unknown=0
6678,>30M,ghostvm.com,no,,,,0,,,no_public_email_found,not_flagged,contact_pages,,,,,,valid=0; invalid=0; risky=0; unknown=0
6679,>30M,kai-ko.jp,no,,,,0,,,no_public_email_found,not_flagged,contact_pages,,,,,,valid=0; invalid=0; risky=0; unknown=0
6680,>30M,directmortgage.us,no,,,,0,,,no_public_email_found,not_flagged,contact_pages,,,,,,valid=0; invalid=0; risky=0; unknown=0
6681,>30M,oxycell.com,no,,,,0,,,no_public_email_found,not_flagged,contact_pages,,,,,,valid=0; invalid=0; risky=0; unknown=0
6682,>30M,hirejayhawks.com,no,,,,0,,christina@gouconnect.com,showing_email_candidates,not_flagged,contact_pages,,,,,,valid=0; invalid=0; risky=0; unknown=0
6683,>30M,happyliving.com.au,yes,,,,0,,,no_public_email_found,not_flagged,contact_pages,,,,,,valid=0; invalid=0; risky=0; unknown=0
6684,>30M,sabrinaefelipe.com.br,no,,,,0,,,no_public_email_found,not_flagged,contact_pages,,,,,,valid=0; invalid=0; risky=0; unknown=0
6685,>30M,mendrix.eu,no,,,https://epywkylb528.typeform.com/ ; https://epywkylb528.typeform.com/to/LBufDrqz ; https://form.typeform.com/to/NSm1g0Te,0,,bootstrap-icons@1.11.3 ; info@mendrix.nl,showing_email_candidates,not_flagged,contact_pages,,,,,,valid=0; invalid=0; risky=0; unknown=0
6686,>30M,taghon.eu,yes,,,https://form.typeform.com/to/KdPBCn4w,0,,,no_public_email_found,not_flagged,contact_pages,,,,,,valid=0; invalid=0; risky=0; unknown=0
6687,>30M,zaks.co,no,,,,0,,the@zaks.co,showing_email_candidates,not_flagged,contact_pages,,,,,,valid=0; invalid=0; risky=0; unknown=0
6688,>30M,tennesseesocialsecurity.com,no,,,,0,,,no_public_email_found,not_flagged,contact_pages,,,,,,valid=0; invalid=0; risky=0; unknown=0
6689,>30M,ne-lights.com,no,,,,0,,,no_public_email_found,not_flagged,contact_pages,,,,,,valid=0; invalid=0; risky=0; unknown=0
6690,>30M,banan.co,yes,,,https://info384476.typeform.com/to/suG3jzQm,0,,asset_135_x116@2x.png ; blacklogo_120x@2x.png ; blacklogo_140x@2x.png,showing_email_candidates,not_flagged,contact_pages,,,,,,valid=0; invalid=0; risky=0; unknown=0
6691,>30M,chrisdaigle.com,yes,,,https://chrisdaigle.typeform.com/to/jkunFglE,0,,,no_public_email_found,not_flagged,contact_pages,,,,,,valid=0; invalid=0; risky=0; unknown=0
6692,>30M,attributionlab.com,yes,,,,0,,,no_public_email_found,not_flagged,contact_pages,,,,,,valid=0; invalid=0; risky=0; unknown=0
6693,>30M,jualbronjongmurah.com,no,,,,0,,,no_public_email_found,not_flagged,contact_pages,,,,,,valid=0; invalid=0; risky=0; unknown=0
6694,>30M,technovergence.com,yes,,,https://embed.typeform.com/ ; https://redaabdi.typeform.com/to/SMz9Wu,0,,,no_public_email_found,not_flagged,contact_pages,,,,,,valid=0; invalid=0; risky=0; unknown=0
6695,>30M,residencialsenior.com,yes,,,https://751yj4kprez.typeform.com/to/raXLY7gV,0,,rclidosos@yahoo.com,showing_email_candidates,not_flagged,contact_pages,,,,,,valid=0; invalid=0; risky=0; unknown=0
6696,>30M,talkmedia.co,no,,,,0,,info@talkmedia.co,showing_email_candidates,not_flagged,contact_pages,info@talkmedia.co,,,,info@talkmedia.co,valid=0; invalid=0; risky=0; unknown=1
6697,>30M,brunsonco.com,yes,,,https://centralcom.typeform.com/to/lvMr1B,0,,mabrunson@brunsonco.com ; material@8.1.4,showing_email_candidates,not_flagged,contact_pages,,,,,,valid=0; invalid=0; risky=0; unknown=0
6698,>30M,trustedmatchmakers.com,no,,,,0,,hello@trustedmatchmakers.com ; partners@trustedmatchmakers.com ; support@trustedmatchmakers.com,showing_email_candidates,not_flagged,contact_pages,hello@trustedmatchmakers.com ; support@trustedmatchmakers.com,hello@trustedmatchmakers.com,,,support@trustedmatchmakers.com,valid=1; invalid=0; risky=0; unknown=1
6699,>30M,searchjacksonholerealestate.com,no,,,,0,,,no_public_email_found,not_flagged,contact_pages,,,,,,valid=0; invalid=0; risky=0; unknown=0
6700,>30M,gallenfinancial.com,yes,,,https://gafin.typeform.com/to/rn2HF6,0,,invest@gallenfinancial.com,showing_email_candidates,not_flagged,contact_pages,,,,,,valid=0; invalid=0; risky=0; unknown=0
6701,>30M,clicktilt.com,no,,,,0,,,no_public_email_found,not_flagged,contact_pages,,,,,,valid=0; invalid=0; risky=0; unknown=0
6702,>30M,datechecked.com,no,,,,0,,,no_public_email_found,not_flagged,contact_pages,,,,,,valid=0; invalid=0; risky=0; unknown=0
6703,>30M,nordicsongs.com,no,,,https://embed.typeform.com/ ; https://nordicsongs.typeform.com/to/gElCWJ,0,,,no_public_email_found,not_flagged,contact_pages,,,,,,valid=0; invalid=0; risky=0; unknown=0
6704,>30M,bearleaders.com,yes,,,https://form.typeform.com/to/a1OfAzhO ; https://form.typeform.com/to/A4m1a0Xs ; https://form.typeform.com/to/B1ZrLlbw ; https://form.typeform.com/to/bYj9K1hb ; https://form.typeform.com/to/cRPEjgoG ; https://form.typeform.com/to/EEbO7rsa ; https://form.typeform.com/to/F6ZOqzT0 ; https://form.typeform.com/to/fqNnpPvY ; https://form.typeform.com/to/hjzl5XDy ; https://form.typeform.com/to/hwnaUX58 ; https://form.typeform.com/to/KnNOA07o ; https://form.typeform.com/to/Lx8ruvHg ; https://form.typeform.com/to/MALnxYDq ; https://form.typeform.com/to/NZAX04o6 ; https://form.typeform.com/to/OleVoGMs ; https://form.typeform.com/to/PGl1OXG4 ; https://form.typeform.com/to/pW8FE8Ub ; https://form.typeform.com/to/tb4Wppyu ; https://form.typeform.com/to/udP6fYSI ; https://form.typeform.com/to/uV1196bn ; https://form.typeform.com/to/vhEpQsYl ; https://form.typeform.com/to/x490gTu3,0,,info@bearleaders.com ; sales@bearleaders.com,showing_email_candidates,not_flagged,contact_pages,info@bearleaders.com ; sales@bearleaders.com,,,,info@bearleaders.com ; sales@bearleaders.com,valid=0; invalid=0; risky=0; unknown=2
6705,>30M,brunogenovese.com,yes,,,,0,,bruno@brunogenovese.com,showing_email_candidates,not_flagged,contact_pages,,,,,,valid=0; invalid=0; risky=0; unknown=0
6706,>30M,evelinehahn.at,no,,,,0,,contact@wpmudev.com ; eveline@evelinehahn.at ; eveline@evelinehahn.attelefon ; hello@bunny.net ; u200dsupport@hcaptcha.com,showing_email_candidates,not_flagged,contact_pages,,,,,,valid=0; invalid=0; risky=0; unknown=0
6707,>30M,wdcreativ.com,no,,,,0,,hello@wdcreativ.com ; splide-extension-auto-scroll@0.5.3 ; splide@4.1.4,showing_email_candidates,not_flagged,contact_pages,hello@wdcreativ.com,,hello@wdcreativ.com,,,valid=0; invalid=1; risky=0; unknown=0
6708,>30M,howardkress.com,yes,,,https://neilbaintonhoward.typeform.com/to/wgU7uu,0,,,no_public_email_found,not_flagged,contact_pages,,,,,,valid=0; invalid=0; risky=0; unknown=0
6709,>30M,theethicsengine.com,yes,,,https://theethicsengine.typeform.com/to/BMyykKQB ; https://theethicsengine.typeform.com/to/f0LvGpGb,0,,contact@theethicsengine.com,showing_email_candidates,not_flagged,contact_pages,contact@theethicsengine.com,contact@theethicsengine.com,,,,valid=1; invalid=0; risky=0; unknown=0
6710,>30M,veteranaccelerator.org,no,,,https://form.typeform.com/to/oI1H52Ot,0,,flags@2x.png,showing_email_candidates,not_flagged,contact_pages,,,,,,valid=0; invalid=0; risky=0; unknown=0
6711,>30M,office-sakata.com,no,,,,0,,,no_public_email_found,not_flagged,contact_pages,,,,,,valid=0; invalid=0; risky=0; unknown=0
6712,>30M,pegasuspro-usa.com,no,,,,0,,,no_public_email_found,not_flagged,contact_pages,,,,,,valid=0; invalid=0; risky=0; unknown=0
6713,>30M,rsvp-popup.com,yes,,,,0,,,no_public_email_found,not_flagged,contact_pages,,,,,,valid=0; invalid=0; risky=0; unknown=0
6714,>30M,videoask.com,yes,,,https://admin.typeform.com/to/dwk6gt ; https://admin.typeform.com/to/eWpkapYC ; https://billingteam.typeform.com/to/lkiZo1fx ; https://community.typeform.com/ ; https://font.typeform.com/ ; https://help.typeform.com/ ; https://legalteam.typeform.com/to/EDgaTrpa ; https://successteam.typeform.com/to/fgfPfjM2 ; https://successteam.typeform.com/to/fmBA7igL ; https://successteam.typeform.com/to/iPzSL1a2 ; https://videoaskhelp.typeform.com/to/bjogGa2a ; https://www.typeform.com/,0,,applicantemail@example.com ; notifications@videoask.com ; support@videoask.com ; u003eapplicantemail@example.com ; u003enotifications@videoask.com ; u003eralph@acmesales.com ; u003erenata@acmesales.com ; u003erenata@renata.com ; u003esupport@videoask.com,showing_email_candidates,not_flagged,contact_pages,support@videoask.com,,,,support@videoask.com,valid=0; invalid=0; risky=0; unknown=1
6715,>30M,emaildojo.com,yes,,,,0,,,no_public_email_found,not_flagged,contact_pages,,,,,,valid=0; invalid=0; risky=0; unknown=0
6716,>30M,fsaesthetics.com,yes,,,https://fscrvtm1t3e.typeform.com/to/DI828sRm,0,,hydrinity_logo_website_149x149@2x.png ; hydrinity_logo_website_149x149@2x.png.webp,showing_email_candidates,not_flagged,contact_pages,,,,,,valid=0; invalid=0; risky=0; unknown=0
6717,>30M,lingotest.com,yes,,,https://embed.typeform.com/ ; https://lingoco.typeform.com/to/qsFyNC ; https://www.typeform.com/,0,,,no_public_email_found,not_flagged,contact_pages,,,,,,valid=0; invalid=0; risky=0; unknown=0
6718,>30M,fonderie.eu,no,,,https://www.typeform.com/,0,,,no_public_email_found,not_flagged,contact_pages,,,,,,valid=0; invalid=0; risky=0; unknown=0
6719,>30M,assentgroup.com.au,yes,,,https://form.typeform.com/to/IXPDaa01,0,,admin@assentgroup.com.au,showing_email_candidates,not_flagged,contact_pages,admin@assentgroup.com.au,admin@assentgroup.com.au,,,,valid=1; invalid=0; risky=0; unknown=0
6720,>30M,viajesdelunademiel.es,yes,,,https://w2obycvibdf.typeform.com/to/BsERyCN1,0,,clientes@fenixviajes.es,showing_email_candidates,not_flagged,contact_pages,,,,,,valid=0; invalid=0; risky=0; unknown=0
6721,>30M,healthfitnesslongevity.com,yes,,,,0,,,no_public_email_found,not_flagged,contact_pages,,,,,,valid=0; invalid=0; risky=0; unknown=0
6722,>30M,physicalculture.co,yes,,,,0,,brian@physicalculture.co ; slick-carousel@1.8.1,showing_email_candidates,not_flagged,contact_pages,,,,,,valid=0; invalid=0; risky=0; unknown=0
6723,>30M,michaelpoorman.com,yes,,,https://form.typeform.com/to/KQ8mzCRE ; https://form.typeform.com/to/oNdmx29y ; https://form.typeform.com/to/vLJXVBON,0,,michael@michaelpoorman.com,showing_email_candidates,not_flagged,contact_pages,,,,,,valid=0; invalid=0; risky=0; unknown=0
6724,>30M,jonesfornevada.com,no,,,,0,,,no_public_email_found,not_flagged,contact_pages,,,,,,valid=0; invalid=0; risky=0; unknown=0
6725,>30M,pentasa.nl,no,,,,0,,infonl@ferring.com,showing_email_candidates,not_flagged,contact_pages,,,,,,valid=0; invalid=0; risky=0; unknown=0
6726,>30M,infinitybond.com,no,,,,0,,infinity-bond-logo--white_300x@2x.svg,showing_email_candidates,not_flagged,contact_pages,,,,,,valid=0; invalid=0; risky=0; unknown=0
6727,>30M,3cfoundation.com,yes,,,https://ohelzfuz88p.typeform.com/to/zGSrrFIq,0,,chris@coachcravens.com,showing_email_candidates,not_flagged,contact_pages,,,,,,valid=0; invalid=0; risky=0; unknown=0
6728,>30M,thebuyersagents.com,yes,,,https://71xstl3iuhx.typeform.com/to/ahg2U02n,0,,info@thebuyersagents.com,showing_email_candidates,not_flagged,contact_pages,info@thebuyersagents.com,,,,info@thebuyersagents.com,valid=0; invalid=0; risky=0; unknown=1
6729,>30M,mvpgo.com,yes,,,https://form.typeform.com/to/ptarNgtk,0,,info@mvpgo.com,showing_email_candidates,not_flagged,contact_pages,info@mvpgo.com,,,,info@mvpgo.com,valid=0; invalid=0; risky=0; unknown=1
6730,>30M,occulta.org,no,,,,0,,,no_public_email_found,not_flagged,contact_pages,,,,,,valid=0; invalid=0; risky=0; unknown=0
6731,>30M,cassandragordon.com,yes,,,https://form.typeform.com/to/fCNaqkZd,0,,cassandra@cassandragordon.com,showing_email_candidates,not_flagged,contact_pages,,,,,,valid=0; invalid=0; risky=0; unknown=0
6732,>30M,mindy.de,no,,,,0,,contact@ourdomain.com ; info@mindy.de,showing_email_candidates,not_flagged,contact_pages,info@mindy.de,,,,info@mindy.de,valid=0; invalid=0; risky=0; unknown=1
6733,>30M,nakano-tk.com,no,,,,0,,,no_public_email_found,not_flagged,contact_pages,,,,,,valid=0; invalid=0; risky=0; unknown=0
6734,>30M,scriptier.com,no,,,,0,,team@scriptier.app,showing_email_candidates,not_flagged,contact_pages,,,,,,valid=0; invalid=0; risky=0; unknown=0
6735,>30M,levnepleny.com,no,,,,0,,elgnerova@levnepleny.cz ; info@levnepleny.cz ; latal@levnepleny.cz ; vysoudil@levnepleny.cz,showing_email_candidates,not_flagged,contact_pages,,,,,,valid=0; invalid=0; risky=0; unknown=0
6736,>30M,pestcontrolmarketing.com,yes,,,,0,,,no_public_email_found,not_flagged,contact_pages,,,,,,valid=0; invalid=0; risky=0; unknown=0
6737,>30M,lantmannenunibake.com,no,,,,0,,press@lantmannen.com ; splide@4.1.4 ; tine.greve@lantmannen.com,showing_email_candidates,not_flagged,contact_pages,,,,,,valid=0; invalid=0; risky=0; unknown=0
6738,>30M,alalabs.com,yes,,,https://quiz.typeform.com/to/PB7mqDUP,0,,,no_public_email_found,not_flagged,contact_pages,,,,,,valid=0; invalid=0; risky=0; unknown=0
6739,>30M,ironrootsinc.com,no,,,,0,,hello@ironrootsinc.com,showing_email_candidates,not_flagged,contact_pages,hello@ironrootsinc.com,hello@ironrootsinc.com,,,,valid=1; invalid=0; risky=0; unknown=0
6740,>30M,thetranscendentalman.com,yes,,,,0,,,no_public_email_found,not_flagged,contact_pages,,,,,,valid=0; invalid=0; risky=0; unknown=0
6741,>30M,taktics.net,no,,,,0,,info@taktics.net,showing_email_candidates,not_flagged,contact_pages,info@taktics.net,,,,info@taktics.net,valid=0; invalid=0; risky=0; unknown=1
6742,>30M,sharpecreative.com,yes,,,https://form.typeform.com/to/IE79SxV7 ; https://form.typeform.com/to/QzLqq1yy ; https://form.typeform.com/to/ZaW37jvW,0,,andy@sharpecreative.com,showing_email_candidates,not_flagged,contact_pages,,,,,,valid=0; invalid=0; risky=0; unknown=0
6743,>30M,familia-machidamorino.com,no,,,,0,,,no_public_email_found,not_flagged,contact_pages,,,,,,valid=0; invalid=0; risky=0; unknown=0
6744,>30M,briteform.com,no,,,,0,,,no_public_email_found,not_flagged,contact_pages,,,,,,valid=0; invalid=0; risky=0; unknown=0
6745,>30M,suephillips.com,yes,,,,0,,info@suephillips.com,showing_email_candidates,not_flagged,contact_pages,info@suephillips.com,,,,info@suephillips.com,valid=0; invalid=0; risky=0; unknown=1
6746,>30M,ifdi.fr,yes,,,,0,,,no_public_email_found,not_flagged,contact_pages,,,,,,valid=0; invalid=0; risky=0; unknown=0
6747,>30M,payrollasyougo.com,yes,,,https://payrollasyougo.typeform.com/to/Mp8l7u,0,,info@payrollasyougo.com,showing_email_candidates,not_flagged,contact_pages,info@payrollasyougo.com,,,,info@payrollasyougo.com,valid=0; invalid=0; risky=0; unknown=1
6748,>30M,northwestprocurementsolutions.com,yes,,,,0,,,no_public_email_found,not_flagged,contact_pages,,,,,,valid=0; invalid=0; risky=0; unknown=0
6749,>30M,ruilwoning.nl,no,,,,0,,support@ruilwoning.nl,showing_email_candidates,not_flagged,contact_pages,support@ruilwoning.nl,,,,support@ruilwoning.nl,valid=0; invalid=0; risky=0; unknown=1
6750,>30M,visionline.co,no,,,https://images.typeform.com/,0,,sales@visionline.co,showing_email_candidates,not_flagged,contact_pages,sales@visionline.co,,,,sales@visionline.co,valid=0; invalid=0; risky=0; unknown=1
6751,>30M,ratedrealtor.com,no,,,,0,,,no_public_email_found,not_flagged,contact_pages,,,,,,valid=0; invalid=0; risky=0; unknown=0
6752,>30M,getsome.ca,yes,,,https://getsome.typeform.com/to/NlQvTuuX,0,,,no_public_email_found,not_flagged,contact_pages,,,,,,valid=0; invalid=0; risky=0; unknown=0
6753,>30M,sarahcann.com,no,,,,0,,,no_public_email_found,not_flagged,contact_pages,,,,,,valid=0; invalid=0; risky=0; unknown=0
6754,>30M,paintinwatercolor.com,no,,,,0,,,no_public_email_found,not_flagged,contact_pages,,,,,,valid=0; invalid=0; risky=0; unknown=0
6755,>30M,jbu.jp,no,,,,0,,,no_public_email_found,not_flagged,contact_pages,,,,,,valid=0; invalid=0; risky=0; unknown=0
6756,>30M,cowleyfinancialgroup.com,yes,,,https://o0p59w634ws.typeform.com/to/qID038i8 ; https://o0p59w634ws.typeform.com/to/WxhMrUif,0,,info@cowleyfinancialgroup.com,showing_email_candidates,not_flagged,contact_pages,info@cowleyfinancialgroup.com,,,,info@cowleyfinancialgroup.com,valid=0; invalid=0; risky=0; unknown=1
6757,>30M,hispresencetour.com,yes,,,,0,,,no_public_email_found,not_flagged,contact_pages,,,,,,valid=0; invalid=0; risky=0; unknown=0
6758,>30M,earthintuitive.com,yes,,,,0,,brittany@earthintuitive.com,showing_email_candidates,not_flagged,contact_pages,,,,,,valid=0; invalid=0; risky=0; unknown=0
6759,>30M,paolaebruno.com.br,no,,,,0,,,no_public_email_found,not_flagged,contact_pages,,,,,,valid=0; invalid=0; risky=0; unknown=0
6760,>30M,mon-expert-en-gestion.com,no,,,,0,,,no_public_email_found,not_flagged,contact_pages,,,,,,valid=0; invalid=0; risky=0; unknown=0
6761,>30M,proud-to-serve.com,yes,,,https://form.typeform.com/to/Lkfawj58,0,,info@proud-to-serve.com ; ninfo@proud-to-serve.com,showing_email_candidates,not_flagged,contact_pages,info@proud-to-serve.com,,,,info@proud-to-serve.com,valid=0; invalid=0; risky=0; unknown=1
6762,>30M,doublegood.com,no,,,https://doublegood.typeform.com/to/iVxfhsOs,0,,press@doublegood.com,showing_email_candidates,not_flagged,contact_pages,press@doublegood.com,,,,press@doublegood.com,valid=0; invalid=0; risky=0; unknown=1
6763,>30M,rushingtothekitchen.com,no,,,,0,,,no_public_email_found,not_flagged,contact_pages,,,,,,valid=0; invalid=0; risky=0; unknown=0
6764,>30M,precitaste.com,no,,,,0,,info@precitaste.com,showing_email_candidates,not_flagged,contact_pages,info@precitaste.com,,,,info@precitaste.com,valid=0; invalid=0; risky=0; unknown=1
6765,>30M,totemnetworks.com,no,,,,0,,,no_public_email_found,not_flagged,contact_pages,,,,,,valid=0; invalid=0; risky=0; unknown=0
6766,>30M,fitsetgo.net,yes,,,,0,,,no_public_email_found,not_flagged,contact_pages,,,,,,valid=0; invalid=0; risky=0; unknown=0
6767,>30M,mishimakensetsu.com,no,,,,0,,,no_public_email_found,not_flagged,contact_pages,,,,,,valid=0; invalid=0; risky=0; unknown=0
6768,>30M,testeng.ru,yes,,,,0,,,no_public_email_found,not_flagged,contact_pages,,,,,,valid=0; invalid=0; risky=0; unknown=0
6769,>30M,ontheball.ca,yes,,,https://tyo784mnzym.typeform.com/to/UfipEv6Z ; https://tyo784mnzym.typeform.com/to/WD7y8tqO,0,,kanata@ontheball.ca ; orleans@ontheball.ca,showing_email_candidates,not_flagged,contact_pages,,,,,,valid=0; invalid=0; risky=0; unknown=0
6770,>30M,drnatedmond.com,yes,,,https://form.typeform.com/to/dDzzzllk,0,,,no_public_email_found,not_flagged,contact_pages,,,,,,valid=0; invalid=0; risky=0; unknown=0
6771,>30M,arturoquintos.com,no,,,https://embed.typeform.com/,0,,arturo.quintos@gmail.com,showing_email_candidates,not_flagged,contact_pages,,,,,,valid=0; invalid=0; risky=0; unknown=0
6772,>30M,tres60.es,yes,,,https://form.typeform.com/to/MtXiDwoy,0,,contacto@tres60.es,showing_email_candidates,not_flagged,contact_pages,,,,,,valid=0; invalid=0; risky=0; unknown=0
6773,>30M,vartryenglish.com,no,,,,0,,info@vartryenglish.com ; mitch@vartryenglish.com,showing_email_candidates,not_flagged,contact_pages,info@vartryenglish.com,,,,info@vartryenglish.com,valid=0; invalid=0; risky=0; unknown=1
6774,>30M,fifthmoonstudios.com,no,,,,0,,,no_public_email_found,not_flagged,contact_pages,,,,,,valid=0; invalid=0; risky=0; unknown=0
6775,>30M,cmsmortgage.com,no,,,,0,,ccarter@cmsmtgsolutions.com ; info@cmsmortgage.com,showing_email_candidates,not_flagged,contact_pages,info@cmsmortgage.com,,,,info@cmsmortgage.com,valid=0; invalid=0; risky=0; unknown=1
6776,>30M,scotlandtailormade.com,no,,,,0,,emailhello@tyler.com ; hello@tyler.com,showing_email_candidates,not_flagged,contact_pages,,,,,,valid=0; invalid=0; risky=0; unknown=0
6777,>30M,appartparis.net,no,,,,0,,,no_public_email_found,not_flagged,contact_pages,,,,,,valid=0; invalid=0; risky=0; unknown=0
6778,>30M,autodealermarketing.com,yes,,,,0,,,no_public_email_found,not_flagged,contact_pages,,,,,,valid=0; invalid=0; risky=0; unknown=0
6779,>30M,thumfarth.at,no,,,,0,,741644karl.thumfarth@thumfarth.at ; info@thumfarth.at ; karl.thumfarth@thumfarth.at,showing_email_candidates,not_flagged,contact_pages,info@thumfarth.at,,,,info@thumfarth.at,valid=0; invalid=0; risky=0; unknown=1
6780,>30M,webgrow.se,no,,,,0,,,no_public_email_found,not_flagged,contact_pages,,,,,,valid=0; invalid=0; risky=0; unknown=0
6781,>30M,ilcca.com,no,,,,0,,,no_public_email_found,not_flagged,contact_pages,,,,,,valid=0; invalid=0; risky=0; unknown=0
6782,>30M,marcnijkamp.com,yes,,,https://wgjwka0n0xo.typeform.com/to/uCGg3LOp,0,,marc.nijkamp92@gmail.com ; nijkamp.audio@gmail.com,showing_email_candidates,not_flagged,contact_pages,,,,,,valid=0; invalid=0; risky=0; unknown=0
6783,>30M,thinki.de,no,,,,0,,,no_public_email_found,not_flagged,contact_pages,,,,,,valid=0; invalid=0; risky=0; unknown=0
6784,>30M,joegradone.com,no,,,,0,,,no_public_email_found,not_flagged,contact_pages,,,,,,valid=0; invalid=0; risky=0; unknown=0
6785,>30M,kern-it.be,yes,,,https://embed.typeform.com/ ; https://form.typeform.com/to/m8qs8AAz,0,,contact@kern-it.be ; info@kern-it.be ; jobs@kern-it.be,showing_email_candidates,not_flagged,contact_pages,contact@kern-it.be ; info@kern-it.be ; jobs@kern-it.be,contact@kern-it.be,,,info@kern-it.be ; jobs@kern-it.be,valid=1; invalid=0; risky=0; unknown=2
6786,>30M,daylighthour.org,yes,,,https://be-ex.typeform.com/to/HGw0XRpd,0,,backgroundsplsh-v3@4x.png ; splashpagewid1@4x-1080x1536.png ; splashpagewid1@4x-1440x2048.png ; splashpagewid1@4x-211x300.png ; splashpagewid1@4x-49x70.png ; splashpagewid1@4x-720x1024.png ; splashpagewid1@4x-768x1092.png ; splashpagewid1@4x.png ; splashpagewid2@4x-1080x1536.png ; splashpagewid2@4x-1440x2048.png ; splashpagewid2@4x-211x300.png ; splashpagewid2@4x-49x70.png ; splashpagewid2@4x-720x1024.png ; splashpagewid2@4x-768x1092.png ; splashpagewid2@4x.png ; splashpagewid3@4x-1080x1536.png ; splashpagewid3@4x-1440x2048.png ; splashpagewid3@4x-211x300.png ; splashpagewid3@4x-49x70.png ; splashpagewid3@4x-720x1024.png ; splashpagewid3@4x-768x1092.png ; splashpagewid3@4x.png ; splashpagewid4@4x-1080x1536.png ; splashpagewid4@4x-1440x2048.png ; splashpagewid4@4x-211x300.png ; splashpagewid4@4x-49x70.png ; splashpagewid4@4x-720x1024.png ; splashpagewid4@4x-768x1092.png ; splashpagewid4@4x.png,showing_email_candidates,not_flagged,contact_pages,,,,,,valid=0; invalid=0; risky=0; unknown=0
6787,>30M,ichikawa-1515.com,no,,,,0,,,no_public_email_found,not_flagged,contact_pages,,,,,,valid=0; invalid=0; risky=0; unknown=0
6788,>30M,scarquest.com,no,,,,0,,,no_public_email_found,not_flagged,contact_pages,,,,,,valid=0; invalid=0; risky=0; unknown=0
6789,>30M,digital-existence.com,yes,,,https://jdnwo4zqqhb.typeform.com/to/JJgCLFJm,0,,,no_public_email_found,not_flagged,contact_pages,,,,,,valid=0; invalid=0; risky=0; unknown=0
6790,>30M,gruender-zuschuss.de,no,,,,0,,info@starthilfe-beratung.de,showing_email_candidates,not_flagged,contact_pages,,,,,,valid=0; invalid=0; risky=0; unknown=0
6791,>30M,betterbusiness.be,no,,,https://betterbusinessbelgium.typeform.com/,0,,info@betterbusiness.be,showing_email_candidates,not_flagged,contact_pages,info@betterbusiness.be,,,,info@betterbusiness.be,valid=0; invalid=0; risky=0; unknown=1
6792,>30M,bestpoliticalconsultants.com,no,,,https://embed.typeform.com/,0,,,no_public_email_found,not_flagged,contact_pages,,,,,,valid=0; invalid=0; risky=0; unknown=0
6793,>30M,cpeditorial.com,yes,,,https://form.typeform.com/to/k9qzXkHs,0,,,no_public_email_found,not_flagged,contact_pages,,,,,,valid=0; invalid=0; risky=0; unknown=0
6794,>30M,villaway.net,yes,,,,0,,,no_public_email_found,not_flagged,contact_pages,,,,,,valid=0; invalid=0; risky=0; unknown=0
6795,>30M,fernandamoreira.com,yes,,,,0,,,no_public_email_found,not_flagged,contact_pages,,,,,,valid=0; invalid=0; risky=0; unknown=0
6796,>30M,capitolmomentum.com,no,,,https://images.typeform.com/,0,,info@capitolmomentum.com,showing_email_candidates,not_flagged,contact_pages,info@capitolmomentum.com,,,,info@capitolmomentum.com,valid=0; invalid=0; risky=0; unknown=1
6797,>30M,prmachineworks.com,no,,,,0,,,no_public_email_found,not_flagged,contact_pages,,,,,,valid=0; invalid=0; risky=0; unknown=0
6798,>30M,buyefy.com,no,,,,0,,,no_public_email_found,not_flagged,contact_pages,,,,,,valid=0; invalid=0; risky=0; unknown=0
6799,>30M,collegebroker.com,yes,,,https://form.typeform.com/to/u3WlNVAp,0,,hello@thecollegebroker.com,showing_email_candidates,not_flagged,contact_pages,,,,,,valid=0; invalid=0; risky=0; unknown=0
6800,>30M,liaisoninturkey.com,no,,,,0,,,no_public_email_found,not_flagged,contact_pages,,,,,,valid=0; invalid=0; risky=0; unknown=0
6801,>30M,magalys.fr,yes,,,https://embed.typeform.com/ ; https://form.typeform.com/to/RzP6ZCuZ,0,,,no_public_email_found,not_flagged,contact_pages,,,,,,valid=0; invalid=0; risky=0; unknown=0
6802,>30M,brunaefabio.com.br,no,,,,0,,,no_public_email_found,not_flagged,contact_pages,,,,,,valid=0; invalid=0; risky=0; unknown=0
6803,>30M,jamboxfitness.com,yes,,,,0,,,no_public_email_found,not_flagged,contact_pages,,,,,,valid=0; invalid=0; risky=0; unknown=0
6804,>30M,socialdiag.fr,yes,,,https://e208105hh4i.typeform.com/to/YvqtVCmK,0,,aos@2.3.1 ; themexriver@gmail.com,showing_email_candidates,not_flagged,contact_pages,,,,,,valid=0; invalid=0; risky=0; unknown=0
6805,>30M,june28.org,no,,,,0,,,no_public_email_found,not_flagged,contact_pages,,,,,,valid=0; invalid=0; risky=0; unknown=0
6806,>30M,solacejets.com,no,,,,0,,,no_public_email_found,not_flagged,contact_pages,,,,,,valid=0; invalid=0; risky=0; unknown=0
6807,>30M,bellsandwhistlesdesign.com,yes,,,,0,,,no_public_email_found,not_flagged,contact_pages,,,,,,valid=0; invalid=0; risky=0; unknown=0
6808,>30M,blackwoodmagic.org,yes,,,,0,,,no_public_email_found,not_flagged,contact_pages,,,,,,valid=0; invalid=0; risky=0; unknown=0
6809,>30M,moderncitygroup.com,yes,,,https://form.typeform.com/to/a6RCgJ1E,0,,contact@moderncitigroup.com,showing_email_candidates,not_flagged,contact_pages,,,,,,valid=0; invalid=0; risky=0; unknown=0
6810,>30M,samesiderealty.com,yes,,,https://meetfunded.typeform.com/to/eRwjNpmL,0,,support@samesiderealty.com,showing_email_candidates,not_flagged,contact_pages,support@samesiderealty.com,,,,support@samesiderealty.com,valid=0; invalid=0; risky=0; unknown=1
6811,>30M,uptak.com,no,,,,0,,,no_public_email_found,not_flagged,contact_pages,,,,,,valid=0; invalid=0; risky=0; unknown=0
6812,>30M,motionapp.net,no,,,,0,,filler@godaddy.com,showing_email_candidates,not_flagged,contact_pages,,,,,,valid=0; invalid=0; risky=0; unknown=0
6813,>30M,juliaehenrique.com.br,no,,,,0,,,no_public_email_found,not_flagged,contact_pages,,,,,,valid=0; invalid=0; risky=0; unknown=0
6814,>30M,soulpowercoach.com,yes,,,,0,,,no_public_email_found,not_flagged,contact_pages,,,,,,valid=0; invalid=0; risky=0; unknown=0
6815,>30M,resolveent.com,no,,,,0,,,no_public_email_found,not_flagged,contact_pages,,,,,,valid=0; invalid=0; risky=0; unknown=0
6816,>30M,ibeatdaily.com,no,,,,0,,,no_public_email_found,not_flagged,contact_pages,,,,,,valid=0; invalid=0; risky=0; unknown=0
6817,>30M,ascot.com,no,,,,0,,,no_public_email_found,not_flagged,contact_pages,,,,,,valid=0; invalid=0; risky=0; unknown=0
6818,>30M,brunoecris.com.br,no,,,,0,,,no_public_email_found,not_flagged,contact_pages,,,,,,valid=0; invalid=0; risky=0; unknown=0
6819,>30M,colouralchemist.com,no,,,,0,,colouralchemistcanadainc@colouralchemist.com ; contactus@colouralchemist.com,showing_email_candidates,not_flagged,contact_pages,,,,,,valid=0; invalid=0; risky=0; unknown=0
6820,>30M,bytec.net,no,,,,0,,jane@company.com,showing_email_candidates,not_flagged,contact_pages,,,,,,valid=0; invalid=0; risky=0; unknown=0
6821,>30M,mixedmediums.com.au,no,,,,0,,info@mixedmediums.com.au,showing_email_candidates,not_flagged,contact_pages,info@mixedmediums.com.au,,,,info@mixedmediums.com.au,valid=0; invalid=0; risky=0; unknown=1
6822,>30M,coradarlington.com,yes,,,https://coradarlington.typeform.com/to/rqqRqA,0,,,no_public_email_found,not_flagged,contact_pages,,,,,,valid=0; invalid=0; risky=0; unknown=0
6823,>30M,paulaethiago.com.br,no,,,https://embed.typeform.com/,0,,,no_public_email_found,not_flagged,contact_pages,,,,,,valid=0; invalid=0; risky=0; unknown=0
6824,>30M,mgnfy.com,yes,,,https://form.typeform.com/to/l4j8KAqN,0,,info@mgnfy.com,showing_email_candidates,not_flagged,contact_pages,info@mgnfy.com,,,,info@mgnfy.com,valid=0; invalid=0; risky=0; unknown=1
6825,>30M,racingasset.com,yes,,,https://racingasset.typeform.com/to/jdvVg9HK,0,,,no_public_email_found,not_flagged,contact_pages,,,,,,valid=0; invalid=0; risky=0; unknown=0
6826,>30M,gallerysalonstudios.com,no,,,,0,,info@gallerysalonstudios.com,showing_email_candidates,not_flagged,contact_pages,info@gallerysalonstudios.com,,,,info@gallerysalonstudios.com,valid=0; invalid=0; risky=0; unknown=1
6827,>30M,kkristine.com,yes,,,,0,,,no_public_email_found,not_flagged,contact_pages,,,,,,valid=0; invalid=0; risky=0; unknown=0
6828,>30M,retainingwallsgoldcoast.net.au,yes,,,,0,,,no_public_email_found,not_flagged,contact_pages,,,,,,valid=0; invalid=0; risky=0; unknown=0
6829,>30M,gaaf.be,yes,,,https://cczwwnfrmph.typeform.com/to/wLbSquXZ,0,,hi@gaaf.be,showing_email_candidates,not_flagged,contact_pages,,,,,,valid=0; invalid=0; risky=0; unknown=0
6830,>30M,preacta.com,no,,,,0,,anamaria@2x.png ; ariane@2x.png ; carmine@2x.png ; derek@2x.png ; gemma@2x.png ; glassdoor-rating@2x-1024x80.png ; glassdoor-rating@2x-300x23.png ; glassdoor-rating@2x-768x60.png ; glassdoor-rating@2x.png ; header-image@2x-1024x724.png ; hover-mode-copy@2x.png ; info@preactarecruitment.com ; jacob@2x.png ; justin@2x.png ; kevin@2x.png ; kristine@2x.png ; liam@2x.png ; lisa@2x.png ; luke@2x.png ; mark@2x.png ; photo-collage-cropped@2x-1024x661.jpg ; photo-collage-cropped@2x-1536x992.jpg ; photo-collage-cropped@2x-2048x1323.jpg ; photo-collage-cropped@2x-300x194.jpg ; photo-collage-cropped@2x-768x496.jpg ; photo-collage-cropped@2x-scaled.jpg ; preacta-full-color-logo@2x.svg ; recruitment-services-img@2x.png ; small-typeform-image@2x.png ; talent-intelligence-img@2x.png ; talent-solutions-img@2x.png ; two-circle-bg-shape@2x.png ; typeform-logo@2x-1.png ; wylan@2x.png ; zipporah@2x.png,showing_email_candidates,not_flagged,contact_pages,,,,,,valid=0; invalid=0; risky=0; unknown=0
6831,>30M,barrerasinvisibles.org,yes,,,,0,,,no_public_email_found,not_flagged,contact_pages,,,,,,valid=0; invalid=0; risky=0; unknown=0
6832,>30M,eafrance.com,no,,,,0,,,no_public_email_found,not_flagged,contact_pages,,,,,,valid=0; invalid=0; risky=0; unknown=0
6833,>30M,fakts.co,yes,,,https://seb94.typeform.com/to/BQpexF,0,,,no_public_email_found,not_flagged,contact_pages,,,,,,valid=0; invalid=0; risky=0; unknown=0
6834,>30M,thestrongherproject.com,no,,,,0,,flags@2x.png,showing_email_candidates,not_flagged,contact_pages,,,,,,valid=0; invalid=0; risky=0; unknown=0
6835,>30M,rogeliorodriguez.com,no,,,,0,,,no_public_email_found,not_flagged,contact_pages,,,,,,valid=0; invalid=0; risky=0; unknown=0
6836,>30M,mojaslovenija.com,no,,,,0,,moja.slovenija@imperial.si,showing_email_candidates,not_flagged,contact_pages,,,,,,valid=0; invalid=0; risky=0; unknown=0
6837,>30M,fogcityvapor.com,yes,,,https://lightspeed-commerce.typeform.com/to/g1vcP7FR,0,,contact@fogcityvapor.com ; example@email.com ; john.doe@email.com,showing_email_candidates,not_flagged,contact_pages,contact@fogcityvapor.com,contact@fogcityvapor.com,,,,valid=1; invalid=0; risky=0; unknown=0
6838,>30M,attributionhub.com,no,,,,0,,,no_public_email_found,not_flagged,contact_pages,,,,,,valid=0; invalid=0; risky=0; unknown=0
6839,>30M,lorenzopennacchioni.it,yes,,,,0,,,no_public_email_found,not_flagged,contact_pages,,,,,,valid=0; invalid=0; risky=0; unknown=0
6840,>30M,rowsurveying.com,yes,,,https://ey2eaj6s64w.typeform.com/to/VDpr8WSF,0,,info@rowsurveying.com,showing_email_candidates,not_flagged,contact_pages,info@rowsurveying.com,,,,info@rowsurveying.com,valid=0; invalid=0; risky=0; unknown=1
6841,>30M,seguridadtic.es,no,,,,0,,,no_public_email_found,not_flagged,contact_pages,,,,,,valid=0; invalid=0; risky=0; unknown=0
6842,>30M,aviationenglishar.com,yes,,,https://mascov.typeform.com/to/ACThmV,0,,info@aviationenglishar.com,showing_email_candidates,not_flagged,contact_pages,info@aviationenglishar.com,,,,info@aviationenglishar.com,valid=0; invalid=0; risky=0; unknown=1
6843,>30M,victorevinicius.com.br,no,,,,0,,,no_public_email_found,not_flagged,contact_pages,,,,,,valid=0; invalid=0; risky=0; unknown=0
6844,>30M,turkiyeileri.com,yes,,,,0,,,no_public_email_found,not_flagged,contact_pages,,,,,,valid=0; invalid=0; risky=0; unknown=0
6845,>30M,mysamsam.com,yes,,,,0,,flag-icons@7.2.3 ; hello@mysamsam.com,showing_email_candidates,not_flagged,contact_pages,hello@mysamsam.com,hello@mysamsam.com,,,,valid=1; invalid=0; risky=0; unknown=0
6846,>30M,finpaddle.com,no,,,https://embed.typeform.com/,0,,,no_public_email_found,not_flagged,contact_pages,,,,,,valid=0; invalid=0; risky=0; unknown=0
6847,>30M,initiv.com,no,,,,0,,,no_public_email_found,not_flagged,contact_pages,,,,,,valid=0; invalid=0; risky=0; unknown=0
6848,>30M,ceiformacion.net,no,,,,0,,amaia.formacion@grupocei.net ; gestioncursos@grupocei.net,showing_email_candidates,not_flagged,contact_pages,,,,,,valid=0; invalid=0; risky=0; unknown=0
6849,>30M,chicagohounds.com,no,,,,0,,,no_public_email_found,not_flagged,contact_pages,,,,,,valid=0; invalid=0; risky=0; unknown=0
6850,>30M,rtob.no,yes,,,https://416jbe00upv.typeform.com/to/xNBNOKj6,0,,post@rtob.no,showing_email_candidates,not_flagged,contact_pages,,,,,,valid=0; invalid=0; risky=0; unknown=0
6851,>30M,algerafysiotherapie.nl,yes,,,https://form.typeform.com/to/GHEW1xuR,0,,info@algerafysiotherapie.nl,showing_email_candidates,not_flagged,contact_pages,info@algerafysiotherapie.nl,info@algerafysiotherapie.nl,,,,valid=1; invalid=0; risky=0; unknown=0
6852,>30M,neoscdg.com,yes,,,,0,,,no_public_email_found,not_flagged,contact_pages,,,,,,valid=0; invalid=0; risky=0; unknown=0
6853,>30M,atbuildings.com,no,,,https://info958205.typeform.com/,0,,,no_public_email_found,not_flagged,contact_pages,,,,,,valid=0; invalid=0; risky=0; unknown=0
6854,>30M,koigear.com,no,,,,0,,,no_public_email_found,not_flagged,contact_pages,,,,,,valid=0; invalid=0; risky=0; unknown=0
6855,>30M,stulango.com,yes,,,https://form.typeform.com/to/UoWovsAw,0,,,no_public_email_found,not_flagged,contact_pages,,,,,,valid=0; invalid=0; risky=0; unknown=0
6856,>30M,localbizconnect.net,yes,,,https://form.typeform.com/to/djzM3qMv,0,,connectwithcheryl818@gmail.com,showing_email_candidates,not_flagged,contact_pages,,,,,,valid=0; invalid=0; risky=0; unknown=0
6857,>30M,carsenvartell.com,yes,,,https://3ke5280oggl.typeform.com/to/KfTVOW5N,0,,hello@carsenvartell.com,showing_email_candidates,not_flagged,contact_pages,hello@carsenvartell.com,hello@carsenvartell.com,,,,valid=1; invalid=0; risky=0; unknown=0
6858,>30M,vaslekar.sk,no,,,,0,,,no_public_email_found,not_flagged,contact_pages,,,,,,valid=0; invalid=0; risky=0; unknown=0
6859,>30M,the360.me,no,,,https://360me.typeform.com/,0,,gsap@3.13.0 ; juned@o2h.com ; nora@the360.me ; reset@the360.me,showing_email_candidates,not_flagged,contact_pages,,,,,,valid=0; invalid=0; risky=0; unknown=0
6860,>30M,margaretschwenke.com,yes,,,,0,,,no_public_email_found,not_flagged,contact_pages,,,,,,valid=0; invalid=0; risky=0; unknown=0
6861,>30M,ethereumsingapore.com,yes,,,,0,,,no_public_email_found,not_flagged,contact_pages,,,,,,valid=0; invalid=0; risky=0; unknown=0
6862,>30M,brazosvalleymemorial.com,no,,,,0,,,no_public_email_found,not_flagged,contact_pages,,,,,,valid=0; invalid=0; risky=0; unknown=0
6863,>30M,yak42.com,no,,,,0,,,no_public_email_found,not_flagged,contact_pages,,,,,,valid=0; invalid=0; risky=0; unknown=0
6864,>30M,montaukcap.com,yes,,,https://form.typeform.com/to/e0kD5RlN,0,,info@montaukcap.com,showing_email_candidates,not_flagged,contact_pages,info@montaukcap.com,,,,info@montaukcap.com,valid=0; invalid=0; risky=0; unknown=1
6865,>30M,druppie.nl,yes,,,https://nk5b379jnhr.typeform.com/ ; https://nk5b379jnhr.typeform.com/to/y3jsZ9oK,0,,helpdesk@druppie.nl,showing_email_candidates,not_flagged,contact_pages,,,,,,valid=0; invalid=0; risky=0; unknown=0
6866,>30M,3hourbody.com,no,,,,0,,aos@2.3.1,showing_email_candidates,not_flagged,contact_pages,,,,,,valid=0; invalid=0; risky=0; unknown=0
6867,>30M,raquelecarlos.com.br,no,,,https://embed.typeform.com/,0,,,no_public_email_found,not_flagged,contact_pages,,,,,,valid=0; invalid=0; risky=0; unknown=0
6868,>30M,sanko-clinic.com,no,,,,0,,,no_public_email_found,not_flagged,contact_pages,,,,,,valid=0; invalid=0; risky=0; unknown=0
6869,>30M,findfeedrestore.com,yes,,,https://greatthings.typeform.com/to/V1SK6LFX ; https://greatthings.typeform.com/to/ZZkgIj,0,,info@findfeedrestore.com,showing_email_candidates,not_flagged,contact_pages,info@findfeedrestore.com,,,,info@findfeedrestore.com,valid=0; invalid=0; risky=0; unknown=1
6870,>30M,gripadvertising.com,no,,,,0,,intersection-observer@0.12.0,showing_email_candidates,not_flagged,contact_pages,,,,,,valid=0; invalid=0; risky=0; unknown=0
6871,>30M,disgalp.es,no,,,,0,,first.last@email.com ; pedidos@disgalp.es,showing_email_candidates,not_flagged,contact_pages,,,,,,valid=0; invalid=0; risky=0; unknown=0
6872,>30M,trixdata.com,no,,,,0,,,no_public_email_found,not_flagged,contact_pages,,,,,,valid=0; invalid=0; risky=0; unknown=0
6873,>30M,neobask.com,yes,,,https://form.typeform.com/to/rbl1bAOC ; https://form.typeform.com/to/tI6Qlmhn,0,,neobask@outlook.com,showing_email_candidates,not_flagged,contact_pages,,,,,,valid=0; invalid=0; risky=0; unknown=0
6874,>30M,project54tour.org,no,,,,0,,info@project54tour.org,showing_email_candidates,not_flagged,contact_pages,info@project54tour.org,,,,info@project54tour.org,valid=0; invalid=0; risky=0; unknown=1
6875,>30M,winnerschapelarlington.org,no,,,,0,,info@winnerschapelarlington.org ; wciarlington@yahoo.com,showing_email_candidates,not_flagged,contact_pages,info@winnerschapelarlington.org,,,,info@winnerschapelarlington.org,valid=0; invalid=0; risky=0; unknown=1
6876,>30M,viaantwerp.com,no,,,,0,,bootstrap-daterangepicker@3.1.0 ; reception@viaantwerp.com,showing_email_candidates,not_flagged,contact_pages,,,,,,valid=0; invalid=0; risky=0; unknown=0
6877,>30M,prosper-university.com,no,,,,0,,,no_public_email_found,not_flagged,contact_pages,,,,,,valid=0; invalid=0; risky=0; unknown=0
6878,>30M,roberthaysmith.com,yes,,,,0,,,no_public_email_found,not_flagged,contact_pages,,,,,,valid=0; invalid=0; risky=0; unknown=0
6879,>30M,ipmgconsulting.com,yes,,,https://form.typeform.com/to/x3Cx1Ol2,0,,info@ipmglobalconsulting.com,showing_email_candidates,not_flagged,contact_pages,,,,,,valid=0; invalid=0; risky=0; unknown=0
6880,>30M,exteriorexpressions.ca,no,,,,0,,,no_public_email_found,not_flagged,contact_pages,,,,,,valid=0; invalid=0; risky=0; unknown=0
6881,>30M,theperfectfitalterations.com,no,,,,0,,info@theperfectfitalterations.com ; leah.theperfectfit@yahoo.com,showing_email_candidates,not_flagged,contact_pages,info@theperfectfitalterations.com,,,,info@theperfectfitalterations.com,valid=0; invalid=0; risky=0; unknown=1
6882,>30M,joaquinmarcelo.com,yes,,,https://securetypeform.typeform.com/to/UIxX1IZm,0,,info@joaquinmarcelo.com,showing_email_candidates,not_flagged,contact_pages,info@joaquinmarcelo.com,,,,info@joaquinmarcelo.com,valid=0; invalid=0; risky=0; unknown=1
6883,>30M,freepersonalinjury.com,no,,,,0,,,no_public_email_found,not_flagged,contact_pages,,,,,,valid=0; invalid=0; risky=0; unknown=0
6884,>30M,firesp.com,no,,,,0,,,no_public_email_found,not_flagged,contact_pages,,,,,,valid=0; invalid=0; risky=0; unknown=0
6885,>30M,isharelife.com,no,,,https://embed.typeform.com/,0,,,no_public_email_found,not_flagged,contact_pages,,,,,,valid=0; invalid=0; risky=0; unknown=0
6886,>30M,promoshare.com,yes,,,,0,,,no_public_email_found,not_flagged,contact_pages,,,,,,valid=0; invalid=0; risky=0; unknown=0
6887,>30M,online-opros.com,no,,,,0,,you@example.com,showing_email_candidates,not_flagged,contact_pages,,,,,,valid=0; invalid=0; risky=0; unknown=0
6888,>30M,clobbi.com,no,,,,0,,info@clobbi.com,showing_email_candidates,not_flagged,contact_pages,info@clobbi.com,,,,info@clobbi.com,valid=0; invalid=0; risky=0; unknown=1
6889,>30M,shabamiri.com,no,,,https://ur8wpupzoax.typeform.com/,0,,shabamiricoach@gmail.com,showing_email_candidates,not_flagged,contact_pages,,,,,,valid=0; invalid=0; risky=0; unknown=0
6890,>30M,conticapital.com,no,,,https://conticapital.typeform.com/,0,,,no_public_email_found,not_flagged,contact_pages,,,,,,valid=0; invalid=0; risky=0; unknown=0
6891,>30M,amplifyaccelerator.com,no,,,,0,,flags@2x.png,showing_email_candidates,not_flagged,contact_pages,,,,,,valid=0; invalid=0; risky=0; unknown=0
6892,>30M,e-bart.co,yes,,,https://157x0exydjb.typeform.com/to/dycXzwXR,0,,,no_public_email_found,not_flagged,contact_pages,,,,,,valid=0; invalid=0; risky=0; unknown=0
6893,>30M,jcrdev.com,yes,,,,0,,,no_public_email_found,not_flagged,contact_pages,,,,,,valid=0; invalid=0; risky=0; unknown=0
6894,>30M,sanjoseinvestor.com,no,,,,0,,,no_public_email_found,not_flagged,contact_pages,,,,,,valid=0; invalid=0; risky=0; unknown=0
6895,>30M,padgettnga.com,no,,,,0,,,no_public_email_found,not_flagged,contact_pages,,,,,,valid=0; invalid=0; risky=0; unknown=0
6896,>30M,alf-vet.com,no,,,,0,,,no_public_email_found,not_flagged,contact_pages,,,,,,valid=0; invalid=0; risky=0; unknown=0
6897,>30M,winbg.com,no,,,,0,,,no_public_email_found,not_flagged,contact_pages,,,,,,valid=0; invalid=0; risky=0; unknown=0
6898,>30M,fachhaendler.at,yes,,,https://cqblvk58n47.typeform.com/to/r2p2HLqA ; https://embed.typeform.com/,0,,partner@fachhaendler.at,showing_email_candidates,not_flagged,contact_pages,partner@fachhaendler.at,,,,partner@fachhaendler.at,valid=0; invalid=0; risky=0; unknown=1
6899,>30M,soffia.mx,no,,,,0,,,no_public_email_found,not_flagged,contact_pages,,,,,,valid=0; invalid=0; risky=0; unknown=0
6900,>30M,e-quipe.net,no,,,,0,,,no_public_email_found,not_flagged,contact_pages,,,,,,valid=0; invalid=0; risky=0; unknown=0
6901,>30M,sydneybaye.com,no,,,https://images.typeform.com/ ; https://public-assets.typeform.com/,0,,sydney@sydneybaye.com,showing_email_candidates,not_flagged,contact_pages,,,,,,valid=0; invalid=0; risky=0; unknown=0
6902,>30M,fodllc.com,yes,,,https://dsdmedia.typeform.com/to/mcOyTN ; https://embed.typeform.com/,0,,karl@fodllc.com,showing_email_candidates,not_flagged,contact_pages,,,,,,valid=0; invalid=0; risky=0; unknown=0
6903,>30M,blenderacademy.com,no,,,,0,,core@3.27.0 ; styles@1.4.1 ; team@blenderacademy.com,showing_email_candidates,not_flagged,contact_pages,team@blenderacademy.com,,,,team@blenderacademy.com,valid=0; invalid=0; risky=0; unknown=1
6904,>30M,vedbolagetblekinge.com,no,,,,0,,vedbolagetblekingeab@gmail.com,showing_email_candidates,not_flagged,contact_pages,,,,,,valid=0; invalid=0; risky=0; unknown=0
6905,>30M,victorheras.com,yes,,,,0,,,no_public_email_found,not_flagged,contact_pages,,,,,,valid=0; invalid=0; risky=0; unknown=0
6906,>30M,missionrevival.com,yes,,,https://embed.typeform.com/ ; https://form.typeform.com/to/ZvlTTwTn,0,,,no_public_email_found,not_flagged,contact_pages,,,,,,valid=0; invalid=0; risky=0; unknown=0
6907,>30M,donkun-bonesetters.com,no,,,,0,,,no_public_email_found,not_flagged,contact_pages,,,,,,valid=0; invalid=0; risky=0; unknown=0
6908,>30M,wethestreets.com,yes,,,,0,,,no_public_email_found,not_flagged,contact_pages,,,,,,valid=0; invalid=0; risky=0; unknown=0
6909,>30M,stockbalance.nl,yes,,,,0,,,no_public_email_found,not_flagged,contact_pages,,,,,,valid=0; invalid=0; risky=0; unknown=0
6910,>30M,elhakimgroup.com,no,,,,0,,hr@elhakimgroup.com ; info@elhakimgroup.com,showing_email_candidates,not_flagged,contact_pages,hr@elhakimgroup.com ; info@elhakimgroup.com,hr@elhakimgroup.com,,,info@elhakimgroup.com,valid=1; invalid=0; risky=0; unknown=1
6911,>30M,astilleros-nicolau.com,yes,,,,0,,,no_public_email_found,not_flagged,contact_pages,,,,,,valid=0; invalid=0; risky=0; unknown=0
6912,>30M,addictr.com,no,,,,0,,,no_public_email_found,not_flagged,contact_pages,,,,,,valid=0; invalid=0; risky=0; unknown=0
6913,>30M,schoeneberg.it,yes,,,,0,,info@schoeneberg.it,showing_email_candidates,not_flagged,contact_pages,info@schoeneberg.it,,,,info@schoeneberg.it,valid=0; invalid=0; risky=0; unknown=1
6914,>30M,jwarddesign.ca,no,,,,0,,fancybox@3.5.7,showing_email_candidates,not_flagged,contact_pages,,,,,,valid=0; invalid=0; risky=0; unknown=0
6915,>30M,eyser.de,no,,,,0,,,no_public_email_found,not_flagged,contact_pages,,,,,,valid=0; invalid=0; risky=0; unknown=0
6916,>30M,padomin.com,no,,,,0,,,no_public_email_found,not_flagged,contact_pages,,,,,,valid=0; invalid=0; risky=0; unknown=0
6917,>30M,wichmann-ullrich.de,yes,,,,0,,dpo-google@google.com ; gdpr@typeform.com,showing_email_candidates,not_flagged,contact_pages,,,,,,valid=0; invalid=0; risky=0; unknown=0
6918,>30M,360ave.com,yes,,,https://beofficial.typeform.com/to/k5fXVs7Y ; https://beofficial.typeform.com/to/r4CsDEqe,0,,bg@2x-scaled.jpg ; facebook-logo-1@2x.png ; image-1@2x-min.jpg ; image-2@2x-min.jpg ; image-3@2x-min-scaled.jpg ; image-3@2x-min.jpg ; image-4@2x-min.jpg ; image-5@2x-min.jpg ; image-6@2x-min.jpg ; image-main@2x-min-scaled.jpg ; image-plan@2x-min-1024x969.jpg ; image@2x-min-scaled.jpg ; instagram@2x.png ; twitter@2x.png,showing_email_candidates,not_flagged,contact_pages,,,,,,valid=0; invalid=0; risky=0; unknown=0
6919,>30M,manajet.com,no,,,,0,,contact@manajet.com,showing_email_candidates,not_flagged,contact_pages,contact@manajet.com,contact@manajet.com,,,,valid=1; invalid=0; risky=0; unknown=0
6920,>30M,pagodamarketing.com,yes,,,https://hyo1e20bppy.typeform.com/to/iiqJIKOI,0,,hello@pagodamarketing.com,showing_email_candidates,not_flagged,contact_pages,hello@pagodamarketing.com,hello@pagodamarketing.com,,,,valid=1; invalid=0; risky=0; unknown=0
6921,>30M,adventureinspain.com,no,,,,0,,,no_public_email_found,not_flagged,contact_pages,,,,,,valid=0; invalid=0; risky=0; unknown=0
6922,>30M,adamplast.com,no,,,,0,,,no_public_email_found,not_flagged,contact_pages,,,,,,valid=0; invalid=0; risky=0; unknown=0
6923,>30M,stephanstubbins.com,yes,,,https://rzv4ioacmp9.typeform.com/to/SrbnbQff,0,,,no_public_email_found,not_flagged,contact_pages,,,,,,valid=0; invalid=0; risky=0; unknown=0
6924,>30M,soraexpert.com,yes,,,https://info038326.typeform.com/to/c8L78ZlN ; https://info038326.typeform.com/to/fI9dP5kj,0,,info@soraexpert.com,showing_email_candidates,not_flagged,contact_pages,info@soraexpert.com,,,,info@soraexpert.com,valid=0; invalid=0; risky=0; unknown=1
6925,>30M,alead.fr,no,,,,0,,,no_public_email_found,not_flagged,contact_pages,,,,,,valid=0; invalid=0; risky=0; unknown=0
6926,>30M,produktanimation.de,no,,,,0,,,no_public_email_found,not_flagged,contact_pages,,,,,,valid=0; invalid=0; risky=0; unknown=0
6927,>30M,web-documents.com,no,,,,0,,,no_public_email_found,not_flagged,contact_pages,,,,,,valid=0; invalid=0; risky=0; unknown=0
6928,>30M,shiina-tax.com,no,,,,0,,,no_public_email_found,not_flagged,contact_pages,,,,,,valid=0; invalid=0; risky=0; unknown=0
6929,>30M,badvise.com,yes,,,https://form.typeform.com/to/bMk1ESYd ; https://form.typeform.com/to/V79Jj10A,0,,gsap@3.12.5 ; info@badvise.com,showing_email_candidates,not_flagged,contact_pages,info@badvise.com,,,,info@badvise.com,valid=0; invalid=0; risky=0; unknown=1
6930,>30M,currnt.com,yes,,,,0,,,no_public_email_found,not_flagged,contact_pages,,,,,,valid=0; invalid=0; risky=0; unknown=0
6931,>30M,northernwideplank.com,no,,,,0,,customercare@northernwideplank.com ; info@northernwideplank.ca ; sales@northernwideplank.com,showing_email_candidates,not_flagged,contact_pages,sales@northernwideplank.com,,,,sales@northernwideplank.com,valid=0; invalid=0; risky=0; unknown=1
6932,>30M,taki-gawa.com,no,,,,0,,,no_public_email_found,not_flagged,contact_pages,,,,,,valid=0; invalid=0; risky=0; unknown=0
6933,>30M,ecogeneration.fr,no,,,,0,,,no_public_email_found,not_flagged,contact_pages,,,,,,valid=0; invalid=0; risky=0; unknown=0
6934,>30M,roboroots.com,yes,,,https://42rjcv7nire.typeform.com/to/ODTzVdXS,0,,aos@2.3.1 ; hello@roboroots.com,showing_email_candidates,not_flagged,contact_pages,hello@roboroots.com,hello@roboroots.com,,,,valid=1; invalid=0; risky=0; unknown=0
6935,>30M,feelrightagain.com,no,,,,0,,,no_public_email_found,not_flagged,contact_pages,,,,,,valid=0; invalid=0; risky=0; unknown=0
6936,>30M,sellthatlisting.com,no,,,https://td9y0lh012j.typeform.com/,0,,shawn.kaplan@ccm.com,showing_email_candidates,not_flagged,contact_pages,,,,,,valid=0; invalid=0; risky=0; unknown=0
6937,>30M,bestweddingvenuesinchicago.com,no,,,https://embed.typeform.com/,0,,,no_public_email_found,not_flagged,contact_pages,,,,,,valid=0; invalid=0; risky=0; unknown=0
6938,>30M,somebuddy.com,no,,,,0,,info@somebuddy.com,showing_email_candidates,not_flagged,contact_pages,info@somebuddy.com,,,,info@somebuddy.com,valid=0; invalid=0; risky=0; unknown=1
6939,>30M,lewisbarclay.com,no,,,,0,,,no_public_email_found,not_flagged,contact_pages,,,,,,valid=0; invalid=0; risky=0; unknown=0
6940,>30M,fernandaetiago.com.br,no,,,,0,,,no_public_email_found,not_flagged,contact_pages,,,,,,valid=0; invalid=0; risky=0; unknown=0
6941,>30M,upgeared.com,yes,,,,0,,,no_public_email_found,not_flagged,contact_pages,,,,,,valid=0; invalid=0; risky=0; unknown=0
6942,>30M,cheapleds.com,no,,,,0,,,no_public_email_found,not_flagged,contact_pages,,,,,,valid=0; invalid=0; risky=0; unknown=0
6943,>30M,allflagstafflodging.com,no,,,,0,,,no_public_email_found,not_flagged,contact_pages,,,,,,valid=0; invalid=0; risky=0; unknown=0
6944,>30M,inspiredpotentials.com,yes,,,https://form.typeform.com/to/jKrYrA,0,,inspiredpotentials@gmail.com,showing_email_candidates,not_flagged,contact_pages,,,,,,valid=0; invalid=0; risky=0; unknown=0
6945,>30M,makemyhousegreen.com,no,,,,0,,team@makemyhousegreen.com ; your@email.com,showing_email_candidates,not_flagged,contact_pages,team@makemyhousegreen.com,,,,team@makemyhousegreen.com,valid=0; invalid=0; risky=0; unknown=1
6946,>30M,otorandevu.com,no,,,,0,,,no_public_email_found,not_flagged,contact_pages,,,,,,valid=0; invalid=0; risky=0; unknown=0
6947,>30M,qnetworx.de,no,,,,0,,,no_public_email_found,not_flagged,contact_pages,,,,,,valid=0; invalid=0; risky=0; unknown=0
6948,>30M,mmheatandcool.com,no,,,,0,,mmheatingcoolin@gmail.com,showing_email_candidates,not_flagged,contact_pages,,,,,,valid=0; invalid=0; risky=0; unknown=0
6949,>30M,bloomsburybeginnings.org,yes,,,,0,,,no_public_email_found,not_flagged,contact_pages,,,,,,valid=0; invalid=0; risky=0; unknown=0
6950,>30M,couriersoftware.eu,no,,,https://epywkylb528.typeform.com/ ; https://epywkylb528.typeform.com/to/LBufDrqz ; https://form.typeform.com/to/NSm1g0Te,0,,bootstrap-icons@1.11.3 ; info@mendrix.nl,showing_email_candidates,not_flagged,contact_pages,,,,,,valid=0; invalid=0; risky=0; unknown=0
6951,>30M,faithwalkministry.com,no,,,,0,,,no_public_email_found,not_flagged,contact_pages,,,,,,valid=0; invalid=0; risky=0; unknown=0
6952,>30M,cypressadvisors.net,no,,,,0,,,no_public_email_found,not_flagged,contact_pages,,,,,,valid=0; invalid=0; risky=0; unknown=0
6953,>30M,startupcoach.de,yes,,,https://byupstart.typeform.com/to/n27T4waU,0,,,no_public_email_found,not_flagged,contact_pages,,,,,,valid=0; invalid=0; risky=0; unknown=0
6954,>30M,thrivetriad.com,yes,,,,0,,,no_public_email_found,not_flagged,contact_pages,,,,,,valid=0; invalid=0; risky=0; unknown=0
6955,>30M,roicos.com,yes,,,,0,,,no_public_email_found,not_flagged,contact_pages,,,,,,valid=0; invalid=0; risky=0; unknown=0
6956,>30M,leaderfy.net,yes,,,,0,,hola@leaderfy.net,showing_email_candidates,not_flagged,contact_pages,,,,,,valid=0; invalid=0; risky=0; unknown=0
6957,>30M,courtiercredits.com,yes,,,https://saasuni.typeform.com/to/ZBItCP,0,,,no_public_email_found,not_flagged,contact_pages,,,,,,valid=0; invalid=0; risky=0; unknown=0
6958,>30M,mova.me,no,,,,0,,contato@mova.me,showing_email_candidates,not_flagged,contact_pages,,,,,,valid=0; invalid=0; risky=0; unknown=0
6959,>30M,frankandcamillesschoolofpiano.com,no,,,,0,,,no_public_email_found,not_flagged,contact_pages,,,,,,valid=0; invalid=0; risky=0; unknown=0
6960,>30M,asian-file.com,no,,,,0,,,no_public_email_found,not_flagged,contact_pages,,,,,,valid=0; invalid=0; risky=0; unknown=0
6961,>30M,adobehouse.com,yes,,,,0,,,no_public_email_found,not_flagged,contact_pages,,,,,,valid=0; invalid=0; risky=0; unknown=0
6962,>30M,speechlp.com,no,,,https://embed.typeform.com/,0,,support@speechlp.com,showing_email_candidates,not_flagged,contact_pages,support@speechlp.com,,,,support@speechlp.com,valid=0; invalid=0; risky=0; unknown=1
6963,>30M,ikatstore.com,yes,,,https://5z926mjvubs.typeform.com/to/I9lJceLv,0,,administracion@ikatstore.com,showing_email_candidates,not_flagged,contact_pages,,,,,,valid=0; invalid=0; risky=0; unknown=0
6964,>30M,brand-chef.com,yes,,,,0,,,no_public_email_found,not_flagged,contact_pages,,,,,,valid=0; invalid=0; risky=0; unknown=0
6965,>30M,rex-filmpalast.de,no,,,,0,,,no_public_email_found,not_flagged,contact_pages,,,,,,valid=0; invalid=0; risky=0; unknown=0
6966,>30M,filtertechnik-jaeger.de,no,,,,0,,aos@2.3.1 ; info@filtertechnik-jaeger.de,showing_email_candidates,not_flagged,contact_pages,info@filtertechnik-jaeger.de,,,,info@filtertechnik-jaeger.de,valid=0; invalid=0; risky=0; unknown=1
6967,>30M,hhdrones.com,no,,,,0,,,no_public_email_found,not_flagged,contact_pages,,,,,,valid=0; invalid=0; risky=0; unknown=0
6968,>30M,cxoassociation.com,no,,,,0,,,no_public_email_found,not_flagged,contact_pages,,,,,,valid=0; invalid=0; risky=0; unknown=0
6969,>30M,colbywegter.com,no,,,,0,,colby@colbywegter.com,showing_email_candidates,not_flagged,contact_pages,,,,,,valid=0; invalid=0; risky=0; unknown=0
6970,>30M,linkbee.me,no,,,,0,,,no_public_email_found,not_flagged,contact_pages,,,,,,valid=0; invalid=0; risky=0; unknown=0
6971,>30M,devedesign.com,yes,,,https://form.typeform.com/to/RdGPCZJN ; https://form.typeform.com/to/rqqmjuco,0,,lenis@0.2.28,showing_email_candidates,not_flagged,contact_pages,,,,,,valid=0; invalid=0; risky=0; unknown=0
6972,>30M,palomahealth.com,yes,,,https://embed.typeform.com/ ; https://form.typeform.com/to/cotR0tl3 ; https://images.typeform.com/ ; https://palomahealth.typeform.com/to/cotR0tl3 ; https://palomahealth.typeform.com/to/uuiifnaP ; https://public-assets.typeform.com/,0,,contact@palomahealth.com,showing_email_candidates,not_flagged,contact_pages,contact@palomahealth.com,contact@palomahealth.com,,,,valid=1; invalid=0; risky=0; unknown=0
6973,>30M,getleverage.com,yes,,,,0,,,no_public_email_found,not_flagged,contact_pages,,,,,,valid=0; invalid=0; risky=0; unknown=0
6974,>30M,measuremarketing.com,yes,,,,0,,,no_public_email_found,not_flagged,contact_pages,,,,,,valid=0; invalid=0; risky=0; unknown=0
6975,>30M,prosoccerchance.com,no,,,,0,,info@prosoccerchance.com,showing_email_candidates,not_flagged,contact_pages,info@prosoccerchance.com,,,,info@prosoccerchance.com,valid=0; invalid=0; risky=0; unknown=1
6976,>30M,aasev.com,no,,,,0,,sbe@aasev.com,showing_email_candidates,not_flagged,contact_pages,,,,,,valid=0; invalid=0; risky=0; unknown=0
6977,>30M,soymono.com,no,,,,0,,,no_public_email_found,not_flagged,contact_pages,,,,,,valid=0; invalid=0; risky=0; unknown=0
6978,>30M,mwamidwest.org,yes,,,,0,,,no_public_email_found,not_flagged,contact_pages,,,,,,valid=0; invalid=0; risky=0; unknown=0
6979,>30M,avtolubitel.su,no,,,,0,,,no_public_email_found,not_flagged,contact_pages,,,,,,valid=0; invalid=0; risky=0; unknown=0
6980,>30M,nostics.com,yes,,,https://nosticsinfo.typeform.com/to/TIFQOP,0,,info@nostics.com ; press@nostics.com,showing_email_candidates,not_flagged,contact_pages,info@nostics.com ; press@nostics.com,,,,info@nostics.com ; press@nostics.com,valid=0; invalid=0; risky=0; unknown=2
6981,>30M,hayon.com.br,yes,,,https://form.typeform.com/to/btqFei,0,,mbispo@hayon.com.br,showing_email_candidates,not_flagged,contact_pages,,,,,,valid=0; invalid=0; risky=0; unknown=0
6982,>30M,triplem.se,no,,,https://embed.typeform.com/,0,,mats@roy.agency ; rasmus.ohlin@adviser.se ; richard.ahlman@adviser.se ; richard@adviser.se ; sebastian@anothermedia.se,showing_email_candidates,not_flagged,contact_pages,,,,,,valid=0; invalid=0; risky=0; unknown=0
6983,>30M,ept-inc.com,no,,,,0,,,no_public_email_found,not_flagged,contact_pages,,,,,,valid=0; invalid=0; risky=0; unknown=0
6984,>30M,cartracker.se,no,,,https://lvwbe94yegd.typeform.com/,0,,,no_public_email_found,not_flagged,contact_pages,,,,,,valid=0; invalid=0; risky=0; unknown=0
6985,>30M,joannakruk.pl,no,,,,0,,pracownia@joannakruk.pl,showing_email_candidates,not_flagged,contact_pages,,,,,,valid=0; invalid=0; risky=0; unknown=0
6986,>30M,dihook.com,no,,,,0,,,no_public_email_found,not_flagged,contact_pages,,,,,,valid=0; invalid=0; risky=0; unknown=0
6987,>30M,nicholaslemieux.com,no,,,,0,,,no_public_email_found,not_flagged,contact_pages,,,,,,valid=0; invalid=0; risky=0; unknown=0
6988,>30M,easypermads.com,no,,,,0,,,no_public_email_found,not_flagged,contact_pages,,,,,,valid=0; invalid=0; risky=0; unknown=0
6989,>30M,audienceblueprint.com,yes,,,https://form.typeform.com/to/htpWtv8R,0,,,no_public_email_found,not_flagged,contact_pages,,,,,,valid=0; invalid=0; risky=0; unknown=0
6990,>30M,haradakenchiku.jp,no,,,,0,,,no_public_email_found,not_flagged,contact_pages,,,,,,valid=0; invalid=0; risky=0; unknown=0
6991,>30M,innoconf.com,yes,,,https://embed.typeform.com/ ; https://helloinnoconf.typeform.com/to/F3Jlra,0,,,no_public_email_found,not_flagged,contact_pages,,,,,,valid=0; invalid=0; risky=0; unknown=0
6992,>30M,gokanaramenteppan.com,no,,,,0,,,no_public_email_found,not_flagged,contact_pages,,,,,,valid=0; invalid=0; risky=0; unknown=0
6993,>30M,tamizdepalabras.com,no,,,,0,,cv@tamizdepalabras.com ; info@tamizdepalabras.es,showing_email_candidates,not_flagged,contact_pages,,,,,,valid=0; invalid=0; risky=0; unknown=0
6994,>30M,tnfinalexpense.com,no,,,,0,,,no_public_email_found,not_flagged,contact_pages,,,,,,valid=0; invalid=0; risky=0; unknown=0
6995,>30M,digpan.com,no,,,,0,,,no_public_email_found,not_flagged,contact_pages,,,,,,valid=0; invalid=0; risky=0; unknown=0
6996,>30M,ckarno.com,yes,,,https://admin.typeform.com/ ; https://c123kar.typeform.com/to/t2HfEX ; https://embed.typeform.com/,0,,,no_public_email_found,not_flagged,contact_pages,,,,,,valid=0; invalid=0; risky=0; unknown=0
6997,>30M,globalequityexchange.com,no,,,,0,,,no_public_email_found,not_flagged,contact_pages,,,,,,valid=0; invalid=0; risky=0; unknown=0
6998,>30M,brunaerenato.com.br,no,,,,0,,,no_public_email_found,not_flagged,contact_pages,,,,,,valid=0; invalid=0; risky=0; unknown=0
6999,>30M,yayoi-pharmacy.com,no,,,,0,,,no_public_email_found,not_flagged,contact_pages,,,,,,valid=0; invalid=0; risky=0; unknown=0
7000,>30M,volvmedia.com,yes,,,https://1ohczem5cxt.typeform.com/to/EVxU6UtT ; https://embed.typeform.com/,0,,connect@volvmedia.com,showing_email_candidates,not_flagged,contact_pages,,,,,,valid=0; invalid=0; risky=0; unknown=0
7001,>30M,enercontrol.de,no,,,,0,,dpo-google@google.com ; info@enercontrol.de ; info@enercontrol.dewww.enercontrol.de ; support@fb.com,showing_email_candidates,not_flagged,contact_pages,info@enercontrol.de ; info@enercontrol.dewww.enercontrol.de,,,,info@enercontrol.de ; info@enercontrol.dewww.enercontrol.de,valid=0; invalid=0; risky=0; unknown=2
7002,>30M,upfrog.com,yes,,,https://upfrog.pro.typeform.com/to/bs3f93E6 ; https://upfrog.typeform.com/to/bs3f93E6,0,,,no_public_email_found,not_flagged,contact_pages,,,,,,valid=0; invalid=0; risky=0; unknown=0
7003,>30M,apa4relocation.com,yes,,,https://form.typeform.com/to/ZWdzi5dV,0,,,no_public_email_found,not_flagged,contact_pages,,,,,,valid=0; invalid=0; risky=0; unknown=0
7004,>30M,agence-expression.com,yes,,,https://0rjderp7s2z.typeform.com/to/ijc6vg4q,0,,info@agence-expression.com,showing_email_candidates,not_flagged,contact_pages,info@agence-expression.com,info@agence-expression.com,,,,valid=1; invalid=0; risky=0; unknown=0
7005,>30M,toallaindustrial.com,yes,,,https://diatredu.typeform.com/to/nMeAHg ; https://embed.typeform.com/,0,,,no_public_email_found,not_flagged,contact_pages,,,,,,valid=0; invalid=0; risky=0; unknown=0
7006,>30M,creativefreedom.co,yes,,,https://form.typeform.com/to/L3UOjEXc,0,,alpinejs@3.15.0 ; ui@3.15.0,showing_email_candidates,not_flagged,contact_pages,,,,,,valid=0; invalid=0; risky=0; unknown=0
7007,>30M,dawsondentistry.com,yes,,,https://elevatepractices.typeform.com/to/mI1ss2AD,0,,office@dawsondentistry.com,showing_email_candidates,not_flagged,contact_pages,office@dawsondentistry.com,,,,office@dawsondentistry.com,valid=0; invalid=0; risky=0; unknown=1
7008,>30M,nextloan.com.au,yes,,,,0,,,no_public_email_found,not_flagged,contact_pages,,,,,,valid=0; invalid=0; risky=0; unknown=0
7009,>30M,lovenewbrighton.com,yes,,,https://form.typeform.com/to/RM3M1uzg,0,,info@newbrightonpartnership.com,showing_email_candidates,not_flagged,contact_pages,,,,,,valid=0; invalid=0; risky=0; unknown=0
7010,>30M,elmassayed.com,yes,,,,0,,,no_public_email_found,not_flagged,contact_pages,,,,,,valid=0; invalid=0; risky=0; unknown=0
7011,>30M,surfingwithsmiles.com,yes,,,https://surfingwithsmiles.typeform.com/,0,,surfingwithsmiles@gmail.com,showing_email_candidates,not_flagged,contact_pages,,,,,,valid=0; invalid=0; risky=0; unknown=0
7012,>30M,syntegh.com,yes,,,https://syntegh.typeform.com/to/GFu9kF,0,,,no_public_email_found,not_flagged,contact_pages,,,,,,valid=0; invalid=0; risky=0; unknown=0
7013,>30M,daiwajyusetsu.com,no,,,,0,,,no_public_email_found,not_flagged,contact_pages,,,,,,valid=0; invalid=0; risky=0; unknown=0
7014,>30M,thetelecomcompany.com,no,,,,0,,,no_public_email_found,not_flagged,contact_pages,,,,,,valid=0; invalid=0; risky=0; unknown=0
7015,>30M,lakestevenshome.com,yes,,,,0,,,no_public_email_found,not_flagged,contact_pages,,,,,,valid=0; invalid=0; risky=0; unknown=0
7016,>30M,letsconverge.org,yes,,,,0,,,no_public_email_found,not_flagged,contact_pages,,,,,,valid=0; invalid=0; risky=0; unknown=0
7017,>30M,feedvalue.com,no,,,,0,,jane@company.com ; support@feedvalue.com,showing_email_candidates,not_flagged,contact_pages,support@feedvalue.com,,,,support@feedvalue.com,valid=0; invalid=0; risky=0; unknown=1
7018,>30M,need-clients.com,no,,,,0,,,no_public_email_found,not_flagged,contact_pages,,,,,,valid=0; invalid=0; risky=0; unknown=0
7019,>30M,goeatconcepts.com,no,,,,0,,fernando@roccapizzeria.com,showing_email_candidates,not_flagged,contact_pages,,,,,,valid=0; invalid=0; risky=0; unknown=0
7020,>30M,pidari.com,yes,,,,0,,lida@pidari.com,showing_email_candidates,not_flagged,contact_pages,,,,,,valid=0; invalid=0; risky=0; unknown=0
7021,>30M,sfgplanning.com,yes,,,https://4olm2bygm6o.typeform.com/to/FL9OMbTq,0,,,no_public_email_found,not_flagged,contact_pages,,,,,,valid=0; invalid=0; risky=0; unknown=0
7022,>30M,studentescape.com,no,,,,0,,,no_public_email_found,not_flagged,contact_pages,,,,,,valid=0; invalid=0; risky=0; unknown=0
7023,>30M,seanbugler.com,no,,,,0,,,no_public_email_found,not_flagged,contact_pages,,,,,,valid=0; invalid=0; risky=0; unknown=0
7024,>30M,chikeukaegbu.com,yes,,,https://chikeukaegbu.typeform.com/to/hDQoWt ; https://chikeukaegbu.typeform.com/to/Lg0atV,0,,comms@chikeukaegbu.com ; ideas@chikeukaegbu.com ; media@chikeukaegbu.com,showing_email_candidates,not_flagged,contact_pages,media@chikeukaegbu.com,,,,media@chikeukaegbu.com,valid=0; invalid=0; risky=0; unknown=1
7025,>30M,elitetravelhacking.com,no,,,,0,,,no_public_email_found,not_flagged,contact_pages,,,,,,valid=0; invalid=0; risky=0; unknown=0
7026,>30M,psychofbusiness.com,no,,,,0,,afrah.etc@gmail.com,showing_email_candidates,not_flagged,contact_pages,,,,,,valid=0; invalid=0; risky=0; unknown=0
7027,>30M,themiagroup.com,yes,,,,0,,,no_public_email_found,not_flagged,contact_pages,,,,,,valid=0; invalid=0; risky=0; unknown=0
7028,>30M,parjupiter.com,yes,,,https://embed.typeform.com/ ; https://form.typeform.com/to/Ac6GxseZ,0,,,no_public_email_found,not_flagged,contact_pages,,,,,,valid=0; invalid=0; risky=0; unknown=0
7029,>30M,silhouette-paris.com,yes,,,https://silhouette-paris.typeform.com/to/mQaxuh ; https://silhouette-paris.typeform.com/to/XAEAOd,0,,info@silhouette-paris.com,showing_email_candidates,not_flagged,contact_pages,info@silhouette-paris.com,,,,info@silhouette-paris.com,valid=0; invalid=0; risky=0; unknown=1
7030,>30M,thiagoemariana.com.br,no,,,,0,,,no_public_email_found,not_flagged,contact_pages,,,,,,valid=0; invalid=0; risky=0; unknown=0
7031,>30M,xn--71-dlcheinb0bds0bn4l.xn--p1ai,yes,,,,0,,,no_public_email_found,not_flagged,contact_pages,,,,,,valid=0; invalid=0; risky=0; unknown=0
7032,>30M,paragin.com,no,,,,0,,sales@paragin.com,showing_email_candidates,not_flagged,contact_pages,sales@paragin.com,,,,sales@paragin.com,valid=0; invalid=0; risky=0; unknown=1
7033,>30M,kilohub.com,no,,,,0,,,no_public_email_found,not_flagged,contact_pages,,,,,,valid=0; invalid=0; risky=0; unknown=0
7034,>30M,musicianpower.com,yes,,,https://form.typeform.com/to/ZdCcP0Gs,0,,,no_public_email_found,not_flagged,contact_pages,,,,,,valid=0; invalid=0; risky=0; unknown=0
7035,>30M,matthewjames.ca,no,,,,0,,name@company.com,showing_email_candidates,not_flagged,contact_pages,,,,,,valid=0; invalid=0; risky=0; unknown=0
7036,>30M,riseandgrindeveryday.com,yes,,,,0,,,no_public_email_found,not_flagged,contact_pages,,,,,,valid=0; invalid=0; risky=0; unknown=0
7037,>30M,atx-counseling.com,yes,,,,0,,,no_public_email_found,not_flagged,contact_pages,,,,,,valid=0; invalid=0; risky=0; unknown=0
7038,>30M,taketherightturn.com,yes,,,https://form.typeform.com/to/I4N0iMP0,0,,,no_public_email_found,not_flagged,contact_pages,,,,,,valid=0; invalid=0; risky=0; unknown=0
7039,>30M,bookssociety.com,no,,,,0,,,no_public_email_found,not_flagged,contact_pages,,,,,,valid=0; invalid=0; risky=0; unknown=0
7040,>30M,intimacyatlanta.com,no,,,,0,,elaine@intimacyatlanta.com ; leaflet@1.7.1,showing_email_candidates,not_flagged,contact_pages,,,,,,valid=0; invalid=0; risky=0; unknown=0
7041,>30M,scottsufak.com,yes,,,https://embed.typeform.com/ ; https://form.typeform.com/to/AmR0sc,0,,,no_public_email_found,not_flagged,contact_pages,,,,,,valid=0; invalid=0; risky=0; unknown=0
7042,>30M,bostonappdevelopers.com,no,,,https://embed.typeform.com/,0,,contact@orangeloops.com ; you@company.com,showing_email_candidates,not_flagged,contact_pages,,,,,,valid=0; invalid=0; risky=0; unknown=0
7043,>30M,fluxtendu.fr,yes,,,https://embed.typeform.com/ ; https://form.typeform.com/to/OHY0Tntq,0,,collaborateurs-icon@1x.png ; continuous-icon@1x-1.png ; continuous-icon@1x.png ; flexibility-icon@1x.png ; fluid-comm-icon@1x.png ; it-icon@1x.png ; logo@3x.png ; longtime-support-icon@1x.png ; notification-icon@1x.png ; process-icon@1x.png ; quality-icon@1x.png ; visibility-icon@1x.png,showing_email_candidates,not_flagged,contact_pages,,,,,,valid=0; invalid=0; risky=0; unknown=0
7044,>30M,proiq.com,no,,,,0,,knr-smallerlogo@2x.webp,showing_email_candidates,not_flagged,contact_pages,,,,,,valid=0; invalid=0; risky=0; unknown=0
7045,>30M,billaverette.com,yes,,,https://762media.typeform.com/to/uXXCaM ; https://embed.typeform.com/ ; https://www.typeform.com/,0,,splide-extension-auto-scroll@0.5.3,showing_email_candidates,not_flagged,contact_pages,,,,,,valid=0; invalid=0; risky=0; unknown=0
7046,>30M,gimnaziapetrich.com,yes,,,,0,,,no_public_email_found,not_flagged,contact_pages,,,,,,valid=0; invalid=0; risky=0; unknown=0
7047,>30M,lakerssuites.com,no,,,,0,,,no_public_email_found,not_flagged,contact_pages,,,,,,valid=0; invalid=0; risky=0; unknown=0
7048,>30M,esprodouro.com,yes,,,https://esprodouro.typeform.com/to/ioiV5R0Y,0,,geral@esprodouro.com,showing_email_candidates,not_flagged,contact_pages,,,,,,valid=0; invalid=0; risky=0; unknown=0
7049,>30M,zeldzameziekten.info,no,,,,0,,,no_public_email_found,not_flagged,contact_pages,,,,,,valid=0; invalid=0; risky=0; unknown=0
7050,>30M,supercolor.be,no,,,,0,,info@supercolor.be,showing_email_candidates,not_flagged,contact_pages,info@supercolor.be,,,,info@supercolor.be,valid=0; invalid=0; risky=0; unknown=1
7051,>30M,thelettermarket.com,yes,,,https://5x7zr2borko.typeform.com/to/E9nEPVs6,0,,info@thelettermarket.com ; untitled_design_84_x120@2x.png,showing_email_candidates,not_flagged,contact_pages,info@thelettermarket.com,,,,info@thelettermarket.com,valid=0; invalid=0; risky=0; unknown=1
7052,>30M,nomadsland.eu,no,,,https://travelbase.typeform.com/,0,,d020ffd2748b1ad387ba8eb63675f2ac@o4505114921795584.ingest.us.sentry.io ; info@nomadsland.eu ; info@travelbase.eu,showing_email_candidates,not_flagged,contact_pages,info@nomadsland.eu,,,,info@nomadsland.eu,valid=0; invalid=0; risky=0; unknown=1
7053,>30M,empowerlending.com,yes,,,,0,,,no_public_email_found,not_flagged,contact_pages,,,,,,valid=0; invalid=0; risky=0; unknown=0
7054,>30M,imcq.org.au,no,,,,0,,imcq@imcq.org.au,showing_email_candidates,not_flagged,contact_pages,,,,,,valid=0; invalid=0; risky=0; unknown=0
7055,>30M,mezzena.org,yes,,,,0,,,no_public_email_found,not_flagged,contact_pages,,,,,,valid=0; invalid=0; risky=0; unknown=0
7056,>30M,shipperbuddy.com,yes,,,,0,,,no_public_email_found,not_flagged,contact_pages,,,,,,valid=0; invalid=0; risky=0; unknown=0
7057,>30M,sacred-revolution.com,yes,,,https://form.typeform.com/to/lVr6gy7l,0,,anapbm@gmail.com ; team@latofonts.com,showing_email_candidates,not_flagged,contact_pages,,,,,,valid=0; invalid=0; risky=0; unknown=0
7058,>30M,networkercommunity.com,no,,,,0,,,no_public_email_found,not_flagged,contact_pages,,,,,,valid=0; invalid=0; risky=0; unknown=0
7059,>30M,landingo.ru,no,,,,0,,,no_public_email_found,not_flagged,contact_pages,,,,,,valid=0; invalid=0; risky=0; unknown=0
7060,>30M,25again.com,no,,,,0,,info@25again.com,showing_email_candidates,not_flagged,contact_pages,info@25again.com,info@25again.com,,,,valid=1; invalid=0; risky=0; unknown=0
7061,>30M,goodandeviltwins.com,yes,,,,0,,,no_public_email_found,not_flagged,contact_pages,,,,,,valid=0; invalid=0; risky=0; unknown=0
7062,>30M,evanadesigns.com,yes,,,https://admin636105.typeform.com/to/pCI67PHj,0,,sales@evanadesigns.co.uk,showing_email_candidates,not_flagged,contact_pages,,,,,,valid=0; invalid=0; risky=0; unknown=0
7063,>30M,columbiahouse.org,yes,,,https://form.typeform.com/to/lGWiWd,0,,arrows_signup_button@2x.png ; curatorwheel@2x.png ; hands@2x.png ; instagram@2x.png ; logo@2x.png ; subheader@2x.png ; wesendyou@2x.png,showing_email_candidates,not_flagged,contact_pages,,,,,,valid=0; invalid=0; risky=0; unknown=0
7064,>30M,toso-yasan.com,no,,,,0,,info@toso-yasan.com,showing_email_candidates,not_flagged,contact_pages,info@toso-yasan.com,,,,info@toso-yasan.com,valid=0; invalid=0; risky=0; unknown=1
7065,>30M,era92.com,yes,,,https://jms8nkp59jl.typeform.com/to/YYW9Tnqf,0,,,no_public_email_found,not_flagged,contact_pages,,,,,,valid=0; invalid=0; risky=0; unknown=0
7066,>30M,leasehappy.com,no,,,,0,,mike@leasehappy.com,showing_email_candidates,not_flagged,contact_pages,,,,,,valid=0; invalid=0; risky=0; unknown=0
7067,>30M,eycmarketing.com,yes,,,https://form.typeform.com/to/JegUU7lC,0,,,no_public_email_found,not_flagged,contact_pages,,,,,,valid=0; invalid=0; risky=0; unknown=0
7068,>30M,inclusivepay.com,yes,,,https://form.typeform.com/to/dCtGUWdr ; https://form.typeform.com/to/xJPKxEmy,0,,miah5674@gmail.com,showing_email_candidates,not_flagged,contact_pages,,,,,,valid=0; invalid=0; risky=0; unknown=0
7069,>30M,andreabenvenuto.com,yes,,,https://form.typeform.com/to/q73yi0Ds,0,,,no_public_email_found,not_flagged,contact_pages,,,,,,valid=0; invalid=0; risky=0; unknown=0
7070,>30M,noahquinn.com,yes,,,https://8vdqk79yvaz.typeform.com/to/mR81FNmD,0,,,no_public_email_found,not_flagged,contact_pages,,,,,,valid=0; invalid=0; risky=0; unknown=0
7071,>30M,dkendo.com,no,,,,0,,,no_public_email_found,not_flagged,contact_pages,,,,,,valid=0; invalid=0; risky=0; unknown=0
7072,>30M,dana-app.com,yes,,,https://form.typeform.com/to/AqJtdmeL ; https://form.typeform.com/to/dj3k8uOV ; https://form.typeform.com/to/tnb24hem,0,,admin@athousandcolibris.com ; collaborations@athousandcolibris.com ; hola@dana.health ; hostmaster@dana-app.com ; invest-in-dana@athousandcolibris.com,showing_email_candidates,not_flagged,contact_pages,,,,,,valid=0; invalid=0; risky=0; unknown=0
7073,>30M,ulo.co,yes,,,https://form.typeform.com/to/U8gpt0jT,0,,concierge@ulo.co ; gsap@3.12.5,showing_email_candidates,not_flagged,contact_pages,,,,,,valid=0; invalid=0; risky=0; unknown=0
7074,>30M,nosvoyagesinterieurs.com,yes,,,https://8d5oy0z5o36.typeform.com/to/URvy4pNF,0,,nosvoyagesinterieurs@gmail.com,showing_email_candidates,not_flagged,contact_pages,,,,,,valid=0; invalid=0; risky=0; unknown=0
7075,>30M,hourcade.fr,yes,,,,0,,,no_public_email_found,not_flagged,contact_pages,,,,,,valid=0; invalid=0; risky=0; unknown=0
7076,>30M,insurenprotect.com,no,,,https://embed.typeform.com/,0,,wiechmann@insurenprotect.com,showing_email_candidates,not_flagged,contact_pages,,,,,,valid=0; invalid=0; risky=0; unknown=0
7077,>30M,bridgepointelanding.com,no,,,,0,,,no_public_email_found,not_flagged,contact_pages,,,,,,valid=0; invalid=0; risky=0; unknown=0
7078,>30M,takayukisakai.com,no,,,,0,,,no_public_email_found,not_flagged,contact_pages,,,,,,valid=0; invalid=0; risky=0; unknown=0
7079,>30M,japanspecialist.com,no,,,,0,,at@japanspecialist.com ; calendar-web@5.0.93 ; ch@japanspecialist.com ; contacts-web@5.0.58 ; de@japanspecialist.com ; dk@japanspecialist.com ; document-library-web@6.0.182 ; dynamic-data-mapping-web@5.0.103 ; es@japanspecialist.com ; exportimport-web@5.0.85 ; fr@japanspecialist.com ; frontend-editor-alloyeditor-web@5.0.48 ; frontend-js-components-web@2.0.67 ; frontend-js-react-web@5.0.41 ; frontend-js-state-web@1.0.21 ; hu@japanspecialist.com ; info@japanspecialist.com ; it@japanspecialist.com ; nl@japanspecialist.com ; no@japanspecialist.com ; portal-search-web@6.0.133 ; se@japanspecialist.com ; staging-processes-web@5.0.57,showing_email_candidates,not_flagged,contact_pages,info@japanspecialist.com,,,,info@japanspecialist.com,valid=0; invalid=0; risky=0; unknown=1
7080,>30M,accentpos.com,yes,,,https://jameslomas.typeform.com/to/B22czq ; https://jameslomas.typeform.com/to/txcSE8,0,,,no_public_email_found,not_flagged,contact_pages,,,,,,valid=0; invalid=0; risky=0; unknown=0
7081,>30M,wysp.it,no,,,,0,,,no_public_email_found,not_flagged,contact_pages,,,,,,valid=0; invalid=0; risky=0; unknown=0
7082,>30M,ordinaryobjects.org,yes,,,https://embed.typeform.com/ ; https://mixlondon.typeform.com/to/ztEZk3,0,,exhibit@ordinaryobjects.org,showing_email_candidates,not_flagged,contact_pages,,,,,,valid=0; invalid=0; risky=0; unknown=0
7083,>30M,reiradio.com,yes,,,,0,,,no_public_email_found,not_flagged,contact_pages,,,,,,valid=0; invalid=0; risky=0; unknown=0
7084,>30M,staffordvirginiarealestate.com,yes,,,,0,,,no_public_email_found,not_flagged,contact_pages,,,,,,valid=0; invalid=0; risky=0; unknown=0
7085,>30M,123financials.com,no,,,,0,,sales@123financials.com,showing_email_candidates,not_flagged,contact_pages,sales@123financials.com,,,,sales@123financials.com,valid=0; invalid=0; risky=0; unknown=1
7086,>30M,colombiatraveladventure.com,yes,,,,0,,,no_public_email_found,not_flagged,contact_pages,,,,,,valid=0; invalid=0; risky=0; unknown=0
7087,>30M,iconic-insurance.com,yes,,,,0,,aaron@iconic-insurance.com ; support@iconic-insurance.com,showing_email_candidates,not_flagged,contact_pages,support@iconic-insurance.com,,,,support@iconic-insurance.com,valid=0; invalid=0; risky=0; unknown=1
7088,>30M,tradingspacesinvestments.com,no,,,,0,,tsi@tradingspacesinvestments.com,showing_email_candidates,not_flagged,contact_pages,,,,,,valid=0; invalid=0; risky=0; unknown=0
7089,>30M,bismarckmemorial.com,no,,,,0,,,no_public_email_found,not_flagged,contact_pages,,,,,,valid=0; invalid=0; risky=0; unknown=0
7090,>30M,jemataxes.com,no,,,,0,,info@jemataxes.com,showing_email_candidates,not_flagged,contact_pages,info@jemataxes.com,,,,info@jemataxes.com,valid=0; invalid=0; risky=0; unknown=1
7091,>30M,poshpacking.com,yes,,,https://0x6qp0ir57j.typeform.com/to/Ibu79RmD,0,,valeria@poshpacking.com,showing_email_candidates,not_flagged,contact_pages,,,,,,valid=0; invalid=0; risky=0; unknown=0
7092,>30M,cellmedclinics.com,yes,,,,0,,support@cellmedclinics.com,showing_email_candidates,not_flagged,contact_pages,support@cellmedclinics.com,,,,support@cellmedclinics.com,valid=0; invalid=0; risky=0; unknown=1
7093,>30M,ndalem.com,no,,,,0,,,no_public_email_found,not_flagged,contact_pages,,,,,,valid=0; invalid=0; risky=0; unknown=0
7094,>30M,hoogtestage.org,yes,,,https://embed.typeform.com/ ; https://travelbase.typeform.com/to/UERWLGTr,0,,d020ffd2748b1ad387ba8eb63675f2ac@o4505114921795584.ingest.us.sentry.io ; info@hoogtestage.org,showing_email_candidates,not_flagged,contact_pages,info@hoogtestage.org,,,,info@hoogtestage.org,valid=0; invalid=0; risky=0; unknown=1
7095,>30M,merbi.com,yes,,,,0,,,no_public_email_found,not_flagged,contact_pages,,,,,,valid=0; invalid=0; risky=0; unknown=0
7096,>30M,rimcountryhome.com,yes,,,https://embed.typeform.com/ ; https://kaylapercell.typeform.com/to/sbCw7D,0,,,no_public_email_found,not_flagged,contact_pages,,,,,,valid=0; invalid=0; risky=0; unknown=0
7097,>30M,davidwilliamphotography.com,yes,,,https://686y8f833on.typeform.com/to/DdnmUj3j,0,,david@davidwilliamphotography.com,showing_email_candidates,not_flagged,contact_pages,,,,,,valid=0; invalid=0; risky=0; unknown=0
7098,>30M,fract.co,yes,,,https://luke634488.typeform.com/to/o0RTkTLQ,0,,invest@fract.co ; privacy@fract.co,showing_email_candidates,not_flagged,contact_pages,,,,,,valid=0; invalid=0; risky=0; unknown=0
7099,>30M,sandraruizconsulting.com,no,,,,0,,sandra@sandraruizconsulting.com,showing_email_candidates,not_flagged,contact_pages,,,,,,valid=0; invalid=0; risky=0; unknown=0
7100,>30M,awaytoitaly.com,yes,,,https://form.typeform.com/to/ZPW0suqd,0,,gsap@3.13.0,showing_email_candidates,not_flagged,contact_pages,,,,,,valid=0; invalid=0; risky=0; unknown=0
7101,>30M,accidentadvocates.org,no,,,,0,,jplessas@jurislead.com,showing_email_candidates,not_flagged,contact_pages,,,,,,valid=0; invalid=0; risky=0; unknown=0
7102,>30M,bestmassagemiami.com,no,,,https://embed.typeform.com/,0,,,no_public_email_found,not_flagged,contact_pages,,,,,,valid=0; invalid=0; risky=0; unknown=0
7103,>30M,bethanydotson.com,yes,,,https://bethanydotson.typeform.com/to/yeXeL0RN,0,,bethany@bethanydotson.com,showing_email_candidates,not_flagged,contact_pages,,,,,,valid=0; invalid=0; risky=0; unknown=0
7104,>30M,cwcremodeling.com,no,,,,0,,,no_public_email_found,not_flagged,contact_pages,,,,,,valid=0; invalid=0; risky=0; unknown=0
7105,>30M,ckjproperties.com,no,,,,0,,,no_public_email_found,not_flagged,contact_pages,,,,,,valid=0; invalid=0; risky=0; unknown=0
7106,>30M,beautyandlightsolutions.com,yes,,,https://beautyandlight.typeform.com/to/EBkKF2,0,,info@beautyandlightsolutions.com,showing_email_candidates,not_flagged,contact_pages,info@beautyandlightsolutions.com,,,,info@beautyandlightsolutions.com,valid=0; invalid=0; risky=0; unknown=1
7107,>30M,brunaeandre.com.br,no,,,,0,,,no_public_email_found,not_flagged,contact_pages,,,,,,valid=0; invalid=0; risky=0; unknown=0
7108,>30M,underthesuninserts.com,no,,,https://embed.typeform.com/,0,,info@underthesuninserts.com ; no-image-160-46f2d4a0_115x@2x.gif ; utsi_logo_trademark_update_5429f816-c4ce-4cf5-9436-90153d8a5407_130x@2x.png ; utsi_logo_trademark_update_5429f816-c4ce-4cf5-9436-90153d8a5407_150x@2x.png,showing_email_candidates,not_flagged,contact_pages,info@underthesuninserts.com,,,,info@underthesuninserts.com,valid=0; invalid=0; risky=0; unknown=1
7109,>30M,iki-inc.net,no,,,https://images.typeform.com/,0,,millsta_landscape@2x.png ; millsta_portrait@2x.png,showing_email_candidates,not_flagged,contact_pages,,,,,,valid=0; invalid=0; risky=0; unknown=0
7110,>30M,creditreplenish.com,no,,,,0,,,no_public_email_found,not_flagged,contact_pages,,,,,,valid=0; invalid=0; risky=0; unknown=0
7111,>30M,linusersson.com,no,,,,0,,,no_public_email_found,not_flagged,contact_pages,,,,,,valid=0; invalid=0; risky=0; unknown=0
7112,>30M,radioyacht.com,yes,,,https://embed.typeform.com/,0,,,no_public_email_found,not_flagged,contact_pages,,,,,,valid=0; invalid=0; risky=0; unknown=0
7113,>30M,gartendorf.at,no,,,,0,,,no_public_email_found,not_flagged,contact_pages,,,,,,valid=0; invalid=0; risky=0; unknown=0
7114,>30M,colegioarturo.com,no,,,,0,,,no_public_email_found,not_flagged,contact_pages,,,,,,valid=0; invalid=0; risky=0; unknown=0
7115,>30M,officinadelferro.it,no,,,http://www.typeform.com/,0,,commerciale@officinadelferro.it,showing_email_candidates,not_flagged,contact_pages,,,,,,valid=0; invalid=0; risky=0; unknown=0
7116,>30M,yavin.com,yes,,,https://21bb.pro.typeform.com/to/Ptk3nuXa ; https://21bb.typeform.com/,0,,lenis@1.1.17,showing_email_candidates,not_flagged,contact_pages,,,,,,valid=0; invalid=0; risky=0; unknown=0
7117,>30M,erceflora.com,no,,,,0,,,no_public_email_found,not_flagged,contact_pages,,,,,,valid=0; invalid=0; risky=0; unknown=0
7118,>30M,moregooddays.com,yes,,,https://21pl3f1rk96.typeform.com/to/Dsq5V4b9,0,,90c57ab9a16ef4beff104fb5a3b8eff7@o4505459186008064.ingest.us.sentry.io ; hello@moregooddays.com ; intl-tel-input@25.12.5 ; sample@moregooddays.com,showing_email_candidates,not_flagged,contact_pages,hello@moregooddays.com,hello@moregooddays.com,,,,valid=1; invalid=0; risky=0; unknown=0
7119,>30M,wealthalchemy.com,yes,,,,0,,,no_public_email_found,not_flagged,contact_pages,,,,,,valid=0; invalid=0; risky=0; unknown=0
7120,>30M,bestdirectmailcompanies.com,no,,,https://embed.typeform.com/,0,,,no_public_email_found,not_flagged,contact_pages,,,,,,valid=0; invalid=0; risky=0; unknown=0
7121,>30M,makenotion.com,no,,,,0,,,no_public_email_found,not_flagged,contact_pages,,,,,,valid=0; invalid=0; risky=0; unknown=0
7122,>30M,cloudoor.com,no,,,https://embed.typeform.com/,0,,,no_public_email_found,not_flagged,contact_pages,,,,,,valid=0; invalid=0; risky=0; unknown=0
7123,>30M,finditpr.com,no,,,,0,,contacto@empresa.com ; ejemplo@correo.com ; gerardo.aponte@gmail.com ; jaime@myrealty.com ; jorge.ginorio@hotmail.com ; tucorreo@ejemplo.com,showing_email_candidates,not_flagged,contact_pages,,,,,,valid=0; invalid=0; risky=0; unknown=0
7124,>30M,cbcmcdonough.com,no,,,,0,,info@cbcmcdonough.com,showing_email_candidates,not_flagged,contact_pages,info@cbcmcdonough.com,,,,info@cbcmcdonough.com,valid=0; invalid=0; risky=0; unknown=1
7125,>30M,diamondbackmedical.com,yes,,,,0,,,no_public_email_found,not_flagged,contact_pages,,,,,,valid=0; invalid=0; risky=0; unknown=0
7126,>30M,vandervalkhotelalmere.com,no,,,,0,,,no_public_email_found,not_flagged,contact_pages,,,,,,valid=0; invalid=0; risky=0; unknown=0
7127,>30M,notforgranted.org,yes,,,https://admin.typeform.com/ ; https://eidosfoundation.typeform.com/to/LLogTW ; https://embed.typeform.com/ ; https://form.typeform.com/to/PqwNeTzL,0,,,no_public_email_found,not_flagged,contact_pages,,,,,,valid=0; invalid=0; risky=0; unknown=0
7128,>30M,800pain.com,no,,,,0,,,no_public_email_found,not_flagged,contact_pages,,,,,,valid=0; invalid=0; risky=0; unknown=0
7129,>30M,jacquotascenseurs.fr,no,,,,0,,contact@jacquotascenseurs.fr,showing_email_candidates,not_flagged,contact_pages,contact@jacquotascenseurs.fr,,contact@jacquotascenseurs.fr,,,valid=0; invalid=1; risky=0; unknown=0
7130,>30M,poweredbypeople.com,no,,,,0,,,no_public_email_found,not_flagged,contact_pages,,,,,,valid=0; invalid=0; risky=0; unknown=0
7131,>30M,mavericksbuilders.com,no,,,,0,,,no_public_email_found,not_flagged,contact_pages,,,,,,valid=0; invalid=0; risky=0; unknown=0
7132,>30M,seijyuen.jp,no,,,,0,,,no_public_email_found,not_flagged,contact_pages,,,,,,valid=0; invalid=0; risky=0; unknown=0
7133,>30M,outlogic.net,yes,,,https://j9e92jzbed5.typeform.com/to/asoCP5Jp,0,,,no_public_email_found,not_flagged,contact_pages,,,,,,valid=0; invalid=0; risky=0; unknown=0
7134,>30M,coomunidad.com,yes,,,https://form.typeform.com/to/xZypbpBd,0,,contacto@coomunidad.com,showing_email_candidates,not_flagged,contact_pages,,,,,,valid=0; invalid=0; risky=0; unknown=0
7135,>30M,validemail.net,no,,,,0,,name@company.com ; validemailnet@gmail.com,showing_email_candidates,not_flagged,contact_pages,,,,,,valid=0; invalid=0; risky=0; unknown=0
7136,>30M,area92.com,yes,,,https://embed.typeform.com/ ; https://ibjack.typeform.com/to/eNfg4Q,0,,,no_public_email_found,not_flagged,contact_pages,,,,,,valid=0; invalid=0; risky=0; unknown=0
7137,>30M,simlogsolutions.com,no,,,,0,,slick-carousel@1.8.1,showing_email_candidates,not_flagged,contact_pages,,,,,,valid=0; invalid=0; risky=0; unknown=0
7138,>30M,studiochiola.it,no,,,,0,,,no_public_email_found,not_flagged,contact_pages,,,,,,valid=0; invalid=0; risky=0; unknown=0
7139,>30M,startify.be,yes,,,https://f0qc462kkpa.typeform.com/to/wpYKEoMt,0,,voorbeeld@mail.com,showing_email_candidates,not_flagged,contact_pages,,,,,,valid=0; invalid=0; risky=0; unknown=0
7140,>30M,hetkanbeter.nl,yes,,,,0,,info@hetkanbeter.nl,showing_email_candidates,not_flagged,contact_pages,info@hetkanbeter.nl,,,,info@hetkanbeter.nl,valid=0; invalid=0; risky=0; unknown=1
7141,>30M,animalfarmcreative.com,yes,,,https://admin.typeform.com/ ; https://embed.typeform.com/ ; https://jason519872.typeform.com/to/c6ecLH,0,,david@animalfarmcreative.com ; evan@animalfarmcreative.com ; jason@animalfarmcreative.com ; ross@animalfarmcreative.com,showing_email_candidates,not_flagged,contact_pages,,,,,,valid=0; invalid=0; risky=0; unknown=0
7142,>30M,superiormonument.com,no,,,,0,,,no_public_email_found,not_flagged,contact_pages,,,,,,valid=0; invalid=0; risky=0; unknown=0
7143,>30M,startstrumming.com,no,,,,0,,,no_public_email_found,not_flagged,contact_pages,,,,,,valid=0; invalid=0; risky=0; unknown=0
7144,>30M,bettamediagroup.com,yes,,,https://embed.typeform.com/ ; https://hoi1scakwcm.typeform.com/to/oDKqrKlH,0,,,no_public_email_found,not_flagged,contact_pages,,,,,,valid=0; invalid=0; risky=0; unknown=0
7145,>30M,amwdesign.com.au,yes,,,https://nkucnj55qvt.typeform.com/to/neAYGHDj,0,,hello@amwdesign.com.au,showing_email_candidates,not_flagged,contact_pages,hello@amwdesign.com.au,,hello@amwdesign.com.au,,,valid=0; invalid=1; risky=0; unknown=0
7146,>30M,trackdrive.com,no,,,,0,,support@trackdrive.com,showing_email_candidates,not_flagged,contact_pages,support@trackdrive.com,,,,support@trackdrive.com,valid=0; invalid=0; risky=0; unknown=1
7147,>30M,maggiekelly.com,yes,,,,0,,,no_public_email_found,not_flagged,contact_pages,,,,,,valid=0; invalid=0; risky=0; unknown=0
7148,>30M,embryochoice.com,no,,,,0,,,no_public_email_found,not_flagged,contact_pages,,,,,,valid=0; invalid=0; risky=0; unknown=0
7149,>30M,flowbio.com,yes,,,https://form.typeform.com/to/yUUrQTQ8,0,,roel@flowbio.com ; team@flowbio.com ; u003eteam@flowbio.com,showing_email_candidates,not_flagged,contact_pages,team@flowbio.com,,,,team@flowbio.com,valid=0; invalid=0; risky=0; unknown=1
7150,>30M,sweatpals.com,no,,,https://svl3z49916w.typeform.com/,0,,slick-carousel@1.8.1 ; splide-extension-auto-scroll@0.5.3 ; splide@4.1.4,showing_email_candidates,not_flagged,contact_pages,,,,,,valid=0; invalid=0; risky=0; unknown=0
7151,>30M,africamedicalaid.org,yes,,,,0,,,no_public_email_found,not_flagged,contact_pages,,,,,,valid=0; invalid=0; risky=0; unknown=0
7152,>30M,esseassociati.it,yes,,,,0,,,no_public_email_found,not_flagged,contact_pages,,,,,,valid=0; invalid=0; risky=0; unknown=0
7153,>30M,swipecheap.com,no,,,,0,,rob@simple.biz,showing_email_candidates,not_flagged,contact_pages,,,,,,valid=0; invalid=0; risky=0; unknown=0
7154,>30M,carwow.es,no,,,,0,,ayuda@carwow.es ; compressorjs@1.2.1 ; dropzone@6.0.0-beta.2 ; exif-js@2.3.0 ; just-extend@5.1.1,showing_email_candidates,not_flagged,contact_pages,,,,,,valid=0; invalid=0; risky=0; unknown=0
7155,>30M,robertaemarcos.com.br,no,,,,0,,,no_public_email_found,not_flagged,contact_pages,,,,,,valid=0; invalid=0; risky=0; unknown=0
7156,>30M,carlaericardo.com.br,no,,,https://embed.typeform.com/,0,,reserva@beirariopalacehotel.com.br,showing_email_candidates,not_flagged,contact_pages,,,,,,valid=0; invalid=0; risky=0; unknown=0
7157,>30M,eastvillagedentalcentre.ca,no,,,,0,,slick-carousel@1.8.1,showing_email_candidates,not_flagged,contact_pages,,,,,,valid=0; invalid=0; risky=0; unknown=0
7158,>30M,highspire.com,no,,,,0,,,no_public_email_found,not_flagged,contact_pages,,,,,,valid=0; invalid=0; risky=0; unknown=0
7159,>30M,lowpoly.info,yes,,,https://embed.typeform.com/ ; https://lowpoly316234.typeform.com/to/BoyzN0,0,,info@lowpoly.info,showing_email_candidates,not_flagged,contact_pages,info@lowpoly.info,,,,info@lowpoly.info,valid=0; invalid=0; risky=0; unknown=1
7160,>30M,makedigital.ca,yes,,,https://form.typeform.com/to/raaJ7r9f,0,,ben.hofer@makedigital.ca ; gsap@3.12.5 ; info@makedigital.ca ; jay.jeating@makedigital.ca ; jay.keating@makedigital.ca ; lenis@1.2.3 ; lenis@1.3.1 ; michael.fess@makedigital.ca ; typed.js@2.0.12,showing_email_candidates,not_flagged,contact_pages,info@makedigital.ca,,,,info@makedigital.ca,valid=0; invalid=0; risky=0; unknown=1
7161,>30M,rebelliouscoaching.com,no,,,,0,,,no_public_email_found,not_flagged,contact_pages,,,,,,valid=0; invalid=0; risky=0; unknown=0
7162,>30M,bis.pt,no,,,https://form.typeform.com/,0,,fduarte@bis.pt ; geral@bis.pt,showing_email_candidates,not_flagged,contact_pages,,,,,,valid=0; invalid=0; risky=0; unknown=0
7163,>30M,theschoolofdriving.com,no,,,http://form.typeform.com/ ; http://renderer-assets.typeform.com/,0,,learn@theschoolofdriving.com ; learn@universityofdriving.com,showing_email_candidates,not_flagged,contact_pages,,,,,,valid=0; invalid=0; risky=0; unknown=0
7164,>30M,lucent.com.au,yes,,,,0,,,no_public_email_found,not_flagged,contact_pages,,,,,,valid=0; invalid=0; risky=0; unknown=0
7165,>30M,dneadiamonds.com,no,,,,0,,,no_public_email_found,not_flagged,contact_pages,,,,,,valid=0; invalid=0; risky=0; unknown=0
7166,>30M,infinityrre.com,yes,,,,0,,,no_public_email_found,not_flagged,contact_pages,,,,,,valid=0; invalid=0; risky=0; unknown=0
7167,>30M,solhaga.se,no,,,,0,,,no_public_email_found,not_flagged,contact_pages,,,,,,valid=0; invalid=0; risky=0; unknown=0
7168,>30M,realacademia.com.br,no,,,,0,,animate.css@3.5.2 ; bootstrap-datepicker@1.8.0 ; bootstrap-multiselect@0.9.13 ; bootstrap-select@1.13.10 ; bootstrap@4.1.1 ; datatables.net@1.10.19 ; ekko-lightbox@5.3.0 ; flexboxgrid@6.3.1 ; fullcalendar@3.9.0 ; gijgo@1.9.11 ; jquery-mask-plugin@1.14.15 ; jquery@3.4.1 ; lottie-player@2.0.12 ; moment@2.30.1 ; popper.js@1.14.3 ; slim-select@1.26.0,showing_email_candidates,not_flagged,contact_pages,,,,,,valid=0; invalid=0; risky=0; unknown=0
7169,>30M,online-marketing-tools.nl,no,,,,0,,,no_public_email_found,not_flagged,contact_pages,,,,,,valid=0; invalid=0; risky=0; unknown=0
7170,>30M,bambuwholesale.com,yes,,,https://bambuhome.typeform.com/to/o9WL4xYn,0,,1_percent_800x@2x.png ; 2_800x@2x.png ; alpinejs@3.13.0.min.js ; bambu_journey_2025_800x@2x.png ; bambu_team_montage_1600x@2x.png ; climate_800x@2x.png ; dsc4815_1600x_2x_1600x_2x_e5fa5ef9-4865-4638-bc7b-1832a5ac5cb0_1600x@2x.jpg ; forbes_600x_2x_600x_2x_13a56f77-17d6-4504-9ec9-73f01e0fcead_600x@2x.png ; img_3052_900x_2x_900x_2x_dc3ac3dd-79d9-4853-8b34-ab0666efd724_900x@2x.jpg ; lodash@4.17.21 ; logos_1600x_2x_1600x_2x_fa14332a-4535-40e5-bc92-96f49c61eaac_1600x@2x.png ; your@email.com,showing_email_candidates,not_flagged,contact_pages,,,,,,valid=0; invalid=0; risky=0; unknown=0
7171,>30M,alisharicetattoo.com,no,,,,0,,alisha@alisharice.com ; alisharicetattoo@gmail.com,showing_email_candidates,not_flagged,contact_pages,,,,,,valid=0; invalid=0; risky=0; unknown=0
7172,>30M,swagtail.com,yes,,,https://form.typeform.com/to/FgRh0xoM,0,,,no_public_email_found,not_flagged,contact_pages,,,,,,valid=0; invalid=0; risky=0; unknown=0
7173,>30M,booper.com,yes,,,https://embed.typeform.com/ ; https://markbroadwater.typeform.com/ ; https://markbroadwater.typeform.com/to/aK46Kb,0,,logo_x120@2x.png ; logo_x80@2x.png ; select2@4.1.0-beta.1,showing_email_candidates,not_flagged,contact_pages,,,,,,valid=0; invalid=0; risky=0; unknown=0
7174,>30M,hycu.com,no,,,,0,,info@hycu.com ; support@hycu.com,showing_email_candidates,not_flagged,contact_pages,info@hycu.com ; support@hycu.com,,,,info@hycu.com ; support@hycu.com,valid=0; invalid=0; risky=0; unknown=2
7175,>30M,on-connect.de,yes,,,https://form.typeform.com/to/SUx3NEre,0,,info@on-connect.de ; team@on-connect.de,showing_email_candidates,not_flagged,contact_pages,info@on-connect.de ; team@on-connect.de,,,,info@on-connect.de ; team@on-connect.de,valid=0; invalid=0; risky=0; unknown=2
7176,>30M,benipedia.com,no,,,https://unlimitedrange.typeform.com/,0,,,no_public_email_found,not_flagged,contact_pages,,,,,,valid=0; invalid=0; risky=0; unknown=0
7177,>30M,laingsburgheating.com,no,,,,0,,info@tylerheating.com,showing_email_candidates,not_flagged,contact_pages,,,,,,valid=0; invalid=0; risky=0; unknown=0
7178,>30M,primaconsulting.biz,yes,,,,0,,,no_public_email_found,not_flagged,contact_pages,,,,,,valid=0; invalid=0; risky=0; unknown=0
7179,>30M,holydiner.com,no,,,,0,,,no_public_email_found,not_flagged,contact_pages,,,,,,valid=0; invalid=0; risky=0; unknown=0
7180,>30M,lesengages.be,no,,,,0,,audrey.jacquiez@diplobel.fed.be ; augustin.guissard@lesengages.be ; charles-dupont@gmail.com ; ckamango@parlement.brussels ; delara.pouya@matz.fed.be ; didier.defawe@lesengages.be ; emeline.huvelle@crucke.fed.be ; emmanuel.foulon@europarl.europa.eu ; info@lesengages.be ; jerome.hardy@gov.wallonie.be ; jquery-validation@1.17.0 ; jquery-validation@1.19.3 ; marc.debont@gov.cfwb.be ; margaux.leonard@gov.wallonie.be ; marine.lambrecht@lesengages.be ; michiel.petitjean@europarl.europa.eu ; quentin.parys@lesengages.be ; sebastien.debock@lesengages.be ; secretariatpw@lesengages.be ; stephanie.gomins@gov.wallonie.be ; valerie.lescrenier@gov.wallonie.be,showing_email_candidates,not_flagged,contact_pages,info@lesengages.be,,,,info@lesengages.be,valid=0; invalid=0; risky=0; unknown=1
7181,>30M,ghfinc.net,no,,,,0,,,no_public_email_found,not_flagged,contact_pages,,,,,,valid=0; invalid=0; risky=0; unknown=0
7182,>30M,iipm4psquiz.com,no,,,,0,,,no_public_email_found,not_flagged,contact_pages,,,,,,valid=0; invalid=0; risky=0; unknown=0
7183,>30M,simplifiedworkflows.com,no,,,,0,,support@simplifiedworkflows.com,showing_email_candidates,not_flagged,contact_pages,support@simplifiedworkflows.com,,,,support@simplifiedworkflows.com,valid=0; invalid=0; risky=0; unknown=1
7184,>30M,renaissance-signs.com,no,,,https://tattoogeeks.typeform.com/,0,,ecom-swiper@11.0.5.js ; ecom-swiper@11.css,showing_email_candidates,not_flagged,contact_pages,,,,,,valid=0; invalid=0; risky=0; unknown=0
7185,>30M,sugitakinsyo.com,no,,,,0,,,no_public_email_found,not_flagged,contact_pages,,,,,,valid=0; invalid=0; risky=0; unknown=0
7186,>30M,hyplr.com,no,,,,0,,email@website.com,showing_email_candidates,not_flagged,contact_pages,,,,,,valid=0; invalid=0; risky=0; unknown=0
7187,>30M,hdis.at,no,,,https://embed.typeform.com/,0,,office@hdis.at,showing_email_candidates,not_flagged,contact_pages,office@hdis.at,,,,office@hdis.at,valid=0; invalid=0; risky=0; unknown=1
7188,>30M,future-doc.com,no,,,,0,,,no_public_email_found,not_flagged,contact_pages,,,,,,valid=0; invalid=0; risky=0; unknown=0
7189,>30M,wul4.com,no,,,,0,,,no_public_email_found,not_flagged,contact_pages,,,,,,valid=0; invalid=0; risky=0; unknown=0
7190,>30M,icompliance.com,no,,,https://brief.typeform.com/,0,,hello@rfuenzalida.com ; impallari@gmail.com ; matt@pixelspread.com,showing_email_candidates,not_flagged,contact_pages,,,,,,valid=0; invalid=0; risky=0; unknown=0
7191,>30M,linkpaw.com,no,,,,0,,,no_public_email_found,not_flagged,contact_pages,,,,,,valid=0; invalid=0; risky=0; unknown=0
7192,>30M,onseforme.com,yes,,,https://seriouslead.typeform.com/to/TqhRfV,0,,,no_public_email_found,not_flagged,contact_pages,,,,,,valid=0; invalid=0; risky=0; unknown=0
7193,>30M,adsftw.com,no,,,,0,,,no_public_email_found,not_flagged,contact_pages,,,,,,valid=0; invalid=0; risky=0; unknown=0
7194,>30M,capitalsolutiongroup.com,yes,,,,0,,,no_public_email_found,not_flagged,contact_pages,,,,,,valid=0; invalid=0; risky=0; unknown=0
7195,>30M,innodesigntechexpo.com,no,,,,0,,,no_public_email_found,not_flagged,contact_pages,,,,,,valid=0; invalid=0; risky=0; unknown=0
7196,>30M,chairsell.de,no,,,,0,,info@chairsell.de,showing_email_candidates,not_flagged,contact_pages,info@chairsell.de,,,,info@chairsell.de,valid=0; invalid=0; risky=0; unknown=1
7197,>30M,lapresselibre.info,no,,,,0,,adalberto.bins@bashirian.com ; berge.delores@shields.com ; carmella.jacobson@homenick.com ; contact@arretsurimages.net ; contact@reflets.info ; madge.kilback@kling.com ; morgane.lapresselibre@gmail.com ; qharvey@watsica.net,showing_email_candidates,not_flagged,contact_pages,,,,,,valid=0; invalid=0; risky=0; unknown=0
7198,>30M,winebehindthelabel.com,yes,,,,0,,,no_public_email_found,not_flagged,contact_pages,,,,,,valid=0; invalid=0; risky=0; unknown=0
7199,>30M,shouei-care.com,no,,,,0,,,no_public_email_found,not_flagged,contact_pages,,,,,,valid=0; invalid=0; risky=0; unknown=0
7200,>30M,coyu.com,no,,,,0,,care@coyu.com,showing_email_candidates,not_flagged,contact_pages,,,,,,valid=0; invalid=0; risky=0; unknown=0
7201,>30M,seedooh.com,yes,,,https://form.typeform.com/to/E0bU6zQj,0,,help@seedooh.com,showing_email_candidates,not_flagged,contact_pages,help@seedooh.com,help@seedooh.com,,,,valid=1; invalid=0; risky=0; unknown=0
7202,>30M,soli-deo-gloria.net,yes,,,https://form.typeform.com/to/weDvAHyu,0,,nsolideo.cleaningservicellc@gmail.com,showing_email_candidates,not_flagged,contact_pages,,,,,,valid=0; invalid=0; risky=0; unknown=0
7203,>30M,e-macrom.com,no,,,,0,,,no_public_email_found,not_flagged,contact_pages,,,,,,valid=0; invalid=0; risky=0; unknown=0
7204,>30M,tradiepages.com,no,,,,0,,,no_public_email_found,not_flagged,contact_pages,,,,,,valid=0; invalid=0; risky=0; unknown=0
7205,>30M,bianutrition.com,no,,,https://bianutrition.typeform.com/,0,,email@example.com ; michelle@bianutrition.com,showing_email_candidates,not_flagged,contact_pages,,,,,,valid=0; invalid=0; risky=0; unknown=0
7206,>30M,nakashimakk.com,no,,,,0,,,no_public_email_found,not_flagged,contact_pages,,,,,,valid=0; invalid=0; risky=0; unknown=0
7207,>30M,danisoler.com,yes,,,https://embed.typeform.com/ ; https://form.typeform.com/to/ZJSpwyqv,0,,,no_public_email_found,not_flagged,contact_pages,,,,,,valid=0; invalid=0; risky=0; unknown=0
7208,>30M,marketboosters.com,no,,,,0,,services@marketboosters.ca,showing_email_candidates,not_flagged,contact_pages,,,,,,valid=0; invalid=0; risky=0; unknown=0
7209,>30M,thebestautoglass.com,yes,,,,0,,,no_public_email_found,not_flagged,contact_pages,,,,,,valid=0; invalid=0; risky=0; unknown=0
7210,>30M,squareonerealestate.com,no,,,,0,,,no_public_email_found,not_flagged,contact_pages,,,,,,valid=0; invalid=0; risky=0; unknown=0
7211,>30M,ripq.net,no,,,,0,,,no_public_email_found,not_flagged,contact_pages,,,,,,valid=0; invalid=0; risky=0; unknown=0
7212,>30M,movermarketing.com,yes,,,,0,,,no_public_email_found,not_flagged,contact_pages,,,,,,valid=0; invalid=0; risky=0; unknown=0
7213,>30M,johnsonrefrigeration.com,yes,,,https://embed.typeform.com/ ; https://form.typeform.com/to/y76hM50M,0,,johnrefriginc@yahoo.com,showing_email_candidates,not_flagged,contact_pages,,,,,,valid=0; invalid=0; risky=0; unknown=0
7214,>30M,evergreentinyhomes.com,yes,,,,0,,,no_public_email_found,not_flagged,contact_pages,,,,,,valid=0; invalid=0; risky=0; unknown=0
7215,>30M,almacare.it,yes,,,https://fo9aytrzjfy.typeform.com/ ; https://fo9aytrzjfy.typeform.com/to/ReyQa2B2,0,,info@almacare.it,showing_email_candidates,not_flagged,contact_pages,info@almacare.it,,,,info@almacare.it,valid=0; invalid=0; risky=0; unknown=1
7216,>30M,lightcollective.org,yes,,,https://lightcollective.typeform.com/,0,,,no_public_email_found,not_flagged,contact_pages,,,,,,valid=0; invalid=0; risky=0; unknown=0
7217,>30M,threeloker.com,no,,,,0,,,no_public_email_found,not_flagged,contact_pages,,,,,,valid=0; invalid=0; risky=0; unknown=0
7218,>30M,recruited.eu,yes,,,https://9mcotnnccly.typeform.com/to/dGSvjsKc,0,,,no_public_email_found,not_flagged,contact_pages,,,,,,valid=0; invalid=0; risky=0; unknown=0
7219,>30M,functionalhealthcaresolutions.com,yes,,,,0,,,no_public_email_found,not_flagged,contact_pages,,,,,,valid=0; invalid=0; risky=0; unknown=0
7220,>30M,crearcontrato.com,yes,,,https://25xxruj1lfq.typeform.com/ ; https://25xxruj1lfq.typeform.com/to/e6VQW6nN ; https://25xxruj1lfq.typeform.com/to/EFSylhiC ; https://25xxruj1lfq.typeform.com/to/ftnkaREO ; https://25xxruj1lfq.typeform.com/to/hkYdG9Jw ; https://25xxruj1lfq.typeform.com/to/tQcxmndS,0,,,no_public_email_found,not_flagged,contact_pages,,,,,,valid=0; invalid=0; risky=0; unknown=0
7221,>30M,busygirlclub.com,yes,,,https://50imvbbkvac.typeform.com/to/sb6v3fkt,0,,hello@busygirlclub.com,showing_email_candidates,not_flagged,contact_pages,hello@busygirlclub.com,hello@busygirlclub.com,,,,valid=1; invalid=0; risky=0; unknown=0
7222,>30M,ethosfilms.com,yes,,,https://ethosfilms.typeform.com/to/RpEEHb,0,,info@ethosfilms.com,showing_email_candidates,not_flagged,contact_pages,info@ethosfilms.com,,,,info@ethosfilms.com,valid=0; invalid=0; risky=0; unknown=1
7223,>30M,socialsecuritymichigan.com,no,,,,0,,,no_public_email_found,not_flagged,contact_pages,,,,,,valid=0; invalid=0; risky=0; unknown=0
7224,>30M,marianaedanilo.com.br,no,,,,0,,,no_public_email_found,not_flagged,contact_pages,,,,,,valid=0; invalid=0; risky=0; unknown=0
7225,>30M,businessarchitects.com.au,no,,,,0,,press@businessarchitects.au,showing_email_candidates,not_flagged,contact_pages,,,,,,valid=0; invalid=0; risky=0; unknown=0
7226,>30M,clubreis.nl,yes,,,,0,,,no_public_email_found,not_flagged,contact_pages,,,,,,valid=0; invalid=0; risky=0; unknown=0
7227,>30M,kitchencabinetshamilton.ca,yes,,,https://embed.typeform.com/ ; https://revupgroup.typeform.com/to/Mdm3AH,0,,besh@crtech.ca ; info@crtech.ca,showing_email_candidates,not_flagged,contact_pages,,,,,,valid=0; invalid=0; risky=0; unknown=0
7228,>30M,accrocine.com,no,,,,0,,,no_public_email_found,not_flagged,contact_pages,,,,,,valid=0; invalid=0; risky=0; unknown=0
7229,>30M,optimability.com,yes,,,https://embed.typeform.com/,0,,founder@company.com,showing_email_candidates,not_flagged,contact_pages,,,,,,valid=0; invalid=0; risky=0; unknown=0
7230,>30M,everybodyknows.co,no,,,https://images.typeform.com/ ; https://public-assets.typeform.com/,0,,2019_ek-communication_on-pacific@2x-uai-258x167.png ; 2019_ek-communication_on-pacific@2x.png ; 2019_ek-communication_on-psychedelic@2x-uai-258x167.png ; 2019_ek-communication_on-psychedelic@2x.png,showing_email_candidates,not_flagged,contact_pages,,,,,,valid=0; invalid=0; risky=0; unknown=0
7231,>30M,weareoneofone.com,no,,,,0,,,no_public_email_found,not_flagged,contact_pages,,,,,,valid=0; invalid=0; risky=0; unknown=0
7232,>30M,fabiocaseri.com,yes,,,,0,,,no_public_email_found,not_flagged,contact_pages,,,,,,valid=0; invalid=0; risky=0; unknown=0
7233,>30M,massonfreres.com,yes,,,https://embed.typeform.com/ ; https://form.typeform.com/to/mjbDuMCz,0,,,no_public_email_found,not_flagged,contact_pages,,,,,,valid=0; invalid=0; risky=0; unknown=0
7234,>30M,makemoreprofit.com,no,,,,0,,,no_public_email_found,not_flagged,contact_pages,,,,,,valid=0; invalid=0; risky=0; unknown=0
7235,>30M,servimar.cl,yes,,,,0,,alveal@servimar.cl ; denuncias@servimar.cl ; peterman@servimar.cl ; secretaria@servimar.cl,showing_email_candidates,not_flagged,contact_pages,,,,,,valid=0; invalid=0; risky=0; unknown=0
7236,>30M,suitedstudio.com,no,,,,0,,studio@looksuited.com,showing_email_candidates,not_flagged,contact_pages,,,,,,valid=0; invalid=0; risky=0; unknown=0
7237,>30M,gemmarketingint.com,no,,,,0,,,no_public_email_found,not_flagged,contact_pages,,,,,,valid=0; invalid=0; risky=0; unknown=0
7238,>30M,fotonower.com,yes,,,,0,,,no_public_email_found,not_flagged,contact_pages,,,,,,valid=0; invalid=0; risky=0; unknown=0
7239,>30M,iwillchoosejoy.com,no,,,,0,,,no_public_email_found,not_flagged,contact_pages,,,,,,valid=0; invalid=0; risky=0; unknown=0
7240,>30M,totaaldak.eu,no,,,,0,,info@totaaldak.eu,showing_email_candidates,not_flagged,contact_pages,info@totaaldak.eu,,,,info@totaaldak.eu,valid=0; invalid=0; risky=0; unknown=1
7241,>30M,presidioplan.com,no,,,,0,,,no_public_email_found,not_flagged,contact_pages,,,,,,valid=0; invalid=0; risky=0; unknown=0
7242,>30M,mortgagemtl.ca,no,,,,0,,,no_public_email_found,not_flagged,contact_pages,,,,,,valid=0; invalid=0; risky=0; unknown=0
7243,>30M,tambore3.com.br,no,,,,0,,tambore3@tambore3.com.br,showing_email_candidates,not_flagged,contact_pages,,,,,,valid=0; invalid=0; risky=0; unknown=0
7244,>30M,yields4u.com,yes,,,https://leibelsternbach.typeform.com/to/MfluDaru ; https://leibelsternbach.typeform.com/to/qtsxv8oX,0,,core@3.27.0 ; mikeczaccardi@gmail.com ; styles@1.4.1,showing_email_candidates,not_flagged,contact_pages,,,,,,valid=0; invalid=0; risky=0; unknown=0
7245,>30M,mamiyaclinic2011.com,no,,,,0,,,no_public_email_found,not_flagged,contact_pages,,,,,,valid=0; invalid=0; risky=0; unknown=0
7246,>30M,accountingelements.com,yes,,,https://form.typeform.com/to/a61uT6SK,0,,hi@accountingelements.com,showing_email_candidates,not_flagged,contact_pages,,,,,,valid=0; invalid=0; risky=0; unknown=0
7247,>30M,watkinsholding.com,no,,,,0,,,no_public_email_found,not_flagged,contact_pages,,,,,,valid=0; invalid=0; risky=0; unknown=0
7248,>30M,senderodeluzcr.com,no,,,,0,,,no_public_email_found,not_flagged,contact_pages,,,,,,valid=0; invalid=0; risky=0; unknown=0
7249,>30M,smartperformers.com,no,,,https://corporatecondition.typeform.com/to/B7oJnSCh,0,,harald@riisthomsen.dk ; info@smartperformers.com,showing_email_candidates,not_flagged,contact_pages,info@smartperformers.com,,,,info@smartperformers.com,valid=0; invalid=0; risky=0; unknown=1
7250,>30M,medevent.no,yes,,,https://medevent.typeform.com/to/HwhBCQ,0,,,no_public_email_found,not_flagged,contact_pages,,,,,,valid=0; invalid=0; risky=0; unknown=0
7251,>30M,mediaraffle.com,yes,,,https://form.typeform.com/to/m1RFed3e,0,,,no_public_email_found,not_flagged,contact_pages,,,,,,valid=0; invalid=0; risky=0; unknown=0
7252,>30M,jaimemasters.com,no,,,,0,,,no_public_email_found,not_flagged,contact_pages,,,,,,valid=0; invalid=0; risky=0; unknown=0
7253,>30M,horizons-mallorca.com,yes,,,https://bp5mnyu4qnc.typeform.com/to/dJeTuvoK,0,,buyers@lucca.realestate ; cookie-consent-cdn@v1.1.15 ; hello@horizons-mallorca.com ; slick-carousel@1.8.1 ; splide@3.2.2,showing_email_candidates,not_flagged,contact_pages,hello@horizons-mallorca.com,hello@horizons-mallorca.com,,,,valid=1; invalid=0; risky=0; unknown=0
7254,>30M,remplusmonuments.com,no,,,,0,,,no_public_email_found,not_flagged,contact_pages,,,,,,valid=0; invalid=0; risky=0; unknown=0
7255,>30M,andrewbunka.com,no,,,https://embed.typeform.com/,0,,,no_public_email_found,not_flagged,contact_pages,,,,,,valid=0; invalid=0; risky=0; unknown=0
7256,>30M,leometric.com,yes,,,https://leometric.typeform.com/to/Ox6RIv,0,,contact@leometric.com,showing_email_candidates,not_flagged,contact_pages,contact@leometric.com,contact@leometric.com,,,,valid=1; invalid=0; risky=0; unknown=0
7257,>30M,yourradiantbusiness.com,yes,,,,0,,,no_public_email_found,not_flagged,contact_pages,,,,,,valid=0; invalid=0; risky=0; unknown=0
7258,>30M,clothlink.com,yes,,,https://clothlink.typeform.com/to/nOCniTV8 ; https://clothlink.typeform.com/to/TNhB2HNl,0,,contact@clothlink.com,showing_email_candidates,not_flagged,contact_pages,contact@clothlink.com,contact@clothlink.com,,,,valid=1; invalid=0; risky=0; unknown=0
7259,>30M,summerlinmall.com,yes,,,https://bryanduropan.typeform.com/to/eoeGcn ; https://embed.typeform.com/,0,,,no_public_email_found,not_flagged,contact_pages,,,,,,valid=0; invalid=0; risky=0; unknown=0
7260,>30M,foerdercoach.at,yes,,,,0,,,no_public_email_found,not_flagged,contact_pages,,,,,,valid=0; invalid=0; risky=0; unknown=0
7261,>30M,mutanium.com,no,,,,0,,sales@mutanium.com,showing_email_candidates,not_flagged,contact_pages,sales@mutanium.com,,,,sales@mutanium.com,valid=0; invalid=0; risky=0; unknown=1
7262,>30M,tanpopo-hoikuen.com,no,,,,0,,,no_public_email_found,not_flagged,contact_pages,,,,,,valid=0; invalid=0; risky=0; unknown=0
7263,>30M,saunahouse.com,yes,,,,0,,press@saunahouse.com ; primary_-_horizontal_logotype_-_no_tagline_-_dark_jungle_green_2x_e1cf5d4c-fdf0-4e79-b9e0-067b33b28be7_330x@2x.png ; sauna-house-logo-light_200x@2x.svg ; sauna-house-logo-light_220x@2x.svg ; sauna-house-logo_200x@2x.svg ; sauna-house-logo_220x@2x.svg,showing_email_candidates,not_flagged,contact_pages,press@saunahouse.com,,,,press@saunahouse.com,valid=0; invalid=0; risky=0; unknown=1
7264,>30M,bengundersheimer.com,yes,,,https://admin.typeform.com/ ; https://embed.typeform.com/ ; https://laudable.typeform.com/to/WwXl59,0,,team@mistergsongs.com,showing_email_candidates,not_flagged,contact_pages,,,,,,valid=0; invalid=0; risky=0; unknown=0
7265,>30M,blessthebadge.org,yes,,,,0,,,no_public_email_found,not_flagged,contact_pages,,,,,,valid=0; invalid=0; risky=0; unknown=0
7266,>30M,campanellagroup.com,yes,,,https://campanellagroup.typeform.com/ ; https://form.typeform.com/to/quMSx91z,0,,info@campanellagroup.com,showing_email_candidates,not_flagged,contact_pages,info@campanellagroup.com,,,,info@campanellagroup.com,valid=0; invalid=0; risky=0; unknown=1
7267,>30M,educouturier.com,yes,,,https://edusence.typeform.com/to/KHMjHB0w ; https://edusence.typeform.com/to/T1vUGR ; https://uwu9xsixfeq.typeform.com/to/H9v7t6rk,0,,,no_public_email_found,not_flagged,contact_pages,,,,,,valid=0; invalid=0; risky=0; unknown=0
7268,>30M,whatboxx.com,no,,,,0,,,no_public_email_found,not_flagged,contact_pages,,,,,,valid=0; invalid=0; risky=0; unknown=0
7269,>30M,handcmedia.com,no,,,,0,,,no_public_email_found,not_flagged,contact_pages,,,,,,valid=0; invalid=0; risky=0; unknown=0
7270,>30M,hasflair.com,yes,,,https://form.typeform.com/to/s0OcjBvU,0,,contact@looma.com ; hello@hasflair.com,showing_email_candidates,not_flagged,contact_pages,hello@hasflair.com,hello@hasflair.com,,,,valid=1; invalid=0; risky=0; unknown=0
7271,>30M,the-fword.com,yes,,,,0,,,no_public_email_found,not_flagged,contact_pages,,,,,,valid=0; invalid=0; risky=0; unknown=0
7272,>30M,corethos.com,no,,,,0,,,no_public_email_found,not_flagged,contact_pages,,,,,,valid=0; invalid=0; risky=0; unknown=0
7273,>30M,gmatkursu.com,yes,,,,0,,info@testprepeurope.com,showing_email_candidates,not_flagged,contact_pages,,,,,,valid=0; invalid=0; risky=0; unknown=0
7274,>30M,cvxsj.info,no,,,,0,,,no_public_email_found,not_flagged,contact_pages,,,,,,valid=0; invalid=0; risky=0; unknown=0
7275,>30M,whatisvalue.org,no,,,,0,,,no_public_email_found,not_flagged,contact_pages,,,,,,valid=0; invalid=0; risky=0; unknown=0
7276,>30M,marugo.biz,no,,,,0,,,no_public_email_found,not_flagged,contact_pages,,,,,,valid=0; invalid=0; risky=0; unknown=0
7277,>30M,greeklifetravel.com,no,,,,0,,info@greeklifetravel.com,showing_email_candidates,not_flagged,contact_pages,info@greeklifetravel.com,,,,info@greeklifetravel.com,valid=0; invalid=0; risky=0; unknown=1
7278,>30M,motelmarketing.com,yes,,,,0,,,no_public_email_found,not_flagged,contact_pages,,,,,,valid=0; invalid=0; risky=0; unknown=0
7279,>30M,tokyosanki-kaigo.com,no,,,,0,,,no_public_email_found,not_flagged,contact_pages,,,,,,valid=0; invalid=0; risky=0; unknown=0
7280,>30M,lionex.org,no,,,,0,,,no_public_email_found,not_flagged,contact_pages,,,,,,valid=0; invalid=0; risky=0; unknown=0
7281,>30M,garcia-at-law.com,no,,,,0,,ps_edgarcia@yahoo.com,showing_email_candidates,not_flagged,contact_pages,,,,,,valid=0; invalid=0; risky=0; unknown=0
7282,>30M,gentlemama.ca,yes,,,,0,,,no_public_email_found,not_flagged,contact_pages,,,,,,valid=0; invalid=0; risky=0; unknown=0
7283,>30M,chronnoisseur.com,no,,,https://images.typeform.com/,0,,mendocinoseedcompany@gmail.com ; thechronn@gmail.com,showing_email_candidates,not_flagged,contact_pages,,,,,,valid=0; invalid=0; risky=0; unknown=0
7284,>30M,jorgegoston.com,yes,,,https://r9pxscfvo03.typeform.com/to/sP1SVNsk,0,,,no_public_email_found,not_flagged,contact_pages,,,,,,valid=0; invalid=0; risky=0; unknown=0
7285,>30M,orendamarketing.com,yes,,,,0,,,no_public_email_found,not_flagged,contact_pages,,,,,,valid=0; invalid=0; risky=0; unknown=0
7286,>30M,cnw88.com,no,,,,0,,,no_public_email_found,not_flagged,contact_pages,,,,,,valid=0; invalid=0; risky=0; unknown=0
7287,>30M,lc-concept.fr,no,,,,0,,,no_public_email_found,not_flagged,contact_pages,,,,,,valid=0; invalid=0; risky=0; unknown=0
7288,>30M,mysubaru.com.au,no,,,,0,,,no_public_email_found,not_flagged,contact_pages,,,,,,valid=0; invalid=0; risky=0; unknown=0
7289,>30M,mmjuice.info,no,,,,0,,,no_public_email_found,not_flagged,contact_pages,,,,,,valid=0; invalid=0; risky=0; unknown=0
7290,>30M,brightsidementoring.org,no,,,https://embed.typeform.com/,0,,quill@1.3.6,showing_email_candidates,not_flagged,contact_pages,,,,,,valid=0; invalid=0; risky=0; unknown=0
7291,>30M,coachingwithlee.com,yes,,,,0,,,no_public_email_found,not_flagged,contact_pages,,,,,,valid=0; invalid=0; risky=0; unknown=0
7292,>30M,fairybell.com,yes,,,https://form.typeform.com/to/q1NC9afc,0,,info@fairybell.com,showing_email_candidates,not_flagged,contact_pages,info@fairybell.com,,,,info@fairybell.com,valid=0; invalid=0; risky=0; unknown=1
7293,>30M,woocamp.com,no,,,,0,,,no_public_email_found,not_flagged,contact_pages,,,,,,valid=0; invalid=0; risky=0; unknown=0
7294,>30M,dominicaddario.com,no,,,,0,,captdom@jupitercoins.com ; contactus@jupitercoins.com,showing_email_candidates,not_flagged,contact_pages,,,,,,valid=0; invalid=0; risky=0; unknown=0
7295,>30M,gloss-agency.com,no,,,,0,,info@gloss-agency.com,showing_email_candidates,not_flagged,contact_pages,info@gloss-agency.com,,,,info@gloss-agency.com,valid=0; invalid=0; risky=0; unknown=1
7296,>30M,scrappycrab.com,yes,,,https://embed.typeform.com/ ; https://scrappycrab.typeform.com/to/FzrWBQ,0,,bootstrap@5.1.3,showing_email_candidates,not_flagged,contact_pages,,,,,,valid=0; invalid=0; risky=0; unknown=0
7297,>30M,designethics.com.au,no,,,,0,,,no_public_email_found,not_flagged,contact_pages,,,,,,valid=0; invalid=0; risky=0; unknown=0
7298,>30M,empoweringcreatives.com,yes,,,https://form.typeform.com/to/yTrBjH11 ; https://nadafaris.typeform.com/,0,,,no_public_email_found,not_flagged,contact_pages,,,,,,valid=0; invalid=0; risky=0; unknown=0
7299,>30M,sakuradag.com,no,,,,0,,,no_public_email_found,not_flagged,contact_pages,,,,,,valid=0; invalid=0; risky=0; unknown=0
7300,>30M,ishikawa-naika.jp,no,,,,0,,,no_public_email_found,not_flagged,contact_pages,,,,,,valid=0; invalid=0; risky=0; unknown=0
7301,>30M,santandernegocioseempresas.com.br,no,,,,0,,,no_public_email_found,not_flagged,contact_pages,,,,,,valid=0; invalid=0; risky=0; unknown=0
7302,>30M,staceywiebe.com,no,,,,0,,,no_public_email_found,not_flagged,contact_pages,,,,,,valid=0; invalid=0; risky=0; unknown=0
7303,>30M,convertmyclicks.com,yes,,,https://embed.typeform.com/ ; https://form.typeform.com/to/JCD5dADO,0,,,no_public_email_found,not_flagged,contact_pages,,,,,,valid=0; invalid=0; risky=0; unknown=0
7304,>30M,practicetek.com,yes,,,https://gts11ilabie.typeform.com/to/JpbYTPBb,0,,annie.mcbride@practicetek.com,showing_email_candidates,not_flagged,contact_pages,,,,,,valid=0; invalid=0; risky=0; unknown=0
7305,>30M,jmgmachine.com,no,,,,0,,,no_public_email_found,not_flagged,contact_pages,,,,,,valid=0; invalid=0; risky=0; unknown=0
7306,>30M,benchmark-design.de,yes,,,,0,,hello@reinundraus.com ; info@benchmark-design.de,showing_email_candidates,not_flagged,contact_pages,info@benchmark-design.de,,,,info@benchmark-design.de,valid=0; invalid=0; risky=0; unknown=1
7307,>30M,terbergmatec.de,no,,,,0,,address@example.com ; bootstrap@4.6.2 ; commercial.matec.fr@terberg.com ; contact.us@dennis-eagle.co.uk ; easy-autocomplete@1.3.5 ; info.group@terberg.com ; info@hs-fahrzeugbau.com ; info@manuport.it ; info@resitul.pt ; info@terberg-de.de ; info@terbergbenschop.nl ; info@terbergdts.co.uk ; info@terbergkinglifter.eu ; info@terbergmachines.nl ; info@terbergmatec.be ; info@terbergmatec.nl ; info@terbergmiddleeast.ae ; info@terbergrosroca.com ; info@terbergtechniek.nl ; info@terbergtractorsbelgium.be ; infobaarlo@terbergtechniek.nl ; jquery-validation-unobtrusive@3.2.12 ; jquery-validation@1.19.4 ; jquery-zoom@1.7.21 ; jquery@3.6.1 ; popper.js@1.16.1-lts ; rosroca@rosroca.com ; sales@dennis-eagle.com ; sales@terberg.co.uk ; sales@terbergtractors.nl ; someone@example.com ; ventas@terberg.es ; vue@2.7.14,showing_email_candidates,not_flagged,contact_pages,,,,,,valid=0; invalid=0; risky=0; unknown=0
7308,>30M,studio628.com,no,,,,0,,contact@studio628.com ; impallari@gmail.com ; team@latofonts.com,showing_email_candidates,not_flagged,contact_pages,contact@studio628.com,contact@studio628.com,,,,valid=1; invalid=0; risky=0; unknown=0
7309,>30M,yokojibi.com,no,,,,0,,,no_public_email_found,not_flagged,contact_pages,,,,,,valid=0; invalid=0; risky=0; unknown=0
7310,>30M,dafnation.com,yes,,,https://form.typeform.com/to/XHu70Jcp,0,,contact@dafnation.com ; marie@entreprise.com,showing_email_candidates,not_flagged,contact_pages,contact@dafnation.com,contact@dafnation.com,,,,valid=1; invalid=0; risky=0; unknown=0
7311,>30M,cae-67.com,no,,,,0,,,no_public_email_found,not_flagged,contact_pages,,,,,,valid=0; invalid=0; risky=0; unknown=0
7312,>30M,brillianteers.com.au,no,,,,0,,sales@brillianteers.com,showing_email_candidates,not_flagged,contact_pages,,,,,,valid=0; invalid=0; risky=0; unknown=0
7313,>30M,rivierapaintinginc.com,no,,,,0,,,no_public_email_found,not_flagged,contact_pages,,,,,,valid=0; invalid=0; risky=0; unknown=0
7314,>30M,made2web.pt,yes,,,,0,,,no_public_email_found,not_flagged,contact_pages,,,,,,valid=0; invalid=0; risky=0; unknown=0
7315,>30M,kikuchi-hifuka.com,no,,,,0,,,no_public_email_found,not_flagged,contact_pages,,,,,,valid=0; invalid=0; risky=0; unknown=0
7316,>30M,starpupilbooks.com,no,,,,0,,,no_public_email_found,not_flagged,contact_pages,,,,,,valid=0; invalid=0; risky=0; unknown=0
7317,>30M,learntodrawmanga.com,yes,,,,0,,,no_public_email_found,not_flagged,contact_pages,,,,,,valid=0; invalid=0; risky=0; unknown=0
7318,>30M,medicinemarketing.com,yes,,,,0,,,no_public_email_found,not_flagged,contact_pages,,,,,,valid=0; invalid=0; risky=0; unknown=0
7319,>30M,starkeyinsurancegroup.com,no,,,,0,,flags@2x.png ; quotes@starkeyandassociates.com,showing_email_candidates,not_flagged,contact_pages,,,,,,valid=0; invalid=0; risky=0; unknown=0
7320,>30M,financialmindfulness.com,yes,,,https://visionpf.typeform.com/to/m6C4udCA,0,,,no_public_email_found,not_flagged,contact_pages,,,,,,valid=0; invalid=0; risky=0; unknown=0
7321,>30M,dustincoleman.com,no,,,,0,,,no_public_email_found,not_flagged,contact_pages,,,,,,valid=0; invalid=0; risky=0; unknown=0
7322,>30M,kennethporterandco.com,yes,,,https://lnpjui9ugtp.typeform.com/to/Vew1qbf6,0,,greg@cranium21.com ; team@kennethporterandco.com,showing_email_candidates,not_flagged,contact_pages,team@kennethporterandco.com,,,,team@kennethporterandco.com,valid=0; invalid=0; risky=0; unknown=1
7323,>30M,developoklahoma.com,yes,,,,0,,,no_public_email_found,not_flagged,contact_pages,,,,,,valid=0; invalid=0; risky=0; unknown=0
7324,>30M,jordangroll.com,no,,,,0,,,no_public_email_found,not_flagged,contact_pages,,,,,,valid=0; invalid=0; risky=0; unknown=0
7325,>30M,esummerlin.com,yes,,,https://bryanduropan.typeform.com/to/eoeGcn ; https://embed.typeform.com/,0,,,no_public_email_found,not_flagged,contact_pages,,,,,,valid=0; invalid=0; risky=0; unknown=0
7326,>30M,templefitnessfw.com,no,,,,0,,,no_public_email_found,not_flagged,contact_pages,,,,,,valid=0; invalid=0; risky=0; unknown=0
7327,>30M,daiichi-setubi.com,no,,,,0,,,no_public_email_found,not_flagged,contact_pages,,,,,,valid=0; invalid=0; risky=0; unknown=0
7328,>30M,employerzen.com,no,,,,0,,admin@employerzen.com ; ericcalciano@gmail.com,showing_email_candidates,not_flagged,contact_pages,admin@employerzen.com,admin@employerzen.com,,,,valid=1; invalid=0; risky=0; unknown=0
7329,>30M,notifyre.com,no,,,,0,,,no_public_email_found,not_flagged,contact_pages,,,,,,valid=0; invalid=0; risky=0; unknown=0
7330,>30M,rhonddavalley.com,no,,,,0,,,no_public_email_found,not_flagged,contact_pages,,,,,,valid=0; invalid=0; risky=0; unknown=0
7331,>30M,sanacapital.com,yes,,,https://v2ab0aqo7o7.typeform.com/to/GaJaYdJX,0,,,no_public_email_found,not_flagged,contact_pages,,,,,,valid=0; invalid=0; risky=0; unknown=0
7332,>30M,napiszksiazke.pl,no,,,https://kotow.typeform.com/,0,,gsap@3.12.2 ; isotope-layout@3.0.6 ; pj@iobd.pl ; szk@iobd.pl,showing_email_candidates,not_flagged,contact_pages,,,,,,valid=0; invalid=0; risky=0; unknown=0
7333,>30M,moomz.com,no,,,,0,,,no_public_email_found,not_flagged,contact_pages,,,,,,valid=0; invalid=0; risky=0; unknown=0
7334,>30M,inceptly.com,no,,,https://inceptly.typeform.com/,0,,,no_public_email_found,not_flagged,contact_pages,,,,,,valid=0; invalid=0; risky=0; unknown=0
7335,>30M,dulcobis.pl,no,,,,0,,,no_public_email_found,not_flagged,contact_pages,,,,,,valid=0; invalid=0; risky=0; unknown=0
7336,>30M,anchorwatch.com,no,,,,0,,agent@anchorwatch.com ; becca@anchorwatch.com ; claims@anchorwatch.com ; complaints@archinsurance.com ; complaints@lloyds.comlloyd ; hello@anchorwatch.com ; joe@anchorwatch.com ; mitch@anchorwatch.com ; rob@anchorwatch.com,showing_email_candidates,not_flagged,contact_pages,hello@anchorwatch.com,hello@anchorwatch.com,,,,valid=1; invalid=0; risky=0; unknown=0
7337,>30M,joinredwood.com,yes,,,https://iqvvre50q0x.typeform.com/to/uu45CIAT,0,,hello@joinredwood.com ; jane@joinredwood.com,showing_email_candidates,not_flagged,contact_pages,hello@joinredwood.com,hello@joinredwood.com,,,,valid=1; invalid=0; risky=0; unknown=0
7338,>30M,theweddingagency.net,yes,,,https://a37jbzhcenx.typeform.com/to/UVmTodb7,0,,contacttheweddingagency@gmail.com,showing_email_candidates,not_flagged,contact_pages,,,,,,valid=0; invalid=0; risky=0; unknown=0
7339,>30M,ullmann-logistik.com,yes,,,https://pixeltypen.typeform.com/,0,,info@ullmann-logistik.com ; personal@ullmann-logistik.com,showing_email_candidates,not_flagged,contact_pages,info@ullmann-logistik.com,,,,info@ullmann-logistik.com,valid=0; invalid=0; risky=0; unknown=1
7340,>30M,datingforindianmen.com,yes,,,https://form.typeform.com/to/BVxOlz21,0,,mike@datingforindianmen.com,showing_email_candidates,not_flagged,contact_pages,,,,,,valid=0; invalid=0; risky=0; unknown=0
7341,>30M,visioretraite.com,yes,,,https://form.typeform.com/to/mG38Il7l,0,,experts@2x.jpg ; lily@2x.jpg ; phaser@3.50.0 ; tatcher@2x.jpg ; xavier@2x.jpg,showing_email_candidates,not_flagged,contact_pages,,,,,,valid=0; invalid=0; risky=0; unknown=0
7342,>30M,carlosencuentra.com,no,,,,0,,,no_public_email_found,not_flagged,contact_pages,,,,,,valid=0; invalid=0; risky=0; unknown=0
7343,>30M,treecareseo.com,yes,,,,0,,,no_public_email_found,not_flagged,contact_pages,,,,,,valid=0; invalid=0; risky=0; unknown=0
7344,>30M,hopenyc.org,yes,,,https://hopenyc.typeform.com/to/QGK3NYF2,0,,info@hopenyc.org,showing_email_candidates,not_flagged,contact_pages,info@hopenyc.org,,,,info@hopenyc.org,valid=0; invalid=0; risky=0; unknown=1
7345,>30M,xww.com.br,no,,,,0,,,no_public_email_found,not_flagged,contact_pages,,,,,,valid=0; invalid=0; risky=0; unknown=0
7346,>30M,afrodite.co,yes,,,https://form.typeform.com/to/jSRgGH,0,,afrodite@afrodite.co,showing_email_candidates,not_flagged,contact_pages,,,,,,valid=0; invalid=0; risky=0; unknown=0
7347,>30M,themiamiarchitect.com,yes,,,,0,,,no_public_email_found,not_flagged,contact_pages,,,,,,valid=0; invalid=0; risky=0; unknown=0
7348,>30M,littleinlove.com,yes,,,,0,,,no_public_email_found,not_flagged,contact_pages,,,,,,valid=0; invalid=0; risky=0; unknown=0
7349,>30M,aircraft.ro,no,,,,0,,,no_public_email_found,not_flagged,contact_pages,,,,,,valid=0; invalid=0; risky=0; unknown=0
7350,>30M,brycehuston.com,yes,,,,0,,gsap@3.12.5 ; hustonsolutions.inc@gmail.com ; three@0.162.0,showing_email_candidates,not_flagged,contact_pages,,,,,,valid=0; invalid=0; risky=0; unknown=0
7351,>30M,cirebonfurniture.net,no,,,,0,,,no_public_email_found,not_flagged,contact_pages,,,,,,valid=0; invalid=0; risky=0; unknown=0
7352,>30M,years.co,no,,,,0,,info@years.co,showing_email_candidates,not_flagged,contact_pages,info@years.co,,,,info@years.co,valid=0; invalid=0; risky=0; unknown=1
7353,>30M,metromechanicalsupply.com,yes,,,https://tmgrp.typeform.com/to/uwEZIF9x,0,,,no_public_email_found,not_flagged,contact_pages,,,,,,valid=0; invalid=0; risky=0; unknown=0
7354,>30M,allisonjb.com,yes,,,https://form.typeform.com/to/XWSfttsZ,0,,hello@allisonjb.com,showing_email_candidates,not_flagged,contact_pages,hello@allisonjb.com,hello@allisonjb.com,,,,valid=1; invalid=0; risky=0; unknown=0
7355,>30M,lipbalmimages.com,yes,,,https://q91nau7nez3.typeform.com/to/vbmmfS0u,0,,lipbalmimages@gmail.com ; sales@lipbalmimages.ca,showing_email_candidates,not_flagged,contact_pages,,,,,,valid=0; invalid=0; risky=0; unknown=0
7356,>30M,festivalmarketing.com,yes,,,,0,,,no_public_email_found,not_flagged,contact_pages,,,,,,valid=0; invalid=0; risky=0; unknown=0
7357,>30M,13yearsyounger.com,yes,,,https://awespire.typeform.com/ ; https://form.typeform.com/to/l5J5JkDT,0,,,no_public_email_found,not_flagged,contact_pages,,,,,,valid=0; invalid=0; risky=0; unknown=0
7358,>30M,zingoe.com,yes,,,https://k6stow20fp3.typeform.com/to/q4zJZqra,0,,ej-shandymen@live.co.uk ; hello@zingoe.com ; test@example.com,showing_email_candidates,not_flagged,contact_pages,hello@zingoe.com,hello@zingoe.com,,,,valid=1; invalid=0; risky=0; unknown=0
7359,>30M,unsri.info,no,,,,0,,,no_public_email_found,not_flagged,contact_pages,,,,,,valid=0; invalid=0; risky=0; unknown=0
7360,>30M,lagrandeserre.com,yes,,,https://lagrandeserre.typeform.com/to/YHajhs30,0,,equipe@lagrandeserre.com ; operations@lagrandeserre.com,showing_email_candidates,not_flagged,contact_pages,,,,,,valid=0; invalid=0; risky=0; unknown=0
7361,>30M,pellizzaro.com,no,,,,0,,,no_public_email_found,not_flagged,contact_pages,,,,,,valid=0; invalid=0; risky=0; unknown=0
7362,>30M,pdofwm.com,no,,,,0,,ginlor@sbcglobal.net ; pdwm@wmis.net,showing_email_candidates,not_flagged,contact_pages,,,,,,valid=0; invalid=0; risky=0; unknown=0
7363,>30M,loesungsmittel.org,no,,,,0,,,no_public_email_found,not_flagged,contact_pages,,,,,,valid=0; invalid=0; risky=0; unknown=0
7364,>30M,enaccess.org,no,,,https://enaccess.typeform.com/,0,,,no_public_email_found,not_flagged,contact_pages,,,,,,valid=0; invalid=0; risky=0; unknown=0
7365,>30M,btravel.com,no,,,,0,,dpo@avoristravel.com ; reservas@btravel.com,showing_email_candidates,not_flagged,contact_pages,,,,,,valid=0; invalid=0; risky=0; unknown=0
7366,>30M,clickcuttingedge.com,yes,,,https://admin.typeform.com/ ; https://cuttingedgelandscapes.typeform.com/to/wMIBgR ; https://embed.typeform.com/,0,,cuttingedgelandscapes@hotmail.com,showing_email_candidates,not_flagged,contact_pages,,,,,,valid=0; invalid=0; risky=0; unknown=0
7367,>30M,weddingcrimea.ru,no,,,,0,,web-marketing@direct-web.ru,showing_email_candidates,not_flagged,contact_pages,,,,,,valid=0; invalid=0; risky=0; unknown=0
7368,>30M,kanorio.com,no,,,,0,,,no_public_email_found,not_flagged,contact_pages,,,,,,valid=0; invalid=0; risky=0; unknown=0
7369,>30M,jaywalker.ch,no,,,,0,,info@jaywalker.ch ; slick-carousel@1.8.1,showing_email_candidates,not_flagged,contact_pages,info@jaywalker.ch,,,,info@jaywalker.ch,valid=0; invalid=0; risky=0; unknown=1
7370,>30M,carvovodka.com,no,,,,0,,,no_public_email_found,not_flagged,contact_pages,,,,,,valid=0; invalid=0; risky=0; unknown=0
7371,>30M,gioel.pl,no,,,,0,,,no_public_email_found,not_flagged,contact_pages,,,,,,valid=0; invalid=0; risky=0; unknown=0
7372,>30M,kylevenberg.com,no,,,,0,,,no_public_email_found,not_flagged,contact_pages,,,,,,valid=0; invalid=0; risky=0; unknown=0
7373,>30M,kidsdds.net,no,,,,0,,office@kidsdds.net ; ui@4.0,showing_email_candidates,not_flagged,contact_pages,office@kidsdds.net,,,,office@kidsdds.net,valid=0; invalid=0; risky=0; unknown=1
7374,>30M,g3passports.com,yes,,,https://embed.typeform.com/ ; https://form.typeform.com/to/rXhyuu,0,,info@g3passports.com,showing_email_candidates,not_flagged,contact_pages,info@g3passports.com,,,,info@g3passports.com,valid=0; invalid=0; risky=0; unknown=1
7375,>30M,acehomerenovations.com,no,,,,0,,,no_public_email_found,not_flagged,contact_pages,,,,,,valid=0; invalid=0; risky=0; unknown=0
7376,>30M,projecte-loc.org,no,,,,0,,ernesto@projecte-loc.org ; relats@projecte-loc.org,showing_email_candidates,not_flagged,contact_pages,,,,,,valid=0; invalid=0; risky=0; unknown=0
7377,>30M,tlmt.org,no,,,,0,,isotope-layout@3.0.6 ; popper.js@1.16.1 ; slick-carousel@1.8.1 ; tlmt@getvfairs.io ; wowjs@1.1.3,showing_email_candidates,not_flagged,contact_pages,,,,,,valid=0; invalid=0; risky=0; unknown=0
7378,>30M,elevenelevengraphics.com,yes,,,,0,,,no_public_email_found,not_flagged,contact_pages,,,,,,valid=0; invalid=0; risky=0; unknown=0
7379,>30M,qualiportage.com,yes,,,https://form.typeform.com/to/AAAhy68o,0,,,no_public_email_found,not_flagged,contact_pages,,,,,,valid=0; invalid=0; risky=0; unknown=0
7380,>30M,studiawdanii.pl,no,,,https://embed.typeform.com/,0,,imie@email.com,showing_email_candidates,not_flagged,contact_pages,,,,,,valid=0; invalid=0; risky=0; unknown=0
7381,>30M,greenhillacademics.com,yes,,,https://pv9jxytw1zd.typeform.com/to/A8CtEulw,0,,feature-icon@2x-1.svg ; feature-icon@2x-2.svg ; feature-icon@2x-3.svg ; feature-icon@2x-4.svg ; feature-icon@2x-5.svg ; feature-icon@2x.svg ; info@greenhillacademics.com,showing_email_candidates,not_flagged,contact_pages,info@greenhillacademics.com,,,,info@greenhillacademics.com,valid=0; invalid=0; risky=0; unknown=1
7382,>30M,cristiancornea.com,no,,,https://embed.typeform.com/,0,,contact@cristiancornea.com,showing_email_candidates,not_flagged,contact_pages,contact@cristiancornea.com,contact@cristiancornea.com,,,,valid=1; invalid=0; risky=0; unknown=0
7383,>30M,elizabethrichardson.info,yes,,,https://admin.typeform.com/ ; https://elizabethrichardson.typeform.com/to/bwSu7p ; https://embed.typeform.com/,0,,fun@elizabethrichardson.info,showing_email_candidates,not_flagged,contact_pages,,,,,,valid=0; invalid=0; risky=0; unknown=0
7384,>30M,mysolarprices.com,no,,,,0,,,no_public_email_found,not_flagged,contact_pages,,,,,,valid=0; invalid=0; risky=0; unknown=0
7385,>30M,bordromat.com,no,,,https://embed.typeform.com/,0,,,no_public_email_found,not_flagged,contact_pages,,,,,,valid=0; invalid=0; risky=0; unknown=0
7386,>30M,technologynine.com,yes,,,https://embed.typeform.com/ ; https://form.typeform.com/to/iWU39337 ; https://uiwhuix7p29.typeform.com/to/iWU39337,0,,info@technologynine.com,showing_email_candidates,not_flagged,contact_pages,info@technologynine.com,,,,info@technologynine.com,valid=0; invalid=0; risky=0; unknown=1
7387,>30M,michmca.org,yes,,,,0,,admin@ignitedetroitcontractors.org ; harringtona@detroitmi.gov ; jason.cole@michmca.org ; lpolec1@gmail.com ; register@michmca.org,showing_email_candidates,not_flagged,contact_pages,,,,,,valid=0; invalid=0; risky=0; unknown=0
7388,>30M,thebankingclub.com,no,,,,0,,team@thebankingclub.com,showing_email_candidates,not_flagged,contact_pages,team@thebankingclub.com,,,,team@thebankingclub.com,valid=0; invalid=0; risky=0; unknown=1
7389,>30M,proofzine.com,no,,,,0,,bebold@bold.ly,showing_email_candidates,not_flagged,contact_pages,,,,,,valid=0; invalid=0; risky=0; unknown=0
7390,>30M,okazaki-coffee.com,no,,,,0,,,no_public_email_found,not_flagged,contact_pages,,,,,,valid=0; invalid=0; risky=0; unknown=0
7391,>30M,patrickcanion.com,yes,,,https://embed.typeform.com/ ; https://form.typeform.com/to/E5Ch49HG,0,,,no_public_email_found,not_flagged,contact_pages,,,,,,valid=0; invalid=0; risky=0; unknown=0
7392,>30M,bryanmcmurray.com,yes,,,,0,,,no_public_email_found,not_flagged,contact_pages,,,,,,valid=0; invalid=0; risky=0; unknown=0
7393,>30M,aryabina.com,no,,,,0,,,no_public_email_found,not_flagged,contact_pages,,,,,,valid=0; invalid=0; risky=0; unknown=0
7394,>30M,vitacube.ch,yes,,,,0,,hello@vitacube.ch,showing_email_candidates,not_flagged,contact_pages,hello@vitacube.ch,hello@vitacube.ch,,,,valid=1; invalid=0; risky=0; unknown=0
7395,>30M,launchpadtv.com,no,,,https://launchpadstartups.typeform.com/,0,,contact@launchpadtv.com,showing_email_candidates,not_flagged,contact_pages,contact@launchpadtv.com,contact@launchpadtv.com,,,,valid=1; invalid=0; risky=0; unknown=0
7396,>30M,jennifer-anne.com,yes,,,https://intuition-school.typeform.com/to/cfz1GO20,0,,jen@jenniferblumenthal.com,showing_email_candidates,not_flagged,contact_pages,,,,,,valid=0; invalid=0; risky=0; unknown=0
7397,>30M,hillsiderecovery.com,no,,,,0,,,no_public_email_found,not_flagged,contact_pages,,,,,,valid=0; invalid=0; risky=0; unknown=0
7398,>30M,flynaked.com,no,,,,0,,go@flynake.com ; sales@day1travel.com,showing_email_candidates,not_flagged,contact_pages,,,,,,valid=0; invalid=0; risky=0; unknown=0
7399,>30M,laurjor.com,yes,,,,0,,,no_public_email_found,not_flagged,contact_pages,,,,,,valid=0; invalid=0; risky=0; unknown=0
7400,>30M,secondarynameserver.com.au,no,,,,0,,,no_public_email_found,not_flagged,contact_pages,,,,,,valid=0; invalid=0; risky=0; unknown=0
7401,>30M,greatnessbychoice.com,yes,,,,0,,,no_public_email_found,not_flagged,contact_pages,,,,,,valid=0; invalid=0; risky=0; unknown=0
7402,>30M,seseragi.org,no,,,,0,,,no_public_email_found,not_flagged,contact_pages,,,,,,valid=0; invalid=0; risky=0; unknown=0
7403,>30M,lexplore.com,no,,,,0,,press@growfasthb.com ; press@lexplore.com,showing_email_candidates,not_flagged,contact_pages,press@lexplore.com,,,,press@lexplore.com,valid=0; invalid=0; risky=0; unknown=1
7404,>30M,hirainstitute.org,yes,,,https://hirainstitute.typeform.com/to/Das01Okd ; https://hirainstitute.typeform.com/to/mXRhyOUk ; https://hirainstitute.typeform.com/to/o5CsgQm3,0,,compassion@hirainstitute.org ; hr@hirainstitute.org ; info@hirainstitute.org ; seminary@hirainstitute.org ; store@hirainstitute.org ; tether@1.2.4 ; waqar@hirainstitute.org,showing_email_candidates,not_flagged,contact_pages,hr@hirainstitute.org ; info@hirainstitute.org,hr@hirainstitute.org,,,info@hirainstitute.org,valid=1; invalid=0; risky=0; unknown=1
7405,>30M,dominiquecreation.fr,no,,,,0,,contact@dominiquecreation.fr,showing_email_candidates,not_flagged,contact_pages,contact@dominiquecreation.fr,,contact@dominiquecreation.fr,,,valid=0; invalid=1; risky=0; unknown=0
7406,>30M,chauffage-infrarouge.eu,yes,,,https://nrlz1tfq096.typeform.com/to/ZDI8R1C4,0,,info@chauffage-infrarouge.eu,showing_email_candidates,not_flagged,contact_pages,info@chauffage-infrarouge.eu,,,,info@chauffage-infrarouge.eu,valid=0; invalid=0; risky=0; unknown=1
7407,>30M,pageably.com,no,,,,0,,,no_public_email_found,not_flagged,contact_pages,,,,,,valid=0; invalid=0; risky=0; unknown=0
7408,>30M,lemo-hosting.nl,no,,,,0,,hello@lemo-hosting.com,showing_email_candidates,not_flagged,contact_pages,,,,,,valid=0; invalid=0; risky=0; unknown=0
7409,>30M,americabusinesssolutions.com,yes,,,https://uptopar.typeform.com/to/F1tNGQta,0,,,no_public_email_found,not_flagged,contact_pages,,,,,,valid=0; invalid=0; risky=0; unknown=0
7410,>30M,982x.com,yes,,,https://form.typeform.com/to/eb06Qx0a,0,,office@982x.com,showing_email_candidates,not_flagged,contact_pages,office@982x.com,,,,office@982x.com,valid=0; invalid=0; risky=0; unknown=1
7411,>30M,socialsuperpowers.net,no,,,,0,,,no_public_email_found,not_flagged,contact_pages,,,,,,valid=0; invalid=0; risky=0; unknown=0
7412,>30M,milwaukeedisabilitylawyers.com,no,,,,0,,,no_public_email_found,not_flagged,contact_pages,,,,,,valid=0; invalid=0; risky=0; unknown=0
7413,>30M,truesapien.com,no,,,,0,,,no_public_email_found,not_flagged,contact_pages,,,,,,valid=0; invalid=0; risky=0; unknown=0
7414,>30M,vitabae.com,no,,,,0,,admin@vitabae.com,showing_email_candidates,not_flagged,contact_pages,admin@vitabae.com,admin@vitabae.com,,,,valid=1; invalid=0; risky=0; unknown=0
7415,>30M,visibilityaccelerator.com,yes,,,https://embed.typeform.com/ ; https://form.typeform.com/to/cIUf9dJZ,0,,gma-logo@2x.png,showing_email_candidates,not_flagged,contact_pages,,,,,,valid=0; invalid=0; risky=0; unknown=0
7416,>30M,andrewliewweida.com,no,,,,0,,andrew@qicstart.com,showing_email_candidates,not_flagged,contact_pages,,,,,,valid=0; invalid=0; risky=0; unknown=0
7417,>30M,studio3doors.com,yes,,,https://dinp0gce1kl.typeform.com/to/hBniJ9OG,0,,341-0166edward@studio3doors.com ; 341-0166elizabeth@studio3doors.com ; 341-0166eric@studio3doors.com,showing_email_candidates,not_flagged,contact_pages,,,,,,valid=0; invalid=0; risky=0; unknown=0
7418,>30M,webuyni.com,yes,,,https://embed.typeform.com/ ; https://form.typeform.com/to/lVC1wkd0,0,,hello@webuyni.com,showing_email_candidates,not_flagged,contact_pages,hello@webuyni.com,hello@webuyni.com,,,,valid=1; invalid=0; risky=0; unknown=0
7419,>30M,gotagaytay.com,no,,,,0,,hello@gotagaytay.com ; you@example.com,showing_email_candidates,not_flagged,contact_pages,hello@gotagaytay.com,hello@gotagaytay.com,,,,valid=1; invalid=0; risky=0; unknown=0
7420,>30M,theadvocacyacademy.com,yes,,,https://theadvocacyacademy.typeform.com/to/smV5v7AD,0,,bootstrap@5.3.3 ; slick-carousel@1.8.1,showing_email_candidates,not_flagged,contact_pages,,,,,,valid=0; invalid=0; risky=0; unknown=0
7421,>30M,reformasmanzano.com,no,,,,0,,,no_public_email_found,not_flagged,contact_pages,,,,,,valid=0; invalid=0; risky=0; unknown=0
7422,>30M,addvanto.ch,no,,,,0,,anna@company.ch ; hello@addvanto.ch ; leaflet@1.9.4,showing_email_candidates,not_flagged,contact_pages,hello@addvanto.ch,hello@addvanto.ch,,,,valid=1; invalid=0; risky=0; unknown=0
7423,>30M,easydetroit.com,yes,,,https://bnlucx55eyx.typeform.com/to/DRAVUQds ; https://bnlucx55eyx.typeform.com/to/Swr1jcqn,0,,info@kalliste-international.com ; leaflet@1.3.4 ; single-family-home-map-icon@2x.png,showing_email_candidates,not_flagged,contact_pages,,,,,,valid=0; invalid=0; risky=0; unknown=0
7424,>30M,freeflowfit.com,yes,,,https://9cllbag2emo.typeform.com/to/jH1OReDI,0,,slick@1.8.1 ; support@freeflowfit.com,showing_email_candidates,not_flagged,contact_pages,support@freeflowfit.com,,,,support@freeflowfit.com,valid=0; invalid=0; risky=0; unknown=1
7425,>30M,resourcedynamics.com,yes,,,https://uwnt1bu5k9m.typeform.com/to/zim65vag,0,,info@resourcedynamics.com,showing_email_candidates,not_flagged,contact_pages,info@resourcedynamics.com,,,,info@resourcedynamics.com,valid=0; invalid=0; risky=0; unknown=1
7426,>30M,entretienmenagersci.com,no,,,,0,,,no_public_email_found,not_flagged,contact_pages,,,,,,valid=0; invalid=0; risky=0; unknown=0
7427,>30M,arbornote.com,yes,,,,0,,,no_public_email_found,not_flagged,contact_pages,,,,,,valid=0; invalid=0; risky=0; unknown=0
7428,>30M,smile-lasik.com,yes,,,,0,,,no_public_email_found,not_flagged,contact_pages,,,,,,valid=0; invalid=0; risky=0; unknown=0
7429,>30M,rideto.com,no,,,https://embed.typeform.com/,0,,hello@rideto.com,showing_email_candidates,not_flagged,contact_pages,hello@rideto.com,hello@rideto.com,,,,valid=1; invalid=0; risky=0; unknown=0
7430,>30M,hsb-me.com,no,,,,0,,info@hsb-me.com,showing_email_candidates,not_flagged,contact_pages,info@hsb-me.com,,,,info@hsb-me.com,valid=0; invalid=0; risky=0; unknown=1
7431,>30M,visiondurable.com,no,,,,0,,,no_public_email_found,not_flagged,contact_pages,,,,,,valid=0; invalid=0; risky=0; unknown=0
7432,>30M,livingproofusa.com,yes,,,,0,,,no_public_email_found,not_flagged,contact_pages,,,,,,valid=0; invalid=0; risky=0; unknown=0
7433,>30M,splashbrain.com,no,,,,0,,,no_public_email_found,not_flagged,contact_pages,,,,,,valid=0; invalid=0; risky=0; unknown=0
7434,>30M,suntropic.eu,no,,,,0,,sales@suntropic.eu ; servis@suntropic.eu,showing_email_candidates,not_flagged,contact_pages,sales@suntropic.eu,,,,sales@suntropic.eu,valid=0; invalid=0; risky=0; unknown=1
7435,>30M,schulstadbakerysolutions.dk,no,,,,0,,jacob.jensen@lantmannen.com ; lotti.kaibinger@lantmannen.com ; marc.heltenov.bjorn@lantmannen.com ; pia.lovgren.sorensen@lantmannen.com,showing_email_candidates,not_flagged,contact_pages,,,,,,valid=0; invalid=0; risky=0; unknown=0
7436,>30M,maconspeople.com,yes,,,https://gupshup.typeform.com/to/KlFc26,0,,,no_public_email_found,not_flagged,contact_pages,,,,,,valid=0; invalid=0; risky=0; unknown=0
7437,>30M,foxmortgage.com,yes,,,https://5f0ta945epz.typeform.com/to/Muu6OnQa,0,,info@yoursite.com ; ryan@foxmortgage.com ; splide@4.0.6 ; thomas@foxmortgage.com ; thomas@foxmtg.com,showing_email_candidates,not_flagged,contact_pages,,,,,,valid=0; invalid=0; risky=0; unknown=0
7438,>30M,cityofdreamsmovie.com,yes,,,https://zqht43dx3jt.typeform.com/to/dEkFV5zg ; https://zqht43dx3jt.typeform.com/to/m8Sa3LpG ; https://zqht43dx3jt.typeform.com/to/sFk7I5gn ; https://zqht43dx3jt.typeform.com/to/vEGElpC0,0,,jackiepapier@hotmail.com,showing_email_candidates,not_flagged,contact_pages,,,,,,valid=0; invalid=0; risky=0; unknown=0
7439,>30M,alltelluridelodging.com,no,,,,0,,,no_public_email_found,not_flagged,contact_pages,,,,,,valid=0; invalid=0; risky=0; unknown=0
7440,>30M,travailer.com,yes,,,https://form.typeform.com/to/cTvUaV9o,0,,,no_public_email_found,not_flagged,contact_pages,,,,,,valid=0; invalid=0; risky=0; unknown=0
7441,>30M,gandcllc.com,no,,,,0,,,no_public_email_found,not_flagged,contact_pages,,,,,,valid=0; invalid=0; risky=0; unknown=0
7442,>30M,protosgloves.com,no,,,,0,,,no_public_email_found,not_flagged,contact_pages,,,,,,valid=0; invalid=0; risky=0; unknown=0
7443,>30M,weuplevel.com,no,,,,0,,,no_public_email_found,not_flagged,contact_pages,,,,,,valid=0; invalid=0; risky=0; unknown=0
7444,>30M,independentwomen.com,no,,,,0,,affordability@independentwomen.com ; jamie.whitefield@independentwomen.com ; namber@independentwomen.com ; palmbeach@independentwomen.com ; popper.js@1.16.0 ; press@independentwomen.com ; u003eaffordability@independentwomen.com ; u003einvest@independentwomen.com ; u003ejamie.whitefield@independentwomen.com ; u003epalmbeach@independentwomen.com ; u00a0info@independentwomen.com,showing_email_candidates,not_flagged,contact_pages,press@independentwomen.com,,,,press@independentwomen.com,valid=0; invalid=0; risky=0; unknown=1
7445,>30M,socialsecuritygeorgia.com,no,,,,0,,,no_public_email_found,not_flagged,contact_pages,,,,,,valid=0; invalid=0; risky=0; unknown=0
7446,>30M,ashaesthetics.com,yes,,,https://form.typeform.com/to/m7FDW1Sk,0,,info@ashaesthetics.com ; splide@3.2.2,showing_email_candidates,not_flagged,contact_pages,info@ashaesthetics.com,,,,info@ashaesthetics.com,valid=0; invalid=0; risky=0; unknown=1
7447,>30M,agagroupllc.com,yes,,,,0,,,no_public_email_found,not_flagged,contact_pages,,,,,,valid=0; invalid=0; risky=0; unknown=0
7448,>30M,dentistryonthornhillwoods.com,no,,,,0,,info@dentistryonthornhillwoods.com,showing_email_candidates,not_flagged,contact_pages,info@dentistryonthornhillwoods.com,,,,info@dentistryonthornhillwoods.com,valid=0; invalid=0; risky=0; unknown=1
7449,>30M,knikos.net,no,,,,0,,george@knikos.net,showing_email_candidates,not_flagged,contact_pages,,,,,,valid=0; invalid=0; risky=0; unknown=0
7450,>30M,venicetechnologygroup.com,no,,,,0,,eric@siliconbeachtechnology.com ; micah@micahrich.com,showing_email_candidates,not_flagged,contact_pages,,,,,,valid=0; invalid=0; risky=0; unknown=0
7451,>30M,mongol-business.com,no,,,,0,,,no_public_email_found,not_flagged,contact_pages,,,,,,valid=0; invalid=0; risky=0; unknown=0
7452,>30M,marirezende.com,no,,,,0,,hi@marirezende.com,showing_email_candidates,not_flagged,contact_pages,,,,,,valid=0; invalid=0; risky=0; unknown=0
7453,>30M,socialsecurityohio.com,no,,,,0,,,no_public_email_found,not_flagged,contact_pages,,,,,,valid=0; invalid=0; risky=0; unknown=0
7454,>30M,vide-maison.be,no,,,https://images.typeform.com/,0,,,no_public_email_found,not_flagged,contact_pages,,,,,,valid=0; invalid=0; risky=0; unknown=0
7455,>30M,entelly.com,yes,,,https://ylpi0tnerzc.typeform.com/to/t3Gf1yZK,0,,,no_public_email_found,not_flagged,contact_pages,,,,,,valid=0; invalid=0; risky=0; unknown=0
7456,>30M,estudioarena.com.ar,yes,,,https://embed.typeform.com/ ; https://form.typeform.com/to/iPGMqDSZ,0,,dr.arena@estudioarena.com.ar,showing_email_candidates,not_flagged,contact_pages,,,,,,valid=0; invalid=0; risky=0; unknown=0
7457,>30M,opencover.com,yes,,,https://pro-secure.typeform.com/to/AJRbd3K3,0,,,no_public_email_found,not_flagged,contact_pages,,,,,,valid=0; invalid=0; risky=0; unknown=0
7458,>30M,nihonunyu.com,no,,,,0,,,no_public_email_found,not_flagged,contact_pages,,,,,,valid=0; invalid=0; risky=0; unknown=0
7459,>30M,buyersrow.com,no,,,,0,,customersupport@vfairs.com ; drmartinez@gmail.com ; hello@buyersrow.com ; mandersons@vfairs.com ; sjohnsons@vfairs.com ; tech@vfairs.com,showing_email_candidates,not_flagged,contact_pages,hello@buyersrow.com,hello@buyersrow.com,,,,valid=1; invalid=0; risky=0; unknown=0
7460,>30M,zakat.com,yes,,,https://launch-good.typeform.com/to/fS4ticNB,0,,boosters-carousel-ticker@1.1.1 ; boosters-social-share@1.0.0,showing_email_candidates,not_flagged,contact_pages,,,,,,valid=0; invalid=0; risky=0; unknown=0
7461,>30M,snhma.com,yes,,,https://form.typeform.com/to/qMAezDO0,0,,info@snhma.com ; snhmergersacquisitionscopy@snhcap.com,showing_email_candidates,not_flagged,contact_pages,info@snhma.com,,,,info@snhma.com,valid=0; invalid=0; risky=0; unknown=1
7462,>30M,trybluecollar.com,yes,,,https://lets-chat.typeform.com/to/dUwT10,0,,,no_public_email_found,not_flagged,contact_pages,,,,,,valid=0; invalid=0; risky=0; unknown=0
7463,>30M,trekkingtom.com,no,,,,0,,bootstrap@5.1.1 ; masonry-layout@4.2.2,showing_email_candidates,not_flagged,contact_pages,,,,,,valid=0; invalid=0; risky=0; unknown=0
7464,>30M,golforb.com,no,,,https://embed.typeform.com/,0,,support@golforb.com,showing_email_candidates,not_flagged,contact_pages,support@golforb.com,,,,support@golforb.com,valid=0; invalid=0; risky=0; unknown=1
7465,>30M,legoutdujour.fr,no,,,,0,,,no_public_email_found,not_flagged,contact_pages,,,,,,valid=0; invalid=0; risky=0; unknown=0
7466,>30M,victronenergy.net.au,no,,,,0,,,no_public_email_found,not_flagged,contact_pages,,,,,,valid=0; invalid=0; risky=0; unknown=0
7467,>30M,joheunlee.com,no,,,https://embed.typeform.com/,0,,,no_public_email_found,not_flagged,contact_pages,,,,,,valid=0; invalid=0; risky=0; unknown=0
7468,>30M,mortgageclaim.com,yes,,,,0,,,no_public_email_found,not_flagged,contact_pages,,,,,,valid=0; invalid=0; risky=0; unknown=0
7469,>30M,imachines.com,no,,,,0,,contact@imachines.com ; contact@intuitionmachines.com ; sales+general@imachines.com ; sales+riskinsights@imachines.com,showing_email_candidates,not_flagged,contact_pages,contact@imachines.com,contact@imachines.com,,,,valid=1; invalid=0; risky=0; unknown=0
7470,>30M,scratchie.com,yes,,,https://scratchie.typeform.com/to/PLYzCzdY,0,,hello@scratchie.com,showing_email_candidates,not_flagged,contact_pages,hello@scratchie.com,hello@scratchie.com,,,,valid=1; invalid=0; risky=0; unknown=0
7471,>30M,yamano-ent.com,no,,,,0,,,no_public_email_found,not_flagged,contact_pages,,,,,,valid=0; invalid=0; risky=0; unknown=0
7472,>30M,roimonitor.com,no,,,,0,,,no_public_email_found,not_flagged,contact_pages,,,,,,valid=0; invalid=0; risky=0; unknown=0
7473,>30M,cargomate.nl,yes,,,https://boloo.typeform.com/to/IEvy5heo,0,,forwarding@cargomate.nl ; gsap@3.12.5 ; player-component@2.7.12 ; socks-ui@0.3.3,showing_email_candidates,not_flagged,contact_pages,,,,,,valid=0; invalid=0; risky=0; unknown=0
7474,>30M,852office.com,no,,,,0,,enquiry@852office.com,showing_email_candidates,not_flagged,contact_pages,,,,,,valid=0; invalid=0; risky=0; unknown=0
7475,>30M,keiaikai-kosumosu.com,no,,,,0,,,no_public_email_found,not_flagged,contact_pages,,,,,,valid=0; invalid=0; risky=0; unknown=0
7476,>30M,beenup2.com,no,,,,0,,,no_public_email_found,not_flagged,contact_pages,,,,,,valid=0; invalid=0; risky=0; unknown=0
7477,>30M,stretchdollar.com,no,,,https://stretchdollar.typeform.com/,0,,dolly@stretchdollar.com ; dotlottie-wc@0.9.14 ; lumious-components@1.0.6 ; support@stretchdollar.com,showing_email_candidates,not_flagged,contact_pages,support@stretchdollar.com,,,,support@stretchdollar.com,valid=0; invalid=0; risky=0; unknown=1
7478,>30M,vdlkonings.com,no,,,,0,,info@vdlkonings.com,showing_email_candidates,not_flagged,contact_pages,info@vdlkonings.com,,,,info@vdlkonings.com,valid=0; invalid=0; risky=0; unknown=1
7479,>30M,getupfitness.ca,no,,,,0,,wayne@getupfitness.ca,showing_email_candidates,not_flagged,contact_pages,,,,,,valid=0; invalid=0; risky=0; unknown=0
7480,>30M,be-edge.com,yes,,,,0,,,no_public_email_found,not_flagged,contact_pages,,,,,,valid=0; invalid=0; risky=0; unknown=0
7481,>30M,b7b.nl,no,,,,0,,,no_public_email_found,not_flagged,contact_pages,,,,,,valid=0; invalid=0; risky=0; unknown=0
7482,>30M,larieleo.com.br,no,,,https://embed.typeform.com/,0,,larieleo2026@gmail.com,showing_email_candidates,not_flagged,contact_pages,,,,,,valid=0; invalid=0; risky=0; unknown=0
7483,>30M,valuefilter.com,no,,,,0,,support@valuefilter.com,showing_email_candidates,not_flagged,contact_pages,support@valuefilter.com,,,,support@valuefilter.com,valid=0; invalid=0; risky=0; unknown=1
7484,>30M,educatum.com,no,,,,0,,,no_public_email_found,not_flagged,contact_pages,,,,,,valid=0; invalid=0; risky=0; unknown=0
7485,>30M,txhomebuy.com,yes,,,https://form.typeform.com/to/ZzYAxzEp,0,,,no_public_email_found,not_flagged,contact_pages,,,,,,valid=0; invalid=0; risky=0; unknown=0
7486,>30M,shinwa11.com,no,,,,0,,,no_public_email_found,not_flagged,contact_pages,,,,,,valid=0; invalid=0; risky=0; unknown=0
7487,>30M,waltertemmer.com,no,,,,0,,kontakt@temmermethode.com ; slick-carousel@1.8.1,showing_email_candidates,not_flagged,contact_pages,,,,,,valid=0; invalid=0; risky=0; unknown=0
7488,>30M,vinamramisra.com,yes,,,,0,,,no_public_email_found,not_flagged,contact_pages,,,,,,valid=0; invalid=0; risky=0; unknown=0
7489,>30M,carpetcleaningpompanobeach.net,yes,,,,0,,,no_public_email_found,not_flagged,contact_pages,,,,,,valid=0; invalid=0; risky=0; unknown=0
7490,>30M,re-wire.org,yes,,,https://form.typeform.com/to/msGUaHmW,0,,,no_public_email_found,not_flagged,contact_pages,,,,,,valid=0; invalid=0; risky=0; unknown=0
7491,>30M,harperharrison.com,no,,,,0,,c.sykes@harperharrison.com ; g.elabridi@harperharrison.com ; h.farr@harperharrison.com ; h.feinberg@harperharrison.com ; info@harperharrison.com ; info@pipermaddox.com ; j.bentwood@harperharrison.com ; j.greaves@harperharrison.com ; j.holmes@harperharrison.com ; j.moore@harperharrison.com ; l.caswell@wearelhi.com ; m.copeland@harperharrison.com ; m.wood@harperharrison.com ; s.henry@harperharrison.com ; v.eatz@harperharrison.com,showing_email_candidates,not_flagged,contact_pages,info@harperharrison.com,,,,info@harperharrison.com,valid=0; invalid=0; risky=0; unknown=1
7492,>30M,dinosaurhouse.com,no,,,,0,,,no_public_email_found,not_flagged,contact_pages,,,,,,valid=0; invalid=0; risky=0; unknown=0
7493,>30M,yonoparo.es,no,,,,0,,,no_public_email_found,not_flagged,contact_pages,,,,,,valid=0; invalid=0; risky=0; unknown=0
7494,>30M,newwaverebellion.com,no,,,,0,,,no_public_email_found,not_flagged,contact_pages,,,,,,valid=0; invalid=0; risky=0; unknown=0
7495,>30M,digitalwellnessmarketing.com,yes,,,https://j3mbvotx4v9.typeform.com/to/PngitoaV,0,,,no_public_email_found,not_flagged,contact_pages,,,,,,valid=0; invalid=0; risky=0; unknown=0
7496,>30M,consulenteimmobiliare.eu,no,,,,0,,,no_public_email_found,not_flagged,contact_pages,,,,,,valid=0; invalid=0; risky=0; unknown=0
7497,>30M,kaleidoscopemg.com,yes,,,https://form.typeform.com/to/Z7au0TdX,0,,info@kaleidoscopemg.com,showing_email_candidates,not_flagged,contact_pages,info@kaleidoscopemg.com,,,,info@kaleidoscopemg.com,valid=0; invalid=0; risky=0; unknown=1
7498,>30M,virginiasalaskastilio.com,yes,,,,0,,,no_public_email_found,not_flagged,contact_pages,,,,,,valid=0; invalid=0; risky=0; unknown=0
7499,>30M,kayman.ca,yes,,,https://form.typeform.com/to/J5AxinaC ; https://form.typeform.com/to/PbLbumwb,0,,info@kayman.ca,showing_email_candidates,not_flagged,contact_pages,info@kayman.ca,,,,info@kayman.ca,valid=0; invalid=0; risky=0; unknown=1
7500,>30M,appletitleltd.com,no,,,,0,,info@appletitleltd.com ; tim@appletitleltd.com,showing_email_candidates,not_flagged,contact_pages,info@appletitleltd.com,,,,info@appletitleltd.com,valid=0; invalid=0; risky=0; unknown=1
7501,>30M,impactors.net,no,,,,0,,,no_public_email_found,not_flagged,contact_pages,,,,,,valid=0; invalid=0; risky=0; unknown=0
7502,>30M,balinca.com,yes,,,https://2jy9qw1nvwm.typeform.com/to/ZA0IAvT4,0,,example@email.com ; info@balinca.com,showing_email_candidates,not_flagged,contact_pages,info@balinca.com,,,,info@balinca.com,valid=0; invalid=0; risky=0; unknown=1
7503,>30M,delpower.be,no,,,https://embed.typeform.com/,0,,info@delpower.be,showing_email_candidates,not_flagged,contact_pages,info@delpower.be,,,,info@delpower.be,valid=0; invalid=0; risky=0; unknown=1
7504,>30M,youform.com,no,,,,0,,,no_public_email_found,not_flagged,contact_pages,,,,,,valid=0; invalid=0; risky=0; unknown=0
7505,>30M,astickerprinting.com,yes,,,,0,,admin@astickerprinting.com ; bootstrap-icons@1.10.5 ; bootstrap-icons@1.11.1 ; bootstrap@5.3.2 ; slick-carousel@1.8.1,showing_email_candidates,not_flagged,contact_pages,admin@astickerprinting.com,admin@astickerprinting.com,,,,valid=1; invalid=0; risky=0; unknown=0
7506,>30M,netplusservices.fr,yes,,,https://embed.typeform.com/ ; https://form.typeform.com/to/d9EJlZ,0,,,no_public_email_found,not_flagged,contact_pages,,,,,,valid=0; invalid=0; risky=0; unknown=0
7507,>30M,vdlagrotech.ru,no,,,,0,,info@vdlagrotech.nl,showing_email_candidates,not_flagged,contact_pages,,,,,,valid=0; invalid=0; risky=0; unknown=0
7508,>30M,eqlabs.org,no,,,,0,,,no_public_email_found,not_flagged,contact_pages,,,,,,valid=0; invalid=0; risky=0; unknown=0
7509,>30M,gunstoremarketing.com,yes,,,,0,,,no_public_email_found,not_flagged,contact_pages,,,,,,valid=0; invalid=0; risky=0; unknown=0
7510,>30M,no-spa.com,no,,,,0,,,no_public_email_found,not_flagged,contact_pages,,,,,,valid=0; invalid=0; risky=0; unknown=0
7511,>30M,thedaramolas.com,no,,,,0,,,no_public_email_found,not_flagged,contact_pages,,,,,,valid=0; invalid=0; risky=0; unknown=0
7512,>30M,swathibhat.com,no,,,,0,,,no_public_email_found,not_flagged,contact_pages,,,,,,valid=0; invalid=0; risky=0; unknown=0
7513,>30M,uspropertyfinance.com,no,,,https://p8lag2yjief.typeform.com/,0,,jmontazeri@nexalending.com ; name@email.com,showing_email_candidates,not_flagged,contact_pages,,,,,,valid=0; invalid=0; risky=0; unknown=0
7514,>30M,ktekco.com,yes,,,,0,,,no_public_email_found,not_flagged,contact_pages,,,,,,valid=0; invalid=0; risky=0; unknown=0
7515,>30M,bonfirestudios.com,no,,,,0,,,no_public_email_found,not_flagged,contact_pages,,,,,,valid=0; invalid=0; risky=0; unknown=0
7516,>30M,photomaniaku.com,no,,,,0,,,no_public_email_found,not_flagged,contact_pages,,,,,,valid=0; invalid=0; risky=0; unknown=0
7517,>30M,aquatic-contractors.com,yes,,,https://f6p8zpdh5o3.typeform.com/to/t8kG0Gvf,0,,,no_public_email_found,not_flagged,contact_pages,,,,,,valid=0; invalid=0; risky=0; unknown=0
7518,>30M,4money.at,yes,,,https://46q5vk9s0z5.typeform.com/to/zHjzkYvY,0,,office@4money.at,showing_email_candidates,not_flagged,contact_pages,office@4money.at,,,,office@4money.at,valid=0; invalid=0; risky=0; unknown=1
7519,>30M,ocuwell.com,no,,,,0,,info@ocuwell.com,showing_email_candidates,not_flagged,contact_pages,info@ocuwell.com,,,,info@ocuwell.com,valid=0; invalid=0; risky=0; unknown=1
7520,>30M,trysquareone.com,yes,,,,0,,,no_public_email_found,not_flagged,contact_pages,,,,,,valid=0; invalid=0; risky=0; unknown=0
7521,>30M,jinaisousai.com,no,,,,0,,,no_public_email_found,not_flagged,contact_pages,,,,,,valid=0; invalid=0; risky=0; unknown=0
7522,>30M,mcaloans.co,no,,,https://embed.typeform.com/ ; https://gasserm.typeform.com/to/Dj7Sni,0,,info@capitallynk.com,showing_email_candidates,not_flagged,contact_pages,,,,,,valid=0; invalid=0; risky=0; unknown=0
7523,>30M,insumex.org,yes,,,https://brandpetram.typeform.com/to/JHk4oYxY,0,,john.dowry@example.com ; marketing@insumex.com,showing_email_candidates,not_flagged,contact_pages,,,,,,valid=0; invalid=0; risky=0; unknown=0
7524,>30M,nitschke-photography.com,no,,,,0,,hallo@nitschke-photography.com,showing_email_candidates,not_flagged,contact_pages,,,,,,valid=0; invalid=0; risky=0; unknown=0
7525,>30M,binarystars.org,yes,,,https://06z76kl1j0z.typeform.com/to/mhcghLyH,0,,,no_public_email_found,not_flagged,contact_pages,,,,,,valid=0; invalid=0; risky=0; unknown=0
7526,>30M,jeb-finance.com,yes,,,https://besse1.typeform.com/to/tDXTsl ; https://embed.typeform.com/,0,,je@jeb-finance.com,showing_email_candidates,not_flagged,contact_pages,,,,,,valid=0; invalid=0; risky=0; unknown=0
7527,>30M,uberapplications.com,yes,,,,0,,,no_public_email_found,not_flagged,contact_pages,,,,,,valid=0; invalid=0; risky=0; unknown=0
7528,>30M,harringtondigital.com,no,,,,0,,corey@harringtondigital.com,showing_email_candidates,not_flagged,contact_pages,,,,,,valid=0; invalid=0; risky=0; unknown=0
7529,>30M,plankk.com,no,,,,0,,,no_public_email_found,not_flagged,contact_pages,,,,,,valid=0; invalid=0; risky=0; unknown=0
7530,>30M,viraleast.com,no,,,,0,,info@viraleast.com,showing_email_candidates,not_flagged,contact_pages,info@viraleast.com,,,,info@viraleast.com,valid=0; invalid=0; risky=0; unknown=1
7531,>30M,okcfencecompany.com,yes,,,,0,,info@okcfencecompany.com,showing_email_candidates,not_flagged,contact_pages,info@okcfencecompany.com,,,,info@okcfencecompany.com,valid=0; invalid=0; risky=0; unknown=1
7532,>30M,typekick.com,yes,,,,0,,,no_public_email_found,not_flagged,contact_pages,,,,,,valid=0; invalid=0; risky=0; unknown=0
7533,>30M,wastepapertrade.com,yes,,,https://form.typeform.com/to/tEK9bbkV,0,,bakker.h@wpt-nl.com ; bijlholt.d@wpt-nl.com ; blaauw.h@wpt-nl.com ; boersbroek.l@wpt-nl.com ; botter.r@wpt-nl.com ; bukrieieva.k@wpt-nl.com ; dammer.k@wpt-nl.com ; david.j@wpt-uk.com ; defoucher.g@wpt-nl.com ; dejonge.p@wpt-nl.com ; dewal.s@wpt-nl.com ; dierick.a@wpt-nl.com ; dolik.m@wpt-pl.com ; dreijer.l@wpt-nl.com ; drenth.f@wpt-nl.com ; dusseljee.l@wpt-nl.com ; elhage.a@wpt-nl.com ; engelage.m@wpt-nl.com ; gajowiak.m@wpt-pl.com ; grady.d@wpt-uk.com ; grzelak.m@wpt-pl.com ; heeres.d@wpt-nl.com ; hilgenga.kd@wpt-nl.com ; horlings.n@wpt-nl.com ; info@wpt-nl.com ; kamphuis.r@wpt-nl.com ; klungel.p@wpt-nl.com ; kramer.h@wpt-nl.com ; kuilman.m@wpt-nl.com ; kuiper.a@wpt-nl.com ; leeraar.a@wpt-nl.com ; lindemann.d@wpt-de.com ; luttjeboer.a@wpt-nl.com ; medendorp.w@wpt-nl.com ; meijberg.j@wpt-nl.com ; meringa.d@wpt-nl.com ; namiranian.n@wpt-nl.com ; notzon.n@wpt-de.com ; olga@wpt-nl.com ; pander.m@wpt-nl.com ; paul.i@wpt-de.com ; sapozhnikov.y@wpt-pl.com ; schneider.h@wpt-de.com ; skott.l@wpt-dk.com ; someone@example.com ; spelde.i@wpt-nl.com ; stam.m@wpt-nl.com ; storek.h@wpt-de.com ; tasca.s@wpt-nl.com ; tokarski.r@wpt-pl.com ; tunajek.s@wpt-nl.com ; vadkertiova.i@wpt-nl.com ; valencon.b@wpt-nl.com ; valkonet.l@wpt-nl.com ; vandermeer.g@wpt-nl.com ; vanderwal.m@wpt-nl.com ; vanheusden.c@wpt-nl.com ; voos.n@wpt-nl.com ; zhang.y@wpt-nl.com,showing_email_candidates,not_flagged,contact_pages,,,,,,valid=0; invalid=0; risky=0; unknown=0
7534,>30M,vancouverautomation.com,no,,,,0,,,no_public_email_found,not_flagged,contact_pages,,,,,,valid=0; invalid=0; risky=0; unknown=0
7535,>30M,neuralreprogramming.com,yes,,,https://form.typeform.com/,0,,,no_public_email_found,not_flagged,contact_pages,,,,,,valid=0; invalid=0; risky=0; unknown=0
7536,>30M,warmup.com.ar,no,,,,0,,,no_public_email_found,not_flagged,contact_pages,,,,,,valid=0; invalid=0; risky=0; unknown=0
7537,>30M,thetransitiongroup.biz,no,,,,0,,jeff@thetransitiongroup.biz,showing_email_candidates,not_flagged,contact_pages,,,,,,valid=0; invalid=0; risky=0; unknown=0
7538,>30M,pet-come-come.com,no,,,,0,,,no_public_email_found,not_flagged,contact_pages,,,,,,valid=0; invalid=0; risky=0; unknown=0
7539,>30M,cooperrifles.com,no,,,,0,,info@cooperfirearms.com,showing_email_candidates,not_flagged,contact_pages,,,,,,valid=0; invalid=0; risky=0; unknown=0
7540,>30M,swifthomeautomation.com,yes,,,https://sribalaji817554.typeform.com/to/Jd4bDv,0,,hello@swifthomeautomations.com ; swifthomeautomations@gmail.com,showing_email_candidates,not_flagged,contact_pages,,,,,,valid=0; invalid=0; risky=0; unknown=0
7541,>30M,mycityguide.co,yes,,,,0,,admin@mycityguide.email,showing_email_candidates,not_flagged,contact_pages,,,,,,valid=0; invalid=0; risky=0; unknown=0
7542,>30M,inter-social.net,no,,,,0,,,no_public_email_found,not_flagged,contact_pages,,,,,,valid=0; invalid=0; risky=0; unknown=0
7543,>30M,magaliweiss.ch,yes,,,,0,,,no_public_email_found,not_flagged,contact_pages,,,,,,valid=0; invalid=0; risky=0; unknown=0
7544,>30M,getwai.com,yes,,,,0,,,no_public_email_found,not_flagged,contact_pages,,,,,,valid=0; invalid=0; risky=0; unknown=0
7545,>30M,transolutionswa.com,no,,,,0,,,no_public_email_found,not_flagged,contact_pages,,,,,,valid=0; invalid=0; risky=0; unknown=0
7546,>30M,aspirexecoaching.com,yes,,,https://embed.typeform.com/ ; https://form.typeform.com/to/o1EuSn4S,0,,,no_public_email_found,not_flagged,contact_pages,,,,,,valid=0; invalid=0; risky=0; unknown=0
7547,>30M,senior-talk.com,yes,,,https://j3umbnfw3qk.typeform.com/to/ml7GXjED,0,,info@senior-talk.com ; your@mail.com,showing_email_candidates,not_flagged,contact_pages,info@senior-talk.com,,,,info@senior-talk.com,valid=0; invalid=0; risky=0; unknown=1
7548,>30M,douro-valley.com,no,,,,0,,,no_public_email_found,not_flagged,contact_pages,,,,,,valid=0; invalid=0; risky=0; unknown=0
7549,>30M,innovatedincome.com,no,,,,0,,email@innovatedincome.com,showing_email_candidates,not_flagged,contact_pages,,,,,,valid=0; invalid=0; risky=0; unknown=0
7550,>30M,automotivetrainingnetwork.com,no,,,,0,,bootstrap-icons@1.11.1 ; bootstrap@4.4.1 ; popper.js@1.16.0,showing_email_candidates,not_flagged,contact_pages,,,,,,valid=0; invalid=0; risky=0; unknown=0
7551,>30M,leerico.com.br,no,,,,0,,,no_public_email_found,not_flagged,contact_pages,,,,,,valid=0; invalid=0; risky=0; unknown=0
7552,>30M,vdlagrotech.de,no,,,,0,,info@vdlagrotech.nl,showing_email_candidates,not_flagged,contact_pages,,,,,,valid=0; invalid=0; risky=0; unknown=0
7553,>30M,cleanermarketing.com,yes,,,,0,,,no_public_email_found,not_flagged,contact_pages,,,,,,valid=0; invalid=0; risky=0; unknown=0
7554,>30M,ambassadedudiamant.com,yes,,,https://3edftrn9e5d.typeform.com/to/whtTU3z2,0,,ambassadedudiamant@gmail.com,showing_email_candidates,not_flagged,contact_pages,,,,,,valid=0; invalid=0; risky=0; unknown=0
7555,>30M,ocasamentodoano.com.br,no,,,https://embed.typeform.com/,0,,,no_public_email_found,not_flagged,contact_pages,,,,,,valid=0; invalid=0; risky=0; unknown=0
7556,>30M,icleangreen.se,yes,,,https://samkrafter.typeform.com/to/BFgcGNme ; https://samkrafter.typeform.com/to/f4p1fjQH ; https://samkrafter.typeform.com/to/FMTILs3u ; https://samkrafter.typeform.com/to/fUzNlEc9 ; https://samkrafter.typeform.com/to/kEVHeX2M ; https://samkrafter.typeform.com/to/KjWjbiXR,0,,hej@icleangreen.se,showing_email_candidates,not_flagged,contact_pages,,,,,,valid=0; invalid=0; risky=0; unknown=0
7557,>30M,brandprotectionseo.com,no,,,,0,,,no_public_email_found,not_flagged,contact_pages,,,,,,valid=0; invalid=0; risky=0; unknown=0
7558,>30M,brandongarland.com,yes,,,https://realbrandongarland.typeform.com/to/dqN8Z58I,0,,bg@brandongarland.com,showing_email_candidates,not_flagged,contact_pages,,,,,,valid=0; invalid=0; risky=0; unknown=0
7559,>30M,xeniacoinshop.com,no,,,,0,,contactus@xeniacoinshop.com ; xxx@xxx.xxx,showing_email_candidates,not_flagged,contact_pages,,,,,,valid=0; invalid=0; risky=0; unknown=0
7560,>30M,sightbox.co,no,,,https://images.typeform.com/,0,,,no_public_email_found,not_flagged,contact_pages,,,,,,valid=0; invalid=0; risky=0; unknown=0
7561,>30M,hiroyama-mental.com,no,,,,0,,,no_public_email_found,not_flagged,contact_pages,,,,,,valid=0; invalid=0; risky=0; unknown=0
7562,>30M,raptbizbrokers.com,no,,,,0,,aferrara@raptbizbrokers.com ; amills@raptbizbrokers.com ; bizbuysell@1x-1.png ; cgarland@raptbizbrokers.com ; hmills@raptbizbrokers.com ; info@raptbizbrokers.com ; jmckittrick@raptbizbrokers.com ; mferrara@raptbizbrokers.com,showing_email_candidates,not_flagged,contact_pages,info@raptbizbrokers.com,,,,info@raptbizbrokers.com,valid=0; invalid=0; risky=0; unknown=1
7563,>30M,cyomi.com,yes,,,,0,,,no_public_email_found,not_flagged,contact_pages,,,,,,valid=0; invalid=0; risky=0; unknown=0
7564,>30M,bestnigerianweddingdj.com,no,,,,0,,book@djdonx.com,showing_email_candidates,not_flagged,contact_pages,,,,,,valid=0; invalid=0; risky=0; unknown=0
7565,>30M,mattvarian.com,no,,,,0,,,no_public_email_found,not_flagged,contact_pages,,,,,,valid=0; invalid=0; risky=0; unknown=0
7566,>30M,alinea.com,no,,,,0,,,no_public_email_found,not_flagged,contact_pages,,,,,,valid=0; invalid=0; risky=0; unknown=0
7567,>30M,jordancarlisle.com,no,,,,0,,,no_public_email_found,not_flagged,contact_pages,,,,,,valid=0; invalid=0; risky=0; unknown=0
7568,>30M,business-skills.fr,no,,,,0,,,no_public_email_found,not_flagged,contact_pages,,,,,,valid=0; invalid=0; risky=0; unknown=0
7569,>30M,flemingexcavating.com,yes,,,https://embed.typeform.com/ ; https://form.typeform.com/to/xOAIVnWN,0,,evan@flemingexcavating.com,showing_email_candidates,not_flagged,contact_pages,,,,,,valid=0; invalid=0; risky=0; unknown=0
7570,>30M,finanzkanzlei-muenchen.de,yes,,,https://form.typeform.com/to/dtpaW0vI,0,,info@example.com ; support@example.com,showing_email_candidates,not_flagged,contact_pages,,,,,,valid=0; invalid=0; risky=0; unknown=0
7571,>30M,hp-mosaic.com,no,,,https://leadersatlas.typeform.com/,0,,,no_public_email_found,not_flagged,contact_pages,,,,,,valid=0; invalid=0; risky=0; unknown=0
7572,>30M,jp21s.com,no,,,,0,,,no_public_email_found,not_flagged,contact_pages,,,,,,valid=0; invalid=0; risky=0; unknown=0
7573,>30M,olivierdewasseige.be,no,,,,0,,bonjour@olivierdewasseige.be ; jquery-validation@1.17.0 ; jquery-validation@1.19.3 ; olivier@olivierdewasseige.org,showing_email_candidates,not_flagged,contact_pages,,,,,,valid=0; invalid=0; risky=0; unknown=0
7574,>30M,myhealthblueprint.com,yes,,,https://form.typeform.com/to/wUt4PXst ; https://myhealthblueprint.typeform.com/to/u2ZP4Adv,0,,,no_public_email_found,not_flagged,contact_pages,,,,,,valid=0; invalid=0; risky=0; unknown=0
7575,>30M,technostart.fr,no,,,,0,,f.baffou@technowest.com ; jf.guilbon@technowest.com ; m.petaux@technowest.com,showing_email_candidates,not_flagged,contact_pages,,,,,,valid=0; invalid=0; risky=0; unknown=0
7576,>30M,indemnisation.com,yes,,,https://hjrdme1kdtk.typeform.com/ ; https://hjrdme1kdtk.typeform.com/to/E0OCWKf2,0,,contact@indemnisation.com,showing_email_candidates,not_flagged,contact_pages,contact@indemnisation.com,contact@indemnisation.com,,,,valid=1; invalid=0; risky=0; unknown=0
7577,>30M,usenarrative.com,yes,,,https://adam900.typeform.com/to/IIAZX2 ; https://embed.typeform.com/,0,,,no_public_email_found,not_flagged,contact_pages,,,,,,valid=0; invalid=0; risky=0; unknown=0
7578,>30M,lifa-kii.com,no,,,,0,,,no_public_email_found,not_flagged,contact_pages,,,,,,valid=0; invalid=0; risky=0; unknown=0
7579,>30M,takeuchi-shoukai.com,no,,,,0,,,no_public_email_found,not_flagged,contact_pages,,,,,,valid=0; invalid=0; risky=0; unknown=0
7580,>30M,caravanofremembering.com,no,,,https://caravanconnectionsunlimited.typeform.com/,0,,,no_public_email_found,not_flagged,contact_pages,,,,,,valid=0; invalid=0; risky=0; unknown=0
7581,>30M,curacao-events.com,no,,,,0,,,no_public_email_found,not_flagged,contact_pages,,,,,,valid=0; invalid=0; risky=0; unknown=0
7582,>30M,thejakdang.com,no,,,,0,,you@email.com,showing_email_candidates,not_flagged,contact_pages,,,,,,valid=0; invalid=0; risky=0; unknown=0
7583,>30M,taokids.com,no,,,https://embed.typeform.com/ ; https://form.typeform.com/,0,,,no_public_email_found,not_flagged,contact_pages,,,,,,valid=0; invalid=0; risky=0; unknown=0
7584,>30M,chosenchildrenvillage.com,yes,,,https://webmaster271124.typeform.com/to/YCQIWPfB,0,,admin@chosenchildrenfoundation.com,showing_email_candidates,not_flagged,contact_pages,,,,,,valid=0; invalid=0; risky=0; unknown=0
7585,>30M,miogroup.com,no,,,,0,,barcelona@miogroup.com ; info@mio.es ; lisboa@miogroup.com ; madrid@miogroup.com ; medellin@miogroup.com ; mexico@miogroup.com ; miami@miogroup.com,showing_email_candidates,not_flagged,contact_pages,,,,,,valid=0; invalid=0; risky=0; unknown=0
7586,>30M,aundriaadams.com,yes,,,https://0nzbphsg5cn.typeform.com/to/g9cGhJn8,0,,info@aundriaadams.com,showing_email_candidates,not_flagged,contact_pages,info@aundriaadams.com,,,,info@aundriaadams.com,valid=0; invalid=0; risky=0; unknown=1
7587,>30M,andrewpaterson.me,no,,,,0,,,no_public_email_found,not_flagged,contact_pages,,,,,,valid=0; invalid=0; risky=0; unknown=0
7588,>30M,anaeandre.com.br,no,,,,0,,,no_public_email_found,not_flagged,contact_pages,,,,,,valid=0; invalid=0; risky=0; unknown=0
7589,>30M,yabebe.com,no,,,,0,,,no_public_email_found,not_flagged,contact_pages,,,,,,valid=0; invalid=0; risky=0; unknown=0
7590,>30M,thecuriousexperience.com,yes,,,https://fow0z9jqpfw.typeform.com/to/ghADfMEj,0,,hello@thecuriousexperience.com,showing_email_candidates,not_flagged,contact_pages,hello@thecuriousexperience.com,hello@thecuriousexperience.com,,,,valid=1; invalid=0; risky=0; unknown=0
7591,>30M,wheremarketingworks.com,no,,,,0,,hello@wheremarketingworks.com ; jobs@wheremarketingworks.com ; website-carbon-badges@1.1.3,showing_email_candidates,not_flagged,contact_pages,hello@wheremarketingworks.com ; jobs@wheremarketingworks.com,hello@wheremarketingworks.com,,,jobs@wheremarketingworks.com,valid=1; invalid=0; risky=0; unknown=1
7592,>30M,sugarandslicebakery.com,no,,,,0,,sugarandslicebakery@gmail.com,showing_email_candidates,not_flagged,contact_pages,,,,,,valid=0; invalid=0; risky=0; unknown=0
7593,>30M,redgayrimenkul.com,no,,,,0,,,no_public_email_found,not_flagged,contact_pages,,,,,,valid=0; invalid=0; risky=0; unknown=0
7594,>30M,sw-tischlerei.at,yes,,,https://xpy2e7lyvrt.typeform.com/to/N6kOYFC4,0,,info@sw-tischlerei.at,showing_email_candidates,not_flagged,contact_pages,info@sw-tischlerei.at,,,,info@sw-tischlerei.at,valid=0; invalid=0; risky=0; unknown=1
7595,>30M,combles-picardie.com,yes,,,https://embed.typeform.com/ ; https://form.typeform.com/to/qVcokgI4,0,,,no_public_email_found,not_flagged,contact_pages,,,,,,valid=0; invalid=0; risky=0; unknown=0
7596,>30M,holyhealth.org,yes,,,https://form.typeform.com/to/sgr1lxTI,0,,support@holyhealth.org,showing_email_candidates,not_flagged,contact_pages,support@holyhealth.org,,,,support@holyhealth.org,valid=0; invalid=0; risky=0; unknown=1
7597,>30M,yourautismguide.com,yes,,,,0,,,no_public_email_found,not_flagged,contact_pages,,,,,,valid=0; invalid=0; risky=0; unknown=0
7598,>30M,targetedgolf.com,no,,,,0,,flags@2x.png,showing_email_candidates,not_flagged,contact_pages,,,,,,valid=0; invalid=0; risky=0; unknown=0
7599,>30M,lucianaethiago.com.br,no,,,,0,,,no_public_email_found,not_flagged,contact_pages,,,,,,valid=0; invalid=0; risky=0; unknown=0
7600,>30M,roiproof.com,yes,,,,0,,,no_public_email_found,not_flagged,contact_pages,,,,,,valid=0; invalid=0; risky=0; unknown=0
7601,>30M,victronenergy.jp,no,,,,0,,,no_public_email_found,not_flagged,contact_pages,,,,,,valid=0; invalid=0; risky=0; unknown=0
7602,>30M,weddingcheatsheet.com,yes,,,,0,,,no_public_email_found,not_flagged,contact_pages,,,,,,valid=0; invalid=0; risky=0; unknown=0
7603,>30M,northernbridge.co,no,,,,0,,info@northernbridge.co,showing_email_candidates,not_flagged,contact_pages,info@northernbridge.co,,,,info@northernbridge.co,valid=0; invalid=0; risky=0; unknown=1
7604,>30M,daisou-kbs.com,no,,,,0,,,no_public_email_found,not_flagged,contact_pages,,,,,,valid=0; invalid=0; risky=0; unknown=0
7605,>30M,icbspain.com,yes,,,https://icbspain.typeform.com/to/HLZMiK,0,,audrey@icbspain.com ; brian@icbspain.com ; hello@icbspain.com ; lorenzo@icbspain.com ; pastor@icbspain.com,showing_email_candidates,not_flagged,contact_pages,hello@icbspain.com,hello@icbspain.com,,,,valid=1; invalid=0; risky=0; unknown=0
7606,>30M,fernandaevinicius.com.br,no,,,,0,,,no_public_email_found,not_flagged,contact_pages,,,,,,valid=0; invalid=0; risky=0; unknown=0
7607,>30M,fromthelobby.com,yes,,,https://fromthelobby20.typeform.com/to/mgYr3vtO,0,,hayley@fromthelobby.com ; hello@fromthelobby.com,showing_email_candidates,not_flagged,contact_pages,hello@fromthelobby.com,hello@fromthelobby.com,,,,valid=1; invalid=0; risky=0; unknown=0
7608,>30M,daiwaspe.com,no,,,,0,,,no_public_email_found,not_flagged,contact_pages,,,,,,valid=0; invalid=0; risky=0; unknown=0
7609,>30M,plenasaude.org,no,,,,0,,aaa@plenasaude.org,showing_email_candidates,not_flagged,contact_pages,,,,,,valid=0; invalid=0; risky=0; unknown=0
7610,>30M,alert360.com,yes,,,https://alert360.typeform.com/to/ljnDcul0,0,,,no_public_email_found,not_flagged,contact_pages,,,,,,valid=0; invalid=0; risky=0; unknown=0
7611,>30M,businessmaster.biz,no,,,,0,,,no_public_email_found,not_flagged,contact_pages,,,,,,valid=0; invalid=0; risky=0; unknown=0
7612,>30M,protector.co,no,,,https://embed.typeform.com/,0,,,no_public_email_found,not_flagged,contact_pages,,,,,,valid=0; invalid=0; risky=0; unknown=0
7613,>30M,labodegany.com,yes,,,https://9lwerlr7gvn.typeform.com/to/OwjfQyYb,0,,joseph@labodegany.com,showing_email_candidates,not_flagged,contact_pages,,,,,,valid=0; invalid=0; risky=0; unknown=0
7614,>30M,cypruspropertyportal.com,no,,,,0,,,no_public_email_found,not_flagged,contact_pages,,,,,,valid=0; invalid=0; risky=0; unknown=0
7615,>30M,kawasou.net,no,,,,0,,,no_public_email_found,not_flagged,contact_pages,,,,,,valid=0; invalid=0; risky=0; unknown=0
7616,>30M,fernandaerodrigo.com.br,no,,,,0,,,no_public_email_found,not_flagged,contact_pages,,,,,,valid=0; invalid=0; risky=0; unknown=0
7617,>30M,bamboomedia.com.au,yes,,,,0,,,no_public_email_found,not_flagged,contact_pages,,,,,,valid=0; invalid=0; risky=0; unknown=0
7618,>30M,everneu.com,no,,,,0,,matt.wright@everneu.com,showing_email_candidates,not_flagged,contact_pages,,,,,,valid=0; invalid=0; risky=0; unknown=0
7619,>30M,justinjdunn.com,no,,,,0,,,no_public_email_found,not_flagged,contact_pages,,,,,,valid=0; invalid=0; risky=0; unknown=0
7620,>30M,whiteveilweddings.com,yes,,,https://bizwizmarketing.typeform.com/to/pTqWIc ; https://bizwizmarketing.typeform.com/to/v0R4fX ; https://bizwizmarketing.typeform.com/to/VSPyIa ; https://embed.typeform.com/ ; https://form.typeform.com/to/vzIRZHmi,0,,savethedate@whiteveilweddings.com,showing_email_candidates,not_flagged,contact_pages,,,,,,valid=0; invalid=0; risky=0; unknown=0
7621,>30M,kawase-sk.com,no,,,,0,,,no_public_email_found,not_flagged,contact_pages,,,,,,valid=0; invalid=0; risky=0; unknown=0
7622,>30M,nextcc.org,no,,,https://nextcc.typeform.com/,0,,info@nextcc.org,showing_email_candidates,not_flagged,contact_pages,info@nextcc.org,,,,info@nextcc.org,valid=0; invalid=0; risky=0; unknown=1
7623,>30M,divorcelawyerwebsites.com,yes,,,,0,,,no_public_email_found,not_flagged,contact_pages,,,,,,valid=0; invalid=0; risky=0; unknown=0
7624,>30M,mainstreetnow.org,no,,,,0,,,no_public_email_found,not_flagged,contact_pages,,,,,,valid=0; invalid=0; risky=0; unknown=0
7625,>30M,ek-pack.com,no,,,https://embed.typeform.com/,0,,contact@ek-pack.com ; info@ek-pack.com ; info@schwaben.ihk.de ; kontakt@deutsche-datenschutzkanzlei.de,showing_email_candidates,not_flagged,contact_pages,contact@ek-pack.com ; info@ek-pack.com,contact@ek-pack.com,,,info@ek-pack.com,valid=1; invalid=0; risky=0; unknown=1
7626,>30M,intuitivehustle.com,yes,,,https://i6pzpudl8sa.typeform.com/to/Kjcu3cIt,0,,,no_public_email_found,not_flagged,contact_pages,,,,,,valid=0; invalid=0; risky=0; unknown=0
7627,>30M,leafcrm.com,no,,,,0,,,no_public_email_found,not_flagged,contact_pages,,,,,,valid=0; invalid=0; risky=0; unknown=0
7628,>30M,tatianaefelipe.com.br,no,,,,0,,,no_public_email_found,not_flagged,contact_pages,,,,,,valid=0; invalid=0; risky=0; unknown=0
7629,>30M,mandybalak.com,no,,,,0,,ada@adhocpublicrelations.com ; hello@mandybalak.com ; team@mandybalak.com,showing_email_candidates,not_flagged,contact_pages,hello@mandybalak.com ; team@mandybalak.com,hello@mandybalak.com,,,team@mandybalak.com,valid=1; invalid=0; risky=0; unknown=1
7630,>30M,electricvehiclejobs.com,no,,,,0,,your@email.com,showing_email_candidates,not_flagged,contact_pages,,,,,,valid=0; invalid=0; risky=0; unknown=0
7631,>30M,cheungkwong.nl,no,,,https://marketingdm.typeform.com/,0,,info@cheungkwong.nl,showing_email_candidates,not_flagged,contact_pages,info@cheungkwong.nl,,,,info@cheungkwong.nl,valid=0; invalid=0; risky=0; unknown=1
7632,>30M,agenciaconexao.com,yes,,,,0,,,no_public_email_found,not_flagged,contact_pages,,,,,,valid=0; invalid=0; risky=0; unknown=0
7633,>30M,sakurazaka-clinic.com,no,,,,0,,,no_public_email_found,not_flagged,contact_pages,,,,,,valid=0; invalid=0; risky=0; unknown=0
7634,>30M,taketetsu.com,no,,,,0,,,no_public_email_found,not_flagged,contact_pages,,,,,,valid=0; invalid=0; risky=0; unknown=0
7635,>30M,hello-kanko.com,no,,,,0,,,no_public_email_found,not_flagged,contact_pages,,,,,,valid=0; invalid=0; risky=0; unknown=0
7636,>30M,yourfirstscholarship.com,no,,,,0,,,no_public_email_found,not_flagged,contact_pages,,,,,,valid=0; invalid=0; risky=0; unknown=0
7637,>30M,core4.co,yes,,,,0,,hello@core4.co,showing_email_candidates,not_flagged,contact_pages,hello@core4.co,hello@core4.co,,,,valid=1; invalid=0; risky=0; unknown=0
7638,>30M,icansavemoney.com,yes,,,https://form.typeform.com/to/b7zWWjtz ; https://form.typeform.com/to/bZhXI4XF ; https://form.typeform.com/to/mU6ReRWQ ; https://form.typeform.com/to/MWHBxjmX,0,,greenteam@icansavemoney.com,showing_email_candidates,not_flagged,contact_pages,,,,,,valid=0; invalid=0; risky=0; unknown=0
7639,>30M,clubgreen.fr,no,,,,0,,,no_public_email_found,not_flagged,contact_pages,,,,,,valid=0; invalid=0; risky=0; unknown=0
7640,>30M,viewpointinnovations.com,no,,,,0,,,no_public_email_found,not_flagged,contact_pages,,,,,,valid=0; invalid=0; risky=0; unknown=0
7641,>30M,momentnovel.com,no,,,,0,,,no_public_email_found,not_flagged,contact_pages,,,,,,valid=0; invalid=0; risky=0; unknown=0
7642,>30M,third-partner.com,yes,,,https://3rd-partner.typeform.com/to/y6F1GmDG ; https://third-partner.typeform.com/to/y6F1GmDG,0,,info@third-partner.com ; sales@third-partner.com ; sales@thirdpartner.com ; yourname@compay.com,showing_email_candidates,not_flagged,contact_pages,info@third-partner.com ; sales@third-partner.com,,,,info@third-partner.com ; sales@third-partner.com,valid=0; invalid=0; risky=0; unknown=2
7643,>30M,ritterburg-telefonmarketing.de,no,,,,0,,bildschirmfoto-2023-06-21-um-08.45.30-300x78@2x.png ; blur-computer-connection-electronics-442150-2-150x150@2x.jpg ; blur-computer-connection-electronics-442150-2-300x300@2x.jpg ; dsc00701-2-150x150@2x.jpg ; dsc00701-2-300x300@2x.jpg ; info@ritterburg-telefonmarketing.de ; logo-rt-333-141x300@2x.png ; niclasbirnbaum@icloud.com ; telefon-firma-scaled-1-150x150@2x.jpg ; telefon-firma-scaled-1-300x300@2x.jpg ; you-x-ventures-bzqu01v-g54-unsplash-2-150x150@2x.jpg ; you-x-ventures-bzqu01v-g54-unsplash-2-300x300@2x.jpg,showing_email_candidates,not_flagged,contact_pages,info@ritterburg-telefonmarketing.de,,,,info@ritterburg-telefonmarketing.de,valid=0; invalid=0; risky=0; unknown=1
7644,>30M,karinbosveld.com,yes,,,https://karinbosveld.typeform.com/to/XOVga0,0,,karin@karinbosveld.com,showing_email_candidates,not_flagged,contact_pages,,,,,,valid=0; invalid=0; risky=0; unknown=0
7645,>30M,workstations.com.au,no,,,,0,,sales@workstations.com.au,showing_email_candidates,not_flagged,contact_pages,sales@workstations.com.au,,,,sales@workstations.com.au,valid=0; invalid=0; risky=0; unknown=1
7646,>30M,issf-academy.com,yes,,,https://mjxrne0xqg6.typeform.com/to/c8Q71Mcg ; https://mjxrne0xqg6.typeform.com/to/nD9FznWP ; https://mjxrne0xqg6.typeform.com/to/ntrXlPS5 ; https://mjxrne0xqg6.typeform.com/to/PUa7M2Si,0,,info@issf-academy.com ; munich@issf-sports.org,showing_email_candidates,not_flagged,contact_pages,info@issf-academy.com,,,,info@issf-academy.com,valid=0; invalid=0; risky=0; unknown=1
7647,>30M,dooglie.com,yes,,,https://form.typeform.com/to/qeisHzLf,0,,support@dooglie.com,showing_email_candidates,not_flagged,contact_pages,support@dooglie.com,,,,support@dooglie.com,valid=0; invalid=0; risky=0; unknown=1
7648,>30M,lindycofer.com,yes,,,https://circuitriders1.typeform.com/to/zeX1E0VN,0,,team@crmovement.com,showing_email_candidates,not_flagged,contact_pages,,,,,,valid=0; invalid=0; risky=0; unknown=0
7649,>30M,scribers.org,yes,,,,0,,,no_public_email_found,not_flagged,contact_pages,,,,,,valid=0; invalid=0; risky=0; unknown=0
7650,>30M,jakegeller.com,yes,,,,0,,jake@jakegeller.com,showing_email_candidates,not_flagged,contact_pages,,,,,,valid=0; invalid=0; risky=0; unknown=0
7651,>30M,datascribe.biz,yes,,,,0,,,no_public_email_found,not_flagged,contact_pages,,,,,,valid=0; invalid=0; risky=0; unknown=0
7652,>30M,supernext.com,yes,,,https://form.typeform.com/to/LEUMx5AX,0,,connect@supernext.com,showing_email_candidates,not_flagged,contact_pages,,,,,,valid=0; invalid=0; risky=0; unknown=0
7653,>30M,swgirlscouts.org,yes,,,,0,,,no_public_email_found,not_flagged,contact_pages,,,,,,valid=0; invalid=0; risky=0; unknown=0
7654,>30M,pixiehk.com,yes,,,,0,,info@pixiehk.com ; nha@pixiehk.com ; pixiehk.co@gmail.com ; u003einfo@pixiehk.com,showing_email_candidates,not_flagged,contact_pages,info@pixiehk.com,,,,info@pixiehk.com,valid=0; invalid=0; risky=0; unknown=1
7655,>30M,bestalcoholrehabinflorida.com,no,,,https://embed.typeform.com/,0,,,no_public_email_found,not_flagged,contact_pages,,,,,,valid=0; invalid=0; risky=0; unknown=0
7656,>30M,fuelin.com,no,,,https://embed.typeform.com/ ; https://form.typeform.com/,0,,,no_public_email_found,not_flagged,contact_pages,,,,,,valid=0; invalid=0; risky=0; unknown=0
7657,>30M,southeasternassociatesinc.com,no,,,,0,,anapbm@gmail.com ; derek.christian@southeasternassociatesinc.com ; derke.christian@southeasternassociatesinc.com ; illiam.winston@southeasternassociatesinc.com ; impallari@gmail.com ; joe.storrs@southeasternassociatesinc.com ; paul.roberts@southeasternassociatesinc.com ; sales@southeasternassociatesinc.com ; team@latofonts.com ; william.winston@southeasternassociatesinc.com,showing_email_candidates,not_flagged,contact_pages,sales@southeasternassociatesinc.com,,,,sales@southeasternassociatesinc.com,valid=0; invalid=0; risky=0; unknown=1
7658,>30M,sound-birthing.com,yes,,,,0,,,no_public_email_found,not_flagged,contact_pages,,,,,,valid=0; invalid=0; risky=0; unknown=0
7659,>30M,claudia-bertram.de,no,,,,0,,info@rakcelle.de ; kanzlei@claudia-bertram.de ; olgce-poststelle@justiz.niedersachsen.de,showing_email_candidates,not_flagged,contact_pages,,,,,,valid=0; invalid=0; risky=0; unknown=0
7660,>30M,themilwaukeecompany.com,no,,,,0,,firm@themilwaukeecompany.com,showing_email_candidates,not_flagged,contact_pages,,,,,,valid=0; invalid=0; risky=0; unknown=0
7661,>30M,movado.in,no,,,,0,,,no_public_email_found,not_flagged,contact_pages,,,,,,valid=0; invalid=0; risky=0; unknown=0
7662,>30M,themillionairemother.com,yes,,,,0,,,no_public_email_found,not_flagged,contact_pages,,,,,,valid=0; invalid=0; risky=0; unknown=0
7663,>30M,pointerpro.com,no,,,,0,,info@pointerpro.com ; select2@4.1.0-rc.0,showing_email_candidates,not_flagged,contact_pages,info@pointerpro.com,,,,info@pointerpro.com,valid=0; invalid=0; risky=0; unknown=1
7664,>30M,abigidea.com,yes,,,https://form.typeform.com/to/OJjTGV95,0,,splide@4.0.6 ; typed.js@2.0.9,showing_email_candidates,not_flagged,contact_pages,,,,,,valid=0; invalid=0; risky=0; unknown=0
7665,>30M,vspfrance.fr,yes,,,,0,,,no_public_email_found,not_flagged,contact_pages,,,,,,valid=0; invalid=0; risky=0; unknown=0
7666,>30M,mk-clinic.jp,no,,,,0,,,no_public_email_found,not_flagged,contact_pages,,,,,,valid=0; invalid=0; risky=0; unknown=0
7667,>30M,memoire.com.br,yes,,,https://form.typeform.com/to/nYCLVRyv,0,,contato@memoire.com.br,showing_email_candidates,not_flagged,contact_pages,,,,,,valid=0; invalid=0; risky=0; unknown=0
7668,>30M,opsstrata.com,no,,,,0,,,no_public_email_found,not_flagged,contact_pages,,,,,,valid=0; invalid=0; risky=0; unknown=0
7669,>30M,travelbutik.pl,yes,,,https://fnq75q7cg07.typeform.com/to/PWXepXAD,0,,biuro@travelbutik.pl,showing_email_candidates,not_flagged,contact_pages,,,,,,valid=0; invalid=0; risky=0; unknown=0
7670,>30M,leejustin.com,no,,,,0,,,no_public_email_found,not_flagged,contact_pages,,,,,,valid=0; invalid=0; risky=0; unknown=0
7671,>30M,yoneda-syukugawa.com,no,,,,0,,,no_public_email_found,not_flagged,contact_pages,,,,,,valid=0; invalid=0; risky=0; unknown=0
7672,>30M,photoboothin.com,yes,,,,0,,,no_public_email_found,not_flagged,contact_pages,,,,,,valid=0; invalid=0; risky=0; unknown=0
7673,>30M,sherlockrecords.com,yes,,,,0,,,no_public_email_found,not_flagged,contact_pages,,,,,,valid=0; invalid=0; risky=0; unknown=0
7674,>30M,pennsylvaniasocialsecurity.com,no,,,,0,,,no_public_email_found,not_flagged,contact_pages,,,,,,valid=0; invalid=0; risky=0; unknown=0
7675,>30M,simplyorderfood.com,no,,,,0,,sales@simplyorderfood.com ; support@simplyorderfood.com,showing_email_candidates,not_flagged,contact_pages,sales@simplyorderfood.com ; support@simplyorderfood.com,,,,sales@simplyorderfood.com ; support@simplyorderfood.com,valid=0; invalid=0; risky=0; unknown=2
7676,>30M,rivingtonsolutions.com,no,,,,0,,,no_public_email_found,not_flagged,contact_pages,,,,,,valid=0; invalid=0; risky=0; unknown=0
7677,>30M,bementoring.com,yes,,,https://bementoring.typeform.com/to/q1collYk ; https://form.typeform.com/to/q1collYk,0,,info@bementoring.com,showing_email_candidates,not_flagged,contact_pages,info@bementoring.com,,,,info@bementoring.com,valid=0; invalid=0; risky=0; unknown=1
7678,>30M,patientfirstfunding.com,yes,,,https://candidate.typeform.com/to/JPfHu2mO,0,,,no_public_email_found,not_flagged,contact_pages,,,,,,valid=0; invalid=0; risky=0; unknown=0
7679,>30M,sheltonsairworx.com,no,,,,0,,sheltonairworx@triad.rr.com,showing_email_candidates,not_flagged,contact_pages,,,,,,valid=0; invalid=0; risky=0; unknown=0
7680,>30M,elithera.net,yes,,,,0,,,no_public_email_found,not_flagged,contact_pages,,,,,,valid=0; invalid=0; risky=0; unknown=0
7681,>30M,conseil-formation.net,no,,,,0,,,no_public_email_found,not_flagged,contact_pages,,,,,,valid=0; invalid=0; risky=0; unknown=0
7682,>30M,messe-muehlviertel.at,no,,,,0,,office@messe-muehlviertel.at,showing_email_candidates,not_flagged,contact_pages,office@messe-muehlviertel.at,,,,office@messe-muehlviertel.at,valid=0; invalid=0; risky=0; unknown=1
7683,>30M,spectrumcabinets.com,yes,,,,0,,,no_public_email_found,not_flagged,contact_pages,,,,,,valid=0; invalid=0; risky=0; unknown=0
7684,>30M,react-logistics.com,no,,,,0,,,no_public_email_found,not_flagged,contact_pages,,,,,,valid=0; invalid=0; risky=0; unknown=0
7685,>30M,chiefcontentmarketer.com,yes,,,https://koka101.typeform.com/to/ZebFMUdj,0,,abc@xyz.com,showing_email_candidates,not_flagged,contact_pages,,,,,,valid=0; invalid=0; risky=0; unknown=0
7686,>30M,riversideergogenics.com,yes,,,,0,,,no_public_email_found,not_flagged,contact_pages,,,,,,valid=0; invalid=0; risky=0; unknown=0
7687,>30M,anaeluis.com.br,no,,,https://embed.typeform.com/,0,,,no_public_email_found,not_flagged,contact_pages,,,,,,valid=0; invalid=0; risky=0; unknown=0
7688,>30M,arietis-software.com,no,,,,0,,,no_public_email_found,not_flagged,contact_pages,,,,,,valid=0; invalid=0; risky=0; unknown=0
7689,>30M,preesma.com,yes,,,https://form.typeform.com/to/BsKcKp78,0,,info@preesma.com ; nome@indirizzo.com,showing_email_candidates,not_flagged,contact_pages,info@preesma.com,,,,info@preesma.com,valid=0; invalid=0; risky=0; unknown=1
7690,>30M,viennapharaon.com,yes,,,,0,,,no_public_email_found,not_flagged,contact_pages,,,,,,valid=0; invalid=0; risky=0; unknown=0
7691,>30M,elfwerks.net,no,,,,0,,,no_public_email_found,not_flagged,contact_pages,,,,,,valid=0; invalid=0; risky=0; unknown=0
7692,>30M,alliantglobal.com,no,,,,0,,contact@alliantglobal.com,showing_email_candidates,not_flagged,contact_pages,contact@alliantglobal.com,contact@alliantglobal.com,,,,valid=1; invalid=0; risky=0; unknown=0
7693,>30M,tokyo-republic.com,no,,,,0,,,no_public_email_found,not_flagged,contact_pages,,,,,,valid=0; invalid=0; risky=0; unknown=0
7694,>30M,bud.me,yes,,,https://budme.typeform.com/to/L5R3DJ ; https://embed.typeform.com/,0,,,no_public_email_found,not_flagged,contact_pages,,,,,,valid=0; invalid=0; risky=0; unknown=0
7695,>30M,gasanin.ch,yes,,,https://gasanin.typeform.com/to/vaAlqp2O,0,,,no_public_email_found,not_flagged,contact_pages,,,,,,valid=0; invalid=0; risky=0; unknown=0
7696,>30M,kalpanafoundation.com,no,,,,0,,,no_public_email_found,not_flagged,contact_pages,,,,,,valid=0; invalid=0; risky=0; unknown=0
7697,>30M,yolbe.com,no,,,,0,,,no_public_email_found,not_flagged,contact_pages,,,,,,valid=0; invalid=0; risky=0; unknown=0
7698,>30M,gorici.com,no,,,,0,,,no_public_email_found,not_flagged,contact_pages,,,,,,valid=0; invalid=0; risky=0; unknown=0
7699,>30M,lantmannenunibake.de,no,,,,0,,info.de@lantmannen.com ; splide@4.1.4,showing_email_candidates,not_flagged,contact_pages,,,,,,valid=0; invalid=0; risky=0; unknown=0
7700,>30M,taskpair.com,yes,,,https://form.typeform.com/to/pgWOEeiY,0,,,no_public_email_found,not_flagged,contact_pages,,,,,,valid=0; invalid=0; risky=0; unknown=0
7701,>30M,budgetlight.info,no,,,,0,,,no_public_email_found,not_flagged,contact_pages,,,,,,valid=0; invalid=0; risky=0; unknown=0
7702,>30M,mochizuki-implant.com,no,,,,0,,,no_public_email_found,not_flagged,contact_pages,,,,,,valid=0; invalid=0; risky=0; unknown=0
7703,>30M,aquaspektr.ru,yes,,,,0,,,no_public_email_found,not_flagged,contact_pages,,,,,,valid=0; invalid=0; risky=0; unknown=0
7704,>30M,abowers.com,yes,,,,0,,,no_public_email_found,not_flagged,contact_pages,,,,,,valid=0; invalid=0; risky=0; unknown=0
7705,>30M,eremeev.me,no,,,,0,,,no_public_email_found,not_flagged,contact_pages,,,,,,valid=0; invalid=0; risky=0; unknown=0
7706,>30M,snella.com,no,,,,0,,bazchiara70@gmail.com ; cristianasclavo69@gmail.com ; danyd1978@gmail.com ; gemmastocco@hotmail.it ; hello@snella.com ; iaccarinogiusy12@gmail.com ; liviabaluta32@gmail.com ; marcia82@gmail.com ; massaroluisa1222@gmail.com ; morettifrance1967@gmail.com ; sabrinaparti@virgilio.it,showing_email_candidates,not_flagged,contact_pages,hello@snella.com,hello@snella.com,,,,valid=1; invalid=0; risky=0; unknown=0
7707,>30M,dpweb.pl,no,,,,0,,,no_public_email_found,not_flagged,contact_pages,,,,,,valid=0; invalid=0; risky=0; unknown=0
7708,>30M,d3riva.com,yes,,,https://embed.typeform.com/ ; https://form.typeform.com/to/dPAScrB5,0,,contact@d3riva.com,showing_email_candidates,not_flagged,contact_pages,contact@d3riva.com,contact@d3riva.com,,,,valid=1; invalid=0; risky=0; unknown=0
7709,>30M,serviziesclusivi.it,yes,,,https://form.typeform.com/to/FhmlvK,0,,ok@serviziesclusivi.it ; serviziesclusivi@gmail.com,showing_email_candidates,not_flagged,contact_pages,,,,,,valid=0; invalid=0; risky=0; unknown=0
7710,>30M,specialsource.com.au,no,,,,0,,,no_public_email_found,not_flagged,contact_pages,,,,,,valid=0; invalid=0; risky=0; unknown=0
7711,>30M,wivon.nl,yes,,,https://webformulier.typeform.com/to/kQlK0B,0,,info@wivon.nl,showing_email_candidates,not_flagged,contact_pages,info@wivon.nl,,,,info@wivon.nl,valid=0; invalid=0; risky=0; unknown=1
7712,>30M,tramontana.net,no,,,,0,,contacto@tramontana.net,showing_email_candidates,not_flagged,contact_pages,,,,,,valid=0; invalid=0; risky=0; unknown=0
7713,>30M,hotelmaastricht.com,no,,,,0,,,no_public_email_found,not_flagged,contact_pages,,,,,,valid=0; invalid=0; risky=0; unknown=0
7714,>30M,allolympiclodging.com,no,,,,0,,,no_public_email_found,not_flagged,contact_pages,,,,,,valid=0; invalid=0; risky=0; unknown=0
7715,>30M,vanessaerodrigo.com.br,no,,,https://embed.typeform.com/,0,,,no_public_email_found,not_flagged,contact_pages,,,,,,valid=0; invalid=0; risky=0; unknown=0
7716,>30M,myflexx.com,yes,,,https://research.typeform.com/to/DaL1yo26,0,,,no_public_email_found,not_flagged,contact_pages,,,,,,valid=0; invalid=0; risky=0; unknown=0
7717,>30M,morichika-eye.com,no,,,,0,,,no_public_email_found,not_flagged,contact_pages,,,,,,valid=0; invalid=0; risky=0; unknown=0
7718,>30M,geoblueplanet.org,yes,,,https://marinecopernicus.typeform.com/to/VntQ56vS,0,,info@geoblueplanet.org,showing_email_candidates,not_flagged,contact_pages,info@geoblueplanet.org,,,,info@geoblueplanet.org,valid=0; invalid=0; risky=0; unknown=1
7719,>30M,rundtbordet.com,yes,,,https://moenco.typeform.com/to/ERbQlDRv,0,,,no_public_email_found,not_flagged,contact_pages,,,,,,valid=0; invalid=0; risky=0; unknown=0
7720,>30M,erikaclegg.com,no,,,,0,,erika@larkenby.com,showing_email_candidates,not_flagged,contact_pages,,,,,,valid=0; invalid=0; risky=0; unknown=0
7721,>30M,sakuratomonokai.com,no,,,,0,,sakuratomonokai@amail.plala.or.jp,showing_email_candidates,not_flagged,contact_pages,,,,,,valid=0; invalid=0; risky=0; unknown=0
7722,>30M,jarnias.fr,no,,,https://groupejarnias.typeform.com/,0,,,no_public_email_found,not_flagged,contact_pages,,,,,,valid=0; invalid=0; risky=0; unknown=0
7723,>30M,theleadershipofyou.com,yes,,,,0,,,no_public_email_found,not_flagged,contact_pages,,,,,,valid=0; invalid=0; risky=0; unknown=0
7724,>30M,shelbybarham.com,no,,,http://form.typeform.com/ ; http://renderer-assets.typeform.com/,0,,shelbybarhamhair@gmail.com,showing_email_candidates,not_flagged,contact_pages,,,,,,valid=0; invalid=0; risky=0; unknown=0
7725,>30M,hedgefundtax.com,no,,,,0,,info@formidium.com,showing_email_candidates,not_flagged,contact_pages,,,,,,valid=0; invalid=0; risky=0; unknown=0
7726,>30M,amicusplanners.com,no,,,,0,,,no_public_email_found,not_flagged,contact_pages,,,,,,valid=0; invalid=0; risky=0; unknown=0
7727,>30M,healthcarerevolution.com,no,,,,0,,,no_public_email_found,not_flagged,contact_pages,,,,,,valid=0; invalid=0; risky=0; unknown=0
7728,>30M,leadhornet.com,yes,,,,0,,,no_public_email_found,not_flagged,contact_pages,,,,,,valid=0; invalid=0; risky=0; unknown=0
7729,>30M,higasioomiya-pharmacy.com,no,,,,0,,,no_public_email_found,not_flagged,contact_pages,,,,,,valid=0; invalid=0; risky=0; unknown=0
7730,>30M,jk-academy.com,yes,,,https://support822964.typeform.com/to/QLDfUbeH,0,,admin@jk-academy.com ; info@jk-be.com ; info@jk-de.com ; info@jk-dk.com ; info@jk-gb.com ; info@jk-nl.com,showing_email_candidates,not_flagged,contact_pages,admin@jk-academy.com,admin@jk-academy.com,,,,valid=1; invalid=0; risky=0; unknown=0
7731,>30M,thetechwhisperer.net,no,,,,0,,,no_public_email_found,not_flagged,contact_pages,,,,,,valid=0; invalid=0; risky=0; unknown=0
7732,>30M,consulenzaradiofonica.com,no,,,,0,,boxicons@2.1.4 ; info@consulenzaradiofonica.com ; slick-carousel@1.8.1,showing_email_candidates,not_flagged,contact_pages,info@consulenzaradiofonica.com,,,,info@consulenzaradiofonica.com,valid=0; invalid=0; risky=0; unknown=1
7733,>30M,experience-interactive.com,no,,,,0,,,no_public_email_found,not_flagged,contact_pages,,,,,,valid=0; invalid=0; risky=0; unknown=0
7734,>30M,sanjoseasphalt.com,yes,,,https://welovepaving.typeform.com/to/zesQ9OLz,0,,contact@sanjoseasphalt.com,showing_email_candidates,not_flagged,contact_pages,contact@sanjoseasphalt.com,contact@sanjoseasphalt.com,,,,valid=1; invalid=0; risky=0; unknown=0
7735,>30M,elpoderdelamusica.wordpress.com,yes,,,https://soniamuslares.typeform.com/to/I2iHq5 ; https://soniamuslares.typeform.com/to/NZ31N8,0,,,no_public_email_found,not_flagged,contact_pages,,,,,,valid=0; invalid=0; risky=0; unknown=0
7736,>30M,hopenpop.com,yes,,,https://50vd8fzv9d2.typeform.com/to/OKWYODJS,0,,,no_public_email_found,not_flagged,contact_pages,,,,,,valid=0; invalid=0; risky=0; unknown=0
7737,>30M,try999.com,no,,,https://embed.typeform.com/,0,,,no_public_email_found,not_flagged,contact_pages,,,,,,valid=0; invalid=0; risky=0; unknown=0
7738,>30M,rofernandez.com,no,,,,0,,,no_public_email_found,not_flagged,contact_pages,,,,,,valid=0; invalid=0; risky=0; unknown=0
7739,>30M,kuechen-freunde.de,yes,,,https://kmg-zumbrock.typeform.com/to/aoXTA0eo,0,,kontakt@kuechen-freunde.de ; lenis@1.1.20,showing_email_candidates,not_flagged,contact_pages,,,,,,valid=0; invalid=0; risky=0; unknown=0
7740,>30M,kimberleyannedesign.com,no,,,,0,,,no_public_email_found,not_flagged,contact_pages,,,,,,valid=0; invalid=0; risky=0; unknown=0
7741,>30M,confidencetools.com,yes,,,https://25z47aoop2s.typeform.com/to/yyqzT8ag,0,,,no_public_email_found,not_flagged,contact_pages,,,,,,valid=0; invalid=0; risky=0; unknown=0
7742,>30M,socialsecuritykansas.com,no,,,,0,,,no_public_email_found,not_flagged,contact_pages,,,,,,valid=0; invalid=0; risky=0; unknown=0
7743,>30M,starmusical.com,yes,,,,0,,,no_public_email_found,not_flagged,contact_pages,,,,,,valid=0; invalid=0; risky=0; unknown=0
7744,>30M,oliviagraydesigns.com,yes,,,https://form.typeform.com/to/h77cNUYO,0,,,no_public_email_found,not_flagged,contact_pages,,,,,,valid=0; invalid=0; risky=0; unknown=0
7745,>30M,finanzexperten.de,no,,,,0,,info@finanzexperten.de ; zugang@finanzexperten.de,showing_email_candidates,not_flagged,contact_pages,info@finanzexperten.de,,,,info@finanzexperten.de,valid=0; invalid=0; risky=0; unknown=1
7746,>30M,grapemind.com,yes,,,,0,,hello@grapemind.com,showing_email_candidates,not_flagged,contact_pages,hello@grapemind.com,hello@grapemind.com,,,,valid=1; invalid=0; risky=0; unknown=0
7747,>30M,allthatiskim.com,yes,,,https://xw4aqvnb9rx.typeform.com/to/cwLJScA5,0,,kim@allthatiskim.com,showing_email_candidates,not_flagged,contact_pages,,,,,,valid=0; invalid=0; risky=0; unknown=0
7748,>30M,nathaliaeguilherme.com.br,no,,,,0,,,no_public_email_found,not_flagged,contact_pages,,,,,,valid=0; invalid=0; risky=0; unknown=0
7749,>30M,humanhero.com,yes,,,https://hhbeyondmovement.typeform.com/to/jTWECbZj,0,,,no_public_email_found,not_flagged,contact_pages,,,,,,valid=0; invalid=0; risky=0; unknown=0
7750,>30M,autoinvest.fr,yes,,,,0,,,no_public_email_found,not_flagged,contact_pages,,,,,,valid=0; invalid=0; risky=0; unknown=0
7751,>30M,newwinelive.com,yes,,,https://kingjesus.typeform.com/to/uyQbZxc4,0,,,no_public_email_found,not_flagged,contact_pages,,,,,,valid=0; invalid=0; risky=0; unknown=0
7752,>30M,sinzawa-geka.com,no,,,,0,,,no_public_email_found,not_flagged,contact_pages,,,,,,valid=0; invalid=0; risky=0; unknown=0
7753,>30M,villachampetre.com,no,,,,0,,,no_public_email_found,not_flagged,contact_pages,,,,,,valid=0; invalid=0; risky=0; unknown=0
7754,>30M,cabinet-igc.com,no,,,,0,,contact@cabinet-igc.com,showing_email_candidates,not_flagged,contact_pages,contact@cabinet-igc.com,contact@cabinet-igc.com,,,,valid=1; invalid=0; risky=0; unknown=0
7755,>30M,henke-solar.de,no,,,,0,,info@henke-solar.de,showing_email_candidates,not_flagged,contact_pages,info@henke-solar.de,,,,info@henke-solar.de,valid=0; invalid=0; risky=0; unknown=1
7756,>30M,jaminfit.com,no,,,,0,,flags@2x.png,showing_email_candidates,not_flagged,contact_pages,,,,,,valid=0; invalid=0; risky=0; unknown=0
7757,>30M,jrtech12.com,no,,,,0,,,no_public_email_found,not_flagged,contact_pages,,,,,,valid=0; invalid=0; risky=0; unknown=0
7758,>30M,kelseyreidl.com,yes,,,https://kelseyreidl.typeform.com/to/UAxrZo,0,,hello@kelseyreidl.com,showing_email_candidates,not_flagged,contact_pages,hello@kelseyreidl.com,hello@kelseyreidl.com,,,,valid=1; invalid=0; risky=0; unknown=0
7759,>30M,aspirebethedream.com,yes,,,https://aspirebethedream.typeform.com/to/IbbT8X ; https://dreambldrs.typeform.com/to/FD3eSlVG ; https://dreambldrs.typeform.com/to/TP7R54AZ,0,,channing@live2aspire.com ; christina@live2aspire.com ; daniel@liveaspire.com ; info@liveaspire.com ; karimah@liveaspire.com ; malik@liveaspire.com ; patrick@live2aspire.com,showing_email_candidates,not_flagged,contact_pages,,,,,,valid=0; invalid=0; risky=0; unknown=0
7760,>30M,altin.es,yes,,,,0,,,no_public_email_found,not_flagged,contact_pages,,,,,,valid=0; invalid=0; risky=0; unknown=0
7761,>30M,ugipassurances.com,no,,,https://embed.typeform.com/ ; https://form.typeform.com/,0,,,no_public_email_found,not_flagged,contact_pages,,,,,,valid=0; invalid=0; risky=0; unknown=0
7762,>30M,trainwithadby.com,no,,,https://trainwithadby.typeform.com/,0,,enquiries@trainwithadby.com ; info@trainwithadby.com,showing_email_candidates,not_flagged,contact_pages,enquiries@trainwithadby.com ; info@trainwithadby.com,,enquiries@trainwithadby.com,,info@trainwithadby.com,valid=0; invalid=1; risky=0; unknown=1
7763,>30M,ma-sante.eu,no,,,,0,,contact@leadspot.fr,showing_email_candidates,not_flagged,contact_pages,,,,,,valid=0; invalid=0; risky=0; unknown=0
7764,>30M,remotesolar.de,no,,,,0,,,no_public_email_found,not_flagged,contact_pages,,,,,,valid=0; invalid=0; risky=0; unknown=0
7765,>30M,seguretat.com.ar,yes,,,https://form.typeform.com/to/HLYahaAz,0,,info@seguretat.com.ar,showing_email_candidates,not_flagged,contact_pages,info@seguretat.com.ar,,,,info@seguretat.com.ar,valid=0; invalid=0; risky=0; unknown=1
7766,>30M,crefincas.com,yes,,,https://incidenciascrefincas.typeform.com/to/oLnWsW,0,,crefincas@crefincas.com ; tpe@crefincas.com,showing_email_candidates,not_flagged,contact_pages,,,,,,valid=0; invalid=0; risky=0; unknown=0
7767,>30M,moteldesign.com,yes,,,https://form.typeform.com/to/FSL3v2I7,0,,careers@motel.design ; concierge@motel.design ; gsap@3.12.5 ; splide@4.0.6,showing_email_candidates,not_flagged,contact_pages,,,,,,valid=0; invalid=0; risky=0; unknown=0
7768,>30M,thetacofest.com,no,,,,0,,,no_public_email_found,not_flagged,contact_pages,,,,,,valid=0; invalid=0; risky=0; unknown=0
7769,>30M,am-projekt.com,no,,,,0,,info@am-projekt.com,showing_email_candidates,not_flagged,contact_pages,info@am-projekt.com,,,,info@am-projekt.com,valid=0; invalid=0; risky=0; unknown=1
7770,>30M,arizeo.com,yes,,,,0,,,no_public_email_found,not_flagged,contact_pages,,,,,,valid=0; invalid=0; risky=0; unknown=0
7771,>30M,relocar.com,no,,,,0,,,no_public_email_found,not_flagged,contact_pages,,,,,,valid=0; invalid=0; risky=0; unknown=0
7772,>30M,pflegemaus.de,yes,,,,0,,,no_public_email_found,not_flagged,contact_pages,,,,,,valid=0; invalid=0; risky=0; unknown=0
7773,>30M,diaspora100.com,no,,,,0,,,no_public_email_found,not_flagged,contact_pages,,,,,,valid=0; invalid=0; risky=0; unknown=0
7774,>30M,goto-1.com,no,,,,0,,,no_public_email_found,not_flagged,contact_pages,,,,,,valid=0; invalid=0; risky=0; unknown=0
7775,>30M,porper.net,no,,,,0,,,no_public_email_found,not_flagged,contact_pages,,,,,,valid=0; invalid=0; risky=0; unknown=0
7776,>30M,eurasia.cl,yes,,,https://form.typeform.com/to/vnPY3R4h,0,,,no_public_email_found,not_flagged,contact_pages,,,,,,valid=0; invalid=0; risky=0; unknown=0
7777,>30M,thebelgianweek.com,no,,,https://embed.typeform.com/ ; https://travelbase.typeform.com/,0,,d020ffd2748b1ad387ba8eb63675f2ac@o4505114921795584.ingest.us.sentry.io,showing_email_candidates,not_flagged,contact_pages,,,,,,valid=0; invalid=0; risky=0; unknown=0
7778,>30M,socodirect.com,yes,,,https://dxqycs26d28.typeform.com/to/WMwBz5G0,0,,jacob@socodirect.com,showing_email_candidates,not_flagged,contact_pages,,,,,,valid=0; invalid=0; risky=0; unknown=0
7779,>30M,newcastlemoneyman.com,no,,,,0,,,no_public_email_found,not_flagged,contact_pages,,,,,,valid=0; invalid=0; risky=0; unknown=0
7780,>30M,estatedocumentsolutions.com,no,,,,0,,info@estatedocumentsolutions.com,showing_email_candidates,not_flagged,contact_pages,info@estatedocumentsolutions.com,,,,info@estatedocumentsolutions.com,valid=0; invalid=0; risky=0; unknown=1
7781,>30M,disciplinecoach.com,no,,,,0,,flags@2x.png,showing_email_candidates,not_flagged,contact_pages,,,,,,valid=0; invalid=0; risky=0; unknown=0
7782,>30M,moniquepoche.com,yes,,,,0,,,no_public_email_found,not_flagged,contact_pages,,,,,,valid=0; invalid=0; risky=0; unknown=0
7783,>30M,sankaiminami.com,no,,,,0,,,no_public_email_found,not_flagged,contact_pages,,,,,,valid=0; invalid=0; risky=0; unknown=0
7784,>30M,kamata-k.com,no,,,,0,,,no_public_email_found,not_flagged,contact_pages,,,,,,valid=0; invalid=0; risky=0; unknown=0
7785,>30M,hustleandcashflow.com,yes,,,https://hustleandcashflow.typeform.com/to/HdIV0IRa,0,,,no_public_email_found,not_flagged,contact_pages,,,,,,valid=0; invalid=0; risky=0; unknown=0
7786,>30M,gincandescence.com,no,,,,0,,,no_public_email_found,not_flagged,contact_pages,,,,,,valid=0; invalid=0; risky=0; unknown=0
7787,>30M,greenvalleyinspections.com,yes,,,https://form.typeform.com/to/Tx9VEBnf,0,,eric@greenvalleyinspections.com,showing_email_candidates,not_flagged,contact_pages,,,,,,valid=0; invalid=0; risky=0; unknown=0
7788,>30M,islandloft.com,yes,,,https://form.typeform.com/to/MU9Ghf71 ; https://form.typeform.com/to/tIm6EDbq,0,,hello@islandloft.com,showing_email_candidates,not_flagged,contact_pages,hello@islandloft.com,hello@islandloft.com,,,,valid=1; invalid=0; risky=0; unknown=0
7789,>30M,yourwrap.biz,no,,,,0,,,no_public_email_found,not_flagged,contact_pages,,,,,,valid=0; invalid=0; risky=0; unknown=0
7790,>30M,bitcoinrebel.com,yes,,,,0,,,no_public_email_found,not_flagged,contact_pages,,,,,,valid=0; invalid=0; risky=0; unknown=0
7791,>30M,cmsrecycle.com,yes,,,,0,,,no_public_email_found,not_flagged,contact_pages,,,,,,valid=0; invalid=0; risky=0; unknown=0
7792,>30M,dentistiditalia.com,yes,,,https://naturalness.typeform.com/to/IbTCZpx8,0,,,no_public_email_found,not_flagged,contact_pages,,,,,,valid=0; invalid=0; risky=0; unknown=0
7793,>30M,nickmirabella.com,no,,,https://nickmirabella.pro.typeform.com/,0,,nick@nickmirabella.com,showing_email_candidates,not_flagged,contact_pages,,,,,,valid=0; invalid=0; risky=0; unknown=0
7794,>30M,azaryah.org,yes,,,https://form.typeform.com/to/b13Ep3Tn ; https://form.typeform.com/to/eEDw65Zx ; https://form.typeform.com/to/kOYkx7b3 ; https://form.typeform.com/to/LO0xR3m1 ; https://form.typeform.com/to/N8LmfAG8 ; https://form.typeform.com/to/RhaUI6XF ; https://form.typeform.com/to/UaoVAq79,0,,,no_public_email_found,not_flagged,contact_pages,,,,,,valid=0; invalid=0; risky=0; unknown=0
7795,>30M,nolastory.com,no,,,,0,,,no_public_email_found,not_flagged,contact_pages,,,,,,valid=0; invalid=0; risky=0; unknown=0
7796,>30M,ineed-help.com,no,,,https://embed.typeform.com/ ; https://sabracreative.typeform.com/,0,,,no_public_email_found,not_flagged,contact_pages,,,,,,valid=0; invalid=0; risky=0; unknown=0
7797,>30M,iac.ie,no,,,,0,,,no_public_email_found,not_flagged,contact_pages,,,,,,valid=0; invalid=0; risky=0; unknown=0
7798,>30M,insulationmarketing.com,yes,,,,0,,,no_public_email_found,not_flagged,contact_pages,,,,,,valid=0; invalid=0; risky=0; unknown=0
7799,>30M,saidopapel.com.br,no,,,,0,,,no_public_email_found,not_flagged,contact_pages,,,,,,valid=0; invalid=0; risky=0; unknown=0
7800,>30M,sakura-zr.com,no,,,,0,,,no_public_email_found,not_flagged,contact_pages,,,,,,valid=0; invalid=0; risky=0; unknown=0
7801,>30M,fibrenet.com.au,yes,,,https://caffeinate.typeform.com/to/FSbbXJnH ; https://caffeinate.typeform.com/to/Fwwvm1eB ; https://caffeinate.typeform.com/to/Vu1gLO ; https://caffeinate.typeform.com/to/VYwDEV ; https://embed.typeform.com/,0,,accounts@interphone.com.au ; reportingspam@submit.spam.acma.gov.au ; support@fibrenet.com.au ; support@interphone.com.au,showing_email_candidates,not_flagged,contact_pages,support@fibrenet.com.au,,,,support@fibrenet.com.au,valid=0; invalid=0; risky=0; unknown=1
7802,>30M,mein-neuer-job.de,no,,,https://embed.typeform.com/,0,,,no_public_email_found,not_flagged,contact_pages,,,,,,valid=0; invalid=0; risky=0; unknown=0
7803,>30M,annastankiewicz.com,no,,,,0,,,no_public_email_found,not_flagged,contact_pages,,,,,,valid=0; invalid=0; risky=0; unknown=0
7804,>30M,villededemain.org,yes,,,https://q47gh6hi9rk.typeform.com/to/uyinXtth,0,,,no_public_email_found,not_flagged,contact_pages,,,,,,valid=0; invalid=0; risky=0; unknown=0
7805,>30M,paysagement.ca,no,,,,0,,info@paysagement.ca,showing_email_candidates,not_flagged,contact_pages,info@paysagement.ca,,,,info@paysagement.ca,valid=0; invalid=0; risky=0; unknown=1
7806,>30M,dijifikir.org,no,,,,0,,,no_public_email_found,not_flagged,contact_pages,,,,,,valid=0; invalid=0; risky=0; unknown=0
7807,>30M,colever.com,no,,,,0,,contact@colever.com ; cybersecurite@2x-150x150.webp ; cybersecurite@2x-300x300.webp ; cybersecurite@2x.webp ; data@2x-150x150.webp ; data@2x-300x300.webp ; data@2x.webp ; fichier-88@2x-227x300.webp ; fichier-88@2x-768x1017.webp ; fichier-88@2x-773x1024.webp ; fichier-88@2x.webp ; fichier-89@2x-1024x690.webp ; fichier-89@2x-300x202.webp ; fichier-89@2x-768x517.webp ; fichier-89@2x.webp ; fichier-90@2x-1024x683.webp ; fichier-90@2x-300x200.webp ; fichier-90@2x-768x513.webp ; fichier-90@2x.webp ; fichier-91@2x-1024x629.webp ; fichier-91@2x-1536x943.webp ; fichier-91@2x-2048x1258.webp ; fichier-91@2x-300x184.webp ; fichier-91@2x-768x472.webp ; fichier-91@2x.webp ; illucontact@2x-1024x1010.webp ; illucontact@2x-300x296.webp ; illucontact@2x-768x758.webp ; illucontact@2x.webp ; ingenierie@2x-150x150.webp ; ingenierie@2x-300x300.webp ; ingenierie@2x.webp ; it@2x-150x150.webp ; it@2x-300x300.webp ; it@2x.webp ; management-transition@2x-150x150.webp ; management-transition@2x-300x300.webp ; management-transition@2x.webp ; supply-chain@2x-150x150.webp ; supply-chain@2x-300x300.webp ; supply-chain@2x.webp,showing_email_candidates,not_flagged,contact_pages,contact@colever.com,contact@colever.com,,,,valid=1; invalid=0; risky=0; unknown=0
7808,>30M,jd-elec-services.com,no,,,,0,,,no_public_email_found,not_flagged,contact_pages,,,,,,valid=0; invalid=0; risky=0; unknown=0
7809,>30M,liebesraum.de,no,,,,0,,,no_public_email_found,not_flagged,contact_pages,,,,,,valid=0; invalid=0; risky=0; unknown=0
7810,>30M,randalljenson.com,no,,,,0,,,no_public_email_found,not_flagged,contact_pages,,,,,,valid=0; invalid=0; risky=0; unknown=0
7811,>30M,newcon.info,yes,,,https://embed.typeform.com/ ; https://form.typeform.com/to/gjHrQJs9,0,,kontakt@newcon.info,showing_email_candidates,not_flagged,contact_pages,,,,,,valid=0; invalid=0; risky=0; unknown=0
7812,>30M,circuitriders.com,yes,,,,0,,,no_public_email_found,not_flagged,contact_pages,,,,,,valid=0; invalid=0; risky=0; unknown=0
7813,>30M,estimersamaison.fr,no,,,,0,,,no_public_email_found,not_flagged,contact_pages,,,,,,valid=0; invalid=0; risky=0; unknown=0
7814,>30M,kindtyme.com,yes,,,https://fawkesfx.typeform.com/to/O4TsXo ; https://kindtyme.typeform.com/to/O4TsXo,0,,,no_public_email_found,not_flagged,contact_pages,,,,,,valid=0; invalid=0; risky=0; unknown=0
7815,>30M,ethicalrealestatepro.com,yes,,,https://securerequest.typeform.com/to/Tkm5I4,0,,,no_public_email_found,not_flagged,contact_pages,,,,,,valid=0; invalid=0; risky=0; unknown=0
7816,>30M,cruatuf.com,yes,,,,0,,,no_public_email_found,not_flagged,contact_pages,,,,,,valid=0; invalid=0; risky=0; unknown=0
7817,>30M,unionrock.com,no,,,,0,,info@unionrock.com ; ir@unionrock.com ; landowner@unionrock.com,showing_email_candidates,not_flagged,contact_pages,info@unionrock.com,,,,info@unionrock.com,valid=0; invalid=0; risky=0; unknown=1
7818,>30M,mantil.com,no,,,,0,,,no_public_email_found,not_flagged,contact_pages,,,,,,valid=0; invalid=0; risky=0; unknown=0
7819,>30M,vifmaui.com,no,,,,0,,,no_public_email_found,not_flagged,contact_pages,,,,,,valid=0; invalid=0; risky=0; unknown=0
7820,>30M,nathaliechaulaic.com,no,,,,0,,,no_public_email_found,not_flagged,contact_pages,,,,,,valid=0; invalid=0; risky=0; unknown=0
7821,>30M,hoergeraete-deutschland.de,yes,,,https://f8newxdxwpy.pro.typeform.com/to/g9nb146J ; https://f8newxdxwpy.typeform.com/to/LdXlWzJZ ; https://form.typeform.com/,0,,aos@2.3.1 ; info@hoergeraete-deutschland.de,showing_email_candidates,not_flagged,contact_pages,info@hoergeraete-deutschland.de,,,,info@hoergeraete-deutschland.de,valid=0; invalid=0; risky=0; unknown=1
7822,>30M,strengthstoconnect.com,no,,,,0,,logostrengthstoconnect@0.3x-300x117.png ; logostrengthstoconnect@0.3x-460x179.png ; logostrengthstoconnect@0.3x.png,showing_email_candidates,not_flagged,contact_pages,,,,,,valid=0; invalid=0; risky=0; unknown=0
7823,>30M,betterlegal.com,no,,,,0,,shepherd.js@8.0.2 ; you@company.com,showing_email_candidates,not_flagged,contact_pages,,,,,,valid=0; invalid=0; risky=0; unknown=0
7824,>30M,debt-free-today.com,no,,,,0,,hello@harrispartners.ca,showing_email_candidates,not_flagged,contact_pages,,,,,,valid=0; invalid=0; risky=0; unknown=0
7825,>30M,wegethitched.com,yes,,,,0,,,no_public_email_found,not_flagged,contact_pages,,,,,,valid=0; invalid=0; risky=0; unknown=0
7826,>30M,casa-franco.de,no,,,https://images.typeform.com/ ; https://public-assets.typeform.com/,0,,info@franco-caramba.de,showing_email_candidates,not_flagged,contact_pages,,,,,,valid=0; invalid=0; risky=0; unknown=0
7827,>30M,takingthestage.org,no,,,,0,,,no_public_email_found,not_flagged,contact_pages,,,,,,valid=0; invalid=0; risky=0; unknown=0
7828,>30M,mm-terrassendach.de,no,,,,0,,info@mm-terrassendach.de,showing_email_candidates,not_flagged,contact_pages,info@mm-terrassendach.de,,,,info@mm-terrassendach.de,valid=0; invalid=0; risky=0; unknown=1
7829,>30M,inspiredmanproject.com,no,,,,0,,,no_public_email_found,not_flagged,contact_pages,,,,,,valid=0; invalid=0; risky=0; unknown=0
7830,>30M,honolulupad.com,yes,,,https://bryanduropan.typeform.com/to/eoeGcn ; https://embed.typeform.com/,0,,,no_public_email_found,not_flagged,contact_pages,,,,,,valid=0; invalid=0; risky=0; unknown=0
7831,>30M,pulsargroup.com,no,,,,0,,,no_public_email_found,not_flagged,contact_pages,,,,,,valid=0; invalid=0; risky=0; unknown=0
7832,>30M,haarkontor.de,no,,,https://images.typeform.com/,0,,,no_public_email_found,not_flagged,contact_pages,,,,,,valid=0; invalid=0; risky=0; unknown=0
7833,>30M,nbvrm.com,no,,,,0,,,no_public_email_found,not_flagged,contact_pages,,,,,,valid=0; invalid=0; risky=0; unknown=0
7834,>30M,laundry.nl,no,,,,0,,info@laundry.nl ; logo-medux-rgb@2x.webp ; naam@voorbeeld.nl,showing_email_candidates,not_flagged,contact_pages,info@laundry.nl,,,,info@laundry.nl,valid=0; invalid=0; risky=0; unknown=1
7835,>30M,valiaweb.com,no,,,,0,,contact@valiaweb.com,showing_email_candidates,not_flagged,contact_pages,contact@valiaweb.com,contact@valiaweb.com,,,,valid=1; invalid=0; risky=0; unknown=0
7836,>30M,tanabekanamonoten.com,no,,,,0,,,no_public_email_found,not_flagged,contact_pages,,,,,,valid=0; invalid=0; risky=0; unknown=0
7837,>30M,toshin-mente.com,no,,,,0,,,no_public_email_found,not_flagged,contact_pages,,,,,,valid=0; invalid=0; risky=0; unknown=0
7838,>30M,fluggastrechte.at,yes,,,,0,,,no_public_email_found,not_flagged,contact_pages,,,,,,valid=0; invalid=0; risky=0; unknown=0
7839,>30M,revision6.com,no,,,https://embed.typeform.com/,0,,hallo@revision6.com,showing_email_candidates,not_flagged,contact_pages,,,,,,valid=0; invalid=0; risky=0; unknown=0
7840,>30M,tajimakeihan.com,no,,,,0,,,no_public_email_found,not_flagged,contact_pages,,,,,,valid=0; invalid=0; risky=0; unknown=0
7841,>30M,lendfax.com,yes,,,,0,,info@lendfax.com ; you@email.com,showing_email_candidates,not_flagged,contact_pages,info@lendfax.com,,,,info@lendfax.com,valid=0; invalid=0; risky=0; unknown=1
7842,>30M,rodrigoeleticia.com.br,no,,,,0,,,no_public_email_found,not_flagged,contact_pages,,,,,,valid=0; invalid=0; risky=0; unknown=0
7843,>30M,thegiveback.org,no,,,,0,,rosa@ejemplo.com ; rosa@example.com,showing_email_candidates,not_flagged,contact_pages,,,,,,valid=0; invalid=0; risky=0; unknown=0
7844,>30M,cyberisight.com,yes,,,https://of01m7wkoxn.typeform.com/to/w9LEOcqq,0,,info@cyberisight.com,showing_email_candidates,not_flagged,contact_pages,info@cyberisight.com,,,,info@cyberisight.com,valid=0; invalid=0; risky=0; unknown=1
7845,>30M,vincentpedraza.com,yes,,,,0,,,no_public_email_found,not_flagged,contact_pages,,,,,,valid=0; invalid=0; risky=0; unknown=0
7846,>30M,itayamamedico.com,no,,,,0,,,no_public_email_found,not_flagged,contact_pages,,,,,,valid=0; invalid=0; risky=0; unknown=0
7847,>30M,kuechentest.de,no,,,,0,,info@kuechentest.de ; info@orange-promotion.de ; partsch@kuechentest.de ; partsch@orange-promotion.de ; splide@4.0.7,showing_email_candidates,not_flagged,contact_pages,info@kuechentest.de,,,,info@kuechentest.de,valid=0; invalid=0; risky=0; unknown=1
7848,>30M,formation-cpf.net,no,,,,0,,,no_public_email_found,not_flagged,contact_pages,,,,,,valid=0; invalid=0; risky=0; unknown=0
7849,>30M,ashtonglobalpartners.com,yes,,,,0,,,no_public_email_found,not_flagged,contact_pages,,,,,,valid=0; invalid=0; risky=0; unknown=0
7850,>30M,koshin-kawara.com,no,,,,0,,,no_public_email_found,not_flagged,contact_pages,,,,,,valid=0; invalid=0; risky=0; unknown=0
7851,>30M,smallbizprostoledo.com,no,,,,0,,,no_public_email_found,not_flagged,contact_pages,,,,,,valid=0; invalid=0; risky=0; unknown=0
7852,>30M,marketinvestigation.com,no,,,,0,,tmapendembe@marketinvestigation.com,showing_email_candidates,not_flagged,contact_pages,,,,,,valid=0; invalid=0; risky=0; unknown=0
7853,>30M,framednarratives.com,yes,,,https://form.typeform.com/to/nj4SSQtA,0,,,no_public_email_found,not_flagged,contact_pages,,,,,,valid=0; invalid=0; risky=0; unknown=0
7854,>30M,mon-photocopieur.com,no,,,,0,,,no_public_email_found,not_flagged,contact_pages,,,,,,valid=0; invalid=0; risky=0; unknown=0
7855,>30M,noova.no,yes,,,https://embed.typeform.com/,0,,andre.lovlund@noova.no ; ashenafi.abdissa@noova.no ; hei@noova.no ; hej@noova.se ; maria.davis@noova.no ; post@noova.no ; simen.brurberg@noova.no,showing_email_candidates,not_flagged,contact_pages,,,,,,valid=0; invalid=0; risky=0; unknown=0
7856,>30M,welendit.com,yes,,,https://form.typeform.com/to/etqaewbY ; https://form.typeform.com/to/m4DY34PX,0,,typed.js@2.0.12,showing_email_candidates,not_flagged,contact_pages,,,,,,valid=0; invalid=0; risky=0; unknown=0
7857,>30M,cristalcurrier.com,yes,,,https://cristal468365.typeform.com/to/xjVRFluA,0,,,no_public_email_found,not_flagged,contact_pages,,,,,,valid=0; invalid=0; risky=0; unknown=0
7858,>30M,pigeebak.com,no,,,,0,,,no_public_email_found,not_flagged,contact_pages,,,,,,valid=0; invalid=0; risky=0; unknown=0
7859,>30M,emailcurve.com,no,,,,0,,,no_public_email_found,not_flagged,contact_pages,,,,,,valid=0; invalid=0; risky=0; unknown=0
7860,>30M,bitizenship.com,no,,,https://embed.typeform.com/,0,,slick-carousel@1.8.1,showing_email_candidates,not_flagged,contact_pages,,,,,,valid=0; invalid=0; risky=0; unknown=0
7861,>30M,randrenergy.com,yes,,,https://form.typeform.com/to/NBETtoW9,0,,cory@randrenergy.com ; mitchell@randrenergy.com ; rr-dark@2x.png ; rr-light@2x.png,showing_email_candidates,not_flagged,contact_pages,,,,,,valid=0; invalid=0; risky=0; unknown=0
7862,>30M,op-hub.com,no,,,,0,,,no_public_email_found,not_flagged,contact_pages,,,,,,valid=0; invalid=0; risky=0; unknown=0
7863,>30M,taspas5minutes.com,yes,,,,0,,,no_public_email_found,not_flagged,contact_pages,,,,,,valid=0; invalid=0; risky=0; unknown=0
7864,>30M,juanramonlopez.es,no,,,,0,,,no_public_email_found,not_flagged,contact_pages,,,,,,valid=0; invalid=0; risky=0; unknown=0
7865,>30M,emotionalfortitude.com,yes,,,https://emotionalfortitude.typeform.com/to/j2cFNhvA,0,,melissa@emotionalfortitude.com,showing_email_candidates,not_flagged,contact_pages,,,,,,valid=0; invalid=0; risky=0; unknown=0
7866,>30M,argenbuild.com,no,,,,0,,hello@argenbuild.com,showing_email_candidates,not_flagged,contact_pages,hello@argenbuild.com,hello@argenbuild.com,,,,valid=1; invalid=0; risky=0; unknown=0
7867,>30M,fransasigorta.fr,yes,,,,0,,,no_public_email_found,not_flagged,contact_pages,,,,,,valid=0; invalid=0; risky=0; unknown=0
7868,>30M,synthesisdev.com,yes,,,,0,,,no_public_email_found,not_flagged,contact_pages,,,,,,valid=0; invalid=0; risky=0; unknown=0
7869,>30M,aelbers.eu,no,,,,0,,,no_public_email_found,not_flagged,contact_pages,,,,,,valid=0; invalid=0; risky=0; unknown=0
7870,>30M,muscleplayground.com,yes,,,https://bryanduropan.typeform.com/to/eoeGcn ; https://embed.typeform.com/,0,,,no_public_email_found,not_flagged,contact_pages,,,,,,valid=0; invalid=0; risky=0; unknown=0
7871,>30M,gointernationalgroup.net,yes,,,https://form.typeform.com/to/hYkQ3quj,0,,media@gointernationalgroup.com,showing_email_candidates,not_flagged,contact_pages,,,,,,valid=0; invalid=0; risky=0; unknown=0
7872,>30M,resultart.com,yes,,,,0,,dpo-google@google.com ; gdpr@typeform.com ; kontakt@resultart.com ; msft@microsoft.com ; privacy@fontawesome.com ; start@resultart.com,showing_email_candidates,not_flagged,contact_pages,,,,,,valid=0; invalid=0; risky=0; unknown=0
7873,>30M,cabinmarketing.com,yes,,,,0,,,no_public_email_found,not_flagged,contact_pages,,,,,,valid=0; invalid=0; risky=0; unknown=0
7874,>30M,deckode.com,yes,,,https://deckode.typeform.com/to/KTL815,0,,helpme@deckode.com,showing_email_candidates,not_flagged,contact_pages,,,,,,valid=0; invalid=0; risky=0; unknown=0
7875,>30M,automatemy.co,no,,,,0,,,no_public_email_found,not_flagged,contact_pages,,,,,,valid=0; invalid=0; risky=0; unknown=0
7876,>30M,neurobalancecoaching.com,no,,,,0,,flags@2x.png ; kim@neurobalancecoaching.com,showing_email_candidates,not_flagged,contact_pages,,,,,,valid=0; invalid=0; risky=0; unknown=0
7877,>30M,seethesign.com,no,,,,0,,,no_public_email_found,not_flagged,contact_pages,,,,,,valid=0; invalid=0; risky=0; unknown=0
7878,>30M,powderkeg.com,yes,,,https://form.typeform.com/to/E1yhkUuK,0,,08dbb3cd-14d4-4af4-8ad5-39fa95126d27@2x-120x120.png ; 08dbb3cd-14d4-4af4-8ad5-39fa95126d27@2x-150x150.png ; 08dbb3cd-14d4-4af4-8ad5-39fa95126d27@2x.png ; community@powderkeg.com ; email@powderkeg.com,showing_email_candidates,not_flagged,contact_pages,,,,,,valid=0; invalid=0; risky=0; unknown=0
7879,>30M,commissionbasedmarketing.com,yes,,,,0,,,no_public_email_found,not_flagged,contact_pages,,,,,,valid=0; invalid=0; risky=0; unknown=0
7880,>30M,springimpact.org,no,,,,0,,,no_public_email_found,not_flagged,contact_pages,,,,,,valid=0; invalid=0; risky=0; unknown=0
7881,>30M,greaseproof-paper.com,yes,,,https://35ues9peu97.typeform.com/to/vi7aVn2i,0,,info@drewsen.com,showing_email_candidates,not_flagged,contact_pages,,,,,,valid=0; invalid=0; risky=0; unknown=0
7882,>30M,kellymoylan.com,yes,,,,0,,,no_public_email_found,not_flagged,contact_pages,,,,,,valid=0; invalid=0; risky=0; unknown=0
7883,>30M,contrarianselling.com,no,,,,0,,,no_public_email_found,not_flagged,contact_pages,,,,,,valid=0; invalid=0; risky=0; unknown=0
7884,>30M,yoshida-ladies-clinic.com,no,,,,0,,,no_public_email_found,not_flagged,contact_pages,,,,,,valid=0; invalid=0; risky=0; unknown=0
7885,>30M,jointhewatchmen.com,no,,,,0,,,no_public_email_found,not_flagged,contact_pages,,,,,,valid=0; invalid=0; risky=0; unknown=0
7886,>30M,healthtechacademy.org,no,,,https://embed.typeform.com/,0,,cleopatra.cook@healthtechacademy.org ; info@healthtechacademy.org ; ronald.adimoha@healthtechacademy.org ; shahbaz.khan@edtechventures.io ; support@healthtechacademy.org,showing_email_candidates,not_flagged,contact_pages,info@healthtechacademy.org ; support@healthtechacademy.org,,,,info@healthtechacademy.org ; support@healthtechacademy.org,valid=0; invalid=0; risky=0; unknown=2
7887,>30M,futurecrux.com,yes,,,,0,,,no_public_email_found,not_flagged,contact_pages,,,,,,valid=0; invalid=0; risky=0; unknown=0
7888,>30M,brittanynoelle.com,yes,,,https://brittanynoelle.typeform.com/to/WI2QdYn9,0,,support@bnoellefitness.com,showing_email_candidates,not_flagged,contact_pages,,,,,,valid=0; invalid=0; risky=0; unknown=0
7889,>30M,jakesmithies.com,yes,,,,0,,,no_public_email_found,not_flagged,contact_pages,,,,,,valid=0; invalid=0; risky=0; unknown=0
7890,>30M,maisondeporcelaine.com,yes,,,,0,,info@maisondeporcelaine.com ; pr@maisondeporcelaine.com,showing_email_candidates,not_flagged,contact_pages,info@maisondeporcelaine.com,,,,info@maisondeporcelaine.com,valid=0; invalid=0; risky=0; unknown=1
7891,>30M,alimentosadhoc.com,yes,,,,0,,,no_public_email_found,not_flagged,contact_pages,,,,,,valid=0; invalid=0; risky=0; unknown=0
7892,>30M,sullafiducia.com,yes,,,https://tauvisual.typeform.com/to/TqEYex,0,,,no_public_email_found,not_flagged,contact_pages,,,,,,valid=0; invalid=0; risky=0; unknown=0
7893,>30M,xn--80ai2aikci8a.xn--p1ai,no,,,,0,,info@stom56.ru,showing_email_candidates,not_flagged,contact_pages,,,,,,valid=0; invalid=0; risky=0; unknown=0
7894,>30M,orderchief.com,no,,,,0,,info@example.com ; info@orderchief.com ; marco@orderchief.com ; sales@orderchief.com,showing_email_candidates,not_flagged,contact_pages,info@orderchief.com ; sales@orderchief.com,,,,info@orderchief.com ; sales@orderchief.com,valid=0; invalid=0; risky=0; unknown=2
7895,>30M,lantmannenunibake.com.au,no,,,,0,,press@lantmannen.com ; splide@4.1.4 ; tine.greve@lantmannen.com ; unibakeaus.info@lantmannen.com ; unibakeaus.sales@lantmannen.com,showing_email_candidates,not_flagged,contact_pages,,,,,,valid=0; invalid=0; risky=0; unknown=0
7896,>30M,moodex.com,yes,,,,0,,,no_public_email_found,not_flagged,contact_pages,,,,,,valid=0; invalid=0; risky=0; unknown=0
7897,>30M,no81.com,yes,,,https://sjsroi1hyuo.typeform.com/to/atZIQd6J,0,,info@no81.com ; slick-carousel@1.8.1,showing_email_candidates,not_flagged,contact_pages,info@no81.com,,,,info@no81.com,valid=0; invalid=0; risky=0; unknown=1
7898,>30M,socialsecurityflorida.com,no,,,,0,,,no_public_email_found,not_flagged,contact_pages,,,,,,valid=0; invalid=0; risky=0; unknown=0
7899,>30M,intinia.com,yes,,,https://ainnolab.typeform.com/to/AtR8s0gZ ; https://ainnolab.typeform.com/to/Sz1xPQtX,0,,info@intinia.com,showing_email_candidates,not_flagged,contact_pages,info@intinia.com,,,,info@intinia.com,valid=0; invalid=0; risky=0; unknown=1
7900,>30M,dialwave.com,yes,,,https://form.typeform.com/to/d3NZH30K ; https://form.typeform.com/to/kc2nV5ls,0,,,no_public_email_found,not_flagged,contact_pages,,,,,,valid=0; invalid=0; risky=0; unknown=0
7901,>30M,socialvalueportal.com,no,,,,0,,accounts@socialvalueportal.com ; comms@socialvalueportal.com ; firstname.lastname@socialvalueportal.com ; gsap@3.9.1 ; hello@themarketingpod.co.uk ; success@socialvalueportal.com ; supplierengagementcalendar@socialvalueportal.com ; support@socialvalueportal.com,showing_email_candidates,not_flagged,contact_pages,support@socialvalueportal.com,,,,support@socialvalueportal.com,valid=0; invalid=0; risky=0; unknown=1
7902,>30M,medgorzdrav.ru,no,,,,0,,info@medstandart.expert ; info@rospotreb.com ; info@rospotreb.ru,showing_email_candidates,not_flagged,contact_pages,,,,,,valid=0; invalid=0; risky=0; unknown=0
7903,>30M,bridge2.eu,no,,,,0,,hello@ppkinnovation.com,showing_email_candidates,not_flagged,contact_pages,,,,,,valid=0; invalid=0; risky=0; unknown=0
7904,>30M,persistventures.com,no,,,,0,,,no_public_email_found,not_flagged,contact_pages,,,,,,valid=0; invalid=0; risky=0; unknown=0
7905,>30M,parispub.fr,no,,,,0,,,no_public_email_found,not_flagged,contact_pages,,,,,,valid=0; invalid=0; risky=0; unknown=0
7906,>30M,stridefitness.com,no,,,https://stridefitness.typeform.com/,0,,anthony@stridefitness.com,showing_email_candidates,not_flagged,contact_pages,,,,,,valid=0; invalid=0; risky=0; unknown=0
7907,>30M,dakrenoveren.nl,yes,,,,0,,,no_public_email_found,not_flagged,contact_pages,,,,,,valid=0; invalid=0; risky=0; unknown=0
7908,>30M,mobicool.de,no,,,https://enerent.typeform.com/,0,,info@enerent.com ; info@mobiheat.de,showing_email_candidates,not_flagged,contact_pages,,,,,,valid=0; invalid=0; risky=0; unknown=0
7909,>30M,nataliaerodrigo.com.br,no,,,,0,,,no_public_email_found,not_flagged,contact_pages,,,,,,valid=0; invalid=0; risky=0; unknown=0
7910,>30M,truthlion.com,yes,,,https://trump.typeform.com/to/rYrQoHuC,0,,,no_public_email_found,not_flagged,contact_pages,,,,,,valid=0; invalid=0; risky=0; unknown=0
7911,>30M,bontauximmo.com,yes,,,https://saasuni.typeform.com/to/FAmzuA,0,,,no_public_email_found,not_flagged,contact_pages,,,,,,valid=0; invalid=0; risky=0; unknown=0
7912,>30M,autowreckhelp.com,no,,,,0,,,no_public_email_found,not_flagged,contact_pages,,,,,,valid=0; invalid=0; risky=0; unknown=0
7913,>30M,lgcconsulting.com,yes,,,https://form.typeform.com/to/mWsKPf3S ; https://form.typeform.com/to/SiwTVYbz,0,,tyler@lifegiving.co,showing_email_candidates,not_flagged,contact_pages,,,,,,valid=0; invalid=0; risky=0; unknown=0
7914,>30M,hydraulicbreakerjakarta.com,no,,,,0,,,no_public_email_found,not_flagged,contact_pages,,,,,,valid=0; invalid=0; risky=0; unknown=0
7915,>30M,betsybass.com,yes,,,https://hdrwkl916at.typeform.com/to/iCxerXHN ; https://hdrwkl916at.typeform.com/to/jNYwDI3K,0,,betsybrownbass10@gmail.com,showing_email_candidates,not_flagged,contact_pages,,,,,,valid=0; invalid=0; risky=0; unknown=0
7916,>30M,e-fujiwara-k.com,no,,,,0,,,no_public_email_found,not_flagged,contact_pages,,,,,,valid=0; invalid=0; risky=0; unknown=0
7917,>30M,pmiappraisals.com,yes,,,https://renedelacruz.typeform.com/to/pEV1cA,0,,info@pmiappraisals.com ; rdlc@renedelacruz.com,showing_email_candidates,not_flagged,contact_pages,info@pmiappraisals.com,,,,info@pmiappraisals.com,valid=0; invalid=0; risky=0; unknown=1
7918,>30M,weadventures.com,yes,,,https://embed.typeform.com/ ; https://travelbase.typeform.com/,0,,d020ffd2748b1ad387ba8eb63675f2ac@o4505114921795584.ingest.us.sentry.io ; info@weadventures.com,showing_email_candidates,not_flagged,contact_pages,info@weadventures.com,,,,info@weadventures.com,valid=0; invalid=0; risky=0; unknown=1
7919,>30M,arcadiachristian.org,yes,,,,0,,alex@arcadiachristian.org ; andrea@arcadiachristian.org ; cory@arcadiachristian.org ; dawna@arcadiachristian.org ; info@arcadiachristian.org ; jess@arcadiachristian.org ; kallie@arcadiachristian.org ; kaylee@arcadiachristian.org ; maeve@arcadiachristian.org,showing_email_candidates,not_flagged,contact_pages,info@arcadiachristian.org,,,,info@arcadiachristian.org,valid=0; invalid=0; risky=0; unknown=1
7920,>30M,stoporisk.fr,yes,,,https://form.typeform.com/to/fYXJ18QW ; https://form.typeform.com/to/kM3jN42o,0,,contact@stoporisk.fr,showing_email_candidates,not_flagged,contact_pages,contact@stoporisk.fr,contact@stoporisk.fr,,,,valid=1; invalid=0; risky=0; unknown=0
7921,>30M,nobelsms.com,no,,,,0,,sms@nobelglobe.com,showing_email_candidates,not_flagged,contact_pages,,,,,,valid=0; invalid=0; risky=0; unknown=0
7922,>30M,exploreamerica.us,yes,,,,0,,team@explore.us,showing_email_candidates,not_flagged,contact_pages,,,,,,valid=0; invalid=0; risky=0; unknown=0
7923,>30M,noamai.com,yes,,,https://form.typeform.com/to/UJbtZydg,0,,,no_public_email_found,not_flagged,contact_pages,,,,,,valid=0; invalid=0; risky=0; unknown=0
7924,>30M,grenadabiketours.com,yes,,,,0,,,no_public_email_found,not_flagged,contact_pages,,,,,,valid=0; invalid=0; risky=0; unknown=0
7925,>30M,automatetheplanet.com,no,,,https://embed.typeform.com/,0,,,no_public_email_found,not_flagged,contact_pages,,,,,,valid=0; invalid=0; risky=0; unknown=0
7926,>30M,comfortzorg.nl,yes,,,https://form.typeform.com/to/izqI57ze ; https://form.typeform.com/to/NzO1G4p8 ; https://form.typeform.com/to/vQBPi1DL,0,,,no_public_email_found,not_flagged,contact_pages,,,,,,valid=0; invalid=0; risky=0; unknown=0
7927,>30M,nehty-lenka.cz,no,,,,0,,info@nehty-lenka.cz,showing_email_candidates,not_flagged,contact_pages,info@nehty-lenka.cz,,,,info@nehty-lenka.cz,valid=0; invalid=0; risky=0; unknown=1
7928,>30M,tanzawa9jin.com,no,,,,0,,,no_public_email_found,not_flagged,contact_pages,,,,,,valid=0; invalid=0; risky=0; unknown=0
7929,>30M,enterogermina.com,no,,,,0,,,no_public_email_found,not_flagged,contact_pages,,,,,,valid=0; invalid=0; risky=0; unknown=0
7930,>30M,moquodesign.com,yes,,,https://embed.typeform.com/ ; https://moquo.typeform.com/to/GqGj3I,0,,,no_public_email_found,not_flagged,contact_pages,,,,,,valid=0; invalid=0; risky=0; unknown=0
7931,>30M,annaalberich.com,yes,,,https://form.typeform.com/to/zU71aqbe,0,,alberich.anna@gmail.com,showing_email_candidates,not_flagged,contact_pages,,,,,,valid=0; invalid=0; risky=0; unknown=0
7932,>30M,getrelieffromdebt.com,no,,,,0,,impallari@gmail.com ; team@latofonts.com,showing_email_candidates,not_flagged,contact_pages,,,,,,valid=0; invalid=0; risky=0; unknown=0
7933,>30M,sexopositive.com,no,,,,0,,support@sexopositive.com,showing_email_candidates,not_flagged,contact_pages,support@sexopositive.com,,,,support@sexopositive.com,valid=0; invalid=0; risky=0; unknown=1
7934,>30M,studious.net,yes,,,,0,,,no_public_email_found,not_flagged,contact_pages,,,,,,valid=0; invalid=0; risky=0; unknown=0
7935,>30M,ourhousemontessori.com,no,,,,0,,,no_public_email_found,not_flagged,contact_pages,,,,,,valid=0; invalid=0; risky=0; unknown=0
7936,>30M,riverstonechurch.net,no,,,,0,,info@prayforcharlottesville.com ; info@riverstonechurch.net ; office@riverstonechurch.net ; rsm@riverstonechurch.net,showing_email_candidates,not_flagged,contact_pages,info@riverstonechurch.net ; office@riverstonechurch.net,,,,info@riverstonechurch.net ; office@riverstonechurch.net,valid=0; invalid=0; risky=0; unknown=2
7937,>30M,cosmic-citizen.com,yes,,,,0,,,no_public_email_found,not_flagged,contact_pages,,,,,,valid=0; invalid=0; risky=0; unknown=0
7938,>30M,theceoschool.com,no,,,https://hh1bqpz257n.typeform.com/ ; https://hh1bqpz257n.typeform.com/to/kOwq4WMT ; https://hh1bqpz257n.typeform.com/to/WsX8EajO,0,,hello@theceoschool.com,showing_email_candidates,not_flagged,contact_pages,hello@theceoschool.com,hello@theceoschool.com,,,,valid=1; invalid=0; risky=0; unknown=0
7939,>30M,bigmark.it,yes,,,https://bigmark435816.typeform.com/to/H7FNi9 ; https://bigmark435816.typeform.com/to/vgEIxJ,0,,bmk_foto-con-filtro-blu-bigmark-1-500x383@2x.png ; bmk_foto-con-filtro-blu-bigmark-500x383@2x.png ; cosa-e-la-crescita-esponenizale-e-come-raggiungerla-500x383@2x.png ; info@bigmark.it ; progetto-senza-titolo-3-500x383@2x.png,showing_email_candidates,not_flagged,contact_pages,info@bigmark.it,,,,info@bigmark.it,valid=0; invalid=0; risky=0; unknown=1
7940,>30M,finestre.com,no,,,,0,,info@finestre.com,showing_email_candidates,not_flagged,contact_pages,info@finestre.com,,,,info@finestre.com,valid=0; invalid=0; risky=0; unknown=1
7941,>30M,optionviager.com,yes,,,,0,,,no_public_email_found,not_flagged,contact_pages,,,,,,valid=0; invalid=0; risky=0; unknown=0
7942,>30M,shopmitten.com,no,,,,0,,support@mittenextracts.com ; web@2.1.1,showing_email_candidates,not_flagged,contact_pages,,,,,,valid=0; invalid=0; risky=0; unknown=0
7943,>30M,isla-vita.com,no,,,,0,,,no_public_email_found,not_flagged,contact_pages,,,,,,valid=0; invalid=0; risky=0; unknown=0
7944,>30M,embassies.com,yes,,,https://form.typeform.com/to/z4pjineG,0,,contact@embassies.com ; hello@embassies.com,showing_email_candidates,not_flagged,contact_pages,contact@embassies.com ; hello@embassies.com,contact@embassies.com ; hello@embassies.com,,,,valid=2; invalid=0; risky=0; unknown=0
7945,>30M,linkmoo.com,no,,,,0,,,no_public_email_found,not_flagged,contact_pages,,,,,,valid=0; invalid=0; risky=0; unknown=0
7946,>30M,magiccitysavers.com,yes,,,https://form.typeform.com/to/xSQpqhcp,0,,,no_public_email_found,not_flagged,contact_pages,,,,,,valid=0; invalid=0; risky=0; unknown=0
7947,>30M,newcastleindoorsports.com,no,,,,0,,info@newcastleindoorsports.com,showing_email_candidates,not_flagged,contact_pages,info@newcastleindoorsports.com,,,,info@newcastleindoorsports.com,valid=0; invalid=0; risky=0; unknown=1
7948,>30M,cecielu.com.br,no,,,,0,,,no_public_email_found,not_flagged,contact_pages,,,,,,valid=0; invalid=0; risky=0; unknown=0
7949,>30M,medi-hi.com,no,,,https://medi-hi.typeform.com/,0,,,no_public_email_found,not_flagged,contact_pages,,,,,,valid=0; invalid=0; risky=0; unknown=0
7950,>30M,autotroc.com,yes,,,,0,,,no_public_email_found,not_flagged,contact_pages,,,,,,valid=0; invalid=0; risky=0; unknown=0
7951,>30M,quantumrhino.com,no,,,,0,,,no_public_email_found,not_flagged,contact_pages,,,,,,valid=0; invalid=0; risky=0; unknown=0
7952,>30M,cagoinc.com,no,,,https://admin.typeform.com/ ; https://embed.typeform.com/ ; https://rohitsharma808702.typeform.com/to/VMjneY,0,,info@cagoinc.com,showing_email_candidates,not_flagged,contact_pages,info@cagoinc.com,,,,info@cagoinc.com,valid=0; invalid=0; risky=0; unknown=1
7953,>30M,boutiquefacile.com,yes,,,,0,,,no_public_email_found,not_flagged,contact_pages,,,,,,valid=0; invalid=0; risky=0; unknown=0
7954,>30M,bestastrologysoftware.com,no,,,https://embed.typeform.com/,0,,info@example.com ; info@quantsinsites.com,showing_email_candidates,not_flagged,contact_pages,,,,,,valid=0; invalid=0; risky=0; unknown=0
7955,>30M,premierehitachino.com,no,,,,0,,premiere@mbn.nifty.com,showing_email_candidates,not_flagged,contact_pages,,,,,,valid=0; invalid=0; risky=0; unknown=0
7956,>30M,lela.ch,yes,,,,0,,carina.greif@uzh.ch ; carina.klein@uzh.ch ; charlotte.axelsson@zhdk.ch ; david.schmocker@uzh.ch ; hannahlora.freeman@uzh.ch ; kathicharlotte.axelsson@uzh.ch ; ute.woschnack@uzh.ch ; zbdw@phzh.ch,showing_email_candidates,not_flagged,contact_pages,,,,,,valid=0; invalid=0; risky=0; unknown=0
7957,>30M,halqah.com,yes,,,https://form.typeform.com/to/t8i6w5vj,0,,,no_public_email_found,not_flagged,contact_pages,,,,,,valid=0; invalid=0; risky=0; unknown=0
7958,>30M,toumei-k.com,no,,,,0,,,no_public_email_found,not_flagged,contact_pages,,,,,,valid=0; invalid=0; risky=0; unknown=0
7959,>30M,socialmediaburst.com,yes,,,https://esyd1gz4wly.typeform.com/to/IJTYLFVS,0,,,no_public_email_found,not_flagged,contact_pages,,,,,,valid=0; invalid=0; risky=0; unknown=0
7960,>30M,atoms.com,yes,,,https://form.typeform.com/to/V1lR1tJn,0,,3571286a25521c50bf7771b0ef68fbfb@o4511633451909120.ingest.us.sentry.io ; support@atoms.com ; support@storefront.com,showing_email_candidates,not_flagged,contact_pages,support@atoms.com,,,,support@atoms.com,valid=0; invalid=0; risky=0; unknown=1
7961,>30M,renataefelipe.com.br,no,,,https://embed.typeform.com/,0,,,no_public_email_found,not_flagged,contact_pages,,,,,,valid=0; invalid=0; risky=0; unknown=0
7962,>30M,creation-societes.com,yes,,,https://statuts.typeform.com/to/c69SDg,0,,,no_public_email_found,not_flagged,contact_pages,,,,,,valid=0; invalid=0; risky=0; unknown=0
7963,>30M,rcbondspr.com,yes,,,,0,,,no_public_email_found,not_flagged,contact_pages,,,,,,valid=0; invalid=0; risky=0; unknown=0
7964,>30M,demokrat.ch,no,,,,0,,,no_public_email_found,not_flagged,contact_pages,,,,,,valid=0; invalid=0; risky=0; unknown=0
7965,>30M,blackopsgroup.us,yes,,,,0,,contact@blackopsgroup.us,showing_email_candidates,not_flagged,contact_pages,contact@blackopsgroup.us,contact@blackopsgroup.us,,,,valid=1; invalid=0; risky=0; unknown=0
7966,>30M,grialkit.com,yes,,,https://uxdivers.typeform.com/to/zZ2leF8N,0,,,no_public_email_found,not_flagged,contact_pages,,,,,,valid=0; invalid=0; risky=0; unknown=0
7967,>30M,humansofpurpose.com,yes,,,,0,,admin@humansofpurpose.com,showing_email_candidates,not_flagged,contact_pages,admin@humansofpurpose.com,admin@humansofpurpose.com,,,,valid=1; invalid=0; risky=0; unknown=0
7968,>30M,apparat.at,no,,,,0,,,no_public_email_found,not_flagged,contact_pages,,,,,,valid=0; invalid=0; risky=0; unknown=0
7969,>30M,county17.com,yes,,,https://publisher713175.typeform.com/to/Ac34FmwU ; https://publisher713175.typeform.com/to/AxWEVGkZ ; https://publisher713175.typeform.com/to/wR0u9QRM,0,,editor@oilcity.news ; news@oilcity.news ; oilcityads@gmail.com ; publisher@oilcity.news ; ryanlewallen@county17.com ; tips@county17.com ; tommy@oilcity.news,showing_email_candidates,not_flagged,contact_pages,,,,,,valid=0; invalid=0; risky=0; unknown=0
7970,>30M,deverepensions.com,no,,,,0,,,no_public_email_found,not_flagged,contact_pages,,,,,,valid=0; invalid=0; risky=0; unknown=0
7971,>30M,datack.com,yes,,,,0,,bootstrap@5.3.3,showing_email_candidates,not_flagged,contact_pages,,,,,,valid=0; invalid=0; risky=0; unknown=0
7972,>30M,blacksintechnology.org,yes,,,,0,,,no_public_email_found,not_flagged,contact_pages,,,,,,valid=0; invalid=0; risky=0; unknown=0
7973,>30M,toda-seikotsu.com,no,,,,0,,,no_public_email_found,not_flagged,contact_pages,,,,,,valid=0; invalid=0; risky=0; unknown=0
7974,>30M,s-srotsubo.com,no,,,,0,,,no_public_email_found,not_flagged,contact_pages,,,,,,valid=0; invalid=0; risky=0; unknown=0
7975,>30M,the20project.org,no,,,https://h8806cyn62q.typeform.com/,0,,ambassadors@the20project.org,showing_email_candidates,not_flagged,contact_pages,,,,,,valid=0; invalid=0; risky=0; unknown=0
7976,>30M,carbonrecycling.com,no,,,,0,,info@cri.is ; marketing@cri.is,showing_email_candidates,not_flagged,contact_pages,,,,,,valid=0; invalid=0; risky=0; unknown=0
7977,>30M,storageunitmarketing.com,yes,,,,0,,,no_public_email_found,not_flagged,contact_pages,,,,,,valid=0; invalid=0; risky=0; unknown=0
7978,>30M,createyourwhy.com,no,,,https://createyourwhy.typeform.com/,0,,admin@createyourwhy.com,showing_email_candidates,not_flagged,contact_pages,admin@createyourwhy.com,admin@createyourwhy.com,,,,valid=1; invalid=0; risky=0; unknown=0
7979,>30M,ritto-peas.com,no,,,,0,,,no_public_email_found,not_flagged,contact_pages,,,,,,valid=0; invalid=0; risky=0; unknown=0
7980,>30M,photographermarketing.com,yes,,,,0,,,no_public_email_found,not_flagged,contact_pages,,,,,,valid=0; invalid=0; risky=0; unknown=0
7981,>30M,sanstec.net,no,,,,0,,,no_public_email_found,not_flagged,contact_pages,,,,,,valid=0; invalid=0; risky=0; unknown=0
7982,>30M,naturaldentistrycenter.com,yes,,,https://naturaldentistry.typeform.com/to/vTvR4c,0,,info@naturaldentistrycenter.com ; legal@naturaldentistrycenter.com,showing_email_candidates,not_flagged,contact_pages,info@naturaldentistrycenter.com,,,,info@naturaldentistrycenter.com,valid=0; invalid=0; risky=0; unknown=1
7983,>30M,smartinfra.com,no,,,,0,,contact@smartinfra.com ; flags@2x-9d5328fb490cddd43f6698012123404b.png ; info@smartinfra.com,showing_email_candidates,not_flagged,contact_pages,contact@smartinfra.com ; info@smartinfra.com,contact@smartinfra.com,,,info@smartinfra.com,valid=1; invalid=0; risky=0; unknown=1
7984,>30M,mfiuza.com,no,,,,0,,,no_public_email_found,not_flagged,contact_pages,,,,,,valid=0; invalid=0; risky=0; unknown=0
7985,>30M,vitrierlyon.fr,yes,,,,0,,contact@accord-artisans.fr,showing_email_candidates,not_flagged,contact_pages,,,,,,valid=0; invalid=0; risky=0; unknown=0
7986,>30M,expwholesale.com,yes,,,,0,,,no_public_email_found,not_flagged,contact_pages,,,,,,valid=0; invalid=0; risky=0; unknown=0
7987,>30M,b2bads.com,no,,,,0,,,no_public_email_found,not_flagged,contact_pages,,,,,,valid=0; invalid=0; risky=0; unknown=0
7988,>30M,mikejf.com,no,,,,0,,bootstrap@5.1.0 ; core@2.9.3,showing_email_candidates,not_flagged,contact_pages,,,,,,valid=0; invalid=0; risky=0; unknown=0
7989,>30M,gradehack.com,yes,,,,0,,hello@gradehack.com,showing_email_candidates,not_flagged,contact_pages,hello@gradehack.com,,hello@gradehack.com,,,valid=0; invalid=1; risky=0; unknown=0
7990,>30M,core-forms.com,no,,,,0,,gaurav@gauravtiwari.org,showing_email_candidates,not_flagged,contact_pages,,,,,,valid=0; invalid=0; risky=0; unknown=0
7991,>30M,protoolwarehouse.net,no,,,,0,,protool@frontiernet.net,showing_email_candidates,not_flagged,contact_pages,,,,,,valid=0; invalid=0; risky=0; unknown=0
7992,>30M,stylegrid.com,yes,,,,0,,info@stylegrid.com ; jane@framer.com,showing_email_candidates,not_flagged,contact_pages,info@stylegrid.com,,,,info@stylegrid.com,valid=0; invalid=0; risky=0; unknown=1
7993,>30M,eishin-k.jp,no,,,,0,,,no_public_email_found,not_flagged,contact_pages,,,,,,valid=0; invalid=0; risky=0; unknown=0
7994,>30M,ponkan.com.br,yes,,,https://mkt211964.typeform.com/to/PYe4RN,0,,,no_public_email_found,not_flagged,contact_pages,,,,,,valid=0; invalid=0; risky=0; unknown=0
7995,>30M,musicmix.ca,yes,,,https://embed.typeform.com/ ; https://form.typeform.com/to/k8AyjYOu ; https://jeffhardypro.typeform.com/to/k8AyjYOu,0,,logo-white@2x.png ; music@jeffhardy.pro,showing_email_candidates,not_flagged,contact_pages,,,,,,valid=0; invalid=0; risky=0; unknown=0
7996,>30M,jamiekeen.com,no,,,,0,,,no_public_email_found,not_flagged,contact_pages,,,,,,valid=0; invalid=0; risky=0; unknown=0
7997,>30M,mainstreethvac.com,yes,,,https://embed.typeform.com/ ; https://form.typeform.com/to/mICu6Pj6,0,,info@mainstreet-hvac.com ; mainstreetheatingandcooling@gmail.com,showing_email_candidates,not_flagged,contact_pages,,,,,,valid=0; invalid=0; risky=0; unknown=0
7998,>30M,redtopinc.com,yes,,,https://lightspeed-commerce.typeform.com/to/g1vcP7FR,0,,aj@redtopinc.com ; example@email.com ; john.doe@email.com,showing_email_candidates,not_flagged,contact_pages,,,,,,valid=0; invalid=0; risky=0; unknown=0
7999,>30M,munchees.co,yes,,,https://form.typeform.com/to/vwftDGsE,0,,hello@munchees.co,showing_email_candidates,not_flagged,contact_pages,hello@munchees.co,hello@munchees.co,,,,valid=1; invalid=0; risky=0; unknown=0
8000,>30M,bevlawgroup.com,no,,,,0,,info@bevlawgroup.com,showing_email_candidates,not_flagged,contact_pages,info@bevlawgroup.com,,,,info@bevlawgroup.com,valid=0; invalid=0; risky=0; unknown=1
8001,>30M,certfusion.com,no,,,,0,,,no_public_email_found,not_flagged,contact_pages,,,,,,valid=0; invalid=0; risky=0; unknown=0
8002,>30M,bootstrapp.co,yes,,,https://bootstrapp-beta-2.typeform.com/to/tFbURcbF,0,,,no_public_email_found,not_flagged,contact_pages,,,,,,valid=0; invalid=0; risky=0; unknown=0
8003,>30M,lorimercer.com,yes,,,https://feelgoodwork.typeform.com/to/O9Juvbrn,0,,,no_public_email_found,not_flagged,contact_pages,,,,,,valid=0; invalid=0; risky=0; unknown=0
8004,>30M,joshuaclarke.org,no,,,,0,,,no_public_email_found,not_flagged,contact_pages,,,,,,valid=0; invalid=0; risky=0; unknown=0
8005,>30M,utahlegalteam.com,yes,,,https://embed.typeform.com/ ; https://klicker.typeform.com/to/Yz00pnSa,0,,,no_public_email_found,not_flagged,contact_pages,,,,,,valid=0; invalid=0; risky=0; unknown=0
8006,>30M,h-interiorshop.com,no,,,,0,,,no_public_email_found,not_flagged,contact_pages,,,,,,valid=0; invalid=0; risky=0; unknown=0
8007,>30M,podologomurcia.es,no,,,,0,,info@podoba.es ; info@podoba.esig,showing_email_candidates,not_flagged,contact_pages,,,,,,valid=0; invalid=0; risky=0; unknown=0
8008,>30M,ironbay.ca,yes,,,,0,,,no_public_email_found,not_flagged,contact_pages,,,,,,valid=0; invalid=0; risky=0; unknown=0
8009,>30M,f-unit.jp,no,,,,0,,,no_public_email_found,not_flagged,contact_pages,,,,,,valid=0; invalid=0; risky=0; unknown=0
8010,>30M,pelvichealth.org,no,,,,0,,,no_public_email_found,not_flagged,contact_pages,,,,,,valid=0; invalid=0; risky=0; unknown=0
8011,>30M,glssolutions.us,no,,,,0,,,no_public_email_found,not_flagged,contact_pages,,,,,,valid=0; invalid=0; risky=0; unknown=0
8012,>30M,inovexus.com,yes,,,https://n87wtgwhgc5.typeform.com/to/MCRpDgA2 ; https://n87wtgwhgc5.typeform.com/to/sJGjLONs,0,,name@example.com,showing_email_candidates,not_flagged,contact_pages,,,,,,valid=0; invalid=0; risky=0; unknown=0
8013,>30M,theaurorafitness.com,yes,,,https://form.typeform.com/to/guLAEd1X,0,,,no_public_email_found,not_flagged,contact_pages,,,,,,valid=0; invalid=0; risky=0; unknown=0
8014,>30M,effischool.com,yes,,,https://eywqt6svt49.typeform.com/to/WSceBD91,0,,contact@effischool.com,showing_email_candidates,not_flagged,contact_pages,contact@effischool.com,contact@effischool.com,,,,valid=1; invalid=0; risky=0; unknown=0
8015,>30M,qmigo.com,no,,,,0,,,no_public_email_found,not_flagged,contact_pages,,,,,,valid=0; invalid=0; risky=0; unknown=0
8016,>30M,tuabogadomilitar.com,yes,,,https://form.typeform.com/to/FsKBGHJC,0,,,no_public_email_found,not_flagged,contact_pages,,,,,,valid=0; invalid=0; risky=0; unknown=0
8017,>30M,thiagoenathalia.com.br,no,,,,0,,,no_public_email_found,not_flagged,contact_pages,,,,,,valid=0; invalid=0; risky=0; unknown=0
8018,>30M,inputflow.com,no,,,,0,,hey@inputflow.io ; support@inputflow.io,showing_email_candidates,not_flagged,contact_pages,,,,,,valid=0; invalid=0; risky=0; unknown=0
8019,>30M,renuu.org,yes,,,,0,,,no_public_email_found,not_flagged,contact_pages,,,,,,valid=0; invalid=0; risky=0; unknown=0
8020,>30M,nebraskasocialsecurity.com,no,,,,0,,,no_public_email_found,not_flagged,contact_pages,,,,,,valid=0; invalid=0; risky=0; unknown=0
8021,>30M,wwjdd.com,yes,,,https://ftkk4aw1dx6.typeform.com/to/ZzOnXAGc,0,,,no_public_email_found,not_flagged,contact_pages,,,,,,valid=0; invalid=0; risky=0; unknown=0
8022,>30M,juuken.jp,no,,,,0,,,no_public_email_found,not_flagged,contact_pages,,,,,,valid=0; invalid=0; risky=0; unknown=0
8023,>30M,georgenica.ro,yes,,,https://zbo4b87ljar.typeform.com/to/tNKAnDmX,0,,,no_public_email_found,not_flagged,contact_pages,,,,,,valid=0; invalid=0; risky=0; unknown=0
8024,>30M,transportsoftware.eu,no,,,https://epywkylb528.typeform.com/ ; https://epywkylb528.typeform.com/to/LBufDrqz ; https://form.typeform.com/to/NSm1g0Te,0,,bootstrap-icons@1.11.3 ; info@mendrix.nl,showing_email_candidates,not_flagged,contact_pages,,,,,,valid=0; invalid=0; risky=0; unknown=0
8025,>30M,arkm.com,no,,,,0,,,no_public_email_found,not_flagged,contact_pages,,,,,,valid=0; invalid=0; risky=0; unknown=0
8026,>30M,econa.net,no,,,,0,,,no_public_email_found,not_flagged,contact_pages,,,,,,valid=0; invalid=0; risky=0; unknown=0
8027,>30M,countrygirlcreative.com,no,,,,0,,kayla@countrygirlcreative.com,showing_email_candidates,not_flagged,contact_pages,,,,,,valid=0; invalid=0; risky=0; unknown=0
8028,>30M,hotdogs.se,no,,,,0,,,no_public_email_found,not_flagged,contact_pages,,,,,,valid=0; invalid=0; risky=0; unknown=0
8029,>30M,gruppehandwerk.at,no,,,,0,,hallo@gruppehandwerk.at,showing_email_candidates,not_flagged,contact_pages,,,,,,valid=0; invalid=0; risky=0; unknown=0
8030,>30M,onemate.com,no,,,https://form.typeform.com/,0,,info@onemate.de,showing_email_candidates,not_flagged,contact_pages,,,,,,valid=0; invalid=0; risky=0; unknown=0
8031,>30M,dodoni.com,no,,,,0,,slick-carousel@1.8.1,showing_email_candidates,not_flagged,contact_pages,,,,,,valid=0; invalid=0; risky=0; unknown=0
8032,>30M,upsurgecrm.com,no,,,,0,,,no_public_email_found,not_flagged,contact_pages,,,,,,valid=0; invalid=0; risky=0; unknown=0
8033,>30M,awesomestreet.com,no,,,,0,,,no_public_email_found,not_flagged,contact_pages,,,,,,valid=0; invalid=0; risky=0; unknown=0
8034,>30M,strihani-psu.cz,no,,,,0,,,no_public_email_found,not_flagged,contact_pages,,,,,,valid=0; invalid=0; risky=0; unknown=0
8035,>30M,intek.ro,yes,,,https://survey.typeform.com/to/PWXVr1jM,0,,logo-icb@300dpi-1024x303.png ; logo-icb@300dpi-300x89.png,showing_email_candidates,not_flagged,contact_pages,,,,,,valid=0; invalid=0; risky=0; unknown=0
8036,>30M,billys.gr,no,,,,0,,bootstrap@5.2.3 ; info@billys.gr ; owl.carousel@2.3.4,showing_email_candidates,not_flagged,contact_pages,info@billys.gr,,,,info@billys.gr,valid=0; invalid=0; risky=0; unknown=1
8037,>30M,impulsetogrow.com,no,,,,0,,,no_public_email_found,not_flagged,contact_pages,,,,,,valid=0; invalid=0; risky=0; unknown=0
8038,>30M,fenceseo.com,yes,,,,0,,,no_public_email_found,not_flagged,contact_pages,,,,,,valid=0; invalid=0; risky=0; unknown=0
8039,>30M,edgewaterdev.com,yes,,,https://wmumr1hzm5b.typeform.com/to/d3gSeTzx ; https://wmumr1hzm5b.typeform.com/to/mqXZtnJb ; https://wmumr1hzm5b.typeform.com/to/MXFxU5dr ; https://wmumr1hzm5b.typeform.com/to/no43KPiu,0,,info@edgewaterdev.com,showing_email_candidates,not_flagged,contact_pages,info@edgewaterdev.com,,,,info@edgewaterdev.com,valid=0; invalid=0; risky=0; unknown=1
8040,>30M,jentzpainting.com,no,,,,0,,jentzpainting@gmail.com,showing_email_candidates,not_flagged,contact_pages,,,,,,valid=0; invalid=0; risky=0; unknown=0
8041,>30M,moneyandblues.com,yes,,,https://embed.typeform.com/ ; https://moneyandblues.typeform.com/to/JjskcX,0,,michael@moneyandblues.com,showing_email_candidates,not_flagged,contact_pages,,,,,,valid=0; invalid=0; risky=0; unknown=0
8042,>30M,retreatify.com,yes,,,,0,,,no_public_email_found,not_flagged,contact_pages,,,,,,valid=0; invalid=0; risky=0; unknown=0
8043,>30M,remodelingmarketing.com,yes,,,,0,,,no_public_email_found,not_flagged,contact_pages,,,,,,valid=0; invalid=0; risky=0; unknown=0
8044,>30M,commonseconomy.org,no,,,,0,,,no_public_email_found,not_flagged,contact_pages,,,,,,valid=0; invalid=0; risky=0; unknown=0
8045,>30M,revital-studio.de,no,,,https://embed.typeform.com/,0,,info@revital-studio.de,showing_email_candidates,not_flagged,contact_pages,info@revital-studio.de,,,,info@revital-studio.de,valid=0; invalid=0; risky=0; unknown=1
8046,>30M,sea-lap.com,no,,,,0,,,no_public_email_found,not_flagged,contact_pages,,,,,,valid=0; invalid=0; risky=0; unknown=0
8047,>30M,adrianneharris.com,yes,,,,0,,,no_public_email_found,not_flagged,contact_pages,,,,,,valid=0; invalid=0; risky=0; unknown=0
8048,>30M,pfeil-design.com,yes,,,https://form.typeform.com/to/fkhl6RPc ; https://mu37j07ta4c.typeform.com/to/YEkWSIJL,0,,bssvpr@orfpuevsghatfmragehz.ng ; office@beschriftungszentrum.at,showing_email_candidates,not_flagged,contact_pages,,,,,,valid=0; invalid=0; risky=0; unknown=0
8049,>30M,xwatch.com.au,no,,,https://embed.typeform.com/,0,,bootstrap-icons@1.5.0 ; bootstrap@5.2.3,showing_email_candidates,not_flagged,contact_pages,,,,,,valid=0; invalid=0; risky=0; unknown=0
8050,>30M,explorethegalapagos.com,no,,,,0,,,no_public_email_found,not_flagged,contact_pages,,,,,,valid=0; invalid=0; risky=0; unknown=0
8051,>30M,enovino.es,yes,,,,0,,,no_public_email_found,not_flagged,contact_pages,,,,,,valid=0; invalid=0; risky=0; unknown=0
8052,>30M,remboursementmutuelle.fr,no,,,,0,,,no_public_email_found,not_flagged,contact_pages,,,,,,valid=0; invalid=0; risky=0; unknown=0
8053,>30M,lm-pft.com,no,,,,0,,,no_public_email_found,not_flagged,contact_pages,,,,,,valid=0; invalid=0; risky=0; unknown=0
8054,>30M,kymc.net,yes,,,,0,,,no_public_email_found,not_flagged,contact_pages,,,,,,valid=0; invalid=0; risky=0; unknown=0
8055,>30M,facilitation-training.com,yes,,,,0,,jsteinz@skillday.com,showing_email_candidates,not_flagged,contact_pages,,,,,,valid=0; invalid=0; risky=0; unknown=0
8056,>30M,transista.com,yes,,,https://transista.typeform.com/to/d2fL3Phb,0,,support@transista.com,showing_email_candidates,not_flagged,contact_pages,support@transista.com,,,,support@transista.com,valid=0; invalid=0; risky=0; unknown=1
8057,>30M,myharmonyweightloss.com,yes,,,https://7cszs55gwo0.typeform.com/to/OFdMTRxH ; https://embed.typeform.com/,0,,info@harmonyintegratedcare.com,showing_email_candidates,not_flagged,contact_pages,,,,,,valid=0; invalid=0; risky=0; unknown=0
8058,>30M,things.info,no,,,https://embed.typeform.com/,0,,hello@things.info,showing_email_candidates,not_flagged,contact_pages,hello@things.info,hello@things.info,,,,valid=1; invalid=0; risky=0; unknown=0
8059,>30M,reconversion-professionnelle.com,yes,,,https://6ngiacct5b8.typeform.com/to/yMlCZHOq,0,,contact@reconversion-professionnelle.com ; jacques@martin.com ; leaflet@1.9.4,showing_email_candidates,not_flagged,contact_pages,contact@reconversion-professionnelle.com,contact@reconversion-professionnelle.com,,,,valid=1; invalid=0; risky=0; unknown=0
8060,>30M,alyusra.org,yes,,,https://embed.typeform.com/ ; https://moizqureshi.typeform.com/to/GvGgXh ; https://moizqureshi.typeform.com/to/H9XQhW,0,,,no_public_email_found,not_flagged,contact_pages,,,,,,valid=0; invalid=0; risky=0; unknown=0
8061,>30M,truery.com,no,,,,0,,hello@truery.com,showing_email_candidates,not_flagged,contact_pages,hello@truery.com,hello@truery.com,,,,valid=1; invalid=0; risky=0; unknown=0
8062,>30M,mind-makers.com,no,,,,0,,,no_public_email_found,not_flagged,contact_pages,,,,,,valid=0; invalid=0; risky=0; unknown=0
8063,>30M,iowasocialsecurity.com,no,,,,0,,,no_public_email_found,not_flagged,contact_pages,,,,,,valid=0; invalid=0; risky=0; unknown=0
8064,>30M,prohygienist.com,no,,,,0,,,no_public_email_found,not_flagged,contact_pages,,,,,,valid=0; invalid=0; risky=0; unknown=0
8065,>30M,hfint.org,yes,,,https://harvestfire.typeform.com/to/QauxOU,0,,aos@2.3.1 ; info@hfint.org,showing_email_candidates,not_flagged,contact_pages,info@hfint.org,,,,info@hfint.org,valid=0; invalid=0; risky=0; unknown=1
8066,>30M,0760fuke.net,yes,,,,0,,,no_public_email_found,not_flagged,contact_pages,,,,,,valid=0; invalid=0; risky=0; unknown=0
8067,>30M,fullcirclerevenue.com,no,,,,0,,,no_public_email_found,not_flagged,contact_pages,,,,,,valid=0; invalid=0; risky=0; unknown=0
8068,>30M,haru-s.com,no,,,,0,,,no_public_email_found,not_flagged,contact_pages,,,,,,valid=0; invalid=0; risky=0; unknown=0
8069,>30M,satispharma.com,no,,,,0,,,no_public_email_found,not_flagged,contact_pages,,,,,,valid=0; invalid=0; risky=0; unknown=0
8070,>30M,strongtowercs.com,yes,,,https://dpqlv6uln1o.typeform.com/to/FrQEsAVE ; https://dpqlv6uln1o.typeform.com/to/Q4ETL9iD,0,,miguel@strongtowercs.com,showing_email_candidates,not_flagged,contact_pages,,,,,,valid=0; invalid=0; risky=0; unknown=0
8071,>30M,shincl.jp,no,,,,0,,,no_public_email_found,not_flagged,contact_pages,,,,,,valid=0; invalid=0; risky=0; unknown=0
8072,>30M,claronoticias.com.br,no,,,https://embed.typeform.com/,0,,,no_public_email_found,not_flagged,contact_pages,,,,,,valid=0; invalid=0; risky=0; unknown=0
8073,>30M,praxispartners.ch,yes,,,https://form.typeform.com/to/pOTarS9D,0,,info@praxispartners.ch ; info@praxispartners.chwww.praxispartners.ch,showing_email_candidates,not_flagged,contact_pages,info@praxispartners.ch ; info@praxispartners.chwww.praxispartners.ch,,,,info@praxispartners.ch ; info@praxispartners.chwww.praxispartners.ch,valid=0; invalid=0; risky=0; unknown=2
8074,>30M,gracekrc.com,yes,,,,0,,,no_public_email_found,not_flagged,contact_pages,,,,,,valid=0; invalid=0; risky=0; unknown=0
8075,>30M,getdarren.com,yes,,,,0,,hello@gtmtechadvisory.com,showing_email_candidates,not_flagged,contact_pages,,,,,,valid=0; invalid=0; risky=0; unknown=0
8076,>30M,atlasser.com,no,,,,0,,,no_public_email_found,not_flagged,contact_pages,,,,,,valid=0; invalid=0; risky=0; unknown=0
8077,>30M,aspirewealth.ca,no,,,,0,,11a3d33ae5a74716aacf96d9a56ed4e3@aspirewealth.ca ; f2d5536388e445da92713c4c16cd9aed@aspirewealth.ca ; info@aspirewealth.ca,showing_email_candidates,not_flagged,contact_pages,info@aspirewealth.ca,,,,info@aspirewealth.ca,valid=0; invalid=0; risky=0; unknown=1
8078,>30M,unitedlovehealthcare.com,yes,,,https://form.typeform.com/to/iSNdXDik ; https://public-assets.typeform.com/,0,,info@unitedlovehealthcare.com,showing_email_candidates,not_flagged,contact_pages,info@unitedlovehealthcare.com,,,,info@unitedlovehealthcare.com,valid=0; invalid=0; risky=0; unknown=1
8079,>30M,tourlane.com,no,,,,0,,lea@cohortpr.com ; sprite@2x.png,showing_email_candidates,not_flagged,contact_pages,,,,,,valid=0; invalid=0; risky=0; unknown=0
8080,>30M,holinomics.com,no,,,,0,,,no_public_email_found,not_flagged,contact_pages,,,,,,valid=0; invalid=0; risky=0; unknown=0
8081,>30M,marunishi.jp,no,,,,0,,,no_public_email_found,not_flagged,contact_pages,,,,,,valid=0; invalid=0; risky=0; unknown=0
8082,>30M,kmservices.co,no,,,,0,,,no_public_email_found,not_flagged,contact_pages,,,,,,valid=0; invalid=0; risky=0; unknown=0
8083,>30M,vdlagrotech.fr,no,,,,0,,info@vdlagrotech.nl,showing_email_candidates,not_flagged,contact_pages,,,,,,valid=0; invalid=0; risky=0; unknown=0
8084,>30M,dexchallenge.org,yes,,,,0,,u003eoffice@dexterityglobal.org,showing_email_candidates,not_flagged,contact_pages,,,,,,valid=0; invalid=0; risky=0; unknown=0
8085,>30M,vistadelmarirrigation.com,no,,,,0,,,no_public_email_found,not_flagged,contact_pages,,,,,,valid=0; invalid=0; risky=0; unknown=0
8086,>30M,industryofhues.com,no,,,,0,,18d2f96d279149989b95faf0a4b41882@sentry-next.wixpress.com ; 5d1795a2db124a268f1e1bd88f503500@sentry.wixpress.com ; 605a7baede844d278b89dc95ae0a9123@sentry-next.wixpress.com ; 8eb368c655b84e029ed79ad7a5c1718e@sentry.wixpress.com ; core-js-bundle@3.2.1 ; focus-within-polyfill@5.0.9 ; info@industryofhues.com ; intl-segmenter@11.7.10 ; lodash@4.17.23 ; react-dom@18.3.1 ; react@18.3.1 ; rspack@1.6.8,showing_email_candidates,not_flagged,contact_pages,info@industryofhues.com,,,,info@industryofhues.com,valid=0; invalid=0; risky=0; unknown=1
8087,>30M,pousse.fr,no,,,https://prise-de-contact-pousse.pro.typeform.com/to/l4YQe4k5 ; https://prise-de-contact-pousse.typeform.com/to/l4YQe4k5,0,,bonjour@pousse.fr ; logo-pousse_120x@2x.svg ; logo-pousse_140x@2x.svg ; pousse_vous_loue_des_plantes_11zon_370x230@2x.webp ; sarah@pousse.fr ; vegetalisation_morning_par_pousse_7_370x230@2x.webp,showing_email_candidates,not_flagged,contact_pages,,,,,,valid=0; invalid=0; risky=0; unknown=0
8088,>30M,webuyfairfaxhouses.com,yes,,,https://admin.typeform.com/ ; https://embed.typeform.com/ ; https://form.typeform.com/to/T35HI3mR,0,,don@solutions3dhome.com ; info@solutions3dhome.com ; u003edon@solutions3dhome.com ; u003einfo@company.com,showing_email_candidates,not_flagged,contact_pages,,,,,,valid=0; invalid=0; risky=0; unknown=0
8089,>30M,prear.es,yes,,,https://rh0fz17ak68.typeform.com/to/dDkKgv6Q,0,,info@prear.es ; pirineos@prear.es,showing_email_candidates,not_flagged,contact_pages,info@prear.es,,,,info@prear.es,valid=0; invalid=0; risky=0; unknown=1
8090,>30M,marivalresorts.com,yes,,,,0,,bundle@1.2.1,showing_email_candidates,not_flagged,contact_pages,,,,,,valid=0; invalid=0; risky=0; unknown=0
8091,>30M,ticket2america.com,no,,,,0,,example@email.com ; splide@3.2.2,showing_email_candidates,not_flagged,contact_pages,,,,,,valid=0; invalid=0; risky=0; unknown=0
8092,>30M,clarissaerodrigo.com.br,no,,,,0,,,no_public_email_found,not_flagged,contact_pages,,,,,,valid=0; invalid=0; risky=0; unknown=0
8093,>30M,ataii.org,no,,,,0,,,no_public_email_found,not_flagged,contact_pages,,,,,,valid=0; invalid=0; risky=0; unknown=0
8094,>30M,findinggood.com,yes,,,,0,,brian@findinggood.com,showing_email_candidates,not_flagged,contact_pages,,,,,,valid=0; invalid=0; risky=0; unknown=0
8095,>30M,designwr.com,yes,,,https://form.typeform.com/to/E1xhutD5,0,,info@jivitaayurveda.com,showing_email_candidates,not_flagged,contact_pages,,,,,,valid=0; invalid=0; risky=0; unknown=0
8096,>30M,jamieharnish.com,no,,,,0,,,no_public_email_found,not_flagged,contact_pages,,,,,,valid=0; invalid=0; risky=0; unknown=0
8097,>30M,foamconsulting.com,no,,,,0,,,no_public_email_found,not_flagged,contact_pages,,,,,,valid=0; invalid=0; risky=0; unknown=0
8098,>30M,ritualgastronomico.com,no,,,,0,,,no_public_email_found,not_flagged,contact_pages,,,,,,valid=0; invalid=0; risky=0; unknown=0
8099,>30M,morinoogawa.net,no,,,,0,,,no_public_email_found,not_flagged,contact_pages,,,,,,valid=0; invalid=0; risky=0; unknown=0
8100,>30M,samtarantino.com,no,,,https://embed.typeform.com/,0,,hello@harmonicreach.com,showing_email_candidates,not_flagged,contact_pages,,,,,,valid=0; invalid=0; risky=0; unknown=0
8101,>30M,activepacket.com,yes,,,,0,,support@activepacket.com,showing_email_candidates,not_flagged,contact_pages,support@activepacket.com,,,,support@activepacket.com,valid=0; invalid=0; risky=0; unknown=1
8102,>30M,mrcashflow.nl,yes,,,https://marksoons.typeform.com/to/WdKq3KRA,0,,,no_public_email_found,not_flagged,contact_pages,,,,,,valid=0; invalid=0; risky=0; unknown=0
8103,>30M,happyclean.nl,yes,,,https://j3in2v1llgb.typeform.com/to/F4OkdlBk,0,,info@happyclean.nl,showing_email_candidates,not_flagged,contact_pages,info@happyclean.nl,,,,info@happyclean.nl,valid=0; invalid=0; risky=0; unknown=1
8104,>30M,kateo.info,no,,,,0,,,no_public_email_found,not_flagged,contact_pages,,,,,,valid=0; invalid=0; risky=0; unknown=0
8105,>30M,fujisawayakkyoku.com,no,,,,0,,,no_public_email_found,not_flagged,contact_pages,,,,,,valid=0; invalid=0; risky=0; unknown=0
8106,>30M,irenesun.com,no,,,,0,,,no_public_email_found,not_flagged,contact_pages,,,,,,valid=0; invalid=0; risky=0; unknown=0
8107,>30M,askcga.com,yes,,,https://form.typeform.com/to/kMBNV6pz,0,,info@askcga.com,showing_email_candidates,not_flagged,contact_pages,info@askcga.com,,,,info@askcga.com,valid=0; invalid=0; risky=0; unknown=1
8108,>30M,musicbreeds.org,yes,,,,0,,,no_public_email_found,not_flagged,contact_pages,,,,,,valid=0; invalid=0; risky=0; unknown=0
8109,>30M,teamhercules.net,yes,,,,0,,,no_public_email_found,not_flagged,contact_pages,,,,,,valid=0; invalid=0; risky=0; unknown=0
8110,>30M,oracleorganics.com,yes,,,https://a87qqmk1nfz.typeform.com/to/tT0F5ot4,0,,info@oracleorganics.com,showing_email_candidates,not_flagged,contact_pages,info@oracleorganics.com,,,,info@oracleorganics.com,valid=0; invalid=0; risky=0; unknown=1
8111,>30M,ginaspa.ca,yes,,,,0,,,no_public_email_found,not_flagged,contact_pages,,,,,,valid=0; invalid=0; risky=0; unknown=0
8112,>30M,naturalthyroidcare.com,no,,,,0,,,no_public_email_found,not_flagged,contact_pages,,,,,,valid=0; invalid=0; risky=0; unknown=0
8113,>30M,agenceamericaine.com,no,,,,0,,hello@agenceamericaine.com ; test@fwe.com,showing_email_candidates,not_flagged,contact_pages,hello@agenceamericaine.com,hello@agenceamericaine.com,,,,valid=1; invalid=0; risky=0; unknown=0
8114,>30M,oliverb.me,no,,,,0,,,no_public_email_found,not_flagged,contact_pages,,,,,,valid=0; invalid=0; risky=0; unknown=0
8115,>30M,bestonlinecigarstores.com,no,,,https://embed.typeform.com/,0,,,no_public_email_found,not_flagged,contact_pages,,,,,,valid=0; invalid=0; risky=0; unknown=0
8116,>30M,toyotatirecenter.com,yes,,,https://dtcreativeservices.typeform.com/to/RxKjW31h,0,,,no_public_email_found,not_flagged,contact_pages,,,,,,valid=0; invalid=0; risky=0; unknown=0
8117,>30M,graphicrugs.com,yes,,,,0,,email@example.com,showing_email_candidates,not_flagged,contact_pages,,,,,,valid=0; invalid=0; risky=0; unknown=0
8118,>30M,microfibersource.com,yes,,,https://sourceflowmarketing.typeform.com/to/JbebMcjl ; https://sourceflowmarketing.typeform.com/to/KJNKgt6e ; https://sourceflowmarketing.typeform.com/to/xqzsBqVo,0,,clever-eye-care-promo-custom-microfiber-cleaning-cloth-design-by-microfiber-source@150x.webp ; custom-graphics-custom-microfiber-cleaning-cloth-design-by-microfiber-source@150x.webp ; epic-optic-custom-microfiber-cleaning-cloth-design-by-microfiber-source@150x.webp ; fitfinity-custom-microfiber-cleaning-cloth-design-by-microfiber-source@150x.webp ; local-concert-promo-custom-microfiber-cleaning-cloth-design-by-microfiber-source@150x.webp ; local-police-station-custom-microfiber-cleaning-cloth-design-by-microfiber-source@150x.webp ; mothership-glass-custom-microfiber-cleaning-cloth-design-by-microfiber-source@150x.webp ; opti-custom-microfiber-cleaning-cloth-design-by-microfiber-source@150x.webp ; services@microfibersource.com ; solutions-custom-microfiber-cleaning-cloth-design-by-microfiber-source@150x.webp ; statefarm-custom-microfiber-cleaning-cloth-design-by-microfiber-source@150x.webp ; tdc-group-custom-microfiber-cleaning-cloth-design-by-microfiber-source@150x.webp ; tubotowles-custom-microfiber-cleaning-cloth-design-by-microfiber-source@150x.webp,showing_email_candidates,not_flagged,contact_pages,services@microfibersource.com,,,,services@microfibersource.com,valid=0; invalid=0; risky=0; unknown=1
8119,>30M,naturebased.org,no,,,,0,,,no_public_email_found,not_flagged,contact_pages,,,,,,valid=0; invalid=0; risky=0; unknown=0
8120,>30M,patriciaevinicius.com.br,no,,,https://embed.typeform.com/,0,,,no_public_email_found,not_flagged,contact_pages,,,,,,valid=0; invalid=0; risky=0; unknown=0
8121,>30M,nutrizionisti.it,no,,,,0,,info@nutrizionisti.it,showing_email_candidates,not_flagged,contact_pages,info@nutrizionisti.it,,,,info@nutrizionisti.it,valid=0; invalid=0; risky=0; unknown=1
8122,>30M,gqg.com,no,,,,0,,gqg-logo-white@2x.png ; select2@4.1.0-rc.0,showing_email_candidates,not_flagged,contact_pages,,,,,,valid=0; invalid=0; risky=0; unknown=0
8123,>30M,wildernessuncut.com,yes,,,https://form.typeform.com/to/w2qbnHG6,0,,assist@wildernessuncut.com ; info@wildernessuncut.com ; jason@wildernessuncut.com ; jude@wildernessuncut.com ; kenya@wildernessuncut.com,showing_email_candidates,not_flagged,contact_pages,info@wildernessuncut.com,,,,info@wildernessuncut.com,valid=0; invalid=0; risky=0; unknown=1
8124,>30M,renovasystems.com,no,,,,0,,contacto@renovasystems.com,showing_email_candidates,not_flagged,contact_pages,,,,,,valid=0; invalid=0; risky=0; unknown=0
8125,>30M,grhya.com,yes,,,https://cabinspacey.typeform.com/to/QqRo8OqH ; https://embed.typeform.com/,0,,hello@cabinspacey.com ; info@grhya.com,showing_email_candidates,not_flagged,contact_pages,info@grhya.com,,,,info@grhya.com,valid=0; invalid=0; risky=0; unknown=1
8126,>30M,inserzionisti.com,yes,,,,0,,,no_public_email_found,not_flagged,contact_pages,,,,,,valid=0; invalid=0; risky=0; unknown=0
8127,>30M,figform.com,no,,,,0,,support@figform.com,showing_email_candidates,not_flagged,contact_pages,support@figform.com,,,,support@figform.com,valid=0; invalid=0; risky=0; unknown=1
8128,>30M,mateplates.com,yes,,,,0,,,no_public_email_found,not_flagged,contact_pages,,,,,,valid=0; invalid=0; risky=0; unknown=0
8129,>30M,fusion5.com,no,,,,0,,,no_public_email_found,not_flagged,contact_pages,,,,,,valid=0; invalid=0; risky=0; unknown=0
8130,>30M,missglam.fr,no,,,,0,,,no_public_email_found,not_flagged,contact_pages,,,,,,valid=0; invalid=0; risky=0; unknown=0
8131,>30M,wildflower.co.in,no,,,,0,,info@murgumawildflowerresort.com,showing_email_candidates,not_flagged,contact_pages,,,,,,valid=0; invalid=0; risky=0; unknown=0
8132,>30M,sas-accountants.com,no,,,,0,,aos@2.3.1 ; hello@dealsheets.co ; hello@sas-accountants.com,showing_email_candidates,not_flagged,contact_pages,hello@sas-accountants.com,hello@sas-accountants.com,,,,valid=1; invalid=0; risky=0; unknown=0
8133,>30M,fitnessmd247.com,yes,,,https://ufj0236ua1l.typeform.com/to/hvjnti7k,0,,,no_public_email_found,not_flagged,contact_pages,,,,,,valid=0; invalid=0; risky=0; unknown=0
8134,>30M,rohankusre.com,no,,,,0,,,no_public_email_found,not_flagged,contact_pages,,,,,,valid=0; invalid=0; risky=0; unknown=0
8135,>30M,hunty.com,no,,,,0,,,no_public_email_found,not_flagged,contact_pages,,,,,,valid=0; invalid=0; risky=0; unknown=0
8136,>30M,truckfrat.com,yes,,,https://truckfrat.typeform.com/to/BhiNsO ; https://truckfrat.typeform.com/to/fqEnBl0x ; https://truckfrat.typeform.com/to/Ng1tnH,0,,info@truckfrat.com,showing_email_candidates,not_flagged,contact_pages,info@truckfrat.com,,,,info@truckfrat.com,valid=0; invalid=0; risky=0; unknown=1
8137,>30M,rdyx.jp,no,,,,0,,,no_public_email_found,not_flagged,contact_pages,,,,,,valid=0; invalid=0; risky=0; unknown=0
8138,>30M,lisajofanchang.com,no,,,,0,,,no_public_email_found,not_flagged,contact_pages,,,,,,valid=0; invalid=0; risky=0; unknown=0
8139,>30M,didacta-stuttgart.com,no,,,,0,,info@heinekingmedia.de,showing_email_candidates,not_flagged,contact_pages,,,,,,valid=0; invalid=0; risky=0; unknown=0
8140,>30M,bestfloridahealthinsuranceplans.com,no,,,,0,,jorge@ideainsuranceagency.com,showing_email_candidates,not_flagged,contact_pages,,,,,,valid=0; invalid=0; risky=0; unknown=0
8141,>30M,net-pharmacy.com,no,,,,0,,,no_public_email_found,not_flagged,contact_pages,,,,,,valid=0; invalid=0; risky=0; unknown=0
8142,>30M,clydestreet.com.au,no,,,,0,,,no_public_email_found,not_flagged,contact_pages,,,,,,valid=0; invalid=0; risky=0; unknown=0
8143,>30M,stonesalonspa.com,yes,,,https://form.typeform.com/to/Ps9cxzS0,0,,hellostonesalon@gmail.com,showing_email_candidates,not_flagged,contact_pages,,,,,,valid=0; invalid=0; risky=0; unknown=0
8144,>30M,bvistaycation.com,no,,,,0,,,no_public_email_found,not_flagged,contact_pages,,,,,,valid=0; invalid=0; risky=0; unknown=0
8145,>30M,ezduzitblog.com,yes,,,https://ezduzit.typeform.com/to/ClwJmr,0,,eric@ezduzit.ca,showing_email_candidates,not_flagged,contact_pages,,,,,,valid=0; invalid=0; risky=0; unknown=0
8146,>30M,hdmcr.com,no,,,https://synchronicityglobal.typeform.com/,0,,,no_public_email_found,not_flagged,contact_pages,,,,,,valid=0; invalid=0; risky=0; unknown=0
8147,>30M,martinabascal.com,yes,,,https://lightspeed-commerce.typeform.com/to/g1vcP7FR,0,,example@email.com ; john.doe@email.com ; vendorrelations@martinabascal.com,showing_email_candidates,not_flagged,contact_pages,,,,,,valid=0; invalid=0; risky=0; unknown=0
8148,>30M,danidani.com.br,no,,,https://embed.typeform.com/,0,,,no_public_email_found,not_flagged,contact_pages,,,,,,valid=0; invalid=0; risky=0; unknown=0
8149,>30M,e387.com,no,,,,0,,support@e387.com,showing_email_candidates,not_flagged,contact_pages,support@e387.com,,,,support@e387.com,valid=0; invalid=0; risky=0; unknown=1
8150,>30M,honorfest.com,yes,,,https://university-hp.typeform.com/to/FL3bWOhI,0,,wesley@university-hp.com,showing_email_candidates,not_flagged,contact_pages,,,,,,valid=0; invalid=0; risky=0; unknown=0
8151,>30M,immunoalliance.org,yes,,,https://form.typeform.com/to/iAsBy7nC,0,,,no_public_email_found,not_flagged,contact_pages,,,,,,valid=0; invalid=0; risky=0; unknown=0
8152,>30M,klixx.me,no,,,,0,,,no_public_email_found,not_flagged,contact_pages,,,,,,valid=0; invalid=0; risky=0; unknown=0
8153,>30M,hungerhub.com,yes,,,https://hungerhub.typeform.com/to/v8gqtuvc,0,,help@hungerhub.com,showing_email_candidates,not_flagged,contact_pages,help@hungerhub.com,help@hungerhub.com,,,,valid=1; invalid=0; risky=0; unknown=0
8154,>30M,119th.com,no,,,,0,,,no_public_email_found,not_flagged,contact_pages,,,,,,valid=0; invalid=0; risky=0; unknown=0
8155,>30M,insightkick.jp,no,,,,0,,,no_public_email_found,not_flagged,contact_pages,,,,,,valid=0; invalid=0; risky=0; unknown=0
8156,>30M,maherspaint.com,no,,,,0,,andy@maherspaint.com ; info@maherspaint.com,showing_email_candidates,not_flagged,contact_pages,info@maherspaint.com,,,,info@maherspaint.com,valid=0; invalid=0; risky=0; unknown=1
8157,>30M,controlaltweb.com.br,no,,,,0,,,no_public_email_found,not_flagged,contact_pages,,,,,,valid=0; invalid=0; risky=0; unknown=0
8158,>30M,llirka.com,yes,,,https://formularisactius.typeform.com/to/wYfIVaac,0,,info@llirka.com,showing_email_candidates,not_flagged,contact_pages,info@llirka.com,,,,info@llirka.com,valid=0; invalid=0; risky=0; unknown=1
8159,>30M,allacadialodging.com,no,,,,0,,,no_public_email_found,not_flagged,contact_pages,,,,,,valid=0; invalid=0; risky=0; unknown=0
8160,>30M,pizzalieferung.de,no,,,,0,,,no_public_email_found,not_flagged,contact_pages,,,,,,valid=0; invalid=0; risky=0; unknown=0
8161,>30M,bosi.us,no,,,,0,,,no_public_email_found,not_flagged,contact_pages,,,,,,valid=0; invalid=0; risky=0; unknown=0
8162,>30M,leadpost.com,no,,,,0,,contact@leadpost.com,showing_email_candidates,not_flagged,contact_pages,contact@leadpost.com,contact@leadpost.com,,,,valid=1; invalid=0; risky=0; unknown=0
8163,>30M,unicorndisco.com,yes,,,https://amcxdcs2d2p.typeform.com/to/VGoSpmlb,0,,blake@bearhughospitality.com,showing_email_candidates,not_flagged,contact_pages,,,,,,valid=0; invalid=0; risky=0; unknown=0
8164,>30M,approachwomennow.com,yes,,,https://form.typeform.com/to/BVxOlz21,0,,mike@approachwomennow.com,showing_email_candidates,not_flagged,contact_pages,,,,,,valid=0; invalid=0; risky=0; unknown=0
8165,>30M,leancure.com,no,,,,0,,,no_public_email_found,not_flagged,contact_pages,,,,,,valid=0; invalid=0; risky=0; unknown=0
8166,>30M,paysera.de,no,,,,0,,,no_public_email_found,not_flagged,contact_pages,,,,,,valid=0; invalid=0; risky=0; unknown=0
8167,>30M,familiapimenta.com.br,no,,,,0,,,no_public_email_found,not_flagged,contact_pages,,,,,,valid=0; invalid=0; risky=0; unknown=0
8168,>30M,kickio.com,no,,,,0,,,no_public_email_found,not_flagged,contact_pages,,,,,,valid=0; invalid=0; risky=0; unknown=0
8169,>30M,tatierafa.com.br,no,,,,0,,,no_public_email_found,not_flagged,contact_pages,,,,,,valid=0; invalid=0; risky=0; unknown=0
8170,>30M,antforms.com,no,,,,0,,hello@antforms.com ; support@antforms.com,showing_email_candidates,not_flagged,contact_pages,hello@antforms.com ; support@antforms.com,hello@antforms.com,,,support@antforms.com,valid=1; invalid=0; risky=0; unknown=1
8171,>30M,harvestob.org,no,,,,0,,coth@harvestob.org,showing_email_candidates,not_flagged,contact_pages,,,,,,valid=0; invalid=0; risky=0; unknown=0
8172,>30M,leapsheep.com,yes,,,,0,,,no_public_email_found,not_flagged,contact_pages,,,,,,valid=0; invalid=0; risky=0; unknown=0
8173,>30M,adsgreattime.com,no,,,,0,,,no_public_email_found,not_flagged,contact_pages,,,,,,valid=0; invalid=0; risky=0; unknown=0
8174,>30M,vyasayurved.com,yes,,,https://contact920141.typeform.com/to/QbRkwuZp,0,,contact@vyasayurved.com ; someone@example.com,showing_email_candidates,not_flagged,contact_pages,contact@vyasayurved.com,contact@vyasayurved.com,,,,valid=1; invalid=0; risky=0; unknown=0
8175,>30M,drapp.com.br,no,,,,0,,paula@gmail.com ; paula@gmial.com ; voce@exemplo.com.br,showing_email_candidates,not_flagged,contact_pages,,,,,,valid=0; invalid=0; risky=0; unknown=0
8176,>30M,camilaegui.com.br,no,,,,0,,,no_public_email_found,not_flagged,contact_pages,,,,,,valid=0; invalid=0; risky=0; unknown=0
8177,>30M,tamagawa-abacus-school.com,no,,,,0,,,no_public_email_found,not_flagged,contact_pages,,,,,,valid=0; invalid=0; risky=0; unknown=0
8178,>30M,momonoaya.com,no,,,,0,,,no_public_email_found,not_flagged,contact_pages,,,,,,valid=0; invalid=0; risky=0; unknown=0
8179,>30M,highcrowd.com,no,,,,0,,,no_public_email_found,not_flagged,contact_pages,,,,,,valid=0; invalid=0; risky=0; unknown=0
8180,>30M,smconsulting.biz,yes,,,,0,,,no_public_email_found,not_flagged,contact_pages,,,,,,valid=0; invalid=0; risky=0; unknown=0
8181,>30M,mocomoc.com,no,,,,0,,,no_public_email_found,not_flagged,contact_pages,,,,,,valid=0; invalid=0; risky=0; unknown=0
8182,>30M,letscorp.us,yes,,,https://form.typeform.com/to/FDB5OoYz,0,,sales@letscorp.us ; splide-extension-auto-scroll@0.5.3,showing_email_candidates,not_flagged,contact_pages,sales@letscorp.us,,,,sales@letscorp.us,valid=0; invalid=0; risky=0; unknown=1
8183,>30M,aus-krause.com,no,,,,0,,,no_public_email_found,not_flagged,contact_pages,,,,,,valid=0; invalid=0; risky=0; unknown=0
8184,>30M,bestihealth.com,yes,,,https://nqs7ysu6y8b.typeform.com/to/jHb5YG4V,0,,hello@bestihealth.com ; info@bestihealth.com ; you@email.com,showing_email_candidates,not_flagged,contact_pages,hello@bestihealth.com ; info@bestihealth.com,hello@bestihealth.com,,,info@bestihealth.com,valid=1; invalid=0; risky=0; unknown=1
8185,>30M,wittyform.com,no,,,https://form.typeform.com/,0,,colleague@company.com ; email@example.com ; example2@email.com ; example@email.com ; john@company.com ; john@example.com ; name@example.com ; noreply@example.com ; noreply@yourbrand.com ; recipient@example.com ; support@wittyform.com ; support@yourcompany.com ; you@example.com ; your@email.com,showing_email_candidates,not_flagged,contact_pages,support@wittyform.com,,,,support@wittyform.com,valid=0; invalid=0; risky=0; unknown=1
8186,>30M,mainesocialsecurity.com,no,,,,0,,,no_public_email_found,not_flagged,contact_pages,,,,,,valid=0; invalid=0; risky=0; unknown=0
8187,>30M,epaymeals.com,no,,,,0,,,no_public_email_found,not_flagged,contact_pages,,,,,,valid=0; invalid=0; risky=0; unknown=0
8188,>30M,protonx.com,yes,,,https://form.typeform.com/to/JuOeJvpa ; https://form.typeform.com/to/zch1xPBL,0,,,no_public_email_found,not_flagged,contact_pages,,,,,,valid=0; invalid=0; risky=0; unknown=0
8189,>30M,wesleyfinancial.com,yes,,,https://embed.typeform.com/ ; https://wesleyfinancialgroup.typeform.com/to/ygyxCvPR,0,,,no_public_email_found,not_flagged,contact_pages,,,,,,valid=0; invalid=0; risky=0; unknown=0
8190,>30M,ocvideography.com,yes,,,https://form.typeform.com/to/Cp5ZaUz5 ; https://form.typeform.com/to/oqfmBWCL,0,,info@ocvideography.com,showing_email_candidates,not_flagged,contact_pages,info@ocvideography.com,,,,info@ocvideography.com,valid=0; invalid=0; risky=0; unknown=1
8191,>30M,lasvegasdatingcoach.com,yes,,,https://form.typeform.com/to/BVxOlz21,0,,mike@lasvegasdatingcoach.com,showing_email_candidates,not_flagged,contact_pages,,,,,,valid=0; invalid=0; risky=0; unknown=0
8192,>30M,bastianschmidt.com,no,,,https://umsetzer.typeform.com/,0,,kontakt@umsetzer.de,showing_email_candidates,not_flagged,contact_pages,,,,,,valid=0; invalid=0; risky=0; unknown=0
8193,>30M,fairymeadowplumbing.com.au,yes,,,https://ask-question.typeform.com/to/PU3NAIYy,0,,sales@fairymeadowplumbing.com,showing_email_candidates,not_flagged,contact_pages,,,,,,valid=0; invalid=0; risky=0; unknown=0
8194,>30M,brunoejessica.com.br,no,,,,0,,,no_public_email_found,not_flagged,contact_pages,,,,,,valid=0; invalid=0; risky=0; unknown=0
8195,>30M,snailsend.com,yes,,,,0,,,no_public_email_found,not_flagged,contact_pages,,,,,,valid=0; invalid=0; risky=0; unknown=0
8196,>30M,bestonlinepaydaylenders.com,no,,,https://embed.typeform.com/,0,,,no_public_email_found,not_flagged,contact_pages,,,,,,valid=0; invalid=0; risky=0; unknown=0
8197,>30M,cardclassic.com,yes,,,https://form.typeform.com/to/REPLACE_ATTENDEE ; https://form.typeform.com/to/REPLACE_VENDOR ; https://form.typeform.com/to/XXXXXXXX,0,,hello@cardclassic.com,showing_email_candidates,not_flagged,contact_pages,hello@cardclassic.com,hello@cardclassic.com,,,,valid=1; invalid=0; risky=0; unknown=0
8198,>30M,palabramaestra.org,no,,,,0,,,no_public_email_found,not_flagged,contact_pages,,,,,,valid=0; invalid=0; risky=0; unknown=0
8199,>30M,thesecretexperience.com,yes,,,https://leo077903.typeform.com/to/WaI6V9TU,0,,,no_public_email_found,not_flagged,contact_pages,,,,,,valid=0; invalid=0; risky=0; unknown=0
8200,>30M,mocene.com,no,,,,0,,,no_public_email_found,not_flagged,contact_pages,,,,,,valid=0; invalid=0; risky=0; unknown=0
8201,>30M,comercialhp.com.br,yes,,,,0,,,no_public_email_found,not_flagged,contact_pages,,,,,,valid=0; invalid=0; risky=0; unknown=0
8202,>30M,ismaelg.com,no,,,,0,,hola@ismaelg.com,showing_email_candidates,not_flagged,contact_pages,,,,,,valid=0; invalid=0; risky=0; unknown=0
8203,>30M,carriearlinephotos.com,no,,,,0,,,no_public_email_found,not_flagged,contact_pages,,,,,,valid=0; invalid=0; risky=0; unknown=0
8204,>30M,onechapelplace.com,yes,,,https://concilioconnects.typeform.com/to/z5YcjTvt,0,,ltatton@conciliocomms.com,showing_email_candidates,not_flagged,contact_pages,,,,,,valid=0; invalid=0; risky=0; unknown=0
8205,>30M,99industries.com,yes,,,,0,,,no_public_email_found,not_flagged,contact_pages,,,,,,valid=0; invalid=0; risky=0; unknown=0
8206,>30M,nakagawakenkou.com,no,,,,0,,,no_public_email_found,not_flagged,contact_pages,,,,,,valid=0; invalid=0; risky=0; unknown=0
8207,>30M,orlandomedicalmalpractice.com,no,,,,0,,brian@hoganpa.com ; info@hoganpa.com,showing_email_candidates,not_flagged,contact_pages,,,,,,valid=0; invalid=0; risky=0; unknown=0
8208,>30M,catsglobal.org,no,,,,0,,,no_public_email_found,not_flagged,contact_pages,,,,,,valid=0; invalid=0; risky=0; unknown=0
8209,>30M,rapidforce.com.au,yes,,,https://form.typeform.com/to/m3thzhkB ; https://form.typeform.com/to/YbKlpZ5d,0,,operations@rapidforce.com.au,showing_email_candidates,not_flagged,contact_pages,,,,,,valid=0; invalid=0; risky=0; unknown=0
8210,>30M,maincapital.de,yes,,,https://admin.typeform.com/ ; https://andresbuzzio.typeform.com/to/LIYbcG ; https://embed.typeform.com/,0,,pressler@maincapital.de,showing_email_candidates,not_flagged,contact_pages,,,,,,valid=0; invalid=0; risky=0; unknown=0
8211,>30M,purebalance-wellness.com,no,,,,0,,info@purebalance-wellness.com,showing_email_candidates,not_flagged,contact_pages,info@purebalance-wellness.com,,,,info@purebalance-wellness.com,valid=0; invalid=0; risky=0; unknown=1
8212,>30M,paijealexandra.com,yes,,,https://6h8chvb5rmp.typeform.com/to/Rm0bNSGT ; https://iem0a2iv3n7.typeform.com/to/unWZTEOD,0,,info@etereobaja.mx ; invest@etereobaja.mx ; paije@etereobaja.mx ; thirdeyedoula@gmail.com,showing_email_candidates,not_flagged,contact_pages,,,,,,valid=0; invalid=0; risky=0; unknown=0
8213,>30M,tipperx.com,yes,,,https://25z47aoop2s.typeform.com/to/VhYAiQ8v,0,,tom@tipperx.com,showing_email_candidates,not_flagged,contact_pages,,,,,,valid=0; invalid=0; risky=0; unknown=0
8214,>30M,wilsoncardenas.com,yes,,,https://thewilsoncardenas.typeform.com/to/wmQo5CcR,0,,info@wilsoncardenas.com,showing_email_candidates,not_flagged,contact_pages,info@wilsoncardenas.com,,,,info@wilsoncardenas.com,valid=0; invalid=0; risky=0; unknown=1
8215,>30M,eotrbrightfutures.org,yes,,,https://eotrcareercamp.typeform.com/to/STzMsTR4,0,,eotrcareercamp@gmai.com ; eotrcareercamp@gmail.com,showing_email_candidates,not_flagged,contact_pages,,,,,,valid=0; invalid=0; risky=0; unknown=0
8216,>30M,knownunknown.com,no,,,,0,,,no_public_email_found,not_flagged,contact_pages,,,,,,valid=0; invalid=0; risky=0; unknown=0
8217,>30M,afterdata.com,no,,,,0,,,no_public_email_found,not_flagged,contact_pages,,,,,,valid=0; invalid=0; risky=0; unknown=0
8218,>30M,arianeeandre.com.br,no,,,,0,,,no_public_email_found,not_flagged,contact_pages,,,,,,valid=0; invalid=0; risky=0; unknown=0
8219,>30M,biancomatteo.com,yes,,,,0,,,no_public_email_found,not_flagged,contact_pages,,,,,,valid=0; invalid=0; risky=0; unknown=0
8220,>30M,liquidsunshinehoney.com,yes,,,https://3p8xxu4jdg3.typeform.com/to/x7VyWXls,0,,joe@honuadesign.com,showing_email_candidates,not_flagged,contact_pages,,,,,,valid=0; invalid=0; risky=0; unknown=0
8221,>30M,edshadi.com,no,,,https://www.typeform.com/,0,,edshadi@gmail.com,showing_email_candidates,not_flagged,contact_pages,,,,,,valid=0; invalid=0; risky=0; unknown=0
8222,>30M,lovethephilippines.com,no,,,,0,,,no_public_email_found,not_flagged,contact_pages,,,,,,valid=0; invalid=0; risky=0; unknown=0
8223,>30M,yourepicbusiness.com,yes,,,,0,,,no_public_email_found,not_flagged,contact_pages,,,,,,valid=0; invalid=0; risky=0; unknown=0
8224,>30M,tasteguild.com,yes,,,https://embed.typeform.com/ ; https://form.typeform.com/to/VmNQ9X9y,0,,bootstrap-icons@1.5.0 ; bootstrap@5.0.1 ; hello@tasteguild.com,showing_email_candidates,not_flagged,contact_pages,hello@tasteguild.com,hello@tasteguild.com,,,,valid=1; invalid=0; risky=0; unknown=0
8225,>30M,joshjoseph.com,yes,,,,0,,,no_public_email_found,not_flagged,contact_pages,,,,,,valid=0; invalid=0; risky=0; unknown=0
8226,>30M,noguerol.com,no,,,https://embed.typeform.com/,0,,contacto@noguerol.es ; info@noguerol.es ; lopd@noguerol.es,showing_email_candidates,not_flagged,contact_pages,,,,,,valid=0; invalid=0; risky=0; unknown=0
8227,>30M,dotworld.ch,no,,,https://bn9xsdtwsy4.typeform.com/,0,,contact@dotworld.ch,showing_email_candidates,not_flagged,contact_pages,contact@dotworld.ch,contact@dotworld.ch,,,,valid=1; invalid=0; risky=0; unknown=0
8228,>30M,qivids.com,no,,,,0,,,no_public_email_found,not_flagged,contact_pages,,,,,,valid=0; invalid=0; risky=0; unknown=0
8229,>30M,andreemariana.com.br,no,,,,0,,,no_public_email_found,not_flagged,contact_pages,,,,,,valid=0; invalid=0; risky=0; unknown=0
8230,>30M,orderscomplete.com,yes,,,,0,,,no_public_email_found,not_flagged,contact_pages,,,,,,valid=0; invalid=0; risky=0; unknown=0
8231,>30M,iluoghidellascrittura.it,no,,,,0,,info@iluoghidellascrittura.it ; jquery.marquee@1.5.0 ; staff@astrelia.it,showing_email_candidates,not_flagged,contact_pages,info@iluoghidellascrittura.it,,,,info@iluoghidellascrittura.it,valid=0; invalid=0; risky=0; unknown=1
8232,>30M,zensepro.com,no,,,https://labs-assets.typeform.com/,0,,,no_public_email_found,not_flagged,contact_pages,,,,,,valid=0; invalid=0; risky=0; unknown=0
8233,>30M,blumarketing.com,yes,,,https://yggmmc1s3dp.typeform.com/to/VHixnaV0,0,,info@blumarketing.com,showing_email_candidates,not_flagged,contact_pages,info@blumarketing.com,,,,info@blumarketing.com,valid=0; invalid=0; risky=0; unknown=1
8234,>30M,workflowpulse.com,no,,,,0,,,no_public_email_found,not_flagged,contact_pages,,,,,,valid=0; invalid=0; risky=0; unknown=0
8235,>30M,cienciaterapia.org,yes,,,https://cienciaterapia.typeform.com/to/esZ8azPu,0,,,no_public_email_found,not_flagged,contact_pages,,,,,,valid=0; invalid=0; risky=0; unknown=0
8236,>30M,summitwc.net,no,,,,0,,office@summitwc.org,showing_email_candidates,not_flagged,contact_pages,,,,,,valid=0; invalid=0; risky=0; unknown=0
8237,>30M,shilohonline.com,no,,,,0,,,no_public_email_found,not_flagged,contact_pages,,,,,,valid=0; invalid=0; risky=0; unknown=0
8238,>30M,vermontermade.com,yes,,,,0,,,no_public_email_found,not_flagged,contact_pages,,,,,,valid=0; invalid=0; risky=0; unknown=0
8239,>30M,socialsecurityus.com,no,,,,0,,typeformlist@hogansmithssd.com,showing_email_candidates,not_flagged,contact_pages,,,,,,valid=0; invalid=0; risky=0; unknown=0
8240,>30M,soulwindows.ca,no,,,,0,,,no_public_email_found,not_flagged,contact_pages,,,,,,valid=0; invalid=0; risky=0; unknown=0
8241,>30M,industryvideo.com,yes,,,https://form.typeform.com/to/ysYmA9kO,0,,,no_public_email_found,not_flagged,contact_pages,,,,,,valid=0; invalid=0; risky=0; unknown=0
8242,>30M,gaub.ru,no,,,,0,,,no_public_email_found,not_flagged,contact_pages,,,,,,valid=0; invalid=0; risky=0; unknown=0
8243,>30M,medicalofficesales.com,no,,,,0,,brian@hoganpa.com,showing_email_candidates,not_flagged,contact_pages,,,,,,valid=0; invalid=0; risky=0; unknown=0
8244,>30M,dogoodbus.org,no,,,,0,,,no_public_email_found,not_flagged,contact_pages,,,,,,valid=0; invalid=0; risky=0; unknown=0
8245,>30M,mindear.com,no,,,,0,,contact@mindear.com ; contact@tinnitus.com,showing_email_candidates,not_flagged,contact_pages,contact@mindear.com,contact@mindear.com,,,,valid=1; invalid=0; risky=0; unknown=0
8246,>30M,office-koyo.jp,no,,,,0,,,no_public_email_found,not_flagged,contact_pages,,,,,,valid=0; invalid=0; risky=0; unknown=0
8247,>30M,conscioustalent.com,yes,,,https://conscioustalent.typeform.com/to/AmJJIAFk ; https://conscioustalent.typeform.com/to/ghY1klPC ; https://conscioustalent.typeform.com/to/QO4b6HF2 ; https://conscioustalent.typeform.com/to/xaXsJeDo,0,,lenis@1.2.3,showing_email_candidates,not_flagged,contact_pages,,,,,,valid=0; invalid=0; risky=0; unknown=0
8248,>30M,crisespinal.com,no,,,,0,,tucorreo@gmail.com,showing_email_candidates,not_flagged,contact_pages,,,,,,valid=0; invalid=0; risky=0; unknown=0
8249,>30M,fertilidad.com,yes,,,https://drxgjtld005.typeform.com/ ; https://drxgjtld005.typeform.com/to/BiqWuUVD ; https://embed.typeform.com/,0,,hola@fertilidad.com,showing_email_candidates,not_flagged,contact_pages,,,,,,valid=0; invalid=0; risky=0; unknown=0
8250,>30M,friday.us,yes,,,,0,,elizabeth@friday.us ; email@gmail.com ; emily@friday.us ; hello@friday.us,showing_email_candidates,not_flagged,contact_pages,hello@friday.us,hello@friday.us,,,,valid=1; invalid=0; risky=0; unknown=0
8251,>30M,bankseo.com,yes,,,,0,,,no_public_email_found,not_flagged,contact_pages,,,,,,valid=0; invalid=0; risky=0; unknown=0
8252,>30M,pixys.ch,no,,,,0,,digital@pixys.ch,showing_email_candidates,not_flagged,contact_pages,,,,,,valid=0; invalid=0; risky=0; unknown=0
8253,>30M,joaopeixoto.net,no,,,,0,,,no_public_email_found,not_flagged,contact_pages,,,,,,valid=0; invalid=0; risky=0; unknown=0
8254,>30M,designedin.org,yes,,,https://p5fpprfw9x9.typeform.com/to/JAUZohIw,0,,clara@designedin.org ; contact@designedin.org,showing_email_candidates,not_flagged,contact_pages,contact@designedin.org,contact@designedin.org,,,,valid=1; invalid=0; risky=0; unknown=0
8255,>30M,ventanas.es,no,,,,0,,info@ventanas.es,showing_email_candidates,not_flagged,contact_pages,info@ventanas.es,,,,info@ventanas.es,valid=0; invalid=0; risky=0; unknown=1
8256,>30M,zahngesund-bergner.de,no,,,,0,,,no_public_email_found,not_flagged,contact_pages,,,,,,valid=0; invalid=0; risky=0; unknown=0
8257,>30M,nl-support.nl,yes,,,https://wetlgq124u7.typeform.com/to/Txc11h2b,0,,vanta@0.5.24,showing_email_candidates,not_flagged,contact_pages,,,,,,valid=0; invalid=0; risky=0; unknown=0
8258,>30M,maryhyatt.com,yes,,,,0,,,no_public_email_found,not_flagged,contact_pages,,,,,,valid=0; invalid=0; risky=0; unknown=0
8259,>30M,politr.ch,no,,,,0,,,no_public_email_found,not_flagged,contact_pages,,,,,,valid=0; invalid=0; risky=0; unknown=0
8260,>30M,puresilliness.com,yes,,,https://ellieharmon.typeform.com/to/cv0rza ; https://embed.typeform.com/,0,,,no_public_email_found,not_flagged,contact_pages,,,,,,valid=0; invalid=0; risky=0; unknown=0
8261,>30M,longharvest.net,no,,,,0,,,no_public_email_found,not_flagged,contact_pages,,,,,,valid=0; invalid=0; risky=0; unknown=0
8262,>30M,thegravitywave.com,yes,,,https://hj0yzvepfbz.typeform.com/to/UbNNiZ9F,0,,,no_public_email_found,not_flagged,contact_pages,,,,,,valid=0; invalid=0; risky=0; unknown=0
8263,>30M,tanvigoyal.com,no,,,https://embed.typeform.com/,0,,tanvi@tanvigoyal.com ; tanvi@wealthaware.in,showing_email_candidates,not_flagged,contact_pages,,,,,,valid=0; invalid=0; risky=0; unknown=0
8264,>30M,lisasmith.com,yes,,,,0,,esplanacharish88@gmail.com ; support@lisasmith.com ; tsparticles-confetti@2.12.0,showing_email_candidates,not_flagged,contact_pages,support@lisasmith.com,,,,support@lisasmith.com,valid=0; invalid=0; risky=0; unknown=1
8265,>30M,sekisyoen.com,no,,,,0,,,no_public_email_found,not_flagged,contact_pages,,,,,,valid=0; invalid=0; risky=0; unknown=0
8266,>30M,pdcollective.com,yes,,,https://7q4actb06zb.typeform.com/to/YsHTprnh ; https://form.typeform.com/to/YsHTprnh,0,,contact@pdcollective.com,showing_email_candidates,not_flagged,contact_pages,contact@pdcollective.com,contact@pdcollective.com,,,,valid=1; invalid=0; risky=0; unknown=0
8267,>30M,einfach-daheim.de,no,,,,0,,info@einfach-daheim.de,showing_email_candidates,not_flagged,contact_pages,info@einfach-daheim.de,,,,info@einfach-daheim.de,valid=0; invalid=0; risky=0; unknown=1
8268,>30M,astourland.com,yes,,,https://form.typeform.com/to/bAhE0gfX ; https://form.typeform.com/to/BPkVCPFC,0,,intersection-observer-polyfill@0.1.0 ; reservas@astourland.com,showing_email_candidates,not_flagged,contact_pages,,,,,,valid=0; invalid=0; risky=0; unknown=0
8269,>30M,videoriders.com,yes,,,https://form.typeform.com/to/NFGwtaYk,0,,hola@videoriders.com ; info@videoriders.com,showing_email_candidates,not_flagged,contact_pages,info@videoriders.com,,,,info@videoriders.com,valid=0; invalid=0; risky=0; unknown=1
8270,>30M,kitchencrew.de,yes,,,,0,,dpo-google@google.com ; gdpr@typeform.com ; info@kitchencrew.de ; moin@kitchencrew.de,showing_email_candidates,not_flagged,contact_pages,info@kitchencrew.de,,,,info@kitchencrew.de,valid=0; invalid=0; risky=0; unknown=1
8271,>30M,squareinstitute.com,yes,,,https://bh21eo.typeform.com/to/N2bHY4SE,0,,bola@squareinstitute.com ; info@squareinstitute.com,showing_email_candidates,not_flagged,contact_pages,info@squareinstitute.com,,,,info@squareinstitute.com,valid=0; invalid=0; risky=0; unknown=1
8272,>30M,in-action.it,no,,,https://embed.typeform.com/,0,,info@in-action.it,showing_email_candidates,not_flagged,contact_pages,info@in-action.it,,,,info@in-action.it,valid=0; invalid=0; risky=0; unknown=1
8273,>30M,oliviar.com,yes,,,https://oieqbbk7pld.typeform.com/to/mnaeYcag,0,,info@oliviar.com ; info@stagheaddesigns.com,showing_email_candidates,not_flagged,contact_pages,info@oliviar.com,,,,info@oliviar.com,valid=0; invalid=0; risky=0; unknown=1
8274,>30M,mgbuildersllc.com,no,,,,0,,info@mgbuildersllc.com ; jane@example.com,showing_email_candidates,not_flagged,contact_pages,info@mgbuildersllc.com,,,,info@mgbuildersllc.com,valid=0; invalid=0; risky=0; unknown=1
8275,>30M,donnaweber.com,no,,,,0,,,no_public_email_found,not_flagged,contact_pages,,,,,,valid=0; invalid=0; risky=0; unknown=0
8276,>30M,zanzibar-realestate.com,no,,,,0,,,no_public_email_found,not_flagged,contact_pages,,,,,,valid=0; invalid=0; risky=0; unknown=0
8277,>30M,kosakado.com,no,,,,0,,t.kossa0312@ezweb.ne.jp,showing_email_candidates,not_flagged,contact_pages,,,,,,valid=0; invalid=0; risky=0; unknown=0
8278,>30M,summitgp.com,yes,,,https://embed.typeform.com/ ; https://onimodglobal.typeform.com/to/PS0SnY,0,,info@demolink.org,showing_email_candidates,not_flagged,contact_pages,,,,,,valid=0; invalid=0; risky=0; unknown=0
8279,>30M,litsolutions.info,no,,,,0,,litsolutions_@outlook.com,showing_email_candidates,not_flagged,contact_pages,,,,,,valid=0; invalid=0; risky=0; unknown=0
8280,>30M,building-happiness.org,yes,,,,0,,buildinghappiness@buk.cl ; buildinghappiness@buk.co ; buildinghappiness@buk.mx ; buildinghappiness@buk.pe,showing_email_candidates,not_flagged,contact_pages,,,,,,valid=0; invalid=0; risky=0; unknown=0
8281,>30M,thinkdigital.pl,yes,,,https://1d3sxmks9gx.typeform.com/to/y5IdXFh6,0,,,no_public_email_found,not_flagged,contact_pages,,,,,,valid=0; invalid=0; risky=0; unknown=0
8282,>30M,johnoreilly.com,yes,,,https://iu7obngnrwz.typeform.com/to/ix60drYw,0,,,no_public_email_found,not_flagged,contact_pages,,,,,,valid=0; invalid=0; risky=0; unknown=0
8283,>30M,emi-nice.com,no,,,,0,,,no_public_email_found,not_flagged,contact_pages,,,,,,valid=0; invalid=0; risky=0; unknown=0
8284,>30M,totowaprecision.com,no,,,,0,,,no_public_email_found,not_flagged,contact_pages,,,,,,valid=0; invalid=0; risky=0; unknown=0
8285,>30M,focused-advisors.com,no,,,https://embed.typeform.com/,0,,swershing@focused-advisors.com,showing_email_candidates,not_flagged,contact_pages,,,,,,valid=0; invalid=0; risky=0; unknown=0
8286,>30M,gonzalobarrera.com,no,,,,0,,,no_public_email_found,not_flagged,contact_pages,,,,,,valid=0; invalid=0; risky=0; unknown=0
8287,>30M,teamupforimpact.org,no,,,,0,,,no_public_email_found,not_flagged,contact_pages,,,,,,valid=0; invalid=0; risky=0; unknown=0
8288,>30M,bariserel.com,no,,,,0,,,no_public_email_found,not_flagged,contact_pages,,,,,,valid=0; invalid=0; risky=0; unknown=0
8289,>30M,amandabray.com,yes,,,http://5yg11yyu87b.typeform.com/to/bYDwavBv,0,,,no_public_email_found,not_flagged,contact_pages,,,,,,valid=0; invalid=0; risky=0; unknown=0
8290,>30M,bestapps.com.br,no,,,,0,,,no_public_email_found,not_flagged,contact_pages,,,,,,valid=0; invalid=0; risky=0; unknown=0
8291,>30M,inglesdoseujeito.com,yes,,,,0,,,no_public_email_found,not_flagged,contact_pages,,,,,,valid=0; invalid=0; risky=0; unknown=0
8292,>30M,batiko.fr,yes,,,https://embed.typeform.com/ ; https://form.typeform.com/to/IocXB8TM,0,,plan-de-travail-1@3x.png,showing_email_candidates,not_flagged,contact_pages,,,,,,valid=0; invalid=0; risky=0; unknown=0
8293,>30M,kautsch.com,yes,,,https://umfrage-feedback.typeform.com/to/PQ6YomZv,0,,kautsch-logo-black-webshop_130x@2x.png ; kautsch-logo-black-webshop_150x@2x.png ; kautsch-logo-white-webshop_130x@2x.png ; kautsch-logo-white-webshop_150x@2x.png ; relax@kautsch.com,showing_email_candidates,not_flagged,contact_pages,,,,,,valid=0; invalid=0; risky=0; unknown=0
8294,>30M,itavmv.org,no,,,,0,,,no_public_email_found,not_flagged,contact_pages,,,,,,valid=0; invalid=0; risky=0; unknown=0
8295,>30M,gewerberecht.at,no,,,,0,,office@gewerberecht.at,showing_email_candidates,not_flagged,contact_pages,office@gewerberecht.at,,,,office@gewerberecht.at,valid=0; invalid=0; risky=0; unknown=1
8296,>30M,gabrielleni.com,no,,,,0,,,no_public_email_found,not_flagged,contact_pages,,,,,,valid=0; invalid=0; risky=0; unknown=0
8297,>30M,si-hon.net,no,,,,0,,,no_public_email_found,not_flagged,contact_pages,,,,,,valid=0; invalid=0; risky=0; unknown=0
8298,>30M,profootballinsiders.com,no,,,,0,,,no_public_email_found,not_flagged,contact_pages,,,,,,valid=0; invalid=0; risky=0; unknown=0
8299,>30M,goldenageads.com,yes,,,,0,,,no_public_email_found,not_flagged,contact_pages,,,,,,valid=0; invalid=0; risky=0; unknown=0
8300,>30M,knossosconsulting.com,no,,,,0,,arrafiorg@gmail.com ; gsap@3.12.5,showing_email_candidates,not_flagged,contact_pages,,,,,,valid=0; invalid=0; risky=0; unknown=0
8301,>30M,turquoisetruck.com,yes,,,,0,,andrea@turquoisetruck.com ; clipboard@2.0.6 ; contact@turquoisetruck.com ; drive4us@turquoisetruck.com,showing_email_candidates,not_flagged,contact_pages,contact@turquoisetruck.com,contact@turquoisetruck.com,,,,valid=1; invalid=0; risky=0; unknown=0
8302,>30M,umeme.net,yes,,,,0,,,no_public_email_found,not_flagged,contact_pages,,,,,,valid=0; invalid=0; risky=0; unknown=0
8303,>30M,webankpay.net,yes,,,,0,,,no_public_email_found,not_flagged,contact_pages,,,,,,valid=0; invalid=0; risky=0; unknown=0
8304,>30M,yoshida-home.net,no,,,,0,,,no_public_email_found,not_flagged,contact_pages,,,,,,valid=0; invalid=0; risky=0; unknown=0
8305,>30M,electricshoprecording.com,no,,,,0,,electricshoprecording@gmail.com ; filler@godaddy.com ; impallari@gmail.com ; team@latofonts.com,showing_email_candidates,not_flagged,contact_pages,,,,,,valid=0; invalid=0; risky=0; unknown=0
8306,>30M,cashforthai.com,yes,,,https://hp36gnubn3r.typeform.com/to/rxmFBp2w,0,,,no_public_email_found,not_flagged,contact_pages,,,,,,valid=0; invalid=0; risky=0; unknown=0
8307,>30M,sbpaintingservices.com,no,,,,0,,,no_public_email_found,not_flagged,contact_pages,,,,,,valid=0; invalid=0; risky=0; unknown=0
8308,>30M,docplus.me,no,,,,0,,info@docsplus.me,showing_email_candidates,not_flagged,contact_pages,,,,,,valid=0; invalid=0; risky=0; unknown=0
8309,>30M,miyauchi-setsubi.com,no,,,,0,,,no_public_email_found,not_flagged,contact_pages,,,,,,valid=0; invalid=0; risky=0; unknown=0
8310,>30M,ontimeprint.com,yes,,,https://gogoprint.typeform.com/to/wUeUrinu,0,,font@5.9.55,showing_email_candidates,not_flagged,contact_pages,,,,,,valid=0; invalid=0; risky=0; unknown=0
8311,>30M,ring33.com,no,,,,0,,hello@ring33.com,showing_email_candidates,not_flagged,contact_pages,hello@ring33.com,hello@ring33.com,,,,valid=1; invalid=0; risky=0; unknown=0
8312,>30M,bradleydavie.com,yes,,,,0,,,no_public_email_found,not_flagged,contact_pages,,,,,,valid=0; invalid=0; risky=0; unknown=0
8313,>30M,idrew.us,yes,,,https://dan404710.typeform.com/to/EfjgII ; https://embed.typeform.com/,0,,none@65x65.png ; support@doogma.com,showing_email_candidates,not_flagged,contact_pages,,,,,,valid=0; invalid=0; risky=0; unknown=0
8314,>30M,elizabeth-andrew.com,no,,,,0,,,no_public_email_found,not_flagged,contact_pages,,,,,,valid=0; invalid=0; risky=0; unknown=0
8315,>30M,archibalddental.ca,yes,,,https://embed.typeform.com/ ; https://revupgroup.typeform.com/to/m1bzFtLZ,0,,archibalddental@gmail.com,showing_email_candidates,not_flagged,contact_pages,,,,,,valid=0; invalid=0; risky=0; unknown=0
8316,>30M,staffingmarketing.com,yes,,,,0,,,no_public_email_found,not_flagged,contact_pages,,,,,,valid=0; invalid=0; risky=0; unknown=0
8317,>30M,kanzlei-kurz.info,yes,,,https://1iz7gafzap9.typeform.com/to/YZVAbOyZ,0,,info@kanzlei-kurz.info ; schlichtungsstelle@sdr.org,showing_email_candidates,not_flagged,contact_pages,info@kanzlei-kurz.info,,,,info@kanzlei-kurz.info,valid=0; invalid=0; risky=0; unknown=1
8318,>30M,koerierssoftware.nl,no,,,https://epywkylb528.typeform.com/ ; https://epywkylb528.typeform.com/to/LBufDrqz ; https://form.typeform.com/to/NSm1g0Te,0,,bootstrap-icons@1.11.3 ; info@mendrix.nl,showing_email_candidates,not_flagged,contact_pages,,,,,,valid=0; invalid=0; risky=0; unknown=0
8319,>30M,pillowsoft.com,no,,,,0,,contact@pillowsoft.com,showing_email_candidates,not_flagged,contact_pages,contact@pillowsoft.com,contact@pillowsoft.com,,,,valid=1; invalid=0; risky=0; unknown=0
8320,>30M,aus-krause.net,no,,,,0,,,no_public_email_found,not_flagged,contact_pages,,,,,,valid=0; invalid=0; risky=0; unknown=0
8321,>30M,homehope.org,no,,,,0,,,no_public_email_found,not_flagged,contact_pages,,,,,,valid=0; invalid=0; risky=0; unknown=0
8322,>30M,moralsrl.com,no,,,,0,,,no_public_email_found,not_flagged,contact_pages,,,,,,valid=0; invalid=0; risky=0; unknown=0
8323,>30M,heavenstudio.com.br,no,,,,0,,,no_public_email_found,not_flagged,contact_pages,,,,,,valid=0; invalid=0; risky=0; unknown=0
8324,>30M,ecosmartbuilders.com,no,,,,0,,,no_public_email_found,not_flagged,contact_pages,,,,,,valid=0; invalid=0; risky=0; unknown=0
8325,>30M,spartadentalassociates.com,yes,,,https://embed.typeform.com/ ; https://revupgroup.typeform.com/to/sQrpY0sl,0,,info@spartadentalassociates.com,showing_email_candidates,not_flagged,contact_pages,info@spartadentalassociates.com,,,,info@spartadentalassociates.com,valid=0; invalid=0; risky=0; unknown=1
8326,>30M,carlosparada.cl,yes,,,,0,,,no_public_email_found,not_flagged,contact_pages,,,,,,valid=0; invalid=0; risky=0; unknown=0
8327,>30M,aaronchoo.com,no,,,,0,,,no_public_email_found,not_flagged,contact_pages,,,,,,valid=0; invalid=0; risky=0; unknown=0
8328,>30M,teamazing.de,yes,,,https://embed.typeform.com/ ; https://teamazing.typeform.com/to/XykdSYjL,0,,dpo-google@google.com ; hello@teamazing.com,showing_email_candidates,not_flagged,contact_pages,,,,,,valid=0; invalid=0; risky=0; unknown=0
8329,>30M,srmseo.com,yes,,,,0,,,no_public_email_found,not_flagged,contact_pages,,,,,,valid=0; invalid=0; risky=0; unknown=0
8330,>30M,clubscottsdale.com,yes,,,https://form.typeform.com/to/yaoECq6H,0,,support@thescottsdalecarclub.com,showing_email_candidates,not_flagged,contact_pages,,,,,,valid=0; invalid=0; risky=0; unknown=0
8331,>30M,givebackfoundation.org,no,,,,0,,,no_public_email_found,not_flagged,contact_pages,,,,,,valid=0; invalid=0; risky=0; unknown=0
8332,>30M,imai-tax.com,no,,,,0,,,no_public_email_found,not_flagged,contact_pages,,,,,,valid=0; invalid=0; risky=0; unknown=0
8333,>30M,laurahiguita.com,yes,,,,0,,hola@laurahiguita.com,showing_email_candidates,not_flagged,contact_pages,,,,,,valid=0; invalid=0; risky=0; unknown=0
8334,>30M,aissinc.com,yes,,,https://envodigital.typeform.com/to/NWRBg3TX,0,,dwhitaker@aissinc.com,showing_email_candidates,not_flagged,contact_pages,,,,,,valid=0; invalid=0; risky=0; unknown=0
8335,>30M,cassandradittmer.com,yes,,,https://572davp9b49.typeform.com/to/v6SuCqY0 ; https://embed.typeform.com/ ; https://form.typeform.com/to/v6SuCqY0,0,,,no_public_email_found,not_flagged,contact_pages,,,,,,valid=0; invalid=0; risky=0; unknown=0
8336,>30M,la-nuit.de,yes,,,,0,,dpo-google@google.com ; gdpr@typeform.com,showing_email_candidates,not_flagged,contact_pages,,,,,,valid=0; invalid=0; risky=0; unknown=0
8337,>30M,chitrakathi.in,no,,,,0,,,no_public_email_found,not_flagged,contact_pages,,,,,,valid=0; invalid=0; risky=0; unknown=0
8338,>30M,artedia.eu,yes,,,https://5e4cdlfohi2.typeform.com/to/i5GCMIEd,0,,artedia@outlook.fr,showing_email_candidates,not_flagged,contact_pages,,,,,,valid=0; invalid=0; risky=0; unknown=0
8339,>30M,mertmann-bau.de,no,,,,0,,ad@meistermarke.design ; bg@mertmann-bau.de ; bs@mertmann-bau.de ; bt@mertmann-bau.de ; ck@mertmann-bau.de ; cp@mertmann-bau.de ; dr@mertmann-bau.de ; gb@mertmann-bau.de ; info@mertmann-bau.de ; ji@mertmann-bau.de ; ks@mertmann-bau.de ; kw@mertmann-bau.de ; ml@mertmann-bau.de ; ms@mertmann-bau.de ; nd@mertmann-bau.de ; ns@mertmann-bau.de ; rm@mertmann-bau.de ; sb@mertmann-bau.de ; tm@mertmann-bau.de ; wm@mertmann-bau.de,showing_email_candidates,not_flagged,contact_pages,info@mertmann-bau.de,,,,info@mertmann-bau.de,valid=0; invalid=0; risky=0; unknown=1
8340,>30M,pixelparade.co,yes,,,https://pixelparade.typeform.com/to/yW5tRi,0,,hello@pixelparade.co,showing_email_candidates,not_flagged,contact_pages,hello@pixelparade.co,hello@pixelparade.co,,,,valid=1; invalid=0; risky=0; unknown=0
8341,>30M,lostscifi.com,yes,,,,0,,scott@lostscifi.com,showing_email_candidates,not_flagged,contact_pages,,,,,,valid=0; invalid=0; risky=0; unknown=0
8342,>30M,advino.de,yes,,,https://form.typeform.com/to/NNIZaQNT,0,,kontakt@advino.de ; medium_logo@2x-300x97.png ; medium_logo@2x-kopie-300x72.png ; medium_logo@2x-kopie.png ; medium_logo@2x.png,showing_email_candidates,not_flagged,contact_pages,,,,,,valid=0; invalid=0; risky=0; unknown=0
8343,>30M,kuzugaya-koma-cl.net,no,,,,0,,,no_public_email_found,not_flagged,contact_pages,,,,,,valid=0; invalid=0; risky=0; unknown=0
8344,>30M,isacfoundation.org,yes,,,https://isacfoundation.typeform.com/,0,,support@isacfoundation.org,showing_email_candidates,not_flagged,contact_pages,support@isacfoundation.org,,,,support@isacfoundation.org,valid=0; invalid=0; risky=0; unknown=1
8345,>30M,industrie-energie.com,yes,,,https://9oaw3ltcj82.typeform.com/to/ZRhZ9V3u,0,,info@landerer-elektro.de,showing_email_candidates,not_flagged,contact_pages,,,,,,valid=0; invalid=0; risky=0; unknown=0
8346,>30M,adrianalcaide.com,yes,,,https://form.typeform.com/to/GP6O9Ddi,0,,adrian@adrianalcaide.com,showing_email_candidates,not_flagged,contact_pages,,,,,,valid=0; invalid=0; risky=0; unknown=0
8347,>30M,menoflegacy.com,yes,,,https://johnmichaelperla.typeform.com/to/EWNjgCNh,0,,,no_public_email_found,not_flagged,contact_pages,,,,,,valid=0; invalid=0; risky=0; unknown=0
8348,>30M,gdhuazhuang.com,no,,,,0,,,no_public_email_found,not_flagged,contact_pages,,,,,,valid=0; invalid=0; risky=0; unknown=0
8349,>30M,fortuna-finanz.com,yes,,,https://ono1gdx9wsk.typeform.com/to/VKzgjyKO,0,,info@fortunafinanz.com,showing_email_candidates,not_flagged,contact_pages,,,,,,valid=0; invalid=0; risky=0; unknown=0
8350,>30M,healthpromotionresearch.org,no,,,,0,,,no_public_email_found,not_flagged,contact_pages,,,,,,valid=0; invalid=0; risky=0; unknown=0
8351,>30M,batikkencanaungu.net,no,,,,0,,,no_public_email_found,not_flagged,contact_pages,,,,,,valid=0; invalid=0; risky=0; unknown=0
8352,>30M,faceofinspiration.com,yes,,,https://americanbreastcare.typeform.com/to/fRsYkWnz,0,,,no_public_email_found,not_flagged,contact_pages,,,,,,valid=0; invalid=0; risky=0; unknown=0
8353,>30M,casaderepousovida.com.br,yes,,,https://ralphboulala.typeform.com/to/cj5Osr,0,,elisasobrinho@gmail.com,showing_email_candidates,not_flagged,contact_pages,,,,,,valid=0; invalid=0; risky=0; unknown=0
8354,>30M,pontua.com.br,yes,,,https://pontua.typeform.com/to/uFgM6Bis,0,,intl-tel-input@17.0.18 ; oi@pontua.com.br,showing_email_candidates,not_flagged,contact_pages,,,,,,valid=0; invalid=0; risky=0; unknown=0
8355,>30M,mariafinleylaw.com,yes,,,https://starlineventures.typeform.com/to/vzsKWl,0,,marfinley@aol.com,showing_email_candidates,not_flagged,contact_pages,,,,,,valid=0; invalid=0; risky=0; unknown=0
8356,>30M,somerce.com,yes,,,https://form.typeform.com/to/ByTOFJt1,0,,careers@somerce.com ; hello@somerce.com ; sales@somerce.com,showing_email_candidates,not_flagged,contact_pages,careers@somerce.com ; hello@somerce.com ; sales@somerce.com,careers@somerce.com ; hello@somerce.com,,,sales@somerce.com,valid=2; invalid=0; risky=0; unknown=1
8357,>30M,executivecoachingbootcamp.com,yes,,,https://form.typeform.com/to/nsAaI9Mb,0,,info@executivecoachingbootcamp.com ; intl-tel-input@17.0.18,showing_email_candidates,not_flagged,contact_pages,info@executivecoachingbootcamp.com,,,,info@executivecoachingbootcamp.com,valid=0; invalid=0; risky=0; unknown=1
8358,>30M,octanemotors.com.br,yes,,,,0,,,no_public_email_found,not_flagged,contact_pages,,,,,,valid=0; invalid=0; risky=0; unknown=0
8359,>30M,media360agency.com,no,,,,0,,,no_public_email_found,not_flagged,contact_pages,,,,,,valid=0; invalid=0; risky=0; unknown=0
8360,>30M,atlasclaimsinvestigation.com,yes,,,,0,,support@atlasclaims.com,showing_email_candidates,not_flagged,contact_pages,,,,,,valid=0; invalid=0; risky=0; unknown=0
8361,>30M,republicstadium.com,no,,,https://sacrepublicfc.typeform.com/,0,,bhastings@sacrepublicfc.com,showing_email_candidates,not_flagged,contact_pages,,,,,,valid=0; invalid=0; risky=0; unknown=0
8362,>30M,heysister.com,no,,,,0,,,no_public_email_found,not_flagged,contact_pages,,,,,,valid=0; invalid=0; risky=0; unknown=0
8363,>30M,s-jinou.com,no,,,,0,,,no_public_email_found,not_flagged,contact_pages,,,,,,valid=0; invalid=0; risky=0; unknown=0
8364,>30M,rockstar.gr,no,,,,0,,,no_public_email_found,not_flagged,contact_pages,,,,,,valid=0; invalid=0; risky=0; unknown=0
8365,>30M,jixaw.com,no,,,,0,,,no_public_email_found,not_flagged,contact_pages,,,,,,valid=0; invalid=0; risky=0; unknown=0
8366,>30M,redmedia.org,no,,,,0,,,no_public_email_found,not_flagged,contact_pages,,,,,,valid=0; invalid=0; risky=0; unknown=0
8367,>30M,vacuumpumps.com.au,yes,,,https://embed.typeform.com/ ; https://form.typeform.com/to/ODBMP0ML,0,,sales@pumpair.com.au,showing_email_candidates,not_flagged,contact_pages,,,,,,valid=0; invalid=0; risky=0; unknown=0
8368,>30M,lifeinsurancesecrets.com,no,,,,0,,flags@2x.png,showing_email_candidates,not_flagged,contact_pages,,,,,,valid=0; invalid=0; risky=0; unknown=0
8369,>30M,soulpurposeinstitute.com,no,,,,0,,,no_public_email_found,not_flagged,contact_pages,,,,,,valid=0; invalid=0; risky=0; unknown=0
8370,>30M,lonestarlive.com,yes,,,,0,,,no_public_email_found,not_flagged,contact_pages,,,,,,valid=0; invalid=0; risky=0; unknown=0
8371,>30M,lescalator.com,no,,,,0,,contact@lescalator.com,showing_email_candidates,not_flagged,contact_pages,contact@lescalator.com,contact@lescalator.com,,,,valid=1; invalid=0; risky=0; unknown=0
8372,>30M,meikokai.com,no,,,,0,,,no_public_email_found,not_flagged,contact_pages,,,,,,valid=0; invalid=0; risky=0; unknown=0
8373,>30M,etytan.pl,no,,,,0,,,no_public_email_found,not_flagged,contact_pages,,,,,,valid=0; invalid=0; risky=0; unknown=0
8374,>30M,itsachoice.com,no,,,,0,,,no_public_email_found,not_flagged,contact_pages,,,,,,valid=0; invalid=0; risky=0; unknown=0
8375,>30M,primehall.com,no,,,,0,,2062d0a4929b45348643784b5cb39c36@sentry.wixpress.com ; 271e9fa3230b4eec94b02bf95780f5f2@sentry.wixpress.com ; 460ff4620fa44cba8df530afde949785@sentry.wixpress.com ; 463991d7bca24f02a0baf16f9e6eda73@sentry.wixpress.com ; 605a7baede844d278b89dc95ae0a9123@sentry-next.wixpress.com ; 78f7996315bc402f9dcb8a2f974b82d1@sentry.wixpress.com ; 88170cb0c9d64f94b5821ca7fd2d55a4@sentry-next.wixpress.com ; 8c4075d5481d476e945486754f783364@sentry.io ; 8eb368c655b84e029ed79ad7a5c1718e@sentry.wixpress.com ; 9a65e97ebe8141fca0c4fd686f70996b@sentry.wixpress.com ; bfb679c754744c58a7374ee6e25cfc13@sentry.wixpress.com ; c183baa23371454f99f417f6616b724d@sentry.wixpress.com ; core-js-bundle@3.2.1 ; dd0a55ccb8124b9c9d938e3acf41f8aa@sentry.wixpress.com ; ed436f5053144538958ad06a5005e99a@sentry.wixpress.com ; focus-within-polyfill@5.0.9 ; info@primehall.com ; intl-segmenter@11.7.10 ; lodash@4.17.23 ; react-dom@18.3.1 ; react@18.3.1 ; rspack@1.6.8,showing_email_candidates,not_flagged,contact_pages,info@primehall.com,,,,info@primehall.com,valid=0; invalid=0; risky=0; unknown=1
8376,>30M,marketinggolf.com.au,yes,,,https://form.typeform.com/to/X3iBTmmo,0,,mariela@marketinggolf.com.au,showing_email_candidates,not_flagged,contact_pages,,,,,,valid=0; invalid=0; risky=0; unknown=0
8377,>30M,picture-box.net,yes,,,https://form.typeform.com/to/N3Oo81vy,0,,contact@picturebox.fr ; plan-de-travail-11-copie-7@4x-1024x234.png ; plan-de-travail-11-copie-7@4x-1536x350.png ; plan-de-travail-11-copie-7@4x-2048x467.png ; plan-de-travail-11-copie-7@4x-300x68.png ; plan-de-travail-11-copie-7@4x-768x175.png ; plan-de-travail-11-copie-7@4x.png,showing_email_candidates,not_flagged,contact_pages,,,,,,valid=0; invalid=0; risky=0; unknown=0
8378,>30M,interiordesignmarketing.com,yes,,,,0,,,no_public_email_found,not_flagged,contact_pages,,,,,,valid=0; invalid=0; risky=0; unknown=0
8379,>30M,nakamura-t.com,no,,,,0,,,no_public_email_found,not_flagged,contact_pages,,,,,,valid=0; invalid=0; risky=0; unknown=0
8380,>30M,drjasonreingold.com,no,,,,0,,,no_public_email_found,not_flagged,contact_pages,,,,,,valid=0; invalid=0; risky=0; unknown=0
8381,>30M,senso.it,yes,,,,0,,,no_public_email_found,not_flagged,contact_pages,,,,,,valid=0; invalid=0; risky=0; unknown=0
8382,>30M,launchmyproject.com,yes,,,https://embed.typeform.com/ ; https://sampl.typeform.com/to/O48wEW,0,,,no_public_email_found,not_flagged,contact_pages,,,,,,valid=0; invalid=0; risky=0; unknown=0
8383,>30M,dealerkit.com,no,,,,0,,,no_public_email_found,not_flagged,contact_pages,,,,,,valid=0; invalid=0; risky=0; unknown=0
8384,>30M,alvoeventos.com.br,yes,,,https://alvoeventos.typeform.com/to/U1QSjR,0,,alvo@alvoeventos.com.br,showing_email_candidates,not_flagged,contact_pages,,,,,,valid=0; invalid=0; risky=0; unknown=0
8385,>30M,komorebi-kaigo.com,no,,,,0,,,no_public_email_found,not_flagged,contact_pages,,,,,,valid=0; invalid=0; risky=0; unknown=0
8386,>30M,sambacisse.com,yes,,,https://embed.typeform.com/ ; https://obeninteractive.typeform.com/to/HsEd4H,0,,,no_public_email_found,not_flagged,contact_pages,,,,,,valid=0; invalid=0; risky=0; unknown=0
8387,>30M,soyraul.com,yes,,,,0,,raul.1088@gmail.com ; tu@correo.com,showing_email_candidates,not_flagged,contact_pages,,,,,,valid=0; invalid=0; risky=0; unknown=0
8388,>30M,ornami.com,yes,,,https://form.typeform.com/to/fkYIYKDj,0,,ornami-logo_186x@2x.png,showing_email_candidates,not_flagged,contact_pages,,,,,,valid=0; invalid=0; risky=0; unknown=0
8389,>30M,bidbb.com,no,,,,0,,mail@bidbb.com ; shipping@bidbb.com ; stories@bidbb.com,showing_email_candidates,not_flagged,contact_pages,,,,,,valid=0; invalid=0; risky=0; unknown=0
8390,>30M,penasehathukum.com,no,,,,0,,,no_public_email_found,not_flagged,contact_pages,,,,,,valid=0; invalid=0; risky=0; unknown=0
8391,>30M,aerts-vet.com,no,,,,0,,,no_public_email_found,not_flagged,contact_pages,,,,,,valid=0; invalid=0; risky=0; unknown=0
8392,>30M,flaviaedaniel.com.br,no,,,https://embed.typeform.com/,0,,,no_public_email_found,not_flagged,contact_pages,,,,,,valid=0; invalid=0; risky=0; unknown=0
8393,>30M,davidginsbergmd.com,no,,,,0,,,no_public_email_found,not_flagged,contact_pages,,,,,,valid=0; invalid=0; risky=0; unknown=0
8394,>30M,hiroko-dc.com,no,,,,0,,,no_public_email_found,not_flagged,contact_pages,,,,,,valid=0; invalid=0; risky=0; unknown=0
8395,>30M,redshoesrecords.com,no,,,,0,,hello@redshoesrecords.com ; redshoesrecords_logo-100x100@2x-100x100.png ; redshoesrecords_logo-100x100@2x-150x150.png ; redshoesrecords_logo-100x100@2x.png ; redshoesrecords_logo120x120_white@2x.png ; redshoesrecords_logo120x120_white@2x.webp ; submissions@redshoesrecords.com,showing_email_candidates,not_flagged,contact_pages,hello@redshoesrecords.com,,hello@redshoesrecords.com,,,valid=0; invalid=1; risky=0; unknown=0
8396,>30M,jaxconf.org,no,,,,0,,,no_public_email_found,not_flagged,contact_pages,,,,,,valid=0; invalid=0; risky=0; unknown=0
8397,>30M,botario.com,no,,,https://embed.typeform.com/,0,,info@botario.com,showing_email_candidates,not_flagged,contact_pages,info@botario.com,,,,info@botario.com,valid=0; invalid=0; risky=0; unknown=1
8398,>30M,ssa-web.com,no,,,,0,,ssa@10x-150x150.png ; ssa@10x-271x300.png ; ssa@10x-768x851.png ; ssa@10x.png,showing_email_candidates,not_flagged,contact_pages,,,,,,valid=0; invalid=0; risky=0; unknown=0
8399,>30M,prep-connect.com,no,,,https://b4nsvjr4olo.typeform.com/,0,,,no_public_email_found,not_flagged,contact_pages,,,,,,valid=0; invalid=0; risky=0; unknown=0
8400,>30M,builtbykate.com,no,,,,0,,,no_public_email_found,not_flagged,contact_pages,,,,,,valid=0; invalid=0; risky=0; unknown=0
8401,>30M,artifaktmedia.com,no,,,,0,,,no_public_email_found,not_flagged,contact_pages,,,,,,valid=0; invalid=0; risky=0; unknown=0
8402,>30M,freie-waehler-rottweil.de,no,,,,0,,,no_public_email_found,not_flagged,contact_pages,,,,,,valid=0; invalid=0; risky=0; unknown=0
8403,>30M,donkitter.com,no,,,,0,,,no_public_email_found,not_flagged,contact_pages,,,,,,valid=0; invalid=0; risky=0; unknown=0
8404,>30M,ebenisterie-bastien.com,no,,,,0,,ebenisteriebastien@yahoo.fr,showing_email_candidates,not_flagged,contact_pages,,,,,,valid=0; invalid=0; risky=0; unknown=0
8405,>30M,acemywealth.com,yes,,,,0,,,no_public_email_found,not_flagged,contact_pages,,,,,,valid=0; invalid=0; risky=0; unknown=0
8406,>30M,leadersclub.at,no,,,,0,,,no_public_email_found,not_flagged,contact_pages,,,,,,valid=0; invalid=0; risky=0; unknown=0
8407,>30M,cliquebeauty.com,yes,,,,0,,,no_public_email_found,not_flagged,contact_pages,,,,,,valid=0; invalid=0; risky=0; unknown=0
8408,>30M,ollyhermontaylor.com,yes,,,https://olly43.typeform.com/to/yEOl8tRp,0,,,no_public_email_found,not_flagged,contact_pages,,,,,,valid=0; invalid=0; risky=0; unknown=0
8409,>30M,regeneration.eu,no,,,,0,,,no_public_email_found,not_flagged,contact_pages,,,,,,valid=0; invalid=0; risky=0; unknown=0
8410,>30M,nataliaedaniel.com.br,no,,,,0,,,no_public_email_found,not_flagged,contact_pages,,,,,,valid=0; invalid=0; risky=0; unknown=0
8411,>30M,justuscollective.com,yes,,,https://justuscollective.typeform.com/to/O1A4aO,0,,,no_public_email_found,not_flagged,contact_pages,,,,,,valid=0; invalid=0; risky=0; unknown=0
8412,>30M,managertraining.co,yes,,,https://form.typeform.com/to/xjcWvucp,0,,nmanagertraining.co@gmail.com,showing_email_candidates,not_flagged,contact_pages,,,,,,valid=0; invalid=0; risky=0; unknown=0
8413,>30M,ringgoldchurch.com,no,,,,0,,,no_public_email_found,not_flagged,contact_pages,,,,,,valid=0; invalid=0; risky=0; unknown=0
8414,>30M,vendorcall.com,yes,,,,0,,jane@company.com ; support@vendorcall.com,showing_email_candidates,not_flagged,contact_pages,support@vendorcall.com,,,,support@vendorcall.com,valid=0; invalid=0; risky=0; unknown=1
8415,>30M,dj-collective.com,yes,,,http://vervnv6e8l8.typeform.com/to/UPkVrt7d ; https://vervnv6e8l8.typeform.com/to/UPkVrt7d,0,,,no_public_email_found,not_flagged,contact_pages,,,,,,valid=0; invalid=0; risky=0; unknown=0
8416,>30M,helenabianchi.com,yes,,,https://form.typeform.com/to/OfsA7fsa,0,,helena@bianchivibranthealth.com,showing_email_candidates,not_flagged,contact_pages,,,,,,valid=0; invalid=0; risky=0; unknown=0
8417,>30M,spinel.jp,no,,,,0,,,no_public_email_found,not_flagged,contact_pages,,,,,,valid=0; invalid=0; risky=0; unknown=0
8418,>30M,freedomthrufood.com,yes,,,https://form.typeform.com/to/YM6ESy,0,,,no_public_email_found,not_flagged,contact_pages,,,,,,valid=0; invalid=0; risky=0; unknown=0
8419,>30M,subventionsenligne.fr,no,,,,0,,,no_public_email_found,not_flagged,contact_pages,,,,,,valid=0; invalid=0; risky=0; unknown=0
8420,>30M,aureamater.com,yes,,,https://form.typeform.com/to/PxNs2gmV ; https://form.typeform.com/to/vvBRCYS0,0,,,no_public_email_found,not_flagged,contact_pages,,,,,,valid=0; invalid=0; risky=0; unknown=0
8421,>30M,coventlab.com,no,,,,0,,,no_public_email_found,not_flagged,contact_pages,,,,,,valid=0; invalid=0; risky=0; unknown=0
8422,>30M,globalimpactaward.org,yes,,,https://form.typeform.com/to/AfbXwYzL,0,,info@globalimpactaward.org,showing_email_candidates,not_flagged,contact_pages,info@globalimpactaward.org,,,,info@globalimpactaward.org,valid=0; invalid=0; risky=0; unknown=1
8423,>30M,promediasystems.com,yes,,,https://2a8yfcnsrsp.typeform.com/to/JJ9mzrNi,0,,info@promediasystems.com,showing_email_candidates,not_flagged,contact_pages,info@promediasystems.com,,,,info@promediasystems.com,valid=0; invalid=0; risky=0; unknown=1
8424,>30M,recydata.be,no,,,,0,,info@recydata.be,showing_email_candidates,not_flagged,contact_pages,info@recydata.be,,,,info@recydata.be,valid=0; invalid=0; risky=0; unknown=1
8425,>30M,edvinicombe.com,yes,,,https://ed76.typeform.com/to/DMQqlvyD,0,,,no_public_email_found,not_flagged,contact_pages,,,,,,valid=0; invalid=0; risky=0; unknown=0
8426,>30M,poppools.com,no,,,,0,,mike@poppools.com,showing_email_candidates,not_flagged,contact_pages,,,,,,valid=0; invalid=0; risky=0; unknown=0
8427,>30M,autalert.com,yes,,,,0,,,no_public_email_found,not_flagged,contact_pages,,,,,,valid=0; invalid=0; risky=0; unknown=0
8428,>30M,sbxi.com,yes,,,https://sbxi.typeform.com/to/qZgyjz96,0,,lenis@1.0.36 ; robert@sbxi.com,showing_email_candidates,not_flagged,contact_pages,,,,,,valid=0; invalid=0; risky=0; unknown=0
8429,>30M,talktopeople.com,yes,,,,0,,,no_public_email_found,not_flagged,contact_pages,,,,,,valid=0; invalid=0; risky=0; unknown=0
8430,>30M,unica-group.it,no,,,,0,,,no_public_email_found,not_flagged,contact_pages,,,,,,valid=0; invalid=0; risky=0; unknown=0
8431,>30M,blacklabelcapital.com,no,,,,0,,accounting@blacklabelcapital.com ; blarock@blacklabelcapital.com ; bmann@blacklabelcapital.com ; contact@aaplonline.com ; hr@blacklabelcapital.com ; info@blacklabelcapital.com ; jmolepske@blacklabelcapital.com ; support@sitewire.co,showing_email_candidates,not_flagged,contact_pages,hr@blacklabelcapital.com ; info@blacklabelcapital.com,hr@blacklabelcapital.com,,,info@blacklabelcapital.com,valid=1; invalid=0; risky=0; unknown=1
8432,>30M,wasou-tatami.com,no,,,,0,,,no_public_email_found,not_flagged,contact_pages,,,,,,valid=0; invalid=0; risky=0; unknown=0
8433,>30M,kawamata-kodomo.com,no,,,,0,,,no_public_email_found,not_flagged,contact_pages,,,,,,valid=0; invalid=0; risky=0; unknown=0
8434,>30M,yunohana.com,no,,,,0,,,no_public_email_found,not_flagged,contact_pages,,,,,,valid=0; invalid=0; risky=0; unknown=0
8435,>30M,brandel-kollegen.de,yes,,,https://1iz7gafzap9.typeform.com/to/u8lDuQ7F,0,,kanzlei@brandel-kollegen.de ; post@stbk-nordbaden.de,showing_email_candidates,not_flagged,contact_pages,,,,,,valid=0; invalid=0; risky=0; unknown=0
8436,>30M,jonathanlazar.com,no,,,,0,,hi@jonathanlazar.com,showing_email_candidates,not_flagged,contact_pages,,,,,,valid=0; invalid=0; risky=0; unknown=0
8437,>30M,christchurchinsurance.co.nz,no,,,,0,,admin@cicfinancial.nz,showing_email_candidates,not_flagged,contact_pages,,,,,,valid=0; invalid=0; risky=0; unknown=0
8438,>30M,lifeline-group.com,no,,,,0,,,no_public_email_found,not_flagged,contact_pages,,,,,,valid=0; invalid=0; risky=0; unknown=0
8439,>30M,venturelab.biz,yes,,,,0,,,no_public_email_found,not_flagged,contact_pages,,,,,,valid=0; invalid=0; risky=0; unknown=0
8440,>30M,theamericancouncil.com,yes,,,,0,,jessica@theamericancouncil.com ; team@our-unknown-website.com,showing_email_candidates,not_flagged,contact_pages,,,,,,valid=0; invalid=0; risky=0; unknown=0
8441,>30M,ukigaya.com,no,,,,0,,,no_public_email_found,not_flagged,contact_pages,,,,,,valid=0; invalid=0; risky=0; unknown=0
8442,>30M,exergia.es,yes,,,https://form.typeform.com/to/DEgzIy6x,0,,info@exergia.es,showing_email_candidates,not_flagged,contact_pages,info@exergia.es,,,,info@exergia.es,valid=0; invalid=0; risky=0; unknown=1
8443,>30M,woodpop.eu,yes,,,https://form.typeform.com/to/t2pZHWAm,0,,contact@woodpop.eu,showing_email_candidates,not_flagged,contact_pages,contact@woodpop.eu,contact@woodpop.eu,,,,valid=1; invalid=0; risky=0; unknown=0
8444,>30M,newgenerationmarketing.it,yes,,,,0,,info@newgenerationmarketing.it,showing_email_candidates,not_flagged,contact_pages,info@newgenerationmarketing.it,,,,info@newgenerationmarketing.it,valid=0; invalid=0; risky=0; unknown=1
8445,>30M,eastlakeinsurance.com,yes,,,https://gloveboxapp.typeform.com/to/CPBK6jcQ,0,,eastlakeinsurance@sbcglobal.net ; mary@eastlakeinsurance.com,showing_email_candidates,not_flagged,contact_pages,,,,,,valid=0; invalid=0; risky=0; unknown=0
8446,>30M,arakawa-kometen.com,no,,,,0,,,no_public_email_found,not_flagged,contact_pages,,,,,,valid=0; invalid=0; risky=0; unknown=0
8447,>30M,sayitinigbo.com,no,,,,0,,,no_public_email_found,not_flagged,contact_pages,,,,,,valid=0; invalid=0; risky=0; unknown=0
8448,>30M,riggain.com,no,,,https://riggain.typeform.com/,0,,info@riggain.com,showing_email_candidates,not_flagged,contact_pages,info@riggain.com,,,,info@riggain.com,valid=0; invalid=0; risky=0; unknown=1
8449,>30M,tonyblount.com,no,,,,0,,tonyblount@me.com,showing_email_candidates,not_flagged,contact_pages,,,,,,valid=0; invalid=0; risky=0; unknown=0
8450,>30M,girigame.com,yes,,,,0,,,no_public_email_found,not_flagged,contact_pages,,,,,,valid=0; invalid=0; risky=0; unknown=0
8451,>30M,siloamtrinity.com,no,,,,0,,,no_public_email_found,not_flagged,contact_pages,,,,,,valid=0; invalid=0; risky=0; unknown=0
8452,>30M,jmahe.com,no,,,,0,,,no_public_email_found,not_flagged,contact_pages,,,,,,valid=0; invalid=0; risky=0; unknown=0
8453,>30M,deltadiscoverytours.com,no,,,,0,,deltadiscoverytour@gmail.com,showing_email_candidates,not_flagged,contact_pages,,,,,,valid=0; invalid=0; risky=0; unknown=0
8454,>30M,lifecapital.com,yes,,,,0,,,no_public_email_found,not_flagged,contact_pages,,,,,,valid=0; invalid=0; risky=0; unknown=0
8455,>30M,kaiserasesores.com,no,,,,0,,,no_public_email_found,not_flagged,contact_pages,,,,,,valid=0; invalid=0; risky=0; unknown=0
8456,>30M,laneblack.com,yes,,,https://dianarlane.typeform.com/to/HNiB5qEq ; https://dianarlane.typeform.com/to/LsxtTZXJ ; https://dianarlane.typeform.com/to/YJjGTmZx ; https://dianarlane.typeform.com/to/ynPVuAKO ; https://laneblack.typeform.com/to/ecQu2xy7 ; https://laneblack.typeform.com/to/URnbriij ; https://laneblack.typeform.com/to/v5SWLyIS ; https://laneblack.typeform.com/to/YJjGTmZx ; https://laneblack.typeform.com/to/zyNtmF8a,0,,,no_public_email_found,not_flagged,contact_pages,,,,,,valid=0; invalid=0; risky=0; unknown=0
8457,>30M,zeirisi-takano.com,no,,,,0,,,no_public_email_found,not_flagged,contact_pages,,,,,,valid=0; invalid=0; risky=0; unknown=0
8458,>30M,rodrigoeanacarolina.com.br,no,,,,0,,,no_public_email_found,not_flagged,contact_pages,,,,,,valid=0; invalid=0; risky=0; unknown=0
8459,>30M,bradfordgibbons.com,yes,,,,0,,,no_public_email_found,not_flagged,contact_pages,,,,,,valid=0; invalid=0; risky=0; unknown=0
8460,>30M,acupuncturistmarketing.com,yes,,,,0,,,no_public_email_found,not_flagged,contact_pages,,,,,,valid=0; invalid=0; risky=0; unknown=0
8461,>30M,humandeluxe.com,no,,,,0,,hi@humandeluxe.com,showing_email_candidates,not_flagged,contact_pages,,,,,,valid=0; invalid=0; risky=0; unknown=0
8462,>30M,deinwasser.de,no,,,https://admin.typeform.com/to/dwk6gt,0,,info@deinwasser.de ; poststelle@datenschutz.rlp.de,showing_email_candidates,not_flagged,contact_pages,info@deinwasser.de,,,,info@deinwasser.de,valid=0; invalid=0; risky=0; unknown=1
8463,>30M,biomedcentral.eu,yes,,,,0,,,no_public_email_found,not_flagged,contact_pages,,,,,,valid=0; invalid=0; risky=0; unknown=0
8464,>30M,unimedios.cl,no,,,,0,,example@mail.com,showing_email_candidates,not_flagged,contact_pages,,,,,,valid=0; invalid=0; risky=0; unknown=0
8465,>30M,circyoular.nl,yes,,,,0,,info@circyoular.de ; info@circyoular.nl,showing_email_candidates,not_flagged,contact_pages,info@circyoular.nl,,,,info@circyoular.nl,valid=0; invalid=0; risky=0; unknown=1
8466,>30M,coloradoseniorgames.org,no,,,,0,,andie@thesportscorp.org ; chosen-sprite@2x.png ; coseniorgames@thesportscorp.org,showing_email_candidates,not_flagged,contact_pages,,,,,,valid=0; invalid=0; risky=0; unknown=0
8467,>30M,lacepartners.com,no,,,https://api.typeform.com/ ; https://embed.typeform.com/ ; https://form.typeform.com/,0,,info@lacepartners.com,showing_email_candidates,not_flagged,contact_pages,info@lacepartners.com,,,,info@lacepartners.com,valid=0; invalid=0; risky=0; unknown=1
8468,>30M,farmsites.com,yes,,,,0,,,no_public_email_found,not_flagged,contact_pages,,,,,,valid=0; invalid=0; risky=0; unknown=0
8469,>30M,austroantik.com,no,,,,0,,,no_public_email_found,not_flagged,contact_pages,,,,,,valid=0; invalid=0; risky=0; unknown=0
8470,>30M,steelservicesgrinding.com,no,,,,0,,,no_public_email_found,not_flagged,contact_pages,,,,,,valid=0; invalid=0; risky=0; unknown=0
8471,>30M,girlworkit.com,yes,,,https://form.typeform.com/to/tf04UrWr,0,,,no_public_email_found,not_flagged,contact_pages,,,,,,valid=0; invalid=0; risky=0; unknown=0
8472,>30M,skynails.net,no,,,,0,,,no_public_email_found,not_flagged,contact_pages,,,,,,valid=0; invalid=0; risky=0; unknown=0
8473,>30M,testforallergies.com,no,,,,0,,,no_public_email_found,not_flagged,contact_pages,,,,,,valid=0; invalid=0; risky=0; unknown=0
8474,>30M,dogge-atlantis.at,no,,,,0,,,no_public_email_found,not_flagged,contact_pages,,,,,,valid=0; invalid=0; risky=0; unknown=0
8475,>30M,poweredliving.com,yes,,,https://xzz0s9lstbn.typeform.com/to/AHe2N4ks,0,,events@poweredliving.com ; office@poweredliving.com,showing_email_candidates,not_flagged,contact_pages,office@poweredliving.com,,,,office@poweredliving.com,valid=0; invalid=0; risky=0; unknown=1
8476,>30M,koeriersoftware.nl,no,,,https://epywkylb528.typeform.com/ ; https://epywkylb528.typeform.com/to/LBufDrqz ; https://form.typeform.com/to/NSm1g0Te,0,,bootstrap-icons@1.11.3 ; info@mendrix.nl,showing_email_candidates,not_flagged,contact_pages,,,,,,valid=0; invalid=0; risky=0; unknown=0
8477,>30M,cefquebec.com,yes,,,https://ivhtn4lees4.typeform.com/to/gzL958um,0,,,no_public_email_found,not_flagged,contact_pages,,,,,,valid=0; invalid=0; risky=0; unknown=0
8478,>30M,addictionmindset.com,no,,,,0,,flags@2x.png,showing_email_candidates,not_flagged,contact_pages,,,,,,valid=0; invalid=0; risky=0; unknown=0
8479,>30M,fairlegal.com,no,,,,0,,,no_public_email_found,not_flagged,contact_pages,,,,,,valid=0; invalid=0; risky=0; unknown=0
8480,>30M,swellforgood.com,no,,,,0,,,no_public_email_found,not_flagged,contact_pages,,,,,,valid=0; invalid=0; risky=0; unknown=0
8481,>30M,sneeuwstorm.com,yes,,,https://embed.typeform.com/ ; https://travelbase.pro.typeform.com/to/iDK2tCMr ; https://travelbase.typeform.com/to/iDK2tCMr,0,,d020ffd2748b1ad387ba8eb63675f2ac@o4505114921795584.ingest.us.sentry.io ; info@sneeuwstorm.com,showing_email_candidates,not_flagged,contact_pages,info@sneeuwstorm.com,,,,info@sneeuwstorm.com,valid=0; invalid=0; risky=0; unknown=1
8482,>30M,bisikletlikadin.com,yes,,,https://ufukaydn.typeform.com/to/g4GY2U,0,,bki@bisikletlikadin.com,showing_email_candidates,not_flagged,contact_pages,,,,,,valid=0; invalid=0; risky=0; unknown=0
8483,>30M,dedelow.de,no,,,,0,,,no_public_email_found,not_flagged,contact_pages,,,,,,valid=0; invalid=0; risky=0; unknown=0
8484,>30M,brancastermarketing.com,yes,,,https://form.typeform.com/to/dkrIplpR,0,,hello@bmincpromo.com ; info@bmincpromo.com,showing_email_candidates,not_flagged,contact_pages,,,,,,valid=0; invalid=0; risky=0; unknown=0
8485,>30M,argumenta.es,yes,,,https://embed.typeform.com/ ; https://form.typeform.com/to/VEnRQqsE,0,,,no_public_email_found,not_flagged,contact_pages,,,,,,valid=0; invalid=0; risky=0; unknown=0
8486,>30M,darrinrobinson.com,yes,,,https://ykap4e75xj7.typeform.com/to/xBrndOOn,0,,darrin-white-logo@2x-1280x357.png ; darrin-white-logo@2x-1280x357.png.webp ; darrin-white-logo@2x-480x134.png ; darrin-white-logo@2x-480x134.png.webp ; darrin-white-logo@2x-980x273.png ; darrin-white-logo@2x-980x273.png.webp ; darrin-white-logo@2x.png ; darrin-white-logo@2x.png.webp,showing_email_candidates,not_flagged,contact_pages,,,,,,valid=0; invalid=0; risky=0; unknown=0
8487,>30M,professionalsnetwork.org,no,,,,0,,,no_public_email_found,not_flagged,contact_pages,,,,,,valid=0; invalid=0; risky=0; unknown=0
8488,>30M,motivajob.com,yes,,,https://motivajob.typeform.com/to/NPClD2WH ; https://motivajob.typeform.com/to/nr9XFJw1,0,,,no_public_email_found,not_flagged,contact_pages,,,,,,valid=0; invalid=0; risky=0; unknown=0
8489,>30M,csentertainment.net,yes,,,https://form.typeform.com/to/wtvwTcyG,0,,commentsectiondjs@gmail.com ; info@csentertainment.net,showing_email_candidates,not_flagged,contact_pages,info@csentertainment.net,,,,info@csentertainment.net,valid=0; invalid=0; risky=0; unknown=1
8490,>30M,hopeprotocols.com,yes,,,,0,,,no_public_email_found,not_flagged,contact_pages,,,,,,valid=0; invalid=0; risky=0; unknown=0
8491,>30M,noirmarket.com,no,,,,0,,,no_public_email_found,not_flagged,contact_pages,,,,,,valid=0; invalid=0; risky=0; unknown=0
8492,>30M,brandsgroup-international.de,no,,,,0,,,no_public_email_found,not_flagged,contact_pages,,,,,,valid=0; invalid=0; risky=0; unknown=0
8493,>30M,kc-dentist.com,yes,,,https://embed.typeform.com/ ; https://revupgroup.typeform.com/to/Wp56BIUu,0,,office@kc-dentist.com,showing_email_candidates,not_flagged,contact_pages,office@kc-dentist.com,,,,office@kc-dentist.com,valid=0; invalid=0; risky=0; unknown=1
8494,>30M,royaltyhero.com,no,,,,0,,,no_public_email_found,not_flagged,contact_pages,,,,,,valid=0; invalid=0; risky=0; unknown=0
8495,>30M,theworkplacecommunity.com,yes,,,,0,,,no_public_email_found,not_flagged,contact_pages,,,,,,valid=0; invalid=0; risky=0; unknown=0
8496,>30M,simonsmithonline.com,yes,,,https://8bb1g7em78i.typeform.com/to/D0QGHKns ; https://embed.typeform.com/,0,,,no_public_email_found,not_flagged,contact_pages,,,,,,valid=0; invalid=0; risky=0; unknown=0
8497,>30M,appskipatrol.org,yes,,,https://llrom1ikm1l.typeform.com/to/LNr65aGw,0,,,no_public_email_found,not_flagged,contact_pages,,,,,,valid=0; invalid=0; risky=0; unknown=0
8498,>30M,brightonpaint.com,no,,,,0,,darinmarch@gmail.com ; sales@northvillepaint.com,showing_email_candidates,not_flagged,contact_pages,,,,,,valid=0; invalid=0; risky=0; unknown=0
8499,>30M,donatesperm.com,no,,,https://embed.typeform.com/,0,,brand-xytex@2x-300x85.png ; brand-xytex@2x.png ; info@donatesperm.com,showing_email_candidates,not_flagged,contact_pages,info@donatesperm.com,,,,info@donatesperm.com,valid=0; invalid=0; risky=0; unknown=1
8500,>30M,on-road.nl,yes,,,,0,,,no_public_email_found,not_flagged,contact_pages,,,,,,valid=0; invalid=0; risky=0; unknown=0
8501,>30M,further-up.com,no,,,,0,,,no_public_email_found,not_flagged,contact_pages,,,,,,valid=0; invalid=0; risky=0; unknown=0
8502,>30M,spedition-viegener.de,no,,,,0,,dispo@spedition-viegener.de ; info@spedition-viegener.de,showing_email_candidates,not_flagged,contact_pages,info@spedition-viegener.de,,,,info@spedition-viegener.de,valid=0; invalid=0; risky=0; unknown=1
8503,>30M,strengthscoaching.com,yes,,,,0,,webmaster@strengthscoaching.com,showing_email_candidates,not_flagged,contact_pages,webmaster@strengthscoaching.com,,,,webmaster@strengthscoaching.com,valid=0; invalid=0; risky=0; unknown=1
8504,>30M,cradled.com,yes,,,,0,,,no_public_email_found,not_flagged,contact_pages,,,,,,valid=0; invalid=0; risky=0; unknown=0
8505,>30M,varavko.com,no,,,,0,,,no_public_email_found,not_flagged,contact_pages,,,,,,valid=0; invalid=0; risky=0; unknown=0
8506,>30M,flor.dk,yes,,,https://form.typeform.com/to/wBGVALNI,0,,flor@dn.dk ; mig.mellerup@gmail.com,showing_email_candidates,not_flagged,contact_pages,,,,,,valid=0; invalid=0; risky=0; unknown=0
8507,>30M,exceptionalweb.com,yes,,,https://exceptionalweb.typeform.com/to/b3qO8acZ ; https://exceptionalweb.typeform.com/to/Kw9RRq4Z ; https://form.typeform.com/to/Kw9RRq4Z,0,,slick-carousel@1.8.1,showing_email_candidates,not_flagged,contact_pages,,,,,,valid=0; invalid=0; risky=0; unknown=0
8508,>30M,geeksonthebeach.com,no,,,https://embed.typeform.com/,0,,dotlottie-wc@0.6.2 ; hello@geeksonthebeach.ca ; logo-small@2x-150x150.png ; logo-small@2x.png,showing_email_candidates,not_flagged,contact_pages,,,,,,valid=0; invalid=0; risky=0; unknown=0
8509,>30M,greencurrency.com,yes,,,,0,,,no_public_email_found,not_flagged,contact_pages,,,,,,valid=0; invalid=0; risky=0; unknown=0
8510,>30M,majunior.com,yes,,,https://form.typeform.com/to/eFeeNINx,0,,,no_public_email_found,not_flagged,contact_pages,,,,,,valid=0; invalid=0; risky=0; unknown=0
8511,>30M,maryparks.com,no,,,,0,,,no_public_email_found,not_flagged,contact_pages,,,,,,valid=0; invalid=0; risky=0; unknown=0
8512,>30M,valeriorosso.com,no,,,https://lifeology.pro.typeform.com/,0,,,no_public_email_found,not_flagged,contact_pages,,,,,,valid=0; invalid=0; risky=0; unknown=0
8513,>30M,marrisson.com,yes,,,https://form.typeform.com/to/jFTvkL8P,0,,office@marrisson.com,showing_email_candidates,not_flagged,contact_pages,office@marrisson.com,,,,office@marrisson.com,valid=0; invalid=0; risky=0; unknown=1
8514,>30M,kojima-kyosei.com,no,,,,0,,,no_public_email_found,not_flagged,contact_pages,,,,,,valid=0; invalid=0; risky=0; unknown=0
8515,>30M,peptideservices.com,yes,,,https://form.typeform.com/to/QPKJkcz5,0,,,no_public_email_found,not_flagged,contact_pages,,,,,,valid=0; invalid=0; risky=0; unknown=0
8516,>30M,securetech.com.ar,no,,,,0,,,no_public_email_found,not_flagged,contact_pages,,,,,,valid=0; invalid=0; risky=0; unknown=0
8517,>30M,fairfig.com,no,,,,0,,gabriele@fairfig.com ; hello@fairfig.com,showing_email_candidates,not_flagged,contact_pages,hello@fairfig.com,hello@fairfig.com,,,,valid=1; invalid=0; risky=0; unknown=0
8518,>30M,iamtribe.com,yes,,,https://form.typeform.com/to/izrI7J4q,0,,,no_public_email_found,not_flagged,contact_pages,,,,,,valid=0; invalid=0; risky=0; unknown=0
8519,>30M,unitronics.it,no,,,,0,,,no_public_email_found,not_flagged,contact_pages,,,,,,valid=0; invalid=0; risky=0; unknown=0
8520,>30M,warehousemarketing.com,yes,,,,0,,,no_public_email_found,not_flagged,contact_pages,,,,,,valid=0; invalid=0; risky=0; unknown=0
8521,>30M,digitalinstitute.net,no,,,,0,,,no_public_email_found,not_flagged,contact_pages,,,,,,valid=0; invalid=0; risky=0; unknown=0
8522,>30M,picoax.com,no,,,,0,,picoax.info@gmail.com,showing_email_candidates,not_flagged,contact_pages,,,,,,valid=0; invalid=0; risky=0; unknown=0
8523,>30M,solutionsupport.nl,yes,,,,0,,,no_public_email_found,not_flagged,contact_pages,,,,,,valid=0; invalid=0; risky=0; unknown=0
8524,>30M,dirtandbones.com,yes,,,,0,,hello@dirtandbones.com,showing_email_candidates,not_flagged,contact_pages,hello@dirtandbones.com,hello@dirtandbones.com,,,,valid=1; invalid=0; risky=0; unknown=0
8525,>30M,shitserverssay.com,yes,,,,0,,,no_public_email_found,not_flagged,contact_pages,,,,,,valid=0; invalid=0; risky=0; unknown=0
8526,>30M,dublinheadstones.com,no,,,,0,,,no_public_email_found,not_flagged,contact_pages,,,,,,valid=0; invalid=0; risky=0; unknown=0
8527,>30M,prezzi.us,no,,,,0,,email@example.com,showing_email_candidates,not_flagged,contact_pages,,,,,,valid=0; invalid=0; risky=0; unknown=0
8528,>30M,womenshealthmovement.com,yes,,,https://womenshealthmovement.typeform.com/to/wuFnMBxq,0,,,no_public_email_found,not_flagged,contact_pages,,,,,,valid=0; invalid=0; risky=0; unknown=0
8529,>30M,hafermannreisen.com,no,,,https://hafermannreisen.typeform.com/,0,,,no_public_email_found,not_flagged,contact_pages,,,,,,valid=0; invalid=0; risky=0; unknown=0
8530,>30M,polariscandles.com,no,,,,0,,contact@polariscandles.com,showing_email_candidates,not_flagged,contact_pages,contact@polariscandles.com,,contact@polariscandles.com,,,valid=0; invalid=1; risky=0; unknown=0
8531,>30M,codeira.com,no,,,,0,,ccodeira@gmail.com,showing_email_candidates,not_flagged,contact_pages,,,,,,valid=0; invalid=0; risky=0; unknown=0
8532,>30M,hanapi.com,no,,,,0,,,no_public_email_found,not_flagged,contact_pages,,,,,,valid=0; invalid=0; risky=0; unknown=0
8533,>30M,monin.us,yes,,,https://vw6sffeouum.typeform.com/to/Qm0kl5y5,0,,support@help.monin.com,showing_email_candidates,not_flagged,contact_pages,,,,,,valid=0; invalid=0; risky=0; unknown=0
8534,>30M,rallyriders.org,yes,,,https://embed.typeform.com/ ; https://travelbase.typeform.com/to/Yjx1aPQC,0,,d020ffd2748b1ad387ba8eb63675f2ac@o4505114921795584.ingest.us.sentry.io ; info@rallyriders.org,showing_email_candidates,not_flagged,contact_pages,info@rallyriders.org,,,,info@rallyriders.org,valid=0; invalid=0; risky=0; unknown=1
8535,>30M,tjridley.com,no,,,,0,,,no_public_email_found,not_flagged,contact_pages,,,,,,valid=0; invalid=0; risky=0; unknown=0
8536,>30M,christianroundtable.com,no,,,,0,,,no_public_email_found,not_flagged,contact_pages,,,,,,valid=0; invalid=0; risky=0; unknown=0
8537,>30M,sphericaldefense.com,yes,,,https://embed.typeform.com/ ; https://sphericaldefence.typeform.com/to/nKgG2p,0,,contact@sphericaldefence.com,showing_email_candidates,not_flagged,contact_pages,,,,,,valid=0; invalid=0; risky=0; unknown=0
8538,>30M,brandonborrego.com,yes,,,,0,,,no_public_email_found,not_flagged,contact_pages,,,,,,valid=0; invalid=0; risky=0; unknown=0
8539,>30M,ferrariassociati.com,no,,,,0,,,no_public_email_found,not_flagged,contact_pages,,,,,,valid=0; invalid=0; risky=0; unknown=0
8540,>30M,bestonlinepersonaltrainers.com,no,,,https://embed.typeform.com/,0,,,no_public_email_found,not_flagged,contact_pages,,,,,,valid=0; invalid=0; risky=0; unknown=0
8541,>30M,sistersinsync.org,yes,,,,0,,,no_public_email_found,not_flagged,contact_pages,,,,,,valid=0; invalid=0; risky=0; unknown=0
8542,>30M,cantinhodossabores.com,no,,,,0,,,no_public_email_found,not_flagged,contact_pages,,,,,,valid=0; invalid=0; risky=0; unknown=0
8543,>30M,weekendvasectomy.com,no,,,,0,,info@weekendvasectomy.com,showing_email_candidates,not_flagged,contact_pages,info@weekendvasectomy.com,,,,info@weekendvasectomy.com,valid=0; invalid=0; risky=0; unknown=1
8544,>30M,bocoaothun.com,yes,,,,0,,,no_public_email_found,not_flagged,contact_pages,,,,,,valid=0; invalid=0; risky=0; unknown=0
8545,>30M,inkdropmedia.com,yes,,,,0,,,no_public_email_found,not_flagged,contact_pages,,,,,,valid=0; invalid=0; risky=0; unknown=0
8546,>30M,nickellsmore.com,yes,,,,0,,,no_public_email_found,not_flagged,contact_pages,,,,,,valid=0; invalid=0; risky=0; unknown=0
8547,>30M,startupxl.com,no,,,,0,,,no_public_email_found,not_flagged,contact_pages,,,,,,valid=0; invalid=0; risky=0; unknown=0
8548,>30M,cogisticstransportation.com,no,,,,0,,,no_public_email_found,not_flagged,contact_pages,,,,,,valid=0; invalid=0; risky=0; unknown=0
8549,>30M,transmaquinaria.com,no,,,,0,,,no_public_email_found,not_flagged,contact_pages,,,,,,valid=0; invalid=0; risky=0; unknown=0
8550,>30M,southeasterngc.com,no,,,https://form.typeform.com/to/xcHGdRwl ; https://southeasterngc.typeform.com/,0,,contact@southeasterngc.com,showing_email_candidates,not_flagged,contact_pages,contact@southeasterngc.com,contact@southeasterngc.com,,,,valid=1; invalid=0; risky=0; unknown=0
8551,>30M,oregonsocialsecurity.com,no,,,,0,,,no_public_email_found,not_flagged,contact_pages,,,,,,valid=0; invalid=0; risky=0; unknown=0
8552,>30M,masterkeytohappiness.com,yes,,,https://qw9z9m5lqn8.typeform.com/to/pcM9s2Lu,0,,,no_public_email_found,not_flagged,contact_pages,,,,,,valid=0; invalid=0; risky=0; unknown=0
8553,>30M,eco-generation.net,no,,,,0,,,no_public_email_found,not_flagged,contact_pages,,,,,,valid=0; invalid=0; risky=0; unknown=0
8554,>30M,tonicvibes.com,yes,,,https://form.typeform.com/to/bdaR7k,0,,info@tonicvibes.com ; partnerships@tonicvibes.com ; sales@tonicvibes.com,showing_email_candidates,not_flagged,contact_pages,info@tonicvibes.com ; sales@tonicvibes.com,,,,info@tonicvibes.com ; sales@tonicvibes.com,valid=0; invalid=0; risky=0; unknown=2
8555,>30M,jackmonument.com,no,,,,0,,,no_public_email_found,not_flagged,contact_pages,,,,,,valid=0; invalid=0; risky=0; unknown=0
8556,>30M,unitypm.com,yes,,,https://unitypm.typeform.com/to/UoKIlx6P ; https://unitypm.typeform.com/to/zhy6gpSL,0,,support@unitypm.com,showing_email_candidates,not_flagged,contact_pages,support@unitypm.com,,,,support@unitypm.com,valid=0; invalid=0; risky=0; unknown=1
8557,>30M,earthgrooves.com,no,,,,0,,,no_public_email_found,not_flagged,contact_pages,,,,,,valid=0; invalid=0; risky=0; unknown=0
8558,>30M,desktopgenetics.com,no,,,https://embed.typeform.com/,0,,,no_public_email_found,not_flagged,contact_pages,,,,,,valid=0; invalid=0; risky=0; unknown=0
8559,>30M,harvestfoundation.com,no,,,,0,,,no_public_email_found,not_flagged,contact_pages,,,,,,valid=0; invalid=0; risky=0; unknown=0
8560,>30M,nara-ps.com,no,,,,0,,,no_public_email_found,not_flagged,contact_pages,,,,,,valid=0; invalid=0; risky=0; unknown=0
8561,>30M,direcasa.com,no,,,,0,,info@direcasa.com,showing_email_candidates,not_flagged,contact_pages,info@direcasa.com,,,,info@direcasa.com,valid=0; invalid=0; risky=0; unknown=1
8562,>30M,classicoportraits.com,yes,,,https://judseqdbcet.typeform.com/to/z4EnKQjV,0,,kirstie@classicoportraits.com,showing_email_candidates,not_flagged,contact_pages,,,,,,valid=0; invalid=0; risky=0; unknown=0
8563,>30M,coquinebox.com,no,,,,0,,,no_public_email_found,not_flagged,contact_pages,,,,,,valid=0; invalid=0; risky=0; unknown=0
8564,>30M,29died.com,yes,,,https://form.typeform.com/to/g4mCEFE1,0,,,no_public_email_found,not_flagged,contact_pages,,,,,,valid=0; invalid=0; risky=0; unknown=0
8565,>30M,weddingvenuemarketing.com,yes,,,,0,,,no_public_email_found,not_flagged,contact_pages,,,,,,valid=0; invalid=0; risky=0; unknown=0
8566,>30M,houseproudatl.org,yes,,,https://form.typeform.com/to/jprj5F2E ; https://form.typeform.com/to/QZHjETLp,0,,,no_public_email_found,not_flagged,contact_pages,,,,,,valid=0; invalid=0; risky=0; unknown=0
8567,>30M,sabiotrade.com,no,,,,0,,333b580600c8e2358beea232b2e17d97@ingest.apptelemetry.xyz ; marketing@sabiotrade.com ; support@sabiotrade.com,showing_email_candidates,not_flagged,contact_pages,marketing@sabiotrade.com ; support@sabiotrade.com,,,,marketing@sabiotrade.com ; support@sabiotrade.com,valid=0; invalid=0; risky=0; unknown=2
8568,>30M,h2pillow.com,yes,,,,0,,,no_public_email_found,not_flagged,contact_pages,,,,,,valid=0; invalid=0; risky=0; unknown=0
8569,>30M,dentistrymarketing.com,yes,,,,0,,,no_public_email_found,not_flagged,contact_pages,,,,,,valid=0; invalid=0; risky=0; unknown=0
8570,>30M,vin-scanner.com,no,,,,0,,,no_public_email_found,not_flagged,contact_pages,,,,,,valid=0; invalid=0; risky=0; unknown=0
8571,>30M,masonmodern.com,yes,,,https://survey.typeform.com/to/OCVZb7OP,0,,masonh@masonmodern.com,showing_email_candidates,not_flagged,contact_pages,,,,,,valid=0; invalid=0; risky=0; unknown=0
8572,>30M,mucosolvan-arabia.com,no,,,,0,,,no_public_email_found,not_flagged,contact_pages,,,,,,valid=0; invalid=0; risky=0; unknown=0
8573,>30M,misaelnunes.com.br,no,,,,0,,,no_public_email_found,not_flagged,contact_pages,,,,,,valid=0; invalid=0; risky=0; unknown=0
8574,>30M,aceformula.com,no,,,,0,,adam@askthedatingcoach.com ; flags@2x.png,showing_email_candidates,not_flagged,contact_pages,,,,,,valid=0; invalid=0; risky=0; unknown=0
8575,>30M,babella.info,yes,,,https://mxm5yh67ljd.typeform.com/to/DDiaKEwG ; https://mxm5yh67ljd.typeform.com/to/HRkLHihy ; https://mxm5yh67ljd.typeform.com/to/KOAjUVzQ ; https://mxm5yh67ljd.typeform.com/to/R4YThQSX,0,,hygiene@babella.info ; kontakt@babella.info ; mpsb@babella.info ; qm@babella.info,showing_email_candidates,not_flagged,contact_pages,,,,,,valid=0; invalid=0; risky=0; unknown=0
8576,>30M,festoonlightssydney.com,no,,,,0,,contact@festoonlightssydney.com,showing_email_candidates,not_flagged,contact_pages,contact@festoonlightssydney.com,contact@festoonlightssydney.com,,,,valid=1; invalid=0; risky=0; unknown=0
8577,>30M,labyrinthofenchantment.com,no,,,,0,,,no_public_email_found,not_flagged,contact_pages,,,,,,valid=0; invalid=0; risky=0; unknown=0
8578,>30M,manda.fr,yes,,,https://flatlooker.typeform.com/to/UVwy1yuK,0,,contact@manda.fr ; presse@manda.fr ; select2@4.1.0-rc.0,showing_email_candidates,not_flagged,contact_pages,contact@manda.fr,contact@manda.fr,,,,valid=1; invalid=0; risky=0; unknown=0
8579,>30M,thompsondrawi.org,yes,,,,0,,,no_public_email_found,not_flagged,contact_pages,,,,,,valid=0; invalid=0; risky=0; unknown=0
8580,>30M,drrandi.com,no,,,,0,,hello@drrandi.com,showing_email_candidates,not_flagged,contact_pages,hello@drrandi.com,hello@drrandi.com,,,,valid=1; invalid=0; risky=0; unknown=0
8581,>30M,weconceive.com,yes,,,https://lj50ptwf9ra.typeform.com/to/l6nXnRfm ; https://lj50ptwf9ra.typeform.com/to/xkJcZYvm,0,,hello@weconceive.com,showing_email_candidates,not_flagged,contact_pages,hello@weconceive.com,hello@weconceive.com,,,,valid=1; invalid=0; risky=0; unknown=0
8582,>30M,doolong.com,no,,,,0,,,no_public_email_found,not_flagged,contact_pages,,,,,,valid=0; invalid=0; risky=0; unknown=0
8583,>30M,araki-piano.com,no,,,,0,,,no_public_email_found,not_flagged,contact_pages,,,,,,valid=0; invalid=0; risky=0; unknown=0
8584,>30M,meinsong.de,yes,,,,0,,,no_public_email_found,not_flagged,contact_pages,,,,,,valid=0; invalid=0; risky=0; unknown=0
8585,>30M,unknownip.com,no,,,,0,,,no_public_email_found,not_flagged,contact_pages,,,,,,valid=0; invalid=0; risky=0; unknown=0
8586,>30M,allianceadv.com,no,,,,0,,,no_public_email_found,not_flagged,contact_pages,,,,,,valid=0; invalid=0; risky=0; unknown=0
8587,>30M,tatlondono.com,yes,,,,0,,,no_public_email_found,not_flagged,contact_pages,,,,,,valid=0; invalid=0; risky=0; unknown=0
8588,>30M,redeprotegida.com.br,no,,,https://embed.typeform.com/,0,,contato@redeprotegida.com.br,showing_email_candidates,not_flagged,contact_pages,,,,,,valid=0; invalid=0; risky=0; unknown=0
8589,>30M,26degreesforward.com,no,,,,0,,,no_public_email_found,not_flagged,contact_pages,,,,,,valid=0; invalid=0; risky=0; unknown=0
8590,>30M,kimberlybonline.com,no,,,https://brownleadership.typeform.com/,0,,kimberly@brownleadership.com,showing_email_candidates,not_flagged,contact_pages,,,,,,valid=0; invalid=0; risky=0; unknown=0
8591,>30M,dwz-partner.de,yes,,,https://1iz7gafzap9.typeform.com/to/cZodRSme ; https://1iz7gafzap9.typeform.com/to/fjYExi6l,0,,info@dwz-partner.de,showing_email_candidates,not_flagged,contact_pages,info@dwz-partner.de,,,,info@dwz-partner.de,valid=0; invalid=0; risky=0; unknown=1
8592,>30M,lightworkmedia.com,yes,,,https://cassidydiehl.typeform.com/to/upDrJ9d7,0,,,no_public_email_found,not_flagged,contact_pages,,,,,,valid=0; invalid=0; risky=0; unknown=0
8593,>30M,renovartconstruction.com,yes,,,https://leaddy.typeform.com/to/b2sEKd9o,0,,,no_public_email_found,not_flagged,contact_pages,,,,,,valid=0; invalid=0; risky=0; unknown=0
8594,>30M,englishair.com,no,,,,0,,anton@englishairinc.com ; office@englishairinc.com,showing_email_candidates,not_flagged,contact_pages,,,,,,valid=0; invalid=0; risky=0; unknown=0
8595,>30M,harleyeblen.com,no,,,,0,,,no_public_email_found,not_flagged,contact_pages,,,,,,valid=0; invalid=0; risky=0; unknown=0
8596,>30M,ieatspinach.com,yes,,,https://spinach.typeform.com/to/aeqZwnKr ; https://spinach.typeform.com/to/CbR5j9Zv ; https://spinach.typeform.com/to/ZyThEAS3,0,,,no_public_email_found,not_flagged,contact_pages,,,,,,valid=0; invalid=0; risky=0; unknown=0
8597,>30M,berpol.de,no,,,,0,,contact@company.com ; info@berpol.de,showing_email_candidates,not_flagged,contact_pages,info@berpol.de,,,,info@berpol.de,valid=0; invalid=0; risky=0; unknown=1
8598,>30M,q-light.be,no,,,https://embed.typeform.com/,0,,info@q-light.be,showing_email_candidates,not_flagged,contact_pages,info@q-light.be,,,,info@q-light.be,valid=0; invalid=0; risky=0; unknown=1
8599,>30M,coastalwealth.com,no,,,,0,,,no_public_email_found,not_flagged,contact_pages,,,,,,valid=0; invalid=0; risky=0; unknown=0
8600,>30M,mominoki-kids.com,no,,,,0,,,no_public_email_found,not_flagged,contact_pages,,,,,,valid=0; invalid=0; risky=0; unknown=0
8601,>30M,overtech.biz,no,,,,0,,info@overtech.biz,showing_email_candidates,not_flagged,contact_pages,info@overtech.biz,,,,info@overtech.biz,valid=0; invalid=0; risky=0; unknown=1
8602,>30M,crimply.com,no,,,,0,,hello@crimply.com,showing_email_candidates,not_flagged,contact_pages,hello@crimply.com,,hello@crimply.com,,,valid=0; invalid=1; risky=0; unknown=0
8603,>30M,lamargibbs.com,yes,,,,0,,,no_public_email_found,not_flagged,contact_pages,,,,,,valid=0; invalid=0; risky=0; unknown=0
8604,>30M,mijart.com,yes,,,https://form.typeform.com/to/qUhiWf,0,,,no_public_email_found,not_flagged,contact_pages,,,,,,valid=0; invalid=0; risky=0; unknown=0
8605,>30M,mbm-shipdesign.com,yes,,,,0,,,no_public_email_found,not_flagged,contact_pages,,,,,,valid=0; invalid=0; risky=0; unknown=0
8606,>30M,theonehourproject.com,no,,,https://theonehourproject.typeform.com/,0,,,no_public_email_found,not_flagged,contact_pages,,,,,,valid=0; invalid=0; risky=0; unknown=0
8607,>30M,bematize.com.br,yes,,,https://form.typeform.com/to/YplYDf93,0,,contato@bematize.com.br,showing_email_candidates,not_flagged,contact_pages,,,,,,valid=0; invalid=0; risky=0; unknown=0
8608,>30M,metvy.com,yes,,,https://form.typeform.com/to/LeUdy7sm,0,,email@example.com ; rajanluthra@metvy.com,showing_email_candidates,not_flagged,contact_pages,,,,,,valid=0; invalid=0; risky=0; unknown=0
8609,>30M,onemoreagain.com,no,,,,0,,flags@2x.png ; support@onemoreagain.com,showing_email_candidates,not_flagged,contact_pages,support@onemoreagain.com,,,,support@onemoreagain.com,valid=0; invalid=0; risky=0; unknown=1
8610,>30M,diariesofgrace.com,yes,,,https://bachelorcreek.typeform.com/to/gLhY1n,0,,,no_public_email_found,not_flagged,contact_pages,,,,,,valid=0; invalid=0; risky=0; unknown=0
8611,>30M,tuio.com,yes,,,,0,,,no_public_email_found,not_flagged,contact_pages,,,,,,valid=0; invalid=0; risky=0; unknown=0
8612,>30M,menageprive.com,no,,,,0,,,no_public_email_found,not_flagged,contact_pages,,,,,,valid=0; invalid=0; risky=0; unknown=0
8613,>30M,ericvick.com,yes,,,,0,,,no_public_email_found,not_flagged,contact_pages,,,,,,valid=0; invalid=0; risky=0; unknown=0
8614,>30M,parentingwithgratitude.com,yes,,,https://parentdifferently.typeform.com/to/ASWUmSJj,0,,parentdifferently@gmail.com,showing_email_candidates,not_flagged,contact_pages,,,,,,valid=0; invalid=0; risky=0; unknown=0
8615,>30M,ucl-mentoring.org,no,,,https://embed.typeform.com/,0,,quill@1.3.6,showing_email_candidates,not_flagged,contact_pages,,,,,,valid=0; invalid=0; risky=0; unknown=0
8616,>30M,columbusprom.com,yes,,,,0,,,no_public_email_found,not_flagged,contact_pages,,,,,,valid=0; invalid=0; risky=0; unknown=0
8617,>30M,sliceofwine.com,yes,,,,0,,,no_public_email_found,not_flagged,contact_pages,,,,,,valid=0; invalid=0; risky=0; unknown=0
8618,>30M,bevivo.com,yes,,,https://1v5orpeqgrf.typeform.com/to/lW1AYp85,0,,aa4cacd33be28673d7e69be559ce7ad7@o4506196830715904.ingest.us.sentry.io ; flag-icons@6.6.6,showing_email_candidates,not_flagged,contact_pages,,,,,,valid=0; invalid=0; risky=0; unknown=0
8619,>30M,autodrive88.com,yes,,,https://embed.typeform.com/ ; https://form.typeform.com/to/KpruokpY,0,,,no_public_email_found,not_flagged,contact_pages,,,,,,valid=0; invalid=0; risky=0; unknown=0
8620,>30M,ecomigrants.com,no,,,,0,,,no_public_email_found,not_flagged,contact_pages,,,,,,valid=0; invalid=0; risky=0; unknown=0
8621,>30M,dciprojects.com,yes,,,,0,,,no_public_email_found,not_flagged,contact_pages,,,,,,valid=0; invalid=0; risky=0; unknown=0
8622,>30M,hoffnung-bei-krebs.de,no,,,,0,,,no_public_email_found,not_flagged,contact_pages,,,,,,valid=0; invalid=0; risky=0; unknown=0
8623,>30M,intouch.biz,yes,,,https://form.typeform.com/to/r3EeMKJA,0,,impallari@gmail.com ; team@latofonts.com,showing_email_candidates,not_flagged,contact_pages,,,,,,valid=0; invalid=0; risky=0; unknown=0
8624,>30M,personaltrainersdubai.com,yes,,,https://embed.typeform.com/ ; https://form.typeform.com/to/GTp9Uet7,0,,javascript-tracker@4.8.1 ; milos@personaltrainersdubai.com ; vanilla-lazyload@19.1.3,showing_email_candidates,not_flagged,contact_pages,,,,,,valid=0; invalid=0; risky=0; unknown=0
8625,>30M,sawamo.com,no,,,,0,,,no_public_email_found,not_flagged,contact_pages,,,,,,valid=0; invalid=0; risky=0; unknown=0
8626,>30M,couriersoftware.nl,no,,,https://epywkylb528.typeform.com/ ; https://epywkylb528.typeform.com/to/LBufDrqz ; https://form.typeform.com/to/NSm1g0Te,0,,bootstrap-icons@1.11.3 ; info@mendrix.nl,showing_email_candidates,not_flagged,contact_pages,,,,,,valid=0; invalid=0; risky=0; unknown=0
8627,>30M,masudaningyou.com,no,,,,0,,,no_public_email_found,not_flagged,contact_pages,,,,,,valid=0; invalid=0; risky=0; unknown=0
8628,>30M,lightthesign.com,no,,,,0,,,no_public_email_found,not_flagged,contact_pages,,,,,,valid=0; invalid=0; risky=0; unknown=0
8629,>30M,samsansalone.com,no,,,,0,,sam@samsansalone.com,showing_email_candidates,not_flagged,contact_pages,,,,,,valid=0; invalid=0; risky=0; unknown=0
8630,>30M,blackgoldnetwork.com,no,,,,0,,,no_public_email_found,not_flagged,contact_pages,,,,,,valid=0; invalid=0; risky=0; unknown=0
8631,>30M,fastsimple.com.br,no,,,,0,,contato@fastsimple.com.br,showing_email_candidates,not_flagged,contact_pages,,,,,,valid=0; invalid=0; risky=0; unknown=0
8632,>30M,estudiomezcla.com,no,,,,0,,edu@readymag.com ; hello@readymag.com ; no-reply@readymag.com ; support@readymag.com,showing_email_candidates,not_flagged,contact_pages,,,,,,valid=0; invalid=0; risky=0; unknown=0
8633,>30M,openvenues.com,yes,,,https://clothflame.typeform.com/,0,,concierge@openvenues.com ; hello@openvenues.com ; slick-carousel@1.8.1,showing_email_candidates,not_flagged,contact_pages,hello@openvenues.com,hello@openvenues.com,,,,valid=1; invalid=0; risky=0; unknown=0
8634,>30M,servicesonsite.com,yes,,,https://servicesonsite.typeform.com/to/dbAVWLVn ; https://servicesonsite.typeform.com/to/jLepeq7A ; https://servicesonsite.typeform.com/to/PRegdIeT ; https://servicesonsite.typeform.com/to/ucfHdw ; https://servicesonsite.typeform.com/to/z1aJTS16,0,,,no_public_email_found,not_flagged,contact_pages,,,,,,valid=0; invalid=0; risky=0; unknown=0
8635,>30M,eyecaremarketing.com,yes,,,,0,,,no_public_email_found,not_flagged,contact_pages,,,,,,valid=0; invalid=0; risky=0; unknown=0
8636,>30M,ticketsgone.com,no,,,,0,,,no_public_email_found,not_flagged,contact_pages,,,,,,valid=0; invalid=0; risky=0; unknown=0
8637,>30M,martinintegration.com,yes,,,https://embed.typeform.com/ ; https://h311.typeform.com/to/UqjgBm,0,,,no_public_email_found,not_flagged,contact_pages,,,,,,valid=0; invalid=0; risky=0; unknown=0
8638,>30M,ribeirodesigner.com,no,,,,0,,,no_public_email_found,not_flagged,contact_pages,,,,,,valid=0; invalid=0; risky=0; unknown=0
8639,>30M,realestateseo.com,yes,,,https://form.typeform.com/to/Joil47zO,0,,info@realestateseo.com,showing_email_candidates,not_flagged,contact_pages,info@realestateseo.com,,,,info@realestateseo.com,valid=0; invalid=0; risky=0; unknown=1
8640,>30M,klingemanndesign.com,yes,,,https://embed.typeform.com/ ; https://form.typeform.com/to/Mx03rOP8,0,,,no_public_email_found,not_flagged,contact_pages,,,,,,valid=0; invalid=0; risky=0; unknown=0
8641,>30M,basiliosj.com,yes,,,https://basilio4.typeform.com/to/XOVdtl ; https://embed.typeform.com/,0,,basiliosj@yahoo.es,showing_email_candidates,not_flagged,contact_pages,,,,,,valid=0; invalid=0; risky=0; unknown=0
8642,>30M,imai-cl.jp,no,,,,0,,,no_public_email_found,not_flagged,contact_pages,,,,,,valid=0; invalid=0; risky=0; unknown=0
8643,>30M,dacortahardware.com,no,,,,0,,info@dacorta.com,showing_email_candidates,not_flagged,contact_pages,,,,,,valid=0; invalid=0; risky=0; unknown=0
8644,>30M,daarli.com,no,,,,0,,hello@daarli.com ; support@daarli.com,showing_email_candidates,not_flagged,contact_pages,hello@daarli.com ; support@daarli.com,hello@daarli.com,,,support@daarli.com,valid=1; invalid=0; risky=0; unknown=1
8645,>30M,covenanthousediy.org,no,,,,0,,,no_public_email_found,not_flagged,contact_pages,,,,,,valid=0; invalid=0; risky=0; unknown=0
8646,>30M,tybanks.com,no,,,,0,,,no_public_email_found,not_flagged,contact_pages,,,,,,valid=0; invalid=0; risky=0; unknown=0
8647,>30M,pureelectric.com,no,,,,0,,finance.complaint@pureelectric.com,showing_email_candidates,not_flagged,contact_pages,,,,,,valid=0; invalid=0; risky=0; unknown=0
8648,>30M,laurabenson.com,yes,,,https://yt2eciwd5zg.typeform.com/to/RTq4OHnO,0,,laura@thebusinessgrowr.com,showing_email_candidates,not_flagged,contact_pages,,,,,,valid=0; invalid=0; risky=0; unknown=0
8649,>30M,gotju.com,yes,,,https://sx87ood8gss.typeform.com/to/wbuNLOav,0,,,no_public_email_found,not_flagged,contact_pages,,,,,,valid=0; invalid=0; risky=0; unknown=0
8650,>30M,northleaders.com,yes,,,,0,,,no_public_email_found,not_flagged,contact_pages,,,,,,valid=0; invalid=0; risky=0; unknown=0
8651,>30M,3arts.com.br,no,,,,0,,mauricio@3arts.com.br,showing_email_candidates,not_flagged,contact_pages,,,,,,valid=0; invalid=0; risky=0; unknown=0
8652,>30M,goaprs.com,no,,,,0,,13.22.57@2x.png ; flags@2x.png,showing_email_candidates,not_flagged,contact_pages,,,,,,valid=0; invalid=0; risky=0; unknown=0
8653,>30M,vediadesign.com,yes,,,https://clara172485.typeform.com/to/chvuqo,0,,hola@vediadesign.com,showing_email_candidates,not_flagged,contact_pages,,,,,,valid=0; invalid=0; risky=0; unknown=0
8654,>30M,didactique.org,no,,,https://bwygqdcgfif.typeform.com/,0,,,no_public_email_found,not_flagged,contact_pages,,,,,,valid=0; invalid=0; risky=0; unknown=0
8655,>30M,linkedups.com,no,,,,0,,,no_public_email_found,not_flagged,contact_pages,,,,,,valid=0; invalid=0; risky=0; unknown=0
8656,>30M,attio.com,no,,,,0,,help@import2.com,showing_email_candidates,not_flagged,contact_pages,,,,,,valid=0; invalid=0; risky=0; unknown=0
8657,>30M,tontaux.ca,no,,,,0,,info@tontaux.ca,showing_email_candidates,not_flagged,contact_pages,info@tontaux.ca,,,,info@tontaux.ca,valid=0; invalid=0; risky=0; unknown=1
8658,>30M,lisbonvintagetours.com,no,,,https://embed.typeform.com/,0,,bookings@lisbonvintagetours.com,showing_email_candidates,not_flagged,contact_pages,bookings@lisbonvintagetours.com,bookings@lisbonvintagetours.com,,,,valid=1; invalid=0; risky=0; unknown=0
8659,>30M,triviatriumph.com,yes,,,https://embed.typeform.com/ ; https://rogercraig506157.typeform.com/to/KPpK0D,0,,diagnostic@2x.jpg ; improve-results@2x.jpg ; ken@2x.png ; learn-fast@2x.jpg ; learning-path@2x.jpg ; rctt-phonepreview@2x.png ; roger@2x.png,showing_email_candidates,not_flagged,contact_pages,,,,,,valid=0; invalid=0; risky=0; unknown=0
8660,>30M,moneypath.com.au,no,,,,0,,commersionlegal@gmail.com ; harry@moneypath.com.au ; info@moneypath.com.au,showing_email_candidates,not_flagged,contact_pages,info@moneypath.com.au,,,,info@moneypath.com.au,valid=0; invalid=0; risky=0; unknown=1
8661,>30M,planadigital.com.br,yes,,,https://semz38zl847.typeform.com/to/jyMqkVye,0,,,no_public_email_found,not_flagged,contact_pages,,,,,,valid=0; invalid=0; risky=0; unknown=0
8662,>30M,technies.nl,yes,,,https://1zp6v14r7p7.typeform.com/to/sFwZMHE3,0,,nieske@technies.nl,showing_email_candidates,not_flagged,contact_pages,,,,,,valid=0; invalid=0; risky=0; unknown=0
8663,>30M,scuolaesteticanapoli.com,no,,,,0,,,no_public_email_found,not_flagged,contact_pages,,,,,,valid=0; invalid=0; risky=0; unknown=0
8664,>30M,pommesmayo.de,yes,,,https://7hkh2k27ppb.typeform.com/to/tah0tmiI,0,,kontakt@pommesmayo.de,showing_email_candidates,not_flagged,contact_pages,,,,,,valid=0; invalid=0; risky=0; unknown=0
8665,>30M,padgetteastbay.com,no,,,,0,,,no_public_email_found,not_flagged,contact_pages,,,,,,valid=0; invalid=0; risky=0; unknown=0
8666,>30M,assurecarenetwork.com,no,,,https://embed.typeform.com/,0,,,no_public_email_found,not_flagged,contact_pages,,,,,,valid=0; invalid=0; risky=0; unknown=0
8667,>30M,telfast.com,no,,,,0,,,no_public_email_found,not_flagged,contact_pages,,,,,,valid=0; invalid=0; risky=0; unknown=0
8668,>30M,circleforward.com,yes,,,https://form.typeform.com/to/g7QQE5m2,0,,hello@circleforward.co.za,showing_email_candidates,not_flagged,contact_pages,,,,,,valid=0; invalid=0; risky=0; unknown=0
8669,>30M,kentuckysocialsecurity.com,no,,,,0,,,no_public_email_found,not_flagged,contact_pages,,,,,,valid=0; invalid=0; risky=0; unknown=0
8670,>30M,vrachtwagenchauffeurworden.com,no,,,https://embed.typeform.com/,0,,hr@melislogistics.nl,showing_email_candidates,not_flagged,contact_pages,,,,,,valid=0; invalid=0; risky=0; unknown=0
8671,>30M,healtheame.org,yes,,,,0,,,no_public_email_found,not_flagged,contact_pages,,,,,,valid=0; invalid=0; risky=0; unknown=0
8672,>30M,omnymedia.com,yes,,,https://3aioj5efufe.typeform.com/to/moD6VHHg ; https://3aioj5efufe.typeform.com/to/NuycH73o,0,,hello@omnymedia.com,showing_email_candidates,not_flagged,contact_pages,hello@omnymedia.com,hello@omnymedia.com,,,,valid=1; invalid=0; risky=0; unknown=0
8673,>30M,flomktg.com,yes,,,https://form.typeform.com/to/nzrmCmzq,0,,info@flomktg.com,showing_email_candidates,not_flagged,contact_pages,info@flomktg.com,,,,info@flomktg.com,valid=0; invalid=0; risky=0; unknown=1
8674,>30M,areats.com,yes,,,,0,,,no_public_email_found,not_flagged,contact_pages,,,,,,valid=0; invalid=0; risky=0; unknown=0
8675,>30M,wiredcooking.com,no,,,,0,,info@wiredcooking.com,showing_email_candidates,not_flagged,contact_pages,info@wiredcooking.com,,,,info@wiredcooking.com,valid=0; invalid=0; risky=0; unknown=1
8676,>30M,trainer-fit.com,no,,,,0,,,no_public_email_found,not_flagged,contact_pages,,,,,,valid=0; invalid=0; risky=0; unknown=0
8677,>30M,giseledenis.com,no,,,,0,,leaflet@1.9.4 ; su@email.com,showing_email_candidates,not_flagged,contact_pages,,,,,,valid=0; invalid=0; risky=0; unknown=0
8678,>30M,purstyle.net,yes,,,https://purstyle.typeform.com/to/mRGW3oPe,0,,hello@purstyle.net,showing_email_candidates,not_flagged,contact_pages,hello@purstyle.net,hello@purstyle.net,,,,valid=1; invalid=0; risky=0; unknown=0
8679,>30M,continentalss.com,no,,,,0,,info@continentalss.com,showing_email_candidates,not_flagged,contact_pages,info@continentalss.com,,,,info@continentalss.com,valid=0; invalid=0; risky=0; unknown=1
8680,>30M,paceline.org,no,,,,0,,,no_public_email_found,not_flagged,contact_pages,,,,,,valid=0; invalid=0; risky=0; unknown=0
8681,>30M,polyprice.ro,no,,,,0,,office@polyprice.ro,showing_email_candidates,not_flagged,contact_pages,office@polyprice.ro,,,,office@polyprice.ro,valid=0; invalid=0; risky=0; unknown=1
8682,>30M,4kids.us,no,,,,0,,aos@2.3.1 ; info@4kids.us ; info@4kidsmiami.org ; info@4kidspalmbeach.org ; info@4kidsswfl.org ; info@4kidstreasurecoast.org,showing_email_candidates,not_flagged,contact_pages,info@4kids.us,info@4kids.us,,,,valid=1; invalid=0; risky=0; unknown=0
8683,>30M,peggeo.com,yes,,,https://form.typeform.com/to/YB1B8eOa,0,,info@peggeo.com ; info@starianconsulting.com,showing_email_candidates,not_flagged,contact_pages,info@peggeo.com,,,,info@peggeo.com,valid=0; invalid=0; risky=0; unknown=1
8684,>30M,myraflores.com,yes,,,,0,,info@myraflores.com ; pr@myraflores.com,showing_email_candidates,not_flagged,contact_pages,info@myraflores.com,,,,info@myraflores.com,valid=0; invalid=0; risky=0; unknown=1
8685,>30M,printsimple.com,no,,,,0,,,no_public_email_found,not_flagged,contact_pages,,,,,,valid=0; invalid=0; risky=0; unknown=0
8686,>30M,abcthermique.com,yes,,,https://leaddy.typeform.com/to/DT431QzG,0,,,no_public_email_found,not_flagged,contact_pages,,,,,,valid=0; invalid=0; risky=0; unknown=0
8687,>30M,creatorbuzz.com,yes,,,https://nk0mcoz35a6.typeform.com/to/Tr0grwHn,0,,,no_public_email_found,not_flagged,contact_pages,,,,,,valid=0; invalid=0; risky=0; unknown=0
8688,>30M,escvelocity.com,no,,,,0,,name@email.com ; test@example.com ; you@company.com ; your@email.com,showing_email_candidates,not_flagged,contact_pages,,,,,,valid=0; invalid=0; risky=0; unknown=0
8689,>30M,omniloader.com,yes,,,,0,,,no_public_email_found,not_flagged,contact_pages,,,,,,valid=0; invalid=0; risky=0; unknown=0
8690,>30M,budgetlamp.nl,no,,,,0,,,no_public_email_found,not_flagged,contact_pages,,,,,,valid=0; invalid=0; risky=0; unknown=0
8691,>30M,advisorid.com,no,,,,0,,email@email.com ; info@advisorid.com ; mymail@mailservice.com,showing_email_candidates,not_flagged,contact_pages,info@advisorid.com,info@advisorid.com,,,,valid=1; invalid=0; risky=0; unknown=0
8692,>30M,financesource.com.au,no,,,,0,,,no_public_email_found,not_flagged,contact_pages,,,,,,valid=0; invalid=0; risky=0; unknown=0
8693,>30M,rapidsba.com,no,,,,0,,,no_public_email_found,not_flagged,contact_pages,,,,,,valid=0; invalid=0; risky=0; unknown=0
8694,>30M,getfastpass.com,yes,,,,0,,,no_public_email_found,not_flagged,contact_pages,,,,,,valid=0; invalid=0; risky=0; unknown=0
8695,>30M,thirdspacepress.com,no,,,,0,,,no_public_email_found,not_flagged,contact_pages,,,,,,valid=0; invalid=0; risky=0; unknown=0
8696,>30M,wildorchard.com,yes,,,https://lubv7pq7oid.typeform.com/to/k8ckoh8E,0,,info@wildorchard.com,showing_email_candidates,not_flagged,contact_pages,info@wildorchard.com,,,,info@wildorchard.com,valid=0; invalid=0; risky=0; unknown=1
8697,>30M,schulstadbakerysolutions.com,no,,,,0,,,no_public_email_found,not_flagged,contact_pages,,,,,,valid=0; invalid=0; risky=0; unknown=0
8698,>30M,wrangleit.com,no,,,https://wrangleit.typeform.com/,0,,hello@wrangleit.com,showing_email_candidates,not_flagged,contact_pages,hello@wrangleit.com,hello@wrangleit.com,,,,valid=1; invalid=0; risky=0; unknown=0
8699,>30M,charlenejimenez.com,no,,,,0,,,no_public_email_found,not_flagged,contact_pages,,,,,,valid=0; invalid=0; risky=0; unknown=0
8700,>30M,mapyourstory.com,no,,,https://images.typeform.com/ ; https://mapyourstory.typeform.com/,0,,bootstrap@5.0.2 ; connect@mapyourstory.com,showing_email_candidates,not_flagged,contact_pages,,,,,,valid=0; invalid=0; risky=0; unknown=0
8701,>30M,predental-berlin.de,no,,,https://n5vaqwtjo94.typeform.com/,0,,contact@predental-berlin.de,showing_email_candidates,not_flagged,contact_pages,contact@predental-berlin.de,contact@predental-berlin.de,,,,valid=1; invalid=0; risky=0; unknown=0
8702,>30M,skive.co,no,,,,0,,info@skive.co ; skive-transparent-logo-full-color-rgb-864px@72ppi.png,showing_email_candidates,not_flagged,contact_pages,info@skive.co,,,,info@skive.co,valid=0; invalid=0; risky=0; unknown=1
8703,>30M,kuramotosika.com,no,,,,0,,kuramotosika@yahoo.co.jp,showing_email_candidates,not_flagged,contact_pages,,,,,,valid=0; invalid=0; risky=0; unknown=0
8704,>30M,clareharrison.me,yes,,,https://form.typeform.com/to/PsUleLI5,0,,clare@clareharrison.me,showing_email_candidates,not_flagged,contact_pages,,,,,,valid=0; invalid=0; risky=0; unknown=0
8705,>30M,backgroundfirst.com,no,,,,0,,info@backgroundfirst.com,showing_email_candidates,not_flagged,contact_pages,info@backgroundfirst.com,,,,info@backgroundfirst.com,valid=0; invalid=0; risky=0; unknown=1
8706,>30M,jimmyoutlaw.com,yes,,,,0,,element-1@3x-1024x425.png ; element-1@3x-1536x637.png ; element-1@3x-2048x849.png ; element-1@3x-300x124.png ; element-1@3x-768x318.png ; info@jimmyoutlaw.com,showing_email_candidates,not_flagged,contact_pages,info@jimmyoutlaw.com,,,,info@jimmyoutlaw.com,valid=0; invalid=0; risky=0; unknown=1
8707,>30M,rollstuhllift.ch,no,,,,0,,info@hingucker.ch ; info@strack.ch ; lift@strack.ch ; mail@ganssimpel.com ; michele@hingucker.ch,showing_email_candidates,not_flagged,contact_pages,,,,,,valid=0; invalid=0; risky=0; unknown=0
8708,>30M,cutoutstudios.com,no,,,,0,,,no_public_email_found,not_flagged,contact_pages,,,,,,valid=0; invalid=0; risky=0; unknown=0
8709,>30M,bravelittledave.com,yes,,,,0,,,no_public_email_found,not_flagged,contact_pages,,,,,,valid=0; invalid=0; risky=0; unknown=0
8710,>30M,jorgehuarte.com,no,,,,0,,,no_public_email_found,not_flagged,contact_pages,,,,,,valid=0; invalid=0; risky=0; unknown=0
8711,>30M,beatrizposada.com,no,,,,0,,alguien@example.com ; flags@2x.png ; info@beatrizposadaabogados.com,showing_email_candidates,not_flagged,contact_pages,,,,,,valid=0; invalid=0; risky=0; unknown=0
8712,>30M,eardoc.com.au,yes,,,https://form.typeform.com/to/LqAGldM4,0,,,no_public_email_found,not_flagged,contact_pages,,,,,,valid=0; invalid=0; risky=0; unknown=0
8713,>30M,kec-sp.com,no,,,,0,,,no_public_email_found,not_flagged,contact_pages,,,,,,valid=0; invalid=0; risky=0; unknown=0
8714,>30M,jackiedamelian.com,yes,,,https://form.typeform.com/to/MyhdsxJK,0,,jackie@jackiemackdesigns.com,showing_email_candidates,not_flagged,contact_pages,,,,,,valid=0; invalid=0; risky=0; unknown=0
8715,>30M,victronenergie.com,no,,,,0,,,no_public_email_found,not_flagged,contact_pages,,,,,,valid=0; invalid=0; risky=0; unknown=0
8716,>30M,transamlogistics.com,yes,,,https://dmm04qy1hlx.typeform.com/to/I7W2mXQj,0,,au.sales@transamlogistics.com.au ; fj.sales@transamlogistics.com.fj ; nz_sales@transamlogistics.co.nz,showing_email_candidates,not_flagged,contact_pages,,,,,,valid=0; invalid=0; risky=0; unknown=0
8717,>30M,ar-smart.com,no,,,,0,,info@ar-smart.com,showing_email_candidates,not_flagged,contact_pages,info@ar-smart.com,,,,info@ar-smart.com,valid=0; invalid=0; risky=0; unknown=1
8718,>30M,pharmacy-ebisu.com,no,,,,0,,,no_public_email_found,not_flagged,contact_pages,,,,,,valid=0; invalid=0; risky=0; unknown=0
8719,>30M,stampa3dbologna.com,yes,,,https://b6q4i0pmczr.typeform.com/to/HRGAmBZM,0,,,no_public_email_found,not_flagged,contact_pages,,,,,,valid=0; invalid=0; risky=0; unknown=0
8720,>30M,community316.com,yes,,,,0,,,no_public_email_found,not_flagged,contact_pages,,,,,,valid=0; invalid=0; risky=0; unknown=0
8721,>30M,dryeyerecovery.com,yes,,,https://b6zi87te8z5.typeform.com/to/bglPPuOH ; https://b6zi87te8z5.typeform.com/to/CrjUcaFw ; https://b6zi87te8z5.typeform.com/to/x7PTuUxy,0,,,no_public_email_found,not_flagged,contact_pages,,,,,,valid=0; invalid=0; risky=0; unknown=0
8722,>30M,dine4d.com,yes,,,https://embed.typeform.com/ ; https://form.typeform.com/to/gajJYodD,0,,sean@craveasia.com,showing_email_candidates,not_flagged,contact_pages,,,,,,valid=0; invalid=0; risky=0; unknown=0
8723,>30M,redsos.com,no,,,,0,,,no_public_email_found,not_flagged,contact_pages,,,,,,valid=0; invalid=0; risky=0; unknown=0
8724,>30M,siteascend.com,yes,,,https://form.typeform.com/to/IFAEUu8W,0,,hello@example.com ; info@siteascend.com,showing_email_candidates,not_flagged,contact_pages,info@siteascend.com,,,,info@siteascend.com,valid=0; invalid=0; risky=0; unknown=1
8725,>30M,searchmarketingservice.com,no,,,,0,,example@gmail.com ; info@searchmarketingservice.com ; info@searchmarketingservices.com ; sales@searchmarketingservice.com,showing_email_candidates,not_flagged,contact_pages,info@searchmarketingservice.com ; sales@searchmarketingservice.com,,,,info@searchmarketingservice.com ; sales@searchmarketingservice.com,valid=0; invalid=0; risky=0; unknown=2
8726,>30M,gausscap.com,no,,,,0,,,no_public_email_found,not_flagged,contact_pages,,,,,,valid=0; invalid=0; risky=0; unknown=0
8727,>30M,ah5017.com,no,,,https://embed.typeform.com/,0,,,no_public_email_found,not_flagged,contact_pages,,,,,,valid=0; invalid=0; risky=0; unknown=0
8728,>30M,fivefoldnetwork.com,no,,,,0,,,no_public_email_found,not_flagged,contact_pages,,,,,,valid=0; invalid=0; risky=0; unknown=0
8729,>30M,nsbox.co,yes,,,https://embed.typeform.com/ ; https://fieldcloud.typeform.com/to/QcYSg0,0,,,no_public_email_found,not_flagged,contact_pages,,,,,,valid=0; invalid=0; risky=0; unknown=0
8730,>30M,velouniversity.com,no,,,https://velouniversity.pro.typeform.com/ ; https://velouniversity.typeform.com/,0,,boosters-countdown@2.0.2 ; email@velouniversity.com ; slick-carousel@1.8.1 ; team@velouniversity.com ; you@email.com,showing_email_candidates,not_flagged,contact_pages,team@velouniversity.com,,,,team@velouniversity.com,valid=0; invalid=0; risky=0; unknown=1
8731,>30M,llav.es,no,,,,0,,,no_public_email_found,not_flagged,contact_pages,,,,,,valid=0; invalid=0; risky=0; unknown=0
8732,>30M,peeklabs.com,no,,,,0,,,no_public_email_found,not_flagged,contact_pages,,,,,,valid=0; invalid=0; risky=0; unknown=0
8733,>30M,beyond-driven.com,no,,,,0,,flags@2x.png,showing_email_candidates,not_flagged,contact_pages,,,,,,valid=0; invalid=0; risky=0; unknown=0
8734,>30M,kodro.org,no,,,,0,,flag-icons@7.3.2 ; iinfo@kodro.org ; info@kodro.org,showing_email_candidates,not_flagged,contact_pages,info@kodro.org,,,,info@kodro.org,valid=0; invalid=0; risky=0; unknown=1
8735,>30M,geopolitique.eu,yes,,,https://6ws4amuxk7a.typeform.com/to/iLumDhXW,0,,,no_public_email_found,not_flagged,contact_pages,,,,,,valid=0; invalid=0; risky=0; unknown=0
8736,>30M,outdoorrestorationsinc.com,no,,,,0,,brian@outdoorrestorationsinc.com ; sales@outdoorrestorationsinc.com,showing_email_candidates,not_flagged,contact_pages,sales@outdoorrestorationsinc.com,,,,sales@outdoorrestorationsinc.com,valid=0; invalid=0; risky=0; unknown=1
8737,>30M,techversations.com,no,,,,0,,,no_public_email_found,not_flagged,contact_pages,,,,,,valid=0; invalid=0; risky=0; unknown=0
8738,>30M,usmetalcraftinc.com,no,,,,0,,,no_public_email_found,not_flagged,contact_pages,,,,,,valid=0; invalid=0; risky=0; unknown=0
8739,>30M,thesingletarys.com,yes,,,https://corebrandmarketing.typeform.com/to/FpXBm8H8,0,,,no_public_email_found,not_flagged,contact_pages,,,,,,valid=0; invalid=0; risky=0; unknown=0
8740,>30M,founderscrossing.com,no,,,,0,,,no_public_email_found,not_flagged,contact_pages,,,,,,valid=0; invalid=0; risky=0; unknown=0
8741,>30M,bluffparkdental.com,no,,,,0,,admin@bluffparkdental.com,showing_email_candidates,not_flagged,contact_pages,admin@bluffparkdental.com,admin@bluffparkdental.com,,,,valid=1; invalid=0; risky=0; unknown=0
8742,>30M,lapetitevadrouille.net,yes,,,https://form.typeform.com/to/tdZoXF,0,,etienne@lapetitevadrouille.net,showing_email_candidates,not_flagged,contact_pages,,,,,,valid=0; invalid=0; risky=0; unknown=0
8743,>30M,iqsay.com,yes,,,https://admin.typeform.com/ ; https://embed.typeform.com/ ; https://images.typeform.com/ ; https://iqsay.typeform.com/to/OpkzAo ; https://iqsay.typeform.com/to/URFSo8,0,,info@iqsay.com ; support@iqsay.com,showing_email_candidates,not_flagged,contact_pages,info@iqsay.com ; support@iqsay.com,,,,info@iqsay.com ; support@iqsay.com,valid=0; invalid=0; risky=0; unknown=2
8744,>30M,buzzpacker.com,yes,,,,0,,,no_public_email_found,not_flagged,contact_pages,,,,,,valid=0; invalid=0; risky=0; unknown=0
8745,>30M,suprflow.com,yes,,,https://8htfga5n0s3.typeform.com/to/fo1lcqCn,0,,,no_public_email_found,not_flagged,contact_pages,,,,,,valid=0; invalid=0; risky=0; unknown=0
8746,>30M,leadnotlag.com,no,,,,0,,abi@leadnotlag.com,showing_email_candidates,not_flagged,contact_pages,,,,,,valid=0; invalid=0; risky=0; unknown=0
8747,>30M,designgraduate.com,yes,,,,0,,,no_public_email_found,not_flagged,contact_pages,,,,,,valid=0; invalid=0; risky=0; unknown=0
8748,>30M,juandco.fr,no,,,,0,,contact@juandco.fr ; osiris.agency74@gmail.com,showing_email_candidates,not_flagged,contact_pages,contact@juandco.fr,contact@juandco.fr,,,,valid=1; invalid=0; risky=0; unknown=0
8749,>30M,dimartiniconstruction.com,yes,,,https://alephantsnyc.typeform.com/to/tqzp3o ; https://embed.typeform.com/,0,,,no_public_email_found,not_flagged,contact_pages,,,,,,valid=0; invalid=0; risky=0; unknown=0
8750,>30M,northshorepestcontrol.co.nz,yes,,,,0,,,no_public_email_found,not_flagged,contact_pages,,,,,,valid=0; invalid=0; risky=0; unknown=0
8751,>30M,traineatlove.com,yes,,,https://zfjphmi26mv.typeform.com/to/bY4eKXhN,0,,,no_public_email_found,not_flagged,contact_pages,,,,,,valid=0; invalid=0; risky=0; unknown=0
8752,>30M,betterwealth.com,no,,,,0,,info@betterwealth.com,showing_email_candidates,not_flagged,contact_pages,info@betterwealth.com,,,,info@betterwealth.com,valid=0; invalid=0; risky=0; unknown=1
8753,>30M,offthehookleads.com,no,,,,0,,edefoe@offthehookleads.com ; flags@2x.png,showing_email_candidates,not_flagged,contact_pages,,,,,,valid=0; invalid=0; risky=0; unknown=0
8754,>30M,makethebreak.com,no,,,,0,,,no_public_email_found,not_flagged,contact_pages,,,,,,valid=0; invalid=0; risky=0; unknown=0
8755,>30M,takemoto-cl.com,no,,,,0,,,no_public_email_found,not_flagged,contact_pages,,,,,,valid=0; invalid=0; risky=0; unknown=0
8756,>30M,global-navi.net,no,,,,0,,,no_public_email_found,not_flagged,contact_pages,,,,,,valid=0; invalid=0; risky=0; unknown=0
8757,>30M,inmobiliariaerribide.com,yes,,,https://embed.typeform.com/ ; https://form.typeform.com/to/sIetdeth,0,,inf@noiliarierid.com ; info@inmobiliariaerribide.com,showing_email_candidates,not_flagged,contact_pages,info@inmobiliariaerribide.com,,,,info@inmobiliariaerribide.com,valid=0; invalid=0; risky=0; unknown=1
8758,>30M,100tasks.com,no,,,,0,,martin@bell.ventures,showing_email_candidates,not_flagged,contact_pages,,,,,,valid=0; invalid=0; risky=0; unknown=0
8759,>30M,cheesepop.com,no,,,,0,,,no_public_email_found,not_flagged,contact_pages,,,,,,valid=0; invalid=0; risky=0; unknown=0
8760,>30M,byfaro.com,no,,,,0,,hello@byfaro.com ; mgscott@dundermifflin.com,showing_email_candidates,not_flagged,contact_pages,hello@byfaro.com,hello@byfaro.com,,,,valid=1; invalid=0; risky=0; unknown=0
8761,>30M,haslettheating.com,no,,,,0,,info@tylerheating.com,showing_email_candidates,not_flagged,contact_pages,,,,,,valid=0; invalid=0; risky=0; unknown=0
8762,>30M,pay24seven.com,no,,,,0,,info@pay24seven.com,showing_email_candidates,not_flagged,contact_pages,info@pay24seven.com,,,,info@pay24seven.com,valid=0; invalid=0; risky=0; unknown=1
8763,>30M,tonypappalardo.com,yes,,,https://embed.typeform.com/ ; https://team007.typeform.com/to/N6VJBU7g,0,,,no_public_email_found,not_flagged,contact_pages,,,,,,valid=0; invalid=0; risky=0; unknown=0
8764,>30M,paulinenakirya.com,yes,,,,0,,,no_public_email_found,not_flagged,contact_pages,,,,,,valid=0; invalid=0; risky=0; unknown=0
8765,>30M,redblock.com,no,,,https://7u59sm7ofr7.typeform.com/,0,,info@reblockrealty.com ; info@redblockrealty.com,showing_email_candidates,not_flagged,contact_pages,,,,,,valid=0; invalid=0; risky=0; unknown=0
8766,>30M,stevelentini.com,yes,,,https://form.typeform.com/to/RliggGaS,0,,john@doe.com ; lentini@stevelentini.com ; office@stevelentini.com ; steve@stevelentini.com ; steve@stevelentini.comfor,showing_email_candidates,not_flagged,contact_pages,office@stevelentini.com,,,,office@stevelentini.com,valid=0; invalid=0; risky=0; unknown=1
8767,>30M,hawaiipad.com,yes,,,https://bryanduropan.typeform.com/to/eoeGcn ; https://embed.typeform.com/,0,,,no_public_email_found,not_flagged,contact_pages,,,,,,valid=0; invalid=0; risky=0; unknown=0
8768,>30M,cfmusic.org,yes,,,,0,,johannes@cfmusic.org,showing_email_candidates,not_flagged,contact_pages,,,,,,valid=0; invalid=0; risky=0; unknown=0
8769,>30M,ismaelgomez.com,yes,,,https://form.typeform.com/to/Z7Npnfj8,0,,,no_public_email_found,not_flagged,contact_pages,,,,,,valid=0; invalid=0; risky=0; unknown=0
8770,>30M,primesourcect.com,no,,,,0,,,no_public_email_found,not_flagged,contact_pages,,,,,,valid=0; invalid=0; risky=0; unknown=0
8771,>30M,representmenow.com,no,,,,0,,info@representmenow.com,showing_email_candidates,not_flagged,contact_pages,info@representmenow.com,,,,info@representmenow.com,valid=0; invalid=0; risky=0; unknown=1
8772,>30M,betterbackgroundchecks.com,no,,,,0,,info@betterbackgroundchecks.com,showing_email_candidates,not_flagged,contact_pages,info@betterbackgroundchecks.com,,,,info@betterbackgroundchecks.com,valid=0; invalid=0; risky=0; unknown=1
8773,>30M,watanabe-seisaku.com,no,,,,0,,,no_public_email_found,not_flagged,contact_pages,,,,,,valid=0; invalid=0; risky=0; unknown=0
8774,>30M,austriahaus.com,yes,,,,0,,,no_public_email_found,not_flagged,contact_pages,,,,,,valid=0; invalid=0; risky=0; unknown=0
8775,>30M,rossiportoes.com.ar,no,,,,0,,info@opentec.com.ar ; ionicons@5.5.2,showing_email_candidates,not_flagged,contact_pages,,,,,,valid=0; invalid=0; risky=0; unknown=0
8776,>30M,bestmauiweddingplanners.com,no,,,https://embed.typeform.com/,0,,,no_public_email_found,not_flagged,contact_pages,,,,,,valid=0; invalid=0; risky=0; unknown=0
8777,>30M,okadakougyou118.com,no,,,,0,,,no_public_email_found,not_flagged,contact_pages,,,,,,valid=0; invalid=0; risky=0; unknown=0
8778,>30M,wowfit.ru,no,,,https://embed.typeform.com/,0,,hello@wowfit.ru,showing_email_candidates,not_flagged,contact_pages,hello@wowfit.ru,hello@wowfit.ru,,,,valid=1; invalid=0; risky=0; unknown=0
8779,>30M,amassequity.com,no,,,,0,,flags@2x.png ; participant@email.com,showing_email_candidates,not_flagged,contact_pages,,,,,,valid=0; invalid=0; risky=0; unknown=0
8780,>30M,capshots.net,yes,,,https://ligerpartners.typeform.com/to/xPCveO,0,,,no_public_email_found,not_flagged,contact_pages,,,,,,valid=0; invalid=0; risky=0; unknown=0
8781,>30M,lebonsalaire.com,yes,,,https://form.typeform.com/to/EESjsjs2,0,,,no_public_email_found,not_flagged,contact_pages,,,,,,valid=0; invalid=0; risky=0; unknown=0
8782,>30M,kingfisherplace.com,yes,,,,0,,,no_public_email_found,not_flagged,contact_pages,,,,,,valid=0; invalid=0; risky=0; unknown=0
8783,>30M,nympho.dk,no,,,,0,,,no_public_email_found,not_flagged,contact_pages,,,,,,valid=0; invalid=0; risky=0; unknown=0
8784,>30M,shopbrend.com,no,,,,0,,marketplace@optimerce.nl ; yara@optimerce.nl,showing_email_candidates,not_flagged,contact_pages,,,,,,valid=0; invalid=0; risky=0; unknown=0
8785,>30M,optyy.com,yes,,,https://upfrog.typeform.com/to/ez6mRiW9,0,,contact@mysite.com ; contact@optyy.com,showing_email_candidates,not_flagged,contact_pages,contact@optyy.com,contact@optyy.com,,,,valid=1; invalid=0; risky=0; unknown=0
8786,>30M,perkpass.com,no,,,,0,,,no_public_email_found,not_flagged,contact_pages,,,,,,valid=0; invalid=0; risky=0; unknown=0
8787,>30M,anthonysandi.com,yes,,,,0,,hello@unlockedfounders.com,showing_email_candidates,not_flagged,contact_pages,,,,,,valid=0; invalid=0; risky=0; unknown=0
8788,>30M,cre8tivevisions.com,yes,,,https://dugmorey.typeform.com/to/FnnCMWbL,0,,hi@cre8tivevision.com,showing_email_candidates,not_flagged,contact_pages,,,,,,valid=0; invalid=0; risky=0; unknown=0
8789,>30M,thechicagodogwhisperer.com,yes,,,,0,,,no_public_email_found,not_flagged,contact_pages,,,,,,valid=0; invalid=0; risky=0; unknown=0
8790,>30M,man2man.com.au,yes,,,,0,,,no_public_email_found,not_flagged,contact_pages,,,,,,valid=0; invalid=0; risky=0; unknown=0
8791,>30M,wipercloud.com,yes,,,,0,,,no_public_email_found,not_flagged,contact_pages,,,,,,valid=0; invalid=0; risky=0; unknown=0
8792,>30M,dreambusinessmatch.com,yes,,,https://form.typeform.com/to/fArVqKt4,0,,,no_public_email_found,not_flagged,contact_pages,,,,,,valid=0; invalid=0; risky=0; unknown=0
8793,>30M,taylor-powell.com,no,,,,0,,,no_public_email_found,not_flagged,contact_pages,,,,,,valid=0; invalid=0; risky=0; unknown=0
8794,>30M,rscm1429.org,no,,,,0,,605a7baede844d278b89dc95ae0a9123@sentry-next.wixpress.com ; 8c4075d5481d476e945486754f783364@sentry.io ; core-js-bundle@3.2.1 ; focus-within-polyfill@5.0.9 ; intl-segmenter@11.7.10 ; lodash@4.17.23 ; react-dom@18.3.1 ; react@18.3.1 ; rscm1429thirdst@yahoo.com ; rspack@1.6.8,showing_email_candidates,not_flagged,contact_pages,,,,,,valid=0; invalid=0; risky=0; unknown=0
8795,>30M,hotelhouten.com,no,,,,0,,,no_public_email_found,not_flagged,contact_pages,,,,,,valid=0; invalid=0; risky=0; unknown=0
8796,>30M,catami.org,yes,,,https://2q4uoj59kp8.typeform.com/to/w4WumdGm,0,,,no_public_email_found,not_flagged,contact_pages,,,,,,valid=0; invalid=0; risky=0; unknown=0
8797,>30M,wasserspender.ch,no,,,,0,,service@ommax.de,showing_email_candidates,not_flagged,contact_pages,,,,,,valid=0; invalid=0; risky=0; unknown=0
8798,>30M,samipe.com,no,,,,0,,you@agency.com,showing_email_candidates,not_flagged,contact_pages,,,,,,valid=0; invalid=0; risky=0; unknown=0
8799,>30M,digilibe.com,yes,,,https://form.typeform.com/to/GFergKl0,0,,,no_public_email_found,not_flagged,contact_pages,,,,,,valid=0; invalid=0; risky=0; unknown=0
8800,>30M,lumasites.com,yes,,,,0,,,no_public_email_found,not_flagged,contact_pages,,,,,,valid=0; invalid=0; risky=0; unknown=0
8801,>30M,aiimpacts.org,no,,,,0,,,no_public_email_found,not_flagged,contact_pages,,,,,,valid=0; invalid=0; risky=0; unknown=0
8802,>30M,holisticism.com,yes,,,https://holisticismco.typeform.com/to/O0GH9Ggi,0,,hello@ohholisticism.com,showing_email_candidates,not_flagged,contact_pages,,,,,,valid=0; invalid=0; risky=0; unknown=0
8803,>30M,wellbeingchallenge.com,yes,,,https://s7az05uplt3.typeform.com/to/w9irfwb8,0,,,no_public_email_found,not_flagged,contact_pages,,,,,,valid=0; invalid=0; risky=0; unknown=0
8804,>30M,thesharpsolutions.com,yes,,,,0,,,no_public_email_found,not_flagged,contact_pages,,,,,,valid=0; invalid=0; risky=0; unknown=0
8805,>30M,surgicalrx.com,yes,,,https://dnzekjlud75.typeform.com/to/QWt1Bqgz,0,,info@surgicalrx.com,showing_email_candidates,not_flagged,contact_pages,info@surgicalrx.com,,,,info@surgicalrx.com,valid=0; invalid=0; risky=0; unknown=1
8806,>30M,uxdesigncontest.com,yes,,,https://adamruf.typeform.com/to/ZGZC6W,0,,adam@adamruf.com ; footer-twitch-plug@2x.png ; peeps-ux-design-contest-intro-illustration--hover@2x.png ; peeps-ux-design-contest-intro-illustration@2x.png ; shapes-group-1@2x.png ; shapes-group-2@2x.png ; ux-design-contest-trophy-banner@2x.png ; ux-trophy@2x.png,showing_email_candidates,not_flagged,contact_pages,,,,,,valid=0; invalid=0; risky=0; unknown=0
8807,>30M,hrassist.com,no,,,,0,,,no_public_email_found,not_flagged,contact_pages,,,,,,valid=0; invalid=0; risky=0; unknown=0
8808,>30M,taxumo.com,no,,,,0,,customercare@taxumo.com ; gfs_alumni_withyear_2024@1.png,showing_email_candidates,not_flagged,contact_pages,,,,,,valid=0; invalid=0; risky=0; unknown=0
8809,>30M,decisionjuice.com,yes,,,,0,,,no_public_email_found,not_flagged,contact_pages,,,,,,valid=0; invalid=0; risky=0; unknown=0
8810,>30M,lifeco.info,yes,,,https://2wpt4ripden.typeform.com/to/AKWeery4 ; https://2wpt4ripden.typeform.com/to/CSza9sWK ; https://2wpt4ripden.typeform.com/to/fA9tU4GN ; https://2wpt4ripden.typeform.com/to/HW6WZi5W ; https://2wpt4ripden.typeform.com/to/IKDDHKu1 ; https://2wpt4ripden.typeform.com/to/ITkFZBby ; https://2wpt4ripden.typeform.com/to/m5sBH0vi ; https://2wpt4ripden.typeform.com/to/qPS8hZAz ; https://2wpt4ripden.typeform.com/to/TIEZ4clq,0,,info@lifeco.church,showing_email_candidates,not_flagged,contact_pages,,,,,,valid=0; invalid=0; risky=0; unknown=0
8811,>30M,ariroma.com,no,,,,0,,info@ariroma.com,showing_email_candidates,not_flagged,contact_pages,info@ariroma.com,,,,info@ariroma.com,valid=0; invalid=0; risky=0; unknown=1
8812,>30M,rafaedu.com,yes,,,https://ebu7hevsch8.typeform.com/to/bllS7Qnm,0,,danielle@rafaedu.com ; sebastian@aldusleaf.org,showing_email_candidates,not_flagged,contact_pages,,,,,,valid=0; invalid=0; risky=0; unknown=0
8813,>30M,randonnee-trekking-maroc.com,yes,,,https://form.typeform.com/to/BD4T331X ; https://form.typeform.com/to/X7Jp6Xon,0,,gite.zawyat_oulmzi@yahoo.fr,showing_email_candidates,not_flagged,contact_pages,,,,,,valid=0; invalid=0; risky=0; unknown=0
8814,>30M,thesportspecialist.com,yes,,,https://kaylee089987.typeform.com/to/ucaqlFIi,0,,hello@yoursite.com ; info@thesportspecialist.com,showing_email_candidates,not_flagged,contact_pages,info@thesportspecialist.com,,,,info@thesportspecialist.com,valid=0; invalid=0; risky=0; unknown=1
8815,>30M,dulco.it,no,,,,0,,,no_public_email_found,not_flagged,contact_pages,,,,,,valid=0; invalid=0; risky=0; unknown=0
8816,>30M,grupovertice.com,no,,,,0,,info@grupovertice.com ; info@solucionescumlaude.com ; info@verticelearning.com,showing_email_candidates,not_flagged,contact_pages,info@grupovertice.com,,,,info@grupovertice.com,valid=0; invalid=0; risky=0; unknown=1
8817,>30M,hopeforababy.com,no,,,,0,,,no_public_email_found,not_flagged,contact_pages,,,,,,valid=0; invalid=0; risky=0; unknown=0
8818,>30M,foerdermittelberatung.de,yes,,,https://foerdermittel.typeform.com/to/XeWUkj,0,,info@wabeco.de,showing_email_candidates,not_flagged,contact_pages,,,,,,valid=0; invalid=0; risky=0; unknown=0
8819,>30M,juneandlily.com,yes,,,https://2lymhhva57k.typeform.com/to/utWiPhfH,0,,,no_public_email_found,not_flagged,contact_pages,,,,,,valid=0; invalid=0; risky=0; unknown=0
8820,>30M,treasuredivingwithcaptaindom.com,no,,,,0,,,no_public_email_found,not_flagged,contact_pages,,,,,,valid=0; invalid=0; risky=0; unknown=0
8821,>30M,afkar.co,yes,,,,0,,,no_public_email_found,not_flagged,contact_pages,,,,,,valid=0; invalid=0; risky=0; unknown=0
8822,>30M,boostfriends.com,no,,,,0,,,no_public_email_found,not_flagged,contact_pages,,,,,,valid=0; invalid=0; risky=0; unknown=0
8823,>30M,stiegenmeister.at,no,,,,0,,klaus.pilz@stiegenmeister.at ; max.haeupl@stiegenmeister.at ; max@mustermann.de ; office@stiegenmeister.at,showing_email_candidates,not_flagged,contact_pages,office@stiegenmeister.at,,,,office@stiegenmeister.at,valid=0; invalid=0; risky=0; unknown=1
8824,>30M,theplanningsociety.com,yes,,,https://theplanningsociety.typeform.com/to/jzsrp3 ; https://theplanningsociety.typeform.com/to/mEkzap ; https://theplanningsociety.typeform.com/to/PRkxzv,0,,hello@theplanningsociety.com,showing_email_candidates,not_flagged,contact_pages,hello@theplanningsociety.com,hello@theplanningsociety.com,,,,valid=1; invalid=0; risky=0; unknown=0
8825,>30M,ncievents.com,no,,,,0,,,no_public_email_found,not_flagged,contact_pages,,,,,,valid=0; invalid=0; risky=0; unknown=0
8826,>30M,nlsupport.eu,yes,,,,0,,,no_public_email_found,not_flagged,contact_pages,,,,,,valid=0; invalid=0; risky=0; unknown=0
8827,>30M,ueki-geka.net,no,,,,0,,,no_public_email_found,not_flagged,contact_pages,,,,,,valid=0; invalid=0; risky=0; unknown=0
8828,>30M,grecruiter.com,no,,,,0,,info@grecruiter.com,showing_email_candidates,not_flagged,contact_pages,info@grecruiter.com,,,,info@grecruiter.com,valid=0; invalid=0; risky=0; unknown=1
8829,>30M,fundaciovellametller.com,no,,,,0,,barcelonainfo@fundaciovellametller.estelf ; info@fundaciovellametller.es,showing_email_candidates,not_flagged,contact_pages,,,,,,valid=0; invalid=0; risky=0; unknown=0
8830,>30M,topfieldservicemanagementsoftware.com,no,,,https://embed.typeform.com/,0,,,no_public_email_found,not_flagged,contact_pages,,,,,,valid=0; invalid=0; risky=0; unknown=0
8831,>30M,birthinjurylawoffices.com,no,,,,0,,,no_public_email_found,not_flagged,contact_pages,,,,,,valid=0; invalid=0; risky=0; unknown=0
8832,>30M,ws-lawyers.com,yes,,,,0,,,no_public_email_found,not_flagged,contact_pages,,,,,,valid=0; invalid=0; risky=0; unknown=0
8833,>30M,in-formazione.eu,no,,,,0,,dogood@qodeinteractive.com ; segreteria@in-formazione.eu,showing_email_candidates,not_flagged,contact_pages,,,,,,valid=0; invalid=0; risky=0; unknown=0
8834,>30M,hcaptcha.com,no,,,,0,,sales+vpat@hcaptcha.com ; sales@hcaptcha.com ; support@hcaptcha.com,showing_email_candidates,not_flagged,contact_pages,sales@hcaptcha.com ; support@hcaptcha.com,,,,sales@hcaptcha.com ; support@hcaptcha.com,valid=0; invalid=0; risky=0; unknown=2
8835,>30M,arterasca.com,yes,,,https://5j1vl309rdp.typeform.com/to/JVHuKySo,0,,info@arterasca.com,showing_email_candidates,not_flagged,contact_pages,info@arterasca.com,,,,info@arterasca.com,valid=0; invalid=0; risky=0; unknown=1
8836,>30M,enviveo.com,yes,,,,0,,client-support@enviveo.com ; info@enviveo.com ; master%20full%20logo_horizontal_1200ppi_tm@1200.svg ; master%20full%20logo_horizontal_reversed_with%20line%201200ppi@1200x.png ; master%20full%20logo_one%20color_no%20words%201200ppi@1200x-2.png ; master%20full%20logo_with%20line%201200ppi@1200x-2.png,showing_email_candidates,not_flagged,contact_pages,info@enviveo.com,,,,info@enviveo.com,valid=0; invalid=0; risky=0; unknown=1
8837,>30M,noirlabs.org,yes,,,https://noirlabs.typeform.com/to/D0JoMO9z,0,,,no_public_email_found,not_flagged,contact_pages,,,,,,valid=0; invalid=0; risky=0; unknown=0
8838,>30M,revelatoria.com,no,,,,0,,,no_public_email_found,not_flagged,contact_pages,,,,,,valid=0; invalid=0; risky=0; unknown=0
8839,>30M,rubendariodiaz.com,yes,,,,0,,,no_public_email_found,not_flagged,contact_pages,,,,,,valid=0; invalid=0; risky=0; unknown=0
8840,>30M,munzicodes.com,yes,,,https://wwcnyc1.typeform.com/to/L8dHeL,0,,1@2x.png,showing_email_candidates,not_flagged,contact_pages,,,,,,valid=0; invalid=0; risky=0; unknown=0
8841,>30M,mailscience.com,yes,,,,0,,,no_public_email_found,not_flagged,contact_pages,,,,,,valid=0; invalid=0; risky=0; unknown=0
8842,>30M,ohuchi.jp,no,,,,0,,,no_public_email_found,not_flagged,contact_pages,,,,,,valid=0; invalid=0; risky=0; unknown=0
8843,>30M,melaniegierszal.com,no,,,,0,,gierszal.melanie@gmail.com ; lucide-static@0.321.0 ; modern-normalize@2.0.0,showing_email_candidates,not_flagged,contact_pages,,,,,,valid=0; invalid=0; risky=0; unknown=0
8844,>30M,cyberdragon.eu,yes,,,https://aj2qio6wss1.typeform.com/to/vRmIeSwQ,0,,info@cyberdragon.eu,showing_email_candidates,not_flagged,contact_pages,info@cyberdragon.eu,,,,info@cyberdragon.eu,valid=0; invalid=0; risky=0; unknown=1
8845,>30M,qarbono.com,no,,,,0,,,no_public_email_found,not_flagged,contact_pages,,,,,,valid=0; invalid=0; risky=0; unknown=0
8846,>30M,aksiram.nl,no,,,,0,,,no_public_email_found,not_flagged,contact_pages,,,,,,valid=0; invalid=0; risky=0; unknown=0
8847,>30M,dppcloud.com,no,,,,0,,lottie-player@2.0.4,showing_email_candidates,not_flagged,contact_pages,,,,,,valid=0; invalid=0; risky=0; unknown=0
8848,>30M,hel.co,no,,,,0,,,no_public_email_found,not_flagged,contact_pages,,,,,,valid=0; invalid=0; risky=0; unknown=0
8849,>30M,wisconsinsocialsecurity.com,no,,,,0,,,no_public_email_found,not_flagged,contact_pages,,,,,,valid=0; invalid=0; risky=0; unknown=0
8850,>30M,nagatsuta-dc.com,no,,,,0,,,no_public_email_found,not_flagged,contact_pages,,,,,,valid=0; invalid=0; risky=0; unknown=0
8851,>30M,kuvertiermaschine.net,yes,,,https://embed.typeform.com/ ; https://form.typeform.com/to/diKrv85b,0,,datenschutz@bbv-domke.de ; kontakt-dsb@althammer-kill.de ; kontakt@bbv-domke.de,showing_email_candidates,not_flagged,contact_pages,,,,,,valid=0; invalid=0; risky=0; unknown=0
8852,>30M,tinchlawmd.com,no,,,,0,,,no_public_email_found,not_flagged,contact_pages,,,,,,valid=0; invalid=0; risky=0; unknown=0
8853,>30M,cortiment.nl,no,,,,0,,info@ferringfertiliteit.nl ; info@guthealth.nl,showing_email_candidates,not_flagged,contact_pages,,,,,,valid=0; invalid=0; risky=0; unknown=0
8854,>30M,secondopassaporto.com,yes,,,,0,,,no_public_email_found,not_flagged,contact_pages,,,,,,valid=0; invalid=0; risky=0; unknown=0
8855,>30M,onestrawberrylane.com,no,,,,0,,,no_public_email_found,not_flagged,contact_pages,,,,,,valid=0; invalid=0; risky=0; unknown=0
8856,>30M,bakatsuper.com,no,,,,0,,,no_public_email_found,not_flagged,contact_pages,,,,,,valid=0; invalid=0; risky=0; unknown=0
8857,>30M,shiftcf.org,yes,,,https://shift4.typeform.com/to/fW755T ; https://shift4.typeform.com/to/RHg8i9,0,,frantz@shiftcf.org ; info@shiftcf.org ; marcus@shiftcf.org,showing_email_candidates,not_flagged,contact_pages,info@shiftcf.org,,,,info@shiftcf.org,valid=0; invalid=0; risky=0; unknown=1
8858,>30M,lease-estate.com,no,,,,0,,info@lease-estate.com,showing_email_candidates,not_flagged,contact_pages,info@lease-estate.com,,,,info@lease-estate.com,valid=0; invalid=0; risky=0; unknown=1
8859,>30M,clearairway.com,no,,,,0,,,no_public_email_found,not_flagged,contact_pages,,,,,,valid=0; invalid=0; risky=0; unknown=0
8860,>30M,real-rise.com,yes,,,,0,,,no_public_email_found,not_flagged,contact_pages,,,,,,valid=0; invalid=0; risky=0; unknown=0
8861,>30M,qvino.com,yes,,,,0,,,no_public_email_found,not_flagged,contact_pages,,,,,,valid=0; invalid=0; risky=0; unknown=0
8862,>30M,canadainsure.ca,yes,,,,0,,,no_public_email_found,not_flagged,contact_pages,,,,,,valid=0; invalid=0; risky=0; unknown=0
8863,>30M,uji-butsuryu.com,no,,,,0,,,no_public_email_found,not_flagged,contact_pages,,,,,,valid=0; invalid=0; risky=0; unknown=0
8864,>30M,cemdoe.com,yes,,,https://cemdoe.typeform.com/to/t6r9iRoG,0,,andres@kation.com.do ; gerencia@cemdoe.com ; infoinvestigacion@cemdoe.com ; jquery-mask-plugin@1.14.16 ; jquery-validation@1.19.3 ; prensa@cemdoe.com ; select2@4.1.0-rc.0,showing_email_candidates,not_flagged,contact_pages,,,,,,valid=0; invalid=0; risky=0; unknown=0
8865,>30M,morepraxis.com,yes,,,https://ntwhc0g3bj5.typeform.com/to/UqKJU1rA,0,,example@gmail.com,showing_email_candidates,not_flagged,contact_pages,,,,,,valid=0; invalid=0; risky=0; unknown=0
8866,>30M,hotelhomestays.com,yes,,,,0,,hello@gmail.com ; info@hotelhomestays.com,showing_email_candidates,not_flagged,contact_pages,info@hotelhomestays.com,,,,info@hotelhomestays.com,valid=0; invalid=0; risky=0; unknown=1
8867,>30M,carolevictor.com.br,no,,,,0,,,no_public_email_found,not_flagged,contact_pages,,,,,,valid=0; invalid=0; risky=0; unknown=0
8868,>30M,betterbodyacademy.com,yes,,,https://betterbodyacademy.typeform.com/to/wrqx2sfT,0,,,no_public_email_found,not_flagged,contact_pages,,,,,,valid=0; invalid=0; risky=0; unknown=0
8869,>30M,myeaglepass.com,yes,,,https://lightspeed-commerce.typeform.com/to/g1vcP7FR,0,,example@email.com ; hello-there@example.com ; john.doe@email.com,showing_email_candidates,not_flagged,contact_pages,,,,,,valid=0; invalid=0; risky=0; unknown=0
8870,>30M,unterweisungscenter.de,yes,,,,0,,,no_public_email_found,not_flagged,contact_pages,,,,,,valid=0; invalid=0; risky=0; unknown=0
8871,>30M,clipma.com,yes,,,https://7p7gx2ws0fs.typeform.com/to/hDFXch72,0,,hello@clipma.com,showing_email_candidates,not_flagged,contact_pages,hello@clipma.com,hello@clipma.com,,,,valid=1; invalid=0; risky=0; unknown=0
8872,>30M,outfunnel.com,no,,,,0,,info@outfunnel.com,showing_email_candidates,not_flagged,contact_pages,info@outfunnel.com,,,,info@outfunnel.com,valid=0; invalid=0; risky=0; unknown=1
8873,>30M,marnusbroodryk.com,yes,,,,0,,,no_public_email_found,not_flagged,contact_pages,,,,,,valid=0; invalid=0; risky=0; unknown=0
8874,>30M,dinesurf.com,no,,,,0,,boosters-countup@1.0.2,showing_email_candidates,not_flagged,contact_pages,,,,,,valid=0; invalid=0; risky=0; unknown=0
8875,>30M,lincoln-avocats.com,yes,,,https://form.typeform.com/to/syTdJRu1,0,,contact@lincoln-avocats.com ; splide-extension-grid@0.3.20 ; splide@3.6.12,showing_email_candidates,not_flagged,contact_pages,contact@lincoln-avocats.com,contact@lincoln-avocats.com,,,,valid=1; invalid=0; risky=0; unknown=0
8876,>30M,tintaink.com,no,,,,0,,cristina@tintaink.com,showing_email_candidates,not_flagged,contact_pages,,,,,,valid=0; invalid=0; risky=0; unknown=0
8877,>30M,yatesadvisory.com,no,,,,0,,robin@yatesadvisory.com,showing_email_candidates,not_flagged,contact_pages,,,,,,valid=0; invalid=0; risky=0; unknown=0
8878,>30M,inouve.com,yes,,,,0,,,no_public_email_found,not_flagged,contact_pages,,,,,,valid=0; invalid=0; risky=0; unknown=0
8879,>30M,clickbankcoaching.com,no,,,,0,,,no_public_email_found,not_flagged,contact_pages,,,,,,valid=0; invalid=0; risky=0; unknown=0
8880,>30M,talent-pool.com,no,,,,0,,,no_public_email_found,not_flagged,contact_pages,,,,,,valid=0; invalid=0; risky=0; unknown=0
8881,>30M,freistadt-info.at,no,,,,0,,,no_public_email_found,not_flagged,contact_pages,,,,,,valid=0; invalid=0; risky=0; unknown=0
8882,>30M,all-isol.be,no,,,,0,,info@all-isol.be,showing_email_candidates,not_flagged,contact_pages,info@all-isol.be,,,,info@all-isol.be,valid=0; invalid=0; risky=0; unknown=1
8883,>30M,hattech.com.au,yes,,,https://embed.typeform.com/ ; https://johnhatfield.typeform.com/to/ZklDHf,0,,,no_public_email_found,not_flagged,contact_pages,,,,,,valid=0; invalid=0; risky=0; unknown=0
8884,>30M,merchantfinancial.com,no,,,https://merchantfinancial.typeform.com/ ; https://u61zqhrmemv.typeform.com/,0,,inquiries@merchantfinancial.com,showing_email_candidates,not_flagged,contact_pages,inquiries@merchantfinancial.com,,,,inquiries@merchantfinancial.com,valid=0; invalid=0; risky=0; unknown=1
8885,>30M,zahradavidson.com,no,,,,0,,,no_public_email_found,not_flagged,contact_pages,,,,,,valid=0; invalid=0; risky=0; unknown=0
8886,>30M,markallensports.com,yes,,,https://embed.typeform.com/ ; https://form.typeform.com/to/PAEUyooG,0,,,no_public_email_found,not_flagged,contact_pages,,,,,,valid=0; invalid=0; risky=0; unknown=0
8887,>30M,thetechnoexpert.com,yes,,,,0,,,no_public_email_found,not_flagged,contact_pages,,,,,,valid=0; invalid=0; risky=0; unknown=0
8888,>30M,beautybydoctor.com,yes,,,https://beautybydoctor.typeform.com/to/HuGvsmbt,0,,,no_public_email_found,not_flagged,contact_pages,,,,,,valid=0; invalid=0; risky=0; unknown=0
8889,>30M,myagentscott.com,yes,,,https://form.typeform.com/to/NYFpvqQg,0,,service@myagentscott.com,showing_email_candidates,not_flagged,contact_pages,service@myagentscott.com,,,,service@myagentscott.com,valid=0; invalid=0; risky=0; unknown=1
8890,>30M,scalelist.com,yes,,,,0,,,no_public_email_found,not_flagged,contact_pages,,,,,,valid=0; invalid=0; risky=0; unknown=0
8891,>30M,sato-kaikei.info,no,,,,0,,,no_public_email_found,not_flagged,contact_pages,,,,,,valid=0; invalid=0; risky=0; unknown=0
8892,>30M,digital3rdcoast.com,no,,,,0,,,no_public_email_found,not_flagged,contact_pages,,,,,,valid=0; invalid=0; risky=0; unknown=0
8893,>30M,sansoh.net,no,,,,0,,,no_public_email_found,not_flagged,contact_pages,,,,,,valid=0; invalid=0; risky=0; unknown=0
8894,>30M,thegreysanctuary.com,yes,,,https://h6022iym330.typeform.com/to/yX8k7tH0,0,,fork-awesome@1.1.7,showing_email_candidates,not_flagged,contact_pages,,,,,,valid=0; invalid=0; risky=0; unknown=0
8895,>30M,pbsbureaux.com,yes,,,https://vc6dwjwdyom.typeform.com/to/mHp00qw2,0,,,no_public_email_found,not_flagged,contact_pages,,,,,,valid=0; invalid=0; risky=0; unknown=0
8896,>30M,legacypoolsinc.com,no,,,,0,,legacypools@me.com ; legacypoolsbyblake@gmail.com,showing_email_candidates,not_flagged,contact_pages,,,,,,valid=0; invalid=0; risky=0; unknown=0
8897,>30M,seojobshub.com,no,,,,0,,,no_public_email_found,not_flagged,contact_pages,,,,,,valid=0; invalid=0; risky=0; unknown=0
8898,>30M,cloudalign.com,no,,,,0,,,no_public_email_found,not_flagged,contact_pages,,,,,,valid=0; invalid=0; risky=0; unknown=0
8899,>30M,reganely.ch,yes,,,https://form.typeform.com/to/B5dHwhoD ; https://qmshezl8ocv.typeform.com/,0,,info@reganely.ch,showing_email_candidates,not_flagged,contact_pages,info@reganely.ch,,,,info@reganely.ch,valid=0; invalid=0; risky=0; unknown=1
8900,>30M,7ni7.com,yes,,,,0,,,no_public_email_found,not_flagged,contact_pages,,,,,,valid=0; invalid=0; risky=0; unknown=0
8901,>30M,uxpressia.com,no,,,,0,,admin@uxpressia.com ; export@uxpressia.com ; guest@uxpressia.com ; marketing@uxpressia.com ; support@uxpressia.com ; u002fc4f6dd53ed794714b8cce8714ca18b0e@sentry.io ; yulia@uxpressia.com,showing_email_candidates,not_flagged,contact_pages,admin@uxpressia.com ; marketing@uxpressia.com ; support@uxpressia.com,admin@uxpressia.com,,,marketing@uxpressia.com ; support@uxpressia.com,valid=1; invalid=0; risky=0; unknown=2
8902,>30M,crushingverticals.com,yes,,,,0,,,no_public_email_found,not_flagged,contact_pages,,,,,,valid=0; invalid=0; risky=0; unknown=0
8903,>30M,socialsecuritynewjersey.com,no,,,,0,,,no_public_email_found,not_flagged,contact_pages,,,,,,valid=0; invalid=0; risky=0; unknown=0
8904,>30M,familiacastelo.com.br,no,,,,0,,,no_public_email_found,not_flagged,contact_pages,,,,,,valid=0; invalid=0; risky=0; unknown=0
8905,>30M,lumentumcreative.com,no,,,,0,,brent@lumentumcreative.com ; info@lumentumcreative.com ; slick-carousel@1.8.1,showing_email_candidates,not_flagged,contact_pages,info@lumentumcreative.com,,,,info@lumentumcreative.com,valid=0; invalid=0; risky=0; unknown=1
8906,>30M,ftlventures.com,no,,,https://embed.typeform.com/,0,,,no_public_email_found,not_flagged,contact_pages,,,,,,valid=0; invalid=0; risky=0; unknown=0
8907,>30M,samplexs.com,no,,,,0,,info@ingoodspirit.nl,showing_email_candidates,not_flagged,contact_pages,,,,,,valid=0; invalid=0; risky=0; unknown=0
8908,>30M,wingspanhealth.com,no,,,,0,,,no_public_email_found,not_flagged,contact_pages,,,,,,valid=0; invalid=0; risky=0; unknown=0
8909,>30M,peters-house.com,no,,,,0,,info@peters-house.com,showing_email_candidates,not_flagged,contact_pages,info@peters-house.com,,,,info@peters-house.com,valid=0; invalid=0; risky=0; unknown=1
8910,>30M,elektriker-darmstadt.de,no,,,,0,,,no_public_email_found,not_flagged,contact_pages,,,,,,valid=0; invalid=0; risky=0; unknown=0
8911,>30M,ucollabit.com,yes,,,https://ho4b8nd8jgk.typeform.com/to/JZqn2Zns,0,,,no_public_email_found,not_flagged,contact_pages,,,,,,valid=0; invalid=0; risky=0; unknown=0
8912,>30M,alohapad.com,yes,,,https://bryanduropan.typeform.com/to/eoeGcn ; https://embed.typeform.com/,0,,,no_public_email_found,not_flagged,contact_pages,,,,,,valid=0; invalid=0; risky=0; unknown=0
8913,>30M,premikko.com,no,,,,0,,purumikko@royal.ocn.ne.jp,showing_email_candidates,not_flagged,contact_pages,,,,,,valid=0; invalid=0; risky=0; unknown=0
8914,>30M,best-opportunity.com,no,,,,0,,,no_public_email_found,not_flagged,contact_pages,,,,,,valid=0; invalid=0; risky=0; unknown=0
8915,>30M,morgancohenbach.com,yes,,,https://wnfngufl5a9.typeform.com/to/Fae8M5xR,0,,support@morgancohenbach.com,showing_email_candidates,not_flagged,contact_pages,support@morgancohenbach.com,,,,support@morgancohenbach.com,valid=0; invalid=0; risky=0; unknown=1
8916,>30M,lancepederson.com,yes,,,https://422qld3e6la.typeform.com/to/FmklA1zv ; https://422qld3e6la.typeform.com/to/pOgXKVaR,0,,core@3.27.0 ; styles@1.4.1,showing_email_candidates,not_flagged,contact_pages,,,,,,valid=0; invalid=0; risky=0; unknown=0
8917,>30M,polishedsystem.com,yes,,,https://form.typeform.com/to/iiRtmAKv,0,,contact@pearlvfx.com ; flags@2x.png,showing_email_candidates,not_flagged,contact_pages,,,,,,valid=0; invalid=0; risky=0; unknown=0
8918,>30M,isioffice.eu,no,,,https://admin.typeform.com/to/dwk6gt,0,,office@world4you.com,showing_email_candidates,not_flagged,contact_pages,,,,,,valid=0; invalid=0; risky=0; unknown=0
8919,>30M,reprotel.com.br,yes,,,https://reprotel.typeform.com/to/nPvDHAHw,0,,,no_public_email_found,not_flagged,contact_pages,,,,,,valid=0; invalid=0; risky=0; unknown=0
8920,>30M,meimei.es,no,,,,0,,,no_public_email_found,not_flagged,contact_pages,,,,,,valid=0; invalid=0; risky=0; unknown=0
8921,>30M,sawada-seikei.com,no,,,,0,,,no_public_email_found,not_flagged,contact_pages,,,,,,valid=0; invalid=0; risky=0; unknown=0
8922,>30M,bestwebforms.com,no,,,,0,,shavkat@shavkat.com,showing_email_candidates,not_flagged,contact_pages,,,,,,valid=0; invalid=0; risky=0; unknown=0
8923,>30M,fostersonmusic.com,yes,,,https://elijah893834.typeform.com/to/dOhEKeQO ; https://worshipsupportnet.typeform.com/to/dOhEKeQO,0,,,no_public_email_found,not_flagged,contact_pages,,,,,,valid=0; invalid=0; risky=0; unknown=0
8924,>30M,pyramidhc.com,no,,,,0,,,no_public_email_found,not_flagged,contact_pages,,,,,,valid=0; invalid=0; risky=0; unknown=0
8925,>30M,welthungerhilfe.org,no,,,,0,,,no_public_email_found,not_flagged,contact_pages,,,,,,valid=0; invalid=0; risky=0; unknown=0
8926,>30M,palatehq.com,no,,,,0,,,no_public_email_found,not_flagged,contact_pages,,,,,,valid=0; invalid=0; risky=0; unknown=0
8927,>30M,sueciacarcancun.com,no,,,https://images.typeform.com/,0,,nombre@dominio.com,showing_email_candidates,not_flagged,contact_pages,,,,,,valid=0; invalid=0; risky=0; unknown=0
8928,>30M,carpetcleanerseo.com,yes,,,,0,,,no_public_email_found,not_flagged,contact_pages,,,,,,valid=0; invalid=0; risky=0; unknown=0
8929,>30M,kawasaki-yakkyoku.com,no,,,,0,,,no_public_email_found,not_flagged,contact_pages,,,,,,valid=0; invalid=0; risky=0; unknown=0
8930,>30M,venturevillas.com,no,,,https://embed.typeform.com/,0,,,no_public_email_found,not_flagged,contact_pages,,,,,,valid=0; invalid=0; risky=0; unknown=0
8931,>30M,soprema.nl,no,,,,0,,contact@soprema.nl ; info@soprema.nl,showing_email_candidates,not_flagged,contact_pages,contact@soprema.nl ; info@soprema.nl,contact@soprema.nl,,,info@soprema.nl,valid=1; invalid=0; risky=0; unknown=1
8932,>30M,eczacioglunakliyat.com,no,,,,0,,flasher@1.3.2 ; info@eczacioglunakliyat.com ; ornek@email.com,showing_email_candidates,not_flagged,contact_pages,info@eczacioglunakliyat.com,,,,info@eczacioglunakliyat.com,valid=0; invalid=0; risky=0; unknown=1
8933,>30M,ederpesca.com,no,,,,0,,,no_public_email_found,not_flagged,contact_pages,,,,,,valid=0; invalid=0; risky=0; unknown=0
8934,>30M,getoptimizer.com,yes,,,,0,,,no_public_email_found,not_flagged,contact_pages,,,,,,valid=0; invalid=0; risky=0; unknown=0
8935,>30M,heyflow.com,no,,,,0,,,no_public_email_found,not_flagged,contact_pages,,,,,,valid=0; invalid=0; risky=0; unknown=0
8936,>30M,hat9.com,yes,,,https://form.typeform.com/to/jLDVNEeJ,0,,,no_public_email_found,not_flagged,contact_pages,,,,,,valid=0; invalid=0; risky=0; unknown=0
8937,>30M,alfredodelcastillo.com,yes,,,,0,,,no_public_email_found,not_flagged,contact_pages,,,,,,valid=0; invalid=0; risky=0; unknown=0
8938,>30M,goldcoastglamourphotography.com.au,no,,,,0,,,no_public_email_found,not_flagged,contact_pages,,,,,,valid=0; invalid=0; risky=0; unknown=0
8939,>30M,ignite-logistics.com,no,,,,0,,,no_public_email_found,not_flagged,contact_pages,,,,,,valid=0; invalid=0; risky=0; unknown=0
8940,>30M,8decisions.com,yes,,,,0,,,no_public_email_found,not_flagged,contact_pages,,,,,,valid=0; invalid=0; risky=0; unknown=0
8941,>30M,localadleads.com,no,,,,0,,,no_public_email_found,not_flagged,contact_pages,,,,,,valid=0; invalid=0; risky=0; unknown=0
8942,>30M,qualitygrinding.net,no,,,,0,,,no_public_email_found,not_flagged,contact_pages,,,,,,valid=0; invalid=0; risky=0; unknown=0
8943,>30M,bearmountainweddings.com,no,,,https://embed.typeform.com/,0,,pastorsteventn@gmail.com,showing_email_candidates,not_flagged,contact_pages,,,,,,valid=0; invalid=0; risky=0; unknown=0
8944,>30M,theconversationalist.com,yes,,,https://theconversationalist.typeform.com/to/A8UnyeBX ; https://theconversationalist.typeform.com/to/NPLVVgah ; https://theconversationalist.typeform.com/to/QU3y10VX,0,,contact@theconversationalist.com ; jquery.counterup@2.1.0 ; partnerships@theconversationalist.com,showing_email_candidates,not_flagged,contact_pages,contact@theconversationalist.com,contact@theconversationalist.com,,,,valid=1; invalid=0; risky=0; unknown=0
8945,>30M,jameo.com,yes,,,https://jameo.typeform.com/to/MIfbqV2f,0,,,no_public_email_found,not_flagged,contact_pages,,,,,,valid=0; invalid=0; risky=0; unknown=0
8946,>30M,ax9.us,yes,,,,0,,,no_public_email_found,not_flagged,contact_pages,,,,,,valid=0; invalid=0; risky=0; unknown=0
8947,>30M,investissfrance.fr,no,,,,0,,contact@investissfrance.fr,showing_email_candidates,not_flagged,contact_pages,contact@investissfrance.fr,contact@investissfrance.fr,,,,valid=1; invalid=0; risky=0; unknown=0
8948,>30M,myexcelacademy.com,no,,,https://embed.typeform.com/ ; https://form.typeform.com/to/e9oXJoxs,0,,info@myexcelacademy.com,showing_email_candidates,not_flagged,contact_pages,info@myexcelacademy.com,,,,info@myexcelacademy.com,valid=0; invalid=0; risky=0; unknown=1
8949,>30M,gen-clinic.com,no,,,,0,,,no_public_email_found,not_flagged,contact_pages,,,,,,valid=0; invalid=0; risky=0; unknown=0
8950,>30M,mageus.com,yes,,,,0,,,no_public_email_found,not_flagged,contact_pages,,,,,,valid=0; invalid=0; risky=0; unknown=0
8951,>30M,maurino.com.br,yes,,,,0,,,no_public_email_found,not_flagged,contact_pages,,,,,,valid=0; invalid=0; risky=0; unknown=0
8952,>30M,alldayfba.com,no,,,,0,,fontawesome-free@6.4.0,showing_email_candidates,not_flagged,contact_pages,,,,,,valid=0; invalid=0; risky=0; unknown=0
8953,>30M,raquelerenato.com.br,no,,,,0,,,no_public_email_found,not_flagged,contact_pages,,,,,,valid=0; invalid=0; risky=0; unknown=0
8954,>30M,profitforgood.com,yes,,,https://moralambition.typeform.com/to/rqbJRmDk,0,,email@company.com ; info@profitforgood.com,showing_email_candidates,not_flagged,contact_pages,info@profitforgood.com,,,,info@profitforgood.com,valid=0; invalid=0; risky=0; unknown=1
8955,>30M,teamdsb.com,no,,,https://embed.typeform.com/ ; https://form.typeform.com/,0,,right-arrow@2x.png ; team@dillonstbernard.com,showing_email_candidates,not_flagged,contact_pages,,,,,,valid=0; invalid=0; risky=0; unknown=0
8956,>30M,homegarant.com,yes,,,,0,,,no_public_email_found,not_flagged,contact_pages,,,,,,valid=0; invalid=0; risky=0; unknown=0
8957,>30M,dezidr.com,yes,,,https://dcidr.typeform.com/to/ffWPjJSa,0,,,no_public_email_found,not_flagged,contact_pages,,,,,,valid=0; invalid=0; risky=0; unknown=0
8958,>30M,nshvac.com,yes,,,https://form.typeform.com/to/ayfLsoi2 ; https://form.typeform.com/to/zOE7P0os,0,,info@nshvac.com,showing_email_candidates,not_flagged,contact_pages,info@nshvac.com,,,,info@nshvac.com,valid=0; invalid=0; risky=0; unknown=1
8959,>30M,blazecapital.com,yes,,,https://form.typeform.com/to/v7Wwt2qy,0,,,no_public_email_found,not_flagged,contact_pages,,,,,,valid=0; invalid=0; risky=0; unknown=0
8960,>30M,tsukii-tax.com,no,,,,0,,,no_public_email_found,not_flagged,contact_pages,,,,,,valid=0; invalid=0; risky=0; unknown=0
8961,>30M,km-pharmacy.com,no,,,,0,,,no_public_email_found,not_flagged,contact_pages,,,,,,valid=0; invalid=0; risky=0; unknown=0
8962,>30M,scenethesis.com,no,,,,0,,,no_public_email_found,not_flagged,contact_pages,,,,,,valid=0; invalid=0; risky=0; unknown=0
8963,>30M,renatabruno.com.br,no,,,https://embed.typeform.com/,0,,,no_public_email_found,not_flagged,contact_pages,,,,,,valid=0; invalid=0; risky=0; unknown=0
8964,>30M,graficaduemila.com,yes,,,,0,,,no_public_email_found,not_flagged,contact_pages,,,,,,valid=0; invalid=0; risky=0; unknown=0
8965,>30M,dstnc.com,no,,,,0,,hi@dstnc.com ; splide-extension-grid@0.4.1 ; splide@3.2.2,showing_email_candidates,not_flagged,contact_pages,,,,,,valid=0; invalid=0; risky=0; unknown=0
8966,>30M,uke66.com,yes,,,https://1cmwlv762zp.typeform.com/to/iV0xxVvT,0,,,no_public_email_found,not_flagged,contact_pages,,,,,,valid=0; invalid=0; risky=0; unknown=0
8967,>30M,justingraham.ca,no,,,,0,,,no_public_email_found,not_flagged,contact_pages,,,,,,valid=0; invalid=0; risky=0; unknown=0
8968,>30M,mmjuicegroup.com,no,,,,0,,,no_public_email_found,not_flagged,contact_pages,,,,,,valid=0; invalid=0; risky=0; unknown=0
8969,>30M,sce-peru.com,yes,,,https://form.typeform.com/to/JzVFDvzg,0,,contacto@sce-peru.com,showing_email_candidates,not_flagged,contact_pages,,,,,,valid=0; invalid=0; risky=0; unknown=0
8970,>30M,codewithoutcode.com,yes,,,,0,,,no_public_email_found,not_flagged,contact_pages,,,,,,valid=0; invalid=0; risky=0; unknown=0
8971,>30M,mymarketingsolution.net,no,,,,0,,,no_public_email_found,not_flagged,contact_pages,,,,,,valid=0; invalid=0; risky=0; unknown=0
8972,>30M,wxrks.com,no,,,,0,,lite-youtube@1.4.0,showing_email_candidates,not_flagged,contact_pages,,,,,,valid=0; invalid=0; risky=0; unknown=0
8973,>30M,em-consulting.fr,yes,,,https://fojumo.typeform.com/to/XjSXD6cp,0,,,no_public_email_found,not_flagged,contact_pages,,,,,,valid=0; invalid=0; risky=0; unknown=0
8974,>30M,cerarandmalcolm.com,yes,,,https://cerar-malcolm.typeform.com/to/mCShTU ; https://embed.typeform.com/,0,,,no_public_email_found,not_flagged,contact_pages,,,,,,valid=0; invalid=0; risky=0; unknown=0
8975,>30M,gabrielleake.com,yes,,,,0,,,no_public_email_found,not_flagged,contact_pages,,,,,,valid=0; invalid=0; risky=0; unknown=0
8976,>30M,dailyagenda.com,no,,,,0,,bootstrap@5.3.2 ; htmx.org@2.0.8,showing_email_candidates,not_flagged,contact_pages,,,,,,valid=0; invalid=0; risky=0; unknown=0
8977,>30M,tdea.nl,yes,,,https://intrnltheateramstrdm.typeform.com/to/Un2Ya4eg,0,,educatie@krakeling.nl ; gbroers@bijlmerparktheater.nl ; info@aya.nl ; info@ita.nl ; info@podiummozaiek.nl ; info@toneelmakerij.nl ; kaartverkoop@meervaart.nl,showing_email_candidates,not_flagged,contact_pages,,,,,,valid=0; invalid=0; risky=0; unknown=0
8978,>30M,surveymars.com,no,,,,0,,,no_public_email_found,not_flagged,contact_pages,,,,,,valid=0; invalid=0; risky=0; unknown=0
8979,>30M,mutography.com,yes,,,,0,,,no_public_email_found,not_flagged,contact_pages,,,,,,valid=0; invalid=0; risky=0; unknown=0
8980,>30M,justproservices.com,yes,,,https://x3wsn9w34av.typeform.com/to/WMsiv2gx,0,,,no_public_email_found,not_flagged,contact_pages,,,,,,valid=0; invalid=0; risky=0; unknown=0
8981,>30M,drscottmonk.com,no,,,,0,,,no_public_email_found,not_flagged,contact_pages,,,,,,valid=0; invalid=0; risky=0; unknown=0
8982,>30M,julianaemurilo.com.br,no,,,https://embed.typeform.com/,0,,,no_public_email_found,not_flagged,contact_pages,,,,,,valid=0; invalid=0; risky=0; unknown=0
8983,>30M,hairaat.com,no,,,,0,,,no_public_email_found,not_flagged,contact_pages,,,,,,valid=0; invalid=0; risky=0; unknown=0
8984,>30M,wohnung-kaufen-freiburg.de,yes,,,,0,,,no_public_email_found,not_flagged,contact_pages,,,,,,valid=0; invalid=0; risky=0; unknown=0
8985,>30M,izumi-soejima.com,no,,,,0,,,no_public_email_found,not_flagged,contact_pages,,,,,,valid=0; invalid=0; risky=0; unknown=0
8986,>30M,livebash.com,yes,,,https://form.typeform.com/to/bU1CEt7w,0,,contact@livebash.com ; hey@livebash.com ; support@livebash.com,showing_email_candidates,not_flagged,contact_pages,contact@livebash.com ; support@livebash.com,contact@livebash.com,,,support@livebash.com,valid=1; invalid=0; risky=0; unknown=1
8987,>30M,banux.com,no,,,,0,,,no_public_email_found,not_flagged,contact_pages,,,,,,valid=0; invalid=0; risky=0; unknown=0
8988,>30M,vdlkunststoffen.com,no,,,,0,,info@vdlkunststoffen.com ; sales@vdlkunststoffen.com,showing_email_candidates,not_flagged,contact_pages,info@vdlkunststoffen.com ; sales@vdlkunststoffen.com,,,,info@vdlkunststoffen.com ; sales@vdlkunststoffen.com,valid=0; invalid=0; risky=0; unknown=2
8989,>30M,flash-mob.org,yes,,,https://tauvisual.typeform.com/to/zzphyjPb,0,,,no_public_email_found,not_flagged,contact_pages,,,,,,valid=0; invalid=0; risky=0; unknown=0
8990,>30M,zero226.com,yes,,,https://embed.typeform.com/ ; https://form.typeform.com/to/iTFaZWXf,0,,,no_public_email_found,not_flagged,contact_pages,,,,,,valid=0; invalid=0; risky=0; unknown=0
8991,>30M,soul8.com,no,,,,0,,contato@soul8.com,showing_email_candidates,not_flagged,contact_pages,,,,,,valid=0; invalid=0; risky=0; unknown=0
8992,>30M,youthvision.org,yes,,,https://form.typeform.com/to/xjgozOXf ; https://form.typeform.com/to/XmHeAcNi ; https://form.typeform.com/to/xzFs8MGK,0,,info@blazefest.com ; ray@youthvision.org,showing_email_candidates,not_flagged,contact_pages,,,,,,valid=0; invalid=0; risky=0; unknown=0
8993,>30M,eternalrockchurch.org,no,,,,0,,ministry_designs@events.frontend,showing_email_candidates,not_flagged,contact_pages,,,,,,valid=0; invalid=0; risky=0; unknown=0
8994,>30M,progressconsulting.be,no,,,,0,,aidesupport@progressconsulting.be ; info@progressconsulting.be ; info@progressconsulting.lu ; sda@progressconsulting.be,showing_email_candidates,not_flagged,contact_pages,info@progressconsulting.be,,,,info@progressconsulting.be,valid=0; invalid=0; risky=0; unknown=1
8995,>30M,montblancweb.com,no,,,https://embed.typeform.com/,0,,,no_public_email_found,not_flagged,contact_pages,,,,,,valid=0; invalid=0; risky=0; unknown=0
8996,>30M,soundevents.ro,no,,,,0,,,no_public_email_found,not_flagged,contact_pages,,,,,,valid=0; invalid=0; risky=0; unknown=0
8997,>30M,t-1.info,no,,,,0,,,no_public_email_found,not_flagged,contact_pages,,,,,,valid=0; invalid=0; risky=0; unknown=0
8998,>30M,ashtonglobalhedgefunds.com,yes,,,,0,,,no_public_email_found,not_flagged,contact_pages,,,,,,valid=0; invalid=0; risky=0; unknown=0
8999,>30M,forces.co,yes,,,,0,,,no_public_email_found,not_flagged,contact_pages,,,,,,valid=0; invalid=0; risky=0; unknown=0
9000,>30M,flipstrip.com,no,,,,0,,,no_public_email_found,not_flagged,contact_pages,,,,,,valid=0; invalid=0; risky=0; unknown=0
9001,>30M,instantweborder.com,yes,,,,0,,,no_public_email_found,not_flagged,contact_pages,,,,,,valid=0; invalid=0; risky=0; unknown=0
9002,>30M,gvr.tv,yes,,,https://gonzovr.typeform.com/to/tiYfkH,0,,,no_public_email_found,not_flagged,contact_pages,,,,,,valid=0; invalid=0; risky=0; unknown=0
9003,>30M,wesprint.com,yes,,,,0,,,no_public_email_found,not_flagged,contact_pages,,,,,,valid=0; invalid=0; risky=0; unknown=0
9004,>30M,chiefexecutiveofficers.org,no,,,,0,,,no_public_email_found,not_flagged,contact_pages,,,,,,valid=0; invalid=0; risky=0; unknown=0
9005,>30M,afd-courtage.com,yes,,,https://form.typeform.com/to/cUYcAAbd,0,,contact@afd-courtage.com ; your@email.com,showing_email_candidates,not_flagged,contact_pages,contact@afd-courtage.com,contact@afd-courtage.com,,,,valid=1; invalid=0; risky=0; unknown=0
9006,>30M,saastock.com,yes,,,,0,,david@saastock.com ; info@saastock.com ; jennifer@saastock.com ; lawrence@saastock.com,showing_email_candidates,not_flagged,contact_pages,info@saastock.com,,,,info@saastock.com,valid=0; invalid=0; risky=0; unknown=1
9007,>30M,givhoshino.com,no,,,,0,,,no_public_email_found,not_flagged,contact_pages,,,,,,valid=0; invalid=0; risky=0; unknown=0
9008,>30M,eternalperspectiveproductions.com,yes,,,https://admin.typeform.com/ ; https://embed.typeform.com/ ; https://form.typeform.com/to/UHlyICYF,0,,,no_public_email_found,not_flagged,contact_pages,,,,,,valid=0; invalid=0; risky=0; unknown=0
9009,>30M,soniareece.com,yes,,,https://embed.typeform.com/ ; https://sonia231.typeform.com/to/xRPC9A,0,,,no_public_email_found,not_flagged,contact_pages,,,,,,valid=0; invalid=0; risky=0; unknown=0
9010,>30M,moschee-gelsenkirchen.de,yes,,,https://6tynl38dlum.typeform.com/to/dNGrVhCs,0,,info@moschee-gelsenkirchen.de,showing_email_candidates,not_flagged,contact_pages,info@moschee-gelsenkirchen.de,,,,info@moschee-gelsenkirchen.de,valid=0; invalid=0; risky=0; unknown=1
9011,>30M,aussieenglish.com.au,yes,,,https://form.typeform.com/to/e8j1SriX,0,,,no_public_email_found,not_flagged,contact_pages,,,,,,valid=0; invalid=0; risky=0; unknown=0
9012,>30M,persist.org,no,,,,0,,,no_public_email_found,not_flagged,contact_pages,,,,,,valid=0; invalid=0; risky=0; unknown=0
9013,>30M,sofiasalud.com,yes,,,,0,,,no_public_email_found,not_flagged,contact_pages,,,,,,valid=0; invalid=0; risky=0; unknown=0
9014,>30M,eucharisticcongress.org,yes,,,https://eucharisticrevival.typeform.com/to/sYVXihtW,0,,arailey@eucharisticcongress.org ; bzander@eucharisticcongress.org ; jshanks@eucharisticcongress.org ; kfoley@eucharisticcongress.org ; kfrank@eucharisticcongress.org ; mbenes@eucharisticcongress.org ; mhaile@eucharisticcongress.org ; shoude@eucharisticcongress.org ; tkalina@eucharisticcongress.org,showing_email_candidates,not_flagged,contact_pages,,,,,,valid=0; invalid=0; risky=0; unknown=0
9015,>30M,op-kamers.nl,no,,,,0,,,no_public_email_found,not_flagged,contact_pages,,,,,,valid=0; invalid=0; risky=0; unknown=0
9016,>30M,claimbrands.com,no,,,,0,,,no_public_email_found,not_flagged,contact_pages,,,,,,valid=0; invalid=0; risky=0; unknown=0
9017,>30M,werbering.at,yes,,,https://embed.typeform.com/ ; https://form.typeform.com/to/jmBYlW,0,,office@werbering.at ; vanessa.mitgutsch@werbering.at,showing_email_candidates,not_flagged,contact_pages,office@werbering.at,,,,office@werbering.at,valid=0; invalid=0; risky=0; unknown=1
9018,>30M,cirrussecure.com,yes,,,https://embed.typeform.com/,0,,,no_public_email_found,not_flagged,contact_pages,,,,,,valid=0; invalid=0; risky=0; unknown=0
9019,>30M,dexterityglobal.org,yes,,,,0,,office@dexterityglobal.org ; u003einfo@dexterityglobal.org,showing_email_candidates,not_flagged,contact_pages,office@dexterityglobal.org,,,,office@dexterityglobal.org,valid=0; invalid=0; risky=0; unknown=1
9020,>30M,rocket-racing.com,yes,,,https://710bqyb3r5i.typeform.com/ ; https://710bqyb3r5i.typeform.com/to/afJnDz9R,0,,benutzer@domain.com ; support@rocket-racing.com,showing_email_candidates,not_flagged,contact_pages,support@rocket-racing.com,,,,support@rocket-racing.com,valid=0; invalid=0; risky=0; unknown=1
9021,>30M,sonnema.eu,no,,,,0,,info@sonnema.nl,showing_email_candidates,not_flagged,contact_pages,,,,,,valid=0; invalid=0; risky=0; unknown=0
9022,>30M,ergotherapie-dortmund.de,no,,,https://embed.typeform.com/ ; https://rehamed.typeform.com/,0,,info@ergotherapie-dortmund.de,showing_email_candidates,not_flagged,contact_pages,info@ergotherapie-dortmund.de,,,,info@ergotherapie-dortmund.de,valid=0; invalid=0; risky=0; unknown=1
9023,>30M,gabiejoao.com.br,no,,,https://embed.typeform.com/,0,,,no_public_email_found,not_flagged,contact_pages,,,,,,valid=0; invalid=0; risky=0; unknown=0
9024,>30M,iedasu.com,no,,,,0,,,no_public_email_found,not_flagged,contact_pages,,,,,,valid=0; invalid=0; risky=0; unknown=0
9025,>30M,beliefexplorer.com,no,,,,0,,,no_public_email_found,not_flagged,contact_pages,,,,,,valid=0; invalid=0; risky=0; unknown=0
9026,>30M,success-s.jp,no,,,,0,,,no_public_email_found,not_flagged,contact_pages,,,,,,valid=0; invalid=0; risky=0; unknown=0
9027,>30M,grand-frere.com,no,,,,0,,,no_public_email_found,not_flagged,contact_pages,,,,,,valid=0; invalid=0; risky=0; unknown=0
9028,>30M,mgbusinessconsulting.com.au,yes,,,https://embed.typeform.com/ ; https://ericberkhinfand.typeform.com/to/aISniw,0,,eric.j.berk@gmail.com ; markg@mgbusinessconsulting.com.au,showing_email_candidates,not_flagged,contact_pages,,,,,,valid=0; invalid=0; risky=0; unknown=0
9029,>30M,interplayapp.com,no,,,,0,,,no_public_email_found,not_flagged,contact_pages,,,,,,valid=0; invalid=0; risky=0; unknown=0
9030,>30M,prestamitos.com,no,,,,0,,bootstrap@5.3.0,showing_email_candidates,not_flagged,contact_pages,,,,,,valid=0; invalid=0; risky=0; unknown=0
9031,>30M,servicejayaprojector.com,no,,,,0,,,no_public_email_found,not_flagged,contact_pages,,,,,,valid=0; invalid=0; risky=0; unknown=0
9032,>30M,greenitiative.de,no,,,,0,,anfrage@greenitiative.de ; info@orcavanloon.de ; info@orcavanloon.detelefon,showing_email_candidates,not_flagged,contact_pages,,,,,,valid=0; invalid=0; risky=0; unknown=0
9033,>30M,centrkrasoty.com,yes,,,,0,,,no_public_email_found,not_flagged,contact_pages,,,,,,valid=0; invalid=0; risky=0; unknown=0
9034,>30M,pluralia.it,no,,,https://intribe-intelligence.typeform.com/,0,,,no_public_email_found,not_flagged,contact_pages,,,,,,valid=0; invalid=0; risky=0; unknown=0
9035,>30M,antoniomontes.com,yes,,,https://jamfitness.typeform.com/to/ZAfgta,0,,x@antonimontes.com,showing_email_candidates,not_flagged,contact_pages,,,,,,valid=0; invalid=0; risky=0; unknown=0
9036,>30M,dermablate.com,yes,,,https://n1yk2p5qqzh.typeform.com/to/gEo5suXq,0,,,no_public_email_found,not_flagged,contact_pages,,,,,,valid=0; invalid=0; risky=0; unknown=0
9037,>30M,landindemand.com,yes,,,https://form.typeform.com/to/shlPX5gd,0,,hello@landindemand.com,showing_email_candidates,not_flagged,contact_pages,hello@landindemand.com,hello@landindemand.com,,,,valid=1; invalid=0; risky=0; unknown=0
9038,>30M,itsbettertogether.org,no,,,,0,,,no_public_email_found,not_flagged,contact_pages,,,,,,valid=0; invalid=0; risky=0; unknown=0
9039,>30M,michalmarcinkowski.com,yes,,,https://bw05utso00a.typeform.com/to/YyiVrla0,0,,,no_public_email_found,not_flagged,contact_pages,,,,,,valid=0; invalid=0; risky=0; unknown=0
9040,>30M,retirementplancompliance.com,no,,,,0,,,no_public_email_found,not_flagged,contact_pages,,,,,,valid=0; invalid=0; risky=0; unknown=0
9041,>30M,agroingex.es,yes,,,https://rrubio829487.typeform.com/to/mWSE2jVh,0,,administracion@agroingex.es ; groldan@agroingex.es ; info@agroingex.es ; msanabria@agroingex.es,showing_email_candidates,not_flagged,contact_pages,info@agroingex.es,info@agroingex.es,,,,valid=1; invalid=0; risky=0; unknown=0
9042,>30M,creativegrounds.com,yes,,,https://form.typeform.com/to/WW7lGZtg,0,,hello@creativegrounds.com,showing_email_candidates,not_flagged,contact_pages,hello@creativegrounds.com,hello@creativegrounds.com,,,,valid=1; invalid=0; risky=0; unknown=0
9043,>30M,pinatafarm.com,no,,,,0,,,no_public_email_found,not_flagged,contact_pages,,,,,,valid=0; invalid=0; risky=0; unknown=0
9044,>30M,pureandcompany.com,yes,,,,0,,,no_public_email_found,not_flagged,contact_pages,,,,,,valid=0; invalid=0; risky=0; unknown=0
9045,>30M,nrgclinic.com,yes,,,https://f6av7yrotdn.typeform.com/to/l8GR8KAw,0,,info@nrgclinic.com,showing_email_candidates,not_flagged,contact_pages,info@nrgclinic.com,,,,info@nrgclinic.com,valid=0; invalid=0; risky=0; unknown=1
9046,>30M,pointavenue.com,yes,,,https://embed.typeform.com/ ; https://form.typeform.com/to/euBzBBld ; https://pointavenue1.typeform.com/to/euBzBBld ; https://pointavenue1.typeform.com/to/S4Syuo,0,,,no_public_email_found,not_flagged,contact_pages,,,,,,valid=0; invalid=0; risky=0; unknown=0
9047,>30M,andreiaepedro.com.br,no,,,,0,,,no_public_email_found,not_flagged,contact_pages,,,,,,valid=0; invalid=0; risky=0; unknown=0
9048,>30M,marketing-expertise.com,no,,,,0,,,no_public_email_found,not_flagged,contact_pages,,,,,,valid=0; invalid=0; risky=0; unknown=0
9049,>30M,alcaraz.me,no,,,,0,,,no_public_email_found,not_flagged,contact_pages,,,,,,valid=0; invalid=0; risky=0; unknown=0
9050,>30M,throughthelens.ie,no,,,,0,,,no_public_email_found,not_flagged,contact_pages,,,,,,valid=0; invalid=0; risky=0; unknown=0
9051,>30M,optelgroup.com,no,,,,0,,,no_public_email_found,not_flagged,contact_pages,,,,,,valid=0; invalid=0; risky=0; unknown=0
9052,>30M,roacirugiaplastica.com,yes,,,https://g2nauda0iws.typeform.com/to/xdoOdJaU,0,,soporte@roacirugiaplastica.com,showing_email_candidates,not_flagged,contact_pages,,,,,,valid=0; invalid=0; risky=0; unknown=0
9053,>30M,createyourquiz.com,no,,,,0,,core@3.27.0 ; styles@1.4.1,showing_email_candidates,not_flagged,contact_pages,,,,,,valid=0; invalid=0; risky=0; unknown=0
9054,>30M,sinkit.org,no,,,,0,,daniel@sinkit.org ; info@sinkit.org ; ivo@sinkit.org ; jeroen@sinkit.org ; joost@sinkit.org ; merijn.janssen@darel.nl ; splide@4.0.17,showing_email_candidates,not_flagged,contact_pages,info@sinkit.org,,,,info@sinkit.org,valid=0; invalid=0; risky=0; unknown=1
9055,>30M,sam-serif.com,no,,,,0,,hello@sam-serif.com,showing_email_candidates,not_flagged,contact_pages,hello@sam-serif.com,hello@sam-serif.com,,,,valid=1; invalid=0; risky=0; unknown=0
9056,>30M,modeum.fr,yes,,,,0,,,no_public_email_found,not_flagged,contact_pages,,,,,,valid=0; invalid=0; risky=0; unknown=0
9057,>30M,ala34.com,yes,,,https://enzima.typeform.com/to/bcEzIkNX,0,,info@ala34.com,showing_email_candidates,not_flagged,contact_pages,info@ala34.com,info@ala34.com,,,,valid=1; invalid=0; risky=0; unknown=0
9058,>30M,gloriahyu.com,no,,,,0,,,no_public_email_found,not_flagged,contact_pages,,,,,,valid=0; invalid=0; risky=0; unknown=0
9059,>30M,leadsphere.com,no,,,,0,,,no_public_email_found,not_flagged,contact_pages,,,,,,valid=0; invalid=0; risky=0; unknown=0
9060,>30M,oposicionscatalunya.net,no,,,,0,,,no_public_email_found,not_flagged,contact_pages,,,,,,valid=0; invalid=0; risky=0; unknown=0
9061,>30M,riviga.com,yes,,,,0,,,no_public_email_found,not_flagged,contact_pages,,,,,,valid=0; invalid=0; risky=0; unknown=0
9062,>30M,bringumbrella.com,yes,,,,0,,,no_public_email_found,not_flagged,contact_pages,,,,,,valid=0; invalid=0; risky=0; unknown=0
9063,>30M,painti.com,yes,,,https://form.typeform.com/to/Ex5Hb0TD,0,,contact@painti.com ; micromodal@0.4.10,showing_email_candidates,not_flagged,contact_pages,contact@painti.com,contact@painti.com,,,,valid=1; invalid=0; risky=0; unknown=0
9064,>30M,coffeewithdavid.com,yes,,,,0,,,no_public_email_found,not_flagged,contact_pages,,,,,,valid=0; invalid=0; risky=0; unknown=0
9065,>30M,xn--bilandecomptences-ltb.com,yes,,,https://lucile40.typeform.com/to/ZLje10CF,0,,,no_public_email_found,not_flagged,contact_pages,,,,,,valid=0; invalid=0; risky=0; unknown=0
9066,>30M,rasmal.com,yes,,,https://form.typeform.com/to/Wy7i8YWD,0,,ali@rasmal.com ; editor@rasmal.com ; pr@rasmal.com ; rafey@rasmal.com ; sales@rasmal.com,showing_email_candidates,not_flagged,contact_pages,editor@rasmal.com ; sales@rasmal.com,editor@rasmal.com,,,sales@rasmal.com,valid=1; invalid=0; risky=0; unknown=1
9067,>30M,olibecker.de,no,,,,0,,kontakt@olibecker.de,showing_email_candidates,not_flagged,contact_pages,,,,,,valid=0; invalid=0; risky=0; unknown=0
9068,>30M,beadwitchingjewels.com,no,,,https://creativecollective.typeform.com/,0,,beadwitchingjewels@gmail.com,showing_email_candidates,not_flagged,contact_pages,,,,,,valid=0; invalid=0; risky=0; unknown=0
9069,>30M,unwind.es,no,,,,0,,hola@unwind.es ; web@unwind.es,showing_email_candidates,not_flagged,contact_pages,web@unwind.es,,,,web@unwind.es,valid=0; invalid=0; risky=0; unknown=1
9070,>30M,mydigitalmark.com,no,,,,0,,,no_public_email_found,not_flagged,contact_pages,,,,,,valid=0; invalid=0; risky=0; unknown=0
9071,>30M,dakoller.net,no,,,,0,,daniel@dakoller.net,showing_email_candidates,not_flagged,contact_pages,,,,,,valid=0; invalid=0; risky=0; unknown=0
9072,>30M,koko110.com,no,,,,0,,,no_public_email_found,not_flagged,contact_pages,,,,,,valid=0; invalid=0; risky=0; unknown=0
9073,>30M,omnishirt.de,no,,,,0,,support@omnishirt.de,showing_email_candidates,not_flagged,contact_pages,support@omnishirt.de,,,,support@omnishirt.de,valid=0; invalid=0; risky=0; unknown=1
9074,>30M,learnwithnat.com,yes,,,https://embed.typeform.com/ ; https://natalie413.typeform.com/to/LtttaG,0,,email@example.com ; learnwithat@gmail.com,showing_email_candidates,not_flagged,contact_pages,,,,,,valid=0; invalid=0; risky=0; unknown=0
9075,>30M,123-taxi.fr,no,,,,0,,,no_public_email_found,not_flagged,contact_pages,,,,,,valid=0; invalid=0; risky=0; unknown=0
9076,>30M,strumentiweb.com,no,,,,0,,,no_public_email_found,not_flagged,contact_pages,,,,,,valid=0; invalid=0; risky=0; unknown=0
9077,>30M,jinseikai.net,no,,,,0,,,no_public_email_found,not_flagged,contact_pages,,,,,,valid=0; invalid=0; risky=0; unknown=0
9078,>30M,thesmithgroup.ca,no,,,,0,,rsmith@cgf.com ; thesmithgroup@cgf.com,showing_email_candidates,not_flagged,contact_pages,,,,,,valid=0; invalid=0; risky=0; unknown=0
9079,>30M,breakuptravel.com,yes,,,,0,,,no_public_email_found,not_flagged,contact_pages,,,,,,valid=0; invalid=0; risky=0; unknown=0
9080,>30M,devor.me,yes,,,https://04tnt7520x4.typeform.com/to/LzzF7mwI ; https://04tnt7520x4.typeform.com/to/sTKNjMDL,0,,contact@devor.me,showing_email_candidates,not_flagged,contact_pages,contact@devor.me,,contact@devor.me,,,valid=0; invalid=1; risky=0; unknown=0
9081,>30M,movingtospain.net,no,,,,0,,,no_public_email_found,not_flagged,contact_pages,,,,,,valid=0; invalid=0; risky=0; unknown=0
9082,>30M,rustbeltrising.com,yes,,,https://15v718qtany.typeform.com/to/WdgdnZUi,0,,info@rustbeltrising.com,showing_email_candidates,not_flagged,contact_pages,info@rustbeltrising.com,,,,info@rustbeltrising.com,valid=0; invalid=0; risky=0; unknown=1
9083,>30M,atitaly.net,no,,,,0,,atitaly-2ndver-negative@1x.png,showing_email_candidates,not_flagged,contact_pages,,,,,,valid=0; invalid=0; risky=0; unknown=0
9084,>30M,robday.net,no,,,,0,,,no_public_email_found,not_flagged,contact_pages,,,,,,valid=0; invalid=0; risky=0; unknown=0
9085,>30M,kids-peace.com,no,,,,0,,,no_public_email_found,not_flagged,contact_pages,,,,,,valid=0; invalid=0; risky=0; unknown=0
9086,>30M,jamiehuxtable.com,yes,,,,0,,,no_public_email_found,not_flagged,contact_pages,,,,,,valid=0; invalid=0; risky=0; unknown=0
9087,>30M,fabianhilpert.com,no,,,,0,,info@fabianhilpert.com ; info@verytale.com,showing_email_candidates,not_flagged,contact_pages,info@fabianhilpert.com,,,,info@fabianhilpert.com,valid=0; invalid=0; risky=0; unknown=1
9088,>30M,verisistem.com,no,,,,0,,,no_public_email_found,not_flagged,contact_pages,,,,,,valid=0; invalid=0; risky=0; unknown=0
9089,>30M,mailtrooper.com,no,,,,0,,ria@example.com,showing_email_candidates,not_flagged,contact_pages,,,,,,valid=0; invalid=0; risky=0; unknown=0
9090,>30M,donus.be,yes,,,https://embed.typeform.com/ ; https://form.typeform.com/to/FmlowFPU ; https://form.typeform.com/to/WbCH9mI4,0,,info@donus.be,showing_email_candidates,not_flagged,contact_pages,info@donus.be,,,,info@donus.be,valid=0; invalid=0; risky=0; unknown=1
9091,>30M,rossgraber.com,no,,,,0,,,no_public_email_found,not_flagged,contact_pages,,,,,,valid=0; invalid=0; risky=0; unknown=0
9092,>30M,craftwinefest.com,yes,,,,0,,,no_public_email_found,not_flagged,contact_pages,,,,,,valid=0; invalid=0; risky=0; unknown=0
9093,>30M,debbieathomas.com,yes,,,https://qi6q8b79hjb.typeform.com/to/FftLMNNM ; https://qi6q8b79hjb.typeform.com/to/ouab0WJE,0,,info@debbieathomas.com,showing_email_candidates,not_flagged,contact_pages,info@debbieathomas.com,,,,info@debbieathomas.com,valid=0; invalid=0; risky=0; unknown=1
9094,>30M,winstonfirm.com,no,,,,0,,,no_public_email_found,not_flagged,contact_pages,,,,,,valid=0; invalid=0; risky=0; unknown=0
9095,>30M,cabinetfacelift.com,yes,,,,0,,,no_public_email_found,not_flagged,contact_pages,,,,,,valid=0; invalid=0; risky=0; unknown=0
9096,>30M,innovdesk.com,yes,,,https://embed.typeform.com/ ; https://whothehellareu5.typeform.com/to/UZH7AE,0,,info@innovdesk.com,showing_email_candidates,not_flagged,contact_pages,info@innovdesk.com,,,,info@innovdesk.com,valid=0; invalid=0; risky=0; unknown=1
9097,>30M,walkmatters.net,no,,,,0,,,no_public_email_found,not_flagged,contact_pages,,,,,,valid=0; invalid=0; risky=0; unknown=0
9098,>30M,aiikuen.com,no,,,,0,,,no_public_email_found,not_flagged,contact_pages,,,,,,valid=0; invalid=0; risky=0; unknown=0
9099,>30M,mc-yukari.com,no,,,,0,,,no_public_email_found,not_flagged,contact_pages,,,,,,valid=0; invalid=0; risky=0; unknown=0
9100,>30M,icetubs.com,yes,,,https://form.typeform.com/to/GXSj0rXm ; https://icetubs.typeform.com/to/GXSj0rXm,0,,,no_public_email_found,not_flagged,contact_pages,,,,,,valid=0; invalid=0; risky=0; unknown=0
9101,>30M,keyspublishers.com,yes,,,https://kwesilegesse.typeform.com/to/mNOZhW,0,,info@keyspublishers.com,showing_email_candidates,not_flagged,contact_pages,info@keyspublishers.com,,,,info@keyspublishers.com,valid=0; invalid=0; risky=0; unknown=1
9102,>30M,porquecreerenjesus.org,yes,,,https://kingjesus.typeform.com/to/xODFmDX6,0,,,no_public_email_found,not_flagged,contact_pages,,,,,,valid=0; invalid=0; risky=0; unknown=0
9103,>30M,mmgsocial.com,no,,,,0,,,no_public_email_found,not_flagged,contact_pages,,,,,,valid=0; invalid=0; risky=0; unknown=0
9104,>30M,yugenkai.jp,no,,,,0,,,no_public_email_found,not_flagged,contact_pages,,,,,,valid=0; invalid=0; risky=0; unknown=0
9105,>30M,rosetconsultors.com,yes,,,https://form.typeform.com/to/UoNkNt,0,,fernandez@roset.info ; manresa@roset.info ; salvador@roset.info ; stvc@roset.info ; vehicles@roset.info,showing_email_candidates,not_flagged,contact_pages,,,,,,valid=0; invalid=0; risky=0; unknown=0
9106,>30M,peoplemanagementlab.com,yes,,,https://k7xohk1cpe7.typeform.com/to/wxbmkGVW,0,,info@peoplemanagementlab.it,showing_email_candidates,not_flagged,contact_pages,,,,,,valid=0; invalid=0; risky=0; unknown=0
9107,>30M,pubinternet.fr,no,,,,0,,,no_public_email_found,not_flagged,contact_pages,,,,,,valid=0; invalid=0; risky=0; unknown=0
9108,>30M,elizabethoneill.com,yes,,,https://embed.typeform.com/ ; https://form.typeform.com/to/g3GVbAGW,0,,,no_public_email_found,not_flagged,contact_pages,,,,,,valid=0; invalid=0; risky=0; unknown=0
9109,>30M,legendsclub.at,no,,,,0,,,no_public_email_found,not_flagged,contact_pages,,,,,,valid=0; invalid=0; risky=0; unknown=0
9110,>30M,nordicoil.de,yes,,,https://nordic.typeform.com/to/qFZbvAqg,0,,bootstrap@5.1.3 ; e7d54b729aaf49ea8b2f80dae22860aa@sentry.zipify.com ; f14faca962674f149161045845b21b35@sentry.zipify.com ; info@nordicoil.de ; info@stagheaddesigns.com ; nordic-oil-logo-web_200x@2x.webp,showing_email_candidates,not_flagged,contact_pages,info@nordicoil.de,,,,info@nordicoil.de,valid=0; invalid=0; risky=0; unknown=1
9111,>30M,narrowsdentistry.com,yes,,,https://embed.typeform.com/ ; https://revupgroup.typeform.com/to/Txd5C1hp,0,,info@narrowsdentistry.com,showing_email_candidates,not_flagged,contact_pages,info@narrowsdentistry.com,,,,info@narrowsdentistry.com,valid=0; invalid=0; risky=0; unknown=1
9112,>30M,buildingblockgroup.com,yes,,,,0,,,no_public_email_found,not_flagged,contact_pages,,,,,,valid=0; invalid=0; risky=0; unknown=0
9113,>30M,freewhitening.ca,no,,,,0,,hello@stockyardssmiles.com,showing_email_candidates,not_flagged,contact_pages,,,,,,valid=0; invalid=0; risky=0; unknown=0
9114,>30M,ootsuka-ken-setu.com,no,,,,0,,,no_public_email_found,not_flagged,contact_pages,,,,,,valid=0; invalid=0; risky=0; unknown=0
9115,>30M,informes.org,no,,,,0,,,no_public_email_found,not_flagged,contact_pages,,,,,,valid=0; invalid=0; risky=0; unknown=0
9116,>30M,dr-naehring.com,yes,,,,0,,,no_public_email_found,not_flagged,contact_pages,,,,,,valid=0; invalid=0; risky=0; unknown=0
9117,>30M,lab4future.com,yes,,,https://5yua5yce1k6.typeform.com/to/NOs0MSPe,0,,,no_public_email_found,not_flagged,contact_pages,,,,,,valid=0; invalid=0; risky=0; unknown=0
9118,>30M,valueguardinspections.com,yes,,,https://bjgugnophvr.typeform.com/to/kq2oKgfv ; https://bjgugnophvr.typeform.com/to/Wa11t8Ia ; https://embed.typeform.com/,0,,team@valueguardinspections.com,showing_email_candidates,not_flagged,contact_pages,team@valueguardinspections.com,,,,team@valueguardinspections.com,valid=0; invalid=0; risky=0; unknown=1
9119,>30M,therealtygroup.net,no,,,,0,,,no_public_email_found,not_flagged,contact_pages,,,,,,valid=0; invalid=0; risky=0; unknown=0
9120,>30M,buildabrandthatworks.com,no,,,,0,,flags@2x.png,showing_email_candidates,not_flagged,contact_pages,,,,,,valid=0; invalid=0; risky=0; unknown=0
9121,>30M,parentmarketing.com,yes,,,https://form.typeform.com/to/Klh5zWnn,0,,info@parentmarketing.com,showing_email_candidates,not_flagged,contact_pages,info@parentmarketing.com,,,,info@parentmarketing.com,valid=0; invalid=0; risky=0; unknown=1
9122,>30M,fujine.com,no,,,,0,,,no_public_email_found,not_flagged,contact_pages,,,,,,valid=0; invalid=0; risky=0; unknown=0
9123,>30M,memberstravel.com,yes,,,https://memberstravel.typeform.com/to/SOhY81ku,0,,contact@memberstravel.com,showing_email_candidates,not_flagged,contact_pages,contact@memberstravel.com,contact@memberstravel.com,,,,valid=1; invalid=0; risky=0; unknown=0
9124,>30M,comflo.com,yes,,,https://bbpscu3xg16.typeform.com/to/k4gjHKZL,0,,,no_public_email_found,not_flagged,contact_pages,,,,,,valid=0; invalid=0; risky=0; unknown=0
9125,>30M,gostovic.fr,no,,,,0,,,no_public_email_found,not_flagged,contact_pages,,,,,,valid=0; invalid=0; risky=0; unknown=0
9126,>30M,fanext.com,no,,,https://startlife.typeform.com/,0,,tickets@fanext.com,showing_email_candidates,not_flagged,contact_pages,,,,,,valid=0; invalid=0; risky=0; unknown=0
9127,>30M,skypins.com,no,,,,0,,,no_public_email_found,not_flagged,contact_pages,,,,,,valid=0; invalid=0; risky=0; unknown=0
9128,>30M,livelearnteach.com,yes,,,https://form.typeform.com/to/qxX9bhDQ,0,,,no_public_email_found,not_flagged,contact_pages,,,,,,valid=0; invalid=0; risky=0; unknown=0
9129,>30M,livinglifechurch.net,yes,,,,0,,,no_public_email_found,not_flagged,contact_pages,,,,,,valid=0; invalid=0; risky=0; unknown=0
9130,>30M,moowup.com,no,,,,0,,,no_public_email_found,not_flagged,contact_pages,,,,,,valid=0; invalid=0; risky=0; unknown=0
9131,>30M,alklk.com,no,,,,0,,,no_public_email_found,not_flagged,contact_pages,,,,,,valid=0; invalid=0; risky=0; unknown=0
9132,>30M,thelastletter.com,yes,,,https://andychaleff.typeform.com/to/iMbExh,0,,,no_public_email_found,not_flagged,contact_pages,,,,,,valid=0; invalid=0; risky=0; unknown=0
9133,>30M,olivadelsur.com,no,,,,0,,info@olivadelsur.com ; sales@olivadelsur.com ; su@email.com,showing_email_candidates,not_flagged,contact_pages,info@olivadelsur.com ; sales@olivadelsur.com,,,,info@olivadelsur.com ; sales@olivadelsur.com,valid=0; invalid=0; risky=0; unknown=2
9134,>30M,healthcaresummit.org,yes,,,https://survey.typeform.com/to/WBroUgkr,0,,team@healthcaresummit.org,showing_email_candidates,not_flagged,contact_pages,team@healthcaresummit.org,,,,team@healthcaresummit.org,valid=0; invalid=0; risky=0; unknown=1
9135,>30M,amandatanguay.com,no,,,https://images.typeform.com/ ; https://public-assets.typeform.com/,0,,,no_public_email_found,not_flagged,contact_pages,,,,,,valid=0; invalid=0; risky=0; unknown=0
9136,>30M,tempdrop.com,no,,,,0,,blue-pattern_1440x305@2x.png ; brand_ambassadors_-_meagan_breining_-_story_974ea498-d095-4bc5-9ac6-ab49d87a1fe4_130x@2x.jpg ; cover-1_1440x315@2x.png ; cover-2_1440x315_crop_center@2x.png ; dr_alicia_thompson_s_130x@2x.jpg ; icon-2-800x800_45x45@2x.png ; icon-3-800x800_45x45@2x.png ; icon-4-800x800_26a48b91-2b36-4c3c-b15e-c92833433091_45x45@2x.png ; icon-5-800-800_2_45x45@2x.png ; megan_maitland_1_130x@2x.jpg ; monawiggins_130x@2x.png ; tarina_mosley_130x@2x.jpg,showing_email_candidates,not_flagged,contact_pages,,,,,,valid=0; invalid=0; risky=0; unknown=0
9137,>30M,bpno.no,no,,,,0,,hello@bpno.dk ; popper.js@1.16.0 ; redaktion@bpno.dk ; sales@bpno.dk,showing_email_candidates,not_flagged,contact_pages,,,,,,valid=0; invalid=0; risky=0; unknown=0
9138,>30M,beerpong-league.com,yes,,,,0,,,no_public_email_found,not_flagged,contact_pages,,,,,,valid=0; invalid=0; risky=0; unknown=0
9139,>30M,cleansitesystem.be,no,,,,0,,info@cleansitesystem.be,showing_email_candidates,not_flagged,contact_pages,info@cleansitesystem.be,,,,info@cleansitesystem.be,valid=0; invalid=0; risky=0; unknown=1
9140,>30M,naos-solutions.com,yes,,,,0,,info@naos-solutions.com ; sales@naos-solutions.com,showing_email_candidates,not_flagged,contact_pages,info@naos-solutions.com ; sales@naos-solutions.com,,,,info@naos-solutions.com ; sales@naos-solutions.com,valid=0; invalid=0; risky=0; unknown=2
9141,>30M,wizjer.pl,yes,,,https://form.typeform.com/ ; https://www.typeform.com/,0,,,no_public_email_found,not_flagged,contact_pages,,,,,,valid=0; invalid=0; risky=0; unknown=0
9142,>30M,startmybusinessnow.com,yes,,,,0,,,no_public_email_found,not_flagged,contact_pages,,,,,,valid=0; invalid=0; risky=0; unknown=0
9143,>30M,dare2carefoundation.org,yes,,,https://form.typeform.com/to/KTtmzacS,0,,,no_public_email_found,not_flagged,contact_pages,,,,,,valid=0; invalid=0; risky=0; unknown=0
9144,>30M,mitsuseko.com,no,,,,0,,,no_public_email_found,not_flagged,contact_pages,,,,,,valid=0; invalid=0; risky=0; unknown=0
9145,>30M,sewerodor.com,yes,,,https://form.typeform.com/to/mbeWDbVV,0,,,no_public_email_found,not_flagged,contact_pages,,,,,,valid=0; invalid=0; risky=0; unknown=0
9146,>30M,felipemarx.com.br,no,,,,0,,,no_public_email_found,not_flagged,contact_pages,,,,,,valid=0; invalid=0; risky=0; unknown=0
9147,>30M,woodwaydentist.com,no,,,,0,,,no_public_email_found,not_flagged,contact_pages,,,,,,valid=0; invalid=0; risky=0; unknown=0
9148,>30M,motivarecoaching.com,yes,,,https://form.typeform.com/to/l0VnKZCQ,0,,,no_public_email_found,not_flagged,contact_pages,,,,,,valid=0; invalid=0; risky=0; unknown=0
9149,>30M,xclusivexperience.com,yes,,,,0,,,no_public_email_found,not_flagged,contact_pages,,,,,,valid=0; invalid=0; risky=0; unknown=0
9150,>30M,themineralauction.com,yes,,,,0,,,no_public_email_found,not_flagged,contact_pages,,,,,,valid=0; invalid=0; risky=0; unknown=0
9151,>30M,camilaegustavo.com.br,no,,,,0,,,no_public_email_found,not_flagged,contact_pages,,,,,,valid=0; invalid=0; risky=0; unknown=0
9152,>30M,docsales.com,yes,,,https://form.typeform.com/to/hKbefLLG,0,,,no_public_email_found,not_flagged,contact_pages,,,,,,valid=0; invalid=0; risky=0; unknown=0
9153,>30M,tegendestroomin.net,no,,,,0,,info@tegendestroomin.net ; jouw@email.nl,showing_email_candidates,not_flagged,contact_pages,info@tegendestroomin.net,,,,info@tegendestroomin.net,valid=0; invalid=0; risky=0; unknown=1
9154,>30M,concretemarketing.com,yes,,,,0,,,no_public_email_found,not_flagged,contact_pages,,,,,,valid=0; invalid=0; risky=0; unknown=0
9155,>30M,raaaccountants.com,no,,,,0,,,no_public_email_found,not_flagged,contact_pages,,,,,,valid=0; invalid=0; risky=0; unknown=0
9156,>30M,bisolvon.gr,no,,,,0,,,no_public_email_found,not_flagged,contact_pages,,,,,,valid=0; invalid=0; risky=0; unknown=0
9157,>30M,equeco.com,yes,,,https://wkbpmghu4i2.typeform.com/to/rL3iG1C4,0,,jane@advertiser.com,showing_email_candidates,not_flagged,contact_pages,,,,,,valid=0; invalid=0; risky=0; unknown=0
9158,>30M,abrahamics.com,no,,,,0,,,no_public_email_found,not_flagged,contact_pages,,,,,,valid=0; invalid=0; risky=0; unknown=0
9159,>30M,petraivan.com,no,,,,0,,,no_public_email_found,not_flagged,contact_pages,,,,,,valid=0; invalid=0; risky=0; unknown=0
9160,>30M,shiftbase.info,no,,,,0,,,no_public_email_found,not_flagged,contact_pages,,,,,,valid=0; invalid=0; risky=0; unknown=0
9161,>30M,gravit8.org,no,,,,0,,,no_public_email_found,not_flagged,contact_pages,,,,,,valid=0; invalid=0; risky=0; unknown=0
9162,>30M,novanight.com,no,,,,0,,,no_public_email_found,not_flagged,contact_pages,,,,,,valid=0; invalid=0; risky=0; unknown=0
9163,>30M,bottlenecks.biz,yes,,,,0,,,no_public_email_found,not_flagged,contact_pages,,,,,,valid=0; invalid=0; risky=0; unknown=0
9164,>30M,areanoir.co,yes,,,https://hello318871.typeform.com/to/cwAIIEoT,0,,events@areanoir.co ; hello@areanoir.co,showing_email_candidates,not_flagged,contact_pages,hello@areanoir.co,hello@areanoir.co,,,,valid=1; invalid=0; risky=0; unknown=0
9165,>30M,dodsonfitness.com,yes,,,https://form.typeform.com/to/EtBcZOjt,0,,cbd4state@gmail.com,showing_email_candidates,not_flagged,contact_pages,,,,,,valid=0; invalid=0; risky=0; unknown=0
9166,>30M,ayurvedacademy.com,yes,,,https://form.typeform.com/to/Evpea3R0,0,,info@ayurvedacademy.de ; info@designdeck.de ; support@ayurvedacademy.com,showing_email_candidates,not_flagged,contact_pages,support@ayurvedacademy.com,,,,support@ayurvedacademy.com,valid=0; invalid=0; risky=0; unknown=1
9167,>30M,headlesssoftware.com,no,,,https://embed.typeform.com/,0,,,no_public_email_found,not_flagged,contact_pages,,,,,,valid=0; invalid=0; risky=0; unknown=0
9168,>30M,chatka28.sk,yes,,,https://admin.typeform.com/ ; https://embed.typeform.com/ ; https://ouuyee.typeform.com/to/fjprg6,0,,,no_public_email_found,not_flagged,contact_pages,,,,,,valid=0; invalid=0; risky=0; unknown=0
9169,>30M,ui-company.com,no,,,,0,,,no_public_email_found,not_flagged,contact_pages,,,,,,valid=0; invalid=0; risky=0; unknown=0
9170,>30M,bonnimace.com,yes,,,https://form.typeform.com/to/Ai0HShQr,0,,,no_public_email_found,not_flagged,contact_pages,,,,,,valid=0; invalid=0; risky=0; unknown=0
9171,>30M,best-affiliate-marketing-programs.com,no,,,,0,,mail@best-affiliate-marketing-programs.com,showing_email_candidates,not_flagged,contact_pages,,,,,,valid=0; invalid=0; risky=0; unknown=0
9172,>30M,theresabilliot.com,yes,,,,0,,,no_public_email_found,not_flagged,contact_pages,,,,,,valid=0; invalid=0; risky=0; unknown=0
9173,>30M,davekozandfriendsatsea.com,no,,,https://cruises.typeform.com/,0,,info@redwoodtravelpartners.com,showing_email_candidates,not_flagged,contact_pages,,,,,,valid=0; invalid=0; risky=0; unknown=0
9174,>30M,horizon-zero.com,no,,,,0,,,no_public_email_found,not_flagged,contact_pages,,,,,,valid=0; invalid=0; risky=0; unknown=0
9175,>30M,expertmindz.com,no,,,,0,,info@expertmindz.com,showing_email_candidates,not_flagged,contact_pages,info@expertmindz.com,,,,info@expertmindz.com,valid=0; invalid=0; risky=0; unknown=1
9176,>30M,native-app.com,no,,,,0,,hello@native-app.com,showing_email_candidates,not_flagged,contact_pages,hello@native-app.com,hello@native-app.com,,,,valid=1; invalid=0; risky=0; unknown=0
9177,>30M,nevisinternational.com,yes,,,https://embed.typeform.com/ ; https://form.typeform.com/to/odLTRwi8,0,,dellis@nevisinternational.com ; hbulmer@nevisinternational.com ; info@nevisinternational.com,showing_email_candidates,not_flagged,contact_pages,info@nevisinternational.com,,,,info@nevisinternational.com,valid=0; invalid=0; risky=0; unknown=1
9178,>30M,ck-batiment.fr,no,,,,0,,,no_public_email_found,not_flagged,contact_pages,,,,,,valid=0; invalid=0; risky=0; unknown=0
9179,>30M,allvaillodging.com,no,,,,0,,,no_public_email_found,not_flagged,contact_pages,,,,,,valid=0; invalid=0; risky=0; unknown=0
9180,>30M,cookiesking.com,no,,,,0,,,no_public_email_found,not_flagged,contact_pages,,,,,,valid=0; invalid=0; risky=0; unknown=0
9181,>30M,hollymotion.com,yes,,,https://vcvtparmbx3.typeform.com/to/UpE1JewO,0,,hello@hollymotion.com,showing_email_candidates,not_flagged,contact_pages,hello@hollymotion.com,hello@hollymotion.com,,,,valid=1; invalid=0; risky=0; unknown=0
9182,>30M,realignforresults.com,yes,,,,0,,,no_public_email_found,not_flagged,contact_pages,,,,,,valid=0; invalid=0; risky=0; unknown=0
9183,>30M,tokalab.com,yes,,,https://tokalab.typeform.com/to/al6PTJ,0,,,no_public_email_found,not_flagged,contact_pages,,,,,,valid=0; invalid=0; risky=0; unknown=0
9184,>30M,rankmelocal.com,no,,,,0,,flags@2x.png ; slick-carousel@1.8.1 ; u002fslick-carousel@1.8.1,showing_email_candidates,not_flagged,contact_pages,,,,,,valid=0; invalid=0; risky=0; unknown=0
9185,>30M,vavan.ir,no,,,,0,,sales+vpat@hcaptcha.com ; sales@hcaptcha.com ; support@hcaptcha.com,showing_email_candidates,not_flagged,contact_pages,,,,,,valid=0; invalid=0; risky=0; unknown=0
9186,>30M,meadowmemorials.com,no,,,,0,,info@meadowmemorials.com,showing_email_candidates,not_flagged,contact_pages,info@meadowmemorials.com,,,,info@meadowmemorials.com,valid=0; invalid=0; risky=0; unknown=1
9187,>30M,imaginive.com,no,,,,0,,info@imaginive.com,showing_email_candidates,not_flagged,contact_pages,info@imaginive.com,,,,info@imaginive.com,valid=0; invalid=0; risky=0; unknown=1
9188,>30M,slausonventures.com,yes,,,,0,,,no_public_email_found,not_flagged,contact_pages,,,,,,valid=0; invalid=0; risky=0; unknown=0
9189,>30M,lk-marketing.com,yes,,,https://gixshgv226t.typeform.com/to/jLvHFucU,0,,laura@pursingwhatiswell.com,showing_email_candidates,not_flagged,contact_pages,,,,,,valid=0; invalid=0; risky=0; unknown=0
9190,>30M,landscapedesign.com.au,yes,,,https://troianok.typeform.com/to/JVDsTz,0,,,no_public_email_found,not_flagged,contact_pages,,,,,,valid=0; invalid=0; risky=0; unknown=0
9191,>30M,bigticketproductions.com,no,,,https://embed.typeform.com/,0,,,no_public_email_found,not_flagged,contact_pages,,,,,,valid=0; invalid=0; risky=0; unknown=0
9192,>30M,adsystems.org,no,,,,0,,info@adsystems.es,showing_email_candidates,not_flagged,contact_pages,,,,,,valid=0; invalid=0; risky=0; unknown=0
9193,>30M,govpipe.com,yes,,,,0,,,no_public_email_found,not_flagged,contact_pages,,,,,,valid=0; invalid=0; risky=0; unknown=0
9194,>30M,richpilkington.com,yes,,,https://richpilkington.typeform.com/to/ReKecE,0,,info@richpilkington.com,showing_email_candidates,not_flagged,contact_pages,info@richpilkington.com,,,,info@richpilkington.com,valid=0; invalid=0; risky=0; unknown=1
9195,>30M,jondangelo.com,no,,,,0,,,no_public_email_found,not_flagged,contact_pages,,,,,,valid=0; invalid=0; risky=0; unknown=0
9196,>30M,campax.org,no,,,,0,,info@campax.org,showing_email_candidates,not_flagged,contact_pages,info@campax.org,,,,info@campax.org,valid=0; invalid=0; risky=0; unknown=1
9197,>30M,tuinkel.com,yes,,,,0,,,no_public_email_found,not_flagged,contact_pages,,,,,,valid=0; invalid=0; risky=0; unknown=0
9198,>30M,socialsecurityindiana.com,no,,,,0,,,no_public_email_found,not_flagged,contact_pages,,,,,,valid=0; invalid=0; risky=0; unknown=0
9199,>30M,privatelendingtree.com,yes,,,,0,,,no_public_email_found,not_flagged,contact_pages,,,,,,valid=0; invalid=0; risky=0; unknown=0
9200,>30M,johnnykuo.com,no,,,,0,,,no_public_email_found,not_flagged,contact_pages,,,,,,valid=0; invalid=0; risky=0; unknown=0
9201,>30M,spinuniversity.org,no,,,,0,,info@samuelekundayo.com,showing_email_candidates,not_flagged,contact_pages,,,,,,valid=0; invalid=0; risky=0; unknown=0
9202,>30M,caiocarneiro.com,yes,,,https://form.typeform.com/to/jaWGCLUJ ; https://form.typeform.com/to/kybwh05n,0,,,no_public_email_found,not_flagged,contact_pages,,,,,,valid=0; invalid=0; risky=0; unknown=0
9203,>30M,morinoko.org,no,,,,0,,,no_public_email_found,not_flagged,contact_pages,,,,,,valid=0; invalid=0; risky=0; unknown=0
9204,>30M,pathfindernow.com,yes,,,https://wpmc7oopjq3.typeform.com/to/XuZQtmNC,0,,htmx.org@1.9.10 ; hyperscript.org@0.9.11 ; pathfinder@quotefactory.com,showing_email_candidates,not_flagged,contact_pages,,,,,,valid=0; invalid=0; risky=0; unknown=0
9205,>30M,rocbuys.com,yes,,,https://admin.typeform.com/ ; https://embed.typeform.com/ ; https://form.typeform.com/to/wDf8K82U,0,,,no_public_email_found,not_flagged,contact_pages,,,,,,valid=0; invalid=0; risky=0; unknown=0
9206,>30M,dialogues.us,no,,,,0,,,no_public_email_found,not_flagged,contact_pages,,,,,,valid=0; invalid=0; risky=0; unknown=0
9207,>30M,sakai-tax.biz,no,,,,0,,,no_public_email_found,not_flagged,contact_pages,,,,,,valid=0; invalid=0; risky=0; unknown=0
9208,>30M,laprosperite.com,yes,,,https://form.typeform.com/to/HZyTHekP,0,,,no_public_email_found,not_flagged,contact_pages,,,,,,valid=0; invalid=0; risky=0; unknown=0
9209,>30M,certification-lean.fr,yes,,,https://7-shapes.typeform.com/to/dKSgr1SK,0,,contact@seven-shapes.com ; website-carbon-badges@1.1.3,showing_email_candidates,not_flagged,contact_pages,,,,,,valid=0; invalid=0; risky=0; unknown=0
9210,>30M,mariedani.com.br,no,,,https://embed.typeform.com/,0,,,no_public_email_found,not_flagged,contact_pages,,,,,,valid=0; invalid=0; risky=0; unknown=0
9211,>30M,terberggroup.nl,no,,,,0,,address@example.com ; bootstrap@4.6.2 ; commercial.matec.fr@terberg.com ; contact.us@dennis-eagle.co.uk ; easy-autocomplete@1.3.5 ; info.group@terberg.com ; info@hs-fahrzeugbau.com ; info@manuport.it ; info@resitul.pt ; info@terberg-de.de ; info@terbergbenschop.nl ; info@terbergdts.co.uk ; info@terbergkinglifter.eu ; info@terbergmachines.nl ; info@terbergmatec.be ; info@terbergmatec.nl ; info@terbergmiddleeast.ae ; info@terbergrosroca.com ; info@terbergtechniek.nl ; info@terbergtractorsbelgium.be ; infobaarlo@terbergtechniek.nl ; jquery-validation-unobtrusive@3.2.12 ; jquery-validation@1.19.4 ; jquery-zoom@1.7.21 ; jquery@3.6.1 ; popper.js@1.16.1-lts ; rosroca@rosroca.com ; sales@dennis-eagle.com ; sales@terberg.co.uk ; sales@terbergtractors.nl ; someone@example.com ; ventas@terberg.es ; vue@2.7.14,showing_email_candidates,not_flagged,contact_pages,,,,,,valid=0; invalid=0; risky=0; unknown=0
9212,>30M,abelias.fr,yes,,,https://f4zgtsob1vh.typeform.com/to/LQWOIkLE,0,,contact@abelias.fr,showing_email_candidates,not_flagged,contact_pages,contact@abelias.fr,contact@abelias.fr,,,,valid=1; invalid=0; risky=0; unknown=0
9213,>30M,renovationscapecod.com,yes,,,,0,,,no_public_email_found,not_flagged,contact_pages,,,,,,valid=0; invalid=0; risky=0; unknown=0
9214,>30M,plankandco.com,no,,,,0,,bfox@grayfoxflooring.com ; carl.srb@live.ca ; info@plankanco.com ; info@plankandco.com ; jamie@northernwideplank.ca ; kenm@alexanian.com ; matt@signaturebyshelley.com ; mehmeto@alexanian.com ; sales@richcraftinteriors.com ; tysonb@alexanian.com ; zach@grandvalleytile.com,showing_email_candidates,not_flagged,contact_pages,info@plankandco.com,,,,info@plankandco.com,valid=0; invalid=0; risky=0; unknown=1
9215,>30M,playerinput.com,no,,,,0,,,no_public_email_found,not_flagged,contact_pages,,,,,,valid=0; invalid=0; risky=0; unknown=0
9216,>30M,alphabetadvisory.com,no,,,,0,,,no_public_email_found,not_flagged,contact_pages,,,,,,valid=0; invalid=0; risky=0; unknown=0
9217,>30M,black-jack.jp,no,,,,0,,,no_public_email_found,not_flagged,contact_pages,,,,,,valid=0; invalid=0; risky=0; unknown=0
9218,>30M,wisegeneration.com,yes,,,https://form.typeform.com/to/BMctNZhS ; https://form.typeform.com/to/PRH0cjna,0,,,no_public_email_found,not_flagged,contact_pages,,,,,,valid=0; invalid=0; risky=0; unknown=0
9219,>30M,felipeepaula.com.br,no,,,,0,,,no_public_email_found,not_flagged,contact_pages,,,,,,valid=0; invalid=0; risky=0; unknown=0
9220,>30M,engineeringmarketing.com,yes,,,,0,,,no_public_email_found,not_flagged,contact_pages,,,,,,valid=0; invalid=0; risky=0; unknown=0
9221,>30M,prattstreetlearningcenter.com,yes,,,https://kreativeeyedesign.typeform.com/to/hjE7eu,0,,enroll@bustletonlearningcenter.com ; enroll@prattstreetlearningcenter.com ; enrollment@bustletonlearningcenter.com ; enrollment@prattstreetlearningcenter.com ; info@bustletonlearningcenter.com ; info@prattstreetlearningcenter.com,showing_email_candidates,not_flagged,contact_pages,info@prattstreetlearningcenter.com,,,,info@prattstreetlearningcenter.com,valid=0; invalid=0; risky=0; unknown=1
9222,>30M,stefaniamatteoph.com,no,,,,0,,stefy.matteo@live.it,showing_email_candidates,not_flagged,contact_pages,,,,,,valid=0; invalid=0; risky=0; unknown=0
9223,>30M,okcdivorceattorneys.com,no,,,,0,,flags@2x.png,showing_email_candidates,not_flagged,contact_pages,,,,,,valid=0; invalid=0; risky=0; unknown=0
9224,>30M,iziboat.com,no,,,,0,,contact@iziboat.com ; hello@iziboat.com,showing_email_candidates,not_flagged,contact_pages,contact@iziboat.com ; hello@iziboat.com,contact@iziboat.com ; hello@iziboat.com,,,,valid=2; invalid=0; risky=0; unknown=0
9225,>30M,bluhope.org,yes,,,https://plasticdetectives.typeform.com/to/BnNxNM,0,,simon@bluhope.eco,showing_email_candidates,not_flagged,contact_pages,,,,,,valid=0; invalid=0; risky=0; unknown=0
9226,>30M,blackworkersmatter.org,no,,,,0,,blackworkersmatterchicago@gmail.com,showing_email_candidates,not_flagged,contact_pages,,,,,,valid=0; invalid=0; risky=0; unknown=0
9227,>30M,takemytraffic.com,no,,,,0,,,no_public_email_found,not_flagged,contact_pages,,,,,,valid=0; invalid=0; risky=0; unknown=0
9228,>30M,southdakotasocialsecurity.com,no,,,,0,,,no_public_email_found,not_flagged,contact_pages,,,,,,valid=0; invalid=0; risky=0; unknown=0
9229,>30M,bendlelang.com,no,,,,0,,,no_public_email_found,not_flagged,contact_pages,,,,,,valid=0; invalid=0; risky=0; unknown=0
9230,>30M,postmonster.com,no,,,,0,,,no_public_email_found,not_flagged,contact_pages,,,,,,valid=0; invalid=0; risky=0; unknown=0
9231,>30M,filo.co,no,,,,0,,,no_public_email_found,not_flagged,contact_pages,,,,,,valid=0; invalid=0; risky=0; unknown=0
9232,>30M,ikwilrentenieren.nl,no,,,,0,,,no_public_email_found,not_flagged,contact_pages,,,,,,valid=0; invalid=0; risky=0; unknown=0
9233,>30M,seniorrehab.com,yes,,,https://dc20.typeform.com/to/WBsxd2 ; https://dc20.typeform.com/to/WcOkaW,0,,info@seniorrehab.com,showing_email_candidates,not_flagged,contact_pages,info@seniorrehab.com,,,,info@seniorrehab.com,valid=0; invalid=0; risky=0; unknown=1
9234,>30M,iappdown.com,no,,,,0,,sales+vpat@hcaptcha.com ; sales@hcaptcha.com ; support@hcaptcha.com,showing_email_candidates,not_flagged,contact_pages,,,,,,valid=0; invalid=0; risky=0; unknown=0
9235,>30M,loganskees.com,yes,,,https://admin.typeform.com/to/dwk6gt ; https://admin.typeform.com/to/eWpkapYC ; https://billingteam.typeform.com/to/lkiZo1fx ; https://community.typeform.com/ ; https://font.typeform.com/ ; https://help.typeform.com/ ; https://legalteam.typeform.com/to/EDgaTrpa ; https://successteam.typeform.com/to/fgfPfjM2 ; https://successteam.typeform.com/to/fmBA7igL ; https://successteam.typeform.com/to/iPzSL1a2 ; https://videoaskhelp.typeform.com/to/bjogGa2a ; https://www.typeform.com/,0,,applicantemail@example.com ; notifications@videoask.com ; support@videoask.com ; u003eapplicantemail@example.com ; u003enotifications@videoask.com ; u003eralph@acmesales.com ; u003erenata@acmesales.com ; u003erenata@renata.com ; u003esupport@videoask.com,showing_email_candidates,not_flagged,contact_pages,,,,,,valid=0; invalid=0; risky=0; unknown=0
9236,>30M,mattc.com,no,,,,0,,,no_public_email_found,not_flagged,contact_pages,,,,,,valid=0; invalid=0; risky=0; unknown=0
9237,>30M,doppelbauer.eu,no,,,https://embed.typeform.com/,0,,christoph.doppelbauer@doppelbauer.eu,showing_email_candidates,not_flagged,contact_pages,,,,,,valid=0; invalid=0; risky=0; unknown=0
9238,>30M,dpfdelete.com,no,,,,0,,hello@dpfdelete.com,showing_email_candidates,not_flagged,contact_pages,hello@dpfdelete.com,hello@dpfdelete.com,,,,valid=1; invalid=0; risky=0; unknown=0
9239,>30M,approvedin24hours.com,yes,,,,0,,,no_public_email_found,not_flagged,contact_pages,,,,,,valid=0; invalid=0; risky=0; unknown=0
9240,>30M,pawmygosh.co,yes,,,,0,,,no_public_email_found,not_flagged,contact_pages,,,,,,valid=0; invalid=0; risky=0; unknown=0
9241,>30M,cherylejackson.com,no,,,,0,,,no_public_email_found,not_flagged,contact_pages,,,,,,valid=0; invalid=0; risky=0; unknown=0
9242,>30M,hoteltentrem.net,no,,,,0,,,no_public_email_found,not_flagged,contact_pages,,,,,,valid=0; invalid=0; risky=0; unknown=0
9243,>30M,druckerfinden.de,yes,,,https://embed.typeform.com/ ; https://form.typeform.com/to/SJVy9pZo,0,,,no_public_email_found,not_flagged,contact_pages,,,,,,valid=0; invalid=0; risky=0; unknown=0
9244,>30M,ecruapp.com,no,,,,0,,,no_public_email_found,not_flagged,contact_pages,,,,,,valid=0; invalid=0; risky=0; unknown=0
9245,>30M,employergrants.com,no,,,,0,,,no_public_email_found,not_flagged,contact_pages,,,,,,valid=0; invalid=0; risky=0; unknown=0
9246,>30M,sandlotstudio.com,yes,,,,0,,,no_public_email_found,not_flagged,contact_pages,,,,,,valid=0; invalid=0; risky=0; unknown=0
9247,>30M,azsolarinfo.com,no,,,,0,,,no_public_email_found,not_flagged,contact_pages,,,,,,valid=0; invalid=0; risky=0; unknown=0
9248,>30M,theqube.com,no,,,,0,,hello@theqube.com ; name.surname@email.com,showing_email_candidates,not_flagged,contact_pages,hello@theqube.com,hello@theqube.com,,,,valid=1; invalid=0; risky=0; unknown=0
9249,>30M,frandecatta.com,yes,,,,0,,,no_public_email_found,not_flagged,contact_pages,,,,,,valid=0; invalid=0; risky=0; unknown=0
9250,>30M,tiyodareien.com,no,,,,0,,,no_public_email_found,not_flagged,contact_pages,,,,,,valid=0; invalid=0; risky=0; unknown=0
9251,>30M,lifecompasscounseling.com,no,,,https://images.typeform.com/ ; https://public-assets.typeform.com/,0,,,no_public_email_found,not_flagged,contact_pages,,,,,,valid=0; invalid=0; risky=0; unknown=0
9252,>30M,federicoferrandina.com,yes,,,https://federicoferrandina.typeform.com/to/iBuQ5u,0,,info@federicoferrandina.com,showing_email_candidates,not_flagged,contact_pages,info@federicoferrandina.com,,,,info@federicoferrandina.com,valid=0; invalid=0; risky=0; unknown=1
9253,>30M,supportoutsource.com,no,,,https://www.typeform.com/,0,,your@email.com,showing_email_candidates,not_flagged,contact_pages,,,,,,valid=0; invalid=0; risky=0; unknown=0
9254,>30M,inxtensia.com,yes,,,,0,,,no_public_email_found,not_flagged,contact_pages,,,,,,valid=0; invalid=0; risky=0; unknown=0
9255,>30M,meetingdoctors.com,yes,,,https://chatmedico.typeform.com/to/veJ5vjOb,0,,,no_public_email_found,not_flagged,contact_pages,,,,,,valid=0; invalid=0; risky=0; unknown=0
9256,>30M,genezis.fr,no,,,,0,,,no_public_email_found,not_flagged,contact_pages,,,,,,valid=0; invalid=0; risky=0; unknown=0
9257,>30M,phoenixresolution.com,no,,,,0,,,no_public_email_found,not_flagged,contact_pages,,,,,,valid=0; invalid=0; risky=0; unknown=0
9258,>30M,bloom-life.com,yes,,,http://form.typeform.com/to/MgscylD7 ; https://form.typeform.com/to/MgscylD7,0,,support@bloomlife.com,showing_email_candidates,not_flagged,contact_pages,,,,,,valid=0; invalid=0; risky=0; unknown=0
9259,>30M,neoperformance.com,yes,,,https://embed.typeform.com/ ; https://hmio9mqeome.typeform.com/to/BNgm5bL0 ; https://yourenglishform.typeform.com/to/yyyyyy ; https://yourspanishform.typeform.com/to/xxxxxx,0,,,no_public_email_found,not_flagged,contact_pages,,,,,,valid=0; invalid=0; risky=0; unknown=0
9260,>30M,opside.fr,no,,,,0,,contact@opside.fr,showing_email_candidates,not_flagged,contact_pages,contact@opside.fr,contact@opside.fr,,,,valid=1; invalid=0; risky=0; unknown=0
9261,>30M,enterthesnow.com,yes,,,https://embed.typeform.com/ ; https://travelbase.typeform.com/to/m80PINi5 ; https://travelbase.typeform.com/to/ZnnuxCBs,0,,d020ffd2748b1ad387ba8eb63675f2ac@o4505114921795584.ingest.us.sentry.io ; info@enterthesnow.com,showing_email_candidates,not_flagged,contact_pages,info@enterthesnow.com,,,,info@enterthesnow.com,valid=0; invalid=0; risky=0; unknown=1
9262,>30M,teamkuehn.de,yes,,,https://onlineanfrage.typeform.com/to/a8ibIMzX,0,,kontakt@teamkuehn.de,showing_email_candidates,not_flagged,contact_pages,,,,,,valid=0; invalid=0; risky=0; unknown=0
9263,>30M,victorialeemusic.com,yes,,,https://admin.typeform.com/ ; https://embed.typeform.com/ ; https://vickylee3.typeform.com/to/wp8jCU,0,,,no_public_email_found,not_flagged,contact_pages,,,,,,valid=0; invalid=0; risky=0; unknown=0
9264,>30M,adfuze.com,no,,,,0,,krupa@fuzetechnology.com,showing_email_candidates,not_flagged,contact_pages,,,,,,valid=0; invalid=0; risky=0; unknown=0
9265,>30M,shellalalnoor.com,yes,,,,0,,info@shellalalnoor.com,showing_email_candidates,not_flagged,contact_pages,info@shellalalnoor.com,,,,info@shellalalnoor.com,valid=0; invalid=0; risky=0; unknown=1
9266,>30M,jdubin.com,no,,,,0,,,no_public_email_found,not_flagged,contact_pages,,,,,,valid=0; invalid=0; risky=0; unknown=0
9267,>30M,theattributes.com,no,,,,0,,example@domain.com,showing_email_candidates,not_flagged,contact_pages,,,,,,valid=0; invalid=0; risky=0; unknown=0
9268,>30M,dmp.cz,yes,,,,0,,info@dmp.cz,showing_email_candidates,not_flagged,contact_pages,info@dmp.cz,,,,info@dmp.cz,valid=0; invalid=0; risky=0; unknown=1
9269,>30M,tuotempo.es,no,,,https://form.typeform.com/,0,,,no_public_email_found,not_flagged,contact_pages,,,,,,valid=0; invalid=0; risky=0; unknown=0
9270,>30M,bannergoods.com,yes,,,https://danejensen1.typeform.com/to/lM8JeA ; https://embed.typeform.com/,0,,,no_public_email_found,not_flagged,contact_pages,,,,,,valid=0; invalid=0; risky=0; unknown=0
9271,>30M,nicole-martinez.com,no,,,,0,,,no_public_email_found,not_flagged,contact_pages,,,,,,valid=0; invalid=0; risky=0; unknown=0
9272,>30M,belongproject.com,no,,,,0,,jason@belongproject.com,showing_email_candidates,not_flagged,contact_pages,,,,,,valid=0; invalid=0; risky=0; unknown=0
9273,>30M,hellenicstore.com,no,,,,0,,,no_public_email_found,not_flagged,contact_pages,,,,,,valid=0; invalid=0; risky=0; unknown=0
9274,>30M,adcrealty.net,no,,,,0,,,no_public_email_found,not_flagged,contact_pages,,,,,,valid=0; invalid=0; risky=0; unknown=0
9275,>30M,leeshadle.com,no,,,,0,,,no_public_email_found,not_flagged,contact_pages,,,,,,valid=0; invalid=0; risky=0; unknown=0
9276,>30M,everstory.us,no,,,,0,,,no_public_email_found,not_flagged,contact_pages,,,,,,valid=0; invalid=0; risky=0; unknown=0
9277,>30M,petraboucher.com,yes,,,,0,,,no_public_email_found,not_flagged,contact_pages,,,,,,valid=0; invalid=0; risky=0; unknown=0
9278,>30M,frontstreet.com,yes,,,https://p4gjyfe8ol8.typeform.com/to/RxGXO2jc,0,,,no_public_email_found,not_flagged,contact_pages,,,,,,valid=0; invalid=0; risky=0; unknown=0
9279,>30M,precision-biology.com,yes,,,,0,,,no_public_email_found,not_flagged,contact_pages,,,,,,valid=0; invalid=0; risky=0; unknown=0
9280,>30M,nantucketcarpentry.com,no,,,,0,,nantucketcarpentry@gmail.com,showing_email_candidates,not_flagged,contact_pages,,,,,,valid=0; invalid=0; risky=0; unknown=0
9281,>30M,hemplawgroup.com,no,,,https://litson.typeform.com/,0,,ask@hemplawgroup.com ; you@yourbusiness.com,showing_email_candidates,not_flagged,contact_pages,,,,,,valid=0; invalid=0; risky=0; unknown=0
9282,>30M,hcwiley.com,no,,,,0,,,no_public_email_found,not_flagged,contact_pages,,,,,,valid=0; invalid=0; risky=0; unknown=0
9283,>30M,theaffiliatearsenal.com,yes,,,,0,,,no_public_email_found,not_flagged,contact_pages,,,,,,valid=0; invalid=0; risky=0; unknown=0
9284,>30M,leadprediction.com,no,,,,0,,,no_public_email_found,not_flagged,contact_pages,,,,,,valid=0; invalid=0; risky=0; unknown=0
9285,>30M,xdeai.com,no,,,,0,,,no_public_email_found,not_flagged,contact_pages,,,,,,valid=0; invalid=0; risky=0; unknown=0
9286,>30M,auntieem.com,no,,,https://52ap8x6fhk0.typeform.com/to/ckwBNudj,0,,em@auntieem.com ; info@auntieem.com,showing_email_candidates,not_flagged,contact_pages,info@auntieem.com,,,,info@auntieem.com,valid=0; invalid=0; risky=0; unknown=1
9287,>30M,feellogic.com,yes,,,https://formdoc.typeform.com/to/NtJHOu,0,,sg@feellogic.com,showing_email_candidates,not_flagged,contact_pages,,,,,,valid=0; invalid=0; risky=0; unknown=0
9288,>30M,giftmakers.org,yes,,,https://form.typeform.com/to/RJMm43yC,0,,contact@giftmakers.org,showing_email_candidates,not_flagged,contact_pages,contact@giftmakers.org,contact@giftmakers.org,,,,valid=1; invalid=0; risky=0; unknown=0
9289,>30M,giantmgmt.com,no,,,,0,,,no_public_email_found,not_flagged,contact_pages,,,,,,valid=0; invalid=0; risky=0; unknown=0
9290,>30M,topgrass.com.br,yes,,,https://33x62ruz2m6.typeform.com/to/Ihsbd0NF ; https://form.typeform.com/to/Ihsbd0NF,0,,,no_public_email_found,not_flagged,contact_pages,,,,,,valid=0; invalid=0; risky=0; unknown=0
9291,>30M,tfw-doylestown.com,yes,,,https://tfwdoylestown.typeform.com/to/cbX6EW,0,,,no_public_email_found,not_flagged,contact_pages,,,,,,valid=0; invalid=0; risky=0; unknown=0
9292,>30M,littletoneyecare.net,yes,,,https://form.typeform.com/to/RbyLedFO,0,,accessible-slick@1.0.1 ; shufflejs@5.4.1,showing_email_candidates,not_flagged,contact_pages,,,,,,valid=0; invalid=0; risky=0; unknown=0
9293,>30M,villalavalencia.com,yes,,,,0,,,no_public_email_found,not_flagged,contact_pages,,,,,,valid=0; invalid=0; risky=0; unknown=0
9294,>30M,molssi.org,yes,,,https://molssi.typeform.com/to/qaOlQ4aM ; https://molssi.typeform.com/to/u3lOVqZt,0,,info@molssi.org,showing_email_candidates,not_flagged,contact_pages,info@molssi.org,,,,info@molssi.org,valid=0; invalid=0; risky=0; unknown=1
9295,>30M,sosfranchising.com,no,,,,0,,,no_public_email_found,not_flagged,contact_pages,,,,,,valid=0; invalid=0; risky=0; unknown=0
9296,>30M,miyachi-tax.com,no,,,,0,,,no_public_email_found,not_flagged,contact_pages,,,,,,valid=0; invalid=0; risky=0; unknown=0
9297,>30M,purehomedirect.com,no,,,,0,,loading-attribute-polyfill@2.1.1 ; sales@purehomedirect.com,showing_email_candidates,not_flagged,contact_pages,sales@purehomedirect.com,,,,sales@purehomedirect.com,valid=0; invalid=0; risky=0; unknown=1
9298,>30M,thesophiacode.org,no,,,,0,,contact@thesophiacode.org,showing_email_candidates,not_flagged,contact_pages,contact@thesophiacode.org,contact@thesophiacode.org,,,,valid=1; invalid=0; risky=0; unknown=0
9299,>30M,vanessabenlolo.com,yes,,,https://form.typeform.com/to/WbvDGyw8,0,,,no_public_email_found,not_flagged,contact_pages,,,,,,valid=0; invalid=0; risky=0; unknown=0
9300,>30M,trentadue.it,yes,,,,0,,,no_public_email_found,not_flagged,contact_pages,,,,,,valid=0; invalid=0; risky=0; unknown=0
9301,>30M,antonpires.com,yes,,,https://un6ohogu2vd.typeform.com/to/pVsNo3WI ; https://un6ohogu2vd.typeform.com/to/SOsAv12r,0,,info@nouveaocapitalgroup.com ; office@antonpires.com,showing_email_candidates,not_flagged,contact_pages,office@antonpires.com,,,,office@antonpires.com,valid=0; invalid=0; risky=0; unknown=1
9302,>30M,potentialperu.com,yes,,,https://potentialchurch.typeform.com/to/Ke7XdT,0,,lima@potentialchurch.com,showing_email_candidates,not_flagged,contact_pages,,,,,,valid=0; invalid=0; risky=0; unknown=0
9303,>30M,kef-america.com,no,,,,0,,sales@kef-america.com,showing_email_candidates,not_flagged,contact_pages,sales@kef-america.com,,,,sales@kef-america.com,valid=0; invalid=0; risky=0; unknown=1
9304,>30M,augustatax.com,yes,,,https://augustatax.typeform.com/to/TtrNjTBQ,0,,,no_public_email_found,not_flagged,contact_pages,,,,,,valid=0; invalid=0; risky=0; unknown=0
9305,>30M,retoxretreat.com,yes,,,https://6o3m2gaa3rs.typeform.com/to/mskvJgWi ; https://6o3m2gaa3rs.typeform.com/to/WrkBJFUD,0,,lightbox2@2.11.3,showing_email_candidates,not_flagged,contact_pages,,,,,,valid=0; invalid=0; risky=0; unknown=0
9306,>30M,vhab.com,no,,,,0,,,no_public_email_found,not_flagged,contact_pages,,,,,,valid=0; invalid=0; risky=0; unknown=0
9307,>30M,workboost.nl,no,,,,0,,,no_public_email_found,not_flagged,contact_pages,,,,,,valid=0; invalid=0; risky=0; unknown=0
9308,>30M,tms-software.nl,no,,,https://epywkylb528.typeform.com/ ; https://epywkylb528.typeform.com/to/LBufDrqz ; https://form.typeform.com/to/NSm1g0Te,0,,bootstrap-icons@1.11.3 ; info@mendrix.nl,showing_email_candidates,not_flagged,contact_pages,,,,,,valid=0; invalid=0; risky=0; unknown=0
9309,>30M,absolutecomfortpdx.com,no,,,,0,,,no_public_email_found,not_flagged,contact_pages,,,,,,valid=0; invalid=0; risky=0; unknown=0
9310,>30M,australianpartnervisa.net.au,yes,,,https://ask-question.typeform.com/to/WtU4PBH5,0,,admin@awma.net.au ; darren@awma.net.au,showing_email_candidates,not_flagged,contact_pages,,,,,,valid=0; invalid=0; risky=0; unknown=0
9311,>30M,impelg.com,yes,,,https://uvrg5n1al10.typeform.com/to/BpdRvbAX,0,,contacto@impel-mx.com ; contacto@impelg.com ; cropped-logo-azulwblanco@4x-150x150.png ; cropped-logo-azulwblanco@4x-300x300.png ; logo-azul@4x-266x300.png ; logo-azul@4x-768x865.png ; logo-azul@4x-909x1024.png ; logo-azul@4x.png ; logo-blanco@4x-266x300.png ; logo-blanco@4x.png ; tu-correo@ejemplo.com,showing_email_candidates,not_flagged,contact_pages,,,,,,valid=0; invalid=0; risky=0; unknown=0
9312,>30M,shoehigh.com,yes,,,,0,,,no_public_email_found,not_flagged,contact_pages,,,,,,valid=0; invalid=0; risky=0; unknown=0
9313,>30M,gastroparts.com,no,,,,0,,,no_public_email_found,not_flagged,contact_pages,,,,,,valid=0; invalid=0; risky=0; unknown=0
9314,>30M,krisbernard.com,no,,,,0,,,no_public_email_found,not_flagged,contact_pages,,,,,,valid=0; invalid=0; risky=0; unknown=0
9315,>30M,appyreward.com,yes,,,https://appyreward.typeform.com/to/Pz7DdPLs ; https://appyreward.typeform.com/to/tuxXQfdL ; https://appyreward.typeform.com/to/z1CqoeZ0 ; https://www.typeform.com/,0,,,no_public_email_found,not_flagged,contact_pages,,,,,,valid=0; invalid=0; risky=0; unknown=0
9316,>30M,thrivingaftercancer.com,no,,,,0,,flags@2x.png,showing_email_candidates,not_flagged,contact_pages,,,,,,valid=0; invalid=0; risky=0; unknown=0
9317,>30M,abgroup.de,yes,,,https://embed.typeform.com/ ; https://form.typeform.com/to/PyZ3upJB ; https://h44uv6juug0.typeform.com/to/PyZ3upJB,0,,datenschutz@abgroup.de ; info@abgroup.de,showing_email_candidates,not_flagged,contact_pages,info@abgroup.de,info@abgroup.de,,,,valid=1; invalid=0; risky=0; unknown=0
9318,>30M,clarteza.com,yes,,,,0,,,no_public_email_found,not_flagged,contact_pages,,,,,,valid=0; invalid=0; risky=0; unknown=0
9319,>30M,leanventurecapital.com,yes,,,https://4xlfdf312st.typeform.com/to/YgpeRCW0,0,,,no_public_email_found,not_flagged,contact_pages,,,,,,valid=0; invalid=0; risky=0; unknown=0
9320,>30M,qualiwatt.com,no,,,,0,,,no_public_email_found,not_flagged,contact_pages,,,,,,valid=0; invalid=0; risky=0; unknown=0
9321,>30M,bugshark.com,no,,,,0,,,no_public_email_found,not_flagged,contact_pages,,,,,,valid=0; invalid=0; risky=0; unknown=0
9322,>30M,consultaudit.com,no,,,,0,,,no_public_email_found,not_flagged,contact_pages,,,,,,valid=0; invalid=0; risky=0; unknown=0
9323,>30M,ninomiya-hifuka.com,no,,,,0,,,no_public_email_found,not_flagged,contact_pages,,,,,,valid=0; invalid=0; risky=0; unknown=0
9324,>30M,ooba-group.com,no,,,,0,,,no_public_email_found,not_flagged,contact_pages,,,,,,valid=0; invalid=0; risky=0; unknown=0
9325,>30M,ecole-management.com,no,,,https://www.typeform.com/,0,,hubert@kratiroff.com,showing_email_candidates,not_flagged,contact_pages,,,,,,valid=0; invalid=0; risky=0; unknown=0
9326,>30M,linatol.com,no,,,,0,,,no_public_email_found,not_flagged,contact_pages,,,,,,valid=0; invalid=0; risky=0; unknown=0
9327,>30M,bonfireventure.com,yes,,,https://yikdukb5nck.typeform.com/to/Tze30ymM,0,,gsap@3.13.0 ; splide@3.2.2,showing_email_candidates,not_flagged,contact_pages,,,,,,valid=0; invalid=0; risky=0; unknown=0
9328,>30M,sintegraconsulting.com,no,,,,0,,lottie-player@1.5.7 ; rh@aditef.org,showing_email_candidates,not_flagged,contact_pages,,,,,,valid=0; invalid=0; risky=0; unknown=0
9329,>30M,leiya.com,no,,,,0,,,no_public_email_found,not_flagged,contact_pages,,,,,,valid=0; invalid=0; risky=0; unknown=0
9330,>30M,taynval.com,yes,,,,0,,,no_public_email_found,not_flagged,contact_pages,,,,,,valid=0; invalid=0; risky=0; unknown=0
9331,>30M,211communityimpact.org,no,,,,0,,info@211communityimpact.com ; info@211communityimpact.org,showing_email_candidates,not_flagged,contact_pages,info@211communityimpact.org,info@211communityimpact.org,,,,valid=1; invalid=0; risky=0; unknown=0
9332,>30M,brekor.com,yes,,,,0,,hello@lyniqstudio.com ; info@brekor.com,showing_email_candidates,not_flagged,contact_pages,info@brekor.com,,,,info@brekor.com,valid=0; invalid=0; risky=0; unknown=1
9333,>30M,hjmcreative.com,no,,,,0,,,no_public_email_found,not_flagged,contact_pages,,,,,,valid=0; invalid=0; risky=0; unknown=0
9334,>30M,grandmasproject.org,yes,,,https://chai-chai.typeform.com/to/CrNoYvMV ; https://form.typeform.com/to/PmUXvodi,0,,hello@grandmasproject.org,showing_email_candidates,not_flagged,contact_pages,hello@grandmasproject.org,hello@grandmasproject.org,,,,valid=1; invalid=0; risky=0; unknown=0
9335,>30M,liveonearth.com,yes,,,https://embed.typeform.com/ ; https://form.typeform.com/to/Jyfw1rWY,0,,,no_public_email_found,not_flagged,contact_pages,,,,,,valid=0; invalid=0; risky=0; unknown=0
9336,>30M,knightsyouthfootball.com,no,,,,0,,,no_public_email_found,not_flagged,contact_pages,,,,,,valid=0; invalid=0; risky=0; unknown=0
9337,>30M,moeller-bedachungen.de,yes,,,https://form.typeform.com/to/agcGe5xr,0,,i.meissner@moeller-bedachungen.de ; j.mueller@moeller-bedachungen.de ; mark.moeller@moeller-bedachungen.de ; maxim.moeller@moeller-bedachungen.de ; melanie.moeller@moeller-bedachungen.de ; moeller@moeller-bedachungen.de ; t.morbitzer@moeller-bedachungen.de ; web@a-z-mediendesign.de,showing_email_candidates,not_flagged,contact_pages,,,,,,valid=0; invalid=0; risky=0; unknown=0
9338,>30M,eatmyway.com,yes,,,,0,,,no_public_email_found,not_flagged,contact_pages,,,,,,valid=0; invalid=0; risky=0; unknown=0
9339,>30M,mountupmedia.com,no,,,,0,,dee@mountupmedia.com ; gsap@3.12.5 ; lenis@1.0.45 ; you@domain.com,showing_email_candidates,not_flagged,contact_pages,,,,,,valid=0; invalid=0; risky=0; unknown=0
9340,>30M,senner.com.br,yes,,,https://marketing523708.typeform.com/to/sH44gy5H,0,,contato@senner.com.br,showing_email_candidates,not_flagged,contact_pages,,,,,,valid=0; invalid=0; risky=0; unknown=0
9341,>30M,tax-hirouchi.net,no,,,,0,,,no_public_email_found,not_flagged,contact_pages,,,,,,valid=0; invalid=0; risky=0; unknown=0
9342,>30M,art-house.co,yes,,,,0,,hugh.denard@art-house.co,showing_email_candidates,not_flagged,contact_pages,,,,,,valid=0; invalid=0; risky=0; unknown=0
9343,>30M,modernqi.com,no,,,,0,,,no_public_email_found,not_flagged,contact_pages,,,,,,valid=0; invalid=0; risky=0; unknown=0
9344,>30M,ibizainthesky.com,no,,,,0,,reservation@ibizainthesky.com,showing_email_candidates,not_flagged,contact_pages,,,,,,valid=0; invalid=0; risky=0; unknown=0
9345,>30M,pbbny.com,no,,,,0,,info@pbbny.com ; kferra@pbbny.com,showing_email_candidates,not_flagged,contact_pages,info@pbbny.com,,,,info@pbbny.com,valid=0; invalid=0; risky=0; unknown=1
9346,>30M,buildyouronlinepresence.com,no,,,,0,,,no_public_email_found,not_flagged,contact_pages,,,,,,valid=0; invalid=0; risky=0; unknown=0
9347,>30M,johannesbittel.com,no,,,,0,,,no_public_email_found,not_flagged,contact_pages,,,,,,valid=0; invalid=0; risky=0; unknown=0
9348,>30M,imma.mx,yes,,,https://embed.typeform.com/ ; https://form.typeform.com/to/A1ZiRd0S,0,,montessori.preparatoria@gmail.com ; montessorisecundaria@hotmail.com,showing_email_candidates,not_flagged,contact_pages,,,,,,valid=0; invalid=0; risky=0; unknown=0
9349,>30M,wynwoodtechnologies.com,no,,,,0,,chris@wynwoodtechnologies.com ; jordan@wynwoodtechnologies.com,showing_email_candidates,not_flagged,contact_pages,,,,,,valid=0; invalid=0; risky=0; unknown=0
9350,>30M,colisco.com,yes,,,https://lightspeed-commerce.typeform.com/to/g1vcP7FR,0,,example@email.com ; info@colisco.com ; john.doe@email.com,showing_email_candidates,not_flagged,contact_pages,info@colisco.com,,,,info@colisco.com,valid=0; invalid=0; risky=0; unknown=1
9351,>30M,simplebars.com,yes,,,,0,,,no_public_email_found,not_flagged,contact_pages,,,,,,valid=0; invalid=0; risky=0; unknown=0
9352,>30M,greentargetcolombia.com,no,,,,0,,,no_public_email_found,not_flagged,contact_pages,,,,,,valid=0; invalid=0; risky=0; unknown=0
9353,>30M,enbege.de,no,,,,0,,info@enbege.de,showing_email_candidates,not_flagged,contact_pages,info@enbege.de,,,,info@enbege.de,valid=0; invalid=0; risky=0; unknown=1
9354,>30M,nansenfram.com,yes,,,,0,,,no_public_email_found,not_flagged,contact_pages,,,,,,valid=0; invalid=0; risky=0; unknown=0
9355,>30M,plumbingjohnscreek.org,yes,,,,0,,,no_public_email_found,not_flagged,contact_pages,,,,,,valid=0; invalid=0; risky=0; unknown=0
9356,>30M,marche-restaurants.de,yes,,,https://marche-int.typeform.com/to/oOS3lX,0,,,no_public_email_found,not_flagged,contact_pages,,,,,,valid=0; invalid=0; risky=0; unknown=0
9357,>30M,easyyolk.com,yes,,,https://v1w2f8vdqbg.typeform.com/to/XxI1Afq2,0,,connect@easyyolk.com ; filler@godaddy.com ; hello@rfuenzalida.com ; impallari@gmail.com ; matt@pixelspread.com,showing_email_candidates,not_flagged,contact_pages,,,,,,valid=0; invalid=0; risky=0; unknown=0
9358,>30M,mistress-joy.com,yes,,,https://q7122dg2eq3.typeform.com/to/pVXD4jT6,0,,mistressjoy.abramovich@gmail.com,showing_email_candidates,not_flagged,contact_pages,,,,,,valid=0; invalid=0; risky=0; unknown=0
9359,>30M,carrollmemorialsva.com,no,,,,0,,,no_public_email_found,not_flagged,contact_pages,,,,,,valid=0; invalid=0; risky=0; unknown=0
9360,>30M,nlsupport.org,yes,,,https://wetlgq124u7.typeform.com/to/Txc11h2b,0,,office@nlsupport.com ; vanta@0.5.24,showing_email_candidates,not_flagged,contact_pages,,,,,,valid=0; invalid=0; risky=0; unknown=0
9361,>30M,trafficthinktank.com,no,,,,0,,support@trafficthinktank.com,showing_email_candidates,not_flagged,contact_pages,support@trafficthinktank.com,,,,support@trafficthinktank.com,valid=0; invalid=0; risky=0; unknown=1
9362,>30M,cevico.fr,no,,,,0,,contact@cevico.fr ; courrier@cevico-elec.fr,showing_email_candidates,not_flagged,contact_pages,contact@cevico.fr,contact@cevico.fr,,,,valid=1; invalid=0; risky=0; unknown=0
9363,>30M,maruki-ov.com,no,,,,0,,,no_public_email_found,not_flagged,contact_pages,,,,,,valid=0; invalid=0; risky=0; unknown=0
9364,>30M,mastermangroup.com,no,,,,0,,react-dom@18.3.1 ; react@18.3.1 ; standalone@7.29.0,showing_email_candidates,not_flagged,contact_pages,,,,,,valid=0; invalid=0; risky=0; unknown=0
9365,>30M,intentionallycreative.com,yes,,,https://q3abu05x8g9.typeform.com/,0,,hello@get-creative.co ; you@example.com,showing_email_candidates,not_flagged,contact_pages,,,,,,valid=0; invalid=0; risky=0; unknown=0
9366,>30M,archibrix.com,yes,,,https://embed.typeform.com/ ; https://form.typeform.com/to/wwwiTZs8,0,,office@archibrix.com,showing_email_candidates,not_flagged,contact_pages,office@archibrix.com,,,,office@archibrix.com,valid=0; invalid=0; risky=0; unknown=1
9367,>30M,michellekeating.com,yes,,,https://form.typeform.com/to/VhgHCvbR,0,,hello@michellekeating.com,showing_email_candidates,not_flagged,contact_pages,hello@michellekeating.com,hello@michellekeating.com,,,,valid=1; invalid=0; risky=0; unknown=0
9368,>30M,thesymphonyhouse.com,no,,,,0,,,no_public_email_found,not_flagged,contact_pages,,,,,,valid=0; invalid=0; risky=0; unknown=0
9369,>30M,teslaclub.it,yes,,,https://embed.typeform.com/ ; https://form.typeform.com/to/yBWsbb,0,,,no_public_email_found,not_flagged,contact_pages,,,,,,valid=0; invalid=0; risky=0; unknown=0
9370,>30M,findcoherence.com,yes,,,https://form.typeform.com/to/pUQJB5YY,0,,,no_public_email_found,not_flagged,contact_pages,,,,,,valid=0; invalid=0; risky=0; unknown=0
9371,>30M,offroadaddicts.com,yes,,,https://form.typeform.com/to/zHBI5XpI,0,,,no_public_email_found,not_flagged,contact_pages,,,,,,valid=0; invalid=0; risky=0; unknown=0
9372,>30M,contrastbs.com,no,,,,0,,,no_public_email_found,not_flagged,contact_pages,,,,,,valid=0; invalid=0; risky=0; unknown=0
9373,>30M,ookikensoglass.com,no,,,,0,,,no_public_email_found,not_flagged,contact_pages,,,,,,valid=0; invalid=0; risky=0; unknown=0
9374,>30M,wyomingsocialsecurity.com,no,,,,0,,,no_public_email_found,not_flagged,contact_pages,,,,,,valid=0; invalid=0; risky=0; unknown=0
9375,>30M,top3pros.com,yes,,,,0,,,no_public_email_found,not_flagged,contact_pages,,,,,,valid=0; invalid=0; risky=0; unknown=0
9376,>30M,winwhatineed.info,no,,,,0,,info@oclawin.org,showing_email_candidates,not_flagged,contact_pages,,,,,,valid=0; invalid=0; risky=0; unknown=0
9377,>30M,patricewilliams.com,yes,,,https://form.typeform.com/to/mT7hoHOU,0,,,no_public_email_found,not_flagged,contact_pages,,,,,,valid=0; invalid=0; risky=0; unknown=0
9378,>30M,ccbtutorials.com,no,,,,0,,,no_public_email_found,not_flagged,contact_pages,,,,,,valid=0; invalid=0; risky=0; unknown=0
9379,>30M,start2evolve.com,no,,,,0,,,no_public_email_found,not_flagged,contact_pages,,,,,,valid=0; invalid=0; risky=0; unknown=0
9380,>30M,hventure.co,yes,,,https://hemera.typeform.com/to/Q1l3r1K4,0,,,no_public_email_found,not_flagged,contact_pages,,,,,,valid=0; invalid=0; risky=0; unknown=0
9381,>30M,tenneshawood.com,yes,,,,0,,,no_public_email_found,not_flagged,contact_pages,,,,,,valid=0; invalid=0; risky=0; unknown=0
9382,>30M,pamelabarnum.com,no,,,,0,,,no_public_email_found,not_flagged,contact_pages,,,,,,valid=0; invalid=0; risky=0; unknown=0
9383,>30M,linkcompanies.com,yes,,,,0,,,no_public_email_found,not_flagged,contact_pages,,,,,,valid=0; invalid=0; risky=0; unknown=0
9384,>30M,nvu.it,yes,,,https://info431885.typeform.com/to/Ct8sotgs ; https://info431885.typeform.com/to/OVvSp4U5 ; https://info431885.typeform.com/to/Ywe0JBFx,0,,commerciale@nvu.it ; info@nvu.it,showing_email_candidates,not_flagged,contact_pages,info@nvu.it,,,,info@nvu.it,valid=0; invalid=0; risky=0; unknown=1
9385,>30M,collaborativegain.com,yes,,,https://0sulml7kjpu.typeform.com/to/mgcPV7ue,0,,,no_public_email_found,not_flagged,contact_pages,,,,,,valid=0; invalid=0; risky=0; unknown=0
9386,>30M,brittanylmurphy.com,no,,,,0,,,no_public_email_found,not_flagged,contact_pages,,,,,,valid=0; invalid=0; risky=0; unknown=0
9387,>30M,shinywall.com,yes,,,https://rkzg9sc06j1.typeform.com/,0,,ejemplo@tuemail.com,showing_email_candidates,not_flagged,contact_pages,,,,,,valid=0; invalid=0; risky=0; unknown=0
9388,>30M,architekturvisualisierung.com,no,,,,0,,projekt@mattomedia.com,showing_email_candidates,not_flagged,contact_pages,,,,,,valid=0; invalid=0; risky=0; unknown=0
9389,>30M,summitpresspublishers.com,no,,,https://summitsuccess.typeform.com/,0,,,no_public_email_found,not_flagged,contact_pages,,,,,,valid=0; invalid=0; risky=0; unknown=0
9390,>30M,smokedbear.com,yes,,,https://madebywing.typeform.com/to/kfQemW,0,,,no_public_email_found,not_flagged,contact_pages,,,,,,valid=0; invalid=0; risky=0; unknown=0
9391,>30M,jeffcraven.org,yes,,,https://jeffcraven.typeform.com/to/k0xoAe,0,,,no_public_email_found,not_flagged,contact_pages,,,,,,valid=0; invalid=0; risky=0; unknown=0
9392,>30M,mosantosupply.com,no,,,,0,,info@monsantosupply.com ; totti@monsantosupply.com,showing_email_candidates,not_flagged,contact_pages,,,,,,valid=0; invalid=0; risky=0; unknown=0
9393,>30M,islandheatingandair.com,no,,,,0,,,no_public_email_found,not_flagged,contact_pages,,,,,,valid=0; invalid=0; risky=0; unknown=0
9394,>30M,quartzcleaners.com,yes,,,https://parapetpros.typeform.com/to/WEjZxSUN,0,,support@quartzcleaners.com,showing_email_candidates,not_flagged,contact_pages,support@quartzcleaners.com,,,,support@quartzcleaners.com,valid=0; invalid=0; risky=0; unknown=1
9395,>30M,lifelinx.net,no,,,,0,,,no_public_email_found,not_flagged,contact_pages,,,,,,valid=0; invalid=0; risky=0; unknown=0
9396,>30M,muutosvalmentaja.com,no,,,,0,,,no_public_email_found,not_flagged,contact_pages,,,,,,valid=0; invalid=0; risky=0; unknown=0
9397,>30M,christiannewton.com,no,,,,0,,,no_public_email_found,not_flagged,contact_pages,,,,,,valid=0; invalid=0; risky=0; unknown=0
9398,>30M,jamie-jenkins.com,yes,,,https://5opoo8juc41.typeform.com/to/Le3Tip8U,0,,jamie@jamie-jenkins.com,showing_email_candidates,not_flagged,contact_pages,,,,,,valid=0; invalid=0; risky=0; unknown=0
9399,>30M,movetojacksonville.com,no,,,,0,,,no_public_email_found,not_flagged,contact_pages,,,,,,valid=0; invalid=0; risky=0; unknown=0
9400,>30M,kinder-festival.nl,no,,,,0,,,no_public_email_found,not_flagged,contact_pages,,,,,,valid=0; invalid=0; risky=0; unknown=0
9401,>30M,lnfcoaching.com,yes,,,https://form.typeform.com/to/QPpgoHkk,0,,holli.lnfcoaching@gmail.com,showing_email_candidates,not_flagged,contact_pages,,,,,,valid=0; invalid=0; risky=0; unknown=0
9402,>30M,barack.fr,yes,,,,0,,,no_public_email_found,not_flagged,contact_pages,,,,,,valid=0; invalid=0; risky=0; unknown=0
9403,>30M,grbalance.com,no,,,,0,,,no_public_email_found,not_flagged,contact_pages,,,,,,valid=0; invalid=0; risky=0; unknown=0
9404,>30M,mindmeldinteractive.com,yes,,,https://form.typeform.com/to/mVzEwLlU,0,,gsap@3.12.5 ; info@mindmeldinteractive.com ; lenis@1.1.18,showing_email_candidates,not_flagged,contact_pages,info@mindmeldinteractive.com,,,,info@mindmeldinteractive.com,valid=0; invalid=0; risky=0; unknown=1
9405,>30M,newyorkhomesforcash.com,no,,,,0,,,no_public_email_found,not_flagged,contact_pages,,,,,,valid=0; invalid=0; risky=0; unknown=0
9406,>30M,bestadmanagementsoftware.com,no,,,https://embed.typeform.com/,0,,,no_public_email_found,not_flagged,contact_pages,,,,,,valid=0; invalid=0; risky=0; unknown=0
9407,>30M,lawyr.in,yes,,,https://admin.typeform.com/ ; https://embed.typeform.com/ ; https://viveksharma369617.typeform.com/to/e1uAV7,0,,ashwini@lawyr.in ; ionicons@4.5.10-0,showing_email_candidates,not_flagged,contact_pages,,,,,,valid=0; invalid=0; risky=0; unknown=0
9408,>30M,intelligence-designed.com,no,,,,0,,,no_public_email_found,not_flagged,contact_pages,,,,,,valid=0; invalid=0; risky=0; unknown=0
9409,>30M,bitcoindomainsales.com,no,,,,0,,currencyevolution@protonmail.com,showing_email_candidates,not_flagged,contact_pages,,,,,,valid=0; invalid=0; risky=0; unknown=0
9410,>30M,onboarding-hub.com,no,,,,0,,you@company.com,showing_email_candidates,not_flagged,contact_pages,,,,,,valid=0; invalid=0; risky=0; unknown=0
9411,>30M,vntrs.com,no,,,,0,,hello@vntrs.com,showing_email_candidates,not_flagged,contact_pages,hello@vntrs.com,hello@vntrs.com,,,,valid=1; invalid=0; risky=0; unknown=0
9412,>30M,trisnabudayaadi.com,no,,,,0,,,no_public_email_found,not_flagged,contact_pages,,,,,,valid=0; invalid=0; risky=0; unknown=0
9413,>30M,livie.info,no,,,,0,,,no_public_email_found,not_flagged,contact_pages,,,,,,valid=0; invalid=0; risky=0; unknown=0
9414,>30M,robertrueda.org,yes,,,https://xf0mcm7f6qw.typeform.com/to/Q8Cis3MI,0,,,no_public_email_found,not_flagged,contact_pages,,,,,,valid=0; invalid=0; risky=0; unknown=0
9415,>30M,foiegrasmaisonparis.fr,yes,,,,0,,,no_public_email_found,not_flagged,contact_pages,,,,,,valid=0; invalid=0; risky=0; unknown=0
9416,>30M,amateurbunnies.com,yes,,,,0,,,no_public_email_found,not_flagged,contact_pages,,,,,,valid=0; invalid=0; risky=0; unknown=0
9417,>30M,kiribuchi.com,no,,,,0,,,no_public_email_found,not_flagged,contact_pages,,,,,,valid=0; invalid=0; risky=0; unknown=0
9418,>30M,rundocs.com,no,,,,0,,support@rundoo.ai,showing_email_candidates,not_flagged,contact_pages,,,,,,valid=0; invalid=0; risky=0; unknown=0
9419,>30M,thebigdigital.com,yes,,,https://bigseomarketing.typeform.com/to/CSk3fj,0,,info@bigseoagency.com,showing_email_candidates,not_flagged,contact_pages,,,,,,valid=0; invalid=0; risky=0; unknown=0
9420,>30M,princejude.com,yes,,,https://admin.typeform.com/ ; https://embed.typeform.com/ ; https://form.typeform.com/to/zMw3UP69,0,,hello@princejude.com,showing_email_candidates,not_flagged,contact_pages,hello@princejude.com,hello@princejude.com,,,,valid=1; invalid=0; risky=0; unknown=0
9421,>30M,kewyn.com,yes,,,,0,,,no_public_email_found,not_flagged,contact_pages,,,,,,valid=0; invalid=0; risky=0; unknown=0
9422,>30M,physio-gmbh.de,no,,,,0,,dornstadt@physio-gmbh.de ; gewerbe-haftpflicht2@continentale.de ; info@axa.de ; info@consularis.de ; info@physio-gmbh.de ; neu-ulm@physio-gmbh.de,showing_email_candidates,not_flagged,contact_pages,info@physio-gmbh.de,,,,info@physio-gmbh.de,valid=0; invalid=0; risky=0; unknown=1
9423,>30M,gisphere.com,yes,,,https://gisphere.typeform.com/to/mU0SdRzf,0,,contact@gisphere.com ; leaflet@1.3.1,showing_email_candidates,not_flagged,contact_pages,contact@gisphere.com,contact@gisphere.com,,,,valid=1; invalid=0; risky=0; unknown=0
9424,>30M,bemotive.com,yes,,,https://k3fyrrvevai.typeform.com/to/eb3kK6BM,0,,presse@bemotive.com,showing_email_candidates,not_flagged,contact_pages,,,,,,valid=0; invalid=0; risky=0; unknown=0
9425,>30M,camilaeraphael.com.br,no,,,,0,,,no_public_email_found,not_flagged,contact_pages,,,,,,valid=0; invalid=0; risky=0; unknown=0
9426,>30M,ironshieldconstruction.com,no,,,,0,,,no_public_email_found,not_flagged,contact_pages,,,,,,valid=0; invalid=0; risky=0; unknown=0
9427,>30M,enriquemanuel.com,no,,,,0,,flags@2x.png,showing_email_candidates,not_flagged,contact_pages,,,,,,valid=0; invalid=0; risky=0; unknown=0
9428,>30M,sellersdds.com,no,,,,0,,,no_public_email_found,not_flagged,contact_pages,,,,,,valid=0; invalid=0; risky=0; unknown=0
9429,>30M,dirk-beckmann.de,no,,,,0,,shop@dirk-beckmann.de,showing_email_candidates,not_flagged,contact_pages,,,,,,valid=0; invalid=0; risky=0; unknown=0
9430,>30M,snowclash.org,yes,,,,0,,,no_public_email_found,not_flagged,contact_pages,,,,,,valid=0; invalid=0; risky=0; unknown=0
9431,>30M,lapizarradeldt.com,yes,,,https://sij7eqi29oz.typeform.com/to/mZ0wppjW ; https://sij7eqi29oz.typeform.com/to/YR6qvCqw,0,,consulting@lapizarradeldt.com ; cursos@lapizarradeldt.com ; slick-carousel@1.8.1 ; splide@4.1.4,showing_email_candidates,not_flagged,contact_pages,,,,,,valid=0; invalid=0; risky=0; unknown=0
9432,>30M,sofiproducts.com,no,,,,0,,,no_public_email_found,not_flagged,contact_pages,,,,,,valid=0; invalid=0; risky=0; unknown=0
9433,>30M,bigfish-events.com,no,,,https://nikki224.typeform.com/,0,,nikki@bigfish-events.com,showing_email_candidates,not_flagged,contact_pages,,,,,,valid=0; invalid=0; risky=0; unknown=0
9434,>30M,bookeat.net,yes,,,https://hi9kskm8270.typeform.com/to/LQvNsIPi,0,,hey@bookeat.net,showing_email_candidates,not_flagged,contact_pages,,,,,,valid=0; invalid=0; risky=0; unknown=0
9435,>30M,apostolictrainingministries.com,yes,,,https://apostolictrainingministries.typeform.com/to/ANivKL ; https://apostolictrainingministries.typeform.com/to/gL56gY ; https://apostolictrainingministries.typeform.com/to/mMxpXy,0,,info@apostolictrainingministries.com ; u003einfo@company.com,showing_email_candidates,not_flagged,contact_pages,info@apostolictrainingministries.com,,,,info@apostolictrainingministries.com,valid=0; invalid=0; risky=0; unknown=1
9436,>30M,monikaconway.com,yes,,,,0,,,no_public_email_found,not_flagged,contact_pages,,,,,,valid=0; invalid=0; risky=0; unknown=0
9437,>30M,link001.com,no,,,,0,,,no_public_email_found,not_flagged,contact_pages,,,,,,valid=0; invalid=0; risky=0; unknown=0
9438,>30M,fittinginstructions.com,no,,,,0,,,no_public_email_found,not_flagged,contact_pages,,,,,,valid=0; invalid=0; risky=0; unknown=0
9439,>30M,snagposts.com,no,,,,0,,,no_public_email_found,not_flagged,contact_pages,,,,,,valid=0; invalid=0; risky=0; unknown=0
9440,>30M,menwithacause.org,yes,,,https://rjydqm82t6u.typeform.com/to/oiYov4LM,0,,info@menwithacause.org,showing_email_candidates,not_flagged,contact_pages,info@menwithacause.org,,,,info@menwithacause.org,valid=0; invalid=0; risky=0; unknown=1
9441,>30M,doorkeepers.org,no,,,,0,,,no_public_email_found,not_flagged,contact_pages,,,,,,valid=0; invalid=0; risky=0; unknown=0
9442,>30M,ebusinessiq.com,yes,,,,0,,,no_public_email_found,not_flagged,contact_pages,,,,,,valid=0; invalid=0; risky=0; unknown=0
9443,>30M,relomar.com,no,,,,0,,,no_public_email_found,not_flagged,contact_pages,,,,,,valid=0; invalid=0; risky=0; unknown=0
9444,>30M,theclayrngroup.com,no,,,,0,,,no_public_email_found,not_flagged,contact_pages,,,,,,valid=0; invalid=0; risky=0; unknown=0
9445,>30M,trepick.com,yes,,,,0,,,no_public_email_found,not_flagged,contact_pages,,,,,,valid=0; invalid=0; risky=0; unknown=0
9446,>30M,kevinfryerdds.com,yes,,,,0,,,no_public_email_found,not_flagged,contact_pages,,,,,,valid=0; invalid=0; risky=0; unknown=0
9447,>30M,photochemic.com,no,,,,0,,hello@photochemic.com,showing_email_candidates,not_flagged,contact_pages,hello@photochemic.com,hello@photochemic.com,,,,valid=1; invalid=0; risky=0; unknown=0
9448,>30M,coframe.com,yes,,,https://form.typeform.com/to/GTo8Y4FK,0,,team@coframe.com ; ui@4.0,showing_email_candidates,not_flagged,contact_pages,team@coframe.com,,,,team@coframe.com,valid=0; invalid=0; risky=0; unknown=1
9449,>30M,nakamuraladies.com,no,,,,0,,,no_public_email_found,not_flagged,contact_pages,,,,,,valid=0; invalid=0; risky=0; unknown=0
9450,>30M,revolutiontrucking.com,yes,,,https://socialmemkt.typeform.com/ ; https://socialmemkt.typeform.com/to/kDFxruI7,0,,info@revolutiontrucking.com,showing_email_candidates,not_flagged,contact_pages,info@revolutiontrucking.com,,,,info@revolutiontrucking.com,valid=0; invalid=0; risky=0; unknown=1
9451,>30M,aviler.net,no,,,,0,,,no_public_email_found,not_flagged,contact_pages,,,,,,valid=0; invalid=0; risky=0; unknown=0
9452,>30M,meetpine.com,no,,,,0,,,no_public_email_found,not_flagged,contact_pages,,,,,,valid=0; invalid=0; risky=0; unknown=0
9453,>30M,seamlesscare.dk,no,,,,0,,,no_public_email_found,not_flagged,contact_pages,,,,,,valid=0; invalid=0; risky=0; unknown=0
9454,>30M,greenora.com,yes,,,https://qyyljtexi5d.typeform.com/to/pcu4H05g,0,,info@greenora.com,showing_email_candidates,not_flagged,contact_pages,info@greenora.com,,,,info@greenora.com,valid=0; invalid=0; risky=0; unknown=1
9455,>30M,worknest.com,no,,,,0,,bira@worknest.com ; clientmanagement@worknest.com ; cyber-info@worknest.com ; employmentadvice@npa.co.uk ; enquiries@worknest.com ; healthandsafety@npa.co.uk ; nhf@worknest.com,showing_email_candidates,not_flagged,contact_pages,enquiries@worknest.com,enquiries@worknest.com,,,,valid=1; invalid=0; risky=0; unknown=0
9456,>30M,make-it-simple.info,yes,,,https://form.typeform.com/to/DIbpB3ig,0,,hallo@maximilianwolf.com ; hallo@maximilianwolf.de,showing_email_candidates,not_flagged,contact_pages,,,,,,valid=0; invalid=0; risky=0; unknown=0
9457,>30M,entspanntarbeiten.de,yes,,,https://form.typeform.com/to/LOjBFDf5,0,,christina.wittmann@nmp.ag ; florian.koegler@nmp.ag ; info@nmp.ag ; iris.heissenhuber@nmp.ag ; stephanie.forster@nmp.ag,showing_email_candidates,not_flagged,contact_pages,,,,,,valid=0; invalid=0; risky=0; unknown=0
9458,>30M,s-plus-marketing.de,yes,,,https://f8newxdxwpy.typeform.com/to/C5YinK9m ; https://f8newxdxwpy.typeform.com/to/cqe5aFpX ; https://f8newxdxwpy.typeform.com/to/cqe5aFpX0Iw34iG ; https://f8newxdxwpy.typeform.com/to/f0Iw34iG ; https://f8newxdxwpy.typeform.com/to/jIicaznZ,0,,kontakt@s-plus-marketing.de,showing_email_candidates,not_flagged,contact_pages,,,,,,valid=0; invalid=0; risky=0; unknown=0
9459,>30M,majorleaguedesign.com,yes,,,https://form.typeform.com/to/aMDTdKf7 ; https://johnmichaelperla.typeform.com/to/aMDTdKf7,0,,contact@majorleaguedesign.com ; wpe-logo-h-white@3x-300x57.png ; wpe-logo-h-white@3x.png,showing_email_candidates,not_flagged,contact_pages,contact@majorleaguedesign.com,contact@majorleaguedesign.com,,,,valid=1; invalid=0; risky=0; unknown=0
9460,>30M,prime-warker-gutsy.com,no,,,,0,,,no_public_email_found,not_flagged,contact_pages,,,,,,valid=0; invalid=0; risky=0; unknown=0
9461,>30M,portega.com.br,no,,,https://embed.typeform.com/,0,,,no_public_email_found,not_flagged,contact_pages,,,,,,valid=0; invalid=0; risky=0; unknown=0
9462,>30M,primary.vc,yes,,,https://primaryvc.typeform.com/to/mYVd8SrT,0,,founders@primary.vc ; hls.js@1.6.11 ; lenis@1.2.3,showing_email_candidates,not_flagged,contact_pages,,,,,,valid=0; invalid=0; risky=0; unknown=0
9463,>30M,sophiastory.com,no,,,https://embed.typeform.com/ ; https://proyectum.typeform.com/,0,,jorge.valdex@me.com,showing_email_candidates,not_flagged,contact_pages,,,,,,valid=0; invalid=0; risky=0; unknown=0
9464,>30M,croatiayachtclub.it,no,,,,0,,,no_public_email_found,not_flagged,contact_pages,,,,,,valid=0; invalid=0; risky=0; unknown=0
9465,>30M,yellowrooster.co.nz,yes,,,https://form.typeform.com/to/syQ7shGp,0,,,no_public_email_found,not_flagged,contact_pages,,,,,,valid=0; invalid=0; risky=0; unknown=0
9466,>30M,skilllab.it,yes,,,,0,,,no_public_email_found,not_flagged,contact_pages,,,,,,valid=0; invalid=0; risky=0; unknown=0
9467,>30M,heathripplinger.com,yes,,,https://1fnq6nlhrw2.typeform.com/to/IVvO9PVw,0,,heath@heathripplinger.com,showing_email_candidates,not_flagged,contact_pages,,,,,,valid=0; invalid=0; risky=0; unknown=0
9468,>30M,wellacy.com,yes,,,,0,,,no_public_email_found,not_flagged,contact_pages,,,,,,valid=0; invalid=0; risky=0; unknown=0
9469,>30M,decapeptyl.nl,no,,,,0,,info@ferringfertiliteit.nl,showing_email_candidates,not_flagged,contact_pages,,,,,,valid=0; invalid=0; risky=0; unknown=0
9470,>30M,theonlyvip.com,yes,,,https://form.typeform.com/to/rpEZkdbK ; https://form.typeform.com/to/SwoYH8ab,0,,info@theonlyvip.com,showing_email_candidates,not_flagged,contact_pages,info@theonlyvip.com,,,,info@theonlyvip.com,valid=0; invalid=0; risky=0; unknown=1
9471,>30M,schneider-beratung.com,no,,,,0,,,no_public_email_found,not_flagged,contact_pages,,,,,,valid=0; invalid=0; risky=0; unknown=0
9472,>30M,theteesheet.ca,no,,,,0,,,no_public_email_found,not_flagged,contact_pages,,,,,,valid=0; invalid=0; risky=0; unknown=0
9473,>30M,jackierichards.com,yes,,,,0,,,no_public_email_found,not_flagged,contact_pages,,,,,,valid=0; invalid=0; risky=0; unknown=0
9474,>30M,jarvisanalytics.com,yes,,,https://embed.typeform.com/ ; https://jarvisanalytics.typeform.com/to/O1xMSZqY,0,,,no_public_email_found,not_flagged,contact_pages,,,,,,valid=0; invalid=0; risky=0; unknown=0
9475,>30M,libeen.com,no,,,,0,,,no_public_email_found,not_flagged,contact_pages,,,,,,valid=0; invalid=0; risky=0; unknown=0
9476,>30M,ratnashri.co.in,no,,,,0,,sales@ratnashri.co.in,showing_email_candidates,not_flagged,contact_pages,sales@ratnashri.co.in,,,,sales@ratnashri.co.in,valid=0; invalid=0; risky=0; unknown=1
9477,>30M,metro-ltd.com,no,,,,0,,,no_public_email_found,not_flagged,contact_pages,,,,,,valid=0; invalid=0; risky=0; unknown=0
9478,>30M,dramasawme.com,no,,,,0,,arch@dramasawme.com,showing_email_candidates,not_flagged,contact_pages,,,,,,valid=0; invalid=0; risky=0; unknown=0
9479,>30M,buybuycar.com,no,,,,0,,,no_public_email_found,not_flagged,contact_pages,,,,,,valid=0; invalid=0; risky=0; unknown=0
9480,>30M,docenovembro.com.br,no,,,,0,,,no_public_email_found,not_flagged,contact_pages,,,,,,valid=0; invalid=0; risky=0; unknown=0
9481,>30M,xelivebroadcast.com,yes,,,https://xe.typeform.com/to/TQayGk,0,,icon-action@2x-38x35.png ; icon-cash@2x-48x49.png ; icon-dynamic-camera@2x-61x41.png ; icon-film-strip@2x-32x38.png ; icon-lightbulb@2x-46x51.png ; icon-page@2x-42x34.png ; icon-pallette@2x-42x39.png ; icon-recording@2x-40x33.png ; icon-screen-play@2x-39x35.png ; icon-static-camera@2x-61x41.png ; icon-video-camera@2x-57x40.png ; info@xelivebroadcast.com ; iocn-screen@2x-42x43.png ; three-with-signal@2x-55x52.png,showing_email_candidates,not_flagged,contact_pages,info@xelivebroadcast.com,,,,info@xelivebroadcast.com,valid=0; invalid=0; risky=0; unknown=1
9482,>30M,theteacherproject.com,no,,,,0,,flags@2x.png ; slick-carousel@1.8.1 ; team@theteacherproject.com ; u002fslick-carousel@1.8.1,showing_email_candidates,not_flagged,contact_pages,team@theteacherproject.com,,,,team@theteacherproject.com,valid=0; invalid=0; risky=0; unknown=1
9483,>30M,irbootcamp.com,yes,,,https://irbootcamp.typeform.com/to/XExhGQLM,0,,,no_public_email_found,not_flagged,contact_pages,,,,,,valid=0; invalid=0; risky=0; unknown=0
9484,>30M,clrrk.com,no,,,,0,,,no_public_email_found,not_flagged,contact_pages,,,,,,valid=0; invalid=0; risky=0; unknown=0
9485,>30M,axiome.com.au,no,,,,0,,,no_public_email_found,not_flagged,contact_pages,,,,,,valid=0; invalid=0; risky=0; unknown=0
9486,>30M,tiffsouth.com,yes,,,https://form.typeform.com/to/Jw62pX,0,,,no_public_email_found,not_flagged,contact_pages,,,,,,valid=0; invalid=0; risky=0; unknown=0
9487,>30M,legendsu.com,no,,,,0,,splide@3.2.2,showing_email_candidates,not_flagged,contact_pages,,,,,,valid=0; invalid=0; risky=0; unknown=0
9488,>30M,bridgingmarkets.com,no,,,https://embed.typeform.com/ ; https://form.typeform.com/ ; https://tracking.typeform.com/,0,,,no_public_email_found,not_flagged,contact_pages,,,,,,valid=0; invalid=0; risky=0; unknown=0
9489,>30M,bruegui.com.br,no,,,,0,,,no_public_email_found,not_flagged,contact_pages,,,,,,valid=0; invalid=0; risky=0; unknown=0
9490,>30M,ncal.us,yes,,,,0,,,no_public_email_found,not_flagged,contact_pages,,,,,,valid=0; invalid=0; risky=0; unknown=0
9491,>30M,dse8.org,no,,,,0,,,no_public_email_found,not_flagged,contact_pages,,,,,,valid=0; invalid=0; risky=0; unknown=0
9492,>30M,alphalab.it,yes,,,https://kz76d2vfbuc.typeform.com/to/fYQMhwoH,0,,,no_public_email_found,not_flagged,contact_pages,,,,,,valid=0; invalid=0; risky=0; unknown=0
9493,>30M,okadaclinic.com,no,,,,0,,,no_public_email_found,not_flagged,contact_pages,,,,,,valid=0; invalid=0; risky=0; unknown=0
9494,>30M,boldview.org,yes,,,https://9fuax84l02c.typeform.com/to/NmCEAreL,0,,boldviewonline@gmail.com,showing_email_candidates,not_flagged,contact_pages,,,,,,valid=0; invalid=0; risky=0; unknown=0
9495,>30M,coalcrusherhammer.com,no,,,,0,,,no_public_email_found,not_flagged,contact_pages,,,,,,valid=0; invalid=0; risky=0; unknown=0
9496,>30M,palletiq.com,yes,,,https://scoutiq.typeform.com/to/yiG0Dn,0,,marketplace@palletiq.com ; support@palletiq.com,showing_email_candidates,not_flagged,contact_pages,support@palletiq.com,,,,support@palletiq.com,valid=0; invalid=0; risky=0; unknown=1
9497,>30M,bilanprofessionnel.fr,yes,,,https://embed.typeform.com/ ; https://form.typeform.com/to/qZ2VuEtz,0,,,no_public_email_found,not_flagged,contact_pages,,,,,,valid=0; invalid=0; risky=0; unknown=0
9498,>30M,teleskinautiquecotedor.com,no,,,,0,,contact@teleskinautiquecotedor.com,showing_email_candidates,not_flagged,contact_pages,contact@teleskinautiquecotedor.com,contact@teleskinautiquecotedor.com,,,,valid=1; invalid=0; risky=0; unknown=0
9499,>30M,naricircle.com,no,,,,0,,hi@naricircle.com,showing_email_candidates,not_flagged,contact_pages,,,,,,valid=0; invalid=0; risky=0; unknown=0
9500,>30M,isabellatravel.com,yes,,,,0,,,no_public_email_found,not_flagged,contact_pages,,,,,,valid=0; invalid=0; risky=0; unknown=0
9501,>30M,cmcx.com,no,,,,0,,,no_public_email_found,not_flagged,contact_pages,,,,,,valid=0; invalid=0; risky=0; unknown=0
9502,>30M,shapeupproject.com,no,,,,0,,,no_public_email_found,not_flagged,contact_pages,,,,,,valid=0; invalid=0; risky=0; unknown=0
9503,>30M,flightfund.com,no,,,,0,,,no_public_email_found,not_flagged,contact_pages,,,,,,valid=0; invalid=0; risky=0; unknown=0
9504,>30M,alcoholismquiz.com,no,,,,0,,micah@micahrich.com,showing_email_candidates,not_flagged,contact_pages,,,,,,valid=0; invalid=0; risky=0; unknown=0
9505,>30M,friedensstifter.info,yes,,,https://bh5vzc4ovne.typeform.com/to/Zu2SN8Uq,0,,anfrage@friedensstifter.info,showing_email_candidates,not_flagged,contact_pages,,,,,,valid=0; invalid=0; risky=0; unknown=0
9506,>30M,sueciacarveracruz.com,no,,,https://images.typeform.com/,0,,nombre@dominio.com,showing_email_candidates,not_flagged,contact_pages,,,,,,valid=0; invalid=0; risky=0; unknown=0
9507,>30M,exclusiveplacements.com,no,,,,0,,support@exclusiveplacements.com,showing_email_candidates,not_flagged,contact_pages,support@exclusiveplacements.com,,,,support@exclusiveplacements.com,valid=0; invalid=0; risky=0; unknown=1
9508,>30M,mutuellepoursenior.fr,no,,,,0,,,no_public_email_found,not_flagged,contact_pages,,,,,,valid=0; invalid=0; risky=0; unknown=0
9509,>30M,fabianboehm.com,yes,,,https://form.typeform.com/to/eetrOuMY ; https://form.typeform.com/to/QdS0vTMF,0,,,no_public_email_found,not_flagged,contact_pages,,,,,,valid=0; invalid=0; risky=0; unknown=0
9510,>30M,jenniferhay.com,no,,,,0,,,no_public_email_found,not_flagged,contact_pages,,,,,,valid=0; invalid=0; risky=0; unknown=0
9511,>30M,thedowntowndentalclinic.ca,yes,,,https://embed.typeform.com/ ; https://revupgroup.typeform.com/to/iywRHIxh,0,,info@thedowntowndentalclinic.ca,showing_email_candidates,not_flagged,contact_pages,info@thedowntowndentalclinic.ca,,,,info@thedowntowndentalclinic.ca,valid=0; invalid=0; risky=0; unknown=1
9512,>30M,mourn.org,no,,,,0,,,no_public_email_found,not_flagged,contact_pages,,,,,,valid=0; invalid=0; risky=0; unknown=0
9513,>30M,superbowlcast.com,no,,,,0,,,no_public_email_found,not_flagged,contact_pages,,,,,,valid=0; invalid=0; risky=0; unknown=0
9514,>30M,artbizconsulting.com,yes,,,https://iuvkvqmhk0g.typeform.com/to/IQz0ZVuc ; https://iuvkvqmhk0g.typeform.com/to/reqBjtwf,0,,,no_public_email_found,not_flagged,contact_pages,,,,,,valid=0; invalid=0; risky=0; unknown=0
9515,>30M,mccrearyhomes.com,no,,,http://form.typeform.com/ ; http://renderer-assets.typeform.com/,0,,lj@mccrearyhomes.com,showing_email_candidates,not_flagged,contact_pages,,,,,,valid=0; invalid=0; risky=0; unknown=0
9516,>30M,finncrisp.no,no,,,,0,,finncrisp@lantmannen.com,showing_email_candidates,not_flagged,contact_pages,,,,,,valid=0; invalid=0; risky=0; unknown=0
9517,>30M,olechristian.no,yes,,,https://7bbay4mdrp8.typeform.com/to/RdlbHBrV,0,,olechristian@re-boot.life,showing_email_candidates,not_flagged,contact_pages,,,,,,valid=0; invalid=0; risky=0; unknown=0
9518,>30M,999foundation.org,yes,,,https://form.typeform.com/to/ptoAdQPW,0,,madison@999foundation.org,showing_email_candidates,not_flagged,contact_pages,,,,,,valid=0; invalid=0; risky=0; unknown=0
9519,>30M,eleofrance.com,no,,,https://iq7chzfwvrm.typeform.com/,0,,commercial@eleofrance.com ; dev@studio-evol.fr ; logistique@eleofrance.com ; marketing@eleofrance.com ; recouvrement@eleofrance.com,showing_email_candidates,not_flagged,contact_pages,commercial@eleofrance.com ; marketing@eleofrance.com,commercial@eleofrance.com,,,marketing@eleofrance.com,valid=1; invalid=0; risky=0; unknown=1
9520,>30M,insyncdrums.com,yes,,,,0,,,no_public_email_found,not_flagged,contact_pages,,,,,,valid=0; invalid=0; risky=0; unknown=0
9521,>30M,relaxtrading.com,yes,,,https://ceo328710.typeform.com/to/yFaynVGl,0,,,no_public_email_found,not_flagged,contact_pages,,,,,,valid=0; invalid=0; risky=0; unknown=0
9522,>30M,gomatic.com,no,,,,0,,,no_public_email_found,not_flagged,contact_pages,,,,,,valid=0; invalid=0; risky=0; unknown=0
9523,>30M,basementlabs.net,no,,,,0,,,no_public_email_found,not_flagged,contact_pages,,,,,,valid=0; invalid=0; risky=0; unknown=0
9524,>30M,semprepieno.it,yes,,,,0,,flags@2x.png,showing_email_candidates,not_flagged,contact_pages,,,,,,valid=0; invalid=0; risky=0; unknown=0
9525,>30M,sertemimmo.com,no,,,https://embed.typeform.com/,0,,contact@sertem-pm.com ; sertem-contact@immoptin.com,showing_email_candidates,not_flagged,contact_pages,,,,,,valid=0; invalid=0; risky=0; unknown=0
9526,>30M,e-housing.jp,no,,,,0,,example@mail.com,showing_email_candidates,not_flagged,contact_pages,,,,,,valid=0; invalid=0; risky=0; unknown=0
9527,>30M,en-angellynail.com,no,,,,0,,,no_public_email_found,not_flagged,contact_pages,,,,,,valid=0; invalid=0; risky=0; unknown=0
9528,>30M,biopak.com,no,,,,0,,sales@biopak.com.au,showing_email_candidates,not_flagged,contact_pages,,,,,,valid=0; invalid=0; risky=0; unknown=0
9529,>30M,videograph.it,no,,,,0,,info@videograph.it,showing_email_candidates,not_flagged,contact_pages,info@videograph.it,,,,info@videograph.it,valid=0; invalid=0; risky=0; unknown=1
9530,>30M,the-insighter.com,no,,,,0,,,no_public_email_found,not_flagged,contact_pages,,,,,,valid=0; invalid=0; risky=0; unknown=0
9531,>30M,buildyourfreedomonline.com,yes,,,https://form.typeform.com/to/Lw7noPhg,0,,buildyourdigitalwealthllc@gmail.com ; obamplifier@gmail.com,showing_email_candidates,not_flagged,contact_pages,,,,,,valid=0; invalid=0; risky=0; unknown=0
9532,>30M,dougmbrown.com,no,,,,0,,,no_public_email_found,not_flagged,contact_pages,,,,,,valid=0; invalid=0; risky=0; unknown=0
9533,>30M,outfitmacher.com,no,,,https://embed.typeform.com/,0,,office@outfitmacher.com,showing_email_candidates,not_flagged,contact_pages,office@outfitmacher.com,,,,office@outfitmacher.com,valid=0; invalid=0; risky=0; unknown=1
9534,>30M,sgball.com,yes,,,https://sgball.typeform.com/to/HuO0a1bA,0,,contact@sgball.com,showing_email_candidates,not_flagged,contact_pages,contact@sgball.com,contact@sgball.com,,,,valid=1; invalid=0; risky=0; unknown=0
9535,>30M,depbot.com,yes,,,,0,,alpinejs@3.x.x,showing_email_candidates,not_flagged,contact_pages,,,,,,valid=0; invalid=0; risky=0; unknown=0
9536,>30M,danibel.com.br,no,,,,0,,,no_public_email_found,not_flagged,contact_pages,,,,,,valid=0; invalid=0; risky=0; unknown=0
9537,>30M,antai.jp,no,,,,0,,,no_public_email_found,not_flagged,contact_pages,,,,,,valid=0; invalid=0; risky=0; unknown=0
9538,>30M,lakeworthchurch.com,no,,,,0,,info@bvcstaff.com,showing_email_candidates,not_flagged,contact_pages,,,,,,valid=0; invalid=0; risky=0; unknown=0
9539,>30M,gl-ind.com,no,,,,0,,,no_public_email_found,not_flagged,contact_pages,,,,,,valid=0; invalid=0; risky=0; unknown=0
9540,>30M,ecommercehighway.com,no,,,,0,,7_280x@2x.webp ; gorilla_robes_transparent_170x@2x.png-300x200.webp,showing_email_candidates,not_flagged,contact_pages,,,,,,valid=0; invalid=0; risky=0; unknown=0
9541,>30M,billingspaintcenter.com,no,,,,0,,apbillingspaintcenter@gmail.com,showing_email_candidates,not_flagged,contact_pages,,,,,,valid=0; invalid=0; risky=0; unknown=0
9542,>30M,jeffiel.com,no,,,,0,,,no_public_email_found,not_flagged,contact_pages,,,,,,valid=0; invalid=0; risky=0; unknown=0
9543,>30M,cambriatours.com,yes,,,,0,,,no_public_email_found,not_flagged,contact_pages,,,,,,valid=0; invalid=0; risky=0; unknown=0
9544,>30M,claimint.com,yes,,,https://danielle904.typeform.com/to/y3vEsB ; https://embed.typeform.com/,0,,,no_public_email_found,not_flagged,contact_pages,,,,,,valid=0; invalid=0; risky=0; unknown=0
9545,>30M,mindtechsol.com,yes,,,https://embed.typeform.com/ ; https://form.typeform.com/to/ijv3AhTN,0,,info@mindtechsol.com,showing_email_candidates,not_flagged,contact_pages,info@mindtechsol.com,,,,info@mindtechsol.com,valid=0; invalid=0; risky=0; unknown=1
9546,>30M,nlsupport.nl,yes,,,https://wetlgq124u7.typeform.com/to/Txc11h2b,0,,office@nlsupport.com ; vanta@0.5.24,showing_email_candidates,not_flagged,contact_pages,,,,,,valid=0; invalid=0; risky=0; unknown=0
9547,>30M,brunoejuliana.com.br,no,,,,0,,,no_public_email_found,not_flagged,contact_pages,,,,,,valid=0; invalid=0; risky=0; unknown=0
9548,>30M,trois14.fr,yes,,,https://44umirarof3.typeform.com/to/d0rXXtrb,0,,contact@trois14.fr ; contact@trois314.fr,showing_email_candidates,not_flagged,contact_pages,contact@trois14.fr,contact@trois14.fr,,,,valid=1; invalid=0; risky=0; unknown=0
9549,>30M,sparkolux.com,yes,,,https://embed.typeform.com/ ; https://phelipemestre.typeform.com/to/NNhAYB ; https://sparkolux.typeform.com/to/rCHRzH,0,,,no_public_email_found,not_flagged,contact_pages,,,,,,valid=0; invalid=0; risky=0; unknown=0
9550,>30M,kennethac.com,no,,,https://www.typeform.com/,0,,careers@kennethac.com ; info@kennethac.com,showing_email_candidates,not_flagged,contact_pages,careers@kennethac.com ; info@kennethac.com,careers@kennethac.com,,,info@kennethac.com,valid=1; invalid=0; risky=0; unknown=1
9551,>30M,technicalcommunication.com,yes,,,https://form.typeform.com/to/jqA3CGP8,0,,,no_public_email_found,not_flagged,contact_pages,,,,,,valid=0; invalid=0; risky=0; unknown=0
9552,>30M,suvidhaelectricals.com,no,,,,0,,abhisheksharma01995@gmail.com ; electrical.suvidha@yahoo.com ; icon2@2x.png ; icon3@2x.png ; icon8@2x.png,showing_email_candidates,not_flagged,contact_pages,,,,,,valid=0; invalid=0; risky=0; unknown=0
9553,>30M,brunoenatalia.com.br,no,,,,0,,,no_public_email_found,not_flagged,contact_pages,,,,,,valid=0; invalid=0; risky=0; unknown=0
9554,>30M,lemonone.com,yes,,,https://embed.typeform.com/ ; https://lemonone.typeform.com/to/iiFpcZs8,0,,3b742cd29f71438c80e6b8ebdf24d7f2@sentry.io ; info@lemonone.com ; photographers@lemonone.com,showing_email_candidates,not_flagged,contact_pages,info@lemonone.com,,,,info@lemonone.com,valid=0; invalid=0; risky=0; unknown=1
9555,>30M,bizzyu.com,yes,,,,0,,admin@bizzy.university ; contact@bizzyu.com,showing_email_candidates,not_flagged,contact_pages,contact@bizzyu.com,contact@bizzyu.com,,,,valid=1; invalid=0; risky=0; unknown=0
9556,>30M,foodills.com,yes,,,,0,,,no_public_email_found,not_flagged,contact_pages,,,,,,valid=0; invalid=0; risky=0; unknown=0
9557,>30M,storycrews.com,yes,,,https://embed.typeform.com/ ; https://form.typeform.com/to/CWmRUjr9 ; https://form.typeform.com/to/eNVwYl3e ; https://form.typeform.com/to/TQTQG8QX ; https://iangarlic.typeform.com/to/rNmaGvRl,0,,list@storycrews.com ; name@yoursite.com,showing_email_candidates,not_flagged,contact_pages,,,,,,valid=0; invalid=0; risky=0; unknown=0
9558,>30M,quince-creative.com,yes,,,https://embed.typeform.com/ ; https://form.typeform.com/to/PwPNrvMF,0,,engage@quince-creative.com ; ie11customproperties@4.0.1,showing_email_candidates,not_flagged,contact_pages,,,,,,valid=0; invalid=0; risky=0; unknown=0
9559,>30M,cioday.com,yes,,,https://ictmedia.typeform.com/to/SGACWxKh,0,,gsap@3.12.2 ; info@ictmedia.nl ; swiper@11.2.10,showing_email_candidates,not_flagged,contact_pages,,,,,,valid=0; invalid=0; risky=0; unknown=0
9560,>30M,delawarefiling.com,yes,,,https://form.typeform.com/to/pI4OEzY9,0,,hello@inkle.io ; support@inkle.ai,showing_email_candidates,not_flagged,contact_pages,,,,,,valid=0; invalid=0; risky=0; unknown=0
9561,>30M,alearicerche.com,yes,,,https://david1589.typeform.com/to/pappi0,0,,,no_public_email_found,not_flagged,contact_pages,,,,,,valid=0; invalid=0; risky=0; unknown=0
9562,>30M,dakotafamilydentistry.com,no,,,,0,,slick-carousel@1.8.1,showing_email_candidates,not_flagged,contact_pages,,,,,,valid=0; invalid=0; risky=0; unknown=0
9563,>30M,teaching-in-china.com,yes,,,,0,,,no_public_email_found,not_flagged,contact_pages,,,,,,valid=0; invalid=0; risky=0; unknown=0
9564,>30M,smilesdentalstudio.com,no,,,,0,,slick-carousel@1.8.1,showing_email_candidates,not_flagged,contact_pages,,,,,,valid=0; invalid=0; risky=0; unknown=0
9565,>30M,nusfjord.com,no,,,,0,,booking@nusfjord.no ; post@nusfjord.no,showing_email_candidates,not_flagged,contact_pages,,,,,,valid=0; invalid=0; risky=0; unknown=0
9566,>30M,tradingcoacholi.com,yes,,,,0,,,no_public_email_found,not_flagged,contact_pages,,,,,,valid=0; invalid=0; risky=0; unknown=0
9567,>30M,motor168.net,no,,,,0,,,no_public_email_found,not_flagged,contact_pages,,,,,,valid=0; invalid=0; risky=0; unknown=0
9568,>30M,thewhiteframe.com,no,,,,0,,,no_public_email_found,not_flagged,contact_pages,,,,,,valid=0; invalid=0; risky=0; unknown=0
9569,>30M,myptp.org,yes,,,https://form.typeform.com/to/HzkRzu7E,0,,info@myptp.org,showing_email_candidates,not_flagged,contact_pages,info@myptp.org,,,,info@myptp.org,valid=0; invalid=0; risky=0; unknown=1
9570,>30M,menury.com,no,,,,0,,,no_public_email_found,not_flagged,contact_pages,,,,,,valid=0; invalid=0; risky=0; unknown=0
9571,>30M,nasalaid.com,no,,,,0,,customers@nasalaid.com,showing_email_candidates,not_flagged,contact_pages,,,,,,valid=0; invalid=0; risky=0; unknown=0
9572,>30M,mainframe-academy.de,no,,,,0,,info@mainframe-academy.de,showing_email_candidates,not_flagged,contact_pages,info@mainframe-academy.de,,,,info@mainframe-academy.de,valid=0; invalid=0; risky=0; unknown=1
9573,>30M,landmarkdestinationevents.com,no,,,,0,,,no_public_email_found,not_flagged,contact_pages,,,,,,valid=0; invalid=0; risky=0; unknown=0
9574,>30M,chaptertwostudios.com,yes,,,https://5rgfojdrvu1.typeform.com/to/YaLpOZCg,0,,hello@chaptertwostudios.com,showing_email_candidates,not_flagged,contact_pages,hello@chaptertwostudios.com,hello@chaptertwostudios.com,,,,valid=1; invalid=0; risky=0; unknown=0
9575,>30M,amandaevinicius.com.br,no,,,https://embed.typeform.com/,0,,,no_public_email_found,not_flagged,contact_pages,,,,,,valid=0; invalid=0; risky=0; unknown=0
9576,>30M,vitaltrainingsystems.com,yes,,,https://81d9zxbjhy9.typeform.com/to/D5uRkg9k,0,,,no_public_email_found,not_flagged,contact_pages,,,,,,valid=0; invalid=0; risky=0; unknown=0
9577,>30M,thebrandedcircle.com,no,,,https://thebrandedcircle.typeform.com/,0,,intersection-observer@0.12.0,showing_email_candidates,not_flagged,contact_pages,,,,,,valid=0; invalid=0; risky=0; unknown=0
9578,>30M,xocolatt.com,no,,,,0,,,no_public_email_found,not_flagged,contact_pages,,,,,,valid=0; invalid=0; risky=0; unknown=0
9579,>30M,fiftyfiftyapp.com,yes,,,,0,,,no_public_email_found,not_flagged,contact_pages,,,,,,valid=0; invalid=0; risky=0; unknown=0
9580,>30M,stranded.me,no,,,,0,,hello@stranded.me ; info@stranded.me ; support@stranded.me,showing_email_candidates,not_flagged,contact_pages,hello@stranded.me ; info@stranded.me ; support@stranded.me,hello@stranded.me,,,info@stranded.me ; support@stranded.me,valid=1; invalid=0; risky=0; unknown=2
9581,>30M,cubicoweb.com,yes,,,https://cubico.typeform.com/to/OUX8iZ,0,,,no_public_email_found,not_flagged,contact_pages,,,,,,valid=0; invalid=0; risky=0; unknown=0
9582,>30M,mieikai.com,no,,,,0,,,no_public_email_found,not_flagged,contact_pages,,,,,,valid=0; invalid=0; risky=0; unknown=0
9583,>30M,buildcasa.com,no,,,,0,,bc-get-offer-flow@19.9.0 ; hello@buildcasa.com,showing_email_candidates,not_flagged,contact_pages,hello@buildcasa.com,hello@buildcasa.com,,,,valid=1; invalid=0; risky=0; unknown=0
9584,>30M,k-m-o.jp,no,,,,0,,,no_public_email_found,not_flagged,contact_pages,,,,,,valid=0; invalid=0; risky=0; unknown=0
9585,>30M,fmf365.com,yes,,,https://ovayzu9aygw.typeform.com/to/DRVyM7ux ; https://ovayzu9aygw.typeform.com/to/mA2S0SEE,0,,dan@firstmasonfinancial.com,showing_email_candidates,not_flagged,contact_pages,,,,,,valid=0; invalid=0; risky=0; unknown=0
9586,>30M,tanoedjaja.com,no,,,,0,,,no_public_email_found,not_flagged,contact_pages,,,,,,valid=0; invalid=0; risky=0; unknown=0
9587,>30M,mmpharmacy.com,yes,,,https://improvingpatienthealth.typeform.com/to/fSjo7Sqx ; https://improvingpatienthealth.typeform.com/to/TI1GW1rI,0,,,no_public_email_found,not_flagged,contact_pages,,,,,,valid=0; invalid=0; risky=0; unknown=0
9588,>30M,okemosheating.com,no,,,,0,,info@tylerheating.com,showing_email_candidates,not_flagged,contact_pages,,,,,,valid=0; invalid=0; risky=0; unknown=0
9589,>30M,luxoris.com,no,,,https://embed.typeform.com/,0,,help@luxoris.com,showing_email_candidates,not_flagged,contact_pages,help@luxoris.com,help@luxoris.com,,,,valid=1; invalid=0; risky=0; unknown=0
9590,>30M,shimizu-kankyo.com,no,,,,0,,,no_public_email_found,not_flagged,contact_pages,,,,,,valid=0; invalid=0; risky=0; unknown=0
9591,>30M,casadelgrivo.it,no,,,,0,,info@casadelgrivo.it,showing_email_candidates,not_flagged,contact_pages,info@casadelgrivo.it,,,,info@casadelgrivo.it,valid=0; invalid=0; risky=0; unknown=1
9592,>30M,bankruptcylawyerwebsites.com,yes,,,,0,,,no_public_email_found,not_flagged,contact_pages,,,,,,valid=0; invalid=0; risky=0; unknown=0
9593,>30M,nicecommerce.com,yes,,,https://embed.typeform.com/,0,,,no_public_email_found,not_flagged,contact_pages,,,,,,valid=0; invalid=0; risky=0; unknown=0
9594,>30M,laughterbusinessacademy.com,yes,,,,0,,,no_public_email_found,not_flagged,contact_pages,,,,,,valid=0; invalid=0; risky=0; unknown=0
9595,>30M,verveclub.com,no,,,,0,,,no_public_email_found,not_flagged,contact_pages,,,,,,valid=0; invalid=0; risky=0; unknown=0
9596,>30M,forest-naika-clinic.com,no,,,,0,,,no_public_email_found,not_flagged,contact_pages,,,,,,valid=0; invalid=0; risky=0; unknown=0
9597,>30M,theclosetchallenge.com,no,,,,0,,,no_public_email_found,not_flagged,contact_pages,,,,,,valid=0; invalid=0; risky=0; unknown=0
9598,>30M,gobeyondgreat.com,yes,,,,0,,,no_public_email_found,not_flagged,contact_pages,,,,,,valid=0; invalid=0; risky=0; unknown=0
9599,>30M,saaspect.com,yes,,,,0,,,no_public_email_found,not_flagged,contact_pages,,,,,,valid=0; invalid=0; risky=0; unknown=0
9600,>30M,family-care-service.com,no,,,,0,,,no_public_email_found,not_flagged,contact_pages,,,,,,valid=0; invalid=0; risky=0; unknown=0
9601,>30M,pourparlers.fr,yes,,,https://embed.typeform.com/ ; https://pourparlers.typeform.com/to/uQPzP6,0,,contact@pourparlers.fr,showing_email_candidates,not_flagged,contact_pages,contact@pourparlers.fr,contact@pourparlers.fr,,,,valid=1; invalid=0; risky=0; unknown=0
9602,>30M,michellehydeck.com,yes,,,https://guidance071525.typeform.com/to/dteVb3,0,,guidance@michellehydeck.com,showing_email_candidates,not_flagged,contact_pages,,,,,,valid=0; invalid=0; risky=0; unknown=0
9603,>30M,hotelassen.com,no,,,,0,,,no_public_email_found,not_flagged,contact_pages,,,,,,valid=0; invalid=0; risky=0; unknown=0
9604,>30M,erparrish.com,no,,,,0,,ear.parrish@gmail.com,showing_email_candidates,not_flagged,contact_pages,,,,,,valid=0; invalid=0; risky=0; unknown=0
9605,>30M,coloradopropertynetwork.com,yes,,,https://form.typeform.com/to/ePnWZ7Oa ; https://form.typeform.com/to/GtGVrl8D ; https://form.typeform.com/to/IwZewUnk ; https://images.typeform.com/ ; https://public-assets.typeform.com/,0,,,no_public_email_found,not_flagged,contact_pages,,,,,,valid=0; invalid=0; risky=0; unknown=0
9606,>30M,bodysmartfitness.com,yes,,,https://bodysmartfitness.typeform.com/to/KZVAHe6L,0,,hello@bodysmartfitness.com,showing_email_candidates,not_flagged,contact_pages,hello@bodysmartfitness.com,hello@bodysmartfitness.com,,,,valid=1; invalid=0; risky=0; unknown=0
9607,>30M,secuga.be,no,,,,0,,,no_public_email_found,not_flagged,contact_pages,,,,,,valid=0; invalid=0; risky=0; unknown=0
9608,>30M,arisan21.com,no,,,,0,,,no_public_email_found,not_flagged,contact_pages,,,,,,valid=0; invalid=0; risky=0; unknown=0
9609,>30M,nadiademarco.com,yes,,,https://form.typeform.com/to/Um3kTaxD,0,,,no_public_email_found,not_flagged,contact_pages,,,,,,valid=0; invalid=0; risky=0; unknown=0
9610,>30M,poolservicemarketing.com,yes,,,,0,,,no_public_email_found,not_flagged,contact_pages,,,,,,valid=0; invalid=0; risky=0; unknown=0
9611,>30M,cooksoft.net,no,,,,0,,,no_public_email_found,not_flagged,contact_pages,,,,,,valid=0; invalid=0; risky=0; unknown=0
9612,>30M,eagleoralsurgery.com,yes,,,,0,,,no_public_email_found,not_flagged,contact_pages,,,,,,valid=0; invalid=0; risky=0; unknown=0
9613,>30M,pedagogiagiuridica.it,yes,,,https://formactions.typeform.com/to/DJu9JZ,0,,info@federicofenzio.com ; info@form-actions.com,showing_email_candidates,not_flagged,contact_pages,,,,,,valid=0; invalid=0; risky=0; unknown=0
9614,>30M,soedarpo.com,yes,,,,0,,,no_public_email_found,not_flagged,contact_pages,,,,,,valid=0; invalid=0; risky=0; unknown=0
9615,>30M,vitriervienne.com,yes,,,https://4m1k462unbw.typeform.com/to/PkGs5rYr,0,,,no_public_email_found,not_flagged,contact_pages,,,,,,valid=0; invalid=0; risky=0; unknown=0
9616,>30M,tiktheater.de,yes,,,https://embed.typeform.com/ ; https://tiktheater.typeform.com/to/K1qSCM,0,,deine@email.com ; jp.hegnabrunn@t-online.de ; nicolas.peter@hotmail.de ; webmaster@tiktheater.de,showing_email_candidates,not_flagged,contact_pages,webmaster@tiktheater.de,,,,webmaster@tiktheater.de,valid=0; invalid=0; risky=0; unknown=1
9617,>30M,sbmmgmt.com,yes,,,https://embed.typeform.com/ ; https://form.typeform.com/to/zNoMtjj6,0,,,no_public_email_found,not_flagged,contact_pages,,,,,,valid=0; invalid=0; risky=0; unknown=0
9618,>30M,salaoperativa.com,yes,,,https://ceo328710.typeform.com/to/B9sZP2UV,0,,,no_public_email_found,not_flagged,contact_pages,,,,,,valid=0; invalid=0; risky=0; unknown=0
9619,>30M,topdogsarasota.com,no,,,,0,,,no_public_email_found,not_flagged,contact_pages,,,,,,valid=0; invalid=0; risky=0; unknown=0
9620,>30M,brieflix.com,no,,,,0,,,no_public_email_found,not_flagged,contact_pages,,,,,,valid=0; invalid=0; risky=0; unknown=0
9621,>30M,ianellifusi.com,no,,,,0,,,no_public_email_found,not_flagged,contact_pages,,,,,,valid=0; invalid=0; risky=0; unknown=0
9622,>30M,classiccotons.com,no,,,,0,,embark@2x.png ; embark@2x.webp ; meadow@2x.jpg ; meadow@2x.webp ; minuet@2x.jpg ; minuet@2x.webp ; nuvet@2x.png ; nuvet@2x.webp ; puppy-culture@2x.png ; puppy-culture@2x.webp ; rimsky@2x.jpg ; rimsky@2x.webp,showing_email_candidates,not_flagged,contact_pages,,,,,,valid=0; invalid=0; risky=0; unknown=0
9623,>30M,thailandblueprint.com,no,,,,0,,core@3.27.0 ; styles@1.4.1,showing_email_candidates,not_flagged,contact_pages,,,,,,valid=0; invalid=0; risky=0; unknown=0
9624,>30M,campertravel.cl,no,,,,0,,correo@correo.com,showing_email_candidates,not_flagged,contact_pages,,,,,,valid=0; invalid=0; risky=0; unknown=0
9625,>30M,laiseraphael.com.br,no,,,,0,,,no_public_email_found,not_flagged,contact_pages,,,,,,valid=0; invalid=0; risky=0; unknown=0
9626,>30M,texadmissions.com,yes,,,https://embed.typeform.com/ ; https://form.typeform.com/to/CYDxHV,0,,kevin@texadmissions.com,showing_email_candidates,not_flagged,contact_pages,,,,,,valid=0; invalid=0; risky=0; unknown=0
9627,>30M,ilo.co,no,,,,0,,,no_public_email_found,not_flagged,contact_pages,,,,,,valid=0; invalid=0; risky=0; unknown=0
9628,>30M,standardco.com,no,,,,0,,info@standardco.com,showing_email_candidates,not_flagged,contact_pages,info@standardco.com,,,,info@standardco.com,valid=0; invalid=0; risky=0; unknown=1
9629,>30M,zewallet.com,yes,,,,0,,,no_public_email_found,not_flagged,contact_pages,,,,,,valid=0; invalid=0; risky=0; unknown=0
9630,>30M,renu.es,yes,,,https://form.typeform.com/to/wbbW0iwg,0,,contacto@renu.es ; gsap@3.12.2,showing_email_candidates,not_flagged,contact_pages,,,,,,valid=0; invalid=0; risky=0; unknown=0
9631,>30M,thebestshades.com,no,,,,0,,,no_public_email_found,not_flagged,contact_pages,,,,,,valid=0; invalid=0; risky=0; unknown=0
9632,>30M,refilll.com,no,,,,0,,,no_public_email_found,not_flagged,contact_pages,,,,,,valid=0; invalid=0; risky=0; unknown=0
9633,>30M,artnphoto.com,no,,,https://embed.typeform.com/,0,,,no_public_email_found,not_flagged,contact_pages,,,,,,valid=0; invalid=0; risky=0; unknown=0
9634,>30M,joinweg.com,yes,,,https://embed.typeform.com/ ; https://kevin538.typeform.com/to/NRHcUe ; https://kevin538.typeform.com/to/pEqRKm ; https://kevin538.typeform.com/to/QuLaDW,0,,info@weg1.com ; you@yoursite.com,showing_email_candidates,not_flagged,contact_pages,,,,,,valid=0; invalid=0; risky=0; unknown=0
9635,>30M,salsakings.com,no,,,,0,,info@salsakings.com,showing_email_candidates,not_flagged,contact_pages,info@salsakings.com,,,,info@salsakings.com,valid=0; invalid=0; risky=0; unknown=1
9636,>30M,hotelschiphol.com,no,,,,0,,,no_public_email_found,not_flagged,contact_pages,,,,,,valid=0; invalid=0; risky=0; unknown=0
9637,>30M,ambrava.be,no,,,,0,,,no_public_email_found,not_flagged,contact_pages,,,,,,valid=0; invalid=0; risky=0; unknown=0
9638,>30M,albertchon.com,no,,,,0,,,no_public_email_found,not_flagged,contact_pages,,,,,,valid=0; invalid=0; risky=0; unknown=0
9639,>30M,noguchi-kucyo.com,no,,,,0,,,no_public_email_found,not_flagged,contact_pages,,,,,,valid=0; invalid=0; risky=0; unknown=0
9640,>30M,emergencyresilience.com,yes,,,https://l5xqger5gkx.typeform.com/to/Tameuj9v,0,,,no_public_email_found,not_flagged,contact_pages,,,,,,valid=0; invalid=0; risky=0; unknown=0
9641,>30M,hily.com,yes,,,,0,,,no_public_email_found,not_flagged,contact_pages,,,,,,valid=0; invalid=0; risky=0; unknown=0
9642,>30M,lubinger.at,no,,,,0,,hautarzt-herten-dr-kroemer-fit-fuer-den-sommer@15x.jpg ; info@lubinger.at,showing_email_candidates,not_flagged,contact_pages,info@lubinger.at,,,,info@lubinger.at,valid=0; invalid=0; risky=0; unknown=1
9643,>30M,fsp.ca,no,,,,0,,,no_public_email_found,not_flagged,contact_pages,,,,,,valid=0; invalid=0; risky=0; unknown=0
9644,>30M,padgett-boulder.com,no,,,,0,,,no_public_email_found,not_flagged,contact_pages,,,,,,valid=0; invalid=0; risky=0; unknown=0
9645,>30M,pts-freistadt.at,no,,,,0,,pts.freistadt@eduhi.at ; s406034@schule-ooe.at,showing_email_candidates,not_flagged,contact_pages,,,,,,valid=0; invalid=0; risky=0; unknown=0
9646,>30M,castleapts.com,yes,,,https://embed.typeform.com/ ; https://fillinthebrand.typeform.com/to/Az5q8U ; https://fillinthebrand.typeform.com/to/jFVht3 ; https://fillinthebrand.typeform.com/to/nfo7tCjn,0,,,no_public_email_found,not_flagged,contact_pages,,,,,,valid=0; invalid=0; risky=0; unknown=0
9647,>30M,willwi.com,no,,,,0,,canvas-confetti@1.9.3 ; info@willwi.com,showing_email_candidates,not_flagged,contact_pages,info@willwi.com,,,,info@willwi.com,valid=0; invalid=0; risky=0; unknown=1
9648,>30M,whiskeywings.com,no,,,,0,,,no_public_email_found,not_flagged,contact_pages,,,,,,valid=0; invalid=0; risky=0; unknown=0
9649,>30M,printingmarketing.com,yes,,,,0,,,no_public_email_found,not_flagged,contact_pages,,,,,,valid=0; invalid=0; risky=0; unknown=0
9650,>30M,fleetmanagementsolutions.com,yes,,,https://teletracnavman.typeform.com/to/d6M9QWDs,0,,us.fmscustomersupport@teletracnavman.com,showing_email_candidates,not_flagged,contact_pages,,,,,,valid=0; invalid=0; risky=0; unknown=0
9651,>30M,little-owls.org,yes,,,https://embed.typeform.com/ ; https://form.typeform.com/to/pqUySXVq,0,,contact@business.com ; office@little-owls.org,showing_email_candidates,not_flagged,contact_pages,office@little-owls.org,,,,office@little-owls.org,valid=0; invalid=0; risky=0; unknown=1
9652,>30M,tquity.com,yes,,,https://embed.typeform.com/ ; https://form.typeform.com/to/oSAFZm,0,,hello@tquity.com,showing_email_candidates,not_flagged,contact_pages,hello@tquity.com,hello@tquity.com,,,,valid=1; invalid=0; risky=0; unknown=0
9653,>30M,futurecenters.org,yes,,,https://2atcdx1ggux.typeform.com/to/bVdbOmPe,0,,info@beaconofhopelynchburg.org ; info@futurecenters.org ; jquery.counterup@2.1.0,showing_email_candidates,not_flagged,contact_pages,info@futurecenters.org,,,,info@futurecenters.org,valid=0; invalid=0; risky=0; unknown=1
9654,>30M,banglacook.com,yes,,,,0,,,no_public_email_found,not_flagged,contact_pages,,,,,,valid=0; invalid=0; risky=0; unknown=0
9655,>30M,gourmetcafeandpie.com,no,,,,0,,,no_public_email_found,not_flagged,contact_pages,,,,,,valid=0; invalid=0; risky=0; unknown=0
9656,>30M,gokanarestaurant.com,no,,,,0,,,no_public_email_found,not_flagged,contact_pages,,,,,,valid=0; invalid=0; risky=0; unknown=0
9657,>30M,niftychristian.com,yes,,,,0,,,no_public_email_found,not_flagged,contact_pages,,,,,,valid=0; invalid=0; risky=0; unknown=0
9658,>30M,krka.gr,no,,,,0,,info.gr@krka.biz,showing_email_candidates,not_flagged,contact_pages,,,,,,valid=0; invalid=0; risky=0; unknown=0
9659,>30M,habibollah.com,no,,,,0,,lenis@1.0.42,showing_email_candidates,not_flagged,contact_pages,,,,,,valid=0; invalid=0; risky=0; unknown=0
9660,>30M,brandhigh.com,no,,,,0,,,no_public_email_found,not_flagged,contact_pages,,,,,,valid=0; invalid=0; risky=0; unknown=0
9661,>30M,hair-angel-power.com,no,,,,0,,,no_public_email_found,not_flagged,contact_pages,,,,,,valid=0; invalid=0; risky=0; unknown=0
9662,>30M,wavetable.net,no,,,https://wavetable.typeform.com/,0,,,no_public_email_found,not_flagged,contact_pages,,,,,,valid=0; invalid=0; risky=0; unknown=0
9663,>30M,zeikyo-niigata.com,no,,,,0,,,no_public_email_found,not_flagged,contact_pages,,,,,,valid=0; invalid=0; risky=0; unknown=0
9664,>30M,lelectricien.com,no,,,,0,,,no_public_email_found,not_flagged,contact_pages,,,,,,valid=0; invalid=0; risky=0; unknown=0
9665,>30M,get-mor.com,yes,,,https://lmccarthy4.typeform.com/to/PRII2dw8,0,,hello@get-mor.com,showing_email_candidates,not_flagged,contact_pages,hello@get-mor.com,hello@get-mor.com,,,,valid=1; invalid=0; risky=0; unknown=0
9666,>30M,foundersboost.com,yes,,,,0,,,no_public_email_found,not_flagged,contact_pages,,,,,,valid=0; invalid=0; risky=0; unknown=0
9667,>30M,harazouen.com,no,,,,0,,,no_public_email_found,not_flagged,contact_pages,,,,,,valid=0; invalid=0; risky=0; unknown=0
9668,>30M,estateplanattorneycalifornia.com,no,,,,0,,,no_public_email_found,not_flagged,contact_pages,,,,,,valid=0; invalid=0; risky=0; unknown=0
9669,>30M,actorsgetawebsitehere.com,no,,,,0,,,no_public_email_found,not_flagged,contact_pages,,,,,,valid=0; invalid=0; risky=0; unknown=0
9670,>30M,ogino-tax.com,no,,,,0,,,no_public_email_found,not_flagged,contact_pages,,,,,,valid=0; invalid=0; risky=0; unknown=0
9671,>30M,nymoldinspections.com,no,,,,0,,info@nymoldinspections.com ; optimainspect@gmail.com,showing_email_candidates,not_flagged,contact_pages,info@nymoldinspections.com,,,,info@nymoldinspections.com,valid=0; invalid=0; risky=0; unknown=1
9672,>30M,luanaejunior.com.br,no,,,,0,,,no_public_email_found,not_flagged,contact_pages,,,,,,valid=0; invalid=0; risky=0; unknown=0
9673,>30M,onecommunityaz.com,yes,,,,0,,,no_public_email_found,not_flagged,contact_pages,,,,,,valid=0; invalid=0; risky=0; unknown=0
9674,>30M,divlending.net,no,,,,0,,info@divlending.net ; jane@example.com,showing_email_candidates,not_flagged,contact_pages,info@divlending.net,,,,info@divlending.net,valid=0; invalid=0; risky=0; unknown=1
9675,>30M,futurestradingpost.com,no,,,,0,,,no_public_email_found,not_flagged,contact_pages,,,,,,valid=0; invalid=0; risky=0; unknown=0
9676,>30M,yodametrics.com,yes,,,https://mihneaboiangiu.typeform.com/to/R88wZU,0,,hello@yodametrics.com,showing_email_candidates,not_flagged,contact_pages,hello@yodametrics.com,hello@yodametrics.com,,,,valid=1; invalid=0; risky=0; unknown=0
9677,>30M,embau.de,no,,,,0,,info@embau.de,showing_email_candidates,not_flagged,contact_pages,info@embau.de,,,,info@embau.de,valid=0; invalid=0; risky=0; unknown=1
9678,>30M,beverlywoodshomevalue.com,no,,,,0,,fran@fesmiremarshall.com ; teri@fesmiremarshall.com,showing_email_candidates,not_flagged,contact_pages,,,,,,valid=0; invalid=0; risky=0; unknown=0
9679,>30M,classytravel.ro,no,,,,0,,office@classyromania.com ; travel@classyromania.com,showing_email_candidates,not_flagged,contact_pages,,,,,,valid=0; invalid=0; risky=0; unknown=0
9680,>30M,shreyaskendurkar.com,no,,,,0,,shreyas.kendurkar@gmail.com,showing_email_candidates,not_flagged,contact_pages,,,,,,valid=0; invalid=0; risky=0; unknown=0
9681,>30M,2ja.com.br,yes,,,,0,,,no_public_email_found,not_flagged,contact_pages,,,,,,valid=0; invalid=0; risky=0; unknown=0
9682,>30M,mobaranouzai.com,no,,,,0,,,no_public_email_found,not_flagged,contact_pages,,,,,,valid=0; invalid=0; risky=0; unknown=0
9683,>30M,engineeredimaging.com,no,,,,0,,service@engineeredimaging.com,showing_email_candidates,not_flagged,contact_pages,service@engineeredimaging.com,,,,service@engineeredimaging.com,valid=0; invalid=0; risky=0; unknown=1
9684,>30M,fairclaim.org,yes,,,https://zqib1bd15yv.typeform.com/to/toAptSVq,0,,office@fairclaim.org,showing_email_candidates,not_flagged,contact_pages,office@fairclaim.org,,,,office@fairclaim.org,valid=0; invalid=0; risky=0; unknown=1
9685,>30M,super.la,no,,,https://superla.typeform.com/,0,,team@super.la,showing_email_candidates,not_flagged,contact_pages,team@super.la,,,,team@super.la,valid=0; invalid=0; risky=0; unknown=1
9686,>30M,civanpro.com,no,,,,0,,,no_public_email_found,not_flagged,contact_pages,,,,,,valid=0; invalid=0; risky=0; unknown=0
9687,>30M,jrmotors.com.br,no,,,,0,,junior@jrmotors.com.br,showing_email_candidates,not_flagged,contact_pages,,,,,,valid=0; invalid=0; risky=0; unknown=0
9688,>30M,meliordesign.com,no,,,,0,,,no_public_email_found,not_flagged,contact_pages,,,,,,valid=0; invalid=0; risky=0; unknown=0
9689,>30M,neuemedien.org,yes,,,,0,,,no_public_email_found,not_flagged,contact_pages,,,,,,valid=0; invalid=0; risky=0; unknown=0
9690,>30M,invisiblecity.eu,yes,,,https://emergingartist.typeform.com/to/npWAsZwl ; https://invisiblecity.typeform.com/to/sJi96R ; https://invisiblecity.typeform.com/to/Zf447D,0,,invite@me.now ; magic@invisiblecity.eu,showing_email_candidates,not_flagged,contact_pages,,,,,,valid=0; invalid=0; risky=0; unknown=0
9691,>30M,jessicaegustavo.com,yes,,,https://form.typeform.com/to/r3E5qjbe,0,,,no_public_email_found,not_flagged,contact_pages,,,,,,valid=0; invalid=0; risky=0; unknown=0
9692,>30M,el-panda.com,no,,,,0,,info@el-panda.com,showing_email_candidates,not_flagged,contact_pages,info@el-panda.com,,,,info@el-panda.com,valid=0; invalid=0; risky=0; unknown=1
9693,>30M,gstdost.com,no,,,,0,,info@gstdost.in ; sumitjaiswal@gstdost.com ; support@gstdost.in ; surojit@gstdost.com,showing_email_candidates,not_flagged,contact_pages,,,,,,valid=0; invalid=0; risky=0; unknown=0
9694,>30M,dentalpromotion.de,no,,,,0,,clarityms@microsoft.com ; compliance@customer.io ; info@dentalpromotion.de ; info@dentalpromotion.deregistergericht,showing_email_candidates,not_flagged,contact_pages,info@dentalpromotion.de,,,,info@dentalpromotion.de,valid=0; invalid=0; risky=0; unknown=1
9695,>30M,readmake.com,no,,,,0,,email@example.com,showing_email_candidates,not_flagged,contact_pages,,,,,,valid=0; invalid=0; risky=0; unknown=0
9696,>30M,aplozz.com,yes,,,https://marcusglowe.typeform.com/to/a3OrjdfL,0,,,no_public_email_found,not_flagged,contact_pages,,,,,,valid=0; invalid=0; risky=0; unknown=0
9697,>30M,ahnf.org,yes,,,https://5kov2w9fl89.typeform.com/to/KoSdpDN5 ; https://5kov2w9fl89.typeform.com/to/Tbz8Ea5B,0,,support@asianhustlenetwork.org,showing_email_candidates,not_flagged,contact_pages,,,,,,valid=0; invalid=0; risky=0; unknown=0
9698,>30M,qpeso.com,no,,,,0,,,no_public_email_found,not_flagged,contact_pages,,,,,,valid=0; invalid=0; risky=0; unknown=0
9699,>30M,papers.es,no,,,,0,,,no_public_email_found,not_flagged,contact_pages,,,,,,valid=0; invalid=0; risky=0; unknown=0
9700,>30M,croftr.com,yes,,,https://croftr.typeform.com/to/UII86Z ; https://embed.typeform.com/,0,,,no_public_email_found,not_flagged,contact_pages,,,,,,valid=0; invalid=0; risky=0; unknown=0
9701,>30M,ontheschedule.com,yes,,,https://form.typeform.com/to/vKOXmPuK,0,,info@ontheschedule.com,showing_email_candidates,not_flagged,contact_pages,info@ontheschedule.com,,,,info@ontheschedule.com,valid=0; invalid=0; risky=0; unknown=1
9702,>30M,nlp-mit-herz.com,yes,,,https://form.typeform.com/to/FnDAy76F,0,,,no_public_email_found,not_flagged,contact_pages,,,,,,valid=0; invalid=0; risky=0; unknown=0
9703,>30M,yourcitychurch.org,no,,,,0,,,no_public_email_found,not_flagged,contact_pages,,,,,,valid=0; invalid=0; risky=0; unknown=0
9704,>30M,primalharvest.com,yes,,,https://primalresearch.typeform.com/to/vcC57YoI,0,,,no_public_email_found,not_flagged,contact_pages,,,,,,valid=0; invalid=0; risky=0; unknown=0
9705,>30M,icanpe.com,yes,,,https://embed.typeform.com/ ; https://form.typeform.com/to/zLYU6RVH,0,,,no_public_email_found,not_flagged,contact_pages,,,,,,valid=0; invalid=0; risky=0; unknown=0
9706,>30M,creativeworkshop.com,yes,,,https://form.typeform.com/to/XDvVz3C9,0,,info@creativeworkshop.com,showing_email_candidates,not_flagged,contact_pages,info@creativeworkshop.com,,,,info@creativeworkshop.com,valid=0; invalid=0; risky=0; unknown=1
9707,>30M,webguava.com,yes,,,https://embed.typeform.com/ ; https://form.typeform.com/to/CT9zK7WM,0,,info@webguava.com,showing_email_candidates,not_flagged,contact_pages,info@webguava.com,,,,info@webguava.com,valid=0; invalid=0; risky=0; unknown=1
9708,>30M,parentmentor.com,yes,,,,0,,,no_public_email_found,not_flagged,contact_pages,,,,,,valid=0; invalid=0; risky=0; unknown=0
9709,>30M,shivanilamba.com,no,,,,0,,,no_public_email_found,not_flagged,contact_pages,,,,,,valid=0; invalid=0; risky=0; unknown=0
9710,>30M,privatelendingnow.com,no,,,,0,,,no_public_email_found,not_flagged,contact_pages,,,,,,valid=0; invalid=0; risky=0; unknown=0
9711,>30M,k-pilates.com,no,,,https://embed.typeform.com/,0,,,no_public_email_found,not_flagged,contact_pages,,,,,,valid=0; invalid=0; risky=0; unknown=0
9712,>30M,onestopworkshop.com,no,,,,0,,,no_public_email_found,not_flagged,contact_pages,,,,,,valid=0; invalid=0; risky=0; unknown=0
9713,>30M,gartenbau-boehmelt.de,yes,,,,0,,boehmelt@aol.com,showing_email_candidates,not_flagged,contact_pages,,,,,,valid=0; invalid=0; risky=0; unknown=0
9714,>30M,dutchcode.com,no,,,,0,,sales@dutchcode.com,showing_email_candidates,not_flagged,contact_pages,sales@dutchcode.com,,,,sales@dutchcode.com,valid=0; invalid=0; risky=0; unknown=1
9715,>30M,baylaurelsolutions.com,no,,,,0,,hi@baylaurelsolutions.com ; lindsay@baylaurelsolutions.com,showing_email_candidates,not_flagged,contact_pages,,,,,,valid=0; invalid=0; risky=0; unknown=0
9716,>30M,indigotg.com,no,,,,0,,,no_public_email_found,not_flagged,contact_pages,,,,,,valid=0; invalid=0; risky=0; unknown=0
9717,>30M,stb-schulte.com,yes,,,https://1iz7gafzap9.typeform.com/to/udkPB6nx,0,,info@stb-schulte.de,showing_email_candidates,not_flagged,contact_pages,,,,,,valid=0; invalid=0; risky=0; unknown=0
9718,>30M,x184.com,yes,,,,0,,,no_public_email_found,not_flagged,contact_pages,,,,,,valid=0; invalid=0; risky=0; unknown=0
9719,>30M,snacs.de,yes,,,https://bha70nkylxs.typeform.com/to/lvzOeMQ4,0,,info@snacs.de,showing_email_candidates,not_flagged,contact_pages,info@snacs.de,,,,info@snacs.de,valid=0; invalid=0; risky=0; unknown=1
9720,>30M,adauge.com,no,,,,0,,digital@adauge.com ; gsap@3.13.0 ; hola@adauge.com ; split-type@0.3.4,showing_email_candidates,not_flagged,contact_pages,,,,,,valid=0; invalid=0; risky=0; unknown=0
9721,>30M,posterandframe.com,yes,,,https://wc6vumfxg0t.typeform.com/to/p471dNPd,0,,18d2f96d279149989b95faf0a4b41882@sentry-next.wixpress.com ; 2062d0a4929b45348643784b5cb39c36@sentry.wixpress.com ; 271e9fa3230b4eec94b02bf95780f5f2@sentry.wixpress.com ; 460ff4620fa44cba8df530afde949785@sentry.wixpress.com ; 5d1795a2db124a268f1e1bd88f503500@sentry.wixpress.com ; 605a7baede844d278b89dc95ae0a9123@sentry-next.wixpress.com ; 79baaa8e09c746d2b7401643b99792e0@sentry.wixpress.com ; 8c4075d5481d476e945486754f783364@sentry.io ; 8eb368c655b84e029ed79ad7a5c1718e@sentry.wixpress.com ; 9a65e97ebe8141fca0c4fd686f70996b@sentry.wixpress.com ; c183baa23371454f99f417f6616b724d@sentry.wixpress.com ; core-js-bundle@3.2.1 ; dd0a55ccb8124b9c9d938e3acf41f8aa@sentry.wixpress.com ; ed436f5053144538958ad06a5005e99a@sentry.wixpress.com ; focus-within-polyfill@5.0.9 ; intl-segmenter@11.7.10 ; join@posterandframe.com ; lodash@4.17.23 ; react-dom@18.3.1 ; react@18.3.1 ; rspack@1.6.8,showing_email_candidates,not_flagged,contact_pages,,,,,,valid=0; invalid=0; risky=0; unknown=0
9722,>30M,wohnbau-weidenbach.de,no,,,,0,,info@wohnbau-weidenbach.de,showing_email_candidates,not_flagged,contact_pages,info@wohnbau-weidenbach.de,,,,info@wohnbau-weidenbach.de,valid=0; invalid=0; risky=0; unknown=1
9723,>30M,freedomworship.net,no,,,,0,,18d2f96d279149989b95faf0a4b41882@sentry-next.wixpress.com ; 5d1795a2db124a268f1e1bd88f503500@sentry.wixpress.com ; 605a7baede844d278b89dc95ae0a9123@sentry-next.wixpress.com ; 78f7996315bc402f9dcb8a2f974b82d1@sentry.wixpress.com ; 79baaa8e09c746d2b7401643b99792e0@sentry.wixpress.com ; 8c30b2581acc426badc414e8a5dc04ef@sentry.wixpress.com ; 8c4075d5481d476e945486754f783364@sentry.io ; 8eb368c655b84e029ed79ad7a5c1718e@sentry.wixpress.com ; 9a65e97ebe8141fca0c4fd686f70996b@sentry.wixpress.com ; connect@freedomworship.net ; core-js-bundle@3.2.1 ; focus-within-polyfill@5.0.9 ; info@freedomworship.net ; intl-segmenter@11.7.10 ; lodash@4.17.23 ; react-dom@18.3.1 ; react@18.3.1 ; rspack@1.6.8 ; tkirk@freedomworship.net,showing_email_candidates,not_flagged,contact_pages,info@freedomworship.net,,,,info@freedomworship.net,valid=0; invalid=0; risky=0; unknown=1
9724,>30M,rc-group.de,no,,,,0,,,no_public_email_found,not_flagged,contact_pages,,,,,,valid=0; invalid=0; risky=0; unknown=0
9725,>30M,bigfootfindr.com,yes,,,https://form.typeform.com/to/Mfy0bf,0,,bootstrap-select@1.13.14 ; bootstrap@4.6.2 ; emailto@example.com ; litepicker@2.0.11 ; ryan.dranginis@gmail.com,showing_email_candidates,not_flagged,contact_pages,,,,,,valid=0; invalid=0; risky=0; unknown=0
9726,>30M,swecon.se,no,,,,0,,,no_public_email_found,not_flagged,contact_pages,,,,,,valid=0; invalid=0; risky=0; unknown=0
9727,>30M,breizalu.fr,no,,,,0,,,no_public_email_found,not_flagged,contact_pages,,,,,,valid=0; invalid=0; risky=0; unknown=0
9728,>30M,noblebitcoin.com,yes,,,,0,,,no_public_email_found,not_flagged,contact_pages,,,,,,valid=0; invalid=0; risky=0; unknown=0
9729,>30M,steinerranchneighbors.com,no,,,,0,,heather@heathertankersley.com,showing_email_candidates,not_flagged,contact_pages,,,,,,valid=0; invalid=0; risky=0; unknown=0
9730,>30M,rentapro.ch,yes,,,,0,,,no_public_email_found,not_flagged,contact_pages,,,,,,valid=0; invalid=0; risky=0; unknown=0
9731,>30M,phase1.nl,no,,,,0,,,no_public_email_found,not_flagged,contact_pages,,,,,,valid=0; invalid=0; risky=0; unknown=0
9732,>30M,puanmaharani.com,no,,,,0,,,no_public_email_found,not_flagged,contact_pages,,,,,,valid=0; invalid=0; risky=0; unknown=0
9733,>30M,emailsequence.com,no,,,,0,,,no_public_email_found,not_flagged,contact_pages,,,,,,valid=0; invalid=0; risky=0; unknown=0
9734,>30M,bridgermarine.com,no,,,,0,,,no_public_email_found,not_flagged,contact_pages,,,,,,valid=0; invalid=0; risky=0; unknown=0
9735,>30M,prayforjamaica.com,yes,,,https://form.typeform.com/to/nfbUz7Kt,0,,,no_public_email_found,not_flagged,contact_pages,,,,,,valid=0; invalid=0; risky=0; unknown=0
9736,>30M,lovesair.com,yes,,,https://upfrog.typeform.com/to/tRe3Q8bd,0,,leads@lovesair.com,showing_email_candidates,not_flagged,contact_pages,,,,,,valid=0; invalid=0; risky=0; unknown=0
9737,>30M,stoaschool.com,no,,,,0,,,no_public_email_found,not_flagged,contact_pages,,,,,,valid=0; invalid=0; risky=0; unknown=0
9738,>30M,autoservicemarketing.com,yes,,,,0,,,no_public_email_found,not_flagged,contact_pages,,,,,,valid=0; invalid=0; risky=0; unknown=0
9739,>30M,goodman-insurance.com,yes,,,https://goodman-insurance.typeform.com/to/n6rQoY,0,,clarksville@goodman-insurance.com ; info@goodman-insurance.com ; omaha@goodman-insurance.com,showing_email_candidates,not_flagged,contact_pages,info@goodman-insurance.com,,,,info@goodman-insurance.com,valid=0; invalid=0; risky=0; unknown=1
9740,>30M,irbm.com,no,,,,0,,,no_public_email_found,not_flagged,contact_pages,,,,,,valid=0; invalid=0; risky=0; unknown=0
9741,>30M,ink-link.com,yes,,,,0,,,no_public_email_found,not_flagged,contact_pages,,,,,,valid=0; invalid=0; risky=0; unknown=0
9742,>30M,proratio-gmbh.de,yes,,,https://i69p8kam0fs.typeform.com/to/DrD9zlHb,0,,office@proratio-gmbh.de,showing_email_candidates,not_flagged,contact_pages,office@proratio-gmbh.de,,,,office@proratio-gmbh.de,valid=0; invalid=0; risky=0; unknown=1
9743,>30M,twomoonsstudio.com,yes,,,https://klepqux6mjq.typeform.com/to/CHTYytYv,0,,info@twomoonsstudio.com,showing_email_candidates,not_flagged,contact_pages,info@twomoonsstudio.com,,,,info@twomoonsstudio.com,valid=0; invalid=0; risky=0; unknown=1
9744,>30M,garlinghousememorials.com,no,,,,0,,,no_public_email_found,not_flagged,contact_pages,,,,,,valid=0; invalid=0; risky=0; unknown=0
9745,>30M,tarahair.com,yes,,,https://form.typeform.com/to/v6VD7hxp,0,,,no_public_email_found,not_flagged,contact_pages,,,,,,valid=0; invalid=0; risky=0; unknown=0
9746,>30M,sumotrends.com,no,,,,0,,576844233@qq.com ; abhishek@teamcodesign.com ; accounts@fliki.ai ; ahmed.qureshi@mvssive.com ; anan@listnr.tech ; arman@texta.ai ; candy@flexclip.com ; contact@powerin.io ; developereyes@gmail.com ; emarthub@gmail.com ; felix@ranktracker.com ; jeffreytay@gmail.com ; kamphey@gmail.com ; mustafa@aydemir.im ; nikki@contrarianthink.com ; onur@quizcube.io ; romain@seobuddy.com ; rondotsamuel@gmail.com ; sanket@invideo.io ; sean@tykr.pro ; stuart@roomfilla.com ; support@outscraper.com ; support@rytr.me ; tvr121@gmail.com ; v.bieriestniev@gravitec.net,showing_email_candidates,not_flagged,contact_pages,,,,,,valid=0; invalid=0; risky=0; unknown=0
9747,>30M,popsrodshop.com,yes,,,https://lightspeed-commerce.typeform.com/to/g1vcP7FR,0,,example@email.com ; example@mail.com ; john.doe@email.com ; sales@popsrodshop.com,showing_email_candidates,not_flagged,contact_pages,sales@popsrodshop.com,,,,sales@popsrodshop.com,valid=0; invalid=0; risky=0; unknown=1
9748,>30M,capitalmedia.it,no,,,,0,,,no_public_email_found,not_flagged,contact_pages,,,,,,valid=0; invalid=0; risky=0; unknown=0
9749,>30M,ventra.de,yes,,,https://ventra.pro.typeform.com/to/UEWYPhJ6,0,,,no_public_email_found,not_flagged,contact_pages,,,,,,valid=0; invalid=0; risky=0; unknown=0
9750,>30M,nvforum.org,yes,,,https://form.typeform.com/to/okFyODLD ; https://form.typeform.com/to/YfE2edtc,0,,lite-youtube@0.2 ; nh_forum-353-2@2x-300x238.png ; nh_forum-353-2@2x-768x610.png ; nh_forum-353-2@2x.png ; primary-color@2x-2-1024x292.png ; primary-color@2x-2-1536x438.png ; primary-color@2x-2-2048x584.png ; primary-color@2x-2-300x86.png ; primary-color@2x-2-768x219.png ; primary-color@2x-2.png,showing_email_candidates,not_flagged,contact_pages,,,,,,valid=0; invalid=0; risky=0; unknown=0
9751,>30M,neuralforge.com,no,,,,0,,,no_public_email_found,not_flagged,contact_pages,,,,,,valid=0; invalid=0; risky=0; unknown=0
9752,>30M,brentwestbrook.com,no,,,,0,,,no_public_email_found,not_flagged,contact_pages,,,,,,valid=0; invalid=0; risky=0; unknown=0
9753,>30M,juiceboxes.co,yes,,,https://juice-boxes.typeform.com/to/aC3va2 ; https://juice-boxes.typeform.com/to/REcXMI,0,,contact@juice-boxes.com,showing_email_candidates,not_flagged,contact_pages,,,,,,valid=0; invalid=0; risky=0; unknown=0
9754,>30M,prepa-cpcm.com,yes,,,https://groupecjc.typeform.com/to/A6XJe5s8 ; https://groupecjc.typeform.com/to/BBz7puyC,0,,contact@prepa-cpcm.com,showing_email_candidates,not_flagged,contact_pages,contact@prepa-cpcm.com,contact@prepa-cpcm.com,,,,valid=1; invalid=0; risky=0; unknown=0
9755,>30M,retaildisrupt.com,yes,,,https://pacevents.typeform.com/to/mHXqHq ; https://pacevents.typeform.com/to/oirdoCfL ; https://pacevents.typeform.com/to/XR2kJ6,0,,,no_public_email_found,not_flagged,contact_pages,,,,,,valid=0; invalid=0; risky=0; unknown=0
9756,>30M,kouno-tera.com,no,,,,0,,,no_public_email_found,not_flagged,contact_pages,,,,,,valid=0; invalid=0; risky=0; unknown=0
9757,>30M,actioncoachmexico.com,no,,,,0,,,no_public_email_found,not_flagged,contact_pages,,,,,,valid=0; invalid=0; risky=0; unknown=0
9758,>30M,saleshose.com,no,,,,0,,dpa@saleshose.com,showing_email_candidates,not_flagged,contact_pages,,,,,,valid=0; invalid=0; risky=0; unknown=0
9759,>30M,bestmedicalmalpracticeinsurance.com,no,,,https://embed.typeform.com/,0,,,no_public_email_found,not_flagged,contact_pages,,,,,,valid=0; invalid=0; risky=0; unknown=0
9760,>30M,hireawriter.us,yes,,,https://uolha6y6ctc.typeform.com/to/KWeLkZnq,0,,,no_public_email_found,not_flagged,contact_pages,,,,,,valid=0; invalid=0; risky=0; unknown=0
9761,>30M,playstorygames.com,yes,,,https://9nyvqixnafn.typeform.com/to/XwHkDKhM,0,,example@example.com ; lenis@1.0.35,showing_email_candidates,not_flagged,contact_pages,,,,,,valid=0; invalid=0; risky=0; unknown=0
9762,>30M,kevacom.com,yes,,,,0,,,no_public_email_found,not_flagged,contact_pages,,,,,,valid=0; invalid=0; risky=0; unknown=0
9763,>30M,kotobukiph.com,no,,,,0,,,no_public_email_found,not_flagged,contact_pages,,,,,,valid=0; invalid=0; risky=0; unknown=0
9764,>30M,newperspectivescoaching.com,no,,,,0,,,no_public_email_found,not_flagged,contact_pages,,,,,,valid=0; invalid=0; risky=0; unknown=0
9765,>30M,thenextdecade.com,no,,,,0,,chart.js@3.9.1 ; datospersonales@itesm.mx ; font-awesome@4.7.0 ; i18next-browser-languagedetector@6.1.3 ; i18next-chained-backend@4.2.0 ; i18next-http-backend@1.3.2 ; i18next-localstorage-backend@4.1.0 ; i18next@21.6.10 ; jquery-i18next@1.2.1 ; js-html2pdf@1.1.4 ; select2-bootstrap-5-theme@1.3.0 ; select2@4.1.0-rc.0 ; u003edatospersonales@itesm.mx,showing_email_candidates,not_flagged,contact_pages,,,,,,valid=0; invalid=0; risky=0; unknown=0
9766,>30M,benjaminboman.com,yes,,,https://benjaminboman.typeform.com/to/jFFsSqiz,0,,,no_public_email_found,not_flagged,contact_pages,,,,,,valid=0; invalid=0; risky=0; unknown=0
9767,>30M,gamewijzer.nl,no,,,https://images.typeform.com/,0,,info@gamewijzer.nl,showing_email_candidates,not_flagged,contact_pages,info@gamewijzer.nl,,,,info@gamewijzer.nl,valid=0; invalid=0; risky=0; unknown=1
9768,>30M,nanopyme.com,yes,,,https://45o2duoo9wz.typeform.com/to/zSFXBQR3,0,,contacto@nanopyme.com,showing_email_candidates,not_flagged,contact_pages,,,,,,valid=0; invalid=0; risky=0; unknown=0
9769,>30M,idprofile.com,no,,,https://embed.typeform.com/,0,,,no_public_email_found,not_flagged,contact_pages,,,,,,valid=0; invalid=0; risky=0; unknown=0
9770,>30M,femininitycoaching.com,no,,,,0,,,no_public_email_found,not_flagged,contact_pages,,,,,,valid=0; invalid=0; risky=0; unknown=0
9771,>30M,loxoma.com,yes,,,https://embed.typeform.com/ ; https://loxoma.typeform.com/to/Ium5PS,0,,,no_public_email_found,not_flagged,contact_pages,,,,,,valid=0; invalid=0; risky=0; unknown=0
9772,>30M,tbh.jp,no,,,,0,,,no_public_email_found,not_flagged,contact_pages,,,,,,valid=0; invalid=0; risky=0; unknown=0
9773,>30M,signatureacquisitions.com,yes,,,https://digitalweb.typeform.com/to/TgSyoQ ; https://embed.typeform.com/,0,,danielle@signatureacquisitions.com ; info@signatureacquisitions.com ; mark@signatureacquisitions.com ; sally@signatureacquisitions.com,showing_email_candidates,not_flagged,contact_pages,info@signatureacquisitions.com,,,,info@signatureacquisitions.com,valid=0; invalid=0; risky=0; unknown=1
9774,>30M,dentistadifiducia.com,no,,,,0,,,no_public_email_found,not_flagged,contact_pages,,,,,,valid=0; invalid=0; risky=0; unknown=0
9775,>30M,dumsnu.com,yes,,,https://g0z09b074f1.typeform.com/to/i73ZIV4i,0,,dumsnu@nextreality.cz ; kontakt@example.com,showing_email_candidates,not_flagged,contact_pages,,,,,,valid=0; invalid=0; risky=0; unknown=0
9776,>30M,dolitec.com.br,yes,,,,0,,,no_public_email_found,not_flagged,contact_pages,,,,,,valid=0; invalid=0; risky=0; unknown=0
9777,>30M,beness.fr,yes,,,https://n6a5zrrnqog.typeform.com/to/fiim7yNa,0,,,no_public_email_found,not_flagged,contact_pages,,,,,,valid=0; invalid=0; risky=0; unknown=0
9778,>30M,toursinbaja.com,yes,,,https://form.typeform.com/to/YeTdIRRr,0,,toursinbajausa@gmail.com,showing_email_candidates,not_flagged,contact_pages,,,,,,valid=0; invalid=0; risky=0; unknown=0
9779,>30M,eiwajyuken.com,no,,,,0,,,no_public_email_found,not_flagged,contact_pages,,,,,,valid=0; invalid=0; risky=0; unknown=0
9780,>30M,flexfone.dk,yes,,,https://flexfone.typeform.com/to/EMXUP6ZD,0,,appsource-badge@2x.png ; appsource-badge@2x.webp ; bodum-logo@2x-1.png ; bordtelefon@2x.png ; eurodan-huse-frontpage-thumb@2x.webp ; eurodan-huse-logo@2x-1.png ; info@flexfone.dk ; team-blue-frontpage-thumb@2x.webp ; teams-myfone-app@2x-1.png ; teams-myfone@2x.png ; usp-background-teams@2x.png,showing_email_candidates,not_flagged,contact_pages,info@flexfone.dk,,,,info@flexfone.dk,valid=0; invalid=0; risky=0; unknown=1
9781,>30M,ricd.com.br,no,,,,0,,,no_public_email_found,not_flagged,contact_pages,,,,,,valid=0; invalid=0; risky=0; unknown=0
9782,>30M,business-coaching.co,yes,,,,0,,,no_public_email_found,not_flagged,contact_pages,,,,,,valid=0; invalid=0; risky=0; unknown=0
9783,>30M,theviralmarketer.com,no,,,,0,,,no_public_email_found,not_flagged,contact_pages,,,,,,valid=0; invalid=0; risky=0; unknown=0
9784,>30M,thai-insider.com,yes,,,https://form.typeform.com/to/OSsyUtn2,0,,insider.co@gmail.com,showing_email_candidates,not_flagged,contact_pages,,,,,,valid=0; invalid=0; risky=0; unknown=0
9785,>30M,probatedata.net,no,,,,0,,,no_public_email_found,not_flagged,contact_pages,,,,,,valid=0; invalid=0; risky=0; unknown=0
9786,>30M,okazakiyakuhin.com,no,,,,0,,,no_public_email_found,not_flagged,contact_pages,,,,,,valid=0; invalid=0; risky=0; unknown=0
9787,>30M,utopiaexperience.com,no,,,,0,,,no_public_email_found,not_flagged,contact_pages,,,,,,valid=0; invalid=0; risky=0; unknown=0
9788,>30M,massivevisuals.com,no,,,,0,,info@massivevisuals.com,showing_email_candidates,not_flagged,contact_pages,info@massivevisuals.com,,,,info@massivevisuals.com,valid=0; invalid=0; risky=0; unknown=1
9789,>30M,chatwidget.net,no,,,,0,,,no_public_email_found,not_flagged,contact_pages,,,,,,valid=0; invalid=0; risky=0; unknown=0
9790,>30M,mcpbon.info,no,,,,0,,,no_public_email_found,not_flagged,contact_pages,,,,,,valid=0; invalid=0; risky=0; unknown=0
9791,>30M,gtmfund.com,no,,,,0,,,no_public_email_found,not_flagged,contact_pages,,,,,,valid=0; invalid=0; risky=0; unknown=0
9792,>30M,bulloak.com,no,,,,0,,,no_public_email_found,not_flagged,contact_pages,,,,,,valid=0; invalid=0; risky=0; unknown=0
9793,>30M,knsystem.com,no,,,,0,,,no_public_email_found,not_flagged,contact_pages,,,,,,valid=0; invalid=0; risky=0; unknown=0
9794,>30M,mediabook.us,no,,,,0,,,no_public_email_found,not_flagged,contact_pages,,,,,,valid=0; invalid=0; risky=0; unknown=0
9795,>30M,ffsinsurance.com,no,,,,0,,info@ffsinsurance.com,showing_email_candidates,not_flagged,contact_pages,info@ffsinsurance.com,,,,info@ffsinsurance.com,valid=0; invalid=0; risky=0; unknown=1
9796,>30M,thrivera.com,yes,,,https://ljqiavixado.typeform.com/to/wwGfdx5T,0,,,no_public_email_found,not_flagged,contact_pages,,,,,,valid=0; invalid=0; risky=0; unknown=0
9797,>30M,ministrywebsites.com,yes,,,,0,,,no_public_email_found,not_flagged,contact_pages,,,,,,valid=0; invalid=0; risky=0; unknown=0
9798,>30M,piscinamonza.com,no,,,,0,,,no_public_email_found,not_flagged,contact_pages,,,,,,valid=0; invalid=0; risky=0; unknown=0
9799,>30M,dornbach-coaching.de,yes,,,,0,,,no_public_email_found,not_flagged,contact_pages,,,,,,valid=0; invalid=0; risky=0; unknown=0
9800,>30M,prokitchens.com,no,,,,0,,flags@2x-9d5328fb490cddd43f6698012123404b.png,showing_email_candidates,not_flagged,contact_pages,,,,,,valid=0; invalid=0; risky=0; unknown=0
9801,>30M,doliprane.com,no,,,,0,,,no_public_email_found,not_flagged,contact_pages,,,,,,valid=0; invalid=0; risky=0; unknown=0
9802,>30M,ubteam.fr,no,,,,0,,,no_public_email_found,not_flagged,contact_pages,,,,,,valid=0; invalid=0; risky=0; unknown=0
9803,>30M,jaemiloeb.com,yes,,,https://5keev8e4erc.typeform.com/to/nAwL785N,0,,,no_public_email_found,not_flagged,contact_pages,,,,,,valid=0; invalid=0; risky=0; unknown=0
9804,>30M,kristhyna.com,yes,,,https://pxk6i4f752d.typeform.com/to/EkwWlcsr ; https://pxk6i4f752d.typeform.com/to/F3k3sCIh,0,,,no_public_email_found,not_flagged,contact_pages,,,,,,valid=0; invalid=0; risky=0; unknown=0
9805,>30M,roadsandtrips.com,no,,,,0,,,no_public_email_found,not_flagged,contact_pages,,,,,,valid=0; invalid=0; risky=0; unknown=0
9806,>30M,catalystbay.com,no,,,https://whk06pk37nm.typeform.com/to/Jt0zAsCj,0,,,no_public_email_found,not_flagged,contact_pages,,,,,,valid=0; invalid=0; risky=0; unknown=0
9807,>30M,tgdesign.com.br,yes,,,https://embed.typeform.com/ ; https://tgdesign1.typeform.com/to/N02sMFQc,0,,thiago@tgdesign.com.br,showing_email_candidates,not_flagged,contact_pages,,,,,,valid=0; invalid=0; risky=0; unknown=0
9808,>30M,noyolarealtor.com,yes,,,https://t0k9xxyhu79.typeform.com/to/j2ogoowz,0,,elizabeth@noyolarealtor.com,showing_email_candidates,not_flagged,contact_pages,,,,,,valid=0; invalid=0; risky=0; unknown=0
9809,>30M,getlyvia.com,no,,,https://embed.typeform.com/,0,,get.lyvia@gmail.com,showing_email_candidates,not_flagged,contact_pages,,,,,,valid=0; invalid=0; risky=0; unknown=0
9810,>30M,salon-yume.com,no,,,,0,,,no_public_email_found,not_flagged,contact_pages,,,,,,valid=0; invalid=0; risky=0; unknown=0
9811,>30M,ma-prime-energie.net,no,,,,0,,,no_public_email_found,not_flagged,contact_pages,,,,,,valid=0; invalid=0; risky=0; unknown=0
9812,>30M,canaslan.com,no,,,,0,,,no_public_email_found,not_flagged,contact_pages,,,,,,valid=0; invalid=0; risky=0; unknown=0
9813,>30M,pamken.com,no,,,,0,,,no_public_email_found,not_flagged,contact_pages,,,,,,valid=0; invalid=0; risky=0; unknown=0
9814,>30M,kusumi-kaikei.com,no,,,,0,,,no_public_email_found,not_flagged,contact_pages,,,,,,valid=0; invalid=0; risky=0; unknown=0
9815,>30M,tet-kaikei.com,no,,,,0,,,no_public_email_found,not_flagged,contact_pages,,,,,,valid=0; invalid=0; risky=0; unknown=0
9816,>30M,superproperty.com.au,no,,,,0,,lenis@1.2.3,showing_email_candidates,not_flagged,contact_pages,,,,,,valid=0; invalid=0; risky=0; unknown=0
9817,>30M,die-lunchbox.de,no,,,,0,,office@die-lunchbox.de,showing_email_candidates,not_flagged,contact_pages,office@die-lunchbox.de,,,,office@die-lunchbox.de,valid=0; invalid=0; risky=0; unknown=1
9818,>30M,helbass.com.br,no,,,,0,,atendimento@helbass.com.br ; helio@helbass.com.br,showing_email_candidates,not_flagged,contact_pages,,,,,,valid=0; invalid=0; risky=0; unknown=0
9819,>30M,conyers.com,no,,,,0,,typed.js@2.0.11,showing_email_candidates,not_flagged,contact_pages,,,,,,valid=0; invalid=0; risky=0; unknown=0
9820,>30M,genesisdomingo.net,yes,,,https://form.typeform.com/to/zY14LscN,0,,hi@genesisdomingo.net,showing_email_candidates,not_flagged,contact_pages,,,,,,valid=0; invalid=0; risky=0; unknown=0
9821,>30M,bigpymes.com,yes,,,https://form.typeform.com/to/Ojk36Fha,0,,,no_public_email_found,not_flagged,contact_pages,,,,,,valid=0; invalid=0; risky=0; unknown=0
9822,>30M,hayashi-ao.com,no,,,,0,,,no_public_email_found,not_flagged,contact_pages,,,,,,valid=0; invalid=0; risky=0; unknown=0
9823,>30M,thepathproject.com,yes,,,,0,,info@thepathproject.com ; matt@thepathproject.com,showing_email_candidates,not_flagged,contact_pages,info@thepathproject.com,,,,info@thepathproject.com,valid=0; invalid=0; risky=0; unknown=1
9824,>30M,hairdex.com,no,,,,0,,hello@hairdex.com ; splide@4.1.4,showing_email_candidates,not_flagged,contact_pages,hello@hairdex.com,hello@hairdex.com,,,,valid=1; invalid=0; risky=0; unknown=0
9825,>30M,flourishfinancialsolutions.com,no,,,,0,,,no_public_email_found,not_flagged,contact_pages,,,,,,valid=0; invalid=0; risky=0; unknown=0
9826,>30M,promarketingtips.com,yes,,,,0,,,no_public_email_found,not_flagged,contact_pages,,,,,,valid=0; invalid=0; risky=0; unknown=0
9827,>30M,palhelps.com,no,,,,0,,,no_public_email_found,not_flagged,contact_pages,,,,,,valid=0; invalid=0; risky=0; unknown=0
9828,>30M,christieleerayburn.com,yes,,,,0,,,no_public_email_found,not_flagged,contact_pages,,,,,,valid=0; invalid=0; risky=0; unknown=0
9829,>30M,lets-dubai.com,no,,,,0,,,no_public_email_found,not_flagged,contact_pages,,,,,,valid=0; invalid=0; risky=0; unknown=0
9830,>30M,luxuristlondon.com,no,,,,0,,cara@luxuristlondon.com,showing_email_candidates,not_flagged,contact_pages,,,,,,valid=0; invalid=0; risky=0; unknown=0
9831,>30M,whybelieveinjesus.org,yes,,,https://kingjesus.typeform.com/to/VzW2vtgN,0,,,no_public_email_found,not_flagged,contact_pages,,,,,,valid=0; invalid=0; risky=0; unknown=0
9832,>30M,rocketnest.com,no,,,,0,,,no_public_email_found,not_flagged,contact_pages,,,,,,valid=0; invalid=0; risky=0; unknown=0
9833,>30M,solomoncole.com,no,,,,0,,,no_public_email_found,not_flagged,contact_pages,,,,,,valid=0; invalid=0; risky=0; unknown=0
9834,>30M,windowraps.com,yes,,,https://gno6a2t95sf.typeform.com/to/BPheWpCT,0,,,no_public_email_found,not_flagged,contact_pages,,,,,,valid=0; invalid=0; risky=0; unknown=0
9835,>30M,panics.com,no,,,,0,,,no_public_email_found,not_flagged,contact_pages,,,,,,valid=0; invalid=0; risky=0; unknown=0
9836,>30M,grupoitcon.es,yes,,,https://form.typeform.com/to/PDo5XEkK,0,,,no_public_email_found,not_flagged,contact_pages,,,,,,valid=0; invalid=0; risky=0; unknown=0
9837,>30M,flyerssuites.com,no,,,,0,,,no_public_email_found,not_flagged,contact_pages,,,,,,valid=0; invalid=0; risky=0; unknown=0
9838,>30M,socialmediateam.com.au,yes,,,,0,,webmaster@socialmediateam.com.au,showing_email_candidates,not_flagged,contact_pages,webmaster@socialmediateam.com.au,,,,webmaster@socialmediateam.com.au,valid=0; invalid=0; risky=0; unknown=1
9839,>30M,jonathonschuster.com,no,,,,0,,,no_public_email_found,not_flagged,contact_pages,,,,,,valid=0; invalid=0; risky=0; unknown=0
9840,>30M,movemeback.com,no,,,,0,,favicon@1x-16x16.png ; favicon@2x-32x32.png ; favicon@3x-48x48.png,showing_email_candidates,not_flagged,contact_pages,,,,,,valid=0; invalid=0; risky=0; unknown=0
9841,>30M,getbusinessfunding.com,no,,,,0,,info@getbusinessfunding.com,showing_email_candidates,not_flagged,contact_pages,info@getbusinessfunding.com,,,,info@getbusinessfunding.com,valid=0; invalid=0; risky=0; unknown=1
9842,>30M,mappavini.com,yes,,,,0,,contact@mappavini.com ; plan-de-travail-1@2x-300x86.png ; plan-de-travail-1@2x.png ; plan-de-travail-2@2x.png,showing_email_candidates,not_flagged,contact_pages,contact@mappavini.com,contact@mappavini.com,,,,valid=1; invalid=0; risky=0; unknown=0
9843,>30M,getcohort.com,yes,,,,0,,splide@4.0.7 ; splide@4.1.4,showing_email_candidates,not_flagged,contact_pages,,,,,,valid=0; invalid=0; risky=0; unknown=0
9844,>30M,tudinerorapido.es,no,,,,0,,,no_public_email_found,not_flagged,contact_pages,,,,,,valid=0; invalid=0; risky=0; unknown=0
9845,>30M,jasonkitts.com,no,,,https://jasonkitts.typeform.com/,0,,info@jasonkitts.com,showing_email_candidates,not_flagged,contact_pages,info@jasonkitts.com,,,,info@jasonkitts.com,valid=0; invalid=0; risky=0; unknown=1
9846,>30M,stokebroker.com,no,,,,0,,,no_public_email_found,not_flagged,contact_pages,,,,,,valid=0; invalid=0; risky=0; unknown=0
9847,>30M,estibascolombia.com,yes,,,https://uzq8cpgjjeu.typeform.com/to/hMaWg8WF,0,,colombiaestibas@gmail.com,showing_email_candidates,not_flagged,contact_pages,,,,,,valid=0; invalid=0; risky=0; unknown=0
9848,>30M,iowarecording.com,yes,,,https://fortestudios.typeform.com/to/TzI9pJ,0,,costermann@fortestudios.us ; jjacobsen@fortestudios.us ; service@fortestudios.us,showing_email_candidates,not_flagged,contact_pages,,,,,,valid=0; invalid=0; risky=0; unknown=0
9849,>30M,vanessaerafael.com.br,no,,,https://embed.typeform.com/,0,,,no_public_email_found,not_flagged,contact_pages,,,,,,valid=0; invalid=0; risky=0; unknown=0
9850,>30M,malta-web.com,no,,,,0,,,no_public_email_found,not_flagged,contact_pages,,,,,,valid=0; invalid=0; risky=0; unknown=0
9851,>30M,allsummitcountylodging.com,no,,,,0,,,no_public_email_found,not_flagged,contact_pages,,,,,,valid=0; invalid=0; risky=0; unknown=0
9852,>30M,csdliege.be,no,,,,0,,exemple@mail.com ; info.csdliege@solidaris.be ; leaflet@1.7.1,showing_email_candidates,not_flagged,contact_pages,,,,,,valid=0; invalid=0; risky=0; unknown=0
9853,>30M,carolethiago.com.br,no,,,,0,,,no_public_email_found,not_flagged,contact_pages,,,,,,valid=0; invalid=0; risky=0; unknown=0
9854,>30M,bestri.de,no,,,,0,,,no_public_email_found,not_flagged,contact_pages,,,,,,valid=0; invalid=0; risky=0; unknown=0
9855,>30M,e-butler.com,yes,,,,0,,,no_public_email_found,not_flagged,contact_pages,,,,,,valid=0; invalid=0; risky=0; unknown=0
9856,>30M,osmometers.com,yes,,,https://embed.typeform.com/,0,,amanda.warren@elitechgroup.com ; au.service@elitechgroup.com ; bryce.mceuen@elitechgroup.com ; info.osmometers@bruker.com ; sales.rdn@bruker.com ; service_gonotec@elitechgroup.com ; support@elitechgroup.com ; support@elitechuk.com,showing_email_candidates,not_flagged,contact_pages,,,,,,valid=0; invalid=0; risky=0; unknown=0
9857,>30M,kind-heart.jp,no,,,,0,,,no_public_email_found,not_flagged,contact_pages,,,,,,valid=0; invalid=0; risky=0; unknown=0
9858,>30M,bubbles-app.com,no,,,,0,,flag-icons@7.3.2 ; info@bubbles-app.com,showing_email_candidates,not_flagged,contact_pages,info@bubbles-app.com,,,,info@bubbles-app.com,valid=0; invalid=0; risky=0; unknown=1
9859,>30M,sloportfolio.com,yes,,,https://wealthhealth.typeform.com/to/mSRwK1,0,,,no_public_email_found,not_flagged,contact_pages,,,,,,valid=0; invalid=0; risky=0; unknown=0
9860,>30M,justevent.fr,yes,,,https://admin.typeform.com/ ; https://embed.typeform.com/ ; https://marwankhebichat703921.typeform.com/to/BHNXOo,0,,contact@justevent.fr,showing_email_candidates,not_flagged,contact_pages,contact@justevent.fr,contact@justevent.fr,,,,valid=1; invalid=0; risky=0; unknown=0
9861,>30M,threadedsolutions.com,no,,,,0,,,no_public_email_found,not_flagged,contact_pages,,,,,,valid=0; invalid=0; risky=0; unknown=0
9862,>30M,lostandfound.no,yes,,,,0,,,no_public_email_found,not_flagged,contact_pages,,,,,,valid=0; invalid=0; risky=0; unknown=0
9863,>30M,chambersmusicstudio.com,yes,,,https://form.typeform.com/to/vrq9UV9L,0,,chambersmusicstudio@gmail.com ; info@chambersmusicstudio.com,showing_email_candidates,not_flagged,contact_pages,info@chambersmusicstudio.com,,,,info@chambersmusicstudio.com,valid=0; invalid=0; risky=0; unknown=1
9864,>30M,erfolgreich-abnehmen.com,yes,,,https://form.typeform.com/to/Y80FJdqu,0,,hallo@erfolgreich-abnehmen.com,showing_email_candidates,not_flagged,contact_pages,,,,,,valid=0; invalid=0; risky=0; unknown=0
9865,>30M,bestpersonalinjurylawyers.org,no,,,https://embed.typeform.com/,0,,,no_public_email_found,not_flagged,contact_pages,,,,,,valid=0; invalid=0; risky=0; unknown=0
9866,>30M,airstreamplumbingheating.com,no,,,,0,,airstreamplumbingheating@gmail.com,showing_email_candidates,not_flagged,contact_pages,,,,,,valid=0; invalid=0; risky=0; unknown=0
9867,>30M,tbwfitness.com,no,,,,0,,,no_public_email_found,not_flagged,contact_pages,,,,,,valid=0; invalid=0; risky=0; unknown=0
9868,>30M,teashop.com,no,,,https://47j94pnuatr.typeform.com/,0,,photo_600x600_crop_center@2x.jpg,showing_email_candidates,not_flagged,contact_pages,,,,,,valid=0; invalid=0; risky=0; unknown=0
9869,>30M,wonderlandandcompany.com,no,,,,0,,,no_public_email_found,not_flagged,contact_pages,,,,,,valid=0; invalid=0; risky=0; unknown=0
9870,>30M,eydus.com,yes,,,https://embed.typeform.com/ ; https://francisdortort084038.typeform.com/to/n7UPjQ,0,,,no_public_email_found,not_flagged,contact_pages,,,,,,valid=0; invalid=0; risky=0; unknown=0
9871,>30M,mercor.com,no,,,,0,,support@mercor.com,showing_email_candidates,not_flagged,contact_pages,support@mercor.com,,,,support@mercor.com,valid=0; invalid=0; risky=0; unknown=1
9872,>30M,evanmacguffie.com,no,,,,0,,,no_public_email_found,not_flagged,contact_pages,,,,,,valid=0; invalid=0; risky=0; unknown=0
9873,>30M,westvirginiasocialsecurity.com,no,,,,0,,,no_public_email_found,not_flagged,contact_pages,,,,,,valid=0; invalid=0; risky=0; unknown=0
9874,>30M,yourapex.com,yes,,,https://f7k4nry5f2l.typeform.com/to/WOv0Ib03,0,,,no_public_email_found,not_flagged,contact_pages,,,,,,valid=0; invalid=0; risky=0; unknown=0
9875,>30M,deertechnology.com,no,,,,0,,hello@deertechnology.com,showing_email_candidates,not_flagged,contact_pages,hello@deertechnology.com,hello@deertechnology.com,,,,valid=1; invalid=0; risky=0; unknown=0
9876,>30M,godstown.com,no,,,,0,,,no_public_email_found,not_flagged,contact_pages,,,,,,valid=0; invalid=0; risky=0; unknown=0
9877,>30M,songofstars.com,no,,,,0,,info@songofstars.com,showing_email_candidates,not_flagged,contact_pages,info@songofstars.com,,,,info@songofstars.com,valid=0; invalid=0; risky=0; unknown=1
9878,>30M,lawncaremarketing.com,yes,,,,0,,,no_public_email_found,not_flagged,contact_pages,,,,,,valid=0; invalid=0; risky=0; unknown=0
9879,>30M,thrivemastermind.com,yes,,,https://sparkthrive.typeform.com/to/hC7EAZsC,0,,arrows-1-copy@2x-1-300x80.png ; arrows-1-copy@2x-1.png ; background-copy-2@2x-1-1024x686.png ; background-copy-2@2x-1-1536x1029.png ; background-copy-2@2x-1-300x201.png ; background-copy-2@2x-1-768x514.png ; background-copy-2@2x-1.png ; group-4@2x-1-1024x997.png ; group-4@2x-1-300x292.png ; group-4@2x-1-768x748.png ; group-4@2x-1.png ; group-4@2x-2-1024x997.png ; group-4@2x-2-300x292.png ; group-4@2x-2-768x748.png ; group-4@2x-2.png ; group-4@2x-287x300.png ; group-4@2x-3-1024x997.png ; group-4@2x-3-300x292.png ; group-4@2x-3-768x748.png ; group-4@2x-3.png ; group-4@2x-768x802.png ; group-4@2x-980x1024.png ; group-4@2x.png ; group-6@2x-e1728152853923-1024x826.png ; group-6@2x-e1728152853923-1536x1239.png ; group-6@2x-e1728152853923-300x242.png ; group-6@2x-e1728152853923-768x619.png ; group-6@2x-e1728152853923.png ; growth@2x-300x1024.png ; growth@2x-450x1536.png ; growth@2x-88x300.png ; growth@2x.png ; layer-80@2x-e1728154905323-1181x1536.png ; layer-80@2x-e1728154905323-231x300.png ; layer-80@2x-e1728154905323-768x999.png ; layer-80@2x-e1728154905323-787x1024.png ; layer-80@2x-e1728154905323.png ; layer-82@2x-1117x1536.png ; layer-82@2x-218x300.png ; layer-82@2x-745x1024.png ; layer-82@2x-768x1056.png ; layer-82@2x.png ; layer-83-copy@2x-1-183x300.png ; layer-83-copy@2x-1-625x1024.png ; layer-83-copy@2x-1-768x1259.png ; layer-83-copy@2x-1.png ; layer-83@2x-1138x1536.png ; layer-83@2x-222x300.png ; layer-83@2x-759x1024.png ; layer-83@2x-768x1037.png ; layer-83@2x.png ; splatter-front@2x-1024x1002.png ; splatter-front@2x-1536x1503.png ; splatter-front@2x-300x294.png ; splatter-front@2x-768x752.png ; splatter-front@2x.png ; top-200@2x-1-301x1024.png ; top-200@2x-1-88x300.png ; top-200@2x-1.png ; training@2x-268x1024.png ; training@2x-79x300.png ; training@2x.png ; wealth@2x-310x1024.png ; wealth@2x-465x1536.png ; wealth@2x-91x300.png ; wealth@2x.png,showing_email_candidates,not_flagged,contact_pages,,,,,,valid=0; invalid=0; risky=0; unknown=0
9880,>30M,sueciacaraguascalientes.com,no,,,https://images.typeform.com/,0,,nombre@dominio.com,showing_email_candidates,not_flagged,contact_pages,,,,,,valid=0; invalid=0; risky=0; unknown=0
9881,>30M,prowo-west.de,yes,,,https://brandneo.typeform.com/to/Mc4xyCBo ; https://brandneo.typeform.com/to/QPE4Jm ; https://embed.typeform.com/ ; https://finngutgesell.typeform.com/to/BOUa24 ; https://form.typeform.com/to/Mc4xyCBo,0,,a.smaak@prowo-west.de ; d.dahmen@prowo-west.de ; e.kus@prowo-west.de ; f.abduli@prowo-west.de ; info@prowo-west.de ; j.matic@prowo-west.de ; jn.matic@prowo-west.de ; k.boesing@prowo-west.de ; m.merten@prowo-west.de ; markerclustererplus@4.0.1 ; n.boerner@prowo-west.de ; s.kandil@prowo-west.de ; s.spranger@prowo-west.de ; t.otto@prowo-west.de,showing_email_candidates,not_flagged,contact_pages,info@prowo-west.de,,,,info@prowo-west.de,valid=0; invalid=0; risky=0; unknown=1
9882,>30M,weidezaunprofi-industrieservice.de,no,,,,0,,alpinejs@3.x.x ; weidezaunprofi@t-online.de,showing_email_candidates,not_flagged,contact_pages,,,,,,valid=0; invalid=0; risky=0; unknown=0
9883,>30M,dieselgrossisten.no,yes,,,,0,,,no_public_email_found,not_flagged,contact_pages,,,,,,valid=0; invalid=0; risky=0; unknown=0
9884,>30M,cforlando.github.io,yes,,,https://cmiller407.typeform.com/to/jh2LKo,0,,,no_public_email_found,not_flagged,contact_pages,,,,,,valid=0; invalid=0; risky=0; unknown=0
9885,>30M,silentdis.co,no,,,,0,,info@silentstorm.me,showing_email_candidates,not_flagged,contact_pages,,,,,,valid=0; invalid=0; risky=0; unknown=0
9886,>30M,swimminghippo.co.uk,yes,,,https://admin.typeform.com/ ; https://embed.typeform.com/ ; https://mia388.typeform.com/to/CqG6sY,0,,create@swimminghippo.co.uk,showing_email_candidates,not_flagged,contact_pages,,,,,,valid=0; invalid=0; risky=0; unknown=0
9887,>30M,minetfc.jp,no,,,,0,,,no_public_email_found,not_flagged,contact_pages,,,,,,valid=0; invalid=0; risky=0; unknown=0
9888,>30M,theunitfitness.co.uk,yes,,,https://tuf.typeform.com/to/wTVI03,0,,info@theunitfit.co.uk,showing_email_candidates,not_flagged,contact_pages,,,,,,valid=0; invalid=0; risky=0; unknown=0
9889,>30M,initiativeneuewirtschaft.at,yes,,,https://inw1.typeform.com/to/gIqn1y,0,,ask@bluezebra.at ; hallo@initiativeneuewirtschaft.at,showing_email_candidates,not_flagged,contact_pages,,,,,,valid=0; invalid=0; risky=0; unknown=0
9890,>30M,vdleegtemetaal.nl,no,,,,0,,info@vdleegtemetaal.nl,showing_email_candidates,not_flagged,contact_pages,info@vdleegtemetaal.nl,,,,info@vdleegtemetaal.nl,valid=0; invalid=0; risky=0; unknown=1
9891,>30M,cmit.ca,yes,,,https://lvvr10axwba.typeform.com/to/Buo0V5OV,0,,cmit@meatpoultryon.ca,showing_email_candidates,not_flagged,contact_pages,,,,,,valid=0; invalid=0; risky=0; unknown=0
9892,>30M,adeptus.co.uk,no,,,https://embed.typeform.com/,0,,,no_public_email_found,not_flagged,contact_pages,,,,,,valid=0; invalid=0; risky=0; unknown=0
9893,>30M,cpfontainebleau.ca,no,,,,0,,,no_public_email_found,not_flagged,contact_pages,,,,,,valid=0; invalid=0; risky=0; unknown=0
9894,>30M,recsi-group.fr,yes,,,https://form.typeform.com/to/o2qDvRaD,0,,contact@recsi-group.com,showing_email_candidates,not_flagged,contact_pages,,,,,,valid=0; invalid=0; risky=0; unknown=0
9895,>30M,grp-plasticorr.hu,yes,,,,0,,,no_public_email_found,not_flagged,contact_pages,,,,,,valid=0; invalid=0; risky=0; unknown=0
9896,>30M,yoshiei.co.jp,no,,,,0,,,no_public_email_found,not_flagged,contact_pages,,,,,,valid=0; invalid=0; risky=0; unknown=0
9897,>30M,servicesauxmarchands.ca,yes,,,,0,,,no_public_email_found,not_flagged,contact_pages,,,,,,valid=0; invalid=0; risky=0; unknown=0
9898,>30M,web-passion.fr,no,,,,0,,,no_public_email_found,not_flagged,contact_pages,,,,,,valid=0; invalid=0; risky=0; unknown=0
9899,>30M,village-iraty-biarritz.fr,yes,,,,0,,contact@v-i-b.fr,showing_email_candidates,not_flagged,contact_pages,,,,,,valid=0; invalid=0; risky=0; unknown=0
9900,>30M,killarneyadvertiser.ie,yes,,,https://colin056640.typeform.com/to/JFVnZEls,0,,info@killarneyadvertiser.ie ; sales@killarneyadvertiser.ie,showing_email_candidates,not_flagged,contact_pages,info@killarneyadvertiser.ie ; sales@killarneyadvertiser.ie,,,,info@killarneyadvertiser.ie ; sales@killarneyadvertiser.ie,valid=0; invalid=0; risky=0; unknown=2
9901,>30M,perthwindowcleaningwa.com.au,yes,,,https://embed.typeform.com/ ; https://form.typeform.com/to/V3AFe6rw,0,,,no_public_email_found,not_flagged,contact_pages,,,,,,valid=0; invalid=0; risky=0; unknown=0
9902,>30M,st65.jp,no,,,,0,,,no_public_email_found,not_flagged,contact_pages,,,,,,valid=0; invalid=0; risky=0; unknown=0
9903,>30M,mandurahtrustytowing.com.au,yes,,,https://admin.typeform.com/ ; https://embed.typeform.com/ ; https://form.typeform.com/to/vr7L4MSo,0,,,no_public_email_found,not_flagged,contact_pages,,,,,,valid=0; invalid=0; risky=0; unknown=0
9904,>30M,mandurahlimousines.com.au,yes,,,https://admin.typeform.com/ ; https://embed.typeform.com/ ; https://form.typeform.com/to/VDcicDYs,0,,,no_public_email_found,not_flagged,contact_pages,,,,,,valid=0; invalid=0; risky=0; unknown=0
9905,>30M,centerlineconsulting.eu,no,,,https://embed.typeform.com/,0,,,no_public_email_found,not_flagged,contact_pages,,,,,,valid=0; invalid=0; risky=0; unknown=0
9906,>30M,proxy.gg,no,,,,0,,asset-1@2x.svg ; asset-2@2x.svg ; bww-logo@2x.png ; group-9@1x.svg ; grubhub-logo--1-@2x.png ; hello@proxy.gg ; layer-2@2x.svg ; line-1@1x.svg ; logo-footer-1@2x.svg ; nike-logo--1-@2x.png ; nzxt-logo@2x.png ; red-bull@2x.svg ; riot-games-logo@2x.png ; snickers@2x.svg ; verizon-logo@2x.png ; your-proxy-to-the-digital-world-@2x.svg,showing_email_candidates,not_flagged,contact_pages,hello@proxy.gg,hello@proxy.gg,,,,valid=1; invalid=0; risky=0; unknown=0
9907,>30M,novamut.fr,yes,,,https://novamut.typeform.com/to/ZUVyxC0x,0,,reclamation@novamut.fr,showing_email_candidates,not_flagged,contact_pages,,,,,,valid=0; invalid=0; risky=0; unknown=0
9908,>30M,karosstravel.co.za,yes,,,https://form.typeform.com/to/eqV2j5rQ,0,,info@karosstravel.co.za,showing_email_candidates,not_flagged,contact_pages,info@karosstravel.co.za,,,,info@karosstravel.co.za,valid=0; invalid=0; risky=0; unknown=1
9909,>30M,zorgelooschscheiden.nl,no,,,,0,,contact@zorgeloosch.nl,showing_email_candidates,not_flagged,contact_pages,,,,,,valid=0; invalid=0; risky=0; unknown=0
9910,>30M,almawaddah.org.sa,yes,,,,0,,,no_public_email_found,not_flagged,contact_pages,,,,,,valid=0; invalid=0; risky=0; unknown=0
9911,>30M,whitehead.ind.br,yes,,,,0,,,no_public_email_found,not_flagged,contact_pages,,,,,,valid=0; invalid=0; risky=0; unknown=0
9912,>30M,recotech.co.jp,yes,,,,0,,you@company.co.jp ; you@example.com,showing_email_candidates,not_flagged,contact_pages,,,,,,valid=0; invalid=0; risky=0; unknown=0
9913,>30M,ishitake.co.jp,no,,,,0,,,no_public_email_found,not_flagged,contact_pages,,,,,,valid=0; invalid=0; risky=0; unknown=0
9914,>30M,faires-lager.ch,yes,,,https://sajv.typeform.com/to/lJm8RI3t,0,,hey@augenweide.swiss ; info@faires-lager.ch,showing_email_candidates,not_flagged,contact_pages,info@faires-lager.ch,,,,info@faires-lager.ch,valid=0; invalid=0; risky=0; unknown=1
9915,>30M,mirai.ventures,no,,,,0,,bootstrap@5.3.3,showing_email_candidates,not_flagged,contact_pages,,,,,,valid=0; invalid=0; risky=0; unknown=0
9916,>30M,fuchsfabrik.at,no,,,,0,,,no_public_email_found,not_flagged,contact_pages,,,,,,valid=0; invalid=0; risky=0; unknown=0
9917,>30M,internet-marketing-liga.de,no,,,https://www.typeform.com/,0,,,no_public_email_found,not_flagged,contact_pages,,,,,,valid=0; invalid=0; risky=0; unknown=0
9918,>30M,camba-ramen.be,no,,,,0,,info@camba-ramen.be,showing_email_candidates,not_flagged,contact_pages,info@camba-ramen.be,,,,info@camba-ramen.be,valid=0; invalid=0; risky=0; unknown=1
9919,>30M,instinct-fenetres.fr,no,,,,0,,,no_public_email_found,not_flagged,contact_pages,,,,,,valid=0; invalid=0; risky=0; unknown=0
9920,>30M,piscinacesenatico.it,yes,,,,0,,,no_public_email_found,not_flagged,contact_pages,,,,,,valid=0; invalid=0; risky=0; unknown=0
9921,>30M,did.dev,no,,,,0,,anapbm@gmail.com ; team@latofonts.com,showing_email_candidates,not_flagged,contact_pages,,,,,,valid=0; invalid=0; risky=0; unknown=0
9922,>30M,est88.co.jp,no,,,,0,,,no_public_email_found,not_flagged,contact_pages,,,,,,valid=0; invalid=0; risky=0; unknown=0
9923,>30M,etc-electricite-haut-rhin.fr,no,,,,0,,,no_public_email_found,not_flagged,contact_pages,,,,,,valid=0; invalid=0; risky=0; unknown=0
9924,>30M,lacompagniadeibirichini.it,no,,,,0,,,no_public_email_found,not_flagged,contact_pages,,,,,,valid=0; invalid=0; risky=0; unknown=0
9925,>30M,paymetrics.io,no,,,,0,,support@paymetrics.io ; you@company.com,showing_email_candidates,not_flagged,contact_pages,support@paymetrics.io,,,,support@paymetrics.io,valid=0; invalid=0; risky=0; unknown=1
9926,>30M,gruene-bag-kultur.de,yes,,,https://gruenede.typeform.com/to/EDQOJSJK,0,,6c9c5641-a9d8-4146-a290-0d956abb9ed2@getmailspring.com ; adrienne.goehler@berlin.de ; ankedoersam@gmail.com ; bag.kultur@gruene.de ; bag_kultur@gruene.social ; christopher-peter@gmx.de ; dorothee.richter@zhdk.ch ; hi@jens-herrndorff.de ; jens.mysliwietz@gruene-bremen.de ; katharinawolfrum@zoho.com ; knipping@mac.com ; kontakt@hasenoderbein.de ; m@mueller-moritz.de ; michael.hack@hmwk.hessen.de ; r.bode@muenster.de ; rike.v.kleef@gruene-xhain.de ; s.litzel@chb.de ; stefan.zednik@fzfilm.de ; tabitha.elkins777@yahoo.com,showing_email_candidates,not_flagged,contact_pages,,,,,,valid=0; invalid=0; risky=0; unknown=0
9927,>30M,ksl-nrw.de,yes,,,,0,,,no_public_email_found,not_flagged,contact_pages,,,,,,valid=0; invalid=0; risky=0; unknown=0
9928,>30M,lco.co.uk,yes,,,https://embed.typeform.com/ ; https://form.typeform.com/to/lcpO8ye5,0,,your@email.com,showing_email_candidates,not_flagged,contact_pages,,,,,,valid=0; invalid=0; risky=0; unknown=0
9929,>30M,dennisjantsch.de,yes,,,https://dennisjantsch.typeform.com/to/ROkBDmZh,0,,info@dennisjantsch.de,showing_email_candidates,not_flagged,contact_pages,info@dennisjantsch.de,,,,info@dennisjantsch.de,valid=0; invalid=0; risky=0; unknown=1
9930,>30M,vdlweweler.nl,no,,,,0,,,no_public_email_found,not_flagged,contact_pages,,,,,,valid=0; invalid=0; risky=0; unknown=0
9931,>30M,tobitalent.nl,no,,,,0,,info@tobitalent.nl ; laura@tobitalent.nl,showing_email_candidates,not_flagged,contact_pages,info@tobitalent.nl,,,,info@tobitalent.nl,valid=0; invalid=0; risky=0; unknown=1
9932,>30M,jamesburnscreative.co.uk,yes,,,,0,,,no_public_email_found,not_flagged,contact_pages,,,,,,valid=0; invalid=0; risky=0; unknown=0
9933,>30M,ubuntuschool.nl,yes,,,https://e5lk606xjkt.typeform.com/to/A4ExUTjZ,0,,erictenhagen@gmail.com ; jannekesauer@degrondsteen.nl,showing_email_candidates,not_flagged,contact_pages,,,,,,valid=0; invalid=0; risky=0; unknown=0
9934,>30M,bundesanwaltschaft.ch,no,,,,0,,,no_public_email_found,not_flagged,contact_pages,,,,,,valid=0; invalid=0; risky=0; unknown=0
9935,>30M,steadyhands.co.uk,yes,,,https://embed.typeform.com/ ; https://wayfresh.typeform.com/to/KAzT6w,0,,bootstrap@5.2.3,showing_email_candidates,not_flagged,contact_pages,,,,,,valid=0; invalid=0; risky=0; unknown=0
9936,>30M,fliesen-hecht.de,no,,,,0,,info@fliesen-hecht.de,showing_email_candidates,not_flagged,contact_pages,info@fliesen-hecht.de,,,,info@fliesen-hecht.de,valid=0; invalid=0; risky=0; unknown=1
9937,>30M,savsjoslapet.se,no,,,,0,,info@savsjoslapet.se,showing_email_candidates,not_flagged,contact_pages,info@savsjoslapet.se,,,,info@savsjoslapet.se,valid=0; invalid=0; risky=0; unknown=1
9938,>30M,sognnaring.no,yes,,,https://t71y4me2kmx.typeform.com/to/ijyKiTkG,0,,post@sognnaring.no,showing_email_candidates,not_flagged,contact_pages,,,,,,valid=0; invalid=0; risky=0; unknown=0
9939,>30M,keyenvirosolutions.co.uk,no,,,,0,,caitlan@keyenvirosolutions.co.uk ; fernando@keyenvirosolutions.co.uk ; hospitality-winner@2x.png ; inclusionanddiversity@2x.png ; kelogoelement@2x-1024x1024.png ; kim@keyenvirosolutions.co.uk ; maddie@keyenvirosolutions.co.uk ; marino@keyenvirosolutions.co.uk ; mauricio@keyenvirosolutions.co.uk ; neil@keyenvirosolutions.co.uk ; patricia@keyenvirosolutions.co.uk ; paul@keyenvirosolutions.co.uk ; service@keyenvirosolutions.com ; small-business-winner@2x.png ; supervisor-of-the-year@2x.png ; tiffany@keyenvirosolutions.co.uk ; trainingfinalist@2x.png,showing_email_candidates,not_flagged,contact_pages,,,,,,valid=0; invalid=0; risky=0; unknown=0
9940,>30M,caremedia.web.id,no,,,,0,,,no_public_email_found,not_flagged,contact_pages,,,,,,valid=0; invalid=0; risky=0; unknown=0
9941,>30M,werkenbijmobilee.nl,yes,,,https://form.typeform.com/to/VyK1Yi,0,,info@mobilee.nl ; samira.bouhadou@mobilee.nl,showing_email_candidates,not_flagged,contact_pages,,,,,,valid=0; invalid=0; risky=0; unknown=0
9942,>30M,masaze-javier.sk,no,,,,0,,info@masaze-javier.sk,showing_email_candidates,not_flagged,contact_pages,info@masaze-javier.sk,,,,info@masaze-javier.sk,valid=0; invalid=0; risky=0; unknown=1
9943,>30M,barcelonacodeschool.com,no,,,,0,,office@barcelonacodeschool.com,showing_email_candidates,not_flagged,contact_pages,office@barcelonacodeschool.com,,,,office@barcelonacodeschool.com,valid=0; invalid=0; risky=0; unknown=1
9944,>30M,clockhazard.jp,yes,,,,0,,,no_public_email_found,not_flagged,contact_pages,,,,,,valid=0; invalid=0; risky=0; unknown=0
9945,>30M,roemerholz.ch,no,,,,0,,nsor@bak.admin.ch ; sor@bak.admin.ch,showing_email_candidates,not_flagged,contact_pages,,,,,,valid=0; invalid=0; risky=0; unknown=0
9946,>30M,museo-vela.ch,no,,,,0,,,no_public_email_found,not_flagged,contact_pages,,,,,,valid=0; invalid=0; risky=0; unknown=0
9947,>30M,vetclinicmarketing.com,yes,,,,0,,,no_public_email_found,not_flagged,contact_pages,,,,,,valid=0; invalid=0; risky=0; unknown=0
9948,>30M,hayatulislam.net,no,,,,0,,,no_public_email_found,not_flagged,contact_pages,,,,,,valid=0; invalid=0; risky=0; unknown=0
9949,>30M,saschatucker.co.uk,yes,,,https://form.typeform.com/to/AWI9NKWv,0,,,no_public_email_found,not_flagged,contact_pages,,,,,,valid=0; invalid=0; risky=0; unknown=0
9950,>30M,ecolefondamentalelibredechenee.be,no,,,,0,,secretariat@efplchenee.be,showing_email_candidates,not_flagged,contact_pages,,,,,,valid=0; invalid=0; risky=0; unknown=0
9951,>30M,zenklub.com.br,no,,,,0,,,no_public_email_found,not_flagged,contact_pages,,,,,,valid=0; invalid=0; risky=0; unknown=0
9952,>30M,kaartspelpatience.nl,yes,,,https://embed.typeform.com/ ; https://form.typeform.com/to/jXleNKMD,0,,,no_public_email_found,not_flagged,contact_pages,,,,,,valid=0; invalid=0; risky=0; unknown=0
9953,>30M,wp.cr,yes,,,https://jeffry463600.typeform.com/to/CVpw7r,0,,info@wp.cr,showing_email_candidates,not_flagged,contact_pages,info@wp.cr,,,,info@wp.cr,valid=0; invalid=0; risky=0; unknown=1
9954,>30M,topform.cc,no,,,,0,,,no_public_email_found,not_flagged,contact_pages,,,,,,valid=0; invalid=0; risky=0; unknown=0
9955,>30M,thegrannyflatco.com.au,no,,,,0,,,no_public_email_found,not_flagged,contact_pages,,,,,,valid=0; invalid=0; risky=0; unknown=0
9956,>30M,thatredhead.me,yes,,,https://embed.typeform.com/ ; https://rebeccawritz.typeform.com/to/OnGT0o,0,,,no_public_email_found,not_flagged,contact_pages,,,,,,valid=0; invalid=0; risky=0; unknown=0
9957,>30M,outsprint.io,yes,,,,0,,,no_public_email_found,not_flagged,contact_pages,,,,,,valid=0; invalid=0; risky=0; unknown=0
9958,>30M,holistik.nl,no,,,https://oumrwp2yqbe.typeform.com/,0,,aos@2.3.4 ; info@holistik.nl ; lenis@1.3.4,showing_email_candidates,not_flagged,contact_pages,info@holistik.nl,,,,info@holistik.nl,valid=0; invalid=0; risky=0; unknown=1
9959,>30M,peopleintl.org.uk,yes,,,,0,,,no_public_email_found,not_flagged,contact_pages,,,,,,valid=0; invalid=0; risky=0; unknown=0
9960,>30M,allex.jp,no,,,,0,,,no_public_email_found,not_flagged,contact_pages,,,,,,valid=0; invalid=0; risky=0; unknown=0
9961,>30M,roguecreatives.com,no,,,,0,,cara@wundermarx.com ; hello@roguecreatives.com,showing_email_candidates,not_flagged,contact_pages,hello@roguecreatives.com,hello@roguecreatives.com,,,,valid=1; invalid=0; risky=0; unknown=0
9962,>30M,davia.com.br,no,,,,0,,contato@daviacomunicacao.com.br,showing_email_candidates,not_flagged,contact_pages,,,,,,valid=0; invalid=0; risky=0; unknown=0
9963,>30M,miweb.gratis,no,,,,0,,,no_public_email_found,not_flagged,contact_pages,,,,,,valid=0; invalid=0; risky=0; unknown=0
9964,>30M,hughbaird.ac.uk,yes,,,https://hughb.typeform.com/to/NbW8hS6e ; https://hughb.typeform.com/to/RS0bMaSH,0,,enquiries@hughbaird.ac.uk ; enquiries@seftonsixth.ac.uk ; thorntoncollege@hughbaird.ac.uk,showing_email_candidates,not_flagged,contact_pages,enquiries@hughbaird.ac.uk,enquiries@hughbaird.ac.uk,,,,valid=1; invalid=0; risky=0; unknown=0
9965,>30M,alfapanel24.pl,yes,,,https://embed.typeform.com/ ; https://form.typeform.com/to/PUdd32g1,0,,biuro1@alfapanel.pl,showing_email_candidates,not_flagged,contact_pages,,,,,,valid=0; invalid=0; risky=0; unknown=0
9966,>30M,parkorchardsfc.com.au,yes,,,,0,,onfieldoperations@parkorchardsfc.com.au ; president@parkorchardsfc.com.au ; womenssport@parkorchardsfc.com.au,showing_email_candidates,not_flagged,contact_pages,,,,,,valid=0; invalid=0; risky=0; unknown=0
9967,>30M,inkformation.co.uk,no,,,,0,,,no_public_email_found,not_flagged,contact_pages,,,,,,valid=0; invalid=0; risky=0; unknown=0
9968,>30M,victron.fi,no,,,,0,,,no_public_email_found,not_flagged,contact_pages,,,,,,valid=0; invalid=0; risky=0; unknown=0
9969,>30M,s-ambi.jp,no,,,,0,,,no_public_email_found,not_flagged,contact_pages,,,,,,valid=0; invalid=0; risky=0; unknown=0
9970,>30M,sgscuba.com.sg,yes,,,,0,,,no_public_email_found,not_flagged,contact_pages,,,,,,valid=0; invalid=0; risky=0; unknown=0
9971,>30M,ec2-54-236-87-188.compute-1.amazonaws.com,no,,,,0,,,no_public_email_found,not_flagged,contact_pages,,,,,,valid=0; invalid=0; risky=0; unknown=0
9972,>30M,drankrugzak.nl,yes,,,https://mobiledrinks.typeform.com/to/O9tEu6cl,0,,info@drankrugzak.nl,showing_email_candidates,not_flagged,contact_pages,info@drankrugzak.nl,,,,info@drankrugzak.nl,valid=0; invalid=0; risky=0; unknown=1
9973,>30M,monicanicole.me,yes,,,https://form.typeform.com/to/aLLvDPQF,0,,info@monicanicole.me,showing_email_candidates,not_flagged,contact_pages,info@monicanicole.me,,,,info@monicanicole.me,valid=0; invalid=0; risky=0; unknown=1
9974,>30M,ryagas.me,no,,,,0,,,no_public_email_found,not_flagged,contact_pages,,,,,,valid=0; invalid=0; risky=0; unknown=0
9975,>30M,magic.partners,no,,,,0,,,no_public_email_found,not_flagged,contact_pages,,,,,,valid=0; invalid=0; risky=0; unknown=0
9976,>30M,icreate.io,no,,,,0,,,no_public_email_found,not_flagged,contact_pages,,,,,,valid=0; invalid=0; risky=0; unknown=0
9977,>30M,lintels.co.uk,no,,,,0,,,no_public_email_found,not_flagged,contact_pages,,,,,,valid=0; invalid=0; risky=0; unknown=0
9978,>30M,visitlaagen.no,yes,,,https://agensco.typeform.com/to/alYdzuKv,0,,post@visitlaagen.no,showing_email_candidates,not_flagged,contact_pages,,,,,,valid=0; invalid=0; risky=0; unknown=0
9979,>30M,daynet.co.jp,no,,,,0,,,no_public_email_found,not_flagged,contact_pages,,,,,,valid=0; invalid=0; risky=0; unknown=0
9980,>30M,hubicar.fr,yes,,,,0,,,no_public_email_found,not_flagged,contact_pages,,,,,,valid=0; invalid=0; risky=0; unknown=0
9981,>30M,longlife.co.jp,no,,,,0,,,no_public_email_found,not_flagged,contact_pages,,,,,,valid=0; invalid=0; risky=0; unknown=0
9982,>30M,viralvideo.club,yes,,,https://form.typeform.com/to/pxARLTlk,0,,help@startupgrowthtips.io ; info@viralvideoclub.com ; lenis@1.2.3,showing_email_candidates,not_flagged,contact_pages,,,,,,valid=0; invalid=0; risky=0; unknown=0
9983,>30M,sporting87fc.co.uk,yes,,,https://embed.typeform.com/ ; https://wayfresh.typeform.com/to/qYo61364,0,,popper.js@1.16.0,showing_email_candidates,not_flagged,contact_pages,,,,,,valid=0; invalid=0; risky=0; unknown=0
9984,>30M,hopskipmedia.com,yes,,,,0,,,no_public_email_found,not_flagged,contact_pages,,,,,,valid=0; invalid=0; risky=0; unknown=0
9985,>30M,moedernatuurlijk.nl,yes,,,https://3aj36cuo509.typeform.com/to/T9tNbq9y,0,,,no_public_email_found,not_flagged,contact_pages,,,,,,valid=0; invalid=0; risky=0; unknown=0
9986,>30M,blokkebukta-camping.no,yes,,,https://blokkebukta.typeform.com/to/H3WEru ; https://blokkebukta.typeform.com/to/OaxUsi,0,,,no_public_email_found,not_flagged,contact_pages,,,,,,valid=0; invalid=0; risky=0; unknown=0
9987,>30M,smartdry.co.uk,yes,,,https://vochtbestrijding.typeform.com/to/bsvass,0,,info@smartdry.co.uk,showing_email_candidates,not_flagged,contact_pages,info@smartdry.co.uk,,,,info@smartdry.co.uk,valid=0; invalid=0; risky=0; unknown=1
9988,>30M,palmblack.co.za,yes,,,https://palmblacktattooco.pro.typeform.com/to/o9OKa9Lk ; https://palmblacktattooco.typeform.com/to/o9OKa9Lk,0,,raoul@palmblack.co.za,showing_email_candidates,not_flagged,contact_pages,,,,,,valid=0; invalid=0; risky=0; unknown=0
9989,>30M,tapas-y-copas.de,no,,,,0,,info@tapas-y-copas.de,showing_email_candidates,not_flagged,contact_pages,info@tapas-y-copas.de,,,,info@tapas-y-copas.de,valid=0; invalid=0; risky=0; unknown=1
9990,>30M,vdlpostma.nl,no,,,,0,,info@vdlpostma.nl ; naam@bedrijf.nl,showing_email_candidates,not_flagged,contact_pages,info@vdlpostma.nl,,,,info@vdlpostma.nl,valid=0; invalid=0; risky=0; unknown=1
9991,>30M,detrip.eu,no,,,,0,,chosen-sprite@2x.png ; info@detrip.eu,showing_email_candidates,not_flagged,contact_pages,info@detrip.eu,,,,info@detrip.eu,valid=0; invalid=0; risky=0; unknown=1
9992,>30M,eidenberger-moebel.at,no,,,,0,,office@eidenberger-moebel.at,showing_email_candidates,not_flagged,contact_pages,office@eidenberger-moebel.at,,,,office@eidenberger-moebel.at,valid=0; invalid=0; risky=0; unknown=1
9993,>30M,escoladeltreball.cat,yes,,,,0,,,no_public_email_found,not_flagged,contact_pages,,,,,,valid=0; invalid=0; risky=0; unknown=0
9994,>30M,ultra.vc,yes,,,https://ultravc.typeform.com/to/AfC07yhu,0,,alena@ultra.vc ; alexander-large@2x.webp ; andrei.isachanka@ultra.vc ; christophe-large@2x.webp ; eugene@2x.webp ; eugene@ultra.vc ; fitwise-large@2x.webp ; fitwise-small@2x.webp ; giftd-large@2x.webp ; giftd-small@2x.webp ; hannah-large@2x.webp ; hello@ultra.vc ; karina@ultra.vc ; kate@ultra.vc ; kris-large@2x.webp ; nikita@2x.webp ; nikita@ultra.vc ; peter@2x.webp ; peter@ultra.vc ; stan@2x.webp ; stan@ultra.vc ; yung-large@2x.webp ; yung-small@2x.webp ; yury@ultra.vc,showing_email_candidates,not_flagged,contact_pages,hello@ultra.vc,hello@ultra.vc,,,,valid=1; invalid=0; risky=0; unknown=0
9995,>30M,d8.io,yes,,,,0,,,no_public_email_found,not_flagged,contact_pages,,,,,,valid=0; invalid=0; risky=0; unknown=0
9996,>30M,rwc.edu,no,,,,0,,,no_public_email_found,not_flagged,contact_pages,,,,,,valid=0; invalid=0; risky=0; unknown=0
9997,>30M,geek.vc,yes,,,https://form.typeform.com/to/YnYtiJ2k,0,,info@geek.vc,showing_email_candidates,not_flagged,contact_pages,info@geek.vc,,,,info@geek.vc,valid=0; invalid=0; risky=0; unknown=1
9998,>30M,ggs.vc,yes,,,https://form.typeform.com/to/TlIh41KA ; https://form.typeform.com/to/uftWnIyX,0,,,no_public_email_found,not_flagged,contact_pages,,,,,,valid=0; invalid=0; risky=0; unknown=0
9999,>30M,asu.vc,no,,,,0,,,no_public_email_found,not_flagged,contact_pages,,,,,,valid=0; invalid=0; risky=0; unknown=0
10000,>30M,yup.io,yes,,,https://yupio.typeform.com/to/lXQyUc5e,0,,community@yup.io,showing_email_candidates,not_flagged,contact_pages,,,,,,valid=0; invalid=0; risky=0; unknown=0
