position,publicwww_rank,domain,typeform_indexed_match,indexed_typeform_urls,typeform_form_urls,combined_typeform_urls,publicwww_email_candidate_count,publicwww_email_candidates,combined_email_candidates,email_visibility,corporate_status,scan_mode,verification_eligible_emails,valid_emails,invalid_emails,risky_emails,unknown_emails,verification_summary
10001,>30M,cargo.co,yes,,,https://cargoproducts.typeform.com/ ; https://cargoproducts.typeform.com/to/HdMXskXg,0,,,no_public_email_found,not_flagged,contact_pages,,,,,,valid=0; invalid=0; risky=0; unknown=0
10002,>30M,entrepreneur.vc,yes,,,https://form.typeform.com/to/aSvEO43W,0,,,no_public_email_found,not_flagged,contact_pages,,,,,,valid=0; invalid=0; risky=0; unknown=0
10003,>30M,shown.io,no,,,,0,,aos@2.3.1 ; contact@shown.io ; john.doe@mail.com,showing_email_candidates,not_flagged,contact_pages,contact@shown.io,contact@shown.io,,,,valid=1; invalid=0; risky=0; unknown=0
10004,>30M,mush.pt,yes,,,https://e8fevzfuf0z.typeform.com/to/cErSHHLu,0,,hello@mush.pt,showing_email_candidates,not_flagged,contact_pages,hello@mush.pt,hello@mush.pt,,,,valid=1; invalid=0; risky=0; unknown=0
10005,>30M,guard.io,no,,,,0,,jon@gmail.com ; s@yahoo.com ; smith@gmail.com,showing_email_candidates,not_flagged,contact_pages,,,,,,valid=0; invalid=0; risky=0; unknown=0
10006,>30M,bill.pro,no,,,,0,,swiper@8.4.7,showing_email_candidates,not_flagged,contact_pages,,,,,,valid=0; invalid=0; risky=0; unknown=0
10007,>30M,leaf.my,no,,,,0,,,no_public_email_found,not_flagged,contact_pages,,,,,,valid=0; invalid=0; risky=0; unknown=0
10008,>30M,vids.agency,yes,,,https://cfhz8t6565y.typeform.com/to/KzyQ34mi,0,,slick-carousel@1.8.1,showing_email_candidates,not_flagged,contact_pages,,,,,,valid=0; invalid=0; risky=0; unknown=0
10009,>30M,uvg.si,no,,,,0,,info@uvg.si,showing_email_candidates,not_flagged,contact_pages,info@uvg.si,,,,info@uvg.si,valid=0; invalid=0; risky=0; unknown=1
10010,>30M,lob.ee,no,,,,0,,,no_public_email_found,not_flagged,contact_pages,,,,,,valid=0; invalid=0; risky=0; unknown=0
10011,>30M,things.ee,no,,,https://embed.typeform.com/,0,,hello@things.info,showing_email_candidates,not_flagged,contact_pages,,,,,,valid=0; invalid=0; risky=0; unknown=0
10012,>30M,electricgallery.co.uk,no,,,,0,,returns@electricgallery.co.uk ; submissions@electricgallery.co.uk ; support@electricgallery.co.uk,showing_email_candidates,not_flagged,contact_pages,support@electricgallery.co.uk,,,,support@electricgallery.co.uk,valid=0; invalid=0; risky=0; unknown=1
10013,>30M,plot.so,no,,,https://plotworkspace.typeform.com/,0,,lenis@1.3.1,showing_email_candidates,not_flagged,contact_pages,,,,,,valid=0; invalid=0; risky=0; unknown=0
10014,>30M,sled.so,no,,,,0,,hi@sled.so ; hi@snowboard.software,showing_email_candidates,not_flagged,contact_pages,,,,,,valid=0; invalid=0; risky=0; unknown=0
10015,>30M,prophix.co.uk,no,,,,0,,,no_public_email_found,not_flagged,contact_pages,,,,,,valid=0; invalid=0; risky=0; unknown=0
10016,>30M,stevegibsonconsulting.co.uk,yes,,,https://steve428207.typeform.com/to/SByC2tRu,0,,,no_public_email_found,not_flagged,contact_pages,,,,,,valid=0; invalid=0; risky=0; unknown=0
10017,>30M,tion.co.uk,no,,,,0,,support@tion.co.uk,showing_email_candidates,not_flagged,contact_pages,support@tion.co.uk,,,,support@tion.co.uk,valid=0; invalid=0; risky=0; unknown=1
10018,>30M,saddlesdirect.co.uk,no,,,https://saddlesdirect.typeform.com/,0,,customerservice@saddlesdirect.co.uk,showing_email_candidates,not_flagged,contact_pages,customerservice@saddlesdirect.co.uk,customerservice@saddlesdirect.co.uk,,,,valid=1; invalid=0; risky=0; unknown=0
10019,>30M,coastal.construction,yes,,,https://coastalconstruction.typeform.com/to/jQ8WeL ; https://embed.typeform.com/,0,,hello@coastal.construction,showing_email_candidates,not_flagged,contact_pages,hello@coastal.construction,,hello@coastal.construction,,,valid=0; invalid=1; risky=0; unknown=0
10020,>30M,upgrade.fr,yes,,,,0,,adresse@mail.com ; draft.studio@upgrade.fr,showing_email_candidates,not_flagged,contact_pages,,,,,,valid=0; invalid=0; risky=0; unknown=0
10021,>30M,alt.jp,no,,,,0,,,no_public_email_found,not_flagged,contact_pages,,,,,,valid=0; invalid=0; risky=0; unknown=0
10022,>30M,phl.limo,no,,,,0,,example@email.com,showing_email_candidates,not_flagged,contact_pages,,,,,,valid=0; invalid=0; risky=0; unknown=0
10023,>30M,dma.it,no,,,,0,,,no_public_email_found,not_flagged,contact_pages,,,,,,valid=0; invalid=0; risky=0; unknown=0
10024,>30M,loom.club,no,,,https://fdwpdmr3jy6.typeform.com/,0,,,no_public_email_found,not_flagged,contact_pages,,,,,,valid=0; invalid=0; risky=0; unknown=0
10025,>30M,yeti.marketing,no,,,,0,,hi@yeti.marketing,showing_email_candidates,not_flagged,contact_pages,,,,,,valid=0; invalid=0; risky=0; unknown=0
10026,>30M,haul.club,no,,,https://images.typeform.com/,0,,bootstrap@5.1.0,showing_email_candidates,not_flagged,contact_pages,,,,,,valid=0; invalid=0; risky=0; unknown=0
10027,>30M,filing.cab,no,,,,0,,,no_public_email_found,not_flagged,contact_pages,,,,,,valid=0; invalid=0; risky=0; unknown=0
10028,>30M,glia.kr,no,,,,0,,mohmind015@gmail.com,showing_email_candidates,not_flagged,contact_pages,,,,,,valid=0; invalid=0; risky=0; unknown=0
10029,>30M,orlando.md,no,,,,0,,,no_public_email_found,not_flagged,contact_pages,,,,,,valid=0; invalid=0; risky=0; unknown=0
10030,>30M,veb.link,no,,,,0,,,no_public_email_found,not_flagged,contact_pages,,,,,,valid=0; invalid=0; risky=0; unknown=0
10031,>30M,alls.link,no,,,,0,,info@alls.link,showing_email_candidates,not_flagged,contact_pages,info@alls.link,,,,info@alls.link,valid=0; invalid=0; risky=0; unknown=1
10032,>30M,ivtturku.fi,no,,,,0,,,no_public_email_found,not_flagged,contact_pages,,,,,,valid=0; invalid=0; risky=0; unknown=0
10033,>30M,new.tn,no,,,,0,,,no_public_email_found,not_flagged,contact_pages,,,,,,valid=0; invalid=0; risky=0; unknown=0
10034,>30M,professional.ch,no,,,,0,,8820d8cf46bcadc469c79814be06b699@o408736.ingest.sentry.io ; angela.angst@professional.ch ; cem.bestas@yousty.ch ; community@professional.ch ; fabian.wolf@professional.ch ; gezim.gashi@professional.ch ; leona.vladi@yousty.ch ; pascal.fleischhacker@professional.ch ; qendrim.elmazi@yousty.ch ; rahel.rakeseder@professional.ch ; stephan.bachmann@yousty.ch ; stephan.weder@professional.ch ; urs.casty@yousty.ch ; vanessa.lanter@professional.ch ; vebi.zekiri@professional.ch,showing_email_candidates,not_flagged,contact_pages,,,,,,valid=0; invalid=0; risky=0; unknown=0
10035,>30M,dir.im,no,,,,0,,,no_public_email_found,not_flagged,contact_pages,,,,,,valid=0; invalid=0; risky=0; unknown=0
10036,>30M,cycling.im,no,,,,0,,,no_public_email_found,not_flagged,contact_pages,,,,,,valid=0; invalid=0; risky=0; unknown=0
10037,>30M,cdn.ch,no,,,,0,,cdn@nb.admin.ch,showing_email_candidates,not_flagged,contact_pages,,,,,,valid=0; invalid=0; risky=0; unknown=0
10038,>30M,bit.ai,no,,,,0,,,no_public_email_found,not_flagged,contact_pages,,,,,,valid=0; invalid=0; risky=0; unknown=0
10039,>30M,neural.ai,yes,,,,0,,,no_public_email_found,not_flagged,contact_pages,,,,,,valid=0; invalid=0; risky=0; unknown=0
10040,>30M,nemetnyaritabor.hu,yes,,,https://dartmoor.typeform.com/to/ErMKDohu,0,,info@nemetnyaritabor.hu,showing_email_candidates,not_flagged,contact_pages,info@nemetnyaritabor.hu,,,,info@nemetnyaritabor.hu,valid=0; invalid=0; risky=0; unknown=1
10041,>30M,conceptnorthern.co.uk,no,,,,0,,educationsupport@tohealthltd.co.uk ; info@conceptnorthern.co.uk ; quotes@conceptnorthern.co.uk ; sales@conceptnorthern.co.uk ; support@conceptnorthern.co.uk ; techsupport@tohealthltd.co.uk,showing_email_candidates,not_flagged,contact_pages,info@conceptnorthern.co.uk ; sales@conceptnorthern.co.uk ; support@conceptnorthern.co.uk,,,,info@conceptnorthern.co.uk ; sales@conceptnorthern.co.uk ; support@conceptnorthern.co.uk,valid=0; invalid=0; risky=0; unknown=3
10042,>30M,sbm-inc.co.jp,no,,,,0,,,no_public_email_found,not_flagged,contact_pages,,,,,,valid=0; invalid=0; risky=0; unknown=0
10043,>30M,pony-express-torino.com,no,,,,0,,,no_public_email_found,not_flagged,contact_pages,,,,,,valid=0; invalid=0; risky=0; unknown=0
10044,>30M,kinesiologyperthwa.com.au,yes,,,https://admin.typeform.com/ ; https://embed.typeform.com/ ; https://form.typeform.com/to/dOcg13on,0,,,no_public_email_found,not_flagged,contact_pages,,,,,,valid=0; invalid=0; risky=0; unknown=0
10045,>30M,dainihonpacks.co.jp,no,,,,0,,,no_public_email_found,not_flagged,contact_pages,,,,,,valid=0; invalid=0; risky=0; unknown=0
10046,>30M,mama.codes,no,,,https://mama-codes.typeform.com/,0,,hello@jaycollett.co ; hello@mama.codes,showing_email_candidates,not_flagged,contact_pages,hello@mama.codes,hello@mama.codes,,,,valid=1; invalid=0; risky=0; unknown=0
10047,>30M,sansankanmiki.jp,no,,,,0,,,no_public_email_found,not_flagged,contact_pages,,,,,,valid=0; invalid=0; risky=0; unknown=0
10048,>30M,amybell.com.au,yes,,,https://d7lt6z8ju9a.typeform.com/to/fBx7UVsO,0,,amy@amybell.com.au,showing_email_candidates,not_flagged,contact_pages,,,,,,valid=0; invalid=0; risky=0; unknown=0
10049,>30M,mca-groupe.com,no,,,https://embed.typeform.com/,0,,,no_public_email_found,not_flagged,contact_pages,,,,,,valid=0; invalid=0; risky=0; unknown=0
10050,>30M,zepartner.com,yes,,,,0,,contact@zepartner.com,showing_email_candidates,not_flagged,contact_pages,contact@zepartner.com,contact@zepartner.com,,,,valid=1; invalid=0; risky=0; unknown=0
10051,>30M,pubblilaser.it,yes,,,,0,,,no_public_email_found,not_flagged,contact_pages,,,,,,valid=0; invalid=0; risky=0; unknown=0
10052,>30M,drywallrepairokc.com,yes,,,,0,,,no_public_email_found,not_flagged,contact_pages,,,,,,valid=0; invalid=0; risky=0; unknown=0
10053,>30M,datenrecht.ch,no,,,,0,,,no_public_email_found,not_flagged,contact_pages,,,,,,valid=0; invalid=0; risky=0; unknown=0
10054,>30M,alfaconsulenza.it,no,,,,0,,,no_public_email_found,not_flagged,contact_pages,,,,,,valid=0; invalid=0; risky=0; unknown=0
10055,>30M,kombihireperth.com.au,yes,,,https://admin.typeform.com/ ; https://embed.typeform.com/ ; https://form.typeform.com/to/vAfTLE3Z,0,,kombihireperth@yahoo.com,showing_email_candidates,not_flagged,contact_pages,,,,,,valid=0; invalid=0; risky=0; unknown=0
10056,>30M,sirelo.nl,no,,,,0,,,no_public_email_found,not_flagged,contact_pages,,,,,,valid=0; invalid=0; risky=0; unknown=0
10057,>30M,requity.vc,no,,,,0,,,no_public_email_found,not_flagged,contact_pages,,,,,,valid=0; invalid=0; risky=0; unknown=0
10058,>30M,cancionespersonalizadas.net,yes,,,https://form.typeform.com/to/WWpGy8ht,0,,,no_public_email_found,not_flagged,contact_pages,,,,,,valid=0; invalid=0; risky=0; unknown=0
10059,>30M,miwaken.net,no,,,,0,,,no_public_email_found,not_flagged,contact_pages,,,,,,valid=0; invalid=0; risky=0; unknown=0
10060,>30M,nktproductions.net,no,,,,0,,mborgerding@nktelco.com,showing_email_candidates,not_flagged,contact_pages,,,,,,valid=0; invalid=0; risky=0; unknown=0
10061,>30M,qsitalia.net,yes,,,https://form.typeform.com/to/Hp9llVK2,0,,info@qsitalia.net,showing_email_candidates,not_flagged,contact_pages,info@qsitalia.net,,,,info@qsitalia.net,valid=0; invalid=0; risky=0; unknown=1
10062,>30M,resultsinadvance.net,yes,,,,0,,thanks@resultsinadvance.net,showing_email_candidates,not_flagged,contact_pages,,,,,,valid=0; invalid=0; risky=0; unknown=0
10063,>30M,babao.info,yes,,,,0,,,no_public_email_found,not_flagged,contact_pages,,,,,,valid=0; invalid=0; risky=0; unknown=0
10064,>30M,cdpconsulting.info,no,,,,0,,,no_public_email_found,not_flagged,contact_pages,,,,,,valid=0; invalid=0; risky=0; unknown=0
10065,>30M,cpgd.info,no,,,,0,,,no_public_email_found,not_flagged,contact_pages,,,,,,valid=0; invalid=0; risky=0; unknown=0
10066,>30M,providesk.info,no,,,,0,,,no_public_email_found,not_flagged,contact_pages,,,,,,valid=0; invalid=0; risky=0; unknown=0
10067,>30M,1supernova.com,yes,,,https://form.typeform.com/to/AZuYcsWx ; https://i9evkjegsiq.typeform.com/to/KCJDm5Jy,0,,barry@1supernova.com ; brooke@decentstartup.com ; christopher@1supernova.com ; hanna@1supernova.com ; hello@1supernova.com ; jt@1supernova.com,showing_email_candidates,not_flagged,contact_pages,hello@1supernova.com,hello@1supernova.com,,,,valid=1; invalid=0; risky=0; unknown=0
10068,>30M,1q9x.com,no,,,,0,,medium-zoom@1.0.6,showing_email_candidates,not_flagged,contact_pages,,,,,,valid=0; invalid=0; risky=0; unknown=0
10069,>30M,801injured.com,no,,,,0,,,no_public_email_found,not_flagged,contact_pages,,,,,,valid=0; invalid=0; risky=0; unknown=0
10070,>30M,a-j-y.com,yes,,,https://form.typeform.com/to/L9gC13FM,0,,contact@a-j-y.com,showing_email_candidates,not_flagged,contact_pages,contact@a-j-y.com,contact@a-j-y.com,,,,valid=1; invalid=0; risky=0; unknown=0
10071,>30M,aceofbasediscography.com,yes,,,https://rickyritch02.typeform.com/to/cclgon9a,0,,,no_public_email_found,not_flagged,contact_pages,,,,,,valid=0; invalid=0; risky=0; unknown=0
10072,>30M,agenciarei.com,no,,,,0,,andre@promise.marketing ; blog-banner-desktop@2x-scaled.webp ; contato@agenciarei.com ; depoimentos@2x-1024x616.webp ; depoimentos@2x-1536x924.webp ; depoimentos@2x-300x181.webp ; depoimentos@2x-768x462.webp ; depoimentos@2x.webp ; eliefe@2x.png ; embelleze@2x-300x78.png ; embelleze@2x.png ; guardaroba@2x-300x39.png ; guardaroba@2x.png ; logo-guardaroba@2x-300x39.jpg ; logo-guardaroba@2x.jpg ; mbp-badge-dark-backgrounds@2x-300x172.png ; mbp-badge-dark-backgrounds@2x-768x441.png ; mbp-badge-dark-backgrounds@2x.png ; nayaramarra@2x-300x25.png ; nayaramarra@2x.png ; penalty@2x-300x59.png ; penalty@2x.png ; uza@2x.png ; vm@2x.png,showing_email_candidates,not_flagged,contact_pages,,,,,,valid=0; invalid=0; risky=0; unknown=0
10073,>30M,aidaly.com,no,,,https://aidaly.typeform.com/,0,,launch@aidaly.com ; support@aidaly.com,showing_email_candidates,not_flagged,contact_pages,support@aidaly.com,,,,support@aidaly.com,valid=0; invalid=0; risky=0; unknown=1
10074,>30M,ait-dev.com,no,,,,0,,contact@ait-dev.com,showing_email_candidates,not_flagged,contact_pages,contact@ait-dev.com,contact@ait-dev.com,,,,valid=1; invalid=0; risky=0; unknown=0
10075,>30M,alphadeltagames.com,yes,,,https://adamlofting.typeform.com/to/jVWTIV,0,,,no_public_email_found,not_flagged,contact_pages,,,,,,valid=0; invalid=0; risky=0; unknown=0
10076,>30M,amandagutierres.com,yes,,,https://amandaromanog.typeform.com/to/lliXKx,0,,contato@amandagutierres.com,showing_email_candidates,not_flagged,contact_pages,,,,,,valid=0; invalid=0; risky=0; unknown=0
10077,>30M,andolinalaw.com,yes,,,https://mixfit1.typeform.com/to/DJe8kg,0,,attorney.andolina@gmail.com ; katlyn@andolinalaw.com,showing_email_candidates,not_flagged,contact_pages,,,,,,valid=0; invalid=0; risky=0; unknown=0
10078,>30M,argolia.com,yes,,,https://embed.typeform.com/ ; https://form.typeform.com/to/Icw7gcYm ; https://hexacubist.typeform.com/to/Icw7gcYm,0,,,no_public_email_found,not_flagged,contact_pages,,,,,,valid=0; invalid=0; risky=0; unknown=0
10079,>30M,asahikawayouchien.com,no,,,,0,,,no_public_email_found,not_flagged,contact_pages,,,,,,valid=0; invalid=0; risky=0; unknown=0
10080,>30M,asendant.com,no,,,,0,,,no_public_email_found,not_flagged,contact_pages,,,,,,valid=0; invalid=0; risky=0; unknown=0
10081,>30M,assutempo.com,yes,,,,0,,,no_public_email_found,not_flagged,contact_pages,,,,,,valid=0; invalid=0; risky=0; unknown=0
10082,>30M,auctussurgical.com,no,,,https://embed.typeform.com/,0,,,no_public_email_found,not_flagged,contact_pages,,,,,,valid=0; invalid=0; risky=0; unknown=0
10083,>30M,auxscribe.com,no,,,,0,,,no_public_email_found,not_flagged,contact_pages,,,,,,valid=0; invalid=0; risky=0; unknown=0
10084,>30M,bankswedding.com,no,,,,0,,,no_public_email_found,not_flagged,contact_pages,,,,,,valid=0; invalid=0; risky=0; unknown=0
10085,>30M,belongbook.com,yes,,,https://belongbook.typeform.com/to/tPXeTk,0,,1@2x.png ; 2@2x.png ; 3@2x.png ; abc-athismorning@2x.png ; belong-title_white@2x.png ; belongcenter@daybreaker.com ; npr@2x.png ; nyt_horizontal@2x.png ; ted@2x.png ; username@example.com ; well-good@2x.png,showing_email_candidates,not_flagged,contact_pages,,,,,,valid=0; invalid=0; risky=0; unknown=0
10086,>30M,bestpersonalinjurylawyermiami.com,no,,,https://embed.typeform.com/,0,,info@example.com ; info@quantsinsites.com,showing_email_candidates,not_flagged,contact_pages,,,,,,valid=0; invalid=0; risky=0; unknown=0
10087,>30M,bexperiences.com,no,,,,0,,info@bexperiences.com ; pbosch@bexperiences.com,showing_email_candidates,not_flagged,contact_pages,info@bexperiences.com,,,,info@bexperiences.com,valid=0; invalid=0; risky=0; unknown=1
10088,>30M,betting-fuentes.com,yes,,,https://form.typeform.com/to/TzpJl9uV,0,,annette@betting-fuentes.com,showing_email_candidates,not_flagged,contact_pages,,,,,,valid=0; invalid=0; risky=0; unknown=0
10089,>30M,birminghammoneyman.com,no,,,,0,,,no_public_email_found,not_flagged,contact_pages,,,,,,valid=0; invalid=0; risky=0; unknown=0
10090,>30M,blackopsagency.com,yes,,,https://ab5a9s7zbmc.typeform.com/to/ymqmxEOC,0,,connect@blackopsagency.com,showing_email_candidates,not_flagged,contact_pages,,,,,,valid=0; invalid=0; risky=0; unknown=0
10091,>30M,blitzmediaco.com,no,,,,0,,,no_public_email_found,not_flagged,contact_pages,,,,,,valid=0; invalid=0; risky=0; unknown=0
10092,>30M,bonoom.com,yes,,,https://bonoom.typeform.com/to/Fa75E0,0,,info@bonoom.com,showing_email_candidates,not_flagged,contact_pages,info@bonoom.com,,,,info@bonoom.com,valid=0; invalid=0; risky=0; unknown=1
10093,>30M,boundlessbits.com,no,,,,0,,,no_public_email_found,not_flagged,contact_pages,,,,,,valid=0; invalid=0; risky=0; unknown=0
10094,>30M,breakergame.com,no,,,,0,,,no_public_email_found,not_flagged,contact_pages,,,,,,valid=0; invalid=0; risky=0; unknown=0
10095,>30M,bridspa.com,no,,,,0,,,no_public_email_found,not_flagged,contact_pages,,,,,,valid=0; invalid=0; risky=0; unknown=0
10096,>30M,bylzm.com,yes,,,,0,,,no_public_email_found,not_flagged,contact_pages,,,,,,valid=0; invalid=0; risky=0; unknown=0
10097,>30M,cablivi.com,no,,,,0,,,no_public_email_found,not_flagged,contact_pages,,,,,,valid=0; invalid=0; risky=0; unknown=0
10098,>30M,caitlinaudreyjohnson.com,no,,,,0,,,no_public_email_found,not_flagged,contact_pages,,,,,,valid=0; invalid=0; risky=0; unknown=0
10099,>30M,candlesbycherry.com,no,,,,0,,boxicons@2.1.2,showing_email_candidates,not_flagged,contact_pages,,,,,,valid=0; invalid=0; risky=0; unknown=0
10100,>30M,carershq.com,no,,,,0,,hello@carershq.com,showing_email_candidates,not_flagged,contact_pages,hello@carershq.com,hello@carershq.com,,,,valid=1; invalid=0; risky=0; unknown=0
10101,>30M,chefsarmiento.com,no,,,,0,,,no_public_email_found,not_flagged,contact_pages,,,,,,valid=0; invalid=0; risky=0; unknown=0
10102,>30M,cipriquintas.com,yes,,,https://form.typeform.com/to/xOgUSz9r,0,,,no_public_email_found,not_flagged,contact_pages,,,,,,valid=0; invalid=0; risky=0; unknown=0
10103,>30M,citizenheights.com,no,,,,0,,info@citizenheights.com,showing_email_candidates,not_flagged,contact_pages,info@citizenheights.com,,,,info@citizenheights.com,valid=0; invalid=0; risky=0; unknown=1
10104,>30M,clintcampbell.com,yes,,,,0,,,no_public_email_found,not_flagged,contact_pages,,,,,,valid=0; invalid=0; risky=0; unknown=0
10105,>30M,coalitionsites.com,yes,,,,0,,,no_public_email_found,not_flagged,contact_pages,,,,,,valid=0; invalid=0; risky=0; unknown=0
10106,>30M,coastalwealthinsurance.com,no,,,,0,,,no_public_email_found,not_flagged,contact_pages,,,,,,valid=0; invalid=0; risky=0; unknown=0
10107,>30M,comencouleurs.com,yes,,,https://9i2zsvud8a0.typeform.com/to/otr8sF6h,0,,hello@comencouleurs.com ; u003ehello@comencouleurs.com,showing_email_candidates,not_flagged,contact_pages,hello@comencouleurs.com,hello@comencouleurs.com,,,,valid=1; invalid=0; risky=0; unknown=0
10108,>30M,conradstel.com,yes,,,,0,,,no_public_email_found,not_flagged,contact_pages,,,,,,valid=0; invalid=0; risky=0; unknown=0
10109,>30M,contratonulo.com,yes,,,https://mercasemanas.typeform.com/to/sy2vnq,0,,info@contratonulo.com ; info@contratonuloabogados.com,showing_email_candidates,not_flagged,contact_pages,info@contratonulo.com,,,,info@contratonulo.com,valid=0; invalid=0; risky=0; unknown=1
10110,>30M,cordiance.com,no,,,,0,,,no_public_email_found,not_flagged,contact_pages,,,,,,valid=0; invalid=0; risky=0; unknown=0
10111,>30M,corretorplanodesaude.com,no,,,,0,,,no_public_email_found,not_flagged,contact_pages,,,,,,valid=0; invalid=0; risky=0; unknown=0
10112,>30M,cultureprojet.com,yes,,,https://marine516695.typeform.com/to/MuRWQ4Hs,0,,,no_public_email_found,not_flagged,contact_pages,,,,,,valid=0; invalid=0; risky=0; unknown=0
10113,>30M,cxanalytix.com,no,,,,0,,,no_public_email_found,not_flagged,contact_pages,,,,,,valid=0; invalid=0; risky=0; unknown=0
10114,>30M,daieikagu.com,no,,,,0,,,no_public_email_found,not_flagged,contact_pages,,,,,,valid=0; invalid=0; risky=0; unknown=0
10115,>30M,daiwatoyo.com,no,,,,0,,,no_public_email_found,not_flagged,contact_pages,,,,,,valid=0; invalid=0; risky=0; unknown=0
10116,>30M,danieltwhite.com,no,,,,0,,,no_public_email_found,not_flagged,contact_pages,,,,,,valid=0; invalid=0; risky=0; unknown=0
10117,>30M,danytran.com,yes,,,,0,,,no_public_email_found,not_flagged,contact_pages,,,,,,valid=0; invalid=0; risky=0; unknown=0
10118,>30M,darkoacademy.com,no,,,,0,,,no_public_email_found,not_flagged,contact_pages,,,,,,valid=0; invalid=0; risky=0; unknown=0
10119,>30M,datingprofilephotography.com,yes,,,https://form.typeform.com/to/BVxOlz21,0,,mike@datingprofilephotography.com,showing_email_candidates,not_flagged,contact_pages,,,,,,valid=0; invalid=0; risky=0; unknown=0
10120,>30M,deinhome.com,no,,,,0,,,no_public_email_found,not_flagged,contact_pages,,,,,,valid=0; invalid=0; risky=0; unknown=0
10121,>30M,dentalcareofmorrisville.com,no,,,,0,,dentalcareofmorrisville@gmail.com ; ui@4.0,showing_email_candidates,not_flagged,contact_pages,,,,,,valid=0; invalid=0; risky=0; unknown=0
10122,>30M,diamondclientgroup.com,no,,,,0,,info@diamondclientgroup.com ; john@company.com,showing_email_candidates,not_flagged,contact_pages,info@diamondclientgroup.com,,,,info@diamondclientgroup.com,valid=0; invalid=0; risky=0; unknown=1
10123,>30M,diatahealth.com,yes,,,,0,,hello@diatahealth.com,showing_email_candidates,not_flagged,contact_pages,hello@diatahealth.com,hello@diatahealth.com,,,,valid=1; invalid=0; risky=0; unknown=0
10124,>30M,dietamimadigiuno.com,yes,,,https://form.typeform.com/to/rK6lwKpd,0,,jnguyen@lightrx.com ; logo-dieta-mima-digiuno_140x@2x.webp ; logo-dieta-mima-digiuno_280x@2x.webp ; vue3-carousel@0.3.1,showing_email_candidates,not_flagged,contact_pages,,,,,,valid=0; invalid=0; risky=0; unknown=0
10125,>30M,diegoariet.com,yes,,,,0,,contacto@diegoariet.com,showing_email_candidates,not_flagged,contact_pages,,,,,,valid=0; invalid=0; risky=0; unknown=0
10126,>30M,disputesurgery.com,no,,,,0,,,no_public_email_found,not_flagged,contact_pages,,,,,,valid=0; invalid=0; risky=0; unknown=0
10127,>30M,djamproductions.com,yes,,,https://9mehyllvjcx.typeform.com/to/xHDAMA0p,0,,reservations@djamproductions.com,showing_email_candidates,not_flagged,contact_pages,reservations@djamproductions.com,,,,reservations@djamproductions.com,valid=0; invalid=0; risky=0; unknown=1
10128,>30M,doctorcarlosmorales.com,no,,,https://dr-carlos-morales.typeform.com/ ; https://dr-carlos-morales.typeform.com/to/arJYJZVO,0,,,no_public_email_found,not_flagged,contact_pages,,,,,,valid=0; invalid=0; risky=0; unknown=0
10129,>30M,dognews360.com,yes,,,,0,,,no_public_email_found,not_flagged,contact_pages,,,,,,valid=0; invalid=0; risky=0; unknown=0
10130,>30M,downtowncincinnatibraces.com,yes,,,https://dmcdentistry.typeform.com/to/YJchxv ; https://embed.typeform.com/,0,,info@abpdentistry.com,showing_email_candidates,not_flagged,contact_pages,,,,,,valid=0; invalid=0; risky=0; unknown=0
10131,>30M,dreamdietdoctor.com,yes,,,https://wvneqwo590r.typeform.com/to/T3NBV6rN,0,,,no_public_email_found,not_flagged,contact_pages,,,,,,valid=0; invalid=0; risky=0; unknown=0
10132,>30M,dudonwai.com,yes,,,https://canvass.typeform.com/to/IMbSGn ; https://dudonwai1.typeform.com/to/u0kH2F ; https://embed.typeform.com/,0,,d@dudonwai.com,showing_email_candidates,not_flagged,contact_pages,,,,,,valid=0; invalid=0; risky=0; unknown=0
10133,>30M,ebisukensetsu.com,no,,,,0,,,no_public_email_found,not_flagged,contact_pages,,,,,,valid=0; invalid=0; risky=0; unknown=0
10134,>30M,edtechgrowth.com,yes,,,,0,,info@educatedguess.org,showing_email_candidates,not_flagged,contact_pages,,,,,,valid=0; invalid=0; risky=0; unknown=0
10135,>30M,eliteincomeadvisors.com,yes,,,https://o0p59w634ws.typeform.com/to/nZNmPnLf,0,,,no_public_email_found,not_flagged,contact_pages,,,,,,valid=0; invalid=0; risky=0; unknown=0
10136,>30M,elufowojujrensemble.com,yes,,,,0,,,no_public_email_found,not_flagged,contact_pages,,,,,,valid=0; invalid=0; risky=0; unknown=0
10137,>30M,empireservicesaustin.com,yes,,,,0,,,no_public_email_found,not_flagged,contact_pages,,,,,,valid=0; invalid=0; risky=0; unknown=0
10138,>30M,englishacademicediting.com,no,,,,0,,bentley_phil@hotmail.com,showing_email_candidates,not_flagged,contact_pages,,,,,,valid=0; invalid=0; risky=0; unknown=0
10139,>30M,engineering6.com,no,,,,0,,,no_public_email_found,not_flagged,contact_pages,,,,,,valid=0; invalid=0; risky=0; unknown=0
10140,>30M,epicgolfouting.com,yes,,,https://efeedback.typeform.com/to/RFhes6,0,,golf@epiccreative.com,showing_email_candidates,not_flagged,contact_pages,,,,,,valid=0; invalid=0; risky=0; unknown=0
10141,>30M,explore-stp.com,yes,,,https://330s59znizx.typeform.com/to/iBsOSEob ; https://330s59znizx.typeform.com/to/JRMktzbI ; https://330s59znizx.typeform.com/to/mvNdilBu ; https://330s59znizx.typeform.com/to/nJeqAj4S ; https://330s59znizx.typeform.com/to/Sa9XFFuM ; https://330s59znizx.typeform.com/to/XpCKWlAF ; https://330s59znizx.typeform.com/to/Ykp0TrgD,0,,exemplo@mail.com ; reservas.explorestp@gmail.com ; reservas@explore-stp.com,showing_email_candidates,not_flagged,contact_pages,,,,,,valid=0; invalid=0; risky=0; unknown=0
10142,>30M,favoravel.com,no,,,,0,,,no_public_email_found,not_flagged,contact_pages,,,,,,valid=0; invalid=0; risky=0; unknown=0
10143,>30M,fidelityhomesolutions.com,yes,,,https://houseoffer.typeform.com/to/qa6771Sa,0,,jhfree@comcast.net ; jhfree@comcast.nettel,showing_email_candidates,not_flagged,contact_pages,,,,,,valid=0; invalid=0; risky=0; unknown=0
10144,>30M,finnlyu.com,no,,,,0,,,no_public_email_found,not_flagged,contact_pages,,,,,,valid=0; invalid=0; risky=0; unknown=0
10145,>30M,fitlifemethod.com,no,,,,0,,,no_public_email_found,not_flagged,contact_pages,,,,,,valid=0; invalid=0; risky=0; unknown=0
10146,>30M,fitfutureacademy.com,yes,,,https://6zndcgghm3s.typeform.com/to/cbND82Pn,0,,,no_public_email_found,not_flagged,contact_pages,,,,,,valid=0; invalid=0; risky=0; unknown=0
10147,>30M,fullcircleplacements.com,no,,,,0,,,no_public_email_found,not_flagged,contact_pages,,,,,,valid=0; invalid=0; risky=0; unknown=0
10148,>30M,functionalmedicinecoaches.com,yes,,,,0,,,no_public_email_found,not_flagged,contact_pages,,,,,,valid=0; invalid=0; risky=0; unknown=0
10149,>30M,gaku-aoki.com,no,,,,0,,,no_public_email_found,not_flagged,contact_pages,,,,,,valid=0; invalid=0; risky=0; unknown=0
10150,>30M,garysimcox.com,yes,,,https://garysimcox.typeform.com/to/FrwYDh,0,,gary@garysimcox.com ; gsimcox524@live.com ; hello@patrickdavid.it,showing_email_candidates,not_flagged,contact_pages,,,,,,valid=0; invalid=0; risky=0; unknown=0
10151,>30M,gentlemensfactory.com,yes,,,https://form.typeform.com/to/pvtCGIwG,0,,info@gentlemensfactory.com ; jeff@gentlemensfactory.com,showing_email_candidates,not_flagged,contact_pages,info@gentlemensfactory.com,,,,info@gentlemensfactory.com,valid=0; invalid=0; risky=0; unknown=1
10152,>30M,ghguan.com,no,,,,0,,,no_public_email_found,not_flagged,contact_pages,,,,,,valid=0; invalid=0; risky=0; unknown=0
10153,>30M,giuseppetano.com,yes,,,,0,,hello@giuseppetano.com,showing_email_candidates,not_flagged,contact_pages,hello@giuseppetano.com,hello@giuseppetano.com,,,,valid=1; invalid=0; risky=0; unknown=0
10154,>30M,globalfitnessholdings.com,yes,,,https://sudor.typeform.com/to/EqN3Qbzy,0,,emmah@sudor.fit,showing_email_candidates,not_flagged,contact_pages,,,,,,valid=0; invalid=0; risky=0; unknown=0
10155,>30M,gloveideas.com,yes,,,,0,,,no_public_email_found,not_flagged,contact_pages,,,,,,valid=0; invalid=0; risky=0; unknown=0
10156,>30M,glorianamontero.com,no,,,,0,,,no_public_email_found,not_flagged,contact_pages,,,,,,valid=0; invalid=0; risky=0; unknown=0
10157,>30M,goccfence.com,yes,,,https://form.typeform.com/to/ylBY1M8b,0,,clint@goccfence.com ; goccfence@gmail.com,showing_email_candidates,not_flagged,contact_pages,,,,,,valid=0; invalid=0; risky=0; unknown=0
10158,>30M,godglamit.com,yes,,,https://j563jqtl5xp.typeform.com/to/dG7wZw4r,0,,bgannsales@gmail.com ; elongated_black_logo_x35@2x.png,showing_email_candidates,not_flagged,contact_pages,,,,,,valid=0; invalid=0; risky=0; unknown=0
10159,>30M,gotradeway.com,no,,,,0,,,no_public_email_found,not_flagged,contact_pages,,,,,,valid=0; invalid=0; risky=0; unknown=0
10160,>30M,gran-sky.com,no,,,,0,,,no_public_email_found,not_flagged,contact_pages,,,,,,valid=0; invalid=0; risky=0; unknown=0
10161,>30M,groupbizconsulting.com,yes,,,https://research.typeform.com/to/xzNkR4,0,,,no_public_email_found,not_flagged,contact_pages,,,,,,valid=0; invalid=0; risky=0; unknown=0
10162,>30M,growthhackstash.com,no,,,,0,,,no_public_email_found,not_flagged,contact_pages,,,,,,valid=0; invalid=0; risky=0; unknown=0
10163,>30M,guzmanpsychotherapy.com,yes,,,,0,,,no_public_email_found,not_flagged,contact_pages,,,,,,valid=0; invalid=0; risky=0; unknown=0
10164,>30M,hafsasaleem.com,yes,,,https://igzva4fny8o.typeform.com/to/c1QFQloz ; https://igzva4fny8o.typeform.com/to/pOt5pZ9p ; https://igzva4fny8o.typeform.com/to/uQpdJLcS,0,,info@homesteadhafsa.com ; support@homesteadhafsa.com,showing_email_candidates,not_flagged,contact_pages,,,,,,valid=0; invalid=0; risky=0; unknown=0
10165,>30M,hairbymegananton.com,yes,,,,0,,,no_public_email_found,not_flagged,contact_pages,,,,,,valid=0; invalid=0; risky=0; unknown=0
10166,>30M,hcmdeck.com,no,,,https://e2ivwh5h6tk.typeform.com/,0,,,no_public_email_found,not_flagged,contact_pages,,,,,,valid=0; invalid=0; risky=0; unknown=0
10167,>30M,helenasunday.com,yes,,,https://embed.typeform.com/ ; https://form.typeform.com/to/PLgbTI,0,,hola@helenasunday.com,showing_email_candidates,not_flagged,contact_pages,,,,,,valid=0; invalid=0; risky=0; unknown=0
10168,>30M,honorrobson.com,no,,,,0,,,no_public_email_found,not_flagged,contact_pages,,,,,,valid=0; invalid=0; risky=0; unknown=0
10169,>30M,iinvesto.com,no,,,,0,,info@iinvesto.com,showing_email_candidates,not_flagged,contact_pages,info@iinvesto.com,,,,info@iinvesto.com,valid=0; invalid=0; risky=0; unknown=1
10170,>30M,infotoinsight.com,yes,,,https://embed.typeform.com/ ; https://infotoinsight.typeform.com/to/HFY3X9,0,,hello@infotoinsight.com,showing_email_candidates,not_flagged,contact_pages,hello@infotoinsight.com,hello@infotoinsight.com,,,,valid=1; invalid=0; risky=0; unknown=0
10171,>30M,instaloper.com,no,,,,0,,sales@instaloper.com,showing_email_candidates,not_flagged,contact_pages,sales@instaloper.com,,,,sales@instaloper.com,valid=0; invalid=0; risky=0; unknown=1
10172,>30M,institutofinanzaspersonales.com,yes,,,https://institutofinanzaspersonales.typeform.com/to/sjR6Xq,0,,soporte@institutofinanzaspersonales.com,showing_email_candidates,not_flagged,contact_pages,,,,,,valid=0; invalid=0; risky=0; unknown=0
10173,>30M,interestednow.com,no,,,,0,,,no_public_email_found,not_flagged,contact_pages,,,,,,valid=0; invalid=0; risky=0; unknown=0
10174,>30M,irbis-finance.com,no,,,https://embed.typeform.com/,0,,irbis@irbis-finance.com,showing_email_candidates,not_flagged,contact_pages,,,,,,valid=0; invalid=0; risky=0; unknown=0
10175,>30M,isdtees.com,no,,,https://embed.typeform.com/,0,,sales@isdtees.com,showing_email_candidates,not_flagged,contact_pages,sales@isdtees.com,,,,sales@isdtees.com,valid=0; invalid=0; risky=0; unknown=1
10176,>30M,isar3.com,yes,,,https://form.typeform.com/to/LnxiEvkO,0,,info@isar3.com,showing_email_candidates,not_flagged,contact_pages,info@isar3.com,,,,info@isar3.com,valid=0; invalid=0; risky=0; unknown=1
10177,>30M,isiprofessionalcharger.com,yes,,,,0,,,no_public_email_found,not_flagged,contact_pages,,,,,,valid=0; invalid=0; risky=0; unknown=0
10178,>30M,jaapwilms.com,yes,,,,0,,,no_public_email_found,not_flagged,contact_pages,,,,,,valid=0; invalid=0; risky=0; unknown=0
10179,>30M,jaceyang.com,no,,,,0,,,no_public_email_found,not_flagged,contact_pages,,,,,,valid=0; invalid=0; risky=0; unknown=0
10180,>30M,jazlaan.com,no,,,,0,,hi@gorge.com,showing_email_candidates,not_flagged,contact_pages,,,,,,valid=0; invalid=0; risky=0; unknown=0
10181,>30M,jnkdesignhouse.com,yes,,,,0,,,no_public_email_found,not_flagged,contact_pages,,,,,,valid=0; invalid=0; risky=0; unknown=0
10182,>30M,jogjaauto.com,no,,,,0,,,no_public_email_found,not_flagged,contact_pages,,,,,,valid=0; invalid=0; risky=0; unknown=0
10183,>30M,journeypureriver.com,yes,,,https://5vzlzvd8bf5.typeform.com/to/pajtjenJ,0,,regard_admits@regardrecovery.com,showing_email_candidates,not_flagged,contact_pages,,,,,,valid=0; invalid=0; risky=0; unknown=0
10184,>30M,juliekristin.com,yes,,,,0,,,no_public_email_found,not_flagged,contact_pages,,,,,,valid=0; invalid=0; risky=0; unknown=0
10185,>30M,kaifecta.com,no,,,,0,,,no_public_email_found,not_flagged,contact_pages,,,,,,valid=0; invalid=0; risky=0; unknown=0
10186,>30M,kayroll.com,yes,,,https://metricson.typeform.com/to/ATwhhQem,0,,hello@kayroll.com,showing_email_candidates,not_flagged,contact_pages,hello@kayroll.com,hello@kayroll.com,,,,valid=1; invalid=0; risky=0; unknown=0
10187,>30M,kbaal.com,yes,,,https://form.typeform.com/to/iwiGbOGc,0,,mail@kbaal.com,showing_email_candidates,not_flagged,contact_pages,,,,,,valid=0; invalid=0; risky=0; unknown=0
10188,>30M,kerryloves.com,yes,,,https://kerry53.typeform.com/to/kZGVMB,0,,,no_public_email_found,not_flagged,contact_pages,,,,,,valid=0; invalid=0; risky=0; unknown=0
10189,>30M,kerstinreif.com,yes,,,https://kerstinreif808037.typeform.com/to/pqvXs455,0,,kerstin.reif@t-online.de,showing_email_candidates,not_flagged,contact_pages,,,,,,valid=0; invalid=0; risky=0; unknown=0
10190,>30M,knowgrowflow.com,no,,,https://form.typeform.com/to/znrXOEkw,0,,,no_public_email_found,not_flagged,contact_pages,,,,,,valid=0; invalid=0; risky=0; unknown=0
10191,>30M,kolehainz.com,no,,,,0,,hello@kolehainz.com,showing_email_candidates,not_flagged,contact_pages,hello@kolehainz.com,,hello@kolehainz.com,,,valid=0; invalid=1; risky=0; unknown=0
10192,>30M,kousokusecurity.com,no,,,,0,,,no_public_email_found,not_flagged,contact_pages,,,,,,valid=0; invalid=0; risky=0; unknown=0
10193,>30M,lakefinancialsolutions.com,yes,,,https://ajwtzk55ptv.typeform.com/to/pKwf3lrS,0,,insurruss@lakefinancialsolutions.com ; insuruss@lakefinancialsolutions.com,showing_email_candidates,not_flagged,contact_pages,,,,,,valid=0; invalid=0; risky=0; unknown=0
10194,>30M,lasertagers.com,yes,,,,0,,,no_public_email_found,not_flagged,contact_pages,,,,,,valid=0; invalid=0; risky=0; unknown=0
10195,>30M,launchpadcrew.com,no,,,,0,,,no_public_email_found,not_flagged,contact_pages,,,,,,valid=0; invalid=0; risky=0; unknown=0
10196,>30M,lauraguilar.com,yes,,,https://form.typeform.com/to/yM4xg5P5,0,,,no_public_email_found,not_flagged,contact_pages,,,,,,valid=0; invalid=0; risky=0; unknown=0
10197,>30M,lcas-agency.com,yes,,,https://lcas-agency.typeform.com/to/mz3V8FAR,0,,contact@lcas-agency.com ; hello@gmail.com,showing_email_candidates,not_flagged,contact_pages,contact@lcas-agency.com,contact@lcas-agency.com,,,,valid=1; invalid=0; risky=0; unknown=0
10198,>30M,leistunglohntsich.com,no,,,https://leistunglohntsich.typeform.com/,0,,d252@leistunglohntsich.com ; dpo@wordpress.org ; info@bs-designs.de ; privacy@fontawesome.com ; rene.leist@dvag.de ; support@fb.com,showing_email_candidates,not_flagged,contact_pages,,,,,,valid=0; invalid=0; risky=0; unknown=0
10199,>30M,legapub.com,yes,,,https://rh6otp6pln2.typeform.com/to/AIKSxbny,0,,,no_public_email_found,not_flagged,contact_pages,,,,,,valid=0; invalid=0; risky=0; unknown=0
10200,>30M,lesposedigiuliogaudiosi.com,yes,,,https://0bxgl3s30i8.typeform.com/to/KsDipaR3,0,,,no_public_email_found,not_flagged,contact_pages,,,,,,valid=0; invalid=0; risky=0; unknown=0
10201,>30M,lobnahassan.com,no,,,,0,,,no_public_email_found,not_flagged,contact_pages,,,,,,valid=0; invalid=0; risky=0; unknown=0
10202,>30M,lorealparispr.com,no,,,,0,,maria@mail.com,showing_email_candidates,not_flagged,contact_pages,,,,,,valid=0; invalid=0; risky=0; unknown=0
10203,>30M,ludofactusa.com,yes,,,https://philipp54.typeform.com/to/ZXZEntA6,0,,,no_public_email_found,not_flagged,contact_pages,,,,,,valid=0; invalid=0; risky=0; unknown=0
10204,>30M,maconsudhotel.com,no,,,,0,,,no_public_email_found,not_flagged,contact_pages,,,,,,valid=0; invalid=0; risky=0; unknown=0
10205,>30M,maeveaesthetics.com,yes,,,https://uq0kizaj2kg.typeform.com/to/LtIOEu5z,0,,,no_public_email_found,not_flagged,contact_pages,,,,,,valid=0; invalid=0; risky=0; unknown=0
10206,>30M,magikoil.com,yes,,,https://03301mzhzdo.typeform.com/to/fS3Tq296,0,,exemple@xyz.com ; info@magikoil.com,showing_email_candidates,not_flagged,contact_pages,info@magikoil.com,,,,info@magikoil.com,valid=0; invalid=0; risky=0; unknown=1
10207,>30M,managemoney101.com,no,,,,0,,intersection-observer@0.12.0,showing_email_candidates,not_flagged,contact_pages,,,,,,valid=0; invalid=0; risky=0; unknown=0
10208,>30M,maqstone.com,no,,,https://versa24.typeform.com/,0,,comercial@maqstone.com,showing_email_candidates,not_flagged,contact_pages,,,,,,valid=0; invalid=0; risky=0; unknown=0
10209,>30M,martaadamczyk.com,no,,,,0,,,no_public_email_found,not_flagged,contact_pages,,,,,,valid=0; invalid=0; risky=0; unknown=0
10210,>30M,mcivercapital.com,no,,,,0,,bvanunen@cgf.com ; dsinh@cgf.com ; mehrenreich@cgf.com ; mlonghurst@cgf.com ; nido@cgf.com ; nmciver@cgf.com ; slick-carousel@1.8.1 ; slwerner@cgf.com ; your.email@address.com,showing_email_candidates,not_flagged,contact_pages,,,,,,valid=0; invalid=0; risky=0; unknown=0
10211,>30M,messagesam.com,yes,,,https://zachmeierhofer.typeform.com/to/NqbqfFZJ,0,,product@messagesam.com ; sam@messagesam.com ; support@messagesam.com ; team@messagesam.com,showing_email_candidates,not_flagged,contact_pages,support@messagesam.com ; team@messagesam.com,,,,support@messagesam.com ; team@messagesam.com,valid=0; invalid=0; risky=0; unknown=2
10212,>30M,michalmikulasek.com,no,,,,0,,,no_public_email_found,not_flagged,contact_pages,,,,,,valid=0; invalid=0; risky=0; unknown=0
10213,>30M,mightandmethod.com,yes,,,https://embed.typeform.com/ ; https://mightandmethod.typeform.com/to/hzIrN9,0,,email@domain.com ; mightandmethod@gmail.com,showing_email_candidates,not_flagged,contact_pages,,,,,,valid=0; invalid=0; risky=0; unknown=0
10214,>30M,mile18inc.com,yes,,,https://patrickmccrann.typeform.com/to/I26jfrnB,0,,logo-dark@2x.png ; logo-light@2x.png ; logo-sticky@2x.png ; mile18campdirector@gmail.com ; patrick.mccrann+mile18@gmail.com ; trainingcamps@mile18inc.com,showing_email_candidates,not_flagged,contact_pages,,,,,,valid=0; invalid=0; risky=0; unknown=0
10215,>30M,modedistro.com,yes,,,https://form.typeform.com/to/dOW8NtvF ; https://form.typeform.com/to/RSA31CBd,0,,info@modedistro.com,showing_email_candidates,not_flagged,contact_pages,info@modedistro.com,,,,info@modedistro.com,valid=0; invalid=0; risky=0; unknown=1
10216,>30M,monrayon.com,yes,,,https://form.typeform.com/to/xuKtQ4Pm,0,,hello@sursly.com,showing_email_candidates,not_flagged,contact_pages,,,,,,valid=0; invalid=0; risky=0; unknown=0
10217,>30M,mqvgranbury.com,no,,,,0,,mqvgranbury@gmail.com,showing_email_candidates,not_flagged,contact_pages,,,,,,valid=0; invalid=0; risky=0; unknown=0
10218,>30M,myhealthypenguin.com,no,,,http://myhealthypenguin.typeform.com/ ; https://myhealthypenguin.typeform.com/,0,,hello@myhealthypenguin.com ; leaflet@1.9.4 ; name@games.com,showing_email_candidates,not_flagged,contact_pages,hello@myhealthypenguin.com,hello@myhealthypenguin.com,,,,valid=1; invalid=0; risky=0; unknown=0
10219,>30M,mynulyfe.com,no,,,,0,,,no_public_email_found,not_flagged,contact_pages,,,,,,valid=0; invalid=0; risky=0; unknown=0
10220,>30M,naturalwean.com,yes,,,,0,,,no_public_email_found,not_flagged,contact_pages,,,,,,valid=0; invalid=0; risky=0; unknown=0
10221,>30M,ndtbs.com,yes,,,,0,,,no_public_email_found,not_flagged,contact_pages,,,,,,valid=0; invalid=0; risky=0; unknown=0
10222,>30M,neuropulsehealth.com,no,,,,0,,,no_public_email_found,not_flagged,contact_pages,,,,,,valid=0; invalid=0; risky=0; unknown=0
10223,>30M,next-financing.com,yes,,,,0,,,no_public_email_found,not_flagged,contact_pages,,,,,,valid=0; invalid=0; risky=0; unknown=0
10224,>30M,nomnomfit.com,yes,,,https://form.typeform.com/to/phFtEJbN,0,,sharon@n2fitrx.com,showing_email_candidates,not_flagged,contact_pages,,,,,,valid=0; invalid=0; risky=0; unknown=0
10225,>30M,nordicnutritionist.com,yes,,,https://3oqxpbsnu39.typeform.com/to/fLyUbppX,0,,info@nordicnutritionist.com ; jane@gmail.com,showing_email_candidates,not_flagged,contact_pages,info@nordicnutritionist.com,,,,info@nordicnutritionist.com,valid=0; invalid=0; risky=0; unknown=1
10226,>30M,octodecks.com,no,,,,0,,hello@mrhopeclassroom.com ; hello@octodecks.com ; your@school.ac.uk,showing_email_candidates,not_flagged,contact_pages,hello@octodecks.com,hello@octodecks.com,,,,valid=1; invalid=0; risky=0; unknown=0
10227,>30M,office-milk.com,yes,,,,0,,,no_public_email_found,not_flagged,contact_pages,,,,,,valid=0; invalid=0; risky=0; unknown=0
10228,>30M,officialbobby.com,no,,,,0,,,no_public_email_found,not_flagged,contact_pages,,,,,,valid=0; invalid=0; risky=0; unknown=0
10229,>30M,oleomondo.com,yes,,,,0,,,no_public_email_found,not_flagged,contact_pages,,,,,,valid=0; invalid=0; risky=0; unknown=0
10230,>30M,ourmarriagerocks.com,yes,,,,0,,,no_public_email_found,not_flagged,contact_pages,,,,,,valid=0; invalid=0; risky=0; unknown=0
10231,>30M,overcomingcravings.com,yes,,,https://optimalwork.typeform.com/to/a4PbVMhA ; https://optimalwork.typeform.com/to/bffJmSc8 ; https://optimalwork.typeform.com/to/BVCWiZlb ; https://optimalwork.typeform.com/to/c1gG5ExS ; https://optimalwork.typeform.com/to/K4SwfRgM ; https://optimalwork.typeform.com/to/o4rIT8ci ; https://optimalwork.typeform.com/to/VqZiXQj6 ; https://optimalwork.typeform.com/to/Wleso2JW ; https://optimalwork.typeform.com/to/wYmkRKpN,0,,,no_public_email_found,not_flagged,contact_pages,,,,,,valid=0; invalid=0; risky=0; unknown=0
10232,>30M,palizay.com,yes,,,https://1zvvrzslwjf.typeform.com/to/pgK6hUUN,0,,,no_public_email_found,not_flagged,contact_pages,,,,,,valid=0; invalid=0; risky=0; unknown=0
10233,>30M,pastekeyboard.com,yes,,,https://embed.typeform.com/ ; https://form.typeform.com/to/qoejDIVG,0,,,no_public_email_found,not_flagged,contact_pages,,,,,,valid=0; invalid=0; risky=0; unknown=0
10234,>30M,passporterapp.com,yes,,,https://le3mk1if4ij.typeform.com/to/WUtTiaoP,0,,,no_public_email_found,not_flagged,contact_pages,,,,,,valid=0; invalid=0; risky=0; unknown=0
10235,>30M,pfrpa.com,no,,,https://embed.typeform.com/ ; https://info619218.typeform.com/to/nJgPmM,0,,,no_public_email_found,not_flagged,contact_pages,,,,,,valid=0; invalid=0; risky=0; unknown=0
10236,>30M,pizzabib.com,yes,,,,0,,,no_public_email_found,not_flagged,contact_pages,,,,,,valid=0; invalid=0; risky=0; unknown=0
10237,>30M,plushlocks.com,yes,,,https://lrzcii4yxra.typeform.com/to/gbAL2tPz ; https://lrzcii4yxra.typeform.com/to/N32Q2lqM,0,,bookings@plushlocks.com ; education@plushlocks.com ; hello@plushlocks.com ; info@stagheaddesigns.com,showing_email_candidates,not_flagged,contact_pages,bookings@plushlocks.com ; hello@plushlocks.com,bookings@plushlocks.com ; hello@plushlocks.com,,,,valid=2; invalid=0; risky=0; unknown=0
10238,>30M,pressurewashermarketing.com,yes,,,,0,,,no_public_email_found,not_flagged,contact_pages,,,,,,valid=0; invalid=0; risky=0; unknown=0
10239,>30M,pwnacademy.com,yes,,,https://embed.typeform.com/ ; https://form.typeform.com/to/Q16Ed0A6,0,,aakarshan@pwnacademy.com ; gaurav@pwnacademy.co.in,showing_email_candidates,not_flagged,contact_pages,,,,,,valid=0; invalid=0; risky=0; unknown=0
10240,>30M,raymondstires.com,no,,,,0,,raymondstireshop1984@outlook.com,showing_email_candidates,not_flagged,contact_pages,,,,,,valid=0; invalid=0; risky=0; unknown=0
10241,>30M,rcomnd.com,yes,,,,0,,,no_public_email_found,not_flagged,contact_pages,,,,,,valid=0; invalid=0; risky=0; unknown=0
10242,>30M,redinjury.com,yes,,,,0,,,no_public_email_found,not_flagged,contact_pages,,,,,,valid=0; invalid=0; risky=0; unknown=0
10243,>30M,rewardketing.com,yes,,,https://bonnus.typeform.com/to/cdIVLr,0,,rewardketing@bonnus.me,showing_email_candidates,not_flagged,contact_pages,,,,,,valid=0; invalid=0; risky=0; unknown=0
10244,>30M,rlyates.com,no,,,,0,,,no_public_email_found,not_flagged,contact_pages,,,,,,valid=0; invalid=0; risky=0; unknown=0
10245,>30M,saintlykids.com,no,,,https://embed.typeform.com/,0,,,no_public_email_found,not_flagged,contact_pages,,,,,,valid=0; invalid=0; risky=0; unknown=0
10246,>30M,sakae-pharmacy.com,no,,,,0,,,no_public_email_found,not_flagged,contact_pages,,,,,,valid=0; invalid=0; risky=0; unknown=0
10247,>30M,sameskincare.com,yes,,,https://form.typeform.com/to/dFe1qTnC,0,,info@stagheaddesigns.com,showing_email_candidates,not_flagged,contact_pages,,,,,,valid=0; invalid=0; risky=0; unknown=0
10248,>30M,scalleat.com,yes,,,https://kfzwsg4fi9z.typeform.com/to/RbVxDR5H,0,,connor@scalleat.com,showing_email_candidates,not_flagged,contact_pages,,,,,,valid=0; invalid=0; risky=0; unknown=0
10249,>30M,sedate-uk.com,yes,,,https://andreia088572.typeform.com/to/R4dnoLEq ; https://form.typeform.com/to/H46DsGXN ; https://form.typeform.com/to/OzLrmRaJ,0,,,no_public_email_found,not_flagged,contact_pages,,,,,,valid=0; invalid=0; risky=0; unknown=0
10250,>30M,serendipiamedia.com,no,,,,0,,,no_public_email_found,not_flagged,contact_pages,,,,,,valid=0; invalid=0; risky=0; unknown=0
10251,>30M,sheilastrong.com,yes,,,,0,,,no_public_email_found,not_flagged,contact_pages,,,,,,valid=0; invalid=0; risky=0; unknown=0
10252,>30M,sixthsociety.com,no,,,,0,,,no_public_email_found,not_flagged,contact_pages,,,,,,valid=0; invalid=0; risky=0; unknown=0
10253,>30M,skeletonpit.com,no,,,,0,,alpinejs@3.x.x,showing_email_candidates,not_flagged,contact_pages,,,,,,valid=0; invalid=0; risky=0; unknown=0
10254,>30M,skurmaskin.com,yes,,,https://jkk-marknadsprocess.typeform.com/to/dcWCUH,0,,,no_public_email_found,not_flagged,contact_pages,,,,,,valid=0; invalid=0; risky=0; unknown=0
10255,>30M,sleepconsultantcertification.com,yes,,,https://bzqcxhe7kwn.typeform.com/to/UUOBcNvd,0,,,no_public_email_found,not_flagged,contact_pages,,,,,,valid=0; invalid=0; risky=0; unknown=0
10256,>30M,sojaim.com,no,,,,0,,,no_public_email_found,not_flagged,contact_pages,,,,,,valid=0; invalid=0; risky=0; unknown=0
10257,>30M,sopmaskin.com,yes,,,https://jkk-marknadsprocess.typeform.com/to/dcWCUH,0,,,no_public_email_found,not_flagged,contact_pages,,,,,,valid=0; invalid=0; risky=0; unknown=0
10258,>30M,soundstarteducation.com,yes,,,https://78kwui8rgnx.typeform.com/to/oLS7VLrZ ; https://78kwui8rgnx.typeform.com/to/Q9xb96Cp,0,,soundstarteducation@gmail.com,showing_email_candidates,not_flagged,contact_pages,,,,,,valid=0; invalid=0; risky=0; unknown=0
10259,>30M,spacerco.com,no,,,,0,,info@spacercreative.com,showing_email_candidates,not_flagged,contact_pages,,,,,,valid=0; invalid=0; risky=0; unknown=0
10260,>30M,startshiningtoday.com,no,,,,0,,flags@2x.png ; jasper@brandworxproductions.com,showing_email_candidates,not_flagged,contact_pages,,,,,,valid=0; invalid=0; risky=0; unknown=0
10261,>30M,startgolftoday.com,yes,,,https://admin.typeform.com/ ; https://embed.typeform.com/ ; https://matt565594.typeform.com/to/aQpQWl ; https://matt565594.typeform.com/to/BzbYMo ; https://matt565594.typeform.com/to/s7DtXn ; https://matt565594.typeform.com/to/TecsHE,0,,support@op36golf.com,showing_email_candidates,not_flagged,contact_pages,,,,,,valid=0; invalid=0; risky=0; unknown=0
10262,>30M,stephane-mallet.com,no,,,,0,,,no_public_email_found,not_flagged,contact_pages,,,,,,valid=0; invalid=0; risky=0; unknown=0
10263,>30M,sterncoaching.com,yes,,,https://fitrespondertraining.typeform.com/to/lC3dDtCH ; https://fitrespondertraining.typeform.com/to/XxhLK5vV,0,,ted@tedstern.com,showing_email_candidates,not_flagged,contact_pages,,,,,,valid=0; invalid=0; risky=0; unknown=0
10264,>30M,sunlifebrasil.com,yes,,,,0,,,no_public_email_found,not_flagged,contact_pages,,,,,,valid=0; invalid=0; risky=0; unknown=0
10265,>30M,susanne-eggers.com,yes,,,https://seggers.typeform.com/to/EzZ5XuPW,0,,info@susanne-eggers.com,showing_email_candidates,not_flagged,contact_pages,info@susanne-eggers.com,,,,info@susanne-eggers.com,valid=0; invalid=0; risky=0; unknown=1
10266,>30M,symphonydx.com,no,,,,0,,,no_public_email_found,not_flagged,contact_pages,,,,,,valid=0; invalid=0; risky=0; unknown=0
10267,>30M,symetrigroup.com,no,,,,0,,contact@ff.solutions ; info@solidcad.ca ; info@symetri.co.uk ; info@symetri.com ; info@symetri.dk ; info@symetri.fi ; info@symetri.no ; info@symetri.se ; info@symetri.us ; sales@symetri.ie,showing_email_candidates,not_flagged,contact_pages,,,,,,valid=0; invalid=0; risky=0; unknown=0
10268,>30M,takadass.com,no,,,,0,,,no_public_email_found,not_flagged,contact_pages,,,,,,valid=0; invalid=0; risky=0; unknown=0
10269,>30M,tarmacmfg.com,no,,,,0,,,no_public_email_found,not_flagged,contact_pages,,,,,,valid=0; invalid=0; risky=0; unknown=0
10270,>30M,tatikiri.com,no,,,,0,,,no_public_email_found,not_flagged,contact_pages,,,,,,valid=0; invalid=0; risky=0; unknown=0
10271,>30M,teacherscanbuyhomes.com,yes,,,https://r5gd0v64g95.typeform.com/to/yMBeZpB7,0,,,no_public_email_found,not_flagged,contact_pages,,,,,,valid=0; invalid=0; risky=0; unknown=0
10272,>30M,techthinkingaloud.com,yes,,,https://pixelsforhumans.typeform.com/to/QEwT85,0,,podcast@pixelsforhumans.com,showing_email_candidates,not_flagged,contact_pages,,,,,,valid=0; invalid=0; risky=0; unknown=0
10273,>30M,tendenciasnaturales.com,yes,,,https://form.typeform.com/to/pMUihhAm,0,,tuemail@email.com,showing_email_candidates,not_flagged,contact_pages,,,,,,valid=0; invalid=0; risky=0; unknown=0
10274,>30M,tetonexcursions.com,no,,,,0,,info@tetonexcursions.com,showing_email_candidates,not_flagged,contact_pages,info@tetonexcursions.com,,,,info@tetonexcursions.com,valid=0; invalid=0; risky=0; unknown=1
10275,>30M,tfadz.com,no,,,,0,,chosen-sprite@2x.png ; you@example.com,showing_email_candidates,not_flagged,contact_pages,,,,,,valid=0; invalid=0; risky=0; unknown=0
10276,>30M,thebriefcompany.com,yes,,,https://form.typeform.com/to/hFgktlIr,0,,,no_public_email_found,not_flagged,contact_pages,,,,,,valid=0; invalid=0; risky=0; unknown=0
10277,>30M,thecontrollership.com,yes,,,,0,,,no_public_email_found,not_flagged,contact_pages,,,,,,valid=0; invalid=0; risky=0; unknown=0
10278,>30M,thecollegemind.com,no,,,,0,,core@3.27.0 ; styles@1.4.1,showing_email_candidates,not_flagged,contact_pages,,,,,,valid=0; invalid=0; risky=0; unknown=0
10279,>30M,thecollabteam.com,yes,,,,0,,,no_public_email_found,not_flagged,contact_pages,,,,,,valid=0; invalid=0; risky=0; unknown=0
10280,>30M,thefabricconsultant.com,no,,,https://embed.typeform.com/,0,,,no_public_email_found,not_flagged,contact_pages,,,,,,valid=0; invalid=0; risky=0; unknown=0
10281,>30M,thelabentertainment.com,no,,,,0,,,no_public_email_found,not_flagged,contact_pages,,,,,,valid=0; invalid=0; risky=0; unknown=0
10282,>30M,themeetupspot.com,yes,,,https://form.typeform.com/to/Ai2ENHxB,0,,musyoungadults@gmail.com,showing_email_candidates,not_flagged,contact_pages,,,,,,valid=0; invalid=0; risky=0; unknown=0
10283,>30M,themusclephd.com,yes,,,https://embed.typeform.com/ ; https://short-quiz.typeform.com/to/yZNCbkfF,0,,contact@themusclephd.com ; emran.bd.08@gmail.com,showing_email_candidates,not_flagged,contact_pages,contact@themusclephd.com,contact@themusclephd.com,,,,valid=1; invalid=0; risky=0; unknown=0
10284,>30M,theopsauthority.com,no,,,,0,,,no_public_email_found,not_flagged,contact_pages,,,,,,valid=0; invalid=0; risky=0; unknown=0
10285,>30M,thepassionprofile.com,no,,,https://embed.typeform.com/ ; https://images.typeform.com/,0,,support@hetpassieprofiel.nl ; support@thepassionprofile.com,showing_email_candidates,not_flagged,contact_pages,support@thepassionprofile.com,,,,support@thepassionprofile.com,valid=0; invalid=0; risky=0; unknown=1
10286,>30M,thewickedcompany.com,yes,,,https://resonancedesign.typeform.com/to/W0YjRw,0,,marcus@thewickedcompany.com,showing_email_candidates,not_flagged,contact_pages,,,,,,valid=0; invalid=0; risky=0; unknown=0
10287,>30M,thewhitsundaysweek.com,yes,,,,0,,,no_public_email_found,not_flagged,contact_pages,,,,,,valid=0; invalid=0; risky=0; unknown=0
10288,>30M,think2030.com,no,,,,0,,,no_public_email_found,not_flagged,contact_pages,,,,,,valid=0; invalid=0; risky=0; unknown=0
10289,>30M,thiswassupposedtobethefuture.com,yes,,,https://embed.typeform.com/ ; https://joshr.typeform.com/to/gr9tnn,0,,,no_public_email_found,not_flagged,contact_pages,,,,,,valid=0; invalid=0; risky=0; unknown=0
10290,>30M,tialsstudio.com,yes,,,,0,,,no_public_email_found,not_flagged,contact_pages,,,,,,valid=0; invalid=0; risky=0; unknown=0
10291,>30M,torii-kitanokaiwai.com,no,,,,0,,,no_public_email_found,not_flagged,contact_pages,,,,,,valid=0; invalid=0; risky=0; unknown=0
10292,>30M,towneparkabq.com,yes,,,https://k7ytplqtujv.typeform.com/to/myWHW4ly,0,,amoreira@hoamco.com ; jimsmith@towne-park.com,showing_email_candidates,not_flagged,contact_pages,,,,,,valid=0; invalid=0; risky=0; unknown=0
10293,>30M,truegloryfit.com,no,,,,0,,,no_public_email_found,not_flagged,contact_pages,,,,,,valid=0; invalid=0; risky=0; unknown=0
10294,>30M,uchinoiin.com,no,,,,0,,,no_public_email_found,not_flagged,contact_pages,,,,,,valid=0; invalid=0; risky=0; unknown=0
10295,>30M,uptickapp.com,yes,,,,0,,,no_public_email_found,not_flagged,contact_pages,,,,,,valid=0; invalid=0; risky=0; unknown=0
10296,>30M,valoramostupiso.com,no,,,,0,,,no_public_email_found,not_flagged,contact_pages,,,,,,valid=0; invalid=0; risky=0; unknown=0
10297,>30M,vdlpinnacle.com,no,,,,0,,info@vdlpinnacle.com ; name@company.com,showing_email_candidates,not_flagged,contact_pages,info@vdlpinnacle.com,,,,info@vdlpinnacle.com,valid=0; invalid=0; risky=0; unknown=1
10298,>30M,victorlucena.com,yes,,,https://bfdg2c9xtz6.typeform.com/to/IRqvH3JG ; https://bfdg2c9xtz6.typeform.com/to/IRqvH3JG-lucena-coach,0,,asset-2@4x-1024x329.png ; asset-2@4x-1536x493.png ; asset-2@4x-2048x658.png ; asset-2@4x-300x96.png ; asset-2@4x-768x247.png ; cropped-asset-2@4x-180x180.png ; cropped-asset-2@4x-192x192.png ; cropped-asset-2@4x-270x270.png ; cropped-asset-2@4x-32x32.png ; victor@victorlucena.com,showing_email_candidates,not_flagged,contact_pages,,,,,,valid=0; invalid=0; risky=0; unknown=0
10299,>30M,voyageandvanquish.com,yes,,,https://embed.typeform.com/ ; https://form.typeform.com/to/FsdodP2r,0,,hello@voyageandvanquish.com,showing_email_candidates,not_flagged,contact_pages,hello@voyageandvanquish.com,hello@voyageandvanquish.com,,,,valid=1; invalid=0; risky=0; unknown=0
10300,>30M,waltexcorporation.com,yes,,,https://admin.typeform.com/ ; https://embed.typeform.com/ ; https://waltexcorporation.typeform.com/to/j5vGjV ; https://waltexcorporation.typeform.com/to/yRabXD,0,,marketing@waltexcorporation.com ; slick-carousel@1.8.1,showing_email_candidates,not_flagged,contact_pages,marketing@waltexcorporation.com,,,,marketing@waltexcorporation.com,valid=0; invalid=0; risky=0; unknown=1
10301,>30M,warpspeedinsurance.com,yes,,,https://embed.typeform.com/ ; https://images.typeform.com/ ; https://thinkadgroup.typeform.com/to/TvqxTz,0,,info@freehtml5.co ; info@warpspeedinsurance.com,showing_email_candidates,not_flagged,contact_pages,info@warpspeedinsurance.com,,,,info@warpspeedinsurance.com,valid=0; invalid=0; risky=0; unknown=1
10302,>30M,werbezaun.com,yes,,,,0,,office@4zu5.at ; u003eoffice@4zu5.at,showing_email_candidates,not_flagged,contact_pages,,,,,,valid=0; invalid=0; risky=0; unknown=0
10303,>30M,whatnextglobal.com,yes,,,,0,,,no_public_email_found,not_flagged,contact_pages,,,,,,valid=0; invalid=0; risky=0; unknown=0
10304,>30M,wideprairiehr.com,no,,,,0,,core@3.27.0 ; styles@1.4.1,showing_email_candidates,not_flagged,contact_pages,,,,,,valid=0; invalid=0; risky=0; unknown=0
10305,>30M,wildheartedandhitched.com,yes,,,https://3heads.typeform.com/to/mieL1p,0,,hello@wildheartedandhitched.com,showing_email_candidates,not_flagged,contact_pages,hello@wildheartedandhitched.com,hello@wildheartedandhitched.com,,,,valid=1; invalid=0; risky=0; unknown=0
10306,>30M,willbaggett.com,yes,,,https://form.typeform.com/to/gaH3d7hi,0,,will@execimage.org,showing_email_candidates,not_flagged,contact_pages,,,,,,valid=0; invalid=0; risky=0; unknown=0
10307,>30M,wilmingtondisabilityattorney.com,yes,,,https://surefire.typeform.com/to/QRWcnO,0,,,no_public_email_found,not_flagged,contact_pages,,,,,,valid=0; invalid=0; risky=0; unknown=0
10308,>30M,withbridge.com,yes,,,https://v39o5vq66gb.typeform.com/to/lhJWniQq,0,,gsap@3.12.5,showing_email_candidates,not_flagged,contact_pages,,,,,,valid=0; invalid=0; risky=0; unknown=0
10309,>30M,wllxg.com,yes,,,,0,,,no_public_email_found,not_flagged,contact_pages,,,,,,valid=0; invalid=0; risky=0; unknown=0
10310,>30M,xandersanbrook.com,no,,,,0,,,no_public_email_found,not_flagged,contact_pages,,,,,,valid=0; invalid=0; risky=0; unknown=0
10311,>30M,xadinghao.com,yes,,,,0,,,no_public_email_found,not_flagged,contact_pages,,,,,,valid=0; invalid=0; risky=0; unknown=0
10312,>30M,xn--stdmaskin-w2a.com,yes,,,https://jkk-marknadsprocess.typeform.com/to/dcWCUH,0,,,no_public_email_found,not_flagged,contact_pages,,,,,,valid=0; invalid=0; risky=0; unknown=0
10313,>30M,xsalesstore.com,yes,,,https://xsm.typeform.com/to/DY2bVP,0,,support@myxsales.com,showing_email_candidates,not_flagged,contact_pages,,,,,,valid=0; invalid=0; risky=0; unknown=0
10314,>30M,yuzuchoco.com,no,,,,0,,,no_public_email_found,not_flagged,contact_pages,,,,,,valid=0; invalid=0; risky=0; unknown=0
10315,>30M,zachli.com,no,,,,0,,,no_public_email_found,not_flagged,contact_pages,,,,,,valid=0; invalid=0; risky=0; unknown=0
10316,>30M,zerolatencylabs.com,no,,,,0,,,no_public_email_found,not_flagged,contact_pages,,,,,,valid=0; invalid=0; risky=0; unknown=0
10317,>30M,tradespace.us,yes,,,https://form.typeform.com/to/zhqbfu89,0,,,no_public_email_found,not_flagged,contact_pages,,,,,,valid=0; invalid=0; risky=0; unknown=0
10318,>30M,400contacts.org,yes,,,https://400contacts.typeform.com/to/zNs7RE,0,,,no_public_email_found,not_flagged,contact_pages,,,,,,valid=0; invalid=0; risky=0; unknown=0
10319,>30M,agimba.org,yes,,,https://0kdxn1ermvk.typeform.com/to/TGVtdzML,0,,,no_public_email_found,not_flagged,contact_pages,,,,,,valid=0; invalid=0; risky=0; unknown=0
10320,>30M,asianadvocates.org,yes,,,https://embed.typeform.com/ ; https://form.typeform.com/to/f6roRo4g,0,,asianadvocates@gmail.com,showing_email_candidates,not_flagged,contact_pages,,,,,,valid=0; invalid=0; risky=0; unknown=0
10321,>30M,arowhenua.org,no,,,https://adminmage.typeform.com/,0,,arowhenua.admin@ngaitahu.iwi.nz ; gwen.bower@ngaitahu.iw.nz,showing_email_candidates,not_flagged,contact_pages,,,,,,valid=0; invalid=0; risky=0; unknown=0
10322,>30M,budapestrally.org,yes,,,https://embed.typeform.com/ ; https://travelbase.typeform.com/to/d201we2D,0,,d020ffd2748b1ad387ba8eb63675f2ac@o4505114921795584.ingest.us.sentry.io ; info@budapestrally.org,showing_email_candidates,not_flagged,contact_pages,info@budapestrally.org,,,,info@budapestrally.org,valid=0; invalid=0; risky=0; unknown=1
10323,>30M,communityfoodscapes.org,yes,,,,0,,1_1a39c8ea-7dc3-46a0-8c14-ccf0a0e9ed7e_480x480@2x.png ; 2_869d4c65-2094-4586-9e7f-f7c7fc124733_480x480@2x.png ; 3_43e69622-2781-4056-a577-8e623be2a150_480x480@2x.png ; 4_f1d4d4e5-a783-4d7a-bf00-0e23ec070bb4_480x480@2x.png ; 5_742e7817-71c9-4bfe-ae8d-b0fb5c025c54_480x480@2x.png ; 6_0c373484-e8f3-40af-824a-179ad5026a76_480x480@2x.png ; b2c9faf7-50c6-436f-9f8a-2b6a8af982b2_230x@2x.jpg ; cofo.lucian@gmail.com ; example@gmail.com,showing_email_candidates,not_flagged,contact_pages,,,,,,valid=0; invalid=0; risky=0; unknown=0
10324,>30M,evo3foundation.org,yes,,,,0,,,no_public_email_found,not_flagged,contact_pages,,,,,,valid=0; invalid=0; risky=0; unknown=0
10325,>30M,gsccnetwork.org,no,,,,0,,research-analysis@2x.png,showing_email_candidates,not_flagged,contact_pages,,,,,,valid=0; invalid=0; risky=0; unknown=0
10326,>30M,greendestinations.org,yes,,,https://embed.typeform.com/,0,,patricia@greendestinations.org,showing_email_candidates,not_flagged,contact_pages,,,,,,valid=0; invalid=0; risky=0; unknown=0
10327,>30M,hchomeschooling.org,yes,,,https://form.typeform.com/to/qKkuCiBi,0,,admissions@hchomeschooling.org,showing_email_candidates,not_flagged,contact_pages,admissions@hchomeschooling.org,,admissions@hchomeschooling.org,,,valid=0; invalid=1; risky=0; unknown=0
10328,>30M,hatchenterprise.org,no,,,https://embed.typeform.com/ ; https://form.typeform.com/,0,,jessica.s@hatchenterprise.org,showing_email_candidates,not_flagged,contact_pages,,,,,,valid=0; invalid=0; risky=0; unknown=0
10329,>30M,hiketribe.org,yes,,,,0,,d020ffd2748b1ad387ba8eb63675f2ac@o4505114921795584.ingest.us.sentry.io ; info@hiketribe.org,showing_email_candidates,not_flagged,contact_pages,info@hiketribe.org,,,,info@hiketribe.org,valid=0; invalid=0; risky=0; unknown=1
10330,>30M,imperialementoring.org,no,,,https://embed.typeform.com/,0,,quill@1.3.6,showing_email_candidates,not_flagged,contact_pages,,,,,,valid=0; invalid=0; risky=0; unknown=0
10331,>30M,impacientes.org,no,,,,0,,hola@impacientes.org,showing_email_candidates,not_flagged,contact_pages,,,,,,valid=0; invalid=0; risky=0; unknown=0
10332,>30M,itinerare.org,yes,,,,0,,13e49d785d8d4f828038b6136f3b48ba@sentry.io,showing_email_candidates,not_flagged,contact_pages,,,,,,valid=0; invalid=0; risky=0; unknown=0
10333,>30M,lovethehub.org,yes,,,https://form.typeform.com/to/B7C5y2MC ; https://form.typeform.com/to/VTvjH16C ; https://form.typeform.com/to/yWcU9LnD,0,,example@email.com ; help@lovethehub.org ; jquery.counterup@2.1.0,showing_email_candidates,not_flagged,contact_pages,help@lovethehub.org,help@lovethehub.org,,,,valid=1; invalid=0; risky=0; unknown=0
10334,>30M,myalfondgrant.org,no,,,,0,,,no_public_email_found,not_flagged,contact_pages,,,,,,valid=0; invalid=0; risky=0; unknown=0
10335,>30M,officeb.org,yes,,,https://96gejcanabd.typeform.com/to/gMVccS3R,0,,info@officeb.org,showing_email_candidates,not_flagged,contact_pages,info@officeb.org,,,,info@officeb.org,valid=0; invalid=0; risky=0; unknown=1
10336,>30M,pamatai.org,yes,,,https://form.typeform.com/to/DH1fZMse,0,,info@pamatai.org,showing_email_candidates,not_flagged,contact_pages,info@pamatai.org,,,,info@pamatai.org,valid=0; invalid=0; risky=0; unknown=1
10337,>30M,piastowskie.org,no,,,,0,,,no_public_email_found,not_flagged,contact_pages,,,,,,valid=0; invalid=0; risky=0; unknown=0
10338,>30M,scitechknofest.org,no,,,,0,,,no_public_email_found,not_flagged,contact_pages,,,,,,valid=0; invalid=0; risky=0; unknown=0
10339,>30M,singlemomspecialneeds.org,yes,,,https://learn2codeordietryin.typeform.com/to/au6ZJ7,0,,,no_public_email_found,not_flagged,contact_pages,,,,,,valid=0; invalid=0; risky=0; unknown=0
10340,>30M,stepforabetterworld.org,no,,,,0,,stepforabetterworld@gmail.com ; stepforabetterworldpayment@gmail.com,showing_email_candidates,not_flagged,contact_pages,,,,,,valid=0; invalid=0; risky=0; unknown=0
10341,>30M,surftribe.org,yes,,,https://embed.typeform.com/ ; https://travelbase.pro.typeform.com/to/Adjc97pM ; https://travelbase.typeform.com/to/uZWafMNs ; https://travelbase.typeform.com/to/ZJW5RgtB,0,,d020ffd2748b1ad387ba8eb63675f2ac@o4505114921795584.ingest.us.sentry.io ; info@surftribe.org,showing_email_candidates,not_flagged,contact_pages,info@surftribe.org,,,,info@surftribe.org,valid=0; invalid=0; risky=0; unknown=1
10342,>30M,wizdm.org,yes,,,,0,,,no_public_email_found,not_flagged,contact_pages,,,,,,valid=0; invalid=0; risky=0; unknown=0
10343,>30M,swisscontentcloud.ch,no,,,https://shdigital.typeform.com/,0,,helmut.sproll@cross-works.net,showing_email_candidates,not_flagged,contact_pages,,,,,,valid=0; invalid=0; risky=0; unknown=0
10344,>30M,openinnovationlab.no,yes,,,https://form.typeform.com/to/ox7r7fPI,0,,truls.berg@digitalinsight.no,showing_email_candidates,not_flagged,contact_pages,,,,,,valid=0; invalid=0; risky=0; unknown=0
10345,>30M,startupday.ee,yes,,,https://form.typeform.com/to/Pfd69Z ; https://startupdayfest.typeform.com/to/Pfd69Z ; https://startupdayfest.typeform.com/to/qJRyoAOi,0,,anett.tonismae@startupday.ee ; birgit.jurgenson@startupday.ee ; bootstrap@5.0.2 ; ermo.tikk@startupday.ee ; idamaria.orula@startupday.ee ; info@startupday.ee ; intersection-observer@0.5.1 ; karl.kuusik@startupday.ee ; kristine.kriisa@startupday.ee ; lisanna.semilarski@startupday.ee ; mariliis.maremae@startupday.ee ; mart.lattekivi@startupday.ee ; merle.antson@startupday.ee ; siim.kallari@startupday.ee ; vanilla-lazyload@12.0.0,showing_email_candidates,not_flagged,contact_pages,info@startupday.ee,,,,info@startupday.ee,valid=0; invalid=0; risky=0; unknown=1
10346,>30M,taisegabriel.com.br,no,,,https://embed.typeform.com/,0,,,no_public_email_found,not_flagged,contact_pages,,,,,,valid=0; invalid=0; risky=0; unknown=0
10347,>30M,goodlifeconsultores.es,no,,,,0,,,no_public_email_found,not_flagged,contact_pages,,,,,,valid=0; invalid=0; risky=0; unknown=0
10348,>30M,wohnraum-meerbusch.de,no,,,,0,,info@wohnraum-meerbusch.de,showing_email_candidates,not_flagged,contact_pages,info@wohnraum-meerbusch.de,,,,info@wohnraum-meerbusch.de,valid=0; invalid=0; risky=0; unknown=1
10349,>30M,dutralima.com.br,yes,,,https://form.typeform.com/to/yxnCOBdI,0,,,no_public_email_found,not_flagged,contact_pages,,,,,,valid=0; invalid=0; risky=0; unknown=0
10350,>30M,stophytra.fr,no,,,,0,,,no_public_email_found,not_flagged,contact_pages,,,,,,valid=0; invalid=0; risky=0; unknown=0
10351,>30M,gpti.de,yes,,,https://form.typeform.com/to/mNrUsIOQ,0,,cc@gpti.de ; info@gpti.de ; logo_00169_better@home-service-gmbh-300x61.png ; logo_00169_better@home-service-gmbh-768x156.png ; logo_00169_better@home-service-gmbh.png,showing_email_candidates,not_flagged,contact_pages,info@gpti.de,,,,info@gpti.de,valid=0; invalid=0; risky=0; unknown=1
10352,>30M,oltreiperimetri.it,yes,,,,0,,,no_public_email_found,not_flagged,contact_pages,,,,,,valid=0; invalid=0; risky=0; unknown=0
10353,>30M,kamihiro.co.jp,no,,,,0,,,no_public_email_found,not_flagged,contact_pages,,,,,,valid=0; invalid=0; risky=0; unknown=0
10354,>30M,congedo-paternita.ch,yes,,,,0,,giorgio.fonio@ocst.ch ; info@congedo-paternita.ch ; rosenkranz@travailsuisse.ch,showing_email_candidates,not_flagged,contact_pages,info@congedo-paternita.ch,,,,info@congedo-paternita.ch,valid=0; invalid=0; risky=0; unknown=1
10355,>30M,plangoapp.nl,no,,,,0,,appicon57x57@2x-5b86de8e.png ; appicon60x60@2x-b802f4ec.png ; appicon72x72@2x-89f560b4.png ; appicon76x76@2x-116cf93a.png ; emojibase-data-nl@17.0.0-66785937.js ; emojibase-messages-nl@17.0.0-f2cfacc1.js ; emojibase@17.0.0-esm-4f24a28b.js ; hotkeys-js@3.8.7-60a521ca.js ; luxon@3.3.0-de156d27.js ; sortablejs@1.15.2-9b54138a.js,showing_email_candidates,not_flagged,contact_pages,,,,,,valid=0; invalid=0; risky=0; unknown=0
10356,>30M,crosscut.vc,yes,,,https://embed.typeform.com/ ; https://form.typeform.com/to/Xau01xsJ,0,,,no_public_email_found,not_flagged,contact_pages,,,,,,valid=0; invalid=0; risky=0; unknown=0
10357,>30M,brandedbybritt.co,yes,,,https://form.typeform.com/to/qH9Z2fBp,0,,,no_public_email_found,not_flagged,contact_pages,,,,,,valid=0; invalid=0; risky=0; unknown=0
10358,>30M,litha-espresso.fr,no,,,,0,,,no_public_email_found,not_flagged,contact_pages,,,,,,valid=0; invalid=0; risky=0; unknown=0
10359,>30M,evergardcw.com.au,yes,,,https://lightspeed-commerce.typeform.com/to/g1vcP7FR,0,,example@email.com ; info@evergardcw.com.au ; john.doe@email.com,showing_email_candidates,not_flagged,contact_pages,info@evergardcw.com.au,,,,info@evergardcw.com.au,valid=0; invalid=0; risky=0; unknown=1
10360,>30M,heraldo.io,yes,,,https://embed.typeform.com/ ; https://heraldo5.typeform.com/to/HZHtMO,0,,,no_public_email_found,not_flagged,contact_pages,,,,,,valid=0; invalid=0; risky=0; unknown=0
10361,>30M,actionactionbook.com,yes,,,https://destinydesignu.typeform.com/to/KrKL2a,0,,,no_public_email_found,not_flagged,contact_pages,,,,,,valid=0; invalid=0; risky=0; unknown=0
10362,>30M,adifferentwayofthinking.com,yes,,,https://nqnz0ga146k.typeform.com/to/fp0CrMKp,0,,info@auxesia.im,showing_email_candidates,not_flagged,contact_pages,,,,,,valid=0; invalid=0; risky=0; unknown=0
10363,>30M,alignspacedesign.com,yes,,,https://embed.typeform.com/ ; https://form.typeform.com/to/m9MCxRfc,0,,info@alignspacedesign.com,showing_email_candidates,not_flagged,contact_pages,info@alignspacedesign.com,,,,info@alignspacedesign.com,valid=0; invalid=0; risky=0; unknown=1
10364,>30M,alltomate.com,no,,,,0,,csm@alltomate.com ; dotlottie-wc@0.7.1 ; support@alltomate.com,showing_email_candidates,not_flagged,contact_pages,support@alltomate.com,,,,support@alltomate.com,valid=0; invalid=0; risky=0; unknown=1
10365,>30M,atipik-solutions.com,yes,,,,0,,,no_public_email_found,not_flagged,contact_pages,,,,,,valid=0; invalid=0; risky=0; unknown=0
10366,>30M,b2bii.com,yes,,,https://form.typeform.com/to/lDor27WL ; https://form.typeform.com/to/NZPysIKs ; https://form.typeform.com/to/vRlL17K9,0,,b2b-07_120x@2x.png ; info@b2bii.com ; zohs@b2bii.com,showing_email_candidates,not_flagged,contact_pages,info@b2bii.com,,,,info@b2bii.com,valid=0; invalid=0; risky=0; unknown=1
10367,>30M,babbasa.com,yes,,,,0,,,no_public_email_found,not_flagged,contact_pages,,,,,,valid=0; invalid=0; risky=0; unknown=0
10368,>30M,beansnwater.com,no,,,,0,,,no_public_email_found,not_flagged,contact_pages,,,,,,valid=0; invalid=0; risky=0; unknown=0
10369,>30M,blackmarketflix.com,no,,,,0,,,no_public_email_found,not_flagged,contact_pages,,,,,,valid=0; invalid=0; risky=0; unknown=0
10370,>30M,blustarinstalls.com,no,,,,0,,info@blustarinstalls.com,showing_email_candidates,not_flagged,contact_pages,info@blustarinstalls.com,,,,info@blustarinstalls.com,valid=0; invalid=0; risky=0; unknown=1
10371,>30M,calliereger.com,no,,,,0,,,no_public_email_found,not_flagged,contact_pages,,,,,,valid=0; invalid=0; risky=0; unknown=0
10372,>30M,callme2work.com,yes,,,https://cm2w.typeform.com/to/CtQjTC,0,,info@callme2work.com,showing_email_candidates,not_flagged,contact_pages,info@callme2work.com,,,,info@callme2work.com,valid=0; invalid=0; risky=0; unknown=1
10373,>30M,checkoutgate.com,yes,,,,0,,,no_public_email_found,not_flagged,contact_pages,,,,,,valid=0; invalid=0; risky=0; unknown=0
10374,>30M,chessmaxacademy.com,no,,,,0,,office@chessmaxacademy.com,showing_email_candidates,not_flagged,contact_pages,office@chessmaxacademy.com,,,,office@chessmaxacademy.com,valid=0; invalid=0; risky=0; unknown=1
10375,>30M,clothingcenterqca.com,yes,,,,0,,,no_public_email_found,not_flagged,contact_pages,,,,,,valid=0; invalid=0; risky=0; unknown=0
10376,>30M,craigmaddocks.com,no,,,,0,,,no_public_email_found,not_flagged,contact_pages,,,,,,valid=0; invalid=0; risky=0; unknown=0
10377,>30M,cre8tiveheads.com,yes,,,,0,,,no_public_email_found,not_flagged,contact_pages,,,,,,valid=0; invalid=0; risky=0; unknown=0
10378,>30M,cya6sigma.com,yes,,,https://form.typeform.com/to/YOWHJE,0,,hello@cya6sigma.com,showing_email_candidates,not_flagged,contact_pages,hello@cya6sigma.com,hello@cya6sigma.com,,,,valid=1; invalid=0; risky=0; unknown=0
10379,>30M,dottyfitness.com,no,,,,0,,,no_public_email_found,not_flagged,contact_pages,,,,,,valid=0; invalid=0; risky=0; unknown=0
10380,>30M,followmetomagic.com,no,,,,0,,,no_public_email_found,not_flagged,contact_pages,,,,,,valid=0; invalid=0; risky=0; unknown=0
10381,>30M,formrobin.com,no,,,,0,,,no_public_email_found,not_flagged,contact_pages,,,,,,valid=0; invalid=0; risky=0; unknown=0
10382,>30M,gabrielconti.com,no,,,,0,,font@4.4.95 ; font@5.8.55,showing_email_candidates,not_flagged,contact_pages,,,,,,valid=0; invalid=0; risky=0; unknown=0
10383,>30M,fxuruguay.com,no,,,,0,,bootstrap@5.2.1 ; bootstrap@5.3.0 ; core@2.11.6 ; info@fxuruguay.com,showing_email_candidates,not_flagged,contact_pages,info@fxuruguay.com,,,,info@fxuruguay.com,valid=0; invalid=0; risky=0; unknown=1
10384,>30M,genesistirecenters.com,yes,,,https://dtcreativeservices.typeform.com/to/KSHdKm6W,0,,,no_public_email_found,not_flagged,contact_pages,,,,,,valid=0; invalid=0; risky=0; unknown=0
10385,>30M,glucura.com,no,,,,0,,,no_public_email_found,not_flagged,contact_pages,,,,,,valid=0; invalid=0; risky=0; unknown=0
10386,>30M,happycasas.com,no,,,,0,,,no_public_email_found,not_flagged,contact_pages,,,,,,valid=0; invalid=0; risky=0; unknown=0
10387,>30M,hellohelanah.com,yes,,,https://form.typeform.com/to/kpNMEw ; https://helanah.typeform.com/to/kpNMEw,0,,,no_public_email_found,not_flagged,contact_pages,,,,,,valid=0; invalid=0; risky=0; unknown=0
10388,>30M,hhwpalmbeach.com,yes,,,https://form.typeform.com/to/S3eynowI,0,,,no_public_email_found,not_flagged,contact_pages,,,,,,valid=0; invalid=0; risky=0; unknown=0
10389,>30M,huabadq.com,yes,,,,0,,,no_public_email_found,not_flagged,contact_pages,,,,,,valid=0; invalid=0; risky=0; unknown=0
10390,>30M,iamrhawkins.com,yes,,,https://8vpwymx002o.typeform.com/to/L3wA18VW,0,,,no_public_email_found,not_flagged,contact_pages,,,,,,valid=0; invalid=0; risky=0; unknown=0
10391,>30M,inspiredlifecircle.com,yes,,,https://monicaion1.typeform.com/to/ROmlVXbR ; https://monicaion1.typeform.com/to/XwiEkeGD,0,,,no_public_email_found,not_flagged,contact_pages,,,,,,valid=0; invalid=0; risky=0; unknown=0
10392,>30M,invyd.com,no,,,https://embed.typeform.com/,0,,phosphor-icons@1.4.2,showing_email_candidates,not_flagged,contact_pages,,,,,,valid=0; invalid=0; risky=0; unknown=0
10393,>30M,intrepiddogs.com,no,,,,0,,,no_public_email_found,not_flagged,contact_pages,,,,,,valid=0; invalid=0; risky=0; unknown=0
10394,>30M,jamierunstheworld.com,no,,,,0,,,no_public_email_found,not_flagged,contact_pages,,,,,,valid=0; invalid=0; risky=0; unknown=0
10395,>30M,jpntechnology.com,yes,,,https://form.typeform.com/to/ZfRRBcEj,0,,info@jpntechnology.com,showing_email_candidates,not_flagged,contact_pages,info@jpntechnology.com,,,,info@jpntechnology.com,valid=0; invalid=0; risky=0; unknown=1
10396,>30M,k-giko.com,no,,,,0,,,no_public_email_found,not_flagged,contact_pages,,,,,,valid=0; invalid=0; risky=0; unknown=0
10397,>30M,kadimafit.com,no,,,,0,,,no_public_email_found,not_flagged,contact_pages,,,,,,valid=0; invalid=0; risky=0; unknown=0
10398,>30M,krugerventure.com,no,,,,0,,suscripciones@krugercorporation.com,showing_email_candidates,not_flagged,contact_pages,,,,,,valid=0; invalid=0; risky=0; unknown=0
10399,>30M,leanconstructionacademy.com,yes,,,https://7-shapes.typeform.com/to/AP82f2nc ; https://7-shapes.typeform.com/to/Z46RMUjh,0,,contact@leanconstructionacademy.com ; website-carbon-badges@1.1.3,showing_email_candidates,not_flagged,contact_pages,contact@leanconstructionacademy.com,,contact@leanconstructionacademy.com,,,valid=0; invalid=1; risky=0; unknown=0
10400,>30M,leanbodycenter.com,yes,,,,0,,,no_public_email_found,not_flagged,contact_pages,,,,,,valid=0; invalid=0; risky=0; unknown=0
10401,>30M,lifebehindtheshield.com,yes,,,https://mattgingerich.typeform.com/to/bAhOFu,0,,0@sm.x ; 40px@sm.x ; auto@md.x ; displayblock@md.x ; displayflex@md.x ; displaynone@md.x ; flexbasis0%@md.x ; flexbasis100%@md.x ; flexbasis41.66666666666667%@sm.x ; flexbasis50%@md.x ; flexbasis66.66666666666666%@sm.x ; flexdirectionrow@md.x ; flexwrapnowrap@md.x ; fontsize12@md.x ; fontsize14@lg.x ; fontsize14@md.x ; fontsize16@lg.x ; fontsize16@md.x ; fontsize17@lg.x ; fontsize17@md.x ; fontsize22@lg.x ; fontsize22@md.x ; fontsize31@md.x ; fontsize33@lg.x ; important@md.x ; justifycontentcenter@md.x ; lifebehindtheshield@gmail.com ; marginbottom0@md.x ; marginleft16.666666666666664%@sm.x ; marginleft20px@md.x ; marginleft8.333333333333332%@sm.x ; marginright20px@md.x ; margintop0@md.x ; margintop0@sm.x ; maxheight269@md.x ; maxwidth100%@md.x ; maxwidth400px@sm.x ; maxwidth41.66666666666667%@sm.x ; maxwidth50%@md.x ; maxwidth66.66666666666666%@sm.x ; maxwidth70%@md.x ; maxwidthnone@md.x ; mging93@hotmail.com ; minheight30vh@md.x ; minheight50vh@md.x ; minwidth0@md.x ; order-1@sm-only.x ; order-1@xs-only.x ; paddingbottom15px@md.x ; paddingbottom40px@xs-only.x ; paddingleft50px@md.x ; paddingright50px@md.x ; paddingtop15px@md.x ; paddingtop40px@xs-only.x ; right0px@md-only.x ; right0px@sm-only.x ; textaligncenter@md.x ; textaligncenter@xs-only.x ; textalignleft@md.x ; textalignleft@sm.x ; textalignright@md.x ; width100%@md.x ; width1160px@lg.x ; width728px@sm.x ; width984px@md.x ; widthauto@sm.x,showing_email_candidates,not_flagged,contact_pages,,,,,,valid=0; invalid=0; risky=0; unknown=0
10402,>30M,lindseysarahlong.com,yes,,,https://9bqfwonwmns.typeform.com/to/toys9erU,0,,hello@lindseysarahlong.com,showing_email_candidates,not_flagged,contact_pages,hello@lindseysarahlong.com,hello@lindseysarahlong.com,,,,valid=1; invalid=0; risky=0; unknown=0
10403,>30M,lockup-desk.com,no,,,,0,,,no_public_email_found,not_flagged,contact_pages,,,,,,valid=0; invalid=0; risky=0; unknown=0
10404,>30M,martianmediastudio.com,yes,,,,0,,,no_public_email_found,not_flagged,contact_pages,,,,,,valid=0; invalid=0; risky=0; unknown=0
10405,>30M,maupinmarketing.com,no,,,,0,,,no_public_email_found,not_flagged,contact_pages,,,,,,valid=0; invalid=0; risky=0; unknown=0
10406,>30M,mayomoji.com,no,,,,0,,,no_public_email_found,not_flagged,contact_pages,,,,,,valid=0; invalid=0; risky=0; unknown=0
10407,>30M,mocretni.com,no,,,,0,,,no_public_email_found,not_flagged,contact_pages,,,,,,valid=0; invalid=0; risky=0; unknown=0
10408,>30M,moneyonthemic.com,no,,,,0,,,no_public_email_found,not_flagged,contact_pages,,,,,,valid=0; invalid=0; risky=0; unknown=0
10409,>30M,nicolebonds.com,yes,,,,0,,filler@godaddy.com ; info@nicolebonds.com ; micah@micahrich.com ; nicolebondslive@gmail.com,showing_email_candidates,not_flagged,contact_pages,info@nicolebonds.com,,,,info@nicolebonds.com,valid=0; invalid=0; risky=0; unknown=1
10410,>30M,nuneighbor.com,yes,,,,0,,,no_public_email_found,not_flagged,contact_pages,,,,,,valid=0; invalid=0; risky=0; unknown=0
10411,>30M,phishstrike.com,no,,,,0,,info@golix.si,showing_email_candidates,not_flagged,contact_pages,,,,,,valid=0; invalid=0; risky=0; unknown=0
10412,>30M,pivlu.com,no,,,,0,,,no_public_email_found,not_flagged,contact_pages,,,,,,valid=0; invalid=0; risky=0; unknown=0
10413,>30M,reapra.com,yes,,,https://b80pentrepreneur.typeform.com/to/G7EGHdOq ; https://b80pentrepreneur.typeform.com/to/peP5yT84 ; https://embed.typeform.com/,0,,,no_public_email_found,not_flagged,contact_pages,,,,,,valid=0; invalid=0; risky=0; unknown=0
10414,>30M,salon-theory.com,yes,,,https://salon-theory.typeform.com/to/J9nsoF,0,,info@salon-theory.com ; kenzy@salon-theory.com,showing_email_candidates,not_flagged,contact_pages,info@salon-theory.com,,,,info@salon-theory.com,valid=0; invalid=0; risky=0; unknown=1
10415,>30M,sendofy.com,no,,,,0,,jane@framer.com,showing_email_candidates,not_flagged,contact_pages,,,,,,valid=0; invalid=0; risky=0; unknown=0
10416,>30M,sellotts.com,yes,,,https://embed.typeform.com/ ; https://wayfresh.typeform.com/to/ENf9fP ; https://wayfresh.typeform.com/to/N6ysWi,0,,,no_public_email_found,not_flagged,contact_pages,,,,,,valid=0; invalid=0; risky=0; unknown=0
10417,>30M,shoconsultoreshipotecarios.com,no,,,,0,,,no_public_email_found,not_flagged,contact_pages,,,,,,valid=0; invalid=0; risky=0; unknown=0
10418,>30M,sinoosaka.com,no,,,,0,,,no_public_email_found,not_flagged,contact_pages,,,,,,valid=0; invalid=0; risky=0; unknown=0
10419,>30M,skulegal.com,yes,,,,0,,,no_public_email_found,not_flagged,contact_pages,,,,,,valid=0; invalid=0; risky=0; unknown=0
10420,>30M,smartchecknow.com,no,,,,0,,info@smartchecknow.com,showing_email_candidates,not_flagged,contact_pages,info@smartchecknow.com,,,,info@smartchecknow.com,valid=0; invalid=0; risky=0; unknown=1
10421,>30M,sparkfinancialgroupusa.com,yes,,,,0,,,no_public_email_found,not_flagged,contact_pages,,,,,,valid=0; invalid=0; risky=0; unknown=0
10422,>30M,superbdistributors.com,no,,,,0,,,no_public_email_found,not_flagged,contact_pages,,,,,,valid=0; invalid=0; risky=0; unknown=0
10423,>30M,sweetwatercompanies.com,no,,,https://embed.typeform.com/ ; https://form.typeform.com/,0,,info@sweetwatercompanies.com,showing_email_candidates,not_flagged,contact_pages,info@sweetwatercompanies.com,,,,info@sweetwatercompanies.com,valid=0; invalid=0; risky=0; unknown=1
10424,>30M,thecaribbeanhousewife.com,no,,,https://form.typeform.com/to/BMT73SmY ; https://form.typeform.com/to/FrmyiN5g ; https://form.typeform.com/to/Ol4X8Erk ; https://form.typeform.com/to/yDxamxhq,0,,info@thecaribbeanhousewife.com,showing_email_candidates,not_flagged,contact_pages,info@thecaribbeanhousewife.com,,,,info@thecaribbeanhousewife.com,valid=0; invalid=0; risky=0; unknown=1
10425,>30M,themerkabamethod.com,yes,,,https://svhn2daohsv.typeform.com/to/ngT9Uckx,0,,,no_public_email_found,not_flagged,contact_pages,,,,,,valid=0; invalid=0; risky=0; unknown=0
10426,>30M,thirdwavewater.com,yes,,,https://thirdwavewater.typeform.com/to/jjVwKrAY,0,,aa4cacd33be28673d7e69be559ce7ad7@o4506196830715904.ingest.us.sentry.io ; support@thirdwavewater.com,showing_email_candidates,not_flagged,contact_pages,support@thirdwavewater.com,,,,support@thirdwavewater.com,valid=0; invalid=0; risky=0; unknown=1
10427,>30M,tonkintechnology.com,yes,,,https://embed.typeform.com/ ; https://tonkintechnology.typeform.com/to/WFgIio,0,,,no_public_email_found,not_flagged,contact_pages,,,,,,valid=0; invalid=0; risky=0; unknown=0
10428,>30M,uxdesigneducation.com,no,,,,0,,,no_public_email_found,not_flagged,contact_pages,,,,,,valid=0; invalid=0; risky=0; unknown=0
10429,>30M,vdlautomatedvehicles.com,no,,,,0,,info@vdlautomatedvehicles.com ; name@company.com ; u003einfo@vdlautomatedvehicles.com,showing_email_candidates,not_flagged,contact_pages,info@vdlautomatedvehicles.com,,,,info@vdlautomatedvehicles.com,valid=0; invalid=0; risky=0; unknown=1
10430,>30M,viajeshalley.com,yes,,,https://egv7uqmdego.typeform.com/to/rybMWscE,0,,hola@viajeshalley.com,showing_email_candidates,not_flagged,contact_pages,,,,,,valid=0; invalid=0; risky=0; unknown=0
10431,>30M,vis-its.com,yes,,,https://vis-its.typeform.com/to/c5LxSp4C ; https://vis-its.typeform.com/to/yhTURGmm,0,,02@2x-1-2-1024x540.jpg ; 03@2x-1024x540.jpg ; 04@2x-1024x540.jpg ; 05@2x-1-1024x540.jpg ; case_img01@2x.png ; case_img02@2x.png ; case_img03@2x.png ; case_logo01@2x.png ; case_logo02@2x.png ; case_logo03@2x.png ; choice@2x.png ; company02@2x.png ; company04@2x.png ; company05@2x.png ; company08@2x.png ; company09@2x.png ; company11@2x.png ; company13@2x.png ; company28@2x.png ; company31@2x.png ; company45@2x.png ; company46@2x.png ; company47@2x.png ; company53@2x.png ; company56@2x.png ; company59@2x.png ; company60@2x.png ; company61@2x.png ; company62@2x.png ; company63@2x.png ; company_accenture@2x-1.png ; con01_img01@2x.png ; con01_img02@2x.png ; con03_img04@2x.png ; con03_img05@2x.png ; con03_img06@2x.png ; con03_img07@2x.png ; con03_img@2x.png ; content@2x.png ; diagram02@2x.png ; hv_gym_img@2x.png ; icon01@2x.png ; icon02@2x.png ; logo_accenture@2x.png ; logo_jr-central@2x.png ; map@2x.png ; member01@2x.png ; member02@2x.png ; member03@2x.png ; member04@2x.png ; member05@2x.png ; member06@2x.png ; member07@2x.png ; member08@2x.png ; member09@2x.png ; member10@2x.png ; member11@2x.png ; member12@2x.png ; member13@2x.png ; member14@2x.png ; member15@2x.png ; member16@2x.png ; member17@2x.png ; member18@2x.png ; member19@2x.png ; member20@2x.png ; member21@2x.png ; member22@2x.png ; member23@2x.png ; member24@2x.png ; member25@2x.png ; member26@2x.png ; member27@2x.png ; member31@2x.png ; mv_image04@2x.png ; mv_image05@2x.jpg ; rank_btn@2x.png ; sns_title@2x.png ; sp_map@2x.png ; sp_mv_image04@2x.png ; sp_mv_image05@2x.jpg ; strategy@2x.png ; yakuhanjp@3.3.1,showing_email_candidates,not_flagged,contact_pages,,,,,,valid=0; invalid=0; risky=0; unknown=0
10432,>30M,voltagecoffeeproject.com,yes,,,https://form.typeform.com/to/cfUII3Xn,0,,,no_public_email_found,not_flagged,contact_pages,,,,,,valid=0; invalid=0; risky=0; unknown=0
10433,>30M,voluntariositinerantes.com,yes,,,,0,,,no_public_email_found,not_flagged,contact_pages,,,,,,valid=0; invalid=0; risky=0; unknown=0
10434,>30M,vr360group.com,yes,,,,0,,bootstrap@5.3.6,showing_email_candidates,not_flagged,contact_pages,,,,,,valid=0; invalid=0; risky=0; unknown=0
10435,>30M,waikastudios.com,yes,,,https://74t50ghevtj.typeform.com/to/RrL1SPjD,0,,waikastudios@gmail.com,showing_email_candidates,not_flagged,contact_pages,,,,,,valid=0; invalid=0; risky=0; unknown=0
10436,>30M,wegoteach.com,yes,,,,0,,,no_public_email_found,not_flagged,contact_pages,,,,,,valid=0; invalid=0; risky=0; unknown=0
10437,>30M,flarelink.net,no,,,https://embed.typeform.com/,0,,bootstrap-icons@1.11.3 ; info@flarelink.net,showing_email_candidates,not_flagged,contact_pages,info@flarelink.net,,,,info@flarelink.net,valid=0; invalid=0; risky=0; unknown=1
10438,>30M,cybercollective.org,no,,,,0,,canvas-confetti@1.5.1 ; slick-carousel@1.8.1,showing_email_candidates,not_flagged,contact_pages,,,,,,valid=0; invalid=0; risky=0; unknown=0
10439,>30M,neumachurch.org,no,,,,0,,,no_public_email_found,not_flagged,contact_pages,,,,,,valid=0; invalid=0; risky=0; unknown=0
10440,>30M,purposeschools.org,yes,,,https://form.typeform.com/to/k06NgOQd,0,,aashna@purposeschools.org ; admissions@purposeschools.org ; info@purposeschools.org,showing_email_candidates,not_flagged,contact_pages,admissions@purposeschools.org ; info@purposeschools.org,admissions@purposeschools.org,,,info@purposeschools.org,valid=1; invalid=0; risky=0; unknown=1
10441,>30M,sakura-net.org,no,,,,0,,,no_public_email_found,not_flagged,contact_pages,,,,,,valid=0; invalid=0; risky=0; unknown=0
10442,>30M,shapecleveland.org,yes,,,,0,,,no_public_email_found,not_flagged,contact_pages,,,,,,valid=0; invalid=0; risky=0; unknown=0
10443,>30M,thespeakingacademy.org,yes,,,,0,,,no_public_email_found,not_flagged,contact_pages,,,,,,valid=0; invalid=0; risky=0; unknown=0
10444,>30M,uxplaybook.org,no,,,,0,,hello@uxplaybook.org,showing_email_candidates,not_flagged,contact_pages,hello@uxplaybook.org,hello@uxplaybook.org,,,,valid=1; invalid=0; risky=0; unknown=0
10445,>30M,domostroy78.ru,yes,,,,0,,,no_public_email_found,not_flagged,contact_pages,,,,,,valid=0; invalid=0; risky=0; unknown=0
10446,>30M,onpractice.ru,yes,,,,0,,,no_public_email_found,not_flagged,contact_pages,,,,,,valid=0; invalid=0; risky=0; unknown=0
10447,>30M,powersimple.ru,no,,,,0,,info@powersimple.ru,showing_email_candidates,not_flagged,contact_pages,info@powersimple.ru,,,,info@powersimple.ru,valid=0; invalid=0; risky=0; unknown=1
10448,>30M,aquagroup.su,no,,,,0,,info@aquagr.pro,showing_email_candidates,not_flagged,contact_pages,,,,,,valid=0; invalid=0; risky=0; unknown=0
10449,>30M,concrete.digital,no,,,,0,,,no_public_email_found,not_flagged,contact_pages,,,,,,valid=0; invalid=0; risky=0; unknown=0
10450,>30M,sneaky.digital,no,,,,0,,grow@sneaky.digital ; money@sneaky.digital ; team@sneaky.digital,showing_email_candidates,not_flagged,contact_pages,team@sneaky.digital,,,,team@sneaky.digital,valid=0; invalid=0; risky=0; unknown=1
10451,>30M,irstaxrelief.tax,yes,,,https://form.typeform.com/to/CZrV9Swu,0,,relief@irsproblemsolvers.tax,showing_email_candidates,not_flagged,contact_pages,,,,,,valid=0; invalid=0; risky=0; unknown=0
10452,>30M,per.tax,yes,,,,0,,,no_public_email_found,not_flagged,contact_pages,,,,,,valid=0; invalid=0; risky=0; unknown=0
10453,>30M,ev.guide,no,,,,0,,info@ev.guide ; webflow-util@4.2,showing_email_candidates,not_flagged,contact_pages,info@ev.guide,,,,info@ev.guide,valid=0; invalid=0; risky=0; unknown=1
10454,>30M,sip.guide,no,,,,0,,,no_public_email_found,not_flagged,contact_pages,,,,,,valid=0; invalid=0; risky=0; unknown=0
10455,>30M,recap.audio,yes,,,https://form.typeform.com/to/DW2fKm0S,0,,,no_public_email_found,not_flagged,contact_pages,,,,,,valid=0; invalid=0; risky=0; unknown=0
10456,>30M,fellowship.church,no,,,,0,,info@fellowship.church,showing_email_candidates,not_flagged,contact_pages,info@fellowship.church,,,,info@fellowship.church,valid=0; invalid=0; risky=0; unknown=1
10457,>30M,thefathershouse.church,yes,,,https://tfhmn.typeform.com/to/XrS7oW,0,,,no_public_email_found,not_flagged,contact_pages,,,,,,valid=0; invalid=0; risky=0; unknown=0
10458,>30M,boho.life,no,,,https://bohovans.typeform.com/,0,,ericwleedesign@gmail.com ; go@boho.life,showing_email_candidates,not_flagged,contact_pages,,,,,,valid=0; invalid=0; risky=0; unknown=0
10459,>30M,policyhub.life,no,,,,0,,,no_public_email_found,not_flagged,contact_pages,,,,,,valid=0; invalid=0; risky=0; unknown=0
10460,>30M,onthemove.life,yes,,,,0,,,no_public_email_found,not_flagged,contact_pages,,,,,,valid=0; invalid=0; risky=0; unknown=0
10461,>30M,shea.engineer,yes,,,https://sheasullivan.typeform.com/to/Of15b8,0,,,no_public_email_found,not_flagged,contact_pages,,,,,,valid=0; invalid=0; risky=0; unknown=0
10462,>30M,evan.engineer,no,,,,0,,,no_public_email_found,not_flagged,contact_pages,,,,,,valid=0; invalid=0; risky=0; unknown=0
10463,>30M,aha.direct,no,,,,0,,,no_public_email_found,not_flagged,contact_pages,,,,,,valid=0; invalid=0; risky=0; unknown=0
10464,>30M,boss.army,yes,,,https://form.typeform.com/to/aV0V0LxI,0,,,no_public_email_found,not_flagged,contact_pages,,,,,,valid=0; invalid=0; risky=0; unknown=0
10465,>30M,theventure.city,no,,,https://theventurecity.typeform.com/,0,,email@gmail.com,showing_email_candidates,not_flagged,contact_pages,,,,,,valid=0; invalid=0; risky=0; unknown=0
10466,>30M,franquicias.click,yes,,,https://s90x1l3h55p.typeform.com/to/LRoJMaQI,0,,franquicias@comeme.com.mx ; map-location-4035929-3342608@0-150x150.png ; map-location-4035929-3342608@0-300x300.png ; map-location-4035929-3342608@0.png,showing_email_candidates,not_flagged,contact_pages,,,,,,valid=0; invalid=0; risky=0; unknown=0
10467,>30M,vanke.click,no,,,,0,,,no_public_email_found,not_flagged,contact_pages,,,,,,valid=0; invalid=0; risky=0; unknown=0
10468,>30M,brand.help,no,,,,0,,,no_public_email_found,not_flagged,contact_pages,,,,,,valid=0; invalid=0; risky=0; unknown=0
10469,>30M,portuguese.top,no,,,,0,,,no_public_email_found,not_flagged,contact_pages,,,,,,valid=0; invalid=0; risky=0; unknown=0
10470,>30M,does.business,no,,,https://form.typeform.com/to/xrDkx6OJ,0,,akil@does.business,showing_email_candidates,not_flagged,contact_pages,,,,,,valid=0; invalid=0; risky=0; unknown=0
10471,>30M,credit.immo,no,,,,0,,,no_public_email_found,not_flagged,contact_pages,,,,,,valid=0; invalid=0; risky=0; unknown=0
10472,>30M,thecompany.business,no,,,,0,,,no_public_email_found,not_flagged,contact_pages,,,,,,valid=0; invalid=0; risky=0; unknown=0
10473,>30M,arch.network,yes,,,https://form.typeform.com/to/YUZ7T5jy,0,,,no_public_email_found,not_flagged,contact_pages,,,,,,valid=0; invalid=0; risky=0; unknown=0
10474,>30M,orchestras.immo,yes,,,https://gv8cdz97lsd.typeform.com/to/kEoqjbfx,0,,4laho1ck0vp0@1920x1279-1024x682.webp ; 4laho1ck0vp0@1920x1279-1536x1023.webp ; 4laho1ck0vp0@1920x1279-300x200.webp ; 4laho1ck0vp0@1920x1279-768x512.webp ; 4laho1ck0vp0@1920x1279.webp,showing_email_candidates,not_flagged,contact_pages,,,,,,valid=0; invalid=0; risky=0; unknown=0
10475,>30M,optimo.immo,no,,,,0,,,no_public_email_found,not_flagged,contact_pages,,,,,,valid=0; invalid=0; risky=0; unknown=0
10476,>30M,restart.network,yes,,,,0,,,no_public_email_found,not_flagged,contact_pages,,,,,,valid=0; invalid=0; risky=0; unknown=0
10477,>30M,enroll.work,no,,,https://embed.typeform.com/,0,,gabriel@enroll.work,showing_email_candidates,not_flagged,contact_pages,,,,,,valid=0; invalid=0; risky=0; unknown=0
10478,>30M,curriculumvitae.work,yes,,,,0,,,no_public_email_found,not_flagged,contact_pages,,,,,,valid=0; invalid=0; risky=0; unknown=0
10479,>30M,gobeyond.work,yes,,,https://prospersolutions.typeform.com/to/N7OBmckq,0,,john@legend.co,showing_email_candidates,not_flagged,contact_pages,,,,,,valid=0; invalid=0; risky=0; unknown=0
10480,>30M,stellar.work,yes,,,https://form.typeform.com/to/KPD8tVif,0,,,no_public_email_found,not_flagged,contact_pages,,,,,,valid=0; invalid=0; risky=0; unknown=0
10481,>30M,opera.ventures,no,,,,0,,investor@opera.ventures,showing_email_candidates,not_flagged,contact_pages,,,,,,valid=0; invalid=0; risky=0; unknown=0
10482,>30M,anchor.ventures,no,,,https://anchorventures.typeform.com/,0,,info@anchor.ventures,showing_email_candidates,not_flagged,contact_pages,info@anchor.ventures,,,,info@anchor.ventures,valid=0; invalid=0; risky=0; unknown=1
10483,>30M,capture.energy,yes,,,https://form.typeform.com/to/EkDvEejA,0,,gsap@3.12 ; gsap@3.13.0,showing_email_candidates,not_flagged,contact_pages,,,,,,valid=0; invalid=0; risky=0; unknown=0
10484,>30M,ewen.energy,yes,,,https://rfejar1ngrv.typeform.com/to/chjKseVV ; https://rfejar1ngrv.typeform.com/to/cYPHpEFq,0,,contact@helexia.eu ; contacto@helexia.es ; email@helexia.com.br ; info.italy@helexia.eu ; info@ewen-energy.com ; saibamais@helexia.eu ; website-carbon-badges@1.1.3,showing_email_candidates,not_flagged,contact_pages,,,,,,valid=0; invalid=0; risky=0; unknown=0
10485,>30M,infosec.party,no,,,,0,,,no_public_email_found,not_flagged,contact_pages,,,,,,valid=0; invalid=0; risky=0; unknown=0
10486,>30M,lightandlove.yoga,yes,,,,0,,,no_public_email_found,not_flagged,contact_pages,,,,,,valid=0; invalid=0; risky=0; unknown=0
10487,>30M,campus.coach,no,,,,0,,soizic.d@campus.coach ; support@campus.coach,showing_email_candidates,not_flagged,contact_pages,support@campus.coach,,,,support@campus.coach,valid=0; invalid=0; risky=0; unknown=1
10488,>30M,multi.holdings,yes,,,https://embed.typeform.com/ ; https://multiholdings.typeform.com/to/JwGlBg,0,,,no_public_email_found,not_flagged,contact_pages,,,,,,valid=0; invalid=0; risky=0; unknown=0
10489,>30M,mesis.coach,no,,,,0,,,no_public_email_found,not_flagged,contact_pages,,,,,,valid=0; invalid=0; risky=0; unknown=0
10490,>30M,savage.coach,yes,,,https://c7wcqzv24tw.typeform.com/to/LGldWgFn,0,,info@savage.coach,showing_email_candidates,not_flagged,contact_pages,info@savage.coach,,,,info@savage.coach,valid=0; invalid=0; risky=0; unknown=1
10491,>30M,cpa.legal,yes,,,https://lxgroupe.typeform.com/to/w81khsWm,0,,,no_public_email_found,not_flagged,contact_pages,,,,,,valid=0; invalid=0; risky=0; unknown=0
10492,>30M,angster.legal,yes,,,,0,,dpo-google@google.com ; gdpr@typeform.com ; info@angster.de ; schlichtungsstelle@brak.de,showing_email_candidates,not_flagged,contact_pages,,,,,,valid=0; invalid=0; risky=0; unknown=0
10493,>30M,gmbh.legal,no,,,,0,,,no_public_email_found,not_flagged,contact_pages,,,,,,valid=0; invalid=0; risky=0; unknown=0
10494,>30M,migration.legal,no,,,,0,,,no_public_email_found,not_flagged,contact_pages,,,,,,valid=0; invalid=0; risky=0; unknown=0
10495,>30M,rescue.money,no,,,https://giveth.typeform.com/,0,,hello@rescue.money,showing_email_candidates,not_flagged,contact_pages,hello@rescue.money,hello@rescue.money,,,,valid=1; invalid=0; risky=0; unknown=0
10496,>30M,simplified.video,no,,,https://sosimplified.typeform.com/,0,,hello@simplified.com,showing_email_candidates,not_flagged,contact_pages,,,,,,valid=0; invalid=0; risky=0; unknown=0
10497,>30M,emily.guru,yes,,,,0,,,no_public_email_found,not_flagged,contact_pages,,,,,,valid=0; invalid=0; risky=0; unknown=0
10498,>30M,letsgo.fit,no,,,,0,,,no_public_email_found,not_flagged,contact_pages,,,,,,valid=0; invalid=0; risky=0; unknown=0
10499,>30M,trybe.fit,yes,,,,0,,ben@example.com ; dana@example.com ; jo@example.com ; maya@example.com ; riley@example.com ; sam@example.com ; tomas@example.com,showing_email_candidates,not_flagged,contact_pages,,,,,,valid=0; invalid=0; risky=0; unknown=0
10500,>30M,mazzel.amsterdam,no,,,,0,,,no_public_email_found,not_flagged,contact_pages,,,,,,valid=0; invalid=0; risky=0; unknown=0
10501,>30M,dnd.one,yes,,,https://dnddev.typeform.com/to/OaIj67,0,,office@dnd.one,showing_email_candidates,not_flagged,contact_pages,office@dnd.one,,,,office@dnd.one,valid=0; invalid=0; risky=0; unknown=1
10502,>30M,gkr.one,no,,,,0,,,no_public_email_found,not_flagged,contact_pages,,,,,,valid=0; invalid=0; risky=0; unknown=0
10503,>30M,tax.one,yes,,,https://taxone.typeform.com/ ; https://taxone.typeform.com/to/AcOLnWJ9,0,,,no_public_email_found,not_flagged,contact_pages,,,,,,valid=0; invalid=0; risky=0; unknown=0
10504,>30M,telos.one,yes,,,https://telosone.typeform.com/to/VzQDFh0C,0,,hello@telos.one,showing_email_candidates,not_flagged,contact_pages,hello@telos.one,hello@telos.one,,,,valid=1; invalid=0; risky=0; unknown=0
10505,>30M,tmi.one,no,,,,0,,contact@tmi.one,showing_email_candidates,not_flagged,contact_pages,contact@tmi.one,contact@tmi.one,,,,valid=1; invalid=0; risky=0; unknown=0
10506,>30M,blast.design,yes,,,https://849cnq2de1x.typeform.com/to/bvIckSuQ,0,,,no_public_email_found,not_flagged,contact_pages,,,,,,valid=0; invalid=0; risky=0; unknown=0
10507,>30M,myhome.construction,yes,,,https://form.typeform.com/to/MIw4vfc4,0,,,no_public_email_found,not_flagged,contact_pages,,,,,,valid=0; invalid=0; risky=0; unknown=0
10508,>30M,designhouse.design,yes,,,https://designhouse.typeform.com/to/Qfve9pDU,0,,,no_public_email_found,not_flagged,contact_pages,,,,,,valid=0; invalid=0; risky=0; unknown=0
10509,>30M,limefish.design,no,,,,0,,,no_public_email_found,not_flagged,contact_pages,,,,,,valid=0; invalid=0; risky=0; unknown=0
10510,>30M,julian-fuchs.design,yes,,,,0,,aktivismus@2x.png ; erfahrung@2x.png ; hello@julian-fuchs.design ; insta@2x-2.png ; mail@2x.png ; phone@2x.png ; projekte@2x.png,showing_email_candidates,not_flagged,contact_pages,hello@julian-fuchs.design,hello@julian-fuchs.design,,,,valid=1; invalid=0; risky=0; unknown=0
10511,>30M,i3d.design,yes,,,https://lrm163qstmg.typeform.com/to/Hfd1NuIt,0,,viewer@1.9.59,showing_email_candidates,not_flagged,contact_pages,,,,,,valid=0; invalid=0; risky=0; unknown=0
10512,>30M,reframe.design,yes,,,https://reframe146065.typeform.com/to/pxgRJO82,0,,hello@reframe.design,showing_email_candidates,not_flagged,contact_pages,hello@reframe.design,hello@reframe.design,,,,valid=1; invalid=0; risky=0; unknown=0
10513,>30M,javea.apartments,yes,,,https://form.typeform.com/to/Qk4t0Irq,0,,josegarcia@email.com ; ritmongo@ritmongo.es,showing_email_candidates,not_flagged,contact_pages,,,,,,valid=0; invalid=0; risky=0; unknown=0
10514,>30M,jr.technology,no,,,,0,,,no_public_email_found,not_flagged,contact_pages,,,,,,valid=0; invalid=0; risky=0; unknown=0
10515,>30M,brownie.cafe,yes,,,https://form.typeform.com/to/jM3BgMBP,0,,,no_public_email_found,not_flagged,contact_pages,,,,,,valid=0; invalid=0; risky=0; unknown=0
10516,>30M,join.team,yes,,,,0,,,no_public_email_found,not_flagged,contact_pages,,,,,,valid=0; invalid=0; risky=0; unknown=0
10517,>30M,latitude.team,no,,,,0,,hello@latitude.team,showing_email_candidates,not_flagged,contact_pages,hello@latitude.team,hello@latitude.team,,,,valid=1; invalid=0; risky=0; unknown=0
10518,>30M,solar.team,no,,,,0,,,no_public_email_found,not_flagged,contact_pages,,,,,,valid=0; invalid=0; risky=0; unknown=0
10519,>30M,dogsoflosangeles.dog,yes,,,https://bethmillman.typeform.com/to/lKtTvF,0,,,no_public_email_found,not_flagged,contact_pages,,,,,,valid=0; invalid=0; risky=0; unknown=0
10520,>30M,5star.dog,yes,,,https://quiz.typeform.com/to/NYpGu4op,0,,bark@5star.dog ; marek@5star.dog,showing_email_candidates,not_flagged,contact_pages,,,,,,valid=0; invalid=0; risky=0; unknown=0
10521,>30M,nur.run,no,,,,0,,,no_public_email_found,not_flagged,contact_pages,,,,,,valid=0; invalid=0; risky=0; unknown=0
10522,>30M,pat.fyi,yes,,,https://embed.typeform.com/ ; https://form.typeform.com/to/UOw0Kw7u,0,,,no_public_email_found,not_flagged,contact_pages,,,,,,valid=0; invalid=0; risky=0; unknown=0
10523,>30M,ecom.mba,no,,,,0,,flags@2x.png,showing_email_candidates,not_flagged,contact_pages,,,,,,valid=0; invalid=0; risky=0; unknown=0
10524,>30M,cracow.today,no,,,,0,,,no_public_email_found,not_flagged,contact_pages,,,,,,valid=0; invalid=0; risky=0; unknown=0
10525,>30M,madsen.today,yes,,,https://form.typeform.com/to/KKkOHC5Z,0,,,no_public_email_found,not_flagged,contact_pages,,,,,,valid=0; invalid=0; risky=0; unknown=0
10526,>30M,sendhelp.today,yes,,,https://form.typeform.com/to/ewc1ZkVJ,0,,hello@sendhelp.today,showing_email_candidates,not_flagged,contact_pages,hello@sendhelp.today,,hello@sendhelp.today,,,valid=0; invalid=1; risky=0; unknown=0
10527,>30M,upkeep.today,yes,,,https://form.typeform.com/to/H5YKkeQh,0,,upkeeplife@gmail.com,showing_email_candidates,not_flagged,contact_pages,,,,,,valid=0; invalid=0; risky=0; unknown=0
10528,>30M,3000.cloud,yes,,,,0,,hello@yourbrand.com,showing_email_candidates,not_flagged,contact_pages,,,,,,valid=0; invalid=0; risky=0; unknown=0
10529,>30M,incloudsolutions.cloud,no,,,,0,,you@example.com,showing_email_candidates,not_flagged,contact_pages,,,,,,valid=0; invalid=0; risky=0; unknown=0
10530,>30M,xtm.cloud,no,,,,0,,,no_public_email_found,not_flagged,contact_pages,,,,,,valid=0; invalid=0; risky=0; unknown=0
10531,>30M,history.live,no,,,,0,,,no_public_email_found,not_flagged,contact_pages,,,,,,valid=0; invalid=0; risky=0; unknown=0
10532,>30M,yard.live,yes,,,https://form.typeform.com/to/MQveEPEK,0,,,no_public_email_found,not_flagged,contact_pages,,,,,,valid=0; invalid=0; risky=0; unknown=0
10533,>30M,eigentumswohnungen-dresden.immobilien,no,,,,0,,info@immovista.de,showing_email_candidates,not_flagged,contact_pages,,,,,,valid=0; invalid=0; risky=0; unknown=0
10534,>30M,x.wine,no,,,,0,,contact@x.wine,showing_email_candidates,not_flagged,contact_pages,contact@x.wine,,contact@x.wine,,,valid=0; invalid=1; risky=0; unknown=0
10535,>30M,creditinfo.group,no,,,,0,,,no_public_email_found,not_flagged,contact_pages,,,,,,valid=0; invalid=0; risky=0; unknown=0
10536,>30M,akp.solutions,no,,,,0,,,no_public_email_found,not_flagged,contact_pages,,,,,,valid=0; invalid=0; risky=0; unknown=0
10537,>30M,jarvis.solutions,yes,,,,0,,,no_public_email_found,not_flagged,contact_pages,,,,,,valid=0; invalid=0; risky=0; unknown=0
10538,>30M,ryan.solutions,yes,,,,0,,,no_public_email_found,not_flagged,contact_pages,,,,,,valid=0; invalid=0; risky=0; unknown=0
10539,>30M,innercircle.vip,yes,,,https://elevationproject.typeform.com/to/f4CSxz7k,0,,,no_public_email_found,not_flagged,contact_pages,,,,,,valid=0; invalid=0; risky=0; unknown=0
10540,>30M,bethechange.international,yes,,,https://frontify.typeform.com/to/Dj3Utn,0,,,no_public_email_found,not_flagged,contact_pages,,,,,,valid=0; invalid=0; risky=0; unknown=0
10541,>30M,inscribe.education,no,,,,0,,,no_public_email_found,not_flagged,contact_pages,,,,,,valid=0; invalid=0; risky=0; unknown=0
10542,>30M,droneag.farm,yes,,,,0,,,no_public_email_found,not_flagged,contact_pages,,,,,,valid=0; invalid=0; risky=0; unknown=0
10543,>30M,bingham.academy,yes,,,https://m8b4if6xl2p.typeform.com/to/bfjS8lxq ; https://m8b4if6xl2p.typeform.com/to/KUjDWhNg,0,,office@bingham.academy,showing_email_candidates,not_flagged,contact_pages,office@bingham.academy,,,,office@bingham.academy,valid=0; invalid=0; risky=0; unknown=1
10544,>30M,okr.academy,yes,,,,0,,,no_public_email_found,not_flagged,contact_pages,,,,,,valid=0; invalid=0; risky=0; unknown=0
10545,>30M,virtualimplant.academy,no,,,,0,,,no_public_email_found,not_flagged,contact_pages,,,,,,valid=0; invalid=0; risky=0; unknown=0
10546,>30M,industry40.systems,no,,,,0,,,no_public_email_found,not_flagged,contact_pages,,,,,,valid=0; invalid=0; risky=0; unknown=0
10547,>30M,aids.center,no,,,https://embed.typeform.com/,0,,doronkin@spid.center ; info@spid.center ; polinadir@spid.center ; vorobieva@spid.center,showing_email_candidates,not_flagged,contact_pages,,,,,,valid=0; invalid=0; risky=0; unknown=0
10548,>30M,sienna.wang,no,,,,0,,,no_public_email_found,not_flagged,contact_pages,,,,,,valid=0; invalid=0; risky=0; unknown=0
10549,>30M,digitalina.agency,yes,,,https://r5jxn59gzzd.typeform.com/to/lNBm2uw7 ; https://r5jxn59gzzd.typeform.com/to/rmFtf82m,0,,splide@3.2.2,showing_email_candidates,not_flagged,contact_pages,,,,,,valid=0; invalid=0; risky=0; unknown=0
10550,>30M,nia.agency,no,,,https://embed.typeform.com/,0,,57@2x.png ; 72@2x.png ; favicon-@32.png ; favicon-@57.png ; favicon-@72.png ; sales@nia.agency ; support@nia.agency,showing_email_candidates,not_flagged,contact_pages,sales@nia.agency ; support@nia.agency,,,,sales@nia.agency ; support@nia.agency,valid=0; invalid=0; risky=0; unknown=2
10551,>30M,jlm.agency,yes,,,https://form.typeform.com/to/kvuY5jGW,0,,asset-1@4x-8-1024x361.png ; asset-1@4x-8-1536x542.png ; asset-1@4x-8-300x106.png ; asset-1@4x-8.png ; hello@jlm.agency,showing_email_candidates,not_flagged,contact_pages,hello@jlm.agency,hello@jlm.agency,,,,valid=1; invalid=0; risky=0; unknown=0
10552,>30M,headshot.agency,yes,,,,0,,,no_public_email_found,not_flagged,contact_pages,,,,,,valid=0; invalid=0; risky=0; unknown=0
10553,>30M,convo.social,yes,,,,0,,,no_public_email_found,not_flagged,contact_pages,,,,,,valid=0; invalid=0; risky=0; unknown=0
10554,>30M,bottomline.marketing,yes,,,,0,,,no_public_email_found,not_flagged,contact_pages,,,,,,valid=0; invalid=0; risky=0; unknown=0
10555,>30M,academie.marketing,no,,,,0,,,no_public_email_found,not_flagged,contact_pages,,,,,,valid=0; invalid=0; risky=0; unknown=0
10556,>30M,kaehler.photo,no,,,,0,,,no_public_email_found,not_flagged,contact_pages,,,,,,valid=0; invalid=0; risky=0; unknown=0
10557,>30M,maker.red,no,,,,0,,,no_public_email_found,not_flagged,contact_pages,,,,,,valid=0; invalid=0; risky=0; unknown=0
10558,>30M,civi.link,yes,,,https://kaffstrat.typeform.com/to/Sv3jHAnK,0,,gsap@3.12.5 ; sales@civi.link,showing_email_candidates,not_flagged,contact_pages,sales@civi.link,,,,sales@civi.link,valid=0; invalid=0; risky=0; unknown=1
10559,>30M,payvia.link,yes,,,https://shree11.typeform.com/to/X8iexVtF,0,,,no_public_email_found,not_flagged,contact_pages,,,,,,valid=0; invalid=0; risky=0; unknown=0
10560,>30M,sane.tools,no,,,,0,,,no_public_email_found,not_flagged,contact_pages,,,,,,valid=0; invalid=0; risky=0; unknown=0
10561,>30M,hana.cool,no,,,,0,,,no_public_email_found,not_flagged,contact_pages,,,,,,valid=0; invalid=0; risky=0; unknown=0
10562,>30M,v-tex.cool,no,,,,0,,,no_public_email_found,not_flagged,contact_pages,,,,,,valid=0; invalid=0; risky=0; unknown=0
10563,>30M,sellmy.watch,yes,,,https://m10e.typeform.com/to/NRtuZ7,0,,,no_public_email_found,not_flagged,contact_pages,,,,,,valid=0; invalid=0; risky=0; unknown=0
10564,>30M,realestateinvestment.expert,no,,,,0,,ron.benning@lptrealty.com,showing_email_candidates,not_flagged,contact_pages,,,,,,valid=0; invalid=0; risky=0; unknown=0
10565,>30M,huddle.works,no,,,https://images.typeform.com/,0,,,no_public_email_found,not_flagged,contact_pages,,,,,,valid=0; invalid=0; risky=0; unknown=0
10566,>30M,deals.community,yes,,,,0,,hello@deals.community ; policies@deals.community,showing_email_candidates,not_flagged,contact_pages,hello@deals.community,,hello@deals.community,,,valid=0; invalid=1; risky=0; unknown=0
10567,>30M,led.community,no,,,,0,,,no_public_email_found,not_flagged,contact_pages,,,,,,valid=0; invalid=0; risky=0; unknown=0
10568,>30M,cptsd.community,no,,,,0,,,no_public_email_found,not_flagged,contact_pages,,,,,,valid=0; invalid=0; risky=0; unknown=0
10569,>30M,financialfreedom.events,yes,,,https://shqcreative.typeform.com/to/RZMPDzuJ ; https://shqcreative.typeform.com/to/siRKx57a,0,,,no_public_email_found,not_flagged,contact_pages,,,,,,valid=0; invalid=0; risky=0; unknown=0
10570,>30M,architex.events,no,,,,0,,,no_public_email_found,not_flagged,contact_pages,,,,,,valid=0; invalid=0; risky=0; unknown=0
10571,>30M,autorepair.properties,yes,,,https://jqwwadgon2p.typeform.com/to/adx3GwbG,0,,trizzardi@naicapital.com,showing_email_candidates,not_flagged,contact_pages,,,,,,valid=0; invalid=0; risky=0; unknown=0
10572,>30M,dos.blue,no,,,,0,,hello@designopenspaces.it,showing_email_candidates,not_flagged,contact_pages,,,,,,valid=0; invalid=0; risky=0; unknown=0
10573,>30M,wise.blue,no,,,,0,,,no_public_email_found,not_flagged,contact_pages,,,,,,valid=0; invalid=0; risky=0; unknown=0
10574,>30M,dragon.fish,yes,,,,0,,hello@dragon.fish ; profit@dragon.fish,showing_email_candidates,not_flagged,contact_pages,hello@dragon.fish,hello@dragon.fish,,,,valid=1; invalid=0; risky=0; unknown=0
10575,>30M,ixd.wiki,no,,,,0,,,no_public_email_found,not_flagged,contact_pages,,,,,,valid=0; invalid=0; risky=0; unknown=0
10576,>30M,jaz.wiki,no,,,,0,,,no_public_email_found,not_flagged,contact_pages,,,,,,valid=0; invalid=0; risky=0; unknown=0
10577,>30M,watt.wiki,no,,,,0,,,no_public_email_found,not_flagged,contact_pages,,,,,,valid=0; invalid=0; risky=0; unknown=0
10578,>30M,kai.wiki,no,,,,0,,,no_public_email_found,not_flagged,contact_pages,,,,,,valid=0; invalid=0; risky=0; unknown=0
10579,>30M,corporategifts.london,yes,,,https://form.typeform.com/to/Jr4vXl97,0,,corporate@champagneandgifts.co.uk,showing_email_candidates,not_flagged,contact_pages,,,,,,valid=0; invalid=0; risky=0; unknown=0
10580,>30M,re-mind.london,yes,,,,0,,,no_public_email_found,not_flagged,contact_pages,,,,,,valid=0; invalid=0; risky=0; unknown=0
10581,>30M,apprenticeships.miami,yes,,,https://qcn7s56vavg.typeform.com/to/jXfJLVci ; https://qcn7s56vavg.typeform.com/to/UADdyrg3,0,,,no_public_email_found,not_flagged,contact_pages,,,,,,valid=0; invalid=0; risky=0; unknown=0
10582,>30M,dynamic.reviews,no,,,,0,,,no_public_email_found,not_flagged,contact_pages,,,,,,valid=0; invalid=0; risky=0; unknown=0
10583,>30M,aeronauts.rocks,no,,,,0,,hello@aeronauts.rocks,showing_email_candidates,not_flagged,contact_pages,hello@aeronauts.rocks,hello@aeronauts.rocks,,,,valid=1; invalid=0; risky=0; unknown=0
10584,>30M,bip.rocks,no,,,,0,,,no_public_email_found,not_flagged,contact_pages,,,,,,valid=0; invalid=0; risky=0; unknown=0
10585,>30M,aotearoa.rocks,yes,,,https://45degreessailing.typeform.com/,0,,,no_public_email_found,not_flagged,contact_pages,,,,,,valid=0; invalid=0; risky=0; unknown=0
10586,>30M,roxtar.rocks,yes,,,https://form.typeform.com/to/abd6kFKj ; https://form.typeform.com/to/fX2Lnc,0,,apparel_collection_image_3d1f178f-6500-4357-b4e8-e1af8b32e3b4_330x330@2x.png ; bass_drum_mallets_collection_banner_330x330@2x.png ; drumsticks_colletion_pic_330x330@2x.png ; kick_reso_collection_image_330x330@2x.png ; marching_bass_heads_banner_330x330@2x.png ; marching_snare_heads_collection_image_330x330@2x.png ; marching_sticks_banner_330x330@2x.png ; screen_shot_2025-09-30_at_8.47.52_am_1280x@2x.png ; snare_batter_collection_image_330x330@2x.png,showing_email_candidates,not_flagged,contact_pages,,,,,,valid=0; invalid=0; risky=0; unknown=0
10587,>30M,wolfen.consulting,no,,,,0,,,no_public_email_found,not_flagged,contact_pages,,,,,,valid=0; invalid=0; risky=0; unknown=0
10588,>30M,leed.services,no,,,,0,,,no_public_email_found,not_flagged,contact_pages,,,,,,valid=0; invalid=0; risky=0; unknown=0
10589,>30M,jazz.services,yes,,,https://mikerubini.typeform.com/to/UxPNqH,0,,,no_public_email_found,not_flagged,contact_pages,,,,,,valid=0; invalid=0; risky=0; unknown=0
10590,>30M,dakine.media,yes,,,https://lrx0e2vo0op.typeform.com/to/cWnxwMHY,0,,,no_public_email_found,not_flagged,contact_pages,,,,,,valid=0; invalid=0; risky=0; unknown=0
10591,>30M,afrika-safari.reisen,no,,,,0,,safari@afrikascout.de ; traumreisen@afrikascout.de ; traumreisen@afrikascout.deinternet,showing_email_candidates,not_flagged,contact_pages,,,,,,valid=0; invalid=0; risky=0; unknown=0
10592,>30M,streamline.finance,yes,,,,0,,admin@streamline.finance,showing_email_candidates,not_flagged,contact_pages,admin@streamline.finance,admin@streamline.finance,,,,valid=1; invalid=0; risky=0; unknown=0
10593,>30M,decent.fund,yes,,,,0,,,no_public_email_found,not_flagged,contact_pages,,,,,,valid=0; invalid=0; risky=0; unknown=0
10594,>30M,abscarrentalgd.com,yes,,,,0,,,no_public_email_found,not_flagged,contact_pages,,,,,,valid=0; invalid=0; risky=0; unknown=0
10595,>30M,b-conseils.com,no,,,,0,,vous@exemple.com,showing_email_candidates,not_flagged,contact_pages,,,,,,valid=0; invalid=0; risky=0; unknown=0
10596,>30M,fortify-health.com,yes,,,https://3weusvvhggs.typeform.com/to/jk3Drbh2,0,,core@3.27.0 ; styles@1.4.1,showing_email_candidates,not_flagged,contact_pages,,,,,,valid=0; invalid=0; risky=0; unknown=0
10597,>30M,happyhourcrossfit.com,no,,,,0,,jaime@happyhourcrossfit.com,showing_email_candidates,not_flagged,contact_pages,,,,,,valid=0; invalid=0; risky=0; unknown=0
10598,>30M,orangecitychurch.com,no,,,,0,,margeliac20@gmail.com,showing_email_candidates,not_flagged,contact_pages,,,,,,valid=0; invalid=0; risky=0; unknown=0
10599,>30M,sanadtech.com,yes,,,https://sanadtech.typeform.com/to/ej09Ud,0,,contact@sanadtech.com ; devicon@v2.10.1,showing_email_candidates,not_flagged,contact_pages,contact@sanadtech.com,contact@sanadtech.com,,,,valid=1; invalid=0; risky=0; unknown=0
10600,>30M,solidgard.com,no,,,,0,,,no_public_email_found,not_flagged,contact_pages,,,,,,valid=0; invalid=0; risky=0; unknown=0
10601,>30M,vestorpro.com,no,,,https://vestorpro.pro.typeform.com/,0,,hello@relume.io ; webflow-util@5.4.0,showing_email_candidates,not_flagged,contact_pages,,,,,,valid=0; invalid=0; risky=0; unknown=0
10602,>30M,wip01.com,no,,,,0,,,no_public_email_found,not_flagged,contact_pages,,,,,,valid=0; invalid=0; risky=0; unknown=0
10603,>30M,stiftungassistenzhund.org,no,,,,0,,,no_public_email_found,not_flagged,contact_pages,,,,,,valid=0; invalid=0; risky=0; unknown=0
10604,>30M,goserv.us,no,,,,0,,,no_public_email_found,not_flagged,contact_pages,,,,,,valid=0; invalid=0; risky=0; unknown=0
10605,>30M,ncrca.us,no,,,,0,,,no_public_email_found,not_flagged,contact_pages,,,,,,valid=0; invalid=0; risky=0; unknown=0
10606,>30M,symetri.us,no,,,,0,,contact-us@symetri.com ; marketing-us@symetri.com ; techsupport-us@symetri.com,showing_email_candidates,not_flagged,contact_pages,,,,,,valid=0; invalid=0; risky=0; unknown=0
10607,>30M,visla.us,no,,,,0,,logo-136x40@2x.webp,showing_email_candidates,not_flagged,contact_pages,,,,,,valid=0; invalid=0; risky=0; unknown=0
10608,>30M,aetherspace.tech,no,,,,0,,contact@aetherspace.tech ; you@example.com,showing_email_candidates,not_flagged,contact_pages,contact@aetherspace.tech,contact@aetherspace.tech,,,,valid=1; invalid=0; risky=0; unknown=0
10609,>30M,collaborative.tech,yes,,,https://dkejevlwldw.typeform.com/to/HOeA9PWJ,0,,stewards@collaborative.tech,showing_email_candidates,not_flagged,contact_pages,,,,,,valid=0; invalid=0; risky=0; unknown=0
10610,>30M,ejet.tech,yes,,,https://1yozq72d012.typeform.com/to/ry3DR14n,0,,info@ejet.tech,showing_email_candidates,not_flagged,contact_pages,info@ejet.tech,,,,info@ejet.tech,valid=0; invalid=0; risky=0; unknown=1
10611,>30M,enable.tech,no,,,,0,,,no_public_email_found,not_flagged,contact_pages,,,,,,valid=0; invalid=0; risky=0; unknown=0
10612,>30M,digitalempire.tech,no,,,,0,,info@digitalempire.tech,showing_email_candidates,not_flagged,contact_pages,info@digitalempire.tech,,,,info@digitalempire.tech,valid=0; invalid=0; risky=0; unknown=1
10613,>30M,flyingcow.tech,no,,,,0,,,no_public_email_found,not_flagged,contact_pages,,,,,,valid=0; invalid=0; risky=0; unknown=0
10614,>30M,norma.tech,yes,,,https://form.typeform.com/to/bPfrULUT,0,,,no_public_email_found,not_flagged,contact_pages,,,,,,valid=0; invalid=0; risky=0; unknown=0
10615,>30M,naya.tech,no,,,,0,,support@naya.tech,showing_email_candidates,not_flagged,contact_pages,support@naya.tech,,,,support@naya.tech,valid=0; invalid=0; risky=0; unknown=1
10616,>30M,purposedriven.tech,no,,,,0,,,no_public_email_found,not_flagged,contact_pages,,,,,,valid=0; invalid=0; risky=0; unknown=0
10617,>30M,resim.tech,no,,,,0,,,no_public_email_found,not_flagged,contact_pages,,,,,,valid=0; invalid=0; risky=0; unknown=0
10618,>30M,solidarity.tech,no,,,,0,,gsap@3.12.5 ; support@solidarity.tech,showing_email_candidates,not_flagged,contact_pages,support@solidarity.tech,,,,support@solidarity.tech,valid=0; invalid=0; risky=0; unknown=1
10619,>30M,tapin.tech,no,,,,0,,,no_public_email_found,not_flagged,contact_pages,,,,,,valid=0; invalid=0; risky=0; unknown=0
10620,>30M,topin.tech,no,,,,0,,support@topin.tech,showing_email_candidates,not_flagged,contact_pages,support@topin.tech,,,,support@topin.tech,valid=0; invalid=0; risky=0; unknown=1
10621,>30M,xtina.tech,no,,,,0,,,no_public_email_found,not_flagged,contact_pages,,,,,,valid=0; invalid=0; risky=0; unknown=0
10622,>30M,zuno.tech,no,,,https://embed.typeform.com/,0,,,no_public_email_found,not_flagged,contact_pages,,,,,,valid=0; invalid=0; risky=0; unknown=0
10623,>30M,bauvermessung.ruhr,yes,,,https://2ucgddtichr.typeform.com/to/LvMs9IEs,0,,dpo-google@google.com ; dpo@wordpress.org ; kontakt@bauvermessung.ruhr,showing_email_candidates,not_flagged,contact_pages,,,,,,valid=0; invalid=0; risky=0; unknown=0
10624,>30M,startups.ruhr,yes,,,https://startupsruhr.typeform.com/to/SIB2XP,0,,,no_public_email_found,not_flagged,contact_pages,,,,,,valid=0; invalid=0; risky=0; unknown=0
10625,>30M,kklab.nagoya,no,,,,0,,,no_public_email_found,not_flagged,contact_pages,,,,,,valid=0; invalid=0; risky=0; unknown=0
10626,>30M,chaleur.tokyo,no,,,,0,,,no_public_email_found,not_flagged,contact_pages,,,,,,valid=0; invalid=0; risky=0; unknown=0
10627,>30M,imobile.tokyo,no,,,,0,,,no_public_email_found,not_flagged,contact_pages,,,,,,valid=0; invalid=0; risky=0; unknown=0
10628,>30M,miki.tokyo,no,,,,0,,,no_public_email_found,not_flagged,contact_pages,,,,,,valid=0; invalid=0; risky=0; unknown=0
10629,>30M,s-tech.tokyo,no,,,,0,,,no_public_email_found,not_flagged,contact_pages,,,,,,valid=0; invalid=0; risky=0; unknown=0
10630,>30M,119333.xyz,no,,,https://www.typeform.com/,0,,,no_public_email_found,not_flagged,contact_pages,,,,,,valid=0; invalid=0; risky=0; unknown=0
10631,>30M,365now.xyz,no,,,,0,,,no_public_email_found,not_flagged,contact_pages,,,,,,valid=0; invalid=0; risky=0; unknown=0
10632,>30M,antok.xyz,no,,,,0,,,no_public_email_found,not_flagged,contact_pages,,,,,,valid=0; invalid=0; risky=0; unknown=0
10633,>30M,bebop.xyz,yes,,,https://survey.typeform.com/to/ePR7NzMN ; https://survey.typeform.com/to/PwACeaHD ; https://survey.typeform.com/to/QsnrTOAz ; https://survey.typeform.com/to/tmPax8Fu,0,,,no_public_email_found,not_flagged,contact_pages,,,,,,valid=0; invalid=0; risky=0; unknown=0
10634,>30M,bridge.xyz,yes,,,https://v39o5vq66gb.typeform.com/to/lhJWniQq,0,,gsap@3.12.5,showing_email_candidates,not_flagged,contact_pages,,,,,,valid=0; invalid=0; risky=0; unknown=0
10635,>30M,cgcookie.xyz,no,,,,0,,,no_public_email_found,not_flagged,contact_pages,,,,,,valid=0; invalid=0; risky=0; unknown=0
10636,>30M,conduit.xyz,yes,,,https://conduitxyz.typeform.com/,0,,conduit-breaker@1.2.0 ; contact@conduit.xyz,showing_email_candidates,not_flagged,contact_pages,contact@conduit.xyz,,contact@conduit.xyz,,,valid=0; invalid=1; risky=0; unknown=0
10637,>30M,eon.xyz,no,,,https://form.typeform.com/to/PCiMuliU,0,,,no_public_email_found,not_flagged,contact_pages,,,,,,valid=0; invalid=0; risky=0; unknown=0
10638,>30M,gauntlet.xyz,yes,,,https://9pczr1lapod.typeform.com/to/hCKUOFHo ; https://form.typeform.com/to/Dg1csGfV,0,,lenis@v0.2.26,showing_email_candidates,not_flagged,contact_pages,,,,,,valid=0; invalid=0; risky=0; unknown=0
10639,>30M,gthm.xyz,no,,,,0,,,no_public_email_found,not_flagged,contact_pages,,,,,,valid=0; invalid=0; risky=0; unknown=0
10640,>30M,jephson.xyz,no,,,,0,,jephsonco98@gmail.com,showing_email_candidates,not_flagged,contact_pages,,,,,,valid=0; invalid=0; risky=0; unknown=0
10641,>30M,jwong.xyz,no,,,,0,,,no_public_email_found,not_flagged,contact_pages,,,,,,valid=0; invalid=0; risky=0; unknown=0
10642,>30M,kaio.xyz,no,,,https://kaioxyz.typeform.com/,0,,boosters-tab-rotation-webflow@1.2.0,showing_email_candidates,not_flagged,contact_pages,,,,,,valid=0; invalid=0; risky=0; unknown=0
10643,>30M,laundryclub.xyz,yes,,,,0,,,no_public_email_found,not_flagged,contact_pages,,,,,,valid=0; invalid=0; risky=0; unknown=0
10644,>30M,mene.xyz,no,,,,0,,,no_public_email_found,not_flagged,contact_pages,,,,,,valid=0; invalid=0; risky=0; unknown=0
10645,>30M,passage.xyz,no,,,https://muevdk2spbz.typeform.com/,0,,splide-extension-auto-scroll@0.5.3 ; splide@4.1.4,showing_email_candidates,not_flagged,contact_pages,,,,,,valid=0; invalid=0; risky=0; unknown=0
10646,>30M,peaq.xyz,yes,,,,0,,lenis@1.0.23 ; scripts@v1.0.2,showing_email_candidates,not_flagged,contact_pages,,,,,,valid=0; invalid=0; risky=0; unknown=0
10647,>30M,puertovallarta.xyz,yes,,,,0,,,no_public_email_found,not_flagged,contact_pages,,,,,,valid=0; invalid=0; risky=0; unknown=0
10648,>30M,quantm.xyz,no,,,,0,,,no_public_email_found,not_flagged,contact_pages,,,,,,valid=0; invalid=0; risky=0; unknown=0
10649,>30M,saged.xyz,no,,,,0,,,no_public_email_found,not_flagged,contact_pages,,,,,,valid=0; invalid=0; risky=0; unknown=0
10650,>30M,saxon.xyz,no,,,https://saxon-advisors.typeform.com/,0,,iann.delap@saxon.xyz ; james.sherborne@saxon.xyz ; jsherborne92@gmail.com ; rhys.evans@saxon.xyz ; saul.thurley@saxon.xyz ; steven.ferebee@saxon.xyz ; tom.sherborne@saxon.xyz ; ultan.miller@saxon.xyz,showing_email_candidates,not_flagged,contact_pages,,,,,,valid=0; invalid=0; risky=0; unknown=0
10651,>30M,sohum.xyz,no,,,,0,,,no_public_email_found,not_flagged,contact_pages,,,,,,valid=0; invalid=0; risky=0; unknown=0
10652,>30M,tnad.xyz,no,,,,0,,,no_public_email_found,not_flagged,contact_pages,,,,,,valid=0; invalid=0; risky=0; unknown=0
10653,>30M,tonic.xyz,no,,,https://tonicxyz.typeform.com/,0,,concierge@tonic.xyz ; support@tonic.xyz,showing_email_candidates,not_flagged,contact_pages,support@tonic.xyz,,,,support@tonic.xyz,valid=0; invalid=0; risky=0; unknown=1
10654,>30M,votre.xyz,yes,,,https://pukzi11x7je.typeform.com/to/Z5ZnQlOJ,0,,operations@votre.xyz,showing_email_candidates,not_flagged,contact_pages,,,,,,valid=0; invalid=0; risky=0; unknown=0
10655,>30M,wetrafa.xyz,no,,,,0,,,no_public_email_found,not_flagged,contact_pages,,,,,,valid=0; invalid=0; risky=0; unknown=0
10656,>30M,dragonmarketing.wales,yes,,,https://admin.typeform.com/ ; https://embed.typeform.com/ ; https://form.typeform.com/to/EwQtKBYk,0,,info@dragonmarketing.wales,showing_email_candidates,not_flagged,contact_pages,info@dragonmarketing.wales,,,,info@dragonmarketing.wales,valid=0; invalid=0; risky=0; unknown=1
10657,>30M,jakarta.bio,yes,,,,0,,,no_public_email_found,not_flagged,contact_pages,,,,,,valid=0; invalid=0; risky=0; unknown=0
10658,>30M,simple.bio,no,,,,0,,,no_public_email_found,not_flagged,contact_pages,,,,,,valid=0; invalid=0; risky=0; unknown=0
10659,>30M,mitjamarato.barcelona,yes,,,https://rpmsports.typeform.com/to/zmLVM3pR,0,,logo_vertical_oakberry@3x-1-207x300-1.png ; sponsorship@rpmsports.es,showing_email_candidates,not_flagged,contact_pages,,,,,,valid=0; invalid=0; risky=0; unknown=0
10660,>30M,clinicacastilla.cat,no,,,,0,,clinica@castillaoftalmologia.com,showing_email_candidates,not_flagged,contact_pages,,,,,,valid=0; invalid=0; risky=0; unknown=0
10661,>30M,cem-cat.cat,yes,,,,0,,,no_public_email_found,not_flagged,contact_pages,,,,,,valid=0; invalid=0; risky=0; unknown=0
10662,>30M,estornell.cat,yes,,,,0,,,no_public_email_found,not_flagged,contact_pages,,,,,,valid=0; invalid=0; risky=0; unknown=0
10663,>30M,monagruber.wien,yes,,,https://monagruber.typeform.com/to/c7LMU0,0,,kontakt@monagruber.wien,showing_email_candidates,not_flagged,contact_pages,,,,,,valid=0; invalid=0; risky=0; unknown=0
10664,>30M,makler.wien,no,,,,0,,info@realimmo.wien ; office@realimmo.wien,showing_email_candidates,not_flagged,contact_pages,,,,,,valid=0; invalid=0; risky=0; unknown=0
10665,>30M,zinshaus.wien,no,,,,0,,office@ideal-real.com,showing_email_candidates,not_flagged,contact_pages,,,,,,valid=0; invalid=0; risky=0; unknown=0
10666,>30M,gesundaktiv.hamburg,no,,,,0,,gesundaktiv@sve-hamburg.de,showing_email_candidates,not_flagged,contact_pages,,,,,,valid=0; invalid=0; risky=0; unknown=0
10667,>30M,delen.bank,no,,,,0,,,no_public_email_found,not_flagged,contact_pages,,,,,,valid=0; invalid=0; risky=0; unknown=0
10668,>30M,lmnp.paris,yes,,,https://form.typeform.com/to/E3Benm69,0,,contact@gt-expertise.fr,showing_email_candidates,not_flagged,contact_pages,,,,,,valid=0; invalid=0; risky=0; unknown=0
10669,>30M,evolew.be,yes,,,https://embed.typeform.com/ ; https://iwxwlwekk92.typeform.com/to/X3tTWB2C,0,,contact@evolew.be ; hello@axel-cardinaels.be,showing_email_candidates,not_flagged,contact_pages,contact@evolew.be,contact@evolew.be,,,,valid=1; invalid=0; risky=0; unknown=0
10670,>30M,seascouts23.be,yes,,,https://seascouts.typeform.com/to/rayHlQ,0,,,no_public_email_found,not_flagged,contact_pages,,,,,,valid=0; invalid=0; risky=0; unknown=0
10671,>30M,intertours.ch,no,,,,0,,commercial@intertours.ch ; info@intertours.ch,showing_email_candidates,not_flagged,contact_pages,commercial@intertours.ch ; info@intertours.ch,commercial@intertours.ch,,,info@intertours.ch,valid=1; invalid=0; risky=0; unknown=1
10672,>30M,ancient-future.co,yes,,,,0,,,no_public_email_found,not_flagged,contact_pages,,,,,,valid=0; invalid=0; risky=0; unknown=0
10673,>30M,docksidemedia.co,yes,,,https://form.typeform.com/to/AKz9b5wL,0,,mk@docksidemedia.co,showing_email_candidates,not_flagged,contact_pages,,,,,,valid=0; invalid=0; risky=0; unknown=0
10674,>30M,byttebolig.dk,no,,,,0,,john@tauschwohnung.com ; support@byttebolig.dk,showing_email_candidates,not_flagged,contact_pages,support@byttebolig.dk,,,,support@byttebolig.dk,valid=0; invalid=0; risky=0; unknown=1
10675,>30M,citea.dk,no,,,,0,,info@citea.dk,showing_email_candidates,not_flagged,contact_pages,info@citea.dk,,,,info@citea.dk,valid=0; invalid=0; risky=0; unknown=1
10676,>30M,rungstedhavnefest.dk,no,,,,0,,,no_public_email_found,not_flagged,contact_pages,,,,,,valid=0; invalid=0; risky=0; unknown=0
10677,>30M,conebi.eu,yes,,,https://7xh31vgexhg.typeform.com/to/eyUsdvqD,0,,communications@conebi.eu ; daniela.leveratto@conebi.eu ; eugene.moerkerk@conebi.eu ; hellen.van.mil@conebi.eu,showing_email_candidates,not_flagged,contact_pages,,,,,,valid=0; invalid=0; risky=0; unknown=0
10678,>30M,visualfriday.fi,no,,,,0,,logistigo-logo-small-white@4x-1600x223.png,showing_email_candidates,not_flagged,contact_pages,,,,,,valid=0; invalid=0; risky=0; unknown=0
10679,>30M,vivreaventabren.fr,no,,,,0,,,no_public_email_found,not_flagged,contact_pages,,,,,,valid=0; invalid=0; risky=0; unknown=0
10680,>30M,julianelancou.fr,yes,,,https://form.typeform.com/to/fA0LDbYN,0,,,no_public_email_found,not_flagged,contact_pages,,,,,,valid=0; invalid=0; risky=0; unknown=0
10681,>30M,echo-musique.fr,no,,,https://olaloop.pro.typeform.com/,0,,,no_public_email_found,not_flagged,contact_pages,,,,,,valid=0; invalid=0; risky=0; unknown=0
10682,>30M,restaurantleperroquet.fr,no,,,,0,,,no_public_email_found,not_flagged,contact_pages,,,,,,valid=0; invalid=0; risky=0; unknown=0
10683,>30M,chezbrunisso.fr,yes,,,https://embed.typeform.com/ ; https://form.typeform.com/to/YLcbwS79,0,,,no_public_email_found,not_flagged,contact_pages,,,,,,valid=0; invalid=0; risky=0; unknown=0
10684,>30M,reshape-rumble.gi,no,,,,0,,,no_public_email_found,not_flagged,contact_pages,,,,,,valid=0; invalid=0; risky=0; unknown=0
10685,>30M,atlanticsuiteshealthclub.gi,no,,,,0,,,no_public_email_found,not_flagged,contact_pages,,,,,,valid=0; invalid=0; risky=0; unknown=0
10686,>30M,vitriervilleurbanne.fr,yes,,,https://4m1k462unbw.typeform.com/to/PkGs5rYr ; https://form.typeform.com/to/PkGs5rYr,0,,,no_public_email_found,not_flagged,contact_pages,,,,,,valid=0; invalid=0; risky=0; unknown=0
10687,>30M,segcon.hn,yes,,,https://ta92fq1b2we.typeform.com/to/SYDpzGVW,0,,,no_public_email_found,not_flagged,contact_pages,,,,,,valid=0; invalid=0; risky=0; unknown=0
10688,>30M,chefdelivery.gr,no,,,,0,,,no_public_email_found,not_flagged,contact_pages,,,,,,valid=0; invalid=0; risky=0; unknown=0
10689,>30M,tucr.io,yes,,,,0,,,no_public_email_found,not_flagged,contact_pages,,,,,,valid=0; invalid=0; risky=0; unknown=0
10690,>30M,terabytes.io,no,,,,0,,contact@terabytes.io,showing_email_candidates,not_flagged,contact_pages,contact@terabytes.io,contact@terabytes.io,,,,valid=1; invalid=0; risky=0; unknown=0
10691,>30M,almahotel.it,no,,,,0,,info@almahotel.it,showing_email_candidates,not_flagged,contact_pages,info@almahotel.it,,,,info@almahotel.it,valid=0; invalid=0; risky=0; unknown=1
10692,>30M,artesardasollai.it,no,,,,0,,info@artesardasollai.it,showing_email_candidates,not_flagged,contact_pages,info@artesardasollai.it,,,,info@artesardasollai.it,valid=0; invalid=0; risky=0; unknown=1
10693,>30M,galanzino.it,yes,,,https://mudmvo2r827.typeform.com/to/H0UPAbBn ; https://mudmvo2r827.typeform.com/to/H0UPAbBnCredit,0,,,no_public_email_found,not_flagged,contact_pages,,,,,,valid=0; invalid=0; risky=0; unknown=0
10694,>30M,crowdplus.it,yes,,,https://info741235.typeform.com/ ; https://info741235.typeform.com/to/MtGHPnIy,0,,,no_public_email_found,not_flagged,contact_pages,,,,,,valid=0; invalid=0; risky=0; unknown=0
10695,>30M,chikazuya.jp,no,,,,0,,,no_public_email_found,not_flagged,contact_pages,,,,,,valid=0; invalid=0; risky=0; unknown=0
10696,>30M,downlighter.nl,no,,,,0,,,no_public_email_found,not_flagged,contact_pages,,,,,,valid=0; invalid=0; risky=0; unknown=0
10697,>30M,vdlvds.nl,no,,,,0,,info@vdlvds.nl,showing_email_candidates,not_flagged,contact_pages,info@vdlvds.nl,,,,info@vdlvds.nl,valid=0; invalid=0; risky=0; unknown=1
10698,>30M,scootmobielopvoeren.nl,yes,,,https://embed.typeform.com/ ; https://form.typeform.com/to/jXleNKMD,0,,,no_public_email_found,not_flagged,contact_pages,,,,,,valid=0; invalid=0; risky=0; unknown=0
10699,>30M,scootmobielfiets.nl,yes,,,https://embed.typeform.com/ ; https://form.typeform.com/to/jXleNKMD,0,,info@scootmobielspecialist.nl ; zoetermeer@scootmobielspecialist.nl,showing_email_candidates,not_flagged,contact_pages,,,,,,valid=0; invalid=0; risky=0; unknown=0
10700,>30M,vijfwielscootmobiel.nl,yes,,,https://embed.typeform.com/ ; https://form.typeform.com/to/jXleNKMD,0,,,no_public_email_found,not_flagged,contact_pages,,,,,,valid=0; invalid=0; risky=0; unknown=0
10701,>30M,blipepp.nu,yes,,,,0,,,no_public_email_found,not_flagged,contact_pages,,,,,,valid=0; invalid=0; risky=0; unknown=0
10702,>30M,consultanta-firma.ro,yes,,,https://22q0tclnsr2.typeform.com/to/MtJ8U4r4,0,,contact@consultanta-firma.ro ; nume@firma.ro,showing_email_candidates,not_flagged,contact_pages,contact@consultanta-firma.ro,contact@consultanta-firma.ro,,,,valid=1; invalid=0; risky=0; unknown=0
10703,>30M,reducemyrisk.tv,yes,,,https://balancefresh.typeform.com/,0,,cddars.adult@waythrough.org.uk ; enquiries@ypmatrix.org ; grp.referrals@cgl.org.uk ; ntarreferrals@cntw.nhs.uk ; sunderlandsms.info@cgl.org.uk ; ydap.project@togetherforchildren.org.uk,showing_email_candidates,not_flagged,contact_pages,,,,,,valid=0; invalid=0; risky=0; unknown=0
10704,>30M,maddenpartners.com.au,yes,,,,0,,,no_public_email_found,not_flagged,contact_pages,,,,,,valid=0; invalid=0; risky=0; unknown=0
10705,>30M,collecticity.fr,yes,,,https://collecticity.typeform.com/to/PhPWK2sk ; https://collecticity.typeform.com/to/WNhp278U,0,,,no_public_email_found,not_flagged,contact_pages,,,,,,valid=0; invalid=0; risky=0; unknown=0
10706,>30M,mediafarm.co.za,yes,,,https://form.typeform.com/to/dyQf3xBs,0,,jh@mediafarm.co.za ; what-is-brand-strategy-by-the-media-farm@2x-100x100.png ; what-is-brand-strategy-by-the-media-farm@2x-100x100.png.webp ; what-is-brand-strategy-by-the-media-farm@2x-1024x1024.png ; what-is-brand-strategy-by-the-media-farm@2x-1024x1024.png.webp ; what-is-brand-strategy-by-the-media-farm@2x-150x150.png ; what-is-brand-strategy-by-the-media-farm@2x-150x150.png.webp ; what-is-brand-strategy-by-the-media-farm@2x-1536x1536.png ; what-is-brand-strategy-by-the-media-farm@2x-1536x1536.png.webp ; what-is-brand-strategy-by-the-media-farm@2x-2048x2048.png ; what-is-brand-strategy-by-the-media-farm@2x-2048x2048.png.webp ; what-is-brand-strategy-by-the-media-farm@2x-300x300.png ; what-is-brand-strategy-by-the-media-farm@2x-300x300.png.webp ; what-is-brand-strategy-by-the-media-farm@2x-600x600.png ; what-is-brand-strategy-by-the-media-farm@2x-600x600.png.webp ; what-is-brand-strategy-by-the-media-farm@2x-768x768.png ; what-is-brand-strategy-by-the-media-farm@2x-768x768.png.webp,showing_email_candidates,not_flagged,contact_pages,,,,,,valid=0; invalid=0; risky=0; unknown=0
10707,>30M,moneyacademy.co.za,no,,,https://embed.typeform.com/,0,,,no_public_email_found,not_flagged,contact_pages,,,,,,valid=0; invalid=0; risky=0; unknown=0
10708,>30M,vdllaktechniek.nl,no,,,,0,,sales@vdllaktechniek.nl,showing_email_candidates,not_flagged,contact_pages,sales@vdllaktechniek.nl,,,,sales@vdllaktechniek.nl,valid=0; invalid=0; risky=0; unknown=1
10709,>30M,vdlwewelerparts.nl,no,,,,0,,naam@bedrijf.nl,showing_email_candidates,not_flagged,contact_pages,,,,,,valid=0; invalid=0; risky=0; unknown=0
10710,>30M,swingtagsco.co.uk,no,,,,0,,bootstrap-icons@1.11.1 ; bootstrap-icons@1.11.3 ; bootstrap@5.3.2,showing_email_candidates,not_flagged,contact_pages,,,,,,valid=0; invalid=0; risky=0; unknown=0
10711,>30M,winah.jp,no,,,,0,,,no_public_email_found,not_flagged,contact_pages,,,,,,valid=0; invalid=0; risky=0; unknown=0
10712,>30M,homegleamers.co.uk,yes,,,,0,,,no_public_email_found,not_flagged,contact_pages,,,,,,valid=0; invalid=0; risky=0; unknown=0
10713,>30M,topbathroomrenovationsauckland.co.nz,yes,,,,0,,,no_public_email_found,not_flagged,contact_pages,,,,,,valid=0; invalid=0; risky=0; unknown=0
10714,>30M,yamamichi-tk.co.jp,no,,,,0,,,no_public_email_found,not_flagged,contact_pages,,,,,,valid=0; invalid=0; risky=0; unknown=0
10715,>30M,agenciaseo.eu,yes,,,https://embed.typeform.com/ ; https://form.typeform.com/to/B0k8shvO ; https://form.typeform.com/to/oYxxb0kd,0,,info@agenciaseo.eu,showing_email_candidates,not_flagged,contact_pages,info@agenciaseo.eu,info@agenciaseo.eu,,,,valid=1; invalid=0; risky=0; unknown=0
10716,>30M,alisteducation.co.uk,no,,,,0,,info@alisteducation.co.uk,showing_email_candidates,not_flagged,contact_pages,info@alisteducation.co.uk,,,,info@alisteducation.co.uk,valid=0; invalid=0; risky=0; unknown=1
10717,>30M,pitchfestival.com.au,yes,,,https://untitledgroup.typeform.com/,0,,,no_public_email_found,not_flagged,contact_pages,,,,,,valid=0; invalid=0; risky=0; unknown=0
10718,>30M,soprema.at,no,,,,0,,info@soprema.at,showing_email_candidates,not_flagged,contact_pages,info@soprema.at,,,,info@soprema.at,valid=0; invalid=0; risky=0; unknown=1
10719,>30M,7-shapes.com,yes,,,https://7-shapes.typeform.com/to/dKSgr1SK,0,,contact@seven-shapes.com ; website-carbon-badges@1.1.3,showing_email_candidates,not_flagged,contact_pages,,,,,,valid=0; invalid=0; risky=0; unknown=0
10720,>30M,beverleymoneyman.com,no,,,,0,,,no_public_email_found,not_flagged,contact_pages,,,,,,valid=0; invalid=0; risky=0; unknown=0
10721,>30M,cemexventures.com,no,,,https://embed.typeform.com/ ; https://form.typeform.com/,0,,flags@2x.webp ; globe@2x.webp,showing_email_candidates,not_flagged,contact_pages,,,,,,valid=0; invalid=0; risky=0; unknown=0
10722,>30M,dominickconsultingllc.com,yes,,,https://dominickconsultingllc.typeform.com/to/UTtnQUwR,0,,info@dominickconsultingllc.com,showing_email_candidates,not_flagged,contact_pages,info@dominickconsultingllc.com,,,,info@dominickconsultingllc.com,valid=0; invalid=0; risky=0; unknown=1
10723,>30M,everydaypump.com,yes,,,https://hgjuwru1lcj.typeform.com/to/ailKBNRc,0,,,no_public_email_found,not_flagged,contact_pages,,,,,,valid=0; invalid=0; risky=0; unknown=0
10724,>30M,grimsbymoneyman.com,no,,,,0,,,no_public_email_found,not_flagged,contact_pages,,,,,,valid=0; invalid=0; risky=0; unknown=0
10725,>30M,harrogatemoneyman.com,no,,,,0,,,no_public_email_found,not_flagged,contact_pages,,,,,,valid=0; invalid=0; risky=0; unknown=0
10726,>30M,hergonprojects.com,yes,,,https://form.typeform.com/to/QSkUpnJv,0,,contact@hergonprojects.com,showing_email_candidates,not_flagged,contact_pages,contact@hergonprojects.com,contact@hergonprojects.com,,,,valid=1; invalid=0; risky=0; unknown=0
10727,>30M,koteez.com,no,,,,0,,,no_public_email_found,not_flagged,contact_pages,,,,,,valid=0; invalid=0; risky=0; unknown=0
10728,>30M,lourdestomas.com,yes,,,,0,,,no_public_email_found,not_flagged,contact_pages,,,,,,valid=0; invalid=0; risky=0; unknown=0
10729,>30M,madmovements.com,yes,,,https://fi8rss2vrtl.typeform.com/to/tpxpNbKw,0,,info@madmovements.com,showing_email_candidates,not_flagged,contact_pages,info@madmovements.com,,,,info@madmovements.com,valid=0; invalid=0; risky=0; unknown=1
10730,>30M,metamediacreative.com,yes,,,,0,,,no_public_email_found,not_flagged,contact_pages,,,,,,valid=0; invalid=0; risky=0; unknown=0
10731,>30M,microdermglo.com,yes,,,https://jhjskgln1my.typeform.com/to/lEWMIrIF,0,,,no_public_email_found,not_flagged,contact_pages,,,,,,valid=0; invalid=0; risky=0; unknown=0
10732,>30M,merchinside.com,yes,,,https://embed.typeform.com/ ; https://inapps.typeform.com/to/SLvkej,0,,general@merchinside.com,showing_email_candidates,not_flagged,contact_pages,,,,,,valid=0; invalid=0; risky=0; unknown=0
10733,>30M,notboringbusiness.com,no,,,,0,,,no_public_email_found,not_flagged,contact_pages,,,,,,valid=0; invalid=0; risky=0; unknown=0
10734,>30M,personaleating.com,no,,,,0,,,no_public_email_found,not_flagged,contact_pages,,,,,,valid=0; invalid=0; risky=0; unknown=0
10735,>30M,pivotbusinessgroup.com,yes,,,https://uhrbwrqdk7k.typeform.com/to/lDfgJD2W,0,,pam@pivotbusinessgroup.com ; support@pivotbusinessgroup.com,showing_email_candidates,not_flagged,contact_pages,support@pivotbusinessgroup.com,,,,support@pivotbusinessgroup.com,valid=0; invalid=0; risky=0; unknown=1
10736,>30M,ridingpink.com,yes,,,https://form.typeform.com/to/Ee5GpJNT,0,,admin@ridingpink.com ; whatsapp-png@2x-1.png,showing_email_candidates,not_flagged,contact_pages,admin@ridingpink.com,admin@ridingpink.com,,,,valid=1; invalid=0; risky=0; unknown=0
10737,>30M,ryandossey.com,no,,,,0,,,no_public_email_found,not_flagged,contact_pages,,,,,,valid=0; invalid=0; risky=0; unknown=0
10738,>30M,scunthorpemoneyman.com,no,,,,0,,,no_public_email_found,not_flagged,contact_pages,,,,,,valid=0; invalid=0; risky=0; unknown=0
10739,>30M,sinkog.com,no,,,,0,,,no_public_email_found,not_flagged,contact_pages,,,,,,valid=0; invalid=0; risky=0; unknown=0
10740,>30M,societedenettoyage-lyon.com,no,,,,0,,contact@titone-proprete.fr,showing_email_candidates,not_flagged,contact_pages,,,,,,valid=0; invalid=0; risky=0; unknown=0
10741,>30M,thenirshawedding.com,no,,,,0,,,no_public_email_found,not_flagged,contact_pages,,,,,,valid=0; invalid=0; risky=0; unknown=0
10742,>30M,thinkfortress.com,no,,,,0,,,no_public_email_found,not_flagged,contact_pages,,,,,,valid=0; invalid=0; risky=0; unknown=0
10743,>30M,laminutevacances.net,yes,,,,0,,,no_public_email_found,not_flagged,contact_pages,,,,,,valid=0; invalid=0; risky=0; unknown=0
10744,>30M,inkontinenz-behandeln.net,no,,,,0,,info@lancy-elektromedizin.de ; shop@lancy-elektromedizin.de,showing_email_candidates,not_flagged,contact_pages,,,,,,valid=0; invalid=0; risky=0; unknown=0
10745,>30M,doctordisabilityquotes.com,no,,,,0,,info@doctordisabilityquotes.com ; you@email.com,showing_email_candidates,not_flagged,contact_pages,info@doctordisabilityquotes.com,,,,info@doctordisabilityquotes.com,valid=0; invalid=0; risky=0; unknown=1
10746,>30M,synergiefamily.biz,yes,,,,0,,,no_public_email_found,not_flagged,contact_pages,,,,,,valid=0; invalid=0; risky=0; unknown=0
10747,>30M,howtolearn.tech,yes,,,https://form.typeform.com/to/CnR3ANq1,0,,,no_public_email_found,not_flagged,contact_pages,,,,,,valid=0; invalid=0; risky=0; unknown=0
10748,>30M,graftable.com,yes,,,https://embed.typeform.com/ ; https://form.typeform.com/to/AAJw9jaY,0,,,no_public_email_found,not_flagged,contact_pages,,,,,,valid=0; invalid=0; risky=0; unknown=0
10749,>30M,paulakinola.com,no,,,,0,,,no_public_email_found,not_flagged,contact_pages,,,,,,valid=0; invalid=0; risky=0; unknown=0
10750,>30M,ostelzzz.com,yes,,,,0,,,no_public_email_found,not_flagged,contact_pages,,,,,,valid=0; invalid=0; risky=0; unknown=0
10751,>30M,guendalinatroiani.com,no,,,,0,,,no_public_email_found,not_flagged,contact_pages,,,,,,valid=0; invalid=0; risky=0; unknown=0
10752,>30M,myscalelab.com,yes,,,https://ovze0k3s96i.typeform.com/to/Kqt9K3Ko,0,,charles.alexandre@myscalelab.com ; charles@myscalelab.com ; contact@myscalelab.com,showing_email_candidates,not_flagged,contact_pages,contact@myscalelab.com,contact@myscalelab.com,,,,valid=1; invalid=0; risky=0; unknown=0
10753,>30M,k-and-e.co.jp,no,,,,0,,,no_public_email_found,not_flagged,contact_pages,,,,,,valid=0; invalid=0; risky=0; unknown=0
10754,>30M,s-assurer.fr,yes,,,https://embed.typeform.com/ ; https://form.typeform.com/to/ZoeTVXiz,0,,,no_public_email_found,not_flagged,contact_pages,,,,,,valid=0; invalid=0; risky=0; unknown=0
10755,>30M,altitudetc.com,yes,,,https://7chm3ycmpmo.typeform.com/to/SSu5hZGg,0,,,no_public_email_found,not_flagged,contact_pages,,,,,,valid=0; invalid=0; risky=0; unknown=0
10756,>30M,axomove.com,yes,,,https://axomove.typeform.com/to/nabUuaHk,0,,infos@axomove.com,showing_email_candidates,not_flagged,contact_pages,,,,,,valid=0; invalid=0; risky=0; unknown=0
10757,>30M,saas-advisor.com,yes,,,https://aie8m47pjb2.typeform.com/to/e1LL0gek,0,,hello@saas-advisor.com,showing_email_candidates,not_flagged,contact_pages,hello@saas-advisor.com,hello@saas-advisor.com,,,,valid=1; invalid=0; risky=0; unknown=0
10758,>30M,ngafinancial.com,yes,,,,0,,flags@2x.png ; hello@ngafinancial.com,showing_email_candidates,not_flagged,contact_pages,hello@ngafinancial.com,hello@ngafinancial.com,,,,valid=1; invalid=0; risky=0; unknown=0
10759,>30M,brightplasticsurgery.com,yes,,,https://brightplasticsurgery.typeform.com/ ; https://brightplasticsurgery.typeform.com/to/hd686i06,0,,info@brightplasticsurgery.com,showing_email_candidates,not_flagged,contact_pages,info@brightplasticsurgery.com,,,,info@brightplasticsurgery.com,valid=0; invalid=0; risky=0; unknown=1
10760,>30M,monelectriciteverte.be,yes,,,https://form.typeform.com/to/oYYhiLJ8,0,,,no_public_email_found,not_flagged,contact_pages,,,,,,valid=0; invalid=0; risky=0; unknown=0
10761,>30M,stefanieveneziano.com,yes,,,,0,,,no_public_email_found,not_flagged,contact_pages,,,,,,valid=0; invalid=0; risky=0; unknown=0
10762,>30M,startupstarterpack.com,yes,,,https://miro-survey.typeform.com/to/ZaGBHCvB,0,,,no_public_email_found,not_flagged,contact_pages,,,,,,valid=0; invalid=0; risky=0; unknown=0
10763,>30M,thepursuitagency.com,no,,,,0,,hey@6b4bb5834392d11de3de8b80aa3ba203-13729.sites.k-hosting.co.uk ; hey@thepursuitagency.com,showing_email_candidates,not_flagged,contact_pages,,,,,,valid=0; invalid=0; risky=0; unknown=0
10764,>30M,rothsairconditioning.com,no,,,,0,,hello@rothsairconditioning.com,showing_email_candidates,not_flagged,contact_pages,hello@rothsairconditioning.com,hello@rothsairconditioning.com,,,,valid=1; invalid=0; risky=0; unknown=0
10765,>30M,10xtourism.com,no,,,https://embed.typeform.com/,0,,,no_public_email_found,not_flagged,contact_pages,,,,,,valid=0; invalid=0; risky=0; unknown=0
10766,>30M,marzyjane.com,yes,,,https://92i7go73o0x.typeform.com/to/zlfsxmpY,0,,mail@marzyjane.com,showing_email_candidates,not_flagged,contact_pages,,,,,,valid=0; invalid=0; risky=0; unknown=0
10767,>30M,natuliquefl.com,yes,,,,0,,,no_public_email_found,not_flagged,contact_pages,,,,,,valid=0; invalid=0; risky=0; unknown=0
10768,>30M,nationcentral.com,no,,,,0,,,no_public_email_found,not_flagged,contact_pages,,,,,,valid=0; invalid=0; risky=0; unknown=0
10769,>30M,trainwithzane.com,yes,,,,0,,,no_public_email_found,not_flagged,contact_pages,,,,,,valid=0; invalid=0; risky=0; unknown=0
10770,>30M,currantdesignsa.com,yes,,,https://form.typeform.com/to/o7HdTE,0,,,no_public_email_found,not_flagged,contact_pages,,,,,,valid=0; invalid=0; risky=0; unknown=0
10771,>30M,canada-taxes.com,yes,,,https://form.typeform.com/to/IYhrrZWh,0,,impots@canada-taxes.com ; tax@canada-taxes.com,showing_email_candidates,not_flagged,contact_pages,,,,,,valid=0; invalid=0; risky=0; unknown=0
10772,>30M,eternalcourse.com,yes,,,https://16s3ys2f9r1.typeform.com/to/p2dV3Zje,0,,,no_public_email_found,not_flagged,contact_pages,,,,,,valid=0; invalid=0; risky=0; unknown=0
10773,>30M,informedmedicine.org,yes,,,,0,,,no_public_email_found,not_flagged,contact_pages,,,,,,valid=0; invalid=0; risky=0; unknown=0
10774,>30M,kurtrocks.com,no,,,,0,,,no_public_email_found,not_flagged,contact_pages,,,,,,valid=0; invalid=0; risky=0; unknown=0
10775,>30M,roofingrepairsandysprings.com,yes,,,https://4ward.typeform.com/to/IgtwCV ; https://admin.typeform.com/ ; https://embed.typeform.com/,0,,,no_public_email_found,not_flagged,contact_pages,,,,,,valid=0; invalid=0; risky=0; unknown=0
10776,>30M,outhere.online,yes,,,https://t6gkrhswses.typeform.com/to/mNQ0QfrP,0,,info@outhere.online,showing_email_candidates,not_flagged,contact_pages,info@outhere.online,,,,info@outhere.online,valid=0; invalid=0; risky=0; unknown=1
10777,>30M,erfolgsforum.one,yes,,,https://dlo2v8yb75u.typeform.com/to/MH4yg72Z,0,,hallo@esperformance.de ; lakis.emfietzis@allfinanz-dvag.de,showing_email_candidates,not_flagged,contact_pages,,,,,,valid=0; invalid=0; risky=0; unknown=0
10778,>30M,dentalimplantsdoneright.com,yes,,,https://embed.typeform.com/ ; https://form.typeform.com/to/FxzNFlLt,0,,,no_public_email_found,not_flagged,contact_pages,,,,,,valid=0; invalid=0; risky=0; unknown=0
10779,>30M,blackentrepreneurshipweek.com,yes,,,,0,,,no_public_email_found,not_flagged,contact_pages,,,,,,valid=0; invalid=0; risky=0; unknown=0
10780,>30M,grafi-web.com,yes,,,,0,,juan@empresa.com,showing_email_candidates,not_flagged,contact_pages,,,,,,valid=0; invalid=0; risky=0; unknown=0
10781,>30M,medici.network,no,,,https://themedici.typeform.com/,0,,splide@3.2.2,showing_email_candidates,not_flagged,contact_pages,,,,,,valid=0; invalid=0; risky=0; unknown=0
10782,>30M,innovation.one,yes,,,https://form.typeform.com/to/pu4K7uiK,0,,,no_public_email_found,not_flagged,contact_pages,,,,,,valid=0; invalid=0; risky=0; unknown=0
10783,>30M,culturegood.com,yes,,,https://hnshah.typeform.com/to/YEnoAj,0,,,no_public_email_found,not_flagged,contact_pages,,,,,,valid=0; invalid=0; risky=0; unknown=0
10784,>30M,primal24.com,yes,,,https://9ut8zv6xfnv.typeform.com/to/uxoZ5d6D,0,,,no_public_email_found,not_flagged,contact_pages,,,,,,valid=0; invalid=0; risky=0; unknown=0
10785,>30M,daltonseminuevos.com.mx,no,,,,0,,seminuevos@dalton.com.mx,showing_email_candidates,not_flagged,contact_pages,,,,,,valid=0; invalid=0; risky=0; unknown=0
10786,>30M,lookmentoring.org,no,,,https://embed.typeform.com/,0,,quill@1.3.6,showing_email_candidates,not_flagged,contact_pages,,,,,,valid=0; invalid=0; risky=0; unknown=0
10787,>30M,citymind.tech,yes,,,https://form.typeform.com/to/xanf72bT,0,,borisbrovkin1@gmail.com ; hello@citymind.tech,showing_email_candidates,not_flagged,contact_pages,hello@citymind.tech,hello@citymind.tech,,,,valid=1; invalid=0; risky=0; unknown=0
10788,>30M,healthcarelivinglab.cat,yes,,,https://5rhtvixs6rm.typeform.com/to/L1LzdNrZ,0,,info@healthcarelivinglab.cat,showing_email_candidates,not_flagged,contact_pages,info@healthcarelivinglab.cat,,,,info@healthcarelivinglab.cat,valid=0; invalid=0; risky=0; unknown=1
10789,>30M,wearemadeforthis.com,no,,,https://alpha-canada.typeform.com/,0,,,no_public_email_found,not_flagged,contact_pages,,,,,,valid=0; invalid=0; risky=0; unknown=0
10790,>30M,ambassadorslimos.com,yes,,,https://powderhound.typeform.com/to/rzPikkc4,0,,ambassadorscarservice@gmail.com,showing_email_candidates,not_flagged,contact_pages,,,,,,valid=0; invalid=0; risky=0; unknown=0
10791,>30M,bnbuni.com,no,,,,0,,freedom@bnbuni.com,showing_email_candidates,not_flagged,contact_pages,,,,,,valid=0; invalid=0; risky=0; unknown=0
10792,>30M,mezohaib.com,no,,,,0,,info@mezohaib.com ; you@company.com,showing_email_candidates,not_flagged,contact_pages,info@mezohaib.com,,,,info@mezohaib.com,valid=0; invalid=0; risky=0; unknown=1
10793,>30M,norfolkonlinementoring.org,no,,,,0,,,no_public_email_found,not_flagged,contact_pages,,,,,,valid=0; invalid=0; risky=0; unknown=0
10794,>30M,terapify.com,no,,,,0,,,no_public_email_found,not_flagged,contact_pages,,,,,,valid=0; invalid=0; risky=0; unknown=0
10795,>30M,hobbysathome.com,no,,,,0,,,no_public_email_found,not_flagged,contact_pages,,,,,,valid=0; invalid=0; risky=0; unknown=0
10796,>30M,duffyquiropractica.com,yes,,,,0,,,no_public_email_found,not_flagged,contact_pages,,,,,,valid=0; invalid=0; risky=0; unknown=0
10797,>30M,jerrysri.com,no,,,,0,,rob@jerryspaintandhardware.com,showing_email_candidates,not_flagged,contact_pages,,,,,,valid=0; invalid=0; risky=0; unknown=0
10798,>30M,badhambres.com,yes,,,https://ybf2bpj8h3x.typeform.com/to/jeCek2n6,0,,help@badhambres.com ; you@domain.com,showing_email_candidates,not_flagged,contact_pages,help@badhambres.com,help@badhambres.com,,,,valid=1; invalid=0; risky=0; unknown=0
10799,>30M,triumvitae.com,yes,,,https://form.typeform.com/to/nF03Ytr4,0,,ask@triumvitae.com,showing_email_candidates,not_flagged,contact_pages,,,,,,valid=0; invalid=0; risky=0; unknown=0
10800,>30M,bostonpersonalinjurylawyer.co,no,,,,0,,,no_public_email_found,not_flagged,contact_pages,,,,,,valid=0; invalid=0; risky=0; unknown=0
10801,>30M,arabbank.com.lb,no,,,,0,,,no_public_email_found,not_flagged,contact_pages,,,,,,valid=0; invalid=0; risky=0; unknown=0
10802,>30M,energydais.com,yes,,,https://embed.typeform.com/ ; https://form.typeform.com/to/ogkuJ2Zy,0,,contact@energydais.com,showing_email_candidates,not_flagged,contact_pages,contact@energydais.com,contact@energydais.com,,,,valid=1; invalid=0; risky=0; unknown=0
10803,>30M,startyourpath.org,yes,,,,0,,,no_public_email_found,not_flagged,contact_pages,,,,,,valid=0; invalid=0; risky=0; unknown=0
10804,>30M,hannahandfitness.com,yes,,,,0,,,no_public_email_found,not_flagged,contact_pages,,,,,,valid=0; invalid=0; risky=0; unknown=0
10805,>30M,dreamsyte.com,yes,,,https://form.typeform.com/to/flBGRneu,0,,,no_public_email_found,not_flagged,contact_pages,,,,,,valid=0; invalid=0; risky=0; unknown=0
10806,>30M,onboardinghero.com.au,yes,,,https://webvine.typeform.com/to/o2cV0X,0,,,no_public_email_found,not_flagged,contact_pages,,,,,,valid=0; invalid=0; risky=0; unknown=0
10807,>30M,der-kindersitz-test.net,no,,,,0,,info@der-kindersitz-test.net,showing_email_candidates,not_flagged,contact_pages,info@der-kindersitz-test.net,,,,info@der-kindersitz-test.net,valid=0; invalid=0; risky=0; unknown=1
10808,>30M,mjvconsulting.co,no,,,,0,,,no_public_email_found,not_flagged,contact_pages,,,,,,valid=0; invalid=0; risky=0; unknown=0
10809,>30M,parent-in.com,yes,,,https://form.typeform.com/to/Nie4PdZ3,0,,helloparentin@gmail.com,showing_email_candidates,not_flagged,contact_pages,,,,,,valid=0; invalid=0; risky=0; unknown=0
10810,>30M,hyerise.com,no,,,,0,,zarik@hyerise.com,showing_email_candidates,not_flagged,contact_pages,,,,,,valid=0; invalid=0; risky=0; unknown=0
10811,>30M,idealizedlearning.com,yes,,,https://info716157.typeform.com/to/Xtbl4r,0,,,no_public_email_found,not_flagged,contact_pages,,,,,,valid=0; invalid=0; risky=0; unknown=0
10812,>30M,handsforlifelm.org,yes,,,,0,,,no_public_email_found,not_flagged,contact_pages,,,,,,valid=0; invalid=0; risky=0; unknown=0
10813,>30M,orangeandbergamot.com,yes,,,,0,,,no_public_email_found,not_flagged,contact_pages,,,,,,valid=0; invalid=0; risky=0; unknown=0
10814,>30M,vrcommunityawards.com,no,,,https://embed.typeform.com/ ; https://form.typeform.com/,0,,info@vrcommunityawards.com,showing_email_candidates,not_flagged,contact_pages,info@vrcommunityawards.com,,,,info@vrcommunityawards.com,valid=0; invalid=0; risky=0; unknown=1
10815,>30M,polygonecoaching.com,yes,,,https://form.typeform.com/to/eC76BOit,0,,coach@polygonecoaching.com ; leaflet@1.9.3,showing_email_candidates,not_flagged,contact_pages,,,,,,valid=0; invalid=0; risky=0; unknown=0
10816,>30M,leddownlightexpert.nl,no,,,,0,,,no_public_email_found,not_flagged,contact_pages,,,,,,valid=0; invalid=0; risky=0; unknown=0
10817,>30M,ledspotsexpert.nl,no,,,,0,,,no_public_email_found,not_flagged,contact_pages,,,,,,valid=0; invalid=0; risky=0; unknown=0
10818,>30M,signworld.online,yes,,,https://signworld.typeform.com/to/jgXDYS ; https://www.typeform.com/,0,,suresh@signworld.online,showing_email_candidates,not_flagged,contact_pages,,,,,,valid=0; invalid=0; risky=0; unknown=0
10819,>30M,bengraneygreen.com,no,,,,0,,,no_public_email_found,not_flagged,contact_pages,,,,,,valid=0; invalid=0; risky=0; unknown=0
10820,>30M,suttontrustmentoring.com,no,,,https://embed.typeform.com/,0,,quill@1.3.6,showing_email_candidates,not_flagged,contact_pages,,,,,,valid=0; invalid=0; risky=0; unknown=0
10821,>30M,aok.site,no,,,,0,,,no_public_email_found,not_flagged,contact_pages,,,,,,valid=0; invalid=0; risky=0; unknown=0
10822,>30M,evolution-education.com,yes,,,,0,,admin@evolution-sportsgroup.com,showing_email_candidates,not_flagged,contact_pages,,,,,,valid=0; invalid=0; risky=0; unknown=0
10823,>30M,derelictsites.com,no,,,,0,,,no_public_email_found,not_flagged,contact_pages,,,,,,valid=0; invalid=0; risky=0; unknown=0
10824,>30M,mutual.wiki,yes,,,,0,,,no_public_email_found,not_flagged,contact_pages,,,,,,valid=0; invalid=0; risky=0; unknown=0
10825,>30M,anajakdevelopment.com,no,,,,0,,,no_public_email_found,not_flagged,contact_pages,,,,,,valid=0; invalid=0; risky=0; unknown=0
10826,>30M,finstreet.de,yes,,,https://finstreet.typeform.com/to/U190Lw,0,,bjorn.birkmann@finstreet.de ; carsten.ahlf@finstreet.de ; fabian.kammering@finstreet.de ; holger.debie@finstreet.de ; info@finstreet.de ; matthias.lange@finstreet.de ; patrick.lukas@finstreet.de ; paul.knauth@finstreet.de ; slobodan.vasic@finstreet.de,showing_email_candidates,not_flagged,contact_pages,info@finstreet.de,,,,info@finstreet.de,valid=0; invalid=0; risky=0; unknown=1
10827,>30M,emmabodabostadsab.se,yes,,,https://form.typeform.com/to/Rpaoe5lX,0,,eba@emmaboda.se ; info@lindmarkpartner.se,showing_email_candidates,not_flagged,contact_pages,,,,,,valid=0; invalid=0; risky=0; unknown=0
10828,>30M,mediphoneassist.be,no,,,,0,,,no_public_email_found,not_flagged,contact_pages,,,,,,valid=0; invalid=0; risky=0; unknown=0
10829,>30M,motionminers.com,yes,,,https://form.typeform.com/to/xMZiBSty,0,,motionminersgmbh@motionminers.com ; press@motionminers.com,showing_email_candidates,not_flagged,contact_pages,press@motionminers.com,,,,press@motionminers.com,valid=0; invalid=0; risky=0; unknown=1
10830,>30M,smarter-agency.com,yes,,,https://xm973cq0b87.typeform.com/to/Ox0sNWn5,0,,info@smarter-agency.com,showing_email_candidates,not_flagged,contact_pages,info@smarter-agency.com,,,,info@smarter-agency.com,valid=0; invalid=0; risky=0; unknown=1
10831,>30M,mg20140808.com,no,,,,0,,,no_public_email_found,not_flagged,contact_pages,,,,,,valid=0; invalid=0; risky=0; unknown=0
10832,>30M,presentbranding.com,yes,,,https://form.typeform.com/to/IbnEltGo,0,,,no_public_email_found,not_flagged,contact_pages,,,,,,valid=0; invalid=0; risky=0; unknown=0
10833,>30M,undergroundecom.com,no,,,https://undergroundecom.typeform.com/,0,,info@undergroundecom.com,showing_email_candidates,not_flagged,contact_pages,info@undergroundecom.com,,,,info@undergroundecom.com,valid=0; invalid=0; risky=0; unknown=1
10834,>30M,bgmeadatabase.com,no,,,,0,,,no_public_email_found,not_flagged,contact_pages,,,,,,valid=0; invalid=0; risky=0; unknown=0
10835,>30M,mindfulmaelstrom.com,no,,,https://jalervf2opr.typeform.com/to/iYkSpKoK,0,,bewell@mindfulmaelstrom.com ; mgmt@mindfulmaelstrom.com,showing_email_candidates,not_flagged,contact_pages,,,,,,valid=0; invalid=0; risky=0; unknown=0
10836,>30M,rollstickersco.com.au,yes,,,,0,,admin@rollstickersco.com.au ; bootstrap-icons@1.10.5 ; bootstrap-icons@1.11.3 ; bootstrap@5.3.2 ; bootstrap@5.3.3,showing_email_candidates,not_flagged,contact_pages,admin@rollstickersco.com.au,admin@rollstickersco.com.au,,,,valid=1; invalid=0; risky=0; unknown=0
10837,>30M,lca.org.ng,yes,,,https://w7cf5r9ooy5.typeform.com/to/hzHfintY,0,,info@lca.org.ng,showing_email_candidates,not_flagged,contact_pages,info@lca.org.ng,,,,info@lca.org.ng,valid=0; invalid=0; risky=0; unknown=1
10838,>30M,bretagneidlarge.org,yes,,,https://form.typeform.com/to/Hfpc41va,0,,,no_public_email_found,not_flagged,contact_pages,,,,,,valid=0; invalid=0; risky=0; unknown=0
10839,>30M,loyaltynordic.se,no,,,,0,,jorn.rossing@loyalty.no ; oystein.borhaug@loyalty.no ; sss@rumbl.no,showing_email_candidates,not_flagged,contact_pages,,,,,,valid=0; invalid=0; risky=0; unknown=0
10840,>30M,angelfaet.com,yes,,,,0,,,no_public_email_found,not_flagged,contact_pages,,,,,,valid=0; invalid=0; risky=0; unknown=0
10841,>30M,tylercunning.com,no,,,,0,,,no_public_email_found,not_flagged,contact_pages,,,,,,valid=0; invalid=0; risky=0; unknown=0
10842,>30M,islandlegendz.com,no,,,,0,,,no_public_email_found,not_flagged,contact_pages,,,,,,valid=0; invalid=0; risky=0; unknown=0
10843,>30M,strongheartstudy.org,no,,,,0,,,no_public_email_found,not_flagged,contact_pages,,,,,,valid=0; invalid=0; risky=0; unknown=0
10844,>30M,kol100.com,yes,,,https://form.typeform.com/to/x6xrAQfy,0,,,no_public_email_found,not_flagged,contact_pages,,,,,,valid=0; invalid=0; risky=0; unknown=0
10845,>30M,capitalsquare.biz,no,,,,0,,kendelladler@capitalsquare.biz,showing_email_candidates,not_flagged,contact_pages,,,,,,valid=0; invalid=0; risky=0; unknown=0
10846,>30M,kurashoku.com,no,,,,0,,,no_public_email_found,not_flagged,contact_pages,,,,,,valid=0; invalid=0; risky=0; unknown=0
10847,>30M,werunkings.com,no,,,,0,,coach@werunkings.com,showing_email_candidates,not_flagged,contact_pages,,,,,,valid=0; invalid=0; risky=0; unknown=0
10848,>30M,blanxapparel.com,yes,,,https://form.typeform.com/to/iluFqcT8 ; https://form.typeform.com/to/MOewS1RM,0,,jenna@blanxapparel.com,showing_email_candidates,not_flagged,contact_pages,,,,,,valid=0; invalid=0; risky=0; unknown=0
10849,>30M,vratiti.com,no,,,,0,,info@vratiti.com,showing_email_candidates,not_flagged,contact_pages,info@vratiti.com,,,,info@vratiti.com,valid=0; invalid=0; risky=0; unknown=1
10850,>30M,kaiyokai.jp,no,,,,0,,,no_public_email_found,not_flagged,contact_pages,,,,,,valid=0; invalid=0; risky=0; unknown=0
10851,>30M,stmichaelsclinic.co.uk,no,,,,0,,,no_public_email_found,not_flagged,contact_pages,,,,,,valid=0; invalid=0; risky=0; unknown=0
10852,>30M,yeahblend.com,yes,,,https://yeahblend.typeform.com/to/JV5FDqqE,0,,hello@theyeahlab.com ; kein_titel_video_1920_x_720_px_2_100x@2x.png ; kein_titel_video_1920_x_720_px_2_x120@2x.png ; vanilla-lazyload@19.1.3,showing_email_candidates,not_flagged,contact_pages,,,,,,valid=0; invalid=0; risky=0; unknown=0
10853,>30M,daveskeltonrecording.com,yes,,,https://daveskelton.typeform.com/to/yQCFKm,0,,dave@daveskeltonrecording.com,showing_email_candidates,not_flagged,contact_pages,,,,,,valid=0; invalid=0; risky=0; unknown=0
10854,>30M,looprecept.nl,no,,,,0,,,no_public_email_found,not_flagged,contact_pages,,,,,,valid=0; invalid=0; risky=0; unknown=0
10855,>30M,belaefe.com.br,no,,,,0,,,no_public_email_found,not_flagged,contact_pages,,,,,,valid=0; invalid=0; risky=0; unknown=0
10856,>30M,arraclan.es,yes,,,https://cxwdngtu9ah.typeform.com/to/eVcjoTmw,0,,info@arraclan.es,showing_email_candidates,not_flagged,contact_pages,info@arraclan.es,,,,info@arraclan.es,valid=0; invalid=0; risky=0; unknown=1
10857,>30M,inclusve.com,no,,,,0,,info@inclusve.com,showing_email_candidates,not_flagged,contact_pages,info@inclusve.com,,,,info@inclusve.com,valid=0; invalid=0; risky=0; unknown=1
10858,>30M,workinpearland.com,no,,,,0,,pearland@getvfairs.io,showing_email_candidates,not_flagged,contact_pages,,,,,,valid=0; invalid=0; risky=0; unknown=0
10859,>30M,teammatebasketball.com,yes,,,,0,,,no_public_email_found,not_flagged,contact_pages,,,,,,valid=0; invalid=0; risky=0; unknown=0
10860,>30M,oyindonesia.com,no,,,,0,,customerservice@oyindonesia.com ; marketing@oyindonesia.com ; speakup@oyindonesia.com,showing_email_candidates,not_flagged,contact_pages,customerservice@oyindonesia.com ; marketing@oyindonesia.com,customerservice@oyindonesia.com,,,marketing@oyindonesia.com,valid=1; invalid=0; risky=0; unknown=1
10861,>30M,time-for-us.com,no,,,https://4zvehpdrar9.typeform.com/,0,,,no_public_email_found,not_flagged,contact_pages,,,,,,valid=0; invalid=0; risky=0; unknown=0
10862,>30M,peoriamohawk.org,yes,,,https://gkffsurvey.typeform.com/to/g2JI7k ; https://gkffsurvey.typeform.com/to/ncBbDV,0,,,no_public_email_found,not_flagged,contact_pages,,,,,,valid=0; invalid=0; risky=0; unknown=0
10863,>30M,cityserveportal.com,no,,,,0,,,no_public_email_found,not_flagged,contact_pages,,,,,,valid=0; invalid=0; risky=0; unknown=0
10864,>30M,dustinbetz.com,yes,,,https://3ek0z4kctqt.typeform.com/to/lIYfJoDs,0,,,no_public_email_found,not_flagged,contact_pages,,,,,,valid=0; invalid=0; risky=0; unknown=0
10865,>30M,ba329.com,no,,,,0,,vidas@ba329.com,showing_email_candidates,not_flagged,contact_pages,,,,,,valid=0; invalid=0; risky=0; unknown=0
10866,>30M,copperwarrior.com,yes,,,,0,,,no_public_email_found,not_flagged,contact_pages,,,,,,valid=0; invalid=0; risky=0; unknown=0
10867,>30M,topofficefitoutsmelbourne.com.au,yes,,,,0,,,no_public_email_found,not_flagged,contact_pages,,,,,,valid=0; invalid=0; risky=0; unknown=0
10868,>30M,hngry.me,no,,,,0,,,no_public_email_found,not_flagged,contact_pages,,,,,,valid=0; invalid=0; risky=0; unknown=0
10869,>30M,yutakaen-douen.com,no,,,,0,,,no_public_email_found,not_flagged,contact_pages,,,,,,valid=0; invalid=0; risky=0; unknown=0
10870,>30M,rocket-insight.com,no,,,,0,,,no_public_email_found,not_flagged,contact_pages,,,,,,valid=0; invalid=0; risky=0; unknown=0
10871,>30M,creatorstack.com,yes,,,,0,,,no_public_email_found,not_flagged,contact_pages,,,,,,valid=0; invalid=0; risky=0; unknown=0
10872,>30M,jasoncerf.com,yes,,,,0,,jason@agentify.live ; lenis@1.1.13 ; three@0.148.0,showing_email_candidates,not_flagged,contact_pages,,,,,,valid=0; invalid=0; risky=0; unknown=0
10873,>30M,tg-services.fr,no,,,,0,,,no_public_email_found,not_flagged,contact_pages,,,,,,valid=0; invalid=0; risky=0; unknown=0
10874,>30M,hirano-s.jp,no,,,,0,,,no_public_email_found,not_flagged,contact_pages,,,,,,valid=0; invalid=0; risky=0; unknown=0
10875,>30M,morganepeng.com,yes,,,https://momorgane.typeform.com/to/X9la7M,0,,,no_public_email_found,not_flagged,contact_pages,,,,,,valid=0; invalid=0; risky=0; unknown=0
10876,>30M,wispform.com,no,,,,0,,lottie-player@0.4.0,showing_email_candidates,not_flagged,contact_pages,,,,,,valid=0; invalid=0; risky=0; unknown=0
10877,>30M,advance-arc.com,yes,,,https://form.typeform.com/to/WeyyrXw9,0,,bootstrap-icons@1.11.3 ; info@advance-arc.com,showing_email_candidates,not_flagged,contact_pages,info@advance-arc.com,info@advance-arc.com,,,,valid=1; invalid=0; risky=0; unknown=0
10878,>30M,youthcouncil-dc.com,yes,,,,0,,,no_public_email_found,not_flagged,contact_pages,,,,,,valid=0; invalid=0; risky=0; unknown=0
10879,>30M,attractionseo.com,yes,,,,0,,,no_public_email_found,not_flagged,contact_pages,,,,,,valid=0; invalid=0; risky=0; unknown=0
10880,>30M,vento.ventures,no,,,,0,,,no_public_email_found,not_flagged,contact_pages,,,,,,valid=0; invalid=0; risky=0; unknown=0
10881,>30M,accountedltd.com,yes,,,https://31oo85xkgla.typeform.com/to/EdwZPQAo,0,,,no_public_email_found,not_flagged,contact_pages,,,,,,valid=0; invalid=0; risky=0; unknown=0
10882,>30M,dontbealittlepitch.com,yes,,,https://jpbhkirw285.typeform.com/to/z4KzUAw4,0,,name@company.com ; team@dontbealittlepitch.com,showing_email_candidates,not_flagged,contact_pages,team@dontbealittlepitch.com,,,,team@dontbealittlepitch.com,valid=0; invalid=0; risky=0; unknown=1
10883,>30M,gtdinvest.com,no,,,http://embed.typeform.com/ ; https://embed.typeform.com/,0,,hired@gtdpartners.com,showing_email_candidates,not_flagged,contact_pages,,,,,,valid=0; invalid=0; risky=0; unknown=0
10884,>30M,grownextdoor.com,yes,,,https://form.typeform.com/to/sg6yQlWt,0,,admin@grownextdoor.com,showing_email_candidates,not_flagged,contact_pages,admin@grownextdoor.com,admin@grownextdoor.com,,,,valid=1; invalid=0; risky=0; unknown=0
10885,>30M,silverstone.partners,no,,,,0,,,no_public_email_found,not_flagged,contact_pages,,,,,,valid=0; invalid=0; risky=0; unknown=0
10886,>30M,powerwoolinsulation.com,yes,,,,0,,sales@powerwoolinsulation.com ; salesusa@powerwoolinsulation.com ; technical@powerwoolinsulation.com,showing_email_candidates,not_flagged,contact_pages,sales@powerwoolinsulation.com,,,,sales@powerwoolinsulation.com,valid=0; invalid=0; risky=0; unknown=1
10887,>30M,hopesteadcounseling.com,yes,,,https://jkpc9wlwysx.typeform.com/to/HKA47uKK,0,,help@hopesteadcounseling.com ; info@hopesteadcounseling.com ; info@salute.com,showing_email_candidates,not_flagged,contact_pages,help@hopesteadcounseling.com ; info@hopesteadcounseling.com,help@hopesteadcounseling.com,,,info@hopesteadcounseling.com,valid=1; invalid=0; risky=0; unknown=1
10888,>30M,skipbinsperthwa.com.au,yes,,,https://embed.typeform.com/ ; https://form.typeform.com/to/fjFSILXI ; https://form.typeform.com/to/ikYOnaH7,0,,skipbinsperthwa@gmail.com,showing_email_candidates,not_flagged,contact_pages,,,,,,valid=0; invalid=0; risky=0; unknown=0
10889,>30M,lokanantaspirit.com,no,,,,0,,,no_public_email_found,not_flagged,contact_pages,,,,,,valid=0; invalid=0; risky=0; unknown=0
10890,>30M,cfomindset.com,yes,,,https://form.typeform.com/to/XsWv3j7s,0,,gerri@cfomindset.com,showing_email_candidates,not_flagged,contact_pages,,,,,,valid=0; invalid=0; risky=0; unknown=0
10891,>30M,brettthornhill.com,yes,,,,0,,,no_public_email_found,not_flagged,contact_pages,,,,,,valid=0; invalid=0; risky=0; unknown=0
10892,>30M,korbinskode.org,yes,,,https://kdeary3.typeform.com/to/RAea8h,0,,,no_public_email_found,not_flagged,contact_pages,,,,,,valid=0; invalid=0; risky=0; unknown=0
10893,>30M,thinksgivingday.com,yes,,,https://thefilament.typeform.com/ ; https://thefilament.typeform.com/to/fEk0eChY ; https://thefilament.typeform.com/to/hZqI3vre,0,,,no_public_email_found,not_flagged,contact_pages,,,,,,valid=0; invalid=0; risky=0; unknown=0
10894,>30M,jade-nectar.com,yes,,,,0,,,no_public_email_found,not_flagged,contact_pages,,,,,,valid=0; invalid=0; risky=0; unknown=0
10895,>30M,al-aniq.com,yes,,,,0,,,no_public_email_found,not_flagged,contact_pages,,,,,,valid=0; invalid=0; risky=0; unknown=0
10896,>30M,coordinateshealthcare.com,yes,,,,0,,,no_public_email_found,not_flagged,contact_pages,,,,,,valid=0; invalid=0; risky=0; unknown=0
10897,>30M,leadops.net,no,,,,0,,,no_public_email_found,not_flagged,contact_pages,,,,,,valid=0; invalid=0; risky=0; unknown=0
10898,>30M,lionandmason.com,yes,,,,0,,hello@lionandmason.com,showing_email_candidates,not_flagged,contact_pages,hello@lionandmason.com,hello@lionandmason.com,,,,valid=1; invalid=0; risky=0; unknown=0
10899,>30M,amishashrimanker.com,yes,,,,0,,,no_public_email_found,not_flagged,contact_pages,,,,,,valid=0; invalid=0; risky=0; unknown=0
10900,>30M,extendedstack.com,no,,,,0,,lenis@1.1.20,showing_email_candidates,not_flagged,contact_pages,,,,,,valid=0; invalid=0; risky=0; unknown=0
10901,>30M,areknuteklinikkene.no,no,,,,0,,info@areknuteklinikkene.no,showing_email_candidates,not_flagged,contact_pages,info@areknuteklinikkene.no,,,,info@areknuteklinikkene.no,valid=0; invalid=0; risky=0; unknown=1
10902,>30M,eventroostr.com,yes,,,https://form.typeform.com/to/N4cUaF,0,,er-logo-blu@2px.png ; er-logo-wht@2px-1024x183.png ; er-logo-wht@2px-1536x275.png ; er-logo-wht@2px-300x54.png ; er-logo-wht@2px-768x137.png ; er-logo-wht@2px.png ; support@eventroostr.com,showing_email_candidates,not_flagged,contact_pages,support@eventroostr.com,,,,support@eventroostr.com,valid=0; invalid=0; risky=0; unknown=1
10903,>30M,miriammurciego.com,yes,,,,0,,,no_public_email_found,not_flagged,contact_pages,,,,,,valid=0; invalid=0; risky=0; unknown=0
10904,>30M,shamisgentile.com,yes,,,,0,,divs@v1.0.0 ; gsap@3.13.0 ; info@shamisgentile.com,showing_email_candidates,not_flagged,contact_pages,info@shamisgentile.com,,,,info@shamisgentile.com,valid=0; invalid=0; risky=0; unknown=1
10905,>30M,united-drivers.org,no,,,https://embed.typeform.com/ ; https://wulo.typeform.com/to/aDQ7DH,0,,,no_public_email_found,not_flagged,contact_pages,,,,,,valid=0; invalid=0; risky=0; unknown=0
10906,>30M,kulinar-crimea.ru,no,,,,0,,kulinarcrimea@mail.ru,showing_email_candidates,not_flagged,contact_pages,,,,,,valid=0; invalid=0; risky=0; unknown=0
10907,>30M,repairsolutionsnc.com,no,,,,0,,,no_public_email_found,not_flagged,contact_pages,,,,,,valid=0; invalid=0; risky=0; unknown=0
10908,>30M,familiara.de,no,,,https://api.typeform.com/ ; https://form.typeform.com/ ; https://renderer-assets.typeform.com/,0,,kontakt@familiara.de ; mail@universalschlichtungsstelle.de,showing_email_candidates,not_flagged,contact_pages,,,,,,valid=0; invalid=0; risky=0; unknown=0
10909,>30M,saishoart.com,yes,,,https://saisho.typeform.com/to/elKwKixV ; https://saisho.typeform.com/to/oHPx8odz ; https://saisho.typeform.com/to/RRRemiWd,0,,,no_public_email_found,not_flagged,contact_pages,,,,,,valid=0; invalid=0; risky=0; unknown=0
10910,>30M,bearfoxmarketing.com,no,,,,0,,,no_public_email_found,not_flagged,contact_pages,,,,,,valid=0; invalid=0; risky=0; unknown=0
10911,>30M,thinkbarter.net,yes,,,,0,,info@thinkbarter.net ; join@thinkbarter.net,showing_email_candidates,not_flagged,contact_pages,info@thinkbarter.net,,,,info@thinkbarter.net,valid=0; invalid=0; risky=0; unknown=1
10912,>30M,cryptovalley.swiss,yes,,,https://cryptovalley.typeform.com/to/G9SIZWD0,0,,info@cryptovalley.swiss,showing_email_candidates,not_flagged,contact_pages,info@cryptovalley.swiss,,,,info@cryptovalley.swiss,valid=0; invalid=0; risky=0; unknown=1
10913,>30M,joikmadison.com,yes,,,https://joikmadison.typeform.com/to/bs44dk,0,,support@joikmadison.com,showing_email_candidates,not_flagged,contact_pages,support@joikmadison.com,,,,support@joikmadison.com,valid=0; invalid=0; risky=0; unknown=1
10914,>30M,london-york.com,yes,,,,0,,info@london-york.com ; u003einfo@london-york.com,showing_email_candidates,not_flagged,contact_pages,info@london-york.com,,,,info@london-york.com,valid=0; invalid=0; risky=0; unknown=1
10915,>30M,tehwangi.com,no,,,,0,,,no_public_email_found,not_flagged,contact_pages,,,,,,valid=0; invalid=0; risky=0; unknown=0
10916,>30M,ardnockltd.com,yes,,,,0,,,no_public_email_found,not_flagged,contact_pages,,,,,,valid=0; invalid=0; risky=0; unknown=0
10917,>30M,fairflush.com,no,,,,0,,,no_public_email_found,not_flagged,contact_pages,,,,,,valid=0; invalid=0; risky=0; unknown=0
10918,>30M,democratic.technology,yes,,,https://alliance4europe.typeform.com/to/zl5DdCyj,0,,hello@democratic.technology ; sergeylagodinsky_@jens-oellermann-copy-2x-1024x975.jpeg ; sergeylagodinsky_@jens-oellermann-copy-2x-1536x1463.jpeg ; sergeylagodinsky_@jens-oellermann-copy-2x-2048x1951.jpeg ; sergeylagodinsky_@jens-oellermann-copy-2x-300x286.jpeg ; sergeylagodinsky_@jens-oellermann-copy-2x-768x732.jpeg ; sergeylagodinsky_@jens-oellermann-copy-2x-scaled.jpeg,showing_email_candidates,not_flagged,contact_pages,hello@democratic.technology,hello@democratic.technology,,,,valid=1; invalid=0; risky=0; unknown=0
10919,>30M,hype.church,no,,,,0,,,no_public_email_found,not_flagged,contact_pages,,,,,,valid=0; invalid=0; risky=0; unknown=0
10920,>30M,gotanno-yoshida-jibika.com,no,,,,0,,,no_public_email_found,not_flagged,contact_pages,,,,,,valid=0; invalid=0; risky=0; unknown=0
10921,>30M,dapperartisancompany.com,yes,,,https://osupb4kp7nj.typeform.com/to/ua2twLJw,0,,dapperartisancompany@gmail.com,showing_email_candidates,not_flagged,contact_pages,,,,,,valid=0; invalid=0; risky=0; unknown=0
10922,>30M,juan.tax,no,,,,0,,banner@2x-5-1.png ; fast-file.1@2x-1-1024x648.png ; fast-file.1@2x-1-300x190.png ; fast-file.1@2x-1-768x486.png ; fast-file.1@2x-1.png ; help@juan.tax ; icon@120x120.png ; icon@152x152.png ; icon@60x60.png ; icon@76x76.png ; jt_etsp_cert@2x.png ; jt_online_convention_logo@2x.png ; juantax-logo-dark-filled@2x.png ; juantax-logo-white-filled@2x.png ; plus-@2x.png ; quote@2x-1.png ; testimonial1@2x.png ; testimonial2@2x.png ; testimonial3@2x.png ; testimonial4@2x.png ; testimonial5@2x.png ; testimonial@2x.png,showing_email_candidates,not_flagged,contact_pages,help@juan.tax,help@juan.tax,,,,valid=1; invalid=0; risky=0; unknown=0
10923,>30M,premierportfolios.com,no,,,,0,,,no_public_email_found,not_flagged,contact_pages,,,,,,valid=0; invalid=0; risky=0; unknown=0
10924,>30M,ortsconsultores.es,yes,,,https://ovh22qdf2kg.typeform.com/to/KIVijAMX,0,,alvaro.orts@ortsconsultores.com ; alvaro.orts@ortsconsultores.es ; info@ortsconsultores.es,showing_email_candidates,not_flagged,contact_pages,info@ortsconsultores.es,,,,info@ortsconsultores.es,valid=0; invalid=0; risky=0; unknown=1
10925,>30M,momentingroup.com,no,,,,0,,ionicons@4.4.0,showing_email_candidates,not_flagged,contact_pages,,,,,,valid=0; invalid=0; risky=0; unknown=0
10926,>30M,injavel.com,yes,,,https://0k4m90l2e4q.typeform.com/to/p3lqiuAz,0,,,no_public_email_found,not_flagged,contact_pages,,,,,,valid=0; invalid=0; risky=0; unknown=0
10927,>30M,storange.jp,yes,,,https://seeker5084.typeform.com/to/lWPNg0,0,,seeker5084@gmail.com ; seeker5084@mastodon.online,showing_email_candidates,not_flagged,contact_pages,,,,,,valid=0; invalid=0; risky=0; unknown=0
10928,>30M,thecommunity.media,no,,,,0,,,no_public_email_found,not_flagged,contact_pages,,,,,,valid=0; invalid=0; risky=0; unknown=0
10929,>30M,frtnd.com,no,,,,0,,,no_public_email_found,not_flagged,contact_pages,,,,,,valid=0; invalid=0; risky=0; unknown=0
10930,>30M,riojatech.com,yes,,,,0,,,no_public_email_found,not_flagged,contact_pages,,,,,,valid=0; invalid=0; risky=0; unknown=0
10931,>30M,justicetalk.org,no,,,https://verainstitute.typeform.com/,0,,,no_public_email_found,not_flagged,contact_pages,,,,,,valid=0; invalid=0; risky=0; unknown=0
10932,>30M,miamiventurecapital.org,yes,,,https://missionctrl.typeform.com/to/Ifk85a,0,,team@miamiventurecapital.org,showing_email_candidates,not_flagged,contact_pages,team@miamiventurecapital.org,,,,team@miamiventurecapital.org,valid=0; invalid=0; risky=0; unknown=1
10933,>30M,msbaquatics.com,yes,,,,0,,msb-menu-logo@2x.png ; support@msbaquatics.com,showing_email_candidates,not_flagged,contact_pages,support@msbaquatics.com,,,,support@msbaquatics.com,valid=0; invalid=0; risky=0; unknown=1
10934,>30M,qualitystainlessmfg.net,no,,,,0,,qualitystainless@comcast.net,showing_email_candidates,not_flagged,contact_pages,,,,,,valid=0; invalid=0; risky=0; unknown=0
10935,>30M,nextdev.tech,yes,,,https://chrapeyruseigt.typeform.com/to/u2zG4o ; https://embed.typeform.com/,0,,,no_public_email_found,not_flagged,contact_pages,,,,,,valid=0; invalid=0; risky=0; unknown=0
10936,>30M,rodrigoferreri.com,no,,,,0,,,no_public_email_found,not_flagged,contact_pages,,,,,,valid=0; invalid=0; risky=0; unknown=0
10937,>30M,swayambrose.com,no,,,,0,,hello@swayambrose.com,showing_email_candidates,not_flagged,contact_pages,hello@swayambrose.com,hello@swayambrose.com,,,,valid=1; invalid=0; risky=0; unknown=0
10938,>30M,likerecorder.com,no,,,,0,,,no_public_email_found,not_flagged,contact_pages,,,,,,valid=0; invalid=0; risky=0; unknown=0
10939,>30M,stephanieganowski.com,yes,,,,0,,,no_public_email_found,not_flagged,contact_pages,,,,,,valid=0; invalid=0; risky=0; unknown=0
10940,>30M,ronbarretire.com,yes,,,https://insideretirement.typeform.com/to/Udd4IsQP,0,,artboard-2-copy-2@4x-200x147.png ; artboard-2-copy-2@4x.png ; artboard-2-copy-3@4x-200x147.png ; artboard-2-copy-3@4x.png ; artboard-2-copy@4x-200x147.png ; artboard-2-copy@4x.png ; artboard-2@4x-200x147.png ; artboard-2@4x.png ; contact@llonebeacon.com ; contact@lonebeacon.com ; logo_2@3x.png ; raba@ronbarretire.com,showing_email_candidates,not_flagged,contact_pages,,,,,,valid=0; invalid=0; risky=0; unknown=0
10941,>30M,hw-portal.com,no,,,,0,,,no_public_email_found,not_flagged,contact_pages,,,,,,valid=0; invalid=0; risky=0; unknown=0
10942,>30M,getsomed.com,yes,,,https://t00btgubd4w.typeform.com/to/V2sj8Mec,0,,hello@getsomed.com,showing_email_candidates,not_flagged,contact_pages,hello@getsomed.com,hello@getsomed.com,,,,valid=1; invalid=0; risky=0; unknown=0
10943,>30M,bodytonicsf.com,yes,,,https://form.typeform.com/to/C50TafYN ; https://form.typeform.com/to/e5AgPaFR,0,,,no_public_email_found,not_flagged,contact_pages,,,,,,valid=0; invalid=0; risky=0; unknown=0
10944,>30M,recoord.net,yes,,,,0,,,no_public_email_found,not_flagged,contact_pages,,,,,,valid=0; invalid=0; risky=0; unknown=0
10945,>30M,surprise-effect.com,yes,,,https://survey.typeform.com/to/o8rVl5FS,0,,welcome@surprise-effect.com,showing_email_candidates,not_flagged,contact_pages,,,,,,valid=0; invalid=0; risky=0; unknown=0
10946,>30M,talented.fi,no,,,https://wittedmegacorp.typeform.com/,0,,efc2413307f2f5941692a70da2ef10af@o4508138409033728.ingest.de.sentry.io ; hello@talented.fi ; markus.tuuri@talented.fi ; mira.rantatupa@talented.fi ; talent-agent@talented.fi,showing_email_candidates,not_flagged,contact_pages,hello@talented.fi,hello@talented.fi,,,,valid=1; invalid=0; risky=0; unknown=0
10947,>30M,wordo.ai,no,,,,0,,contact@wordo.ai ; you@yourcompany.com,showing_email_candidates,not_flagged,contact_pages,contact@wordo.ai,contact@wordo.ai,,,,valid=1; invalid=0; risky=0; unknown=0
10948,>30M,viaggiinbusconpartenzadallalombardia.it,no,,,,0,,,no_public_email_found,not_flagged,contact_pages,,,,,,valid=0; invalid=0; risky=0; unknown=0
10949,>30M,qualityhealthpro.com,no,,,,0,,banner14@2x-scaled.jpg,showing_email_candidates,not_flagged,contact_pages,,,,,,valid=0; invalid=0; risky=0; unknown=0
10950,>30M,beautytrak.com,yes,,,https://beautytrak.typeform.com/to/C4qKYqOB ; https://beautytrak.typeform.com/to/mlhokldC ; https://beautytrak.typeform.com/to/nnf5VqNF,0,,info@beautytrak.com,showing_email_candidates,not_flagged,contact_pages,info@beautytrak.com,,,,info@beautytrak.com,valid=0; invalid=0; risky=0; unknown=1
10951,>30M,lentresort.com,no,,,,0,,contact@lentresort.com ; logo-light@2x.png ; logo@2x.png,showing_email_candidates,not_flagged,contact_pages,contact@lentresort.com,contact@lentresort.com,,,,valid=1; invalid=0; risky=0; unknown=0
10952,>30M,cugatech.com,no,,,,0,,,no_public_email_found,not_flagged,contact_pages,,,,,,valid=0; invalid=0; risky=0; unknown=0
10953,>30M,topchildcustodylawyers.com,no,,,https://embed.typeform.com/,0,,jane@example.com,showing_email_candidates,not_flagged,contact_pages,,,,,,valid=0; invalid=0; risky=0; unknown=0
10954,>30M,kevindana.com,no,,,,0,,gsap@3.12.2 ; lite-vimeo@0.1.1,showing_email_candidates,not_flagged,contact_pages,,,,,,valid=0; invalid=0; risky=0; unknown=0
10955,>30M,naveenmathew.com,no,,,,0,,,no_public_email_found,not_flagged,contact_pages,,,,,,valid=0; invalid=0; risky=0; unknown=0
10956,>30M,securethedoors.com,no,,,,0,,,no_public_email_found,not_flagged,contact_pages,,,,,,valid=0; invalid=0; risky=0; unknown=0
10957,>30M,lucasegabriela.com.br,no,,,,0,,,no_public_email_found,not_flagged,contact_pages,,,,,,valid=0; invalid=0; risky=0; unknown=0
10958,>30M,forpeoplefoundation.org,no,,,,0,,alguien@example.com ; flags@2x.png,showing_email_candidates,not_flagged,contact_pages,,,,,,valid=0; invalid=0; risky=0; unknown=0
10959,>30M,theqrl.org,no,,,,0,,info@theqrl.org ; press@theqrl.org ; support@theqrl.org,showing_email_candidates,not_flagged,contact_pages,info@theqrl.org ; press@theqrl.org ; support@theqrl.org,,,,info@theqrl.org ; press@theqrl.org ; support@theqrl.org,valid=0; invalid=0; risky=0; unknown=3
10960,>30M,growthmarketingtoolbox.com,no,,,,0,,,no_public_email_found,not_flagged,contact_pages,,,,,,valid=0; invalid=0; risky=0; unknown=0
10961,>30M,luccipers.com,yes,,,,0,,,no_public_email_found,not_flagged,contact_pages,,,,,,valid=0; invalid=0; risky=0; unknown=0
10962,>30M,vdlsystems.nl,no,,,,0,,info@vdlsystems.nl,showing_email_candidates,not_flagged,contact_pages,info@vdlsystems.nl,,,,info@vdlsystems.nl,valid=0; invalid=0; risky=0; unknown=1
10963,>30M,himekeikyo.or.jp,no,,,,0,,,no_public_email_found,not_flagged,contact_pages,,,,,,valid=0; invalid=0; risky=0; unknown=0
10964,>30M,ksl-arnsberg.de,yes,,,https://lucasschnurre.typeform.com/to/bFLDckOj,0,,andreas.tintrup@ksl-arnsberg.de ; christiane.rischer@ksl-arnsberg.de ; info@ksl-arnsberg.de ; info@ksl-duesseldorf.de ; info@ksl-koeln.de ; info@ksl-msi-nrw.de ; info@ksl-muenster.de ; info@ksl-nrw.de ; info@ksl-owl.de ; inga.schimanski@ksl-arnsberg.de ; lena.bertelmann@ksl-arnsberg.de ; manuel.salomon@ksl-nrw.de ; maren.zebrowski@ksl-arnsberg.de ; martina.hengesbach@ksl-arnsberg.de ; milena.wolf@ksl-arnsberg.de ; sebastian.lamprecht@mobile-dortmund.de ; uikit@3.6.22,showing_email_candidates,not_flagged,contact_pages,info@ksl-arnsberg.de,,,,info@ksl-arnsberg.de,valid=0; invalid=0; risky=0; unknown=1
10965,>30M,gearcleanr.com,yes,,,https://dh1a0zqjzgr.typeform.com/to/efVBMaeE,0,,,no_public_email_found,not_flagged,contact_pages,,,,,,valid=0; invalid=0; risky=0; unknown=0
10966,>30M,zxpmessages.com,yes,,,,0,,,no_public_email_found,not_flagged,contact_pages,,,,,,valid=0; invalid=0; risky=0; unknown=0
10967,>30M,workplacely.com,yes,,,https://vntqugp069t.typeform.com/to/Tgt6t6WP,0,,,no_public_email_found,not_flagged,contact_pages,,,,,,valid=0; invalid=0; risky=0; unknown=0
10968,>30M,xinyizhou.xyz,no,,,,0,,,no_public_email_found,not_flagged,contact_pages,,,,,,valid=0; invalid=0; risky=0; unknown=0
10969,>30M,affaldsindsamlingen.dk,yes,,,https://form.typeform.com/to/DzZHYIsW ; https://form.typeform.com/to/LQrLyP3V ; https://form.typeform.com/to/X3agAyzU,0,,mikkel@dn.dk ; persondata@dn.dk,showing_email_candidates,not_flagged,contact_pages,,,,,,valid=0; invalid=0; risky=0; unknown=0
10970,>30M,theloop.xyz,no,,,,0,,,no_public_email_found,not_flagged,contact_pages,,,,,,valid=0; invalid=0; risky=0; unknown=0
10971,>30M,pageloops.com,yes,,,https://galtashma.typeform.com/to/lbbenRTC,0,,lucy@pageloops.com,showing_email_candidates,not_flagged,contact_pages,,,,,,valid=0; invalid=0; risky=0; unknown=0
10972,>30M,bubble.pet,no,,,,0,,,no_public_email_found,not_flagged,contact_pages,,,,,,valid=0; invalid=0; risky=0; unknown=0
10973,>30M,lighthouseiq.com,yes,,,https://embed.typeform.com/ ; https://millercj.typeform.com/to/bJlRQr,0,,,no_public_email_found,not_flagged,contact_pages,,,,,,valid=0; invalid=0; risky=0; unknown=0
10974,>30M,approvemymacros.com,yes,,,https://reuben31.typeform.com/to/Zp0A9z,0,,,no_public_email_found,not_flagged,contact_pages,,,,,,valid=0; invalid=0; risky=0; unknown=0
10975,>30M,brain-me.com,yes,,,https://form.typeform.com/to/Z9o75YLj ; https://laurentbrisset.typeform.com/to/Z9o75YLj,0,,communaute-brain-me@800-300x72.png ; communaute-brain-me@800-768x184.png ; communaute-brain-me@800.png,showing_email_candidates,not_flagged,contact_pages,,,,,,valid=0; invalid=0; risky=0; unknown=0
10976,>30M,janahendrickson.com,yes,,,,0,,,no_public_email_found,not_flagged,contact_pages,,,,,,valid=0; invalid=0; risky=0; unknown=0
10977,>30M,custardandpink.com,no,,,,0,,,no_public_email_found,not_flagged,contact_pages,,,,,,valid=0; invalid=0; risky=0; unknown=0
10978,>30M,hackitday.com,yes,,,https://kithackitday.typeform.com/to/IWylE0,0,,hackitday@kidsintech.ca,showing_email_candidates,not_flagged,contact_pages,,,,,,valid=0; invalid=0; risky=0; unknown=0
10979,>30M,apolloniaponti.com,yes,,,https://form.typeform.com/to/CP9qo0qV ; https://form.typeform.com/to/KRWc9SBb,0,,,no_public_email_found,not_flagged,contact_pages,,,,,,valid=0; invalid=0; risky=0; unknown=0
10980,>30M,ashbyandgabriel.com,yes,,,,0,,,no_public_email_found,not_flagged,contact_pages,,,,,,valid=0; invalid=0; risky=0; unknown=0
10981,>30M,robertkayanjaministries.com,yes,,,https://robertkayanjaministries.typeform.com/to/TJM0qdIU,0,,,no_public_email_found,not_flagged,contact_pages,,,,,,valid=0; invalid=0; risky=0; unknown=0
10982,>30M,suitecentric.com,yes,,,,0,,,no_public_email_found,not_flagged,contact_pages,,,,,,valid=0; invalid=0; risky=0; unknown=0
10983,>30M,urbanlogiq.com,no,,,,0,,,no_public_email_found,not_flagged,contact_pages,,,,,,valid=0; invalid=0; risky=0; unknown=0
10984,>30M,nasmentoringsupport.org,no,,,,0,,,no_public_email_found,not_flagged,contact_pages,,,,,,valid=0; invalid=0; risky=0; unknown=0
10985,>30M,savvymanorsnaturalcleaning.com,yes,,,https://rmms.typeform.com/to/iNm9B4,0,,savvymanors@gmail.com ; savvymanors@protonmail.com,showing_email_candidates,not_flagged,contact_pages,,,,,,valid=0; invalid=0; risky=0; unknown=0
10986,>30M,omegamarketer.com,yes,,,https://form.typeform.com/to/o5syz4mS,0,,,no_public_email_found,not_flagged,contact_pages,,,,,,valid=0; invalid=0; risky=0; unknown=0
10987,>30M,thepatientfactory.com,yes,,,https://candidate.typeform.com/to/h34bSkh0,0,,,no_public_email_found,not_flagged,contact_pages,,,,,,valid=0; invalid=0; risky=0; unknown=0
10988,>30M,anomia.fr,yes,,,https://anomia.typeform.com/to/b5FiDGvc ; https://anomia.typeform.com/to/faaPH94O ; https://anomia.typeform.com/to/SWKTouWe ; https://form.typeform.com/to/cLFELbtY,0,,contact@anomia.fr ; jarallax@2.0.3 ; jean.dupont@gmail.com,showing_email_candidates,not_flagged,contact_pages,contact@anomia.fr,contact@anomia.fr,,,,valid=1; invalid=0; risky=0; unknown=0
10989,>30M,tosmic.com,no,,,,0,,,no_public_email_found,not_flagged,contact_pages,,,,,,valid=0; invalid=0; risky=0; unknown=0
10990,>30M,availathletes.com,yes,,,,0,,,no_public_email_found,not_flagged,contact_pages,,,,,,valid=0; invalid=0; risky=0; unknown=0
10991,>30M,vivifx.com,yes,,,https://vivifxart.typeform.com/to/hxeDE6,0,,,no_public_email_found,not_flagged,contact_pages,,,,,,valid=0; invalid=0; risky=0; unknown=0
10992,>30M,shibui.xyz,yes,,,,0,,,no_public_email_found,not_flagged,contact_pages,,,,,,valid=0; invalid=0; risky=0; unknown=0
10993,>30M,dgs.world,yes,,,https://digigurus.typeform.com/to/HCZXPR ; https://embed.typeform.com/,0,,info@digigurus.net,showing_email_candidates,not_flagged,contact_pages,,,,,,valid=0; invalid=0; risky=0; unknown=0
10994,>30M,pollynationapothecary.com,yes,,,https://qjgvm2wwahw.typeform.com/to/dXraAQrh ; https://quiz.typeform.com/to/sgWPRDsN,0,,info@pollynation.com,showing_email_candidates,not_flagged,contact_pages,,,,,,valid=0; invalid=0; risky=0; unknown=0
10995,>30M,youthtellers.com,yes,,,,0,,,no_public_email_found,not_flagged,contact_pages,,,,,,valid=0; invalid=0; risky=0; unknown=0
10996,>30M,sublimespaysages.com,no,,,https://images.typeform.com/,0,,sublimes.paysages@gmail.com,showing_email_candidates,not_flagged,contact_pages,,,,,,valid=0; invalid=0; risky=0; unknown=0
10997,>30M,atc-recrutement.com,yes,,,https://anne608.typeform.com/to/IiDoRf,0,,,no_public_email_found,not_flagged,contact_pages,,,,,,valid=0; invalid=0; risky=0; unknown=0
10998,>30M,conduitx.com,yes,,,https://yfbc3672v5c.typeform.com/to/hudNoQN5 ; https://yfbc3672v5c.typeform.com/to/r11qpf0B,0,,,no_public_email_found,not_flagged,contact_pages,,,,,,valid=0; invalid=0; risky=0; unknown=0
10999,>30M,vdlwientjesemmen.nl,no,,,,0,,info@vdlwientjesemmen.nl,showing_email_candidates,not_flagged,contact_pages,info@vdlwientjesemmen.nl,,,,info@vdlwientjesemmen.nl,valid=0; invalid=0; risky=0; unknown=1
11000,>30M,michaelmakabi.com,no,,,,0,,,no_public_email_found,not_flagged,contact_pages,,,,,,valid=0; invalid=0; risky=0; unknown=0
11001,>30M,montana1997.com,yes,,,https://adam575.typeform.com/to/Gx5JiF ; https://www.typeform.com/,0,,info@wlcr.io,showing_email_candidates,not_flagged,contact_pages,,,,,,valid=0; invalid=0; risky=0; unknown=0
11002,>30M,impactsl.com,no,,,,0,,,no_public_email_found,not_flagged,contact_pages,,,,,,valid=0; invalid=0; risky=0; unknown=0
11003,>30M,number.studio,no,,,,0,,,no_public_email_found,not_flagged,contact_pages,,,,,,valid=0; invalid=0; risky=0; unknown=0
11004,>30M,tristanjamesphoto.com,no,,,,0,,three@0.160.0 ; tristanjames3d@gmail.com,showing_email_candidates,not_flagged,contact_pages,,,,,,valid=0; invalid=0; risky=0; unknown=0
11005,>30M,fruo.nl,yes,,,,0,,,no_public_email_found,not_flagged,contact_pages,,,,,,valid=0; invalid=0; risky=0; unknown=0
11006,>30M,hero-era.com,no,,,,0,,info@hero-era.com,showing_email_candidates,not_flagged,contact_pages,info@hero-era.com,,,,info@hero-era.com,valid=0; invalid=0; risky=0; unknown=1
11007,>30M,onemetobe.com,yes,,,,0,,iam@onemetobe.com ; teamadmin@onemetobe.com,showing_email_candidates,not_flagged,contact_pages,,,,,,valid=0; invalid=0; risky=0; unknown=0
11008,>30M,layoutgo.com,no,,,,0,,,no_public_email_found,not_flagged,contact_pages,,,,,,valid=0; invalid=0; risky=0; unknown=0
11009,>30M,coachingpreparationconcours.com,no,,,,0,,,no_public_email_found,not_flagged,contact_pages,,,,,,valid=0; invalid=0; risky=0; unknown=0
11010,>30M,brightendeavour.com,yes,,,https://ekomomai.typeform.com/to/k0cKyM,0,,,no_public_email_found,not_flagged,contact_pages,,,,,,valid=0; invalid=0; risky=0; unknown=0
11011,>30M,nhomnamsung.com,no,,,,0,,,no_public_email_found,not_flagged,contact_pages,,,,,,valid=0; invalid=0; risky=0; unknown=0
11012,>30M,slicevisual.com,yes,,,https://utl4m4z6kvs.typeform.com/to/CSqoElnC,0,,sales@slicevisual.com,showing_email_candidates,not_flagged,contact_pages,sales@slicevisual.com,,,,sales@slicevisual.com,valid=0; invalid=0; risky=0; unknown=1
11013,>30M,repino-park.ru,no,,,,0,,info@repino-park.ru,showing_email_candidates,not_flagged,contact_pages,info@repino-park.ru,,,,info@repino-park.ru,valid=0; invalid=0; risky=0; unknown=1
11014,>30M,wirheiraten.wtf,yes,,,https://form.typeform.com/to/FdGnDIZ3,0,,,no_public_email_found,not_flagged,contact_pages,,,,,,valid=0; invalid=0; risky=0; unknown=0
11015,>30M,nemosh.com,no,,,,0,,name@company.com,showing_email_candidates,not_flagged,contact_pages,,,,,,valid=0; invalid=0; risky=0; unknown=0
11016,>30M,thomasgharrington.com,no,,,,0,,,no_public_email_found,not_flagged,contact_pages,,,,,,valid=0; invalid=0; risky=0; unknown=0
11017,>30M,miskinorganics.com.au,yes,,,https://amanda890098.typeform.com/to/OcAFNa,0,,amanda@miskinorganics.com.au,showing_email_candidates,not_flagged,contact_pages,,,,,,valid=0; invalid=0; risky=0; unknown=0
11018,>30M,homepanda.org,yes,,,https://totalsecure.typeform.com/to/NDy39WzR,0,,,no_public_email_found,not_flagged,contact_pages,,,,,,valid=0; invalid=0; risky=0; unknown=0
11019,>30M,untappedlearning.com,no,,,,0,,you@example.com,showing_email_candidates,not_flagged,contact_pages,,,,,,valid=0; invalid=0; risky=0; unknown=0
11020,>30M,in-tac-expo.com,no,,,,0,,,no_public_email_found,not_flagged,contact_pages,,,,,,valid=0; invalid=0; risky=0; unknown=0
11021,>30M,tts247.com,no,,,,0,,,no_public_email_found,not_flagged,contact_pages,,,,,,valid=0; invalid=0; risky=0; unknown=0
11022,>30M,clarettelondon.com,yes,,,https://form.typeform.com/to/qL6Rivgb,0,,info@clarettelondon.co.uk,showing_email_candidates,not_flagged,contact_pages,,,,,,valid=0; invalid=0; risky=0; unknown=0
11023,>30M,sellabolsa.com,yes,,,https://embed.typeform.com/ ; https://lalo18.typeform.com/to/bGQXUM ; https://sellabolsa.typeform.com/to/a2rPul ; https://www.typeform.com/,0,,rpalomino@sellabolsa.com,showing_email_candidates,not_flagged,contact_pages,,,,,,valid=0; invalid=0; risky=0; unknown=0
11024,>30M,ariefhary.com,no,,,,0,,,no_public_email_found,not_flagged,contact_pages,,,,,,valid=0; invalid=0; risky=0; unknown=0
11025,>30M,zeeker.es,no,,,https://embed.typeform.com/,0,,,no_public_email_found,not_flagged,contact_pages,,,,,,valid=0; invalid=0; risky=0; unknown=0
11026,>30M,plevinclaims.com,no,,,,0,,,no_public_email_found,not_flagged,contact_pages,,,,,,valid=0; invalid=0; risky=0; unknown=0
11027,>30M,inspirationalchemy.com,yes,,,https://iysof98tu0k.typeform.com/to/D0i28VWa,0,,,no_public_email_found,not_flagged,contact_pages,,,,,,valid=0; invalid=0; risky=0; unknown=0
11028,>30M,forminer.com,no,,,,0,,hello@forminer.com,showing_email_candidates,not_flagged,contact_pages,hello@forminer.com,,hello@forminer.com,,,valid=0; invalid=1; risky=0; unknown=0
11029,>30M,m-ken.net,no,,,,0,,,no_public_email_found,not_flagged,contact_pages,,,,,,valid=0; invalid=0; risky=0; unknown=0
11030,>30M,ristoranteilporticciolotorino.it,yes,,,,0,,0c52cb89aa4d4154857a1584b6701db6@sentry.wixpress.com ; 1689329078444118ba5ee5234e87bd81@sentry.wixpress.com ; 18d2f96d279149989b95faf0a4b41882@sentry-next.wixpress.com ; 5d1795a2db124a268f1e1bd88f503500@sentry.wixpress.com ; 605a7baede844d278b89dc95ae0a9123@sentry-next.wixpress.com ; 7025fe2ce4ed466a9751d9607bc63a44@sentry.wixpress.com ; 78f7996315bc402f9dcb8a2f974b82d1@sentry.wixpress.com ; 8c4075d5481d476e945486754f783364@sentry.io ; 8eb368c655b84e029ed79ad7a5c1718e@sentry.wixpress.com ; 9a65e97ebe8141fca0c4fd686f70996b@sentry.wixpress.com ; b4928a7ca6b9454192554f7a3911fd68@sentry.wixpress.com ; c5095236fd2e4b8fae9ed6d73cdd81a3@sentry.wixpress.com ; core-js-bundle@3.2.1 ; d44fb01cd7e74726be3bf46f5e32f60e@sentry.wixpress.com ; e0b4d631da7b4200828051f7f9c783e3@sentry-next.wixpress.com ; focus-within-polyfill@5.0.9 ; info@ilporticciolo.net ; intl-segmenter@11.7.10 ; lodash@4.17.23 ; react-dom@18.3.1 ; react@18.3.1 ; rspack@1.6.8,showing_email_candidates,not_flagged,contact_pages,,,,,,valid=0; invalid=0; risky=0; unknown=0
11031,>30M,peak.legal,no,,,,0,,,no_public_email_found,not_flagged,contact_pages,,,,,,valid=0; invalid=0; risky=0; unknown=0
11032,>30M,sicherheitscheck.online,no,,,,0,,,no_public_email_found,not_flagged,contact_pages,,,,,,valid=0; invalid=0; risky=0; unknown=0
11033,>30M,speakerbooth.com,yes,,,,0,,,no_public_email_found,not_flagged,contact_pages,,,,,,valid=0; invalid=0; risky=0; unknown=0
11034,>30M,livingcreek.church,no,,,,0,,info@livingcreek.church,showing_email_candidates,not_flagged,contact_pages,info@livingcreek.church,,,,info@livingcreek.church,valid=0; invalid=0; risky=0; unknown=1
11035,>30M,sglocevent.com,yes,,,https://cmyepdj9le4.typeform.com/to/QF4WyjWU,0,,,no_public_email_found,not_flagged,contact_pages,,,,,,valid=0; invalid=0; risky=0; unknown=0
11036,>30M,cityoftheopendoor.com,no,,,,0,,,no_public_email_found,not_flagged,contact_pages,,,,,,valid=0; invalid=0; risky=0; unknown=0
11037,>30M,bradshaw.cloud,no,,,,0,,you@company.com,showing_email_candidates,not_flagged,contact_pages,,,,,,valid=0; invalid=0; risky=0; unknown=0
11038,>30M,drcindybae.com,yes,,,https://goldmanmarketing.typeform.com/to/KRcGUyHP,0,,,no_public_email_found,not_flagged,contact_pages,,,,,,valid=0; invalid=0; risky=0; unknown=0
11039,>30M,selfmadeathletes.com,yes,,,https://05xz7nkzwwn.typeform.com/to/I4J3lj3c,0,,sma.training.club@gmail.com ; support@selfmadeathletes.com,showing_email_candidates,not_flagged,contact_pages,support@selfmadeathletes.com,,,,support@selfmadeathletes.com,valid=0; invalid=0; risky=0; unknown=1
11040,>30M,label-vie.fr,yes,,,https://v5o0gsniphl.typeform.com/to/G7xhnDw7,0,,,no_public_email_found,not_flagged,contact_pages,,,,,,valid=0; invalid=0; risky=0; unknown=0
11041,>30M,northernpanorama.se,no,,,,0,,,no_public_email_found,not_flagged,contact_pages,,,,,,valid=0; invalid=0; risky=0; unknown=0
11042,>30M,sakerhetsglasarna.se,yes,,,https://form.typeform.com/to/SnbBXqwJ,0,,,no_public_email_found,not_flagged,contact_pages,,,,,,valid=0; invalid=0; risky=0; unknown=0
11043,>30M,omega-garant.ru,no,,,,0,,,no_public_email_found,not_flagged,contact_pages,,,,,,valid=0; invalid=0; risky=0; unknown=0
11044,>30M,ononestudios.com,yes,,,,0,,,no_public_email_found,not_flagged,contact_pages,,,,,,valid=0; invalid=0; risky=0; unknown=0
11045,>30M,aguacil.com,no,,,,0,,hola@aguacil.com,showing_email_candidates,not_flagged,contact_pages,,,,,,valid=0; invalid=0; risky=0; unknown=0
11046,>30M,kosakajibika.com,no,,,,0,,,no_public_email_found,not_flagged,contact_pages,,,,,,valid=0; invalid=0; risky=0; unknown=0
11047,>30M,xtremerealtyllc.com,yes,,,https://form.typeform.com/to/IzQx7RXj,0,,info@xtremerealtyllc.com,showing_email_candidates,not_flagged,contact_pages,info@xtremerealtyllc.com,,,,info@xtremerealtyllc.com,valid=0; invalid=0; risky=0; unknown=1
11048,>30M,takaken-reform.com,no,,,,0,,,no_public_email_found,not_flagged,contact_pages,,,,,,valid=0; invalid=0; risky=0; unknown=0
11049,>30M,growwithgates.com,yes,,,https://form.typeform.com/to/eCkOobsm ; https://form.typeform.com/to/QCyyzVHE ; https://form.typeform.com/to/uwlbwXlT ; https://form.typeform.com/to/XV5uEx1m ; https://form.typeform.com/to/yOFttQ0K ; https://form.typeform.com/to/ZCtWzob6,0,,,no_public_email_found,not_flagged,contact_pages,,,,,,valid=0; invalid=0; risky=0; unknown=0
11050,>30M,girlscodingday.org,yes,,,https://girlscodingday.typeform.com/to/xP1yFD,0,,cooperation@codingirlsclub.com ; info@codingirlsclub.com ; sponsor@codingirlsclub.com ; wenyang@codingirlsclub.com,showing_email_candidates,not_flagged,contact_pages,,,,,,valid=0; invalid=0; risky=0; unknown=0
11051,>30M,growthgirls.com,yes,,,https://form.typeform.com/to/KWBXVE,0,,hello@growthgirls.com,showing_email_candidates,not_flagged,contact_pages,hello@growthgirls.com,hello@growthgirls.com,,,,valid=1; invalid=0; risky=0; unknown=0
11052,>30M,ichiharaworks.com,no,,,,0,,,no_public_email_found,not_flagged,contact_pages,,,,,,valid=0; invalid=0; risky=0; unknown=0
11053,>30M,vesseldna.com,no,,,,0,,office@vesseldna.com,showing_email_candidates,not_flagged,contact_pages,office@vesseldna.com,,,,office@vesseldna.com,valid=0; invalid=0; risky=0; unknown=1
11054,>30M,lmdtavocat.com,yes,,,https://spationauteio.typeform.com/to/rx8hUrHO,0,,contact@lmdtavocat.com,showing_email_candidates,not_flagged,contact_pages,contact@lmdtavocat.com,contact@lmdtavocat.com,,,,valid=1; invalid=0; risky=0; unknown=0
11055,>30M,alis.it,yes,,,https://pushapp.typeform.com/to/Nay0Cg,0,,,no_public_email_found,not_flagged,contact_pages,,,,,,valid=0; invalid=0; risky=0; unknown=0
11056,>30M,flourishingfigures.com.au,yes,,,https://flourishingfigures.typeform.com/to/jKLYaVpj,0,,info@ff.tax,showing_email_candidates,not_flagged,contact_pages,,,,,,valid=0; invalid=0; risky=0; unknown=0
11057,>30M,id-m.me,no,,,,0,,,no_public_email_found,not_flagged,contact_pages,,,,,,valid=0; invalid=0; risky=0; unknown=0
11058,>30M,myhvacprice.com,no,,,https://upfrog.pro.typeform.com/ ; https://upfrog.typeform.com/,0,,,no_public_email_found,not_flagged,contact_pages,,,,,,valid=0; invalid=0; risky=0; unknown=0
11059,>30M,hotandsocial.com,yes,,,https://p9f9wqlwbjv.typeform.com/to/OhKgK0uZ ; https://p9f9wqlwbjv.typeform.com/to/Yn08YdV0,0,,,no_public_email_found,not_flagged,contact_pages,,,,,,valid=0; invalid=0; risky=0; unknown=0
11060,>30M,rubix.world,yes,,,https://form.typeform.com/to/sNl66LSs ; https://form.typeform.com/to/T6SYHyz3,0,,hello@rubixstack.com ; lenis@1.0.45,showing_email_candidates,not_flagged,contact_pages,,,,,,valid=0; invalid=0; risky=0; unknown=0
11061,>30M,anytimecomfort.com,no,,,,0,,,no_public_email_found,not_flagged,contact_pages,,,,,,valid=0; invalid=0; risky=0; unknown=0
11062,>30M,audifield.com,yes,,,https://form.typeform.com/to/AyEu5hvh ; https://form.typeform.com/to/Eq1QViwA,0,,events@dcunited.com ; jbrunsonjohnson@dcunited.com ; lturner@dcunited.com ; sfletcher@dcunited.com ; ticketing@dcunited.com,showing_email_candidates,not_flagged,contact_pages,,,,,,valid=0; invalid=0; risky=0; unknown=0
11063,>30M,cirface.com,no,,,https://zn5tw0u35ao.typeform.com/,0,,info@cirface.com,showing_email_candidates,not_flagged,contact_pages,info@cirface.com,,,,info@cirface.com,valid=0; invalid=0; risky=0; unknown=1
11064,>30M,lynnmull.com,yes,,,https://embed.typeform.com/ ; https://form.typeform.com/to/AbCdEF ; https://lynnmull.typeform.com/to/bbM3AAvv ; https://lynnmull.typeform.com/to/Ipau9kkg,0,,lynn@lynnmull.com,showing_email_candidates,not_flagged,contact_pages,,,,,,valid=0; invalid=0; risky=0; unknown=0
11065,>30M,gibasassociates.com,yes,,,https://form.typeform.com/to/oa8xsC3K,0,,example@gmail.com,showing_email_candidates,not_flagged,contact_pages,,,,,,valid=0; invalid=0; risky=0; unknown=0
11066,>30M,kingsrivereast.org,yes,,,,0,,,no_public_email_found,not_flagged,contact_pages,,,,,,valid=0; invalid=0; risky=0; unknown=0
11067,>30M,careconnectpss.com,no,,,,0,,,no_public_email_found,not_flagged,contact_pages,,,,,,valid=0; invalid=0; risky=0; unknown=0
11068,>30M,bestseniorlivingfacilities.com,no,,,https://embed.typeform.com/,0,,,no_public_email_found,not_flagged,contact_pages,,,,,,valid=0; invalid=0; risky=0; unknown=0
11069,>30M,ggscleaningservicect.com,yes,,,,0,,,no_public_email_found,not_flagged,contact_pages,,,,,,valid=0; invalid=0; risky=0; unknown=0
11070,>30M,barberday.online,yes,,,https://4nhsxfw4k36.typeform.com/to/UTy4YVkh,0,,,no_public_email_found,not_flagged,contact_pages,,,,,,valid=0; invalid=0; risky=0; unknown=0
11071,>30M,marketinglabgroup.com,no,,,,0,,newbiz@marketinglabgroup.com,showing_email_candidates,not_flagged,contact_pages,,,,,,valid=0; invalid=0; risky=0; unknown=0
11072,>30M,vahomeloanbootcamp.com,no,,,,0,,,no_public_email_found,not_flagged,contact_pages,,,,,,valid=0; invalid=0; risky=0; unknown=0
11073,>30M,stucadoorexpert.nl,no,,,,0,,,no_public_email_found,not_flagged,contact_pages,,,,,,valid=0; invalid=0; risky=0; unknown=0
11074,>30M,youbuildwefund.com,yes,,,https://dinesh73.typeform.com/to/fbMqlu ; https://www.typeform.com/,0,,creditlady777@gmail.com ; kbarnesww@gmail.com,showing_email_candidates,not_flagged,contact_pages,,,,,,valid=0; invalid=0; risky=0; unknown=0
11075,>30M,jilllenaford.com,no,,,,0,,,no_public_email_found,not_flagged,contact_pages,,,,,,valid=0; invalid=0; risky=0; unknown=0
11076,>30M,floridavanline.com,yes,,,https://form.typeform.com/to/jt7KdXB2 ; https://qgtbienqwba.typeform.com/to/jt7KdXB2,0,,,no_public_email_found,not_flagged,contact_pages,,,,,,valid=0; invalid=0; risky=0; unknown=0
11077,>30M,findunspeakablejoy.com,yes,,,,0,,,no_public_email_found,not_flagged,contact_pages,,,,,,valid=0; invalid=0; risky=0; unknown=0
11078,>30M,ross.digital,no,,,,0,,,no_public_email_found,not_flagged,contact_pages,,,,,,valid=0; invalid=0; risky=0; unknown=0
11079,>30M,pro312.ru,no,,,,0,,,no_public_email_found,not_flagged,contact_pages,,,,,,valid=0; invalid=0; risky=0; unknown=0
11080,>30M,mymortgagemagician.com,yes,,,https://bryan201.typeform.com/to/rQJfRW ; https://www.typeform.com/,0,,,no_public_email_found,not_flagged,contact_pages,,,,,,valid=0; invalid=0; risky=0; unknown=0
11081,>30M,flame.live,no,,,,0,,,no_public_email_found,not_flagged,contact_pages,,,,,,valid=0; invalid=0; risky=0; unknown=0
11082,>30M,onpoint.agency,no,,,,0,,,no_public_email_found,not_flagged,contact_pages,,,,,,valid=0; invalid=0; risky=0; unknown=0
11083,>30M,1stlevelmarketing.com,yes,,,,0,,,no_public_email_found,not_flagged,contact_pages,,,,,,valid=0; invalid=0; risky=0; unknown=0
11084,>30M,aluminiumprofilemanufacturers.com,no,,,,0,,sales@ratnashri.co.in,showing_email_candidates,not_flagged,contact_pages,,,,,,valid=0; invalid=0; risky=0; unknown=0
11085,>30M,ethandonati.com,yes,,,https://ethan321.typeform.com/to/kZD9KhT0,0,,,no_public_email_found,not_flagged,contact_pages,,,,,,valid=0; invalid=0; risky=0; unknown=0
11086,>30M,eyevom.com,no,,,,0,,mail@eyevom.com,showing_email_candidates,not_flagged,contact_pages,,,,,,valid=0; invalid=0; risky=0; unknown=0
11087,>30M,gironatour.com,yes,,,,0,,hola@gironatour.com,showing_email_candidates,not_flagged,contact_pages,,,,,,valid=0; invalid=0; risky=0; unknown=0
11088,>30M,guiltyunicorn.com,no,,,,0,,johan.bergstrom@guiltyunicorn.com,showing_email_candidates,not_flagged,contact_pages,,,,,,valid=0; invalid=0; risky=0; unknown=0
11089,>30M,kaigo556.com,no,,,,0,,,no_public_email_found,not_flagged,contact_pages,,,,,,valid=0; invalid=0; risky=0; unknown=0
11090,>30M,laurieandnate.com,no,,,https://embed.typeform.com/,0,,,no_public_email_found,not_flagged,contact_pages,,,,,,valid=0; invalid=0; risky=0; unknown=0
11091,>30M,laureateinsurance.com,no,,,,0,,,no_public_email_found,not_flagged,contact_pages,,,,,,valid=0; invalid=0; risky=0; unknown=0
11092,>30M,momentinrestaurants.com,no,,,,0,,varaukset@momentinrestaurants.com,showing_email_candidates,not_flagged,contact_pages,,,,,,valid=0; invalid=0; risky=0; unknown=0
11093,>30M,mycoloradoglass.com,yes,,,https://form.typeform.com/to/vdMu1sua,0,,info@mycoloradoglass.com,showing_email_candidates,not_flagged,contact_pages,info@mycoloradoglass.com,,,,info@mycoloradoglass.com,valid=0; invalid=0; risky=0; unknown=1
11094,>30M,natnode.com,no,,,,0,,,no_public_email_found,not_flagged,contact_pages,,,,,,valid=0; invalid=0; risky=0; unknown=0
11095,>30M,pocdigital.com,yes,,,https://p05gdfuoeix.typeform.com/to/oXKSKajE,0,,letstalk@pocdigital.com,showing_email_candidates,not_flagged,contact_pages,,,,,,valid=0; invalid=0; risky=0; unknown=0
11096,>30M,prioridademaxima.com,no,,,,0,,,no_public_email_found,not_flagged,contact_pages,,,,,,valid=0; invalid=0; risky=0; unknown=0
11097,>30M,shapersacademy.com,yes,,,https://form.typeform.com/to/DpBWtJSD ; https://form.typeform.com/to/UH0gpcBm,0,,contact@shapersacademy.com,showing_email_candidates,not_flagged,contact_pages,contact@shapersacademy.com,,contact@shapersacademy.com,,,valid=0; invalid=1; risky=0; unknown=0
11098,>30M,spaatbriarcliff.com,no,,,,0,,amanda@spaatbriarcliff.com,showing_email_candidates,not_flagged,contact_pages,,,,,,valid=0; invalid=0; risky=0; unknown=0
11099,>30M,stephaniepaulinc.com,yes,,,https://building-commanding-presence.typeform.com/to/A2CTauDC ; https://building-commanding-presence.typeform.com/to/P0sgPZNY,0,,,no_public_email_found,not_flagged,contact_pages,,,,,,valid=0; invalid=0; risky=0; unknown=0
11100,>30M,unbuenmomento.com,yes,,,,0,,,no_public_email_found,not_flagged,contact_pages,,,,,,valid=0; invalid=0; risky=0; unknown=0
11101,>30M,turing22.com,no,,,https://embed.typeform.com/ ; https://form.typeform.com/to/YldU2gNE,0,,contact@turing22.com,showing_email_candidates,not_flagged,contact_pages,contact@turing22.com,contact@turing22.com,,,,valid=1; invalid=0; risky=0; unknown=0
11102,>30M,usespare.com,yes,,,,0,,,no_public_email_found,not_flagged,contact_pages,,,,,,valid=0; invalid=0; risky=0; unknown=0
11103,>30M,uxtoro.com,no,,,,0,,youremail@email.com,showing_email_candidates,not_flagged,contact_pages,,,,,,valid=0; invalid=0; risky=0; unknown=0
11104,>30M,heirloomchurch.org,no,,,,0,,dakota@heirloomchurch.org,showing_email_candidates,not_flagged,contact_pages,,,,,,valid=0; invalid=0; risky=0; unknown=0
11105,>30M,sanatatemintala.org,yes,,,https://form.typeform.com/to/gKaoPt6J,0,,info@scoaladehr.ro,showing_email_candidates,not_flagged,contact_pages,,,,,,valid=0; invalid=0; risky=0; unknown=0
11106,>30M,kindersehnsucht.de,yes,,,https://3h1m7jgyiai.typeform.com/to/kDIneVqI,0,,,no_public_email_found,not_flagged,contact_pages,,,,,,valid=0; invalid=0; risky=0; unknown=0
11107,>30M,atihongkong.com,no,,,,0,,info@atihongkong.com,showing_email_candidates,not_flagged,contact_pages,info@atihongkong.com,,,,info@atihongkong.com,valid=0; invalid=0; risky=0; unknown=1
11108,>30M,kansascityrecovery.com,yes,,,,0,,,no_public_email_found,not_flagged,contact_pages,,,,,,valid=0; invalid=0; risky=0; unknown=0
11109,>30M,mattadrums.com,yes,,,,0,,,no_public_email_found,not_flagged,contact_pages,,,,,,valid=0; invalid=0; risky=0; unknown=0
11110,>30M,attitude.cool,yes,,,https://bwz73jjg2jv.typeform.com/to/hxMFEWOY ; https://embed.typeform.com/,0,,hi@creach.agency,showing_email_candidates,not_flagged,contact_pages,,,,,,valid=0; invalid=0; risky=0; unknown=0
11111,>30M,drjuanestebanvargas.com,no,,,,0,,consultorio1506duque@gmail.com ; it@strateee.us,showing_email_candidates,not_flagged,contact_pages,,,,,,valid=0; invalid=0; risky=0; unknown=0
11112,>30M,apkconst.com,no,,,,0,,13e49d785d8d4f828038b6136f3b48ba@sentry.io,showing_email_candidates,not_flagged,contact_pages,,,,,,valid=0; invalid=0; risky=0; unknown=0
11113,>30M,thecuriousfew.net,yes,,,,0,,,no_public_email_found,not_flagged,contact_pages,,,,,,valid=0; invalid=0; risky=0; unknown=0
11114,>30M,tutor.media,yes,,,https://elavant.typeform.com/to/kmR9FN2m,0,,,no_public_email_found,not_flagged,contact_pages,,,,,,valid=0; invalid=0; risky=0; unknown=0
11115,>30M,darkandvolfram.com,yes,,,,0,,,no_public_email_found,not_flagged,contact_pages,,,,,,valid=0; invalid=0; risky=0; unknown=0
11116,>30M,laniaq.com,no,,,,0,,,no_public_email_found,not_flagged,contact_pages,,,,,,valid=0; invalid=0; risky=0; unknown=0
11117,>30M,segurocarro.online,no,,,,0,,,no_public_email_found,not_flagged,contact_pages,,,,,,valid=0; invalid=0; risky=0; unknown=0
11118,>30M,rileygardnermemorialwf.com,no,,,,0,,,no_public_email_found,not_flagged,contact_pages,,,,,,valid=0; invalid=0; risky=0; unknown=0
11119,>30M,torchi.net,no,,,,0,,,no_public_email_found,not_flagged,contact_pages,,,,,,valid=0; invalid=0; risky=0; unknown=0
11120,>30M,touyama-j.co.jp,no,,,,0,,,no_public_email_found,not_flagged,contact_pages,,,,,,valid=0; invalid=0; risky=0; unknown=0
11121,>30M,elektricien123.be,no,,,,0,,,no_public_email_found,not_flagged,contact_pages,,,,,,valid=0; invalid=0; risky=0; unknown=0
11122,>30M,properdimitry.com,yes,,,https://dimitrymercier.typeform.com/to/vCjXNb,0,,,no_public_email_found,not_flagged,contact_pages,,,,,,valid=0; invalid=0; risky=0; unknown=0
11123,>30M,upswinghealth.com,no,,,,0,,bootstrap@5.0.1 ; help@upswinghealth.com ; info@upswinghealth.com ; schedule@upswinghealth.com,showing_email_candidates,not_flagged,contact_pages,help@upswinghealth.com ; info@upswinghealth.com,help@upswinghealth.com,,,info@upswinghealth.com,valid=1; invalid=0; risky=0; unknown=1
11124,>30M,hanmeidesign.com,yes,,,https://icynthia.typeform.com/to/MafRiKBK,0,,service@hanmeidesign.com,showing_email_candidates,not_flagged,contact_pages,service@hanmeidesign.com,,,,service@hanmeidesign.com,valid=0; invalid=0; risky=0; unknown=1
11125,>30M,allcolorink.com,yes,,,https://form.typeform.com/to/IU0g3KLH,0,,info@allcolorink.com,showing_email_candidates,not_flagged,contact_pages,info@allcolorink.com,,,,info@allcolorink.com,valid=0; invalid=0; risky=0; unknown=1
11126,>30M,off-shore.agency,yes,,,,0,,bookings@off-shore.agency,showing_email_candidates,not_flagged,contact_pages,bookings@off-shore.agency,bookings@off-shore.agency,,,,valid=1; invalid=0; risky=0; unknown=0
11127,>30M,letsfindyourstory.com,yes,,,https://ayuma.typeform.com/to/Z4U5bV,0,,voice@letsfindyourstory.com,showing_email_candidates,not_flagged,contact_pages,,,,,,valid=0; invalid=0; risky=0; unknown=0
11128,>30M,ecomknockout.com,no,,,,0,,flags@2x.png,showing_email_candidates,not_flagged,contact_pages,,,,,,valid=0; invalid=0; risky=0; unknown=0
11129,>30M,enlightened.marketing,no,,,,0,,,no_public_email_found,not_flagged,contact_pages,,,,,,valid=0; invalid=0; risky=0; unknown=0
11130,>30M,wakou-j.com,no,,,,0,,,no_public_email_found,not_flagged,contact_pages,,,,,,valid=0; invalid=0; risky=0; unknown=0
11131,>30M,nottebiancaitalia.com,no,,,,0,,info@nottebiancaitalia.it ; lenis@1.0.35 ; splide@4.1.4,showing_email_candidates,not_flagged,contact_pages,,,,,,valid=0; invalid=0; risky=0; unknown=0
11132,>30M,ato.solutions,no,,,,0,,support@ato.solutions,showing_email_candidates,not_flagged,contact_pages,support@ato.solutions,,,,support@ato.solutions,valid=0; invalid=0; risky=0; unknown=1
11133,>30M,collectivelyclean.com,yes,,,https://13saq7xgvkg.typeform.com/to/lgqwserw ; https://embed.typeform.com/ ; https://form.typeform.com/to/lgqwserw,0,,colletively-clean@0.5x.png ; colletively-clean@4x.png ; listen-up@2x-1-1024x487.png ; listen-up@2x-1-1536x730.png ; listen-up@2x-1-2048x974.png ; listen-up@2x-1-300x143.png ; listen-up@2x-1-768x365.png,showing_email_candidates,not_flagged,contact_pages,,,,,,valid=0; invalid=0; risky=0; unknown=0
11134,>30M,t7gr.com,yes,,,,0,,,no_public_email_found,not_flagged,contact_pages,,,,,,valid=0; invalid=0; risky=0; unknown=0
11135,>30M,basingstokesofteners.com,no,,,,0,,basingstokesoftners_logo_1000px_190x@2x.png ; sales@basingstokesofteners.com,showing_email_candidates,not_flagged,contact_pages,sales@basingstokesofteners.com,,,,sales@basingstokesofteners.com,valid=0; invalid=0; risky=0; unknown=1
11136,>30M,cbforkliftrepair.com,no,,,,0,,,no_public_email_found,not_flagged,contact_pages,,,,,,valid=0; invalid=0; risky=0; unknown=0
11137,>30M,focusedandonfire.com,yes,,,https://anbourmanne.typeform.com/to/R0hruw,0,,,no_public_email_found,not_flagged,contact_pages,,,,,,valid=0; invalid=0; risky=0; unknown=0
11138,>30M,josephaldrin.com,no,,,,0,,,no_public_email_found,not_flagged,contact_pages,,,,,,valid=0; invalid=0; risky=0; unknown=0
11139,>30M,kitchenrenovationsaucklandexperts.co.nz,yes,,,,0,,,no_public_email_found,not_flagged,contact_pages,,,,,,valid=0; invalid=0; risky=0; unknown=0
11140,>30M,insurancebreakfastclub.com,no,,,,0,,,no_public_email_found,not_flagged,contact_pages,,,,,,valid=0; invalid=0; risky=0; unknown=0
11141,>30M,premierpicturefilms.com,yes,,,,0,,,no_public_email_found,not_flagged,contact_pages,,,,,,valid=0; invalid=0; risky=0; unknown=0
11142,>30M,lily.show,no,,,,0,,,no_public_email_found,not_flagged,contact_pages,,,,,,valid=0; invalid=0; risky=0; unknown=0
11143,>30M,pulsetms.com,no,,,https://embed.typeform.com/,0,,,no_public_email_found,not_flagged,contact_pages,,,,,,valid=0; invalid=0; risky=0; unknown=0
11144,>30M,manza-paint-en.com,no,,,,0,,atugi@manza-paint.co.jp ; bangkok@manza-paint.co.jp ; hamamatu@manza-paint.co.jp ; honbu@manza-paint.co.jp ; kooriyama@manza-paint.co.jp ; kyushu@manza-paint.co.jp ; nagoya@manza-paint.co.jp ; shimodate@manza-paint.co.jp ; takasaki@manza-paint.co.jp ; tokyo@manza-paint.co.jp,showing_email_candidates,not_flagged,contact_pages,,,,,,valid=0; invalid=0; risky=0; unknown=0
11145,>30M,testpieces.online,yes,,,https://embed.typeform.com/ ; https://looktouchfeel.typeform.com/to/cfbhV8,0,,help@testpieces.online ; info@mediumzltd.com,showing_email_candidates,not_flagged,contact_pages,help@testpieces.online,help@testpieces.online,,,,valid=1; invalid=0; risky=0; unknown=0
11146,>30M,mariarruda.com,yes,,,,0,,,no_public_email_found,not_flagged,contact_pages,,,,,,valid=0; invalid=0; risky=0; unknown=0
11147,>30M,pollyh.com,no,,,,0,,info@pollyh.com,showing_email_candidates,not_flagged,contact_pages,info@pollyh.com,,,,info@pollyh.com,valid=0; invalid=0; risky=0; unknown=1
11148,>30M,suitinguppodcast.com,yes,,,https://admin.typeform.com/ ; https://embed.typeform.com/ ; https://form.typeform.com/to/fnY4yM2R,0,,,no_public_email_found,not_flagged,contact_pages,,,,,,valid=0; invalid=0; risky=0; unknown=0
11149,>30M,orbis.events,no,,,,0,,hello@evarahq.com,showing_email_candidates,not_flagged,contact_pages,,,,,,valid=0; invalid=0; risky=0; unknown=0
11150,>30M,tjcallcenter.com,yes,,,https://v6cpaz5gvmv.typeform.com/to/hfanKBot,0,,,no_public_email_found,not_flagged,contact_pages,,,,,,valid=0; invalid=0; risky=0; unknown=0
11151,>30M,moby.studio,yes,,,https://form.typeform.com/to/FHj9LKpb,0,,hello@moby.studio,showing_email_candidates,not_flagged,contact_pages,hello@moby.studio,hello@moby.studio,,,,valid=1; invalid=0; risky=0; unknown=0
11152,>30M,fabienneengel.com,yes,,,https://form.typeform.com/to/vz0ApUGL,0,,benutzer@domain.com ; hello@fabienneengel.com,showing_email_candidates,not_flagged,contact_pages,hello@fabienneengel.com,,hello@fabienneengel.com,,,valid=0; invalid=1; risky=0; unknown=0
11153,>30M,validation.run,yes,,,,0,,,no_public_email_found,not_flagged,contact_pages,,,,,,valid=0; invalid=0; risky=0; unknown=0
11154,>30M,kyokushincolorado.com,no,,,,0,,biz@kyokushincolorado.com,showing_email_candidates,not_flagged,contact_pages,,,,,,valid=0; invalid=0; risky=0; unknown=0
11155,>30M,keysboroughgolf.com.au,yes,,,,0,,,no_public_email_found,not_flagged,contact_pages,,,,,,valid=0; invalid=0; risky=0; unknown=0
11156,>30M,planaempreendimentos.com.br,yes,,,,0,,,no_public_email_found,not_flagged,contact_pages,,,,,,valid=0; invalid=0; risky=0; unknown=0
11157,>30M,soco.su,no,,,,0,,,no_public_email_found,not_flagged,contact_pages,,,,,,valid=0; invalid=0; risky=0; unknown=0
11158,>30M,somewhere.media,no,,,,0,,,no_public_email_found,not_flagged,contact_pages,,,,,,valid=0; invalid=0; risky=0; unknown=0
11159,>30M,bocaratonpoolrepair.com,yes,,,,0,,,no_public_email_found,not_flagged,contact_pages,,,,,,valid=0; invalid=0; risky=0; unknown=0
11160,>30M,conlangservices.com,yes,,,https://uoatd1tbdcu.typeform.com/to/mBEAWbRC,0,,,no_public_email_found,not_flagged,contact_pages,,,,,,valid=0; invalid=0; risky=0; unknown=0
11161,>30M,blockwire.org,yes,,,,0,,,no_public_email_found,not_flagged,contact_pages,,,,,,valid=0; invalid=0; risky=0; unknown=0
11162,>30M,nueraly.com,yes,,,https://form.typeform.com/to/DZggKBqG ; https://form.typeform.com/to/QiEjerXZ,0,,,no_public_email_found,not_flagged,contact_pages,,,,,,valid=0; invalid=0; risky=0; unknown=0
11163,>30M,toituresdufour.com,no,,,,0,,admin@toituresdufour.com,showing_email_candidates,not_flagged,contact_pages,admin@toituresdufour.com,admin@toituresdufour.com,,,,valid=1; invalid=0; risky=0; unknown=0
11164,>30M,cannacribs.org,no,,,,0,,,no_public_email_found,not_flagged,contact_pages,,,,,,valid=0; invalid=0; risky=0; unknown=0
11165,>30M,stack.tools,no,,,,0,,,no_public_email_found,not_flagged,contact_pages,,,,,,valid=0; invalid=0; risky=0; unknown=0
11166,>30M,harryfood.com,no,,,,0,,,no_public_email_found,not_flagged,contact_pages,,,,,,valid=0; invalid=0; risky=0; unknown=0
11167,>30M,hoshinoiin.com,no,,,,0,,,no_public_email_found,not_flagged,contact_pages,,,,,,valid=0; invalid=0; risky=0; unknown=0
11168,>30M,webultra.fr,yes,,,https://desimaginaires.typeform.com/to/I1lx3u ; https://embed.typeform.com/ ; https://www.typeform.com/,0,,,no_public_email_found,not_flagged,contact_pages,,,,,,valid=0; invalid=0; risky=0; unknown=0
11169,>30M,akicl.jp,no,,,,0,,,no_public_email_found,not_flagged,contact_pages,,,,,,valid=0; invalid=0; risky=0; unknown=0
11170,>30M,bienestarfeelgood.com,yes,,,https://form.typeform.com/to/woAHYNV1,0,,bienestar.feelgood@gmail.com,showing_email_candidates,not_flagged,contact_pages,,,,,,valid=0; invalid=0; risky=0; unknown=0
11171,>30M,melvory.com,no,,,,0,,e7d54b729aaf49ea8b2f80dae22860aa@sentry.zipify.com ; f14faca962674f149161045845b21b35@sentry.zipify.com ; info@melvory.com ; you@email.com,showing_email_candidates,not_flagged,contact_pages,info@melvory.com,,,,info@melvory.com,valid=0; invalid=0; risky=0; unknown=1
11172,>30M,askiaaf.org,yes,,,https://iaaf.typeform.com/to/FFFwWk,0,,,no_public_email_found,not_flagged,contact_pages,,,,,,valid=0; invalid=0; risky=0; unknown=0
11173,>30M,cardiffmoneyman.com,no,,,,0,,,no_public_email_found,not_flagged,contact_pages,,,,,,valid=0; invalid=0; risky=0; unknown=0
11174,>30M,derbymoneyman.com,no,,,,0,,,no_public_email_found,not_flagged,contact_pages,,,,,,valid=0; invalid=0; risky=0; unknown=0
11175,>30M,cambridgemoneyman.com,no,,,,0,,,no_public_email_found,not_flagged,contact_pages,,,,,,valid=0; invalid=0; risky=0; unknown=0
11176,>30M,bristolmoneyman.com,no,,,,0,,,no_public_email_found,not_flagged,contact_pages,,,,,,valid=0; invalid=0; risky=0; unknown=0
11177,>30M,oomol.com,no,,,,0,,shaun@oomol.com ; support@oomol.com,showing_email_candidates,not_flagged,contact_pages,support@oomol.com,,,,support@oomol.com,valid=0; invalid=0; risky=0; unknown=1
11178,>30M,leicestermoneyman.com,no,,,,0,,,no_public_email_found,not_flagged,contact_pages,,,,,,valid=0; invalid=0; risky=0; unknown=0
11179,>30M,coventrymoneyman.com,no,,,,0,,,no_public_email_found,not_flagged,contact_pages,,,,,,valid=0; invalid=0; risky=0; unknown=0
11180,>30M,riminivillage.com,no,,,,0,,,no_public_email_found,not_flagged,contact_pages,,,,,,valid=0; invalid=0; risky=0; unknown=0
11181,>30M,blackriverwealth.com,no,,,,0,,,no_public_email_found,not_flagged,contact_pages,,,,,,valid=0; invalid=0; risky=0; unknown=0
11182,>30M,trinityfamilydental.ca,yes,,,https://embed.typeform.com/ ; https://revupgroup.typeform.com/to/jK61QQED,0,,info@trinityfamilydental.ca,showing_email_candidates,not_flagged,contact_pages,info@trinityfamilydental.ca,,,,info@trinityfamilydental.ca,valid=0; invalid=0; risky=0; unknown=1
11183,>30M,bigrocket.it,yes,,,https://9pn36xwv0xy.typeform.com/to/ujGUfSeb,0,,popper.js@1.16.0 ; risorseumane@bigrocket.it,showing_email_candidates,not_flagged,contact_pages,,,,,,valid=0; invalid=0; risky=0; unknown=0
11184,>30M,ruimesquita.com.br,yes,,,https://irvs2rzr6b3.typeform.com/to/iEKOkETP,0,,,no_public_email_found,not_flagged,contact_pages,,,,,,valid=0; invalid=0; risky=0; unknown=0
11185,>30M,opti-mice.de,yes,,,https://opti-mice.typeform.com/to/C4rKuf,0,,service@opti-mice.de,showing_email_candidates,not_flagged,contact_pages,service@opti-mice.de,,,,service@opti-mice.de,valid=0; invalid=0; risky=0; unknown=1
11186,>30M,oyamadaganka.com,no,,,,0,,,no_public_email_found,not_flagged,contact_pages,,,,,,valid=0; invalid=0; risky=0; unknown=0
11187,>30M,signaletique-online.com,yes,,,https://0azm3zm7512.typeform.com/to/HdXq4sA1,0,,contact@signaletique-online.com,showing_email_candidates,not_flagged,contact_pages,contact@signaletique-online.com,contact@signaletique-online.com,,,,valid=1; invalid=0; risky=0; unknown=0
11188,>30M,tendservices.com,yes,,,https://tendservices.typeform.com/to/CpJsAVNI,0,,info@tendservices.com ; popper.js@1.12.9,showing_email_candidates,not_flagged,contact_pages,info@tendservices.com,,,,info@tendservices.com,valid=0; invalid=0; risky=0; unknown=1
11189,>30M,foodandfeels.com,yes,,,https://form.typeform.com/to/TVyYUDQo,0,,foodandfeelspod@gmail.com,showing_email_candidates,not_flagged,contact_pages,,,,,,valid=0; invalid=0; risky=0; unknown=0
11190,>30M,retirementreformation.org,no,,,https://images.typeform.com/,0,,contactus@retirementreformation.org,showing_email_candidates,not_flagged,contact_pages,,,,,,valid=0; invalid=0; risky=0; unknown=0
11191,>30M,openintent.org,no,,,,0,,,no_public_email_found,not_flagged,contact_pages,,,,,,valid=0; invalid=0; risky=0; unknown=0
11192,>30M,b-e-t-t-e-r.com,no,,,,0,,hello@b-e-t-t-e-r.com,showing_email_candidates,not_flagged,contact_pages,hello@b-e-t-t-e-r.com,hello@b-e-t-t-e-r.com,,,,valid=1; invalid=0; risky=0; unknown=0
11193,>30M,cyberstack.info,no,,,,0,,flags@2x.png,showing_email_candidates,not_flagged,contact_pages,,,,,,valid=0; invalid=0; risky=0; unknown=0
11194,>30M,equityleaders.org,no,,,,0,,,no_public_email_found,not_flagged,contact_pages,,,,,,valid=0; invalid=0; risky=0; unknown=0
11195,>30M,ld-seven.com,yes,,,https://form.typeform.com/to/p0vQCXv6 ; https://ld700.typeform.com/,0,,info@ld-seven.com,showing_email_candidates,not_flagged,contact_pages,info@ld-seven.com,,,,info@ld-seven.com,valid=0; invalid=0; risky=0; unknown=1
11196,>30M,lixil-reformshop-lifaaizu.com,no,,,,0,,,no_public_email_found,not_flagged,contact_pages,,,,,,valid=0; invalid=0; risky=0; unknown=0
11197,>30M,gorny-patritti.fr,yes,,,https://embed.typeform.com/ ; https://form.typeform.com/to/ke7A4x6V,0,,,no_public_email_found,not_flagged,contact_pages,,,,,,valid=0; invalid=0; risky=0; unknown=0
11198,>30M,levicox.com,yes,,,,0,,,no_public_email_found,not_flagged,contact_pages,,,,,,valid=0; invalid=0; risky=0; unknown=0
11199,>30M,specialtradeservices.com,no,,,https://form.typeform.com/to/Aa6XYoks,0,,sales@specialtradeservices.com,showing_email_candidates,not_flagged,contact_pages,sales@specialtradeservices.com,,,,sales@specialtradeservices.com,valid=0; invalid=0; risky=0; unknown=1
11200,>30M,skyreka.com,no,,,,0,,contact@skyreka.com,showing_email_candidates,not_flagged,contact_pages,contact@skyreka.com,contact@skyreka.com,,,,valid=1; invalid=0; risky=0; unknown=0
11201,>30M,littlespoonpress.com,no,,,,0,,,no_public_email_found,not_flagged,contact_pages,,,,,,valid=0; invalid=0; risky=0; unknown=0
11202,>30M,smartred.de,yes,,,,0,,info@smartred.de,showing_email_candidates,not_flagged,contact_pages,info@smartred.de,,,,info@smartred.de,valid=0; invalid=0; risky=0; unknown=1
11203,>30M,pizzacateringperthwa.com.au,yes,,,https://embed.typeform.com/ ; https://form.typeform.com/to/pLRaBqPe,0,,pizzacateringperthwa@gmail.com,showing_email_candidates,not_flagged,contact_pages,,,,,,valid=0; invalid=0; risky=0; unknown=0
11204,>30M,videoimmobilier.ca,no,,,,0,,,no_public_email_found,not_flagged,contact_pages,,,,,,valid=0; invalid=0; risky=0; unknown=0
11205,>30M,asapmeeting.org,no,,,https://beemed.typeform.com/,0,,asapshoulder@gmail.com,showing_email_candidates,not_flagged,contact_pages,,,,,,valid=0; invalid=0; risky=0; unknown=0
11206,>30M,toplocators.com,no,,,,0,,bootstrap@5.0.2 ; core@2.9.2 ; flags@2x.png ; u002fbootstrap@5.0.2 ; u002fcore@2.9.2,showing_email_candidates,not_flagged,contact_pages,,,,,,valid=0; invalid=0; risky=0; unknown=0
11207,>30M,allisonmoon.org,no,,,,0,,allison@allisonmoon.org,showing_email_candidates,not_flagged,contact_pages,,,,,,valid=0; invalid=0; risky=0; unknown=0
11208,>30M,taxpackage.net,yes,,,,0,,information@agentbenefits.net ; insurance@agentbenefits.net,showing_email_candidates,not_flagged,contact_pages,,,,,,valid=0; invalid=0; risky=0; unknown=0
11209,>30M,equipmentlend.com,yes,,,,0,,,no_public_email_found,not_flagged,contact_pages,,,,,,valid=0; invalid=0; risky=0; unknown=0
11210,>30M,millionairesinmaking.com,no,,,,0,,,no_public_email_found,not_flagged,contact_pages,,,,,,valid=0; invalid=0; risky=0; unknown=0
11211,>30M,globalsns.ru,no,,,,0,,,no_public_email_found,not_flagged,contact_pages,,,,,,valid=0; invalid=0; risky=0; unknown=0
11212,>30M,skillsforfuture.org,no,,,,0,,info@myclimate.org ; skillsforfuture@myclimate.org,showing_email_candidates,not_flagged,contact_pages,,,,,,valid=0; invalid=0; risky=0; unknown=0
11213,>30M,total.one,no,,,,0,,info@homerun.cloud,showing_email_candidates,not_flagged,contact_pages,,,,,,valid=0; invalid=0; risky=0; unknown=0
11214,>30M,sportsperformanceanxiety.com,yes,,,https://ylvmty2s2e9.typeform.com/to/IeFL1mNg,0,,info@website.com ; jay@sportsperformanceanxiety.com,showing_email_candidates,not_flagged,contact_pages,,,,,,valid=0; invalid=0; risky=0; unknown=0
11215,>30M,marjoriemuller.com,no,,,,0,,,no_public_email_found,not_flagged,contact_pages,,,,,,valid=0; invalid=0; risky=0; unknown=0
11216,>30M,cubana.travel,yes,,,https://cubanatravel.typeform.com/to/wvtBRJ ; https://embed.typeform.com/,0,,info@cubana.travel,showing_email_candidates,not_flagged,contact_pages,info@cubana.travel,,,,info@cubana.travel,valid=0; invalid=0; risky=0; unknown=1
11217,>30M,businessadn.com,yes,,,https://educadn.typeform.com/to/jecMNycX,0,,hola@businessadn.com,showing_email_candidates,not_flagged,contact_pages,,,,,,valid=0; invalid=0; risky=0; unknown=0
11218,>30M,thealternative.org.uk,yes,,,,0,,,no_public_email_found,not_flagged,contact_pages,,,,,,valid=0; invalid=0; risky=0; unknown=0
11219,>30M,tirupatitourpackage.in,yes,,,,0,,,no_public_email_found,not_flagged,contact_pages,,,,,,valid=0; invalid=0; risky=0; unknown=0
11220,>30M,upshift.work,yes,,,,0,,peter@example.com,showing_email_candidates,not_flagged,contact_pages,,,,,,valid=0; invalid=0; risky=0; unknown=0
11221,>30M,savethestress.ca,yes,,,https://admin.typeform.com/ ; https://embed.typeform.com/ ; https://tareinahunt.typeform.com/to/SGE0bi,0,,cristina@savethestress.ca,showing_email_candidates,not_flagged,contact_pages,,,,,,valid=0; invalid=0; risky=0; unknown=0
11222,>30M,coachprzemek.com,yes,,,https://przemekkoscielak.typeform.com/to/kygbM0,0,,przemek.koscielak@me.com,showing_email_candidates,not_flagged,contact_pages,,,,,,valid=0; invalid=0; risky=0; unknown=0
11223,>30M,performingnutrition.com,yes,,,https://form.typeform.com/to/Wnux3lBf,0,,jon@performingnutrition.com,showing_email_candidates,not_flagged,contact_pages,,,,,,valid=0; invalid=0; risky=0; unknown=0
11224,>30M,indlazi.com,no,,,,0,,info@indlazi.com,showing_email_candidates,not_flagged,contact_pages,info@indlazi.com,,,,info@indlazi.com,valid=0; invalid=0; risky=0; unknown=1
11225,>30M,cocoonkw.com,no,,,,0,,info@cocoonkw.com,showing_email_candidates,not_flagged,contact_pages,info@cocoonkw.com,,,,info@cocoonkw.com,valid=0; invalid=0; risky=0; unknown=1
11226,>30M,alison.style,yes,,,https://alisonmcdougal.typeform.com/to/dTuQ69S4,0,,contact@alison.style,showing_email_candidates,not_flagged,contact_pages,contact@alison.style,contact@alison.style,,,,valid=1; invalid=0; risky=0; unknown=0
11227,>30M,blackmoonbay.com,no,,,,0,,,no_public_email_found,not_flagged,contact_pages,,,,,,valid=0; invalid=0; risky=0; unknown=0
11228,>30M,reboothouse.com,yes,,,https://1sqv31n7cf3.typeform.com/to/OIH4VmBr,0,,,no_public_email_found,not_flagged,contact_pages,,,,,,valid=0; invalid=0; risky=0; unknown=0
11229,>30M,lutherplastics.com,no,,,,0,,lulearther3@gmail.com,showing_email_candidates,not_flagged,contact_pages,,,,,,valid=0; invalid=0; risky=0; unknown=0
11230,>30M,contestpollino.org,yes,,,https://lorenza8.typeform.com/to/x0ZEZp,0,,comunicazione@veronatura.com,showing_email_candidates,not_flagged,contact_pages,,,,,,valid=0; invalid=0; risky=0; unknown=0
11231,>30M,web1on1.chat,no,,,https://embed.typeform.com/,0,,care@web1on1.chat,showing_email_candidates,not_flagged,contact_pages,,,,,,valid=0; invalid=0; risky=0; unknown=0
11232,>30M,mohithg.com,yes,,,,0,,mohithgm@gmail.com,showing_email_candidates,not_flagged,contact_pages,,,,,,valid=0; invalid=0; risky=0; unknown=0
11233,>30M,formester.com,no,,,,0,,john@company.com ; john@example.com ; support@formester.com,showing_email_candidates,not_flagged,contact_pages,support@formester.com,,,,support@formester.com,valid=0; invalid=0; risky=0; unknown=1
11234,>30M,oneryse.com,yes,,,,0,,,no_public_email_found,not_flagged,contact_pages,,,,,,valid=0; invalid=0; risky=0; unknown=0
11235,>30M,grovehousecottages.com,yes,,,https://admin.typeform.com/ ; https://embed.typeform.com/ ; https://grovehouselevisham.typeform.com/to/KXOUV6,0,,info@grovehouselevisham.com,showing_email_candidates,not_flagged,contact_pages,,,,,,valid=0; invalid=0; risky=0; unknown=0
11236,>30M,grovehouselevisham.com,yes,,,https://admin.typeform.com/ ; https://embed.typeform.com/ ; https://grovehouselevisham.typeform.com/to/KXOUV6,0,,info@grovehouselevisham.com,showing_email_candidates,not_flagged,contact_pages,info@grovehouselevisham.com,,,,info@grovehouselevisham.com,valid=0; invalid=0; risky=0; unknown=1
11237,>30M,energianaccion.org,yes,,,https://form.typeform.com/to/NtmGk30X,0,,energianaccion@gmail.com,showing_email_candidates,not_flagged,contact_pages,,,,,,valid=0; invalid=0; risky=0; unknown=0
11238,>30M,geniusplusmath.com,no,,,https://eugenetohgroup.typeform.com/,0,,,no_public_email_found,not_flagged,contact_pages,,,,,,valid=0; invalid=0; risky=0; unknown=0
11239,>30M,workplacerightslaw.com,yes,,,https://embed.typeform.com/ ; https://wrlg.typeform.com/to/KhQrg2,0,,,no_public_email_found,not_flagged,contact_pages,,,,,,valid=0; invalid=0; risky=0; unknown=0
11240,>30M,stefanieelsperman.com,no,,,https://stefanieelsperman.typeform.com/,0,,support@stefanieelsperman.com,showing_email_candidates,not_flagged,contact_pages,support@stefanieelsperman.com,,,,support@stefanieelsperman.com,valid=0; invalid=0; risky=0; unknown=1
11241,>30M,spotlessguttercleaningperth.com.au,yes,,,https://admin.typeform.com/ ; https://embed.typeform.com/ ; https://form.typeform.com/to/UPmh4qwb,0,,sspotlessguttercleaningperth@yahoo.com,showing_email_candidates,not_flagged,contact_pages,,,,,,valid=0; invalid=0; risky=0; unknown=0
11242,>30M,prolon.co.uk,yes,,,https://form.typeform.com/to/hzQ8iMia,0,,info@prolon.co.uk ; js-cookie@3.0.5 ; vue3-carousel@0.3.1,showing_email_candidates,not_flagged,contact_pages,info@prolon.co.uk,,,,info@prolon.co.uk,valid=0; invalid=0; risky=0; unknown=1
11243,>30M,alsadis.fr,yes,,,https://embed.typeform.com/ ; https://form.typeform.com/to/b4D3C01w,0,,accueil.cernayalsadis@paprec.com,showing_email_candidates,not_flagged,contact_pages,,,,,,valid=0; invalid=0; risky=0; unknown=0
11244,>30M,ecomverse.org,no,,,,0,,exempel@exempel.se ; kontakt@ecomverse.se,showing_email_candidates,not_flagged,contact_pages,,,,,,valid=0; invalid=0; risky=0; unknown=0
11245,>30M,fromm-gmbh.com,yes,,,https://embed.typeform.com/ ; https://form.typeform.com/to/wB7zSvFo,0,,info@fromm-gmbh.com,showing_email_candidates,not_flagged,contact_pages,info@fromm-gmbh.com,,,,info@fromm-gmbh.com,valid=0; invalid=0; risky=0; unknown=1
11246,>30M,cybersecuritygrade.com,yes,,,https://embed.typeform.com/ ; https://form.typeform.com/to/sgBJA2c5,0,,,no_public_email_found,not_flagged,contact_pages,,,,,,valid=0; invalid=0; risky=0; unknown=0
11247,>30M,bradturville.com,no,,,,0,,you@company.com,showing_email_candidates,not_flagged,contact_pages,,,,,,valid=0; invalid=0; risky=0; unknown=0
11248,>30M,residence-acceleration-startup.com,yes,,,,0,,,no_public_email_found,not_flagged,contact_pages,,,,,,valid=0; invalid=0; risky=0; unknown=0
11249,>30M,arquilak.com,yes,,,https://5lrdkmvfo6t.typeform.com/to/sfGzxO5k,0,,info@arquilak.com,showing_email_candidates,not_flagged,contact_pages,info@arquilak.com,,,,info@arquilak.com,valid=0; invalid=0; risky=0; unknown=1
11250,>30M,smartcouper.com,yes,,,https://diana280593.typeform.com/to/jpUhV6lb,0,,marketing@smartcouper.com,showing_email_candidates,not_flagged,contact_pages,marketing@smartcouper.com,,,,marketing@smartcouper.com,valid=0; invalid=0; risky=0; unknown=1
11251,>30M,dorsiatravel.com,no,,,,0,,,no_public_email_found,not_flagged,contact_pages,,,,,,valid=0; invalid=0; risky=0; unknown=0
11252,>30M,understandingttp.com,no,,,,0,,,no_public_email_found,not_flagged,contact_pages,,,,,,valid=0; invalid=0; risky=0; unknown=0
11253,>30M,141easthouston.com,no,,,,0,,howard.hersch@am.jll.com ; rskulnik@ripcony.com,showing_email_candidates,not_flagged,contact_pages,,,,,,valid=0; invalid=0; risky=0; unknown=0
11254,>30M,snackfor.com,no,,,,0,,biz@snackfor.com ; logo_01@2x.png ; logo_01@3x.png ; logo_02@2x.png ; logo_02@3x.png ; logo_03@2x.png ; logo_03@3x.png ; logo_04@2x.png ; logo_04@3x.png ; logo_05@2x.png ; logo_05@3x.png ; logo_06@2x.png ; logo_06@3x.png ; logo_07@2x.png ; logo_07@3x.png ; logo_08@2x.png ; logo_08@3x.png ; logo_09@2x.png ; logo_09@3x.png ; logo_10@2x.png ; logo_10@3x.png ; logo_11@2x.png ; logo_11@3x.png ; logo_12@2x.png ; logo_12@3x.png ; logo_13@2x.png ; logo_13@3x.png ; logo_14@2x.png ; logo_14@3x.png ; logo_15@2x.png ; logo_15@3x.png ; logo_16@2x.png ; logo_16@3x.png ; logo_17@2x.png ; logo_17@3x.png ; logo_18@2x.png ; logo_18@3x.png ; logo_19@2x.png ; logo_19@3x.png ; logo_20@2x.png ; logo_20@3x.png ; logo_21@2x.png ; logo_21@3x.png ; logo_22@2x.png ; logo_22@3x.png ; logo_23@2x.png ; logo_23@3x.png ; logo_24@2x.png ; logo_24@3x.png ; md@snackfor.com,showing_email_candidates,not_flagged,contact_pages,,,,,,valid=0; invalid=0; risky=0; unknown=0
11255,>30M,thefleetlabs.com,yes,,,https://embed.typeform.com/ ; https://form.typeform.com/to/AzXBhdQp,0,,,no_public_email_found,not_flagged,contact_pages,,,,,,valid=0; invalid=0; risky=0; unknown=0
11256,>30M,squadroids.com,yes,,,https://embed.typeform.com/ ; https://lynettechia1.typeform.com/to/LAyrL9,0,,,no_public_email_found,not_flagged,contact_pages,,,,,,valid=0; invalid=0; risky=0; unknown=0
11257,>30M,gagatstudio.com,yes,,,https://awcn6t5ridw.typeform.com/to/e8Qbs12Y,0,,,no_public_email_found,not_flagged,contact_pages,,,,,,valid=0; invalid=0; risky=0; unknown=0
11258,>30M,lab-ink.com,no,,,,0,,,no_public_email_found,not_flagged,contact_pages,,,,,,valid=0; invalid=0; risky=0; unknown=0
11259,>30M,findmygreece.com,yes,,,https://ms1t31r8usx.typeform.com/to/iYtXKcRO,0,,chris@findmygreece.com ; hello@findmygreece.com ; spiros@findmygreece.com ; vicki@findmygreece.com,showing_email_candidates,not_flagged,contact_pages,hello@findmygreece.com,hello@findmygreece.com,,,,valid=1; invalid=0; risky=0; unknown=0
11260,>30M,schilderwerkensnel.be,no,,,,0,,,no_public_email_found,not_flagged,contact_pages,,,,,,valid=0; invalid=0; risky=0; unknown=0
11261,>30M,zenithdental.co.uk,yes,,,,0,,,no_public_email_found,not_flagged,contact_pages,,,,,,valid=0; invalid=0; risky=0; unknown=0
11262,>30M,suncoat-kawasaki.co.jp,no,,,,0,,,no_public_email_found,not_flagged,contact_pages,,,,,,valid=0; invalid=0; risky=0; unknown=0
11263,>30M,techfixon.com,no,,,,0,,,no_public_email_found,not_flagged,contact_pages,,,,,,valid=0; invalid=0; risky=0; unknown=0
11264,>30M,rimessaroscioli.com,yes,,,https://ujlexmudhnk.typeform.com/to/bmGFxgQC,0,,,no_public_email_found,not_flagged,contact_pages,,,,,,valid=0; invalid=0; risky=0; unknown=0
11265,>30M,service98.com,yes,,,https://form.typeform.com/to/KNovtgQr,0,,contact@service98.com,showing_email_candidates,not_flagged,contact_pages,contact@service98.com,contact@service98.com,,,,valid=1; invalid=0; risky=0; unknown=0
11266,>30M,astoundthem.com,yes,,,,0,,hello@astoundthem.com,showing_email_candidates,not_flagged,contact_pages,hello@astoundthem.com,hello@astoundthem.com,,,,valid=1; invalid=0; risky=0; unknown=0
11267,>30M,vietechcapital.com,yes,,,https://viepeople.typeform.com/to/fX4u1FKr,0,,wendy@viepeople.com,showing_email_candidates,not_flagged,contact_pages,,,,,,valid=0; invalid=0; risky=0; unknown=0
11268,>30M,luisfelipeduque.com,no,,,,0,,,no_public_email_found,not_flagged,contact_pages,,,,,,valid=0; invalid=0; risky=0; unknown=0
11269,>30M,0.ventures,yes,,,https://embed.typeform.com/ ; https://zeropointventures.typeform.com/to/TZ3eL3,0,,info@0.ventures,showing_email_candidates,not_flagged,contact_pages,info@0.ventures,info@0.ventures,,,,valid=1; invalid=0; risky=0; unknown=0
11270,>30M,pele.team,yes,,,,0,,,no_public_email_found,not_flagged,contact_pages,,,,,,valid=0; invalid=0; risky=0; unknown=0
11271,>30M,pinroo.com,yes,,,https://vsr2gyt93m9.typeform.com/to/dzODUkO5,0,,liyako@pinroo.com,showing_email_candidates,not_flagged,contact_pages,,,,,,valid=0; invalid=0; risky=0; unknown=0
11272,>30M,jmartinux.com,yes,,,https://cedarcielo.typeform.com/to/G5qHYy,0,,uxui.visual.design@gmail.com,showing_email_candidates,not_flagged,contact_pages,,,,,,valid=0; invalid=0; risky=0; unknown=0
11273,>30M,mightysmilesdfw.com,yes,,,https://dentalforms.typeform.com/to/CiFx5uF6,0,,mightysmiles@dfwtxdentalgroup.com,showing_email_candidates,not_flagged,contact_pages,,,,,,valid=0; invalid=0; risky=0; unknown=0
11274,>30M,aviondentalsa.com,yes,,,https://dentalforms.typeform.com/to/yTah0a,0,,avion@satxdentalgroup.com ; info@aviondentalsa.com,showing_email_candidates,not_flagged,contact_pages,info@aviondentalsa.com,,,,info@aviondentalsa.com,valid=0; invalid=0; risky=0; unknown=1
11275,>30M,thegardenfoundationlv.org,yes,,,https://taylor965345.typeform.com/to/QbAZ6hEw ; https://taylor965345.typeform.com/to/VhgRvN,0,,info@thegardenfoundationlv.org,showing_email_candidates,not_flagged,contact_pages,info@thegardenfoundationlv.org,,,,info@thegardenfoundationlv.org,valid=0; invalid=0; risky=0; unknown=1
11276,>30M,socialme.digital,no,,,,0,,,no_public_email_found,not_flagged,contact_pages,,,,,,valid=0; invalid=0; risky=0; unknown=0
11277,>30M,aprilbarrera.com,yes,,,,0,,,no_public_email_found,not_flagged,contact_pages,,,,,,valid=0; invalid=0; risky=0; unknown=0
11278,>30M,nu9empire.com,yes,,,https://nu9empirenetwork.typeform.com/to/HaR4j5yD,0,,,no_public_email_found,not_flagged,contact_pages,,,,,,valid=0; invalid=0; risky=0; unknown=0
11279,>30M,sockwell.jp,yes,,,https://d9e5uay50gr.typeform.com/to/VEqnrs4R,0,,ecom-swiper@11.0.5.js ; ecom-swiper@11.css ; handlebars@4.7.9,showing_email_candidates,not_flagged,contact_pages,,,,,,valid=0; invalid=0; risky=0; unknown=0
11280,>30M,jessicajonesonline.com,yes,,,,0,,,no_public_email_found,not_flagged,contact_pages,,,,,,valid=0; invalid=0; risky=0; unknown=0
11281,>30M,houseofcodesign.com,yes,,,https://reloadedparis.typeform.com/to/s3vRtx,0,,jean.dupont@gmail.com,showing_email_candidates,not_flagged,contact_pages,,,,,,valid=0; invalid=0; risky=0; unknown=0
11282,>30M,ep-realestateservices.com,no,,,,0,,,no_public_email_found,not_flagged,contact_pages,,,,,,valid=0; invalid=0; risky=0; unknown=0
11283,>30M,waiterhelp.com,yes,,,,0,,,no_public_email_found,not_flagged,contact_pages,,,,,,valid=0; invalid=0; risky=0; unknown=0
11284,>30M,massimomattana.com,no,,,,0,,lbsdimattana@tiscali.it,showing_email_candidates,not_flagged,contact_pages,,,,,,valid=0; invalid=0; risky=0; unknown=0
11285,>30M,theyachthunter.com,yes,,,https://theyachthunter.typeform.com/to/xRzqpdc1,0,,cm@theyachthunter.com,showing_email_candidates,not_flagged,contact_pages,,,,,,valid=0; invalid=0; risky=0; unknown=0
11286,>30M,saveoursonsoutreach.org,yes,,,https://submissionforms.typeform.com/to/dnQCn5,0,,,no_public_email_found,not_flagged,contact_pages,,,,,,valid=0; invalid=0; risky=0; unknown=0
11287,>30M,darulhikam.net,no,,,,0,,,no_public_email_found,not_flagged,contact_pages,,,,,,valid=0; invalid=0; risky=0; unknown=0
11288,>30M,barkibu-metabase.herokuapp.com,no,,,,0,,,no_public_email_found,not_flagged,contact_pages,,,,,,valid=0; invalid=0; risky=0; unknown=0
11289,>30M,arriveathappy.com,yes,,,https://45t0xd5665s.typeform.com/to/B4AMGS50,0,,contact@arriveathappy.com ; tia@arriveathappy.com,showing_email_candidates,not_flagged,contact_pages,contact@arriveathappy.com,contact@arriveathappy.com,,,,valid=1; invalid=0; risky=0; unknown=0
11290,>30M,home-toyota.com,no,,,,0,,,no_public_email_found,not_flagged,contact_pages,,,,,,valid=0; invalid=0; risky=0; unknown=0
11291,>30M,k-wakamatuya.com,no,,,,0,,,no_public_email_found,not_flagged,contact_pages,,,,,,valid=0; invalid=0; risky=0; unknown=0
11292,>30M,artisansdureseauthonin.com,no,,,,0,,,no_public_email_found,not_flagged,contact_pages,,,,,,valid=0; invalid=0; risky=0; unknown=0
11293,>30M,lupulinlabs.com,yes,,,,0,,,no_public_email_found,not_flagged,contact_pages,,,,,,valid=0; invalid=0; risky=0; unknown=0
11294,>30M,giddyup.io,yes,,,https://giddyupnetwork.typeform.com/to/m0OtYXGA,0,,careers@giddyup.io ; press@giddyup.io ; support@giddyup.io,showing_email_candidates,not_flagged,contact_pages,careers@giddyup.io ; press@giddyup.io ; support@giddyup.io,careers@giddyup.io,,,press@giddyup.io ; support@giddyup.io,valid=1; invalid=0; risky=0; unknown=2
11295,>30M,socialmediasummit.be,no,,,,0,,,no_public_email_found,not_flagged,contact_pages,,,,,,valid=0; invalid=0; risky=0; unknown=0
11296,>30M,teqden.com,yes,,,,0,,,no_public_email_found,not_flagged,contact_pages,,,,,,valid=0; invalid=0; risky=0; unknown=0
11297,>30M,lizcarpenterinteriors.com,yes,,,https://lizcarpenterinteriors.typeform.com/to/WP0kZV,0,,,no_public_email_found,not_flagged,contact_pages,,,,,,valid=0; invalid=0; risky=0; unknown=0
11298,>30M,aoimpact.org,yes,,,,0,,info@theamericanoutlaws.com,showing_email_candidates,not_flagged,contact_pages,,,,,,valid=0; invalid=0; risky=0; unknown=0
11299,>30M,hatayakensetu.com,no,,,,0,,,no_public_email_found,not_flagged,contact_pages,,,,,,valid=0; invalid=0; risky=0; unknown=0
11300,>30M,aprilgallaty.com,yes,,,,0,,,no_public_email_found,not_flagged,contact_pages,,,,,,valid=0; invalid=0; risky=0; unknown=0
11301,>30M,stocktoninvestor.com,no,,,,0,,shawn@stocktoninvestor.com,showing_email_candidates,not_flagged,contact_pages,,,,,,valid=0; invalid=0; risky=0; unknown=0
11302,>30M,realandimaginaryplaces.org,yes,,,https://embed.typeform.com/ ; https://form.typeform.com/to/w7k8hl6I,0,,cathleengrado@gmail.com,showing_email_candidates,not_flagged,contact_pages,,,,,,valid=0; invalid=0; risky=0; unknown=0
11303,>30M,topchapter7bankruptcylawyers.com,no,,,https://embed.typeform.com/,0,,jane@example.com,showing_email_candidates,not_flagged,contact_pages,,,,,,valid=0; invalid=0; risky=0; unknown=0
11304,>30M,coachingwithkrista.com,yes,,,,0,,,no_public_email_found,not_flagged,contact_pages,,,,,,valid=0; invalid=0; risky=0; unknown=0
11305,>30M,moloneyconsulting.com,yes,,,https://n90.typeform.com/to/tRjIHp,0,,shanelle.moloney@outlook.com ; shanelle@moloneyconsulting.com,showing_email_candidates,not_flagged,contact_pages,,,,,,valid=0; invalid=0; risky=0; unknown=0
11306,>30M,yolocracy.org,yes,,,,0,,,no_public_email_found,not_flagged,contact_pages,,,,,,valid=0; invalid=0; risky=0; unknown=0
11307,>30M,morisurari.com,no,,,https://www.typeform.com/,0,,,no_public_email_found,not_flagged,contact_pages,,,,,,valid=0; invalid=0; risky=0; unknown=0
11308,>30M,tennoudani.com,no,,,,0,,,no_public_email_found,not_flagged,contact_pages,,,,,,valid=0; invalid=0; risky=0; unknown=0
11309,>30M,mentorclub.xyz,yes,,,,0,,,no_public_email_found,not_flagged,contact_pages,,,,,,valid=0; invalid=0; risky=0; unknown=0
11310,>30M,homeowners.academy,yes,,,,0,,,no_public_email_found,not_flagged,contact_pages,,,,,,valid=0; invalid=0; risky=0; unknown=0
11311,>30M,zafrales.com,no,,,,0,,info@zafrales.com,showing_email_candidates,not_flagged,contact_pages,info@zafrales.com,,,,info@zafrales.com,valid=0; invalid=0; risky=0; unknown=1
11312,>30M,mtwwines.com,yes,,,,0,,,no_public_email_found,not_flagged,contact_pages,,,,,,valid=0; invalid=0; risky=0; unknown=0
11313,>30M,amecc.net,yes,,,,0,,,no_public_email_found,not_flagged,contact_pages,,,,,,valid=0; invalid=0; risky=0; unknown=0
11314,>30M,calc.cash,yes,,,https://hcootr16dh7.typeform.com/to/wggMsAks,0,,name@domain.com ; your@email.com,showing_email_candidates,not_flagged,contact_pages,,,,,,valid=0; invalid=0; risky=0; unknown=0
11315,>30M,303notary.com,yes,,,,0,,,no_public_email_found,not_flagged,contact_pages,,,,,,valid=0; invalid=0; risky=0; unknown=0
11316,>30M,wtd.to,yes,,,https://embed.typeform.com/ ; https://form.typeform.com/to/q5CShp49,0,,,no_public_email_found,not_flagged,contact_pages,,,,,,valid=0; invalid=0; risky=0; unknown=0
11317,>30M,dosui.co.jp,no,,,,0,,,no_public_email_found,not_flagged,contact_pages,,,,,,valid=0; invalid=0; risky=0; unknown=0
11318,>30M,ccloudonline.nl,no,,,,0,,carlos.naranjo@ccloudonline.nl,showing_email_candidates,not_flagged,contact_pages,,,,,,valid=0; invalid=0; risky=0; unknown=0
11319,>30M,bs15doors.co.uk,no,,,,0,,sales@bs15doors.co.uk,showing_email_candidates,not_flagged,contact_pages,sales@bs15doors.co.uk,,,,sales@bs15doors.co.uk,valid=0; invalid=0; risky=0; unknown=1
11320,>30M,decksmarter.com,yes,,,,0,,,no_public_email_found,not_flagged,contact_pages,,,,,,valid=0; invalid=0; risky=0; unknown=0
11321,>30M,nyxcosmeticspr.com,no,,,,0,,maria@mail.com,showing_email_candidates,not_flagged,contact_pages,,,,,,valid=0; invalid=0; risky=0; unknown=0
11322,>30M,snd.digital,yes,,,https://sndleasefina.typeform.com/to/cuZhTUVj,0,,contact@snd.digital,showing_email_candidates,not_flagged,contact_pages,contact@snd.digital,contact@snd.digital,,,,valid=1; invalid=0; risky=0; unknown=0
11323,>30M,justinclack.com,no,,,,0,,,no_public_email_found,not_flagged,contact_pages,,,,,,valid=0; invalid=0; risky=0; unknown=0
11324,>30M,yonekawagumi.com,no,,,,0,,,no_public_email_found,not_flagged,contact_pages,,,,,,valid=0; invalid=0; risky=0; unknown=0
11325,>30M,braidoutdoor.it,yes,,,https://qsq1fsh03m3.typeform.com/to/dGoKJtD8,0,,info@braid.it,showing_email_candidates,not_flagged,contact_pages,,,,,,valid=0; invalid=0; risky=0; unknown=0
11326,>30M,davidsmithhomes.ca,yes,,,https://davidsmithhomes.typeform.com/to/kcGfzakc ; https://davidsmithhomes.typeform.com/to/miLVFm,0,,david@davidsmithhomes.ca,showing_email_candidates,not_flagged,contact_pages,,,,,,valid=0; invalid=0; risky=0; unknown=0
11327,>30M,contranalyst.com,yes,,,,0,,,no_public_email_found,not_flagged,contact_pages,,,,,,valid=0; invalid=0; risky=0; unknown=0
11328,>30M,lovemaat.com,no,,,,0,,hi@typemade.mx,showing_email_candidates,not_flagged,contact_pages,,,,,,valid=0; invalid=0; risky=0; unknown=0
11329,>30M,alpineviewdental.com,yes,,,https://embed.typeform.com/ ; https://revupgroup.typeform.com/to/pVtV2aLg,0,,reception@alpineviewdental.com,showing_email_candidates,not_flagged,contact_pages,,,,,,valid=0; invalid=0; risky=0; unknown=0
11330,>30M,artificiallyunintelligent.com,no,,,,0,,,no_public_email_found,not_flagged,contact_pages,,,,,,valid=0; invalid=0; risky=0; unknown=0
11331,>30M,sailaroo.com,yes,,,https://admin.typeform.com/ ; https://embed.typeform.com/ ; https://kidshackclub.typeform.com/to/SDWNeX ; https://sailaroo.typeform.com/to/SDWNeX,0,,,no_public_email_found,not_flagged,contact_pages,,,,,,valid=0; invalid=0; risky=0; unknown=0
11332,>30M,verifado.com,yes,,,,0,,,no_public_email_found,not_flagged,contact_pages,,,,,,valid=0; invalid=0; risky=0; unknown=0
11333,>30M,6weekcycles.com,yes,,,,0,,joe@martinchicago.com ; you@company.com,showing_email_candidates,not_flagged,contact_pages,,,,,,valid=0; invalid=0; risky=0; unknown=0
11334,>30M,healthymemia.com,no,,,,0,,info@healthymemia.com,showing_email_candidates,not_flagged,contact_pages,info@healthymemia.com,,,,info@healthymemia.com,valid=0; invalid=0; risky=0; unknown=1
11335,>30M,terapiavisualmallorca.com,yes,,,https://form.typeform.com/to/aZQD4myJ,0,,info@terapiavisualmallorca.com ; terapiavisualmallorca_favicon@2x-150x150.png ; terapiavisualmallorca_favicon@2x.png ; terapiavisualmallorca_logo_sinposicionamiento@2x-300x63.png ; terapiavisualmallorca_logo_sinposicionamiento@2x-768x160.png ; terapiavisualmallorca_logo_sinposicionamiento@2x.png,showing_email_candidates,not_flagged,contact_pages,info@terapiavisualmallorca.com,,,,info@terapiavisualmallorca.com,valid=0; invalid=0; risky=0; unknown=1
11336,>30M,thewellful.com,no,,,,0,,brenna@thewellful.com,showing_email_candidates,not_flagged,contact_pages,,,,,,valid=0; invalid=0; risky=0; unknown=0
11337,>30M,jotatrading.com,no,,,https://embed.typeform.com/,0,,,no_public_email_found,not_flagged,contact_pages,,,,,,valid=0; invalid=0; risky=0; unknown=0
11338,>30M,antonimielecki.com,yes,,,https://form.typeform.com/to/sZbBCUri,0,,biuro@antonimielecki.com ; info@antonimielecki.com,showing_email_candidates,not_flagged,contact_pages,info@antonimielecki.com,,,,info@antonimielecki.com,valid=0; invalid=0; risky=0; unknown=1
11339,>30M,drdenisesimpson.com,no,,,,0,,core@3.27.0 ; styles@1.4.1,showing_email_candidates,not_flagged,contact_pages,,,,,,valid=0; invalid=0; risky=0; unknown=0
11340,>30M,thebeautypartners.fr,no,,,https://embed.typeform.com/ ; https://form.typeform.com/to/rUffsXSO,0,,support@thebeautypartners.fr,showing_email_candidates,not_flagged,contact_pages,support@thebeautypartners.fr,,,,support@thebeautypartners.fr,valid=0; invalid=0; risky=0; unknown=1
11341,>30M,tochibunkyo.jp,no,,,,0,,,no_public_email_found,not_flagged,contact_pages,,,,,,valid=0; invalid=0; risky=0; unknown=0
11342,>30M,advancedcenterforcosmeticdentistry.com,yes,,,,0,,,no_public_email_found,not_flagged,contact_pages,,,,,,valid=0; invalid=0; risky=0; unknown=0
11343,>30M,sciencesparksstartups.org,no,,,https://heidelberg-startup-partners.typeform.com/,0,,info@heidelberg-startup-partners.de ; thomas.prexl@heidelberg.de,showing_email_candidates,not_flagged,contact_pages,,,,,,valid=0; invalid=0; risky=0; unknown=0
11344,>30M,olc.church,yes,,,https://x39euko4xon.typeform.com/to/xXiMNFUP,0,,jasonellie@olc.church,showing_email_candidates,not_flagged,contact_pages,,,,,,valid=0; invalid=0; risky=0; unknown=0
11345,>30M,msaams.com,no,,,,0,,kontakt@msaams.com,showing_email_candidates,not_flagged,contact_pages,,,,,,valid=0; invalid=0; risky=0; unknown=0
11346,>30M,princeconstructionllc.com,no,,,,0,,,no_public_email_found,not_flagged,contact_pages,,,,,,valid=0; invalid=0; risky=0; unknown=0
11347,>30M,crystalcanyonfamilydental.com,yes,,,https://elevatepractices.typeform.com/to/qzmCNf,0,,smile@crystalcanyonfamilydental.com,showing_email_candidates,not_flagged,contact_pages,,,,,,valid=0; invalid=0; risky=0; unknown=0
11348,>30M,officereo.com,yes,,,,0,,,no_public_email_found,not_flagged,contact_pages,,,,,,valid=0; invalid=0; risky=0; unknown=0
11349,>30M,bidamgil.com,no,,,,0,,,no_public_email_found,not_flagged,contact_pages,,,,,,valid=0; invalid=0; risky=0; unknown=0
11350,>30M,nnpen.org,yes,,,,0,,,no_public_email_found,not_flagged,contact_pages,,,,,,valid=0; invalid=0; risky=0; unknown=0
11351,>30M,exhibitawards.com,yes,,,https://form.typeform.com/to/pY91O7uy,0,,gsap@3.12.5 ; lenis@1.1.16 ; support@exhibitawards.com,showing_email_candidates,not_flagged,contact_pages,support@exhibitawards.com,,,,support@exhibitawards.com,valid=0; invalid=0; risky=0; unknown=1
11352,>30M,tokenstreet.com,yes,,,https://tokenstreet.typeform.com/to/zlSO63oD,0,,contact@tokenstreet.com,showing_email_candidates,not_flagged,contact_pages,contact@tokenstreet.com,contact@tokenstreet.com,,,,valid=1; invalid=0; risky=0; unknown=0
11353,>30M,attendary.com,no,,,,0,,,no_public_email_found,not_flagged,contact_pages,,,,,,valid=0; invalid=0; risky=0; unknown=0
11354,>30M,able-agency.com,yes,,,https://seraphinniangel.typeform.com/to/sbflJW,0,,able.inc@verizon.net ; maidinbrazil@msn.com ; seraphinniangel@hotmail.com ; youremail@gmail.com,showing_email_candidates,not_flagged,contact_pages,,,,,,valid=0; invalid=0; risky=0; unknown=0
11355,>30M,neighbourhooddoulas.org,yes,,,https://office668412.typeform.com/to/bE8oCDAU ; https://office668412.typeform.com/to/LOLS1SOg ; https://office668412.typeform.com/to/YuGuigI2,0,,office@neighbourhooddoulas.org,showing_email_candidates,not_flagged,contact_pages,office@neighbourhooddoulas.org,,,,office@neighbourhooddoulas.org,valid=0; invalid=0; risky=0; unknown=1
11356,>30M,barsec.tech,yes,,,,0,,info@barsec.tech,showing_email_candidates,not_flagged,contact_pages,info@barsec.tech,,,,info@barsec.tech,valid=0; invalid=0; risky=0; unknown=1
11357,>30M,okamoto-mmg.com,no,,,,0,,,no_public_email_found,not_flagged,contact_pages,,,,,,valid=0; invalid=0; risky=0; unknown=0
11358,>30M,autofact.com.co,no,,,,0,,,no_public_email_found,not_flagged,contact_pages,,,,,,valid=0; invalid=0; risky=0; unknown=0
11359,>30M,myggjavlar.se,yes,,,https://acreto.typeform.com/to/QlxEkt ; https://form.typeform.com/to/QlxEkt,0,,,no_public_email_found,not_flagged,contact_pages,,,,,,valid=0; invalid=0; risky=0; unknown=0
11360,>30M,actually.world,yes,,,https://form.typeform.com/to/a8IRF51j,0,,talk@actually.world,showing_email_candidates,not_flagged,contact_pages,,,,,,valid=0; invalid=0; risky=0; unknown=0
11361,>30M,focusedwealthadvisors.com,no,,,https://embed.typeform.com/,0,,swershing@focused-advisors.com,showing_email_candidates,not_flagged,contact_pages,,,,,,valid=0; invalid=0; risky=0; unknown=0
11362,>30M,itoaosha.jp,no,,,,0,,,no_public_email_found,not_flagged,contact_pages,,,,,,valid=0; invalid=0; risky=0; unknown=0
11363,>30M,reelreplay.com,no,,,,0,,mark@reelreplay.com,showing_email_candidates,not_flagged,contact_pages,,,,,,valid=0; invalid=0; risky=0; unknown=0
11364,>30M,oriondigitalgroup.com,no,,,,0,,,no_public_email_found,not_flagged,contact_pages,,,,,,valid=0; invalid=0; risky=0; unknown=0
11365,>30M,eatit.io,no,,,https://eatit.typeform.com/,0,,hi@eatit.io,showing_email_candidates,not_flagged,contact_pages,,,,,,valid=0; invalid=0; risky=0; unknown=0
11366,>30M,kyotane.com,no,,,,0,,,no_public_email_found,not_flagged,contact_pages,,,,,,valid=0; invalid=0; risky=0; unknown=0
11367,>30M,mediavoxvenezia.com,yes,,,https://mediavoxvenezia.typeform.com/to/FANb03,0,,,no_public_email_found,not_flagged,contact_pages,,,,,,valid=0; invalid=0; risky=0; unknown=0
11368,>30M,affordableacademicsuccess.com,no,,,,0,,,no_public_email_found,not_flagged,contact_pages,,,,,,valid=0; invalid=0; risky=0; unknown=0
11369,>30M,rubeki.com,no,,,https://embed.typeform.com/,0,,rubekig@gmail.com,showing_email_candidates,not_flagged,contact_pages,,,,,,valid=0; invalid=0; risky=0; unknown=0
11370,>30M,thebloqchain.com,no,,,,0,,,no_public_email_found,not_flagged,contact_pages,,,,,,valid=0; invalid=0; risky=0; unknown=0
11371,>30M,smallmeetlarge.com,yes,,,https://cmnqzpucd0f.typeform.com/to/Ty37fZvD,0,,inna@smallmeetlarge.com,showing_email_candidates,not_flagged,contact_pages,,,,,,valid=0; invalid=0; risky=0; unknown=0
11372,>30M,foundersfuture.org,yes,,,https://form.typeform.com/to/uJaEZdGa,0,,hello@foundersfuture.org ; marc@foundersfuture.org ; matthieu@foundersfuture.org,showing_email_candidates,not_flagged,contact_pages,hello@foundersfuture.org,hello@foundersfuture.org,,,,valid=1; invalid=0; risky=0; unknown=0
11373,>30M,graceforhire.com,yes,,,https://ellyshoe.typeform.com/to/FJTsGPXg,0,,,no_public_email_found,not_flagged,contact_pages,,,,,,valid=0; invalid=0; risky=0; unknown=0
11374,>30M,seobarcelonaweb.com,no,,,,0,,,no_public_email_found,not_flagged,contact_pages,,,,,,valid=0; invalid=0; risky=0; unknown=0
11375,>30M,tahirmangatt.com,no,,,,0,,,no_public_email_found,not_flagged,contact_pages,,,,,,valid=0; invalid=0; risky=0; unknown=0
11376,>30M,tecsegtrab.com,yes,,,,0,,,no_public_email_found,not_flagged,contact_pages,,,,,,valid=0; invalid=0; risky=0; unknown=0
11377,>30M,thepaintershere.com,yes,,,https://embed.typeform.com/ ; https://thepaintershere.typeform.com/to/RiPCPZ,0,,thepaintershere@yahoo.com,showing_email_candidates,not_flagged,contact_pages,,,,,,valid=0; invalid=0; risky=0; unknown=0
11378,>30M,slbrokerage.net,yes,,,https://form.typeform.com/to/sx0CqYnl,0,,,no_public_email_found,not_flagged,contact_pages,,,,,,valid=0; invalid=0; risky=0; unknown=0
11379,>30M,3streams.church,no,,,,0,,,no_public_email_found,not_flagged,contact_pages,,,,,,valid=0; invalid=0; risky=0; unknown=0
11380,>30M,slimdent.com,no,,,,0,,info@slimdent.com ; su@email.com,showing_email_candidates,not_flagged,contact_pages,info@slimdent.com,,,,info@slimdent.com,valid=0; invalid=0; risky=0; unknown=1
11381,>30M,2hourglass.com,yes,,,https://form.typeform.com/to/lJ2QU5d4,0,,email@company.com ; sales@2hourglass.com,showing_email_candidates,not_flagged,contact_pages,sales@2hourglass.com,,,,sales@2hourglass.com,valid=0; invalid=0; risky=0; unknown=1
11382,>30M,modelsmethod.com,no,,,https://modelsmethod.typeform.com/,0,,support@modelsmethod.com,showing_email_candidates,not_flagged,contact_pages,support@modelsmethod.com,,,,support@modelsmethod.com,valid=0; invalid=0; risky=0; unknown=1
11383,>30M,bymura.com,yes,,,https://quiz.typeform.com/to/zPeVaiEB,0,,collabs@bymura.com ; posdata@bymura.com ; products@bymura.com,showing_email_candidates,not_flagged,contact_pages,,,,,,valid=0; invalid=0; risky=0; unknown=0
11384,>30M,grafiklandia.com,no,,,,0,,,no_public_email_found,not_flagged,contact_pages,,,,,,valid=0; invalid=0; risky=0; unknown=0
11385,>30M,mpulsedigital.com,yes,,,https://87ciptzirh9.typeform.com/to/LiMooPgP,0,,mitchpalm3r@gmail.com,showing_email_candidates,not_flagged,contact_pages,,,,,,valid=0; invalid=0; risky=0; unknown=0
11386,>30M,intheloopstudio.com,yes,,,https://nzqgw10avlu.typeform.com/to/scNWQNtg,0,,,no_public_email_found,not_flagged,contact_pages,,,,,,valid=0; invalid=0; risky=0; unknown=0
11387,>30M,blockchainacceleration.org,yes,,,https://form.typeform.com/to/jes7CS,0,,info@baf.network,showing_email_candidates,not_flagged,contact_pages,,,,,,valid=0; invalid=0; risky=0; unknown=0
11388,>30M,vamosprojects.com,yes,,,https://form.typeform.com/to/yVdhSPHZ,0,,info@vamosprojects.com ; makweb9909@gmail.com ; sales@vamosprojects.com,showing_email_candidates,not_flagged,contact_pages,info@vamosprojects.com ; sales@vamosprojects.com,,,,info@vamosprojects.com ; sales@vamosprojects.com,valid=0; invalid=0; risky=0; unknown=2
11389,>30M,rootsapothecary.com,yes,,,https://rootsapothecary.typeform.com/to/jEHjxZ9z,0,,info@rootsapothecary.c ; info@rootsapothecary.com ; wholesale@rootsapothecary.com,showing_email_candidates,not_flagged,contact_pages,info@rootsapothecary.com,,,,info@rootsapothecary.com,valid=0; invalid=0; risky=0; unknown=1
11390,>30M,marinemedical.solutions,yes,,,,0,,office@marinemedical.solutions,showing_email_candidates,not_flagged,contact_pages,office@marinemedical.solutions,,,,office@marinemedical.solutions,valid=0; invalid=0; risky=0; unknown=1
11391,>30M,countryliving.online,no,,,,0,,,no_public_email_found,not_flagged,contact_pages,,,,,,valid=0; invalid=0; risky=0; unknown=0
11392,>30M,clsio.com,no,,,,0,,,no_public_email_found,not_flagged,contact_pages,,,,,,valid=0; invalid=0; risky=0; unknown=0
11393,>30M,instinct-coaching.com,yes,,,,0,,,no_public_email_found,not_flagged,contact_pages,,,,,,valid=0; invalid=0; risky=0; unknown=0
11394,>30M,manospormiregion.org,yes,,,https://8k1jeqdtpg5.typeform.com/to/ehz99J24 ; https://8k1jeqdtpg5.typeform.com/to/qJ36QChw,0,,hola@manospormiregion.org,showing_email_candidates,not_flagged,contact_pages,,,,,,valid=0; invalid=0; risky=0; unknown=0
11395,>30M,everetturbanliving.com,yes,,,https://9q15dhup8ry.typeform.com/to/lLWq1ozO,0,,nsam.occhiuto@gmail.com ; sam.occhiuto@gmail.com,showing_email_candidates,not_flagged,contact_pages,,,,,,valid=0; invalid=0; risky=0; unknown=0
11396,>30M,velo-in-paris.com,yes,,,,0,,contact@velo-in-paris.com,showing_email_candidates,not_flagged,contact_pages,contact@velo-in-paris.com,contact@velo-in-paris.com,,,,valid=1; invalid=0; risky=0; unknown=0
11397,>30M,luxusjobs.com,yes,,,,0,,,no_public_email_found,not_flagged,contact_pages,,,,,,valid=0; invalid=0; risky=0; unknown=0
11398,>30M,bar-sandbixen.dk,no,,,,0,,kontakt@bfa-ba.dk ; sim@bam-bus.dk ; videntjeneste@bam-bus.dk,showing_email_candidates,not_flagged,contact_pages,,,,,,valid=0; invalid=0; risky=0; unknown=0
11399,>30M,s4cd.org,yes,,,https://carbondividends.typeform.com/to/FAXMNJzp,0,,info@s4cd.org,showing_email_candidates,not_flagged,contact_pages,info@s4cd.org,,,,info@s4cd.org,valid=0; invalid=0; risky=0; unknown=1
11400,>30M,iomusic.academy,no,,,https://nativeinstruments.typeform.com/to/QKYngmPy,0,,contact@iomusic.academy,showing_email_candidates,not_flagged,contact_pages,contact@iomusic.academy,contact@iomusic.academy,,,,valid=1; invalid=0; risky=0; unknown=0
11401,>30M,airbnb-auto.com,yes,,,,0,,,no_public_email_found,not_flagged,contact_pages,,,,,,valid=0; invalid=0; risky=0; unknown=0
11402,>30M,architec-k.com,no,,,,0,,,no_public_email_found,not_flagged,contact_pages,,,,,,valid=0; invalid=0; risky=0; unknown=0
11403,>30M,highfrontieroutpost.org,yes,,,https://highfrontieroutpost.typeform.com/to/yrk9GY,0,,mail@highfrontieroutpost.org,showing_email_candidates,not_flagged,contact_pages,,,,,,valid=0; invalid=0; risky=0; unknown=0
11404,>30M,orimo-trap.com,no,,,,0,,,no_public_email_found,not_flagged,contact_pages,,,,,,valid=0; invalid=0; risky=0; unknown=0
11405,>30M,glotheory.com,yes,,,,0,,,no_public_email_found,not_flagged,contact_pages,,,,,,valid=0; invalid=0; risky=0; unknown=0
11406,>30M,ezsimulation.com,yes,,,https://bcmsurvey.typeform.com/to/RLxH8l ; https://embed.typeform.com/,0,,,no_public_email_found,not_flagged,contact_pages,,,,,,valid=0; invalid=0; risky=0; unknown=0
11407,>30M,nxsure.com,no,,,,0,,hello@nxsure.com ; privacy@nxsure.com ; you@agency.com,showing_email_candidates,not_flagged,contact_pages,hello@nxsure.com,hello@nxsure.com,,,,valid=1; invalid=0; risky=0; unknown=0
11408,>30M,interior-replus.co.jp,no,,,,0,,,no_public_email_found,not_flagged,contact_pages,,,,,,valid=0; invalid=0; risky=0; unknown=0
11409,>30M,robbiekinggolf.com,yes,,,,0,,dave@lab6.com ; impallari@gmail.com ; robbie@robbiekinggolf.com,showing_email_candidates,not_flagged,contact_pages,,,,,,valid=0; invalid=0; risky=0; unknown=0
11410,>30M,nategarrido.com,yes,,,https://3qr69m7huew.typeform.com/to/TImK8pBL,0,,contact@nategarrido.com ; nate.garrido@gmail.com,showing_email_candidates,not_flagged,contact_pages,contact@nategarrido.com,contact@nategarrido.com,,,,valid=1; invalid=0; risky=0; unknown=0
11411,>30M,straffr.com,yes,,,https://straffr.typeform.com/to/WZz6OWdY,0,,press@straffr.com ; straffr_logo_120x@2x.png,showing_email_candidates,not_flagged,contact_pages,press@straffr.com,,,,press@straffr.com,valid=0; invalid=0; risky=0; unknown=1
11412,>30M,kisshouse.co.uk,no,,,,0,,support@kisshouse.co.uk,showing_email_candidates,not_flagged,contact_pages,support@kisshouse.co.uk,,,,support@kisshouse.co.uk,valid=0; invalid=0; risky=0; unknown=1
11413,>30M,victorycenter.church,no,,,,0,,,no_public_email_found,not_flagged,contact_pages,,,,,,valid=0; invalid=0; risky=0; unknown=0
11414,>30M,vibrantworldbatik.com,no,,,,0,,,no_public_email_found,not_flagged,contact_pages,,,,,,valid=0; invalid=0; risky=0; unknown=0
11415,>30M,batikvibrant.com,no,,,,0,,,no_public_email_found,not_flagged,contact_pages,,,,,,valid=0; invalid=0; risky=0; unknown=0
11416,>30M,themojoclinic.com,no,,,https://embed.typeform.com/,0,,example@gmail.com ; info@themojoclinic.com ; press@themojoclinic.com,showing_email_candidates,not_flagged,contact_pages,info@themojoclinic.com ; press@themojoclinic.com,,,,info@themojoclinic.com ; press@themojoclinic.com,valid=0; invalid=0; risky=0; unknown=2
11417,>30M,yarrowfinancial.com,yes,,,,0,,,no_public_email_found,not_flagged,contact_pages,,,,,,valid=0; invalid=0; risky=0; unknown=0
11418,>30M,shioiri-k.com,no,,,,0,,,no_public_email_found,not_flagged,contact_pages,,,,,,valid=0; invalid=0; risky=0; unknown=0
11419,>30M,dancitytour.com,yes,,,,0,,,no_public_email_found,not_flagged,contact_pages,,,,,,valid=0; invalid=0; risky=0; unknown=0
11420,>30M,newpathpro.com,no,,,,0,,,no_public_email_found,not_flagged,contact_pages,,,,,,valid=0; invalid=0; risky=0; unknown=0
11421,>30M,hosokawazouenkaihatsu.com,no,,,,0,,,no_public_email_found,not_flagged,contact_pages,,,,,,valid=0; invalid=0; risky=0; unknown=0
11422,>30M,healthyandwholeyou.com,yes,,,https://qmjyo68lwr5.typeform.com/to/NytY2jfy,0,,core@3.27.0 ; styles@1.4.1,showing_email_candidates,not_flagged,contact_pages,,,,,,valid=0; invalid=0; risky=0; unknown=0
11423,>30M,cc-carrefour-lospatios.com,yes,,,https://carmila.pro.typeform.com/to/kKJ1APjF,0,,comercializacion@carmila.com,showing_email_candidates,not_flagged,contact_pages,,,,,,valid=0; invalid=0; risky=0; unknown=0
11424,>30M,mattereum.com,yes,,,https://mattereum.typeform.com/to/syxBKlMl,0,,mattereum_logo_gradient@2x.png ; sales@mattereum.com ; sq_mattereum_logo_gradient_bg@2x.png,showing_email_candidates,not_flagged,contact_pages,sales@mattereum.com,,,,sales@mattereum.com,valid=0; invalid=0; risky=0; unknown=1
11425,>30M,pavicamp.cat,no,,,,0,,pavicamp@pavicamp.cat,showing_email_candidates,not_flagged,contact_pages,,,,,,valid=0; invalid=0; risky=0; unknown=0
11426,>30M,dancemusictribe.com,no,,,,0,,business@dancemusictribe.com ; jobs@dancemusictribe.com,showing_email_candidates,not_flagged,contact_pages,jobs@dancemusictribe.com,,,,jobs@dancemusictribe.com,valid=0; invalid=0; risky=0; unknown=1
11427,>30M,ksl-muenster.de,yes,,,https://lucasschnurre.typeform.com/to/bFLDckOj,0,,debora.stockmann@ksl-muenster.de ; info@ksl-arnsberg.de ; info@ksl-duesseldorf.de ; info@ksl-koeln.de ; info@ksl-msi-nrw.de ; info@ksl-muenster.de ; info@ksl-nrw.de ; info@ksl-owl.de ; info@lag-selbsthilfe-nrw.de ; lisa.voessing@ksl-muenster.de ; maher.seger@ksl-muenster.de ; marcel.scharf@ksl-muenster.de ; martina.steinke@ksl-muenster.de ; oliver.schneider@ksl-muenster.de ; so-geht-vielfalt@ksl-muenster.de ; tomik.leusbrock@ksl-muenster.de ; uikit@3.6.22,showing_email_candidates,not_flagged,contact_pages,info@ksl-muenster.de,,,,info@ksl-muenster.de,valid=0; invalid=0; risky=0; unknown=1
11428,>30M,redriceventures.com,yes,,,https://rsml6ai1lws.typeform.com/to/qwAzhUZq,0,,info@redriceventures.com,showing_email_candidates,not_flagged,contact_pages,info@redriceventures.com,,,,info@redriceventures.com,valid=0; invalid=0; risky=0; unknown=1
11429,>30M,tondles.com,no,,,,0,,,no_public_email_found,not_flagged,contact_pages,,,,,,valid=0; invalid=0; risky=0; unknown=0
11430,>30M,gatorjuniorgolf.org,no,,,,0,,gatorjuniorgolfassociation@gmail.com ; growthegame@gatorjuniorgolf.org,showing_email_candidates,not_flagged,contact_pages,,,,,,valid=0; invalid=0; risky=0; unknown=0
11431,>30M,geekatrons.io,yes,,,https://embed.typeform.com/ ; https://geekatrons.typeform.com/to/porBru,0,,,no_public_email_found,not_flagged,contact_pages,,,,,,valid=0; invalid=0; risky=0; unknown=0
11432,>30M,apollovital.de,no,,,https://los-gehts.typeform.com/,0,,info@appliner.de,showing_email_candidates,not_flagged,contact_pages,,,,,,valid=0; invalid=0; risky=0; unknown=0
11433,>30M,youmove.cloud,no,,,https://embed.typeform.com/,0,,info@youmove.cloud,showing_email_candidates,not_flagged,contact_pages,info@youmove.cloud,,,,info@youmove.cloud,valid=0; invalid=0; risky=0; unknown=1
11434,>30M,osezvousdefendre.com,yes,,,https://ingenium-consultants.typeform.com/to/kFRLddF1,0,,,no_public_email_found,not_flagged,contact_pages,,,,,,valid=0; invalid=0; risky=0; unknown=0
11435,>30M,maconnerie-gerardmer.com,no,,,,0,,,no_public_email_found,not_flagged,contact_pages,,,,,,valid=0; invalid=0; risky=0; unknown=0
11436,>30M,timelapsecorp.com,no,,,,0,,info@timelapse.cl,showing_email_candidates,not_flagged,contact_pages,,,,,,valid=0; invalid=0; risky=0; unknown=0
11437,>30M,olasmedia.com,no,,,https://ivc.typeform.com/,0,,chad@olasmedia.com ; info@olasmedia.com ; jc@olasmedia.com ; juan@ivc.media ; lina@olasmedia.com,showing_email_candidates,not_flagged,contact_pages,info@olasmedia.com,,,,info@olasmedia.com,valid=0; invalid=0; risky=0; unknown=1
11438,>30M,studiodak.com,yes,,,https://form.typeform.com/to/ihLqzWQo,0,,,no_public_email_found,not_flagged,contact_pages,,,,,,valid=0; invalid=0; risky=0; unknown=0
11439,>30M,artsofyoga.at,no,,,https://survey.typeform.com/to/wBLRgVCC,0,,info@artsofyoga.at,showing_email_candidates,not_flagged,contact_pages,info@artsofyoga.at,,,,info@artsofyoga.at,valid=0; invalid=0; risky=0; unknown=1
11440,>30M,generationz.education,no,,,https://embed.typeform.com/,0,,bootstrap@5.0.2 ; darine.chatila@generationz.education ; farah.taha@generationz.education ; gina@generationz.education ; hiba@generationz.education ; info@generationz.education,showing_email_candidates,not_flagged,contact_pages,info@generationz.education,,,,info@generationz.education,valid=0; invalid=0; risky=0; unknown=1
11441,>30M,miriampdmoda.com,no,,,https://coachhbl.typeform.com/,0,,collaborator-martitoatasan@gmail.com,showing_email_candidates,not_flagged,contact_pages,,,,,,valid=0; invalid=0; risky=0; unknown=0
11442,>30M,navihome-oomiya.jp,no,,,,0,,,no_public_email_found,not_flagged,contact_pages,,,,,,valid=0; invalid=0; risky=0; unknown=0
11443,>30M,aibetsu-bl.com,no,,,,0,,,no_public_email_found,not_flagged,contact_pages,,,,,,valid=0; invalid=0; risky=0; unknown=0
11444,>30M,vetlifegroup.com,no,,,,0,,flags@2x.png,showing_email_candidates,not_flagged,contact_pages,,,,,,valid=0; invalid=0; risky=0; unknown=0
11445,>30M,minimalistmastery.com,no,,,,0,,,no_public_email_found,not_flagged,contact_pages,,,,,,valid=0; invalid=0; risky=0; unknown=0
11446,>30M,kurtzmonumentco.com,no,,,,0,,,no_public_email_found,not_flagged,contact_pages,,,,,,valid=0; invalid=0; risky=0; unknown=0
11447,>30M,7828011.com,no,,,,0,,,no_public_email_found,not_flagged,contact_pages,,,,,,valid=0; invalid=0; risky=0; unknown=0
11448,>30M,sumainozaou.com,no,,,,0,,,no_public_email_found,not_flagged,contact_pages,,,,,,valid=0; invalid=0; risky=0; unknown=0
11449,>30M,satrafficlawyer.com,yes,,,,0,,,no_public_email_found,not_flagged,contact_pages,,,,,,valid=0; invalid=0; risky=0; unknown=0
11450,>30M,shaniwigs.com,yes,,,https://jdgogddwzj6.typeform.com/to/UFP4c9pq,0,,info@shaniwigs.com ; intl-tel-input@24.6.0,showing_email_candidates,not_flagged,contact_pages,info@shaniwigs.com,,,,info@shaniwigs.com,valid=0; invalid=0; risky=0; unknown=1
11451,>30M,heaviside.digital,yes,,,https://form.typeform.com/to/xIz3VB70,0,,chris@heavisidegroup.com ; hello@heaviside.digital ; jason@heavisidegroup.com ; noreply@mail.heaviside.digital,showing_email_candidates,not_flagged,contact_pages,hello@heaviside.digital,hello@heaviside.digital,,,,valid=1; invalid=0; risky=0; unknown=0
11452,>30M,inboxautopilot.com,yes,,,https://form.typeform.com/to/kuZaySWT,0,,,no_public_email_found,not_flagged,contact_pages,,,,,,valid=0; invalid=0; risky=0; unknown=0
11453,>30M,futurebuzz.mu,no,,,,0,,athi@futurebuzz.mu ; hi@futurebuzz.mu ; logo@1x.png ; slick-carousel@1.8.1,showing_email_candidates,not_flagged,contact_pages,,,,,,valid=0; invalid=0; risky=0; unknown=0
11454,>30M,lumimoney.com,yes,,,https://lumimoney.typeform.com/to/h4PfJ9Pe,0,,,no_public_email_found,not_flagged,contact_pages,,,,,,valid=0; invalid=0; risky=0; unknown=0
11455,>30M,zirqon.com,yes,,,https://isidreturull.typeform.com/to/V866mFDJ,0,,,no_public_email_found,not_flagged,contact_pages,,,,,,valid=0; invalid=0; risky=0; unknown=0
11456,>30M,topologyinteriors.com,yes,,,https://embed.typeform.com/ ; https://topologyinteriors.typeform.com/to/ljx2HR,0,,,no_public_email_found,not_flagged,contact_pages,,,,,,valid=0; invalid=0; risky=0; unknown=0
11457,>30M,logintonas.com,no,,,,0,,,no_public_email_found,not_flagged,contact_pages,,,,,,valid=0; invalid=0; risky=0; unknown=0
11458,>30M,alexisclarke.com,no,,,,0,,,no_public_email_found,not_flagged,contact_pages,,,,,,valid=0; invalid=0; risky=0; unknown=0
11459,>30M,casitahollywood.com,no,,,,0,,info@casitahollywood.com,showing_email_candidates,not_flagged,contact_pages,info@casitahollywood.com,,,,info@casitahollywood.com,valid=0; invalid=0; risky=0; unknown=1
11460,>30M,copyrockstars.com,yes,,,https://copyrockstars.typeform.com/to/JMRn4a,0,,,no_public_email_found,not_flagged,contact_pages,,,,,,valid=0; invalid=0; risky=0; unknown=0
11461,>30M,bahamaeats.com,yes,,,https://bahamaeats.typeform.com/to/BKMbww6z ; https://bahamaeats.typeform.com/to/YVPFki,0,,support@bahamaeats.com,showing_email_candidates,not_flagged,contact_pages,support@bahamaeats.com,,,,support@bahamaeats.com,valid=0; invalid=0; risky=0; unknown=1
11462,>30M,piperise.com,yes,,,https://evmxcrq034j.typeform.com/to/QaBWzHjO,0,,flags@2x.png ; hugo@the.direct,showing_email_candidates,not_flagged,contact_pages,,,,,,valid=0; invalid=0; risky=0; unknown=0
11463,>30M,nihonbashi-ns.com,no,,,,0,,,no_public_email_found,not_flagged,contact_pages,,,,,,valid=0; invalid=0; risky=0; unknown=0
11464,>30M,americanautoprotect.com,no,,,,0,,,no_public_email_found,not_flagged,contact_pages,,,,,,valid=0; invalid=0; risky=0; unknown=0
11465,>30M,njjoegroup.com,no,,,,0,,,no_public_email_found,not_flagged,contact_pages,,,,,,valid=0; invalid=0; risky=0; unknown=0
11466,>30M,secureadmins.com,yes,,,https://form.typeform.com/to/AIqKqgTM,0,,,no_public_email_found,not_flagged,contact_pages,,,,,,valid=0; invalid=0; risky=0; unknown=0
11467,>30M,crftsmncoffee.com,no,,,,0,,email@example.com,showing_email_candidates,not_flagged,contact_pages,,,,,,valid=0; invalid=0; risky=0; unknown=0
11468,>30M,jeremyravine.com,yes,,,https://r4e96c3htno.typeform.com/to/ncXAbrMA,0,,,no_public_email_found,not_flagged,contact_pages,,,,,,valid=0; invalid=0; risky=0; unknown=0
11469,>30M,ep-elite.com,no,,,,0,,,no_public_email_found,not_flagged,contact_pages,,,,,,valid=0; invalid=0; risky=0; unknown=0
11470,>30M,wakamate.com,yes,,,,0,,,no_public_email_found,not_flagged,contact_pages,,,,,,valid=0; invalid=0; risky=0; unknown=0
11471,>30M,firstyearslearningcenter.com,yes,,,,0,,,no_public_email_found,not_flagged,contact_pages,,,,,,valid=0; invalid=0; risky=0; unknown=0
11472,>30M,ellevatedoutcomes.com,yes,,,https://form.typeform.com/to/uqCN9Wgj,0,,,no_public_email_found,not_flagged,contact_pages,,,,,,valid=0; invalid=0; risky=0; unknown=0
11473,>30M,suzietaylordesigns.com,yes,,,,0,,,no_public_email_found,not_flagged,contact_pages,,,,,,valid=0; invalid=0; risky=0; unknown=0
11474,>30M,riharicarroll.com,no,,,https://embed.typeform.com/,0,,flags@2x.png,showing_email_candidates,not_flagged,contact_pages,,,,,,valid=0; invalid=0; risky=0; unknown=0
11475,>30M,unicornsfactory.com,yes,,,,0,,,no_public_email_found,not_flagged,contact_pages,,,,,,valid=0; invalid=0; risky=0; unknown=0
11476,>30M,eventresidenz.com,no,,,,0,,,no_public_email_found,not_flagged,contact_pages,,,,,,valid=0; invalid=0; risky=0; unknown=0
11477,>30M,nightshadesecurity.com,no,,,,0,,,no_public_email_found,not_flagged,contact_pages,,,,,,valid=0; invalid=0; risky=0; unknown=0
11478,>30M,bestillfloat.com,yes,,,,0,,,no_public_email_found,not_flagged,contact_pages,,,,,,valid=0; invalid=0; risky=0; unknown=0
11479,>30M,solselites.net,yes,,,,0,,,no_public_email_found,not_flagged,contact_pages,,,,,,valid=0; invalid=0; risky=0; unknown=0
11480,>30M,maxkorpinen.com,no,,,,0,,,no_public_email_found,not_flagged,contact_pages,,,,,,valid=0; invalid=0; risky=0; unknown=0
11481,>30M,featureddentist.com,yes,,,https://embed.typeform.com/ ; https://form.typeform.com/to/aeCfEuV4 ; https://my-form.typeform.com/to/aeCfEuV4,0,,support@featureddentist.com,showing_email_candidates,not_flagged,contact_pages,support@featureddentist.com,,,,support@featureddentist.com,valid=0; invalid=0; risky=0; unknown=1
11482,>30M,codeoftalent.com,no,,,,0,,contact@codeoftalent.com ; jane@company.com,showing_email_candidates,not_flagged,contact_pages,contact@codeoftalent.com,contact@codeoftalent.com,,,,valid=1; invalid=0; risky=0; unknown=0
11483,>30M,sphere.tech,yes,,,,0,,,no_public_email_found,not_flagged,contact_pages,,,,,,valid=0; invalid=0; risky=0; unknown=0
11484,>30M,hopechurchtucson.org,no,,,,0,,church@hopechurchtucson.org ; kyle@customchurchapps.com,showing_email_candidates,not_flagged,contact_pages,,,,,,valid=0; invalid=0; risky=0; unknown=0
11485,>30M,standardandtwain.com,yes,,,https://fs0io0hkxip.typeform.com/to/tLYVowdV,0,,info@standardandtwain.com,showing_email_candidates,not_flagged,contact_pages,info@standardandtwain.com,,,,info@standardandtwain.com,valid=0; invalid=0; risky=0; unknown=1
11486,>30M,thebiharmail.com,no,,,,0,,,no_public_email_found,not_flagged,contact_pages,,,,,,valid=0; invalid=0; risky=0; unknown=0
11487,>30M,design-thinking-workshop.de,no,,,,0,,,no_public_email_found,not_flagged,contact_pages,,,,,,valid=0; invalid=0; risky=0; unknown=0
11488,>30M,cubicup.com,yes,,,https://cubicup1.typeform.com/to/cevZrQa7,0,,img-logo-elespanol@3x.png ; img-logo-elpais@3x.png ; img-logo-elreferente@3x.png ; img-logo-estilo-deco@3x.png ; img-logo-pizcadehogar@3x.png,showing_email_candidates,not_flagged,contact_pages,,,,,,valid=0; invalid=0; risky=0; unknown=0
11489,>30M,wanyanjie.com,no,,,,0,,,no_public_email_found,not_flagged,contact_pages,,,,,,valid=0; invalid=0; risky=0; unknown=0
11490,>30M,dylm.agency,yes,,,https://5k5h1cdd93g.typeform.com/to/dymfvHPl,0,,contact@dylmagency.com,showing_email_candidates,not_flagged,contact_pages,,,,,,valid=0; invalid=0; risky=0; unknown=0
11491,>30M,merchloop.com,yes,,,https://stokedonprinting.typeform.com/to/O2Qt8jQk,0,,2_97bd9b03-8366-4a9a-827d-f3e63b4dba51_993x@2x.png ; 3_1112x@2x.png ; 7_535x@2x.png ; asset_6_98x@2x.png ; custom-swag-box_1792x@2x.webp ; hello@merchloop.com ; laptop-mobile-together_2591x@2x.png ; merchloop-aboutus-banner_55755145-03c7-48c5-9131-c22751d909ee_2240x@2x.webp ; merchloop-branded-swag-store-header-mobile_1792x@2x.webp ; merchloop-branded-swag-store-header_56c99575-b827-4fa2-b9c1-57f1963d964a_1792x@2x.webp ; merchloop-stress-free-swag-store_1716x@2x.webp ; merchloop1x_-_copy_745x@2x.png ; no-annual-fee-icon_95x@2x.png ; sop-shirt-mockup-merchloop_1796x@2x.webp ; web_icons-v2-08_401x@2x.png ; web_icons-v2-09_401x@2x.png ; web_icons-v2-09_b8d989dd-1e8b-4650-b165-0531d178f80b_401x@2x.png ; web_icons-v2-10_401x@2x.png,showing_email_candidates,not_flagged,contact_pages,hello@merchloop.com,hello@merchloop.com,,,,valid=1; invalid=0; risky=0; unknown=0
11492,>30M,missionhomeslubbock.com,yes,,,https://form.typeform.com/to/XqK6Oafv,0,,lalbwilliams@gmail.com,showing_email_candidates,not_flagged,contact_pages,,,,,,valid=0; invalid=0; risky=0; unknown=0
11493,>30M,dahdahstudio.com,yes,,,https://8ni3f766kjb.typeform.com/to/LzjzHnio,0,,contact@dahdahstudio.com,showing_email_candidates,not_flagged,contact_pages,contact@dahdahstudio.com,contact@dahdahstudio.com,,,,valid=1; invalid=0; risky=0; unknown=0
11494,>30M,sync-fitness.com,no,,,,0,,hello@sync-fitness.com,showing_email_candidates,not_flagged,contact_pages,hello@sync-fitness.com,hello@sync-fitness.com,,,,valid=1; invalid=0; risky=0; unknown=0
11495,>30M,majorconfusions.com,yes,,,https://3xbbvko2rhu.typeform.com/to/rJFGvFke ; https://3xbbvko2rhu.typeform.com/to/VoPgZ1gp,0,,dina@majorconfusions.com,showing_email_candidates,not_flagged,contact_pages,,,,,,valid=0; invalid=0; risky=0; unknown=0
11496,>30M,organicsidekick.com,yes,,,,0,,,no_public_email_found,not_flagged,contact_pages,,,,,,valid=0; invalid=0; risky=0; unknown=0
11497,>30M,gdengineering.net,yes,,,,0,,18d2f96d279149989b95faf0a4b41882@sentry-next.wixpress.com ; 2062d0a4929b45348643784b5cb39c36@sentry.wixpress.com ; 271e9fa3230b4eec94b02bf95780f5f2@sentry.wixpress.com ; 460ff4620fa44cba8df530afde949785@sentry.wixpress.com ; 5d1795a2db124a268f1e1bd88f503500@sentry.wixpress.com ; 605a7baede844d278b89dc95ae0a9123@sentry-next.wixpress.com ; 78f7996315bc402f9dcb8a2f974b82d1@sentry.wixpress.com ; 8c4075d5481d476e945486754f783364@sentry.io ; 8eb368c655b84e029ed79ad7a5c1718e@sentry.wixpress.com ; 9a65e97ebe8141fca0c4fd686f70996b@sentry.wixpress.com ; amministrazione@gdengineering.net ; c183baa23371454f99f417f6616b724d@sentry.wixpress.com ; core-js-bundle@3.2.1 ; dd0a55ccb8124b9c9d938e3acf41f8aa@sentry.wixpress.com ; ed436f5053144538958ad06a5005e99a@sentry.wixpress.com ; focus-within-polyfill@5.0.9 ; info@gdengineering.net ; intl-segmenter@11.7.10 ; lodash@4.17.23 ; react-dom@18.3.1 ; react@18.3.1 ; rspack@1.6.8,showing_email_candidates,not_flagged,contact_pages,info@gdengineering.net,,,,info@gdengineering.net,valid=0; invalid=0; risky=0; unknown=1
11498,>30M,shesonthemoney.com,yes,,,https://sotm.typeform.com/,0,,typed.js@2.0.16,showing_email_candidates,not_flagged,contact_pages,,,,,,valid=0; invalid=0; risky=0; unknown=0
11499,>30M,mightyprivatedining.com,no,,,,0,,,no_public_email_found,not_flagged,contact_pages,,,,,,valid=0; invalid=0; risky=0; unknown=0
11500,>30M,streetfins.com,yes,,,https://streetfins.typeform.com/to/dM07zZkY,0,,apatel@streetfins.com ; info@streetfins.com ; john@doe.com ; rgupta@streetfins.com ; schoi@streetfins.com,showing_email_candidates,not_flagged,contact_pages,info@streetfins.com,,,,info@streetfins.com,valid=0; invalid=0; risky=0; unknown=1
11501,>30M,agralinks.com,no,,,https://images.typeform.com/ ; https://public-assets.typeform.com/,0,,typed.js@2.0.11,showing_email_candidates,not_flagged,contact_pages,,,,,,valid=0; invalid=0; risky=0; unknown=0
11502,>30M,youlivetalent.com,no,,,,0,,,no_public_email_found,not_flagged,contact_pages,,,,,,valid=0; invalid=0; risky=0; unknown=0
11503,>30M,paulahopwood.ca,yes,,,https://paulahopwood.typeform.com/to/wXJxVS ; https://paulahopwood.typeform.com/to/wypaWG,0,,hello@coaching.com ; paula@paulahopwood.net,showing_email_candidates,not_flagged,contact_pages,,,,,,valid=0; invalid=0; risky=0; unknown=0
11504,>30M,thehandymanperth.com.au,yes,,,https://embed.typeform.com/ ; https://form.typeform.com/to/YeW0mFcS,0,,theperthhandyman@gmail.com,showing_email_candidates,not_flagged,contact_pages,,,,,,valid=0; invalid=0; risky=0; unknown=0
11505,>30M,rhondamadge.com,yes,,,,0,,,no_public_email_found,not_flagged,contact_pages,,,,,,valid=0; invalid=0; risky=0; unknown=0
11506,>30M,tomoekensetsu.com,no,,,,0,,,no_public_email_found,not_flagged,contact_pages,,,,,,valid=0; invalid=0; risky=0; unknown=0
11507,>30M,cashflow-investment.com,yes,,,,0,,,no_public_email_found,not_flagged,contact_pages,,,,,,valid=0; invalid=0; risky=0; unknown=0
11508,>30M,heck-andrews.com,yes,,,,0,,,no_public_email_found,not_flagged,contact_pages,,,,,,valid=0; invalid=0; risky=0; unknown=0
11509,>30M,dlhnunukan.org,yes,,,http://dlhnunukan.typeform.com/to/bynRbl,0,,contact@mysite.com ; ecollhnunukan@gmail.com,showing_email_candidates,not_flagged,contact_pages,,,,,,valid=0; invalid=0; risky=0; unknown=0
11510,>30M,bulldogequipmentrentalandsupply.com,no,,,,0,,,no_public_email_found,not_flagged,contact_pages,,,,,,valid=0; invalid=0; risky=0; unknown=0
11511,>30M,tissuwax.com,yes,,,https://formulaire5.typeform.com/to/ktrxEU,0,,sixtine@gmail.com,showing_email_candidates,not_flagged,contact_pages,,,,,,valid=0; invalid=0; risky=0; unknown=0
11512,>30M,krollcommunications.com,yes,,,https://michaelkroll.typeform.com/to/os1vdd ; https://michaelkroll.typeform.com/to/yyW9oU,0,,brittany@krollcommunications.com ; michael@krollcommunications.com,showing_email_candidates,not_flagged,contact_pages,,,,,,valid=0; invalid=0; risky=0; unknown=0
11513,>30M,casamentovideo.com,yes,,,https://nelsonchantre.typeform.com/to/urWpeb,0,,info@casamentovideo.com,showing_email_candidates,not_flagged,contact_pages,info@casamentovideo.com,,,,info@casamentovideo.com,valid=0; invalid=0; risky=0; unknown=1
11514,>30M,4beastimmortal.com,yes,,,,0,,,no_public_email_found,not_flagged,contact_pages,,,,,,valid=0; invalid=0; risky=0; unknown=0
11515,>30M,robvdh.com,no,,,,0,,,no_public_email_found,not_flagged,contact_pages,,,,,,valid=0; invalid=0; risky=0; unknown=0
11516,>30M,revolutionaddress.com,no,,,,0,,,no_public_email_found,not_flagged,contact_pages,,,,,,valid=0; invalid=0; risky=0; unknown=0
11517,>30M,instacasas.com,no,,,https://hypr-mobi.typeform.com/,0,,,no_public_email_found,not_flagged,contact_pages,,,,,,valid=0; invalid=0; risky=0; unknown=0
11518,>30M,viraggi.com,no,,,,0,,massimo@viraggi.com ; photoswipe@5.4.3 ; swiper@11.1.1,showing_email_candidates,not_flagged,contact_pages,,,,,,valid=0; invalid=0; risky=0; unknown=0
11519,>30M,phphomeservice.com,yes,,,,0,,,no_public_email_found,not_flagged,contact_pages,,,,,,valid=0; invalid=0; risky=0; unknown=0
11520,>30M,everydaypeoplecombine.com,yes,,,,0,,,no_public_email_found,not_flagged,contact_pages,,,,,,valid=0; invalid=0; risky=0; unknown=0
11521,>30M,kotobukihome.net,no,,,,0,,,no_public_email_found,not_flagged,contact_pages,,,,,,valid=0; invalid=0; risky=0; unknown=0
11522,>30M,joyholmes.com,yes,,,,0,,,no_public_email_found,not_flagged,contact_pages,,,,,,valid=0; invalid=0; risky=0; unknown=0
11523,>30M,kcfitnessandwellness.com,yes,,,,0,,,no_public_email_found,not_flagged,contact_pages,,,,,,valid=0; invalid=0; risky=0; unknown=0
11524,>30M,keonivgn.com,yes,,,https://embed.typeform.com/,0,,artinfo@keonivgn.com ; keonivgn@gmail.com,showing_email_candidates,not_flagged,contact_pages,,,,,,valid=0; invalid=0; risky=0; unknown=0
11525,>30M,chihiroarai.com,yes,,,https://6eh1zrj67vh.typeform.com/to/y47hLNNb,0,,,no_public_email_found,not_flagged,contact_pages,,,,,,valid=0; invalid=0; risky=0; unknown=0
11526,>30M,puntacanatop.com,no,,,https://naranjachina.typeform.com/,0,,programadores@naranjachina.com,showing_email_candidates,not_flagged,contact_pages,,,,,,valid=0; invalid=0; risky=0; unknown=0
11527,>30M,influencermeter.com,yes,,,,0,,,no_public_email_found,not_flagged,contact_pages,,,,,,valid=0; invalid=0; risky=0; unknown=0
11528,>30M,sinavaziri.com,no,,,,0,,,no_public_email_found,not_flagged,contact_pages,,,,,,valid=0; invalid=0; risky=0; unknown=0
11529,>30M,thisfirst.org,yes,,,,0,,,no_public_email_found,not_flagged,contact_pages,,,,,,valid=0; invalid=0; risky=0; unknown=0
11530,>30M,shiinoki-ganka.com,no,,,,0,,,no_public_email_found,not_flagged,contact_pages,,,,,,valid=0; invalid=0; risky=0; unknown=0
11531,>30M,brandongrych.com,yes,,,https://yikw16o76ag.typeform.com/to/W0i4WmCt,0,,,no_public_email_found,not_flagged,contact_pages,,,,,,valid=0; invalid=0; risky=0; unknown=0
11532,>30M,savagemodefitness.com,yes,,,,0,,,no_public_email_found,not_flagged,contact_pages,,,,,,valid=0; invalid=0; risky=0; unknown=0
11533,>30M,emersonpcpofsudbury.com,no,,,,0,,,no_public_email_found,not_flagged,contact_pages,,,,,,valid=0; invalid=0; risky=0; unknown=0
11534,>30M,jasonpaulo.com,yes,,,,0,,,no_public_email_found,not_flagged,contact_pages,,,,,,valid=0; invalid=0; risky=0; unknown=0
11535,>30M,nichieijyuken.com,no,,,,0,,,no_public_email_found,not_flagged,contact_pages,,,,,,valid=0; invalid=0; risky=0; unknown=0
11536,>30M,holistichealthcode.com,yes,,,,0,,hello@holistichealthcode.com ; support@holistichealthcode.com,showing_email_candidates,not_flagged,contact_pages,hello@holistichealthcode.com ; support@holistichealthcode.com,hello@holistichealthcode.com,,,support@holistichealthcode.com,valid=1; invalid=0; risky=0; unknown=1
11537,>30M,kg-consulting.net,yes,,,https://typeformumfrage.typeform.com/to/Ik0BjPkL ; https://typeformumfrage.typeform.com/to/MJ2Jai6Z,0,,info@keving-consulting.de ; info@kg-consulting.net,showing_email_candidates,not_flagged,contact_pages,info@kg-consulting.net,,,,info@kg-consulting.net,valid=0; invalid=0; risky=0; unknown=1
11538,>30M,campersardinia.com,yes,,,https://embed.typeform.com/ ; https://lucioocchipinti.typeform.com/to/zu1Iwd,0,,cusidore@tiscali.it,showing_email_candidates,not_flagged,contact_pages,,,,,,valid=0; invalid=0; risky=0; unknown=0
11539,>30M,alejandroyague.com,no,,,,0,,info@alejandroyague.com,showing_email_candidates,not_flagged,contact_pages,info@alejandroyague.com,,info@alejandroyague.com,,,valid=0; invalid=1; risky=0; unknown=0
11540,>30M,biares.com,no,,,,0,,,no_public_email_found,not_flagged,contact_pages,,,,,,valid=0; invalid=0; risky=0; unknown=0
11541,>30M,tennesseeinsurancediscounts.com,yes,,,https://embed.typeform.com/ ; https://form.typeform.com/to/sXFZ6CZ6,0,,,no_public_email_found,not_flagged,contact_pages,,,,,,valid=0; invalid=0; risky=0; unknown=0
11542,>30M,npoc.ch,no,,,,0,,info@npoc.ch,showing_email_candidates,not_flagged,contact_pages,info@npoc.ch,,,,info@npoc.ch,valid=0; invalid=0; risky=0; unknown=1
11543,>30M,maikki.fi,no,,,,0,,,no_public_email_found,not_flagged,contact_pages,,,,,,valid=0; invalid=0; risky=0; unknown=0
11544,>30M,tellingfashionstories.com,no,,,,0,,workshops@marcojoefazio.com,showing_email_candidates,not_flagged,contact_pages,,,,,,valid=0; invalid=0; risky=0; unknown=0
11545,>30M,thecelebration.church,no,,,,0,,connect@thecelebration.church ; info@thecelebration.church,showing_email_candidates,not_flagged,contact_pages,info@thecelebration.church,,,,info@thecelebration.church,valid=0; invalid=0; risky=0; unknown=1
11546,>30M,danielyegarcia.com,no,,,,0,,,no_public_email_found,not_flagged,contact_pages,,,,,,valid=0; invalid=0; risky=0; unknown=0
11547,>30M,destinatortravel.com,yes,,,,0,,,no_public_email_found,not_flagged,contact_pages,,,,,,valid=0; invalid=0; risky=0; unknown=0
11548,>30M,zack-school.com,yes,,,https://iwffxc8d8yc.typeform.com/to/rrzaneMB,0,,hello@zack-school.com,showing_email_candidates,not_flagged,contact_pages,hello@zack-school.com,hello@zack-school.com,,,,valid=1; invalid=0; risky=0; unknown=0
11549,>30M,landofrails.net,no,,,https://embed.typeform.com/,0,,jjsch1410@gmail.com,showing_email_candidates,not_flagged,contact_pages,,,,,,valid=0; invalid=0; risky=0; unknown=0
11550,>30M,restory.life,yes,,,https://restorationfc.typeform.com/to/LMCWiMAf ; https://restorationfc.typeform.com/to/NrADwvs4,0,,christina@restorationcounselingnoco.com ; info@restory.life,showing_email_candidates,not_flagged,contact_pages,info@restory.life,,,,info@restory.life,valid=0; invalid=0; risky=0; unknown=1
11551,>30M,play-guitars.com,yes,,,https://embed.typeform.com/ ; https://form.typeform.com/to/UIGRQ1fF,0,,,no_public_email_found,not_flagged,contact_pages,,,,,,valid=0; invalid=0; risky=0; unknown=0
11552,>30M,alessandrodeangelismusic.com,yes,,,,0,,info@alessandrodeangelismusic.com,showing_email_candidates,not_flagged,contact_pages,info@alessandrodeangelismusic.com,info@alessandrodeangelismusic.com,,,,valid=1; invalid=0; risky=0; unknown=0
11553,>30M,titan-coaching.com,yes,,,,0,,,no_public_email_found,not_flagged,contact_pages,,,,,,valid=0; invalid=0; risky=0; unknown=0
11554,>30M,ochoachristian.com,yes,,,https://lu5rtiqvvyi.typeform.com/to/PK20pddI ; https://lu5rtiqvvyi.typeform.com/to/vcjbZ3Jk,0,,,no_public_email_found,not_flagged,contact_pages,,,,,,valid=0; invalid=0; risky=0; unknown=0
11555,>30M,arriendointeligente.com,yes,,,https://form.typeform.com/to/kazwHShM,0,,lsanchez@arriendointeligente.com ; ycarmona@patrimonioinmobiliario.cl,showing_email_candidates,not_flagged,contact_pages,,,,,,valid=0; invalid=0; risky=0; unknown=0
11556,>30M,agencyva.com,yes,,,https://agencyva.typeform.com/to/gCd27ssO,0,,johanan@agencyva.com ; sales@agencyva.com,showing_email_candidates,not_flagged,contact_pages,sales@agencyva.com,,,,sales@agencyva.com,valid=0; invalid=0; risky=0; unknown=1
11557,>30M,afrobusiness.com.br,yes,,,https://contablack.typeform.com/to/KTokQ6 ; https://embed.typeform.com/,0,,contato@afrobusiness.com.br,showing_email_candidates,not_flagged,contact_pages,,,,,,valid=0; invalid=0; risky=0; unknown=0
11558,>30M,presakra.se,no,,,,0,,,no_public_email_found,not_flagged,contact_pages,,,,,,valid=0; invalid=0; risky=0; unknown=0
11559,>30M,igorejessica.com.br,no,,,,0,,,no_public_email_found,not_flagged,contact_pages,,,,,,valid=0; invalid=0; risky=0; unknown=0
11560,>30M,thefinancialadvisorsperth.com.au,yes,,,https://embed.typeform.com/ ; https://form.typeform.com/to/B2X1WwCc,0,,thefinancialadvisorsperth@gmail.com,showing_email_candidates,not_flagged,contact_pages,,,,,,valid=0; invalid=0; risky=0; unknown=0
11561,>30M,city.immo,yes,,,https://cityimmobilien.typeform.com/to/udGsZ9,0,,info@dsb-okon.de ; post@city.immo,showing_email_candidates,not_flagged,contact_pages,,,,,,valid=0; invalid=0; risky=0; unknown=0
11562,>30M,engigogo.com,no,,,,0,,,no_public_email_found,not_flagged,contact_pages,,,,,,valid=0; invalid=0; risky=0; unknown=0
11563,>30M,feltupbyruby.com,yes,,,,0,,,no_public_email_found,not_flagged,contact_pages,,,,,,valid=0; invalid=0; risky=0; unknown=0
11564,>30M,shanghaiartbookfair.com,yes,,,,0,,support@brandexponents.com,showing_email_candidates,not_flagged,contact_pages,,,,,,valid=0; invalid=0; risky=0; unknown=0
11565,>30M,dinnerwithdaniel.net,yes,,,https://danieldipiazza.typeform.com/to/GiTJHA,0,,,no_public_email_found,not_flagged,contact_pages,,,,,,valid=0; invalid=0; risky=0; unknown=0
11566,>30M,puncil.com,yes,,,https://embed.typeform.com/ ; https://form.typeform.com/to/yNiOfzdi ; https://images.typeform.com/,0,,,no_public_email_found,not_flagged,contact_pages,,,,,,valid=0; invalid=0; risky=0; unknown=0
11567,>30M,fujiesou.com,no,,,,0,,,no_public_email_found,not_flagged,contact_pages,,,,,,valid=0; invalid=0; risky=0; unknown=0
11568,>30M,oicaboverde.com,yes,,,https://oicaboverde495725.typeform.com/to/m4fy2u ; https://oicaboverde495725.typeform.com/to/RULzfLDW,0,,,no_public_email_found,not_flagged,contact_pages,,,,,,valid=0; invalid=0; risky=0; unknown=0
11569,>30M,issin-corporation.com,no,,,,0,,,no_public_email_found,not_flagged,contact_pages,,,,,,valid=0; invalid=0; risky=0; unknown=0
11570,>30M,maineseaweedexchange.com,yes,,,,0,,info@seaweedexchange.com ; u003einfo@seaweedexchange.com,showing_email_candidates,not_flagged,contact_pages,,,,,,valid=0; invalid=0; risky=0; unknown=0
11571,>30M,evolverangesolutions.com,no,,,,0,,,no_public_email_found,not_flagged,contact_pages,,,,,,valid=0; invalid=0; risky=0; unknown=0
11572,>30M,tvlculinary.com,yes,,,,0,,tom@tvlculinary.com,showing_email_candidates,not_flagged,contact_pages,,,,,,valid=0; invalid=0; risky=0; unknown=0
11573,>30M,copair.gitlab.io,yes,,,https://nelantone.typeform.com/to/yHc82E,0,,antonelo@gmail.com ; team@we-copair.com,showing_email_candidates,not_flagged,contact_pages,,,,,,valid=0; invalid=0; risky=0; unknown=0
11574,>30M,bluchalet.it,yes,,,,0,,,no_public_email_found,not_flagged,contact_pages,,,,,,valid=0; invalid=0; risky=0; unknown=0
11575,>30M,milkmadeicecream.de,yes,,,https://milkmade.typeform.com/to/R25FpT,0,,,no_public_email_found,not_flagged,contact_pages,,,,,,valid=0; invalid=0; risky=0; unknown=0
11576,>30M,windscreenreplacementperthwa.com.au,yes,,,https://embed.typeform.com/ ; https://form.typeform.com/to/nu3Zg1E3,0,,windscreenreplacementperthwa@yahoo.com,showing_email_candidates,not_flagged,contact_pages,,,,,,valid=0; invalid=0; risky=0; unknown=0
11577,>30M,your-wedding-concierge.com,yes,,,,0,,,no_public_email_found,not_flagged,contact_pages,,,,,,valid=0; invalid=0; risky=0; unknown=0
11578,>30M,moonshot11.com,no,,,,0,,,no_public_email_found,not_flagged,contact_pages,,,,,,valid=0; invalid=0; risky=0; unknown=0
11579,>30M,myarchstats.net,no,,,https://embed.typeform.com/,0,,,no_public_email_found,not_flagged,contact_pages,,,,,,valid=0; invalid=0; risky=0; unknown=0
11580,>30M,hallo-island.de,yes,,,,0,,dach-service@awin.com ; dpo-google@google.com ; dpo.inbox@getyourguide.com ; sabrina@hallo-island.de,showing_email_candidates,not_flagged,contact_pages,,,,,,valid=0; invalid=0; risky=0; unknown=0
11581,>30M,nickbennettsgardenlife.com.au,yes,,,https://form.typeform.com/to/XosbN7IK,0,,info@nickbennettsgardenlife.com.au,showing_email_candidates,not_flagged,contact_pages,info@nickbennettsgardenlife.com.au,,,,info@nickbennettsgardenlife.com.au,valid=0; invalid=0; risky=0; unknown=1
11582,>30M,wissamc.com,no,,,http://hesedu.typeform.com/,0,,info@wissamc.com,showing_email_candidates,not_flagged,contact_pages,info@wissamc.com,,,,info@wissamc.com,valid=0; invalid=0; risky=0; unknown=1
11583,>30M,agora.vote,yes,,,https://agorablockchain.typeform.com/to/xoTA9n,0,,hello@agora.vote,showing_email_candidates,not_flagged,contact_pages,hello@agora.vote,hello@agora.vote,,,,valid=1; invalid=0; risky=0; unknown=0
11584,>30M,kawagishi-s.com,no,,,,0,,,no_public_email_found,not_flagged,contact_pages,,,,,,valid=0; invalid=0; risky=0; unknown=0
11585,>30M,taniguchiprint.com,no,,,,0,,,no_public_email_found,not_flagged,contact_pages,,,,,,valid=0; invalid=0; risky=0; unknown=0
11586,>30M,settirecenters.com,yes,,,https://dtcreativeservices.typeform.com/to/YyqJ1JRe,0,,,no_public_email_found,not_flagged,contact_pages,,,,,,valid=0; invalid=0; risky=0; unknown=0
11587,>30M,bvihelp.com,yes,,,https://aerialdevelopmentgroup.typeform.com/to/xI2XNd,0,,,no_public_email_found,not_flagged,contact_pages,,,,,,valid=0; invalid=0; risky=0; unknown=0
11588,>30M,steadyairllc.com,no,,,,0,,,no_public_email_found,not_flagged,contact_pages,,,,,,valid=0; invalid=0; risky=0; unknown=0
11589,>30M,intralogistics-china.com,no,,,,0,,,no_public_email_found,not_flagged,contact_pages,,,,,,valid=0; invalid=0; risky=0; unknown=0
11590,>30M,housebuildermarketing.com,yes,,,,0,,,no_public_email_found,not_flagged,contact_pages,,,,,,valid=0; invalid=0; risky=0; unknown=0
11591,>30M,flyingfreenow.com,yes,,,https://flyingfreenow.typeform.com/to/aSdK85aN ; https://form.typeform.com/to/bYJK7jhE,0,,,no_public_email_found,not_flagged,contact_pages,,,,,,valid=0; invalid=0; risky=0; unknown=0
11592,>30M,test-spscommerce.pantheonsite.io,no,,,,0,,,no_public_email_found,not_flagged,contact_pages,,,,,,valid=0; invalid=0; risky=0; unknown=0
11593,>30M,seeingredfishingcharters.com,no,,,,0,,,no_public_email_found,not_flagged,contact_pages,,,,,,valid=0; invalid=0; risky=0; unknown=0
11594,>30M,bacawines.com,no,,,,0,,partners@hallwines.com,showing_email_candidates,not_flagged,contact_pages,,,,,,valid=0; invalid=0; risky=0; unknown=0
11595,>30M,formtester365.com,no,,,,0,,help@formtester365.com,showing_email_candidates,not_flagged,contact_pages,help@formtester365.com,help@formtester365.com,,,,valid=1; invalid=0; risky=0; unknown=0
11596,>30M,brightadvisers.com,yes,,,,0,,,no_public_email_found,not_flagged,contact_pages,,,,,,valid=0; invalid=0; risky=0; unknown=0
11597,>30M,avatarattraction.com,yes,,,,0,,,no_public_email_found,not_flagged,contact_pages,,,,,,valid=0; invalid=0; risky=0; unknown=0
11598,>30M,vipfrancewalkingtours.com,yes,,,,0,,u003einfo@company.com ; vipfrancewalkingtours@gmail.com,showing_email_candidates,not_flagged,contact_pages,,,,,,valid=0; invalid=0; risky=0; unknown=0
11599,>30M,forwardchurchonline.com,no,,,,0,,,no_public_email_found,not_flagged,contact_pages,,,,,,valid=0; invalid=0; risky=0; unknown=0
11600,>30M,licocosmetics.com,yes,,,https://quiz.typeform.com/to/Wi2dukcu,0,,atencion.cliente@licocosmetics.com ; contacto@licocosmetics.com,showing_email_candidates,not_flagged,contact_pages,,,,,,valid=0; invalid=0; risky=0; unknown=0
11601,>30M,irsfreshstart.info,no,,,,0,,contact@irsfreshstart.info,showing_email_candidates,not_flagged,contact_pages,contact@irsfreshstart.info,contact@irsfreshstart.info,,,,valid=1; invalid=0; risky=0; unknown=0
11602,>30M,thepenzoteam.com,yes,,,https://form.typeform.com/to/HrDIrgVz ; https://form.typeform.com/to/HUcZHecA ; https://form.typeform.com/to/S5PlGVnt,0,,debbie@thepenzoteam.com ; graeme@thepenzoteam.com ; hello@thepenzoteam.com ; natasha@thepenzoteam.com ; rebekah@thepenzoteam.com,showing_email_candidates,not_flagged,contact_pages,hello@thepenzoteam.com,hello@thepenzoteam.com,,,,valid=1; invalid=0; risky=0; unknown=0
11603,>30M,masteringinsurance.com,yes,,,,0,,,no_public_email_found,not_flagged,contact_pages,,,,,,valid=0; invalid=0; risky=0; unknown=0
11604,>30M,ownerconsole.com,yes,,,https://getkeys.typeform.com/to/zUQHDMHO,0,,support@ownerconsole.com,showing_email_candidates,not_flagged,contact_pages,support@ownerconsole.com,,,,support@ownerconsole.com,valid=0; invalid=0; risky=0; unknown=1
11605,>30M,newcombin.com,no,,,,0,,hello@newcombin.com,showing_email_candidates,not_flagged,contact_pages,hello@newcombin.com,hello@newcombin.com,,,,valid=1; invalid=0; risky=0; unknown=0
11606,>30M,streamlinedmd.com,yes,,,https://embed.typeform.com/ ; https://streamlinedmd.typeform.com/to/qzaquq,0,,,no_public_email_found,not_flagged,contact_pages,,,,,,valid=0; invalid=0; risky=0; unknown=0
11607,>30M,evenement-lecolporteur.info,yes,,,,0,,,no_public_email_found,not_flagged,contact_pages,,,,,,valid=0; invalid=0; risky=0; unknown=0
11608,>30M,kashiwayama-k.com,no,,,,0,,,no_public_email_found,not_flagged,contact_pages,,,,,,valid=0; invalid=0; risky=0; unknown=0
11609,>30M,50-ml.com,no,,,,0,,info@50-ml.com,showing_email_candidates,not_flagged,contact_pages,info@50-ml.com,info@50-ml.com,,,,valid=1; invalid=0; risky=0; unknown=0
11610,>30M,exploreyogallc.com,yes,,,,0,,13e49d785d8d4f828038b6136f3b48ba@sentry.io ; exploreyoga7@gmail.com,showing_email_candidates,not_flagged,contact_pages,,,,,,valid=0; invalid=0; risky=0; unknown=0
11611,>30M,advisionsmc.com,no,,,https://embed.typeform.com/,0,,,no_public_email_found,not_flagged,contact_pages,,,,,,valid=0; invalid=0; risky=0; unknown=0
11612,>30M,rbcborealis.com,no,,,,0,,focus-visible@5.2.0 ; three@0.130.1,showing_email_candidates,not_flagged,contact_pages,,,,,,valid=0; invalid=0; risky=0; unknown=0
11613,>30M,julianamei.com,yes,,,,0,,,no_public_email_found,not_flagged,contact_pages,,,,,,valid=0; invalid=0; risky=0; unknown=0
11614,>30M,thecure.church,no,,,,0,,,no_public_email_found,not_flagged,contact_pages,,,,,,valid=0; invalid=0; risky=0; unknown=0
11615,>30M,abbassajad.com,yes,,,https://form.typeform.com/to/vjFMPg6p ; https://form.typeform.com/to/yeXHtQrA,0,,,no_public_email_found,not_flagged,contact_pages,,,,,,valid=0; invalid=0; risky=0; unknown=0
11616,>30M,factorycreativa.it,no,,,,0,,info@factorycreativa.it,showing_email_candidates,not_flagged,contact_pages,info@factorycreativa.it,,,,info@factorycreativa.it,valid=0; invalid=0; risky=0; unknown=1
11617,>30M,ahsport.es,yes,,,https://bejao.typeform.com/to/DSW5Sx89 ; https://bejao.typeform.com/to/ZwWT32eA,0,,bootstrap@5.3.3 ; info@ahsport.es,showing_email_candidates,not_flagged,contact_pages,info@ahsport.es,info@ahsport.es,,,,valid=1; invalid=0; risky=0; unknown=0
11618,>30M,elleboroeditore.com,yes,,,https://xcitytours.typeform.com/to/bSWrpRHE,0,,elleboroeditore@gmail.com,showing_email_candidates,not_flagged,contact_pages,,,,,,valid=0; invalid=0; risky=0; unknown=0
11619,>30M,harrylouislopez.com,yes,,,https://form.typeform.com/to/pbHy1kdT,0,,harry@harrylouislopez.com,showing_email_candidates,not_flagged,contact_pages,,,,,,valid=0; invalid=0; risky=0; unknown=0
11620,>30M,gotosignal.com,no,,,,0,,prodsamples@gotosignal.com ; support@gotosignal.com ; testsamples@gotosignal.com,showing_email_candidates,not_flagged,contact_pages,support@gotosignal.com,,,,support@gotosignal.com,valid=0; invalid=0; risky=0; unknown=1
11621,>30M,greyritual.com,yes,,,https://admin.typeform.com/ ; https://nikiyachristie.typeform.com/to/n3uSTb ; https://nikiyachristie393727.typeform.com/to/YWtHED,0,,hello@greyritual.com ; hello@greyritual.comwe,showing_email_candidates,not_flagged,contact_pages,hello@greyritual.com,hello@greyritual.com,,,,valid=1; invalid=0; risky=0; unknown=0
11622,>30M,markeodigital.com,yes,,,,0,,thomas@markeodigital.com ; you@company.com,showing_email_candidates,not_flagged,contact_pages,,,,,,valid=0; invalid=0; risky=0; unknown=0
11623,>30M,travelhappyagency.com,yes,,,https://embed.typeform.com/ ; https://form1121.typeform.com/ ; https://form1121.typeform.com/to/N1MkLO ; https://form1121.typeform.com/to/p0iy9U ; https://form1121.typeform.com/to/q2P5jK ; https://form1121.typeform.com/to/TgUK4d ; https://form1121.typeform.com/to/WHFG3u ; https://form1121.typeform.com/to/x7r3Ec,0,,debbie@travelhappyagency.com,showing_email_candidates,not_flagged,contact_pages,,,,,,valid=0; invalid=0; risky=0; unknown=0
11624,>30M,halifaxmoneyman.com,no,,,,0,,,no_public_email_found,not_flagged,contact_pages,,,,,,valid=0; invalid=0; risky=0; unknown=0
11625,>30M,manhattansauna.com,no,,,,0,,,no_public_email_found,not_flagged,contact_pages,,,,,,valid=0; invalid=0; risky=0; unknown=0
11626,>30M,provely.io,no,,,,0,,,no_public_email_found,not_flagged,contact_pages,,,,,,valid=0; invalid=0; risky=0; unknown=0
11627,>30M,stratego.work,yes,,,https://cpnaud91xk0.typeform.com/to/b9AmKYth,0,,info@stratego.work,showing_email_candidates,not_flagged,contact_pages,info@stratego.work,,,,info@stratego.work,valid=0; invalid=0; risky=0; unknown=1
11628,>30M,winmedia.com.co,no,,,,0,,,no_public_email_found,not_flagged,contact_pages,,,,,,valid=0; invalid=0; risky=0; unknown=0
11629,>30M,echelon.careers,no,,,,0,,,no_public_email_found,not_flagged,contact_pages,,,,,,valid=0; invalid=0; risky=0; unknown=0
11630,>30M,abufitness.com,no,,,https://embed.typeform.com/,0,,,no_public_email_found,not_flagged,contact_pages,,,,,,valid=0; invalid=0; risky=0; unknown=0
11631,>30M,thecalilehotel.com,no,,,,0,,home-library-499x669@2x-912x1200.jpg ; reservations@thecalilehotel.com,showing_email_candidates,not_flagged,contact_pages,reservations@thecalilehotel.com,,,,reservations@thecalilehotel.com,valid=0; invalid=0; risky=0; unknown=1
11632,>30M,dementiacompanionshipcare.com,yes,,,,0,,,no_public_email_found,not_flagged,contact_pages,,,,,,valid=0; invalid=0; risky=0; unknown=0
11633,>30M,hanarikoumuten.com,no,,,,0,,,no_public_email_found,not_flagged,contact_pages,,,,,,valid=0; invalid=0; risky=0; unknown=0
11634,>30M,lloydstrees.com,no,,,,0,,,no_public_email_found,not_flagged,contact_pages,,,,,,valid=0; invalid=0; risky=0; unknown=0
11635,>30M,halostrategie.com,yes,,,,0,,,no_public_email_found,not_flagged,contact_pages,,,,,,valid=0; invalid=0; risky=0; unknown=0
11636,>30M,fmotcenter.com,no,,,https://embed.typeform.com/,0,,,no_public_email_found,not_flagged,contact_pages,,,,,,valid=0; invalid=0; risky=0; unknown=0
11637,>30M,ctalent.org,yes,,,,0,,,no_public_email_found,not_flagged,contact_pages,,,,,,valid=0; invalid=0; risky=0; unknown=0
11638,>30M,projectcancerland.org,yes,,,,0,,,no_public_email_found,not_flagged,contact_pages,,,,,,valid=0; invalid=0; risky=0; unknown=0
11639,>30M,toeig.biz,no,,,,0,,,no_public_email_found,not_flagged,contact_pages,,,,,,valid=0; invalid=0; risky=0; unknown=0
11640,>30M,realtalkfc.com,no,,,,0,,,no_public_email_found,not_flagged,contact_pages,,,,,,valid=0; invalid=0; risky=0; unknown=0
11641,>30M,bartoneng.co.uk,yes,,,https://wforms.typeform.com/to/G8ipNV ; https://wforms.typeform.com/to/miYM9I ; https://wforms.typeform.com/to/MLXuQ6,0,,,no_public_email_found,not_flagged,contact_pages,,,,,,valid=0; invalid=0; risky=0; unknown=0
11642,>30M,jmc.enterprises,yes,,,https://form.typeform.com/to/JP7A6B4B,0,,hr@jmcenterprises.co,showing_email_candidates,not_flagged,contact_pages,,,,,,valid=0; invalid=0; risky=0; unknown=0
11643,>30M,elmejorcomprador.com,yes,,,https://embed.typeform.com/ ; https://form.typeform.com/to/K9W5DX8H,0,,,no_public_email_found,not_flagged,contact_pages,,,,,,valid=0; invalid=0; risky=0; unknown=0
11644,>30M,thecookiedealer.com,yes,,,,0,,hello@thecookiedealer.com,showing_email_candidates,not_flagged,contact_pages,hello@thecookiedealer.com,hello@thecookiedealer.com,,,,valid=1; invalid=0; risky=0; unknown=0
11645,>30M,insurgent-consulting.com,yes,,,https://chrishoffer.typeform.com/to/QsliZT ; https://embed.typeform.com/,0,,,no_public_email_found,not_flagged,contact_pages,,,,,,valid=0; invalid=0; risky=0; unknown=0
11646,>30M,sarahnpineda.com,yes,,,https://artskqed.typeform.com/to/OL85LwKC,0,,,no_public_email_found,not_flagged,contact_pages,,,,,,valid=0; invalid=0; risky=0; unknown=0
11647,>30M,trumptracker.github.io,yes,,,https://viren8.typeform.com/to/CA1RiV,0,,,no_public_email_found,not_flagged,contact_pages,,,,,,valid=0; invalid=0; risky=0; unknown=0
11648,>30M,taisei-inc.com,no,,,,0,,,no_public_email_found,not_flagged,contact_pages,,,,,,valid=0; invalid=0; risky=0; unknown=0
11649,>30M,httr-tokyo.com,no,,,,0,,,no_public_email_found,not_flagged,contact_pages,,,,,,valid=0; invalid=0; risky=0; unknown=0
11650,>30M,enosis-energies.com,no,,,,0,,,no_public_email_found,not_flagged,contact_pages,,,,,,valid=0; invalid=0; risky=0; unknown=0
11651,>30M,tanglin-gin.com,no,,,,0,,info@tanglin-gin.com,showing_email_candidates,not_flagged,contact_pages,info@tanglin-gin.com,,,,info@tanglin-gin.com,valid=0; invalid=0; risky=0; unknown=1
11652,>30M,catherinecassidy.co,no,,,https://embed.typeform.com/,0,,cc@catherinecassidy.co,showing_email_candidates,not_flagged,contact_pages,,,,,,valid=0; invalid=0; risky=0; unknown=0
11653,>30M,cym.ac.uk,no,,,,0,,hello@cym.ac.uk,showing_email_candidates,not_flagged,contact_pages,hello@cym.ac.uk,hello@cym.ac.uk,,,,valid=1; invalid=0; risky=0; unknown=0
11654,>30M,romanskydesigns.com,yes,,,,0,,,no_public_email_found,not_flagged,contact_pages,,,,,,valid=0; invalid=0; risky=0; unknown=0
11655,>30M,brokertechventures.com,yes,,,https://tyd7deei9pg.typeform.com/to/kSBc86Ag,0,,hello@brokertechventures.com,showing_email_candidates,not_flagged,contact_pages,hello@brokertechventures.com,hello@brokertechventures.com,,,,valid=1; invalid=0; risky=0; unknown=0
11656,>30M,lienminhtruck.com,no,,,,0,,inquiry@lienminhtruck.com,showing_email_candidates,not_flagged,contact_pages,inquiry@lienminhtruck.com,,,,inquiry@lienminhtruck.com,valid=0; invalid=0; risky=0; unknown=1
11657,>30M,aiblackbelt.com,yes,,,,0,,info@aiblackbelt.com ; u003einfo@aiblackbelt.com,showing_email_candidates,not_flagged,contact_pages,info@aiblackbelt.com,info@aiblackbelt.com,,,,valid=1; invalid=0; risky=0; unknown=0
11658,>30M,agenciacrear.com,yes,,,https://form.typeform.com/to/RkMQujcd,0,,,no_public_email_found,not_flagged,contact_pages,,,,,,valid=0; invalid=0; risky=0; unknown=0
11659,>30M,molinsdesign.com,no,,,,0,,info@molinsdesign.com,showing_email_candidates,not_flagged,contact_pages,info@molinsdesign.com,,,,info@molinsdesign.com,valid=0; invalid=0; risky=0; unknown=1
11660,>30M,convochurch.com,no,,,,0,,info@convochurch.com,showing_email_candidates,not_flagged,contact_pages,info@convochurch.com,,,,info@convochurch.com,valid=0; invalid=0; risky=0; unknown=1
11661,>30M,happycloudfactory.com,yes,,,,0,,,no_public_email_found,not_flagged,contact_pages,,,,,,valid=0; invalid=0; risky=0; unknown=0
11662,>30M,dima.wiki,no,,,,0,,,no_public_email_found,not_flagged,contact_pages,,,,,,valid=0; invalid=0; risky=0; unknown=0
11663,>30M,pointasolutions.com,no,,,,0,,hello@pointasolutions.com,showing_email_candidates,not_flagged,contact_pages,hello@pointasolutions.com,hello@pointasolutions.com,,,,valid=1; invalid=0; risky=0; unknown=0
11664,>30M,missourigslf.com,yes,,,https://student-leadership.typeform.com/to/rZKetigG,0,,jaclyn@mogslf.org,showing_email_candidates,not_flagged,contact_pages,,,,,,valid=0; invalid=0; risky=0; unknown=0
11665,>30M,muamedia.com,no,,,,0,,info@muamedia.com,showing_email_candidates,not_flagged,contact_pages,info@muamedia.com,,,,info@muamedia.com,valid=0; invalid=0; risky=0; unknown=1
11666,>30M,clairiereetcanopee.com,yes,,,https://6msjwhwnn4i.typeform.com/to/bRYtsqYC ; https://6msjwhwnn4i.typeform.com/to/kE6LFOqN ; https://6msjwhwnn4i.typeform.com/to/WpjetTEp,0,,,no_public_email_found,not_flagged,contact_pages,,,,,,valid=0; invalid=0; risky=0; unknown=0
11667,>30M,creativecollectivema.com,yes,,,https://creativecollective.typeform.com/to/A0CNOH02,0,,alyssa@creativecollectivema.com ; elena.rodgers@creativecollectivema.com ; info@creativecollectivema.com ; john@creativecollectivema.com,showing_email_candidates,not_flagged,contact_pages,info@creativecollectivema.com,,,,info@creativecollectivema.com,valid=0; invalid=0; risky=0; unknown=1
11668,>30M,quirkbyoga.com,no,,,https://embed.typeform.com/,0,,quirkbyoga@gmail.com,showing_email_candidates,not_flagged,contact_pages,,,,,,valid=0; invalid=0; risky=0; unknown=0
11669,>30M,paulinemcguire.com,no,,,,0,,flags@2x.png,showing_email_candidates,not_flagged,contact_pages,,,,,,valid=0; invalid=0; risky=0; unknown=0
11670,>30M,lauraeholloway.com,yes,,,https://lauraholloway.typeform.com/to/napXFa ; https://lauraholloway.typeform.com/to/vN27cJ,0,,,no_public_email_found,not_flagged,contact_pages,,,,,,valid=0; invalid=0; risky=0; unknown=0
11671,>30M,fullcirclefinancialofcolorado.com,no,,,,0,,,no_public_email_found,not_flagged,contact_pages,,,,,,valid=0; invalid=0; risky=0; unknown=0
11672,>30M,afrifindinvest.com,yes,,,https://f3q76o008kl.typeform.com/to/e5dvkSQ1,0,,,no_public_email_found,not_flagged,contact_pages,,,,,,valid=0; invalid=0; risky=0; unknown=0
11673,>30M,toolroomacademy.com,yes,,,https://8msvm8hayy6.typeform.com/to/XqsMKWWd,0,,info@toolroomacademy.com,showing_email_candidates,not_flagged,contact_pages,info@toolroomacademy.com,,,,info@toolroomacademy.com,valid=0; invalid=0; risky=0; unknown=1
11674,>30M,urlenuk.nl,yes,,,,0,,,no_public_email_found,not_flagged,contact_pages,,,,,,valid=0; invalid=0; risky=0; unknown=0
11675,>30M,kuhdo.de,no,,,https://kuhdo.typeform.com/,0,,info@kuhdo.de ; info@kuhdo.depostanschrift,showing_email_candidates,not_flagged,contact_pages,info@kuhdo.de,,,,info@kuhdo.de,valid=0; invalid=0; risky=0; unknown=1
11676,>30M,kilonovaventures.com,yes,,,,0,,you@company.com,showing_email_candidates,not_flagged,contact_pages,,,,,,valid=0; invalid=0; risky=0; unknown=0
11677,>30M,landartusa.com,yes,,,https://cld147.typeform.com/to/WssUPY,0,,,no_public_email_found,not_flagged,contact_pages,,,,,,valid=0; invalid=0; risky=0; unknown=0
11678,>30M,restaround.cloud,yes,,,https://digitaldept.typeform.com/to/sNOJ7z,0,,,no_public_email_found,not_flagged,contact_pages,,,,,,valid=0; invalid=0; risky=0; unknown=0
11679,>30M,lngc.site,yes,,,https://fg2odn5krb2.typeform.com/to/v10UvVxD,0,,acews40-projects@lngc.site ; flag-icons@7.3.2 ; loyalnation@lngc.site,showing_email_candidates,not_flagged,contact_pages,,,,,,valid=0; invalid=0; risky=0; unknown=0
11680,>30M,fabric.ink,yes,,,https://fabric-ink.pro.typeform.com/to/x4O7JyiU ; https://fabric-ink.typeform.com/to/x4O7JyiU,0,,derrick@relishbrand-1.png ; hello@example.com ; hello@fabric.ink ; sales@platformindustries-2.png,showing_email_candidates,not_flagged,contact_pages,hello@fabric.ink,hello@fabric.ink,,,,valid=1; invalid=0; risky=0; unknown=0
11681,>30M,kusige.com,yes,,,,0,,,no_public_email_found,not_flagged,contact_pages,,,,,,valid=0; invalid=0; risky=0; unknown=0
11682,>30M,painfullyoptimistic.com,yes,,,https://k3d64jjsizz.typeform.com/to/gssHNuBk,0,,adam@painfullyoptimistic.com,showing_email_candidates,not_flagged,contact_pages,,,,,,valid=0; invalid=0; risky=0; unknown=0
11683,>30M,portu-gal.com,no,,,,0,,asset-27@2x-243x300.png ; asset-27@2x.png ; asset-6@2x-1.png,showing_email_candidates,not_flagged,contact_pages,,,,,,valid=0; invalid=0; risky=0; unknown=0
11684,>30M,arenda-projects.be,no,,,,0,,info@arenda-projects.be,showing_email_candidates,not_flagged,contact_pages,info@arenda-projects.be,,,,info@arenda-projects.be,valid=0; invalid=0; risky=0; unknown=1
11685,>30M,swingtagsco.com.au,yes,,,,0,,bootstrap-icons@1.11.3 ; bootstrap@5.3.2,showing_email_candidates,not_flagged,contact_pages,,,,,,valid=0; invalid=0; risky=0; unknown=0
11686,>30M,canagro.ca,yes,,,,0,,,no_public_email_found,not_flagged,contact_pages,,,,,,valid=0; invalid=0; risky=0; unknown=0
11687,>30M,cosasdelcampo.com,yes,,,,0,,,no_public_email_found,not_flagged,contact_pages,,,,,,valid=0; invalid=0; risky=0; unknown=0
11688,>30M,techsupport60.com,no,,,,0,,yourfriend@techsupport60.com,showing_email_candidates,not_flagged,contact_pages,,,,,,valid=0; invalid=0; risky=0; unknown=0
11689,>30M,robcolaiacovo.com,no,,,,0,,,no_public_email_found,not_flagged,contact_pages,,,,,,valid=0; invalid=0; risky=0; unknown=0
11690,>30M,bunyorokitara.org,no,,,,0,,,no_public_email_found,not_flagged,contact_pages,,,,,,valid=0; invalid=0; risky=0; unknown=0
11691,>30M,domocs.com,yes,,,,0,,,no_public_email_found,not_flagged,contact_pages,,,,,,valid=0; invalid=0; risky=0; unknown=0
11692,>30M,sunamers.com,yes,,,https://marianamelo4.typeform.com/to/wrmwQF1R,0,,info@sunamers.com,showing_email_candidates,not_flagged,contact_pages,info@sunamers.com,,,,info@sunamers.com,valid=0; invalid=0; risky=0; unknown=1
11693,>30M,s-btc.org,no,,,https://embed.typeform.com/,0,,contact@ebtctoken.org ; info@s-btc.org,showing_email_candidates,not_flagged,contact_pages,info@s-btc.org,,,,info@s-btc.org,valid=0; invalid=0; risky=0; unknown=1
11694,>30M,bridgetech.tech,yes,,,,0,,,no_public_email_found,not_flagged,contact_pages,,,,,,valid=0; invalid=0; risky=0; unknown=0
11695,>30M,dianagonimah.com,no,,,,0,,,no_public_email_found,not_flagged,contact_pages,,,,,,valid=0; invalid=0; risky=0; unknown=0
11696,>30M,my-queyras.com,no,,,,0,,,no_public_email_found,not_flagged,contact_pages,,,,,,valid=0; invalid=0; risky=0; unknown=0
11697,>30M,shsolarelectric.com,yes,,,https://admin.typeform.com/ ; https://embed.typeform.com/ ; https://novl.typeform.com/to/cVe5rq,0,,admin@shsolarelectric.com ; hillary@shsolarelectric.com ; info@shsolarelectric.com ; jeremy@shsolarelectric.com ; lance@shsolarelectric.com ; landon@shsolarelectric.com ; shawn@shsolarelectric.com ; zane@shsolarelectric.com,showing_email_candidates,not_flagged,contact_pages,admin@shsolarelectric.com ; info@shsolarelectric.com,admin@shsolarelectric.com,,,info@shsolarelectric.com,valid=1; invalid=0; risky=0; unknown=1
11698,>30M,kindycloud.com,no,,,,0,,,no_public_email_found,not_flagged,contact_pages,,,,,,valid=0; invalid=0; risky=0; unknown=0
11699,>30M,francetaxlaw.com,no,,,,0,,bootstrap@5.2.3,showing_email_candidates,not_flagged,contact_pages,,,,,,valid=0; invalid=0; risky=0; unknown=0
11700,>30M,cc-carrefour-parquesol.com,no,,,,0,,derechosprotecciondedatos@carrefour.com ; es_comunicacion@carmila.com,showing_email_candidates,not_flagged,contact_pages,,,,,,valid=0; invalid=0; risky=0; unknown=0
11701,>30M,thehearthealthstore.com,yes,,,,0,,,no_public_email_found,not_flagged,contact_pages,,,,,,valid=0; invalid=0; risky=0; unknown=0
11702,>30M,markandcha.com,yes,,,https://form.typeform.com/to/xKyQDGAI,0,,,no_public_email_found,not_flagged,contact_pages,,,,,,valid=0; invalid=0; risky=0; unknown=0
11703,>30M,ryjollc.com,no,,,,0,,info@ryjollc.com,showing_email_candidates,not_flagged,contact_pages,info@ryjollc.com,,,,info@ryjollc.com,valid=0; invalid=0; risky=0; unknown=1
11704,>30M,nuevosheroes.cl,no,,,,0,,,no_public_email_found,not_flagged,contact_pages,,,,,,valid=0; invalid=0; risky=0; unknown=0
11705,>30M,calagonventures.com,yes,,,https://embed.typeform.com/ ; https://marktween.typeform.com/to/rl5l5b,0,,,no_public_email_found,not_flagged,contact_pages,,,,,,valid=0; invalid=0; risky=0; unknown=0
11706,>30M,vancouverstartupguide.com,no,,,,0,,,no_public_email_found,not_flagged,contact_pages,,,,,,valid=0; invalid=0; risky=0; unknown=0
11707,>30M,alexzaj.com,yes,,,https://z8ymv54dxzf.typeform.com/to/dupDqhaJ,0,,hello@alexzaj.com,showing_email_candidates,not_flagged,contact_pages,hello@alexzaj.com,hello@alexzaj.com,,,,valid=1; invalid=0; risky=0; unknown=0
11708,>30M,wilandthepeople.com,yes,,,https://form.typeform.com/to/DPisvRk9 ; https://form.typeform.com/to/X8U2O1wF,0,,love@wilandthepeople.com,showing_email_candidates,not_flagged,contact_pages,,,,,,valid=0; invalid=0; risky=0; unknown=0
11709,>30M,hopechurchmtairy.com,no,,,,0,,office@hopechurchmtairy.com ; office@hopechurchmtairy.net,showing_email_candidates,not_flagged,contact_pages,office@hopechurchmtairy.com,,,,office@hopechurchmtairy.com,valid=0; invalid=0; risky=0; unknown=1
11710,>30M,voconet.io,no,,,,0,,,no_public_email_found,not_flagged,contact_pages,,,,,,valid=0; invalid=0; risky=0; unknown=0
11711,>30M,sludge.online,yes,,,,0,,,no_public_email_found,not_flagged,contact_pages,,,,,,valid=0; invalid=0; risky=0; unknown=0
11712,>30M,ecomshack.com,no,,,https://zoronto.typeform.com/,0,,bootstrap@4.5.3,showing_email_candidates,not_flagged,contact_pages,,,,,,valid=0; invalid=0; risky=0; unknown=0
11713,>30M,bubblesandbridges.com,yes,,,,0,,,no_public_email_found,not_flagged,contact_pages,,,,,,valid=0; invalid=0; risky=0; unknown=0
11714,>30M,entreprendredanslamode.com,yes,,,https://reuni.typeform.com/to/R1518z,0,,,no_public_email_found,not_flagged,contact_pages,,,,,,valid=0; invalid=0; risky=0; unknown=0
11715,>30M,opergator.com,no,,,,0,,hello@opergator.com ; you@company.com,showing_email_candidates,not_flagged,contact_pages,hello@opergator.com,hello@opergator.com,,,,valid=1; invalid=0; risky=0; unknown=0
11716,>30M,iconprivatecollection.com,yes,,,https://iconprivate.typeform.com/to/iREcci4r ; https://iconprivate.typeform.com/to/v2FoDO,0,,info@iconprivatecollection.com,showing_email_candidates,not_flagged,contact_pages,info@iconprivatecollection.com,,,,info@iconprivatecollection.com,valid=0; invalid=0; risky=0; unknown=1
11717,>30M,tritonx.cloud,no,,,,0,,info@tritonx.cloud ; support@tritonx.cloud,showing_email_candidates,not_flagged,contact_pages,info@tritonx.cloud ; support@tritonx.cloud,,,,info@tritonx.cloud ; support@tritonx.cloud,valid=0; invalid=0; risky=0; unknown=2
11718,>30M,hypespacemedia.com,yes,,,https://wb7bgfvaxol.typeform.com/to/EGnKlCAq,0,,info@hypespacemedia.com ; sales@yoursite.com,showing_email_candidates,not_flagged,contact_pages,info@hypespacemedia.com,,,,info@hypespacemedia.com,valid=0; invalid=0; risky=0; unknown=1
11719,>30M,thevoiceofsanta.com,no,,,,0,,info@thevoiceofsanta.com,showing_email_candidates,not_flagged,contact_pages,info@thevoiceofsanta.com,,,,info@thevoiceofsanta.com,valid=0; invalid=0; risky=0; unknown=1
11720,>30M,sizerpro.com,no,,,,0,,,no_public_email_found,not_flagged,contact_pages,,,,,,valid=0; invalid=0; risky=0; unknown=0
11721,>30M,drlarasalyer.com,yes,,,https://3nb09zv7070.typeform.com/,0,,,no_public_email_found,not_flagged,contact_pages,,,,,,valid=0; invalid=0; risky=0; unknown=0
11722,>30M,jericolumanlan.com,no,,,,0,,,no_public_email_found,not_flagged,contact_pages,,,,,,valid=0; invalid=0; risky=0; unknown=0
11723,>30M,irisbeerepoot.com,no,,,,0,,,no_public_email_found,not_flagged,contact_pages,,,,,,valid=0; invalid=0; risky=0; unknown=0
11724,>30M,myfloridacharter.com,no,,,,0,,carina@dmayachting.com ; chris@dmayachting.com ; cj@dmayachting.com ; daniel@dmayachting.com ; didier@dmayachting.com ; info@myfloridacharter.com ; jessica@dmayachting.com ; joanna@dmayachting.com ; john@dmayachting.com ; klara@dmayachting.com ; leo@dmayachting.com ; lian@dmayachting.com ; louis@dmayachting.com ; marcelle@dmayachting.com ; martina@dmayachting.com ; melissa@dmayachting.com ; miles@dmayachting.com ; mo@dmayachting.com ; nadja@dmayachting.com ; susannah@dmayachting.com ; thomas@dmayachting.com ; vernita@dmayachting.com ; william@dmayachting.com ; yanna.pristas@dmayachting.com,showing_email_candidates,not_flagged,contact_pages,info@myfloridacharter.com,,,,info@myfloridacharter.com,valid=0; invalid=0; risky=0; unknown=1
11725,>30M,agro-league.com,yes,,,https://agroleague.typeform.com/to/rEN2QmTE,0,,splide@4.1.4,showing_email_candidates,not_flagged,contact_pages,,,,,,valid=0; invalid=0; risky=0; unknown=0
11726,>30M,wethepeoplemarketing.com,yes,,,,0,,flags@2x.png ; info@wethepeoplemarketing.com,showing_email_candidates,not_flagged,contact_pages,info@wethepeoplemarketing.com,,,,info@wethepeoplemarketing.com,valid=0; invalid=0; risky=0; unknown=1
11727,>30M,crowdfunding-starterkit.com,yes,,,https://crowdstrudel.typeform.com/to/z7ugAh ; https://embed.typeform.com/,0,,hello@crowdstrudel.com ; peace@2x.png,showing_email_candidates,not_flagged,contact_pages,,,,,,valid=0; invalid=0; risky=0; unknown=0
11728,>30M,windsongplace.com,no,,,,0,,,no_public_email_found,not_flagged,contact_pages,,,,,,valid=0; invalid=0; risky=0; unknown=0
11729,>30M,cellarmixology.com,no,,,,0,,simple-parallax-js@5.2.0,showing_email_candidates,not_flagged,contact_pages,,,,,,valid=0; invalid=0; risky=0; unknown=0
11730,>30M,bidjs.com,no,,,,0,,hello@bidjs.com,showing_email_candidates,not_flagged,contact_pages,hello@bidjs.com,,hello@bidjs.com,,,valid=0; invalid=1; risky=0; unknown=0
11731,>30M,hypemidia.com,yes,,,https://1wrp1zf7pqc.typeform.com/to/W0Dh9MRU,0,,,no_public_email_found,not_flagged,contact_pages,,,,,,valid=0; invalid=0; risky=0; unknown=0
11732,>30M,steuerberatung-sf.de,yes,,,https://1iz7gafzap9.typeform.com/to/lkSlLJDA ; https://1iz7gafzap9.typeform.com/to/Qso1shjN,0,,info@sbk-rlp.de ; info@steuerberatung-sf.de,showing_email_candidates,not_flagged,contact_pages,info@steuerberatung-sf.de,,,,info@steuerberatung-sf.de,valid=0; invalid=0; risky=0; unknown=1
11733,>30M,opvetnow.org,no,,,,0,,,no_public_email_found,not_flagged,contact_pages,,,,,,valid=0; invalid=0; risky=0; unknown=0
11734,>30M,quelchasseur.com,yes,,,https://28omxch7dhj.typeform.com/to/jRM7QQXt ; https://28omxch7dhj.typeform.com/to/rQHVdmwJ ; https://embed.typeform.com/ ; https://quel-concierge.typeform.com/to/VeuyGi,0,,contact@quelchasseur.com,showing_email_candidates,not_flagged,contact_pages,contact@quelchasseur.com,,contact@quelchasseur.com,,,valid=0; invalid=1; risky=0; unknown=0
11735,>30M,programadeprevencion.com,yes,,,https://9kxsjveuebz.typeform.com/to/EDtlnghR ; https://9kxsjveuebz.typeform.com/to/ICgvwiBh ; https://9kxsjveuebz.typeform.com/to/R8feIfLu ; https://9kxsjveuebz.typeform.com/to/zbS6LWx7,0,,,no_public_email_found,not_flagged,contact_pages,,,,,,valid=0; invalid=0; risky=0; unknown=0
11736,>30M,fomohouse.com,no,,,,0,,memberships@fomohouse.com,showing_email_candidates,not_flagged,contact_pages,,,,,,valid=0; invalid=0; risky=0; unknown=0
11737,>30M,draytondentist.com,yes,,,https://embed.typeform.com/,0,,contact@draytondentist.com ; name@example.com,showing_email_candidates,not_flagged,contact_pages,contact@draytondentist.com,contact@draytondentist.com,,,,valid=1; invalid=0; risky=0; unknown=0
11738,>30M,plancque-avocat.com,yes,,,https://strideup471835.typeform.com/to/ODrNqbSp,0,,,no_public_email_found,not_flagged,contact_pages,,,,,,valid=0; invalid=0; risky=0; unknown=0
11739,>30M,youliasproject.fr,yes,,,,0,,,no_public_email_found,not_flagged,contact_pages,,,,,,valid=0; invalid=0; risky=0; unknown=0
11740,>30M,ks.coach,no,,,,0,,,no_public_email_found,not_flagged,contact_pages,,,,,,valid=0; invalid=0; risky=0; unknown=0
11741,>30M,abogadoslimon.com,no,,,,0,,,no_public_email_found,not_flagged,contact_pages,,,,,,valid=0; invalid=0; risky=0; unknown=0
11742,>30M,doggoramps.com,no,,,https://embed.typeform.com/,0,,doggoramps@gmail.com ; hello@doggoramps.com,showing_email_candidates,not_flagged,contact_pages,hello@doggoramps.com,hello@doggoramps.com,,,,valid=1; invalid=0; risky=0; unknown=0
11743,>30M,ulrikealicebecker.com,yes,,,https://ulrikebecker.typeform.com/to/BRKAXD,0,,kontakt@beckeralignedconsulting.com ; kontakt@ulrikealicebecker.com,showing_email_candidates,not_flagged,contact_pages,,,,,,valid=0; invalid=0; risky=0; unknown=0
11744,>30M,iamwoken.com,yes,,,https://embed.typeform.com/ ; https://form.typeform.com/to/hy8OlQiK,0,,team@iamwoken.com,showing_email_candidates,not_flagged,contact_pages,team@iamwoken.com,,,,team@iamwoken.com,valid=0; invalid=0; risky=0; unknown=1
11745,>30M,xythbsb.com,yes,,,,0,,,no_public_email_found,not_flagged,contact_pages,,,,,,valid=0; invalid=0; risky=0; unknown=0
11746,>30M,sdecoreno.com,no,,,,0,,,no_public_email_found,not_flagged,contact_pages,,,,,,valid=0; invalid=0; risky=0; unknown=0
11747,>30M,sitioss.com,no,,,,0,,info@sitioss.com,showing_email_candidates,not_flagged,contact_pages,info@sitioss.com,,,,info@sitioss.com,valid=0; invalid=0; risky=0; unknown=1
11748,>30M,pineforestoakisland.com,no,,,,0,,creditcard@2x.png ; debbiewilliams@trusstbuildergroup.com ; info@pineforestplantation.com,showing_email_candidates,not_flagged,contact_pages,,,,,,valid=0; invalid=0; risky=0; unknown=0
11749,>30M,journeysthroughsearch.com,no,,,,0,,,no_public_email_found,not_flagged,contact_pages,,,,,,valid=0; invalid=0; risky=0; unknown=0
11750,>30M,apc.community,yes,,,https://embed.typeform.com/ ; https://images.typeform.com/ ; https://white-rabbit.typeform.com/to/wMnaSG,0,,,no_public_email_found,not_flagged,contact_pages,,,,,,valid=0; invalid=0; risky=0; unknown=0
11751,>30M,ellisdews.com,no,,,,0,,edews@paydewsmusicgroup.com,showing_email_candidates,not_flagged,contact_pages,,,,,,valid=0; invalid=0; risky=0; unknown=0
11752,>30M,tsp.show,no,,,,0,,applepodcasts-icon@2x.cbeec60bb347.png ; rss-icon@2x.106f007438c6.png ; spotify-icon@2x.d6a55c3ea35a.png,showing_email_candidates,not_flagged,contact_pages,,,,,,valid=0; invalid=0; risky=0; unknown=0
11753,>30M,hertalis.com,no,,,,0,,,no_public_email_found,not_flagged,contact_pages,,,,,,valid=0; invalid=0; risky=0; unknown=0
11754,>30M,krankdupfestival.co.za,yes,,,https://prycision.typeform.com/to/iJGtbJ ; https://prycision.typeform.com/to/jekRQj ; https://prycision.typeform.com/to/nioLc5,0,,duncan@krankdupfestival.co.za ; spencer@krankdupfestival.co.za ; warren@krankdupfestival.co.za ; wayne@krankdupfestival.co.za,showing_email_candidates,not_flagged,contact_pages,,,,,,valid=0; invalid=0; risky=0; unknown=0
11755,>30M,jinjipm.com,yes,,,,0,,,no_public_email_found,not_flagged,contact_pages,,,,,,valid=0; invalid=0; risky=0; unknown=0
11756,>30M,destinydeas.com,yes,,,https://form.typeform.com/to/yyyAzx8p,0,,info@destinydeas.com,showing_email_candidates,not_flagged,contact_pages,info@destinydeas.com,,,,info@destinydeas.com,valid=0; invalid=0; risky=0; unknown=1
11757,>30M,charlesorrico.com,yes,,,,0,,,no_public_email_found,not_flagged,contact_pages,,,,,,valid=0; invalid=0; risky=0; unknown=0
11758,>30M,xena.world,yes,,,,0,,,no_public_email_found,not_flagged,contact_pages,,,,,,valid=0; invalid=0; risky=0; unknown=0
11759,>30M,annasalles.com,yes,,,https://form.typeform.com/to/jLGJjdRy,0,,,no_public_email_found,not_flagged,contact_pages,,,,,,valid=0; invalid=0; risky=0; unknown=0
11760,>30M,jgpwealth.com,no,,,https://embed.typeform.com/,0,,,no_public_email_found,not_flagged,contact_pages,,,,,,valid=0; invalid=0; risky=0; unknown=0
11761,>30M,youronlineprogram.com,yes,,,,0,,support@authorsuccess.com,showing_email_candidates,not_flagged,contact_pages,,,,,,valid=0; invalid=0; risky=0; unknown=0
11762,>30M,openresidency.com,yes,,,https://form.typeform.com/to/ckvJ86zT ; https://form.typeform.com/to/cwwIwyNa,0,,info@openresidency.com,showing_email_candidates,not_flagged,contact_pages,info@openresidency.com,,,,info@openresidency.com,valid=0; invalid=0; risky=0; unknown=1
11763,>30M,newwork.media,no,,,,0,,herbert.kling@newwork.media ; martin.schwarz@newwork.media,showing_email_candidates,not_flagged,contact_pages,,,,,,valid=0; invalid=0; risky=0; unknown=0
11764,>30M,whyhyre.com,no,,,,0,,,no_public_email_found,not_flagged,contact_pages,,,,,,valid=0; invalid=0; risky=0; unknown=0
11765,>30M,thepatternmakingclass.com,yes,,,https://8hxc37h0t6l.typeform.com/to/SIdjXbZX,0,,500646110_18307167436213010_8203537165626237881_n_480x480@2x.jpg ; 539809425_18317603650213010_1944100715505964544_n_530x_crop_top@2x.jpg ; bodice_block_250x250@2x.jpg ; img_1791_1285dea4-036e-441d-9426-220ed6a56a0f_480x480@2x.jpg ; info@thepatternmakingclass.com ; pant_block_250x250@2x.jpg ; tpmc_logo_web_170x@2x.png ; womens_fitted_knit_bodice_250x250@2x.jpg ; womensshirtblock_250x250@2x.jpg,showing_email_candidates,not_flagged,contact_pages,info@thepatternmakingclass.com,,,,info@thepatternmakingclass.com,valid=0; invalid=0; risky=0; unknown=1
11766,>30M,ourz.world,no,,,https://embed.typeform.com/,0,,cls-logo@x2-3237b739.webp ; cls-logo@x2-a394af3a.webp ; cls-logo@x2-b32b5844.png ; hello@ourz.world ; nadja@2x-2693062f.png ; nadja@2x-6bd71aea.webp ; nadja@2x-d4eea3e4.webp,showing_email_candidates,not_flagged,contact_pages,hello@ourz.world,,hello@ourz.world,,,valid=0; invalid=1; risky=0; unknown=0
11767,>30M,papidigital.com,yes,,,,0,,,no_public_email_found,not_flagged,contact_pages,,,,,,valid=0; invalid=0; risky=0; unknown=0
11768,>30M,lipianosuperstore.com,no,,,,0,,,no_public_email_found,not_flagged,contact_pages,,,,,,valid=0; invalid=0; risky=0; unknown=0
11769,>30M,bulldogequipmentrentalsupply.com,no,,,,0,,bulldogequipmentrental@gmail.com,showing_email_candidates,not_flagged,contact_pages,,,,,,valid=0; invalid=0; risky=0; unknown=0
11770,>30M,movestudio.io,no,,,,0,,,no_public_email_found,not_flagged,contact_pages,,,,,,valid=0; invalid=0; risky=0; unknown=0
11771,>30M,plastiletras.es,yes,,,https://form.typeform.com/to/BOwaoyXh,0,,losdelascamisetasrojas@gmail.com,showing_email_candidates,not_flagged,contact_pages,,,,,,valid=0; invalid=0; risky=0; unknown=0
11772,>30M,cairnspoolshop.com.au,no,,,https://embed.typeform.com/,0,,cropped-site-logo@3x-scaled-1-180x180.webp ; cropped-site-logo@3x-scaled-1-192x192.webp ; cropped-site-logo@3x-scaled-1-270x270.webp ; cropped-site-logo@3x-scaled-1-32x32.webp ; cropped-site-logo@3x-scaled-1.webp ; will@cairnspoolshop.com.au,showing_email_candidates,not_flagged,contact_pages,,,,,,valid=0; invalid=0; risky=0; unknown=0
11773,>30M,longislandpianosuperstore.com,no,,,,0,,,no_public_email_found,not_flagged,contact_pages,,,,,,valid=0; invalid=0; risky=0; unknown=0
11774,>30M,pics4prizes.co.nz,yes,,,,0,,,no_public_email_found,not_flagged,contact_pages,,,,,,valid=0; invalid=0; risky=0; unknown=0
11775,>30M,jme.ventures,yes,,,https://form.typeform.com/to/xewK4oit,0,,lenis@1.0.42,showing_email_candidates,not_flagged,contact_pages,,,,,,valid=0; invalid=0; risky=0; unknown=0
11776,>30M,xperteam-easy.com,yes,,,https://form.typeform.com/to/YxzkFGv4,0,,contact@xperteam-easy.com ; contact@xperteam.fr ; easy-blog-analysebesoins-2-500x383@2x.jpg ; easy-blog-analysebesoins-3-500x383@2x.jpg ; easy-blog-analysebesoins-4-500x383@2x.jpg ; easy-blog-cognition1-scaled-500x383@2x.jpg ; easy-blog-cognition2-2-scaled-500x383@2x.jpg ; easy-blog-cognition3.2-500x383@2x.jpg,showing_email_candidates,not_flagged,contact_pages,contact@xperteam-easy.com,,contact@xperteam-easy.com,,,valid=0; invalid=1; risky=0; unknown=0
11777,>30M,impactbarcelona.com,yes,,,https://impactforlife.typeform.com/to/dsIqqAv6,0,,,no_public_email_found,not_flagged,contact_pages,,,,,,valid=0; invalid=0; risky=0; unknown=0
11778,>30M,telerochernetwork.com,yes,,,https://embed.typeform.com/ ; https://form.typeform.com/to/M0xjuHGI,0,,clement.calvaire@gmail.com ; telerocher@telerochernetwork.com,showing_email_candidates,not_flagged,contact_pages,,,,,,valid=0; invalid=0; risky=0; unknown=0
11779,>30M,every-mother.com,yes,,,https://t0vjj660jik.typeform.com/to/NRu1vlOS,0,,e4d96184ad5f405f80a2030a5cdfee17@o470724.ingest.sentry.io ; info@every-mother.com ; press@every-mother.com,showing_email_candidates,not_flagged,contact_pages,info@every-mother.com ; press@every-mother.com,,,,info@every-mother.com ; press@every-mother.com,valid=0; invalid=0; risky=0; unknown=2
11780,>30M,terbergmatec.co.uk,no,,,,0,,bootstrap@4.6.2 ; easy-autocomplete@1.3.5 ; jquery-validation-unobtrusive@3.2.12 ; jquery-validation@1.19.4 ; jquery-zoom@1.7.21 ; jquery@3.6.1 ; media-uk@terberg.com ; popper.js@1.16.1-lts ; sales@terberg.co.uk ; vue@2.7.14,showing_email_candidates,not_flagged,contact_pages,,,,,,valid=0; invalid=0; risky=0; unknown=0
11781,>30M,marketingdiscounts.io,no,,,,0,,,no_public_email_found,not_flagged,contact_pages,,,,,,valid=0; invalid=0; risky=0; unknown=0
11782,>30M,padalet.com,yes,,,,0,,,no_public_email_found,not_flagged,contact_pages,,,,,,valid=0; invalid=0; risky=0; unknown=0
11783,>30M,keeui.com,no,,,,0,,hola@keeui.com,showing_email_candidates,not_flagged,contact_pages,,,,,,valid=0; invalid=0; risky=0; unknown=0
11784,>30M,support-allergy.com,no,,,,0,,,no_public_email_found,not_flagged,contact_pages,,,,,,valid=0; invalid=0; risky=0; unknown=0
11785,>30M,innovatista.com,yes,,,,0,,,no_public_email_found,not_flagged,contact_pages,,,,,,valid=0; invalid=0; risky=0; unknown=0
11786,>30M,logiciels-utiles.com,no,,,,0,,,no_public_email_found,not_flagged,contact_pages,,,,,,valid=0; invalid=0; risky=0; unknown=0
11787,>30M,lovelyinstants.com,yes,,,https://npyuwabdyy8.typeform.com/to/ZiFmAuWA,0,,contact@lovelyinstants.com,showing_email_candidates,not_flagged,contact_pages,contact@lovelyinstants.com,,contact@lovelyinstants.com,,,valid=0; invalid=1; risky=0; unknown=0
11788,>30M,pixmarks.com,yes,,,https://form.typeform.com/to/u4t1oTMA,0,,hello@pixmarks.com,showing_email_candidates,not_flagged,contact_pages,hello@pixmarks.com,hello@pixmarks.com,,,,valid=1; invalid=0; risky=0; unknown=0
11789,>30M,gabrieleciufo.design,no,,,https://public-assets.typeform.com/,0,,,no_public_email_found,not_flagged,contact_pages,,,,,,valid=0; invalid=0; risky=0; unknown=0
11790,>30M,symphonyofhawaiianbirds.com,yes,,,,0,,,no_public_email_found,not_flagged,contact_pages,,,,,,valid=0; invalid=0; risky=0; unknown=0
11791,>30M,analytic-room.com,yes,,,https://n45llda1t2n.typeform.com/to/MD5dyGoJ,0,,info@wanderingarrow.com,showing_email_candidates,not_flagged,contact_pages,,,,,,valid=0; invalid=0; risky=0; unknown=0
11792,>30M,autofact.com.ar,no,,,,0,,,no_public_email_found,not_flagged,contact_pages,,,,,,valid=0; invalid=0; risky=0; unknown=0
11793,>30M,autofact.cr,no,,,,0,,,no_public_email_found,not_flagged,contact_pages,,,,,,valid=0; invalid=0; risky=0; unknown=0
11794,>30M,motusmedia.co,yes,,,,0,,,no_public_email_found,not_flagged,contact_pages,,,,,,valid=0; invalid=0; risky=0; unknown=0
11795,>30M,trebble.fm,yes,,,https://trebble.typeform.com/to/JXo8tX ; https://trebble.typeform.com/to/sRVh8Xnv,0,,hello@trebble.fm,showing_email_candidates,not_flagged,contact_pages,hello@trebble.fm,hello@trebble.fm,,,,valid=1; invalid=0; risky=0; unknown=0
11796,>30M,mullinwealthmanagement.com,yes,,,,0,,,no_public_email_found,not_flagged,contact_pages,,,,,,valid=0; invalid=0; risky=0; unknown=0
11797,>30M,kitvictoria.com,no,,,,0,,,no_public_email_found,not_flagged,contact_pages,,,,,,valid=0; invalid=0; risky=0; unknown=0
11798,>30M,embassy.science,no,,,,0,,,no_public_email_found,not_flagged,contact_pages,,,,,,valid=0; invalid=0; risky=0; unknown=0
11799,>30M,cutloosebk.com,yes,,,https://2840vbmlj6z.typeform.com/to/wMREdTZg,0,,cutloosebk@gmail.com,showing_email_candidates,not_flagged,contact_pages,,,,,,valid=0; invalid=0; risky=0; unknown=0
11800,>30M,revvone.com,no,,,,0,,,no_public_email_found,not_flagged,contact_pages,,,,,,valid=0; invalid=0; risky=0; unknown=0
11801,>30M,bakerwealthstrategies.com,yes,,,https://3uw5cxzj4my.typeform.com/to/xyP859Om,0,,,no_public_email_found,not_flagged,contact_pages,,,,,,valid=0; invalid=0; risky=0; unknown=0
11802,>30M,agence-anode.com,no,,,,0,,,no_public_email_found,not_flagged,contact_pages,,,,,,valid=0; invalid=0; risky=0; unknown=0
11803,>30M,initiativesales.com,no,,,,0,,flags@2x.png,showing_email_candidates,not_flagged,contact_pages,,,,,,valid=0; invalid=0; risky=0; unknown=0
11804,>30M,enerpop.com,yes,,,,0,,,no_public_email_found,not_flagged,contact_pages,,,,,,valid=0; invalid=0; risky=0; unknown=0
11805,>30M,talmee.com,yes,,,,0,,hello@talmee.com,showing_email_candidates,not_flagged,contact_pages,hello@talmee.com,,hello@talmee.com,,,valid=0; invalid=1; risky=0; unknown=0
11806,>30M,2btrust.com,yes,,,,0,,contact@2btrust.com,showing_email_candidates,not_flagged,contact_pages,contact@2btrust.com,contact@2btrust.com,,,,valid=1; invalid=0; risky=0; unknown=0
11807,>30M,talo.eco,yes,,,https://form.typeform.com/to/OUy9h0qA,0,,,no_public_email_found,not_flagged,contact_pages,,,,,,valid=0; invalid=0; risky=0; unknown=0
11808,>30M,pierre-de-lyon.fr,no,,,,0,,,no_public_email_found,not_flagged,contact_pages,,,,,,valid=0; invalid=0; risky=0; unknown=0
11809,>30M,whatevertown.com,yes,,,https://whatevertown.typeform.com/to/uLJnplkR,0,,,no_public_email_found,not_flagged,contact_pages,,,,,,valid=0; invalid=0; risky=0; unknown=0
11810,>30M,avdesignstudios.com,no,,,,0,,,no_public_email_found,not_flagged,contact_pages,,,,,,valid=0; invalid=0; risky=0; unknown=0
11811,>30M,mercibobby.com,yes,,,https://bda2vtwsb40.typeform.com/to/vE6yNAmI,0,,,no_public_email_found,not_flagged,contact_pages,,,,,,valid=0; invalid=0; risky=0; unknown=0
11812,>30M,miloohome.pl,no,,,,0,,architekci@miloohome.pl ; b2b@miloohome.pl ; marketing@miloohome.pl ; pm@miloohome.pl ; sklep@miloohome.pl,showing_email_candidates,not_flagged,contact_pages,marketing@miloohome.pl,,,,marketing@miloohome.pl,valid=0; invalid=0; risky=0; unknown=1
11813,>30M,mindstatemarketing.com,yes,,,,0,,,no_public_email_found,not_flagged,contact_pages,,,,,,valid=0; invalid=0; risky=0; unknown=0
11814,>30M,aiunlock.com,yes,,,https://x92sfc6sa1t.typeform.com/to/eJMeYFF0 ; https://x92sfc6sa1t.typeform.com/to/jCHb86EA,0,,hello@aiunlock.com,showing_email_candidates,not_flagged,contact_pages,hello@aiunlock.com,hello@aiunlock.com,,,,valid=1; invalid=0; risky=0; unknown=0
11815,>30M,slijpexpert.nl,no,,,,0,,info@rew.nl ; info@slijpexpert.nl,showing_email_candidates,not_flagged,contact_pages,info@slijpexpert.nl,,,,info@slijpexpert.nl,valid=0; invalid=0; risky=0; unknown=1
11816,>30M,tg-renhold.no,no,,,,0,,,no_public_email_found,not_flagged,contact_pages,,,,,,valid=0; invalid=0; risky=0; unknown=0
11817,>30M,paulolepore.com.br,yes,,,,0,,,no_public_email_found,not_flagged,contact_pages,,,,,,valid=0; invalid=0; risky=0; unknown=0
11818,>30M,soulbreathwork.com,no,,,https://images.typeform.com/,0,,slick-carousel@1.8.1,showing_email_candidates,not_flagged,contact_pages,,,,,,valid=0; invalid=0; risky=0; unknown=0
11819,>30M,northernbaseballtraining.com,yes,,,https://5idtxdekagb.typeform.com/to/L52Xw2wF,0,,info@northernbaseballtraining.com,showing_email_candidates,not_flagged,contact_pages,info@northernbaseballtraining.com,,,,info@northernbaseballtraining.com,valid=0; invalid=0; risky=0; unknown=1
11820,>30M,soniawillcox.com,yes,,,,0,,,no_public_email_found,not_flagged,contact_pages,,,,,,valid=0; invalid=0; risky=0; unknown=0
11821,>30M,paulthomasdigital.com,no,,,,0,,,no_public_email_found,not_flagged,contact_pages,,,,,,valid=0; invalid=0; risky=0; unknown=0
11822,>30M,beyondirresistible.com,yes,,,https://embed.typeform.com/ ; https://form.typeform.com/to/yS6ixdPm,0,,,no_public_email_found,not_flagged,contact_pages,,,,,,valid=0; invalid=0; risky=0; unknown=0
11823,>30M,chosenfinancialservicesllc.com,yes,,,https://form.typeform.com/to/mdQp5o,0,,info@chosenfinancialservicesllc.com,showing_email_candidates,not_flagged,contact_pages,info@chosenfinancialservicesllc.com,,,,info@chosenfinancialservicesllc.com,valid=0; invalid=0; risky=0; unknown=1
11824,>30M,happybodyberlin.com,no,,,,0,,info@happybodyberlin.com,showing_email_candidates,not_flagged,contact_pages,info@happybodyberlin.com,,,,info@happybodyberlin.com,valid=0; invalid=0; risky=0; unknown=1
11825,>30M,classworkzoom.com,yes,,,https://ericburton910016.typeform.com/to/UbnwrO ; https://ericburton910016.typeform.com/to/UGFbAT,0,,,no_public_email_found,not_flagged,contact_pages,,,,,,valid=0; invalid=0; risky=0; unknown=0
11826,>30M,hmugr.com,no,,,,0,,info@hmugr.com ; jovan@legacymusicgroups.com,showing_email_candidates,not_flagged,contact_pages,info@hmugr.com,,,,info@hmugr.com,valid=0; invalid=0; risky=0; unknown=1
11827,>30M,drbradleybloom.com,yes,,,https://embed.typeform.com/ ; https://form.typeform.com/to/PkTpWV ; https://goldmanmarketing.typeform.com/to/PkTpWV,0,,,no_public_email_found,not_flagged,contact_pages,,,,,,valid=0; invalid=0; risky=0; unknown=0
11828,>30M,pagofacil.cl,yes,,,https://pagofacil.typeform.com/to/RoKgmcMD,0,,,no_public_email_found,not_flagged,contact_pages,,,,,,valid=0; invalid=0; risky=0; unknown=0
11829,>30M,impulsetravel.co,no,,,,0,,info@impulsetravel.co,showing_email_candidates,not_flagged,contact_pages,info@impulsetravel.co,,,,info@impulsetravel.co,valid=0; invalid=0; risky=0; unknown=1
11830,>30M,infocuseyecare.ca,yes,,,,0,,,no_public_email_found,not_flagged,contact_pages,,,,,,valid=0; invalid=0; risky=0; unknown=0
11831,>30M,entreprise-pecot-terrassement.fr,yes,,,https://embed.typeform.com/ ; https://form.typeform.com/to/MkFA91YN,0,,,no_public_email_found,not_flagged,contact_pages,,,,,,valid=0; invalid=0; risky=0; unknown=0
11832,>30M,godfirstholyconvocation.com,no,,,,0,,,no_public_email_found,not_flagged,contact_pages,,,,,,valid=0; invalid=0; risky=0; unknown=0
11833,>30M,purecbd1.com,yes,,,https://lightspeed-commerce.typeform.com/to/g1vcP7FR,0,,example@email.com ; john.doe@email.com,showing_email_candidates,not_flagged,contact_pages,,,,,,valid=0; invalid=0; risky=0; unknown=0
11834,>30M,esshva.com,no,,,,0,,hello@esshva.com ; slick-carousel@1.8.1,showing_email_candidates,not_flagged,contact_pages,hello@esshva.com,hello@esshva.com,,,,valid=1; invalid=0; risky=0; unknown=0
11835,>30M,mrsindiatelangana.com,no,,,,0,,contact@mrsindiatelangana.com,showing_email_candidates,not_flagged,contact_pages,contact@mrsindiatelangana.com,contact@mrsindiatelangana.com,,,,valid=1; invalid=0; risky=0; unknown=0
11836,>30M,barbarascerbo.com,yes,,,https://cxexrur77v4.typeform.com/to/yOGS9hA8,0,,hero-gradient@2x.png ; hero-gradient@2x.webp ; info@barbarascerbo.com ; toasttavola-disegno-1-copia-10@2x-1-1920x1920.png ; toasttavola-disegno-1-copia-10@2x-1-2560x2560.png,showing_email_candidates,not_flagged,contact_pages,info@barbarascerbo.com,,,,info@barbarascerbo.com,valid=0; invalid=0; risky=0; unknown=1
11837,>30M,asahikawa-eye-clinic.com,no,,,,0,,,no_public_email_found,not_flagged,contact_pages,,,,,,valid=0; invalid=0; risky=0; unknown=0
11838,>30M,mkc1370.com,no,,,,0,,,no_public_email_found,not_flagged,contact_pages,,,,,,valid=0; invalid=0; risky=0; unknown=0
11839,>30M,kusculture.com,no,,,,0,,,no_public_email_found,not_flagged,contact_pages,,,,,,valid=0; invalid=0; risky=0; unknown=0
11840,>30M,aquaflexinc.com,no,,,,0,,info@aquaflexinc.com,showing_email_candidates,not_flagged,contact_pages,info@aquaflexinc.com,,,,info@aquaflexinc.com,valid=0; invalid=0; risky=0; unknown=1
11841,>30M,jesuistonparrain.com,no,,,,0,,,no_public_email_found,not_flagged,contact_pages,,,,,,valid=0; invalid=0; risky=0; unknown=0
11842,>30M,urlfam.com,no,,,,0,,bootstrap@5.3.8,showing_email_candidates,not_flagged,contact_pages,,,,,,valid=0; invalid=0; risky=0; unknown=0
11843,>30M,cotrugliblockchainacademy.com,no,,,,0,,,no_public_email_found,not_flagged,contact_pages,,,,,,valid=0; invalid=0; risky=0; unknown=0
11844,>30M,flywtf.com,no,,,,0,,,no_public_email_found,not_flagged,contact_pages,,,,,,valid=0; invalid=0; risky=0; unknown=0
11845,>30M,arbcovers.uk,no,,,,0,,hello@arbcovers.uk,showing_email_candidates,not_flagged,contact_pages,hello@arbcovers.uk,hello@arbcovers.uk,,,,valid=1; invalid=0; risky=0; unknown=0
11846,>30M,bg-services.uk,yes,,,https://form.typeform.com/to/QYkJuOy6,0,,,no_public_email_found,not_flagged,contact_pages,,,,,,valid=0; invalid=0; risky=0; unknown=0
11847,>30M,grovehousecottages.uk,yes,,,https://admin.typeform.com/ ; https://embed.typeform.com/ ; https://grovehouselevisham.typeform.com/to/KXOUV6,0,,info@grovehouselevisham.com,showing_email_candidates,not_flagged,contact_pages,,,,,,valid=0; invalid=0; risky=0; unknown=0
11848,>30M,hydracreative.uk,no,,,,0,,,no_public_email_found,not_flagged,contact_pages,,,,,,valid=0; invalid=0; risky=0; unknown=0
11849,>30M,iboxit.uk,no,,,,0,,info@iboxit.uk,showing_email_candidates,not_flagged,contact_pages,info@iboxit.uk,,,,info@iboxit.uk,valid=0; invalid=0; risky=0; unknown=1
11850,>30M,ibetwin.uk,no,,,,0,,,no_public_email_found,not_flagged,contact_pages,,,,,,valid=0; invalid=0; risky=0; unknown=0
11851,>30M,leedargue.uk,no,,,,0,,data.protection@libdems.org.uk,showing_email_candidates,not_flagged,contact_pages,,,,,,valid=0; invalid=0; risky=0; unknown=0
11852,>30M,motoragent.uk,yes,,,https://research.typeform.com/to/Z5RDbGto,0,,,no_public_email_found,not_flagged,contact_pages,,,,,,valid=0; invalid=0; risky=0; unknown=0
11853,>30M,mvnc.uk,no,,,https://embed.typeform.com/,0,,info@mvnc.uk,showing_email_candidates,not_flagged,contact_pages,info@mvnc.uk,,,,info@mvnc.uk,valid=0; invalid=0; risky=0; unknown=1
11854,>30M,northyorkmoorscottages.uk,yes,,,https://admin.typeform.com/ ; https://embed.typeform.com/ ; https://grovehouselevisham.typeform.com/to/KXOUV6,0,,info@grovehouselevisham.com,showing_email_candidates,not_flagged,contact_pages,,,,,,valid=0; invalid=0; risky=0; unknown=0
11855,>30M,northyorkshiremoorscottages.uk,yes,,,,0,,,no_public_email_found,not_flagged,contact_pages,,,,,,valid=0; invalid=0; risky=0; unknown=0
11856,>30M,planet.uk,yes,,,https://t9rhu6dhk1p.typeform.com/to/Jy76CFLY,0,,alex@planet.uk ; support@planet.uk,showing_email_candidates,not_flagged,contact_pages,support@planet.uk,,,,support@planet.uk,valid=0; invalid=0; risky=0; unknown=1
11857,>30M,rockwater.uk,no,,,,0,,,no_public_email_found,not_flagged,contact_pages,,,,,,valid=0; invalid=0; risky=0; unknown=0
11858,>30M,soulwhispers.uk,yes,,,,0,,,no_public_email_found,not_flagged,contact_pages,,,,,,valid=0; invalid=0; risky=0; unknown=0
11859,>30M,space2work.uk,no,,,,0,,enquiries@space2work.co.uk ; enquiry@space2work.co.uk,showing_email_candidates,not_flagged,contact_pages,,,,,,valid=0; invalid=0; risky=0; unknown=0
11860,>30M,stephengray.uk,no,,,,0,,your@email.com,showing_email_candidates,not_flagged,contact_pages,,,,,,valid=0; invalid=0; risky=0; unknown=0
11861,>30M,trauma-informed.uk,yes,,,,0,,help@nspcc.org.uk ; info@traumainformedschools.co.uk ; katie@traumainformedschools.co.uk ; sarah@traumainformedschools.co.uk,showing_email_candidates,not_flagged,contact_pages,,,,,,valid=0; invalid=0; risky=0; unknown=0
11862,>30M,fairallgroup.com,yes,,,https://form.typeform.com/to/u6boxMXA,0,,support@fairallgroup.com,showing_email_candidates,not_flagged,contact_pages,support@fairallgroup.com,,,,support@fairallgroup.com,valid=0; invalid=0; risky=0; unknown=1
11863,>30M,maisonrosedonald.com,yes,,,https://e6qhvp2lgsi.typeform.com/to/mxS7Ao05,0,,rose@maisonrosedonald.com,showing_email_candidates,not_flagged,contact_pages,,,,,,valid=0; invalid=0; risky=0; unknown=0
11864,>30M,exalt-you.com,no,,,,0,,,no_public_email_found,not_flagged,contact_pages,,,,,,valid=0; invalid=0; risky=0; unknown=0
11865,>30M,mycryptoplanner.com,yes,,,https://form.typeform.com/to/oVheGZG2,0,,mycryptoplanner@gmail.com,showing_email_candidates,not_flagged,contact_pages,,,,,,valid=0; invalid=0; risky=0; unknown=0
11866,>30M,hypesportsinnovation.com,yes,,,,0,,,no_public_email_found,not_flagged,contact_pages,,,,,,valid=0; invalid=0; risky=0; unknown=0
11867,>30M,carlossorto.com,yes,,,https://voyb8y5pp7i.typeform.com/to/hd9jcqJw,0,,carlos@carlossorto.com,showing_email_candidates,not_flagged,contact_pages,,,,,,valid=0; invalid=0; risky=0; unknown=0
11868,>30M,mainsourcepharmacy.com,no,,,,0,,mainsourcerx@gmail.com,showing_email_candidates,not_flagged,contact_pages,,,,,,valid=0; invalid=0; risky=0; unknown=0
11869,>30M,audit-dpo.com,no,,,,0,,,no_public_email_found,not_flagged,contact_pages,,,,,,valid=0; invalid=0; risky=0; unknown=0
11870,>30M,chadcarpentermba.com,no,,,,0,,,no_public_email_found,not_flagged,contact_pages,,,,,,valid=0; invalid=0; risky=0; unknown=0
11871,>30M,capelesagency.com,no,,,https://capelesagency.typeform.com/,0,,hello@capelesagency.com,showing_email_candidates,not_flagged,contact_pages,hello@capelesagency.com,hello@capelesagency.com,,,,valid=1; invalid=0; risky=0; unknown=0
11872,>30M,liliancazares.com,no,,,,0,,hola@liliancazares.com,showing_email_candidates,not_flagged,contact_pages,,,,,,valid=0; invalid=0; risky=0; unknown=0
11873,>30M,kurihara-eye.or.jp,no,,,,0,,,no_public_email_found,not_flagged,contact_pages,,,,,,valid=0; invalid=0; risky=0; unknown=0
11874,>30M,protiobezite.sk,no,,,,0,,agata.holubcikova@yahoo.com ; ambulancia.marko@gmail.com ; ambulancia@bemi.sk ; ambulancia@primamedic.sk ; ambulanciamokrad@gmail.com ; bobelova.o@gmail.com ; cplo@medicalgroup.sk ; dasa.skripova@gmail.com ; diabetola.edu@gmail.com ; diabetolog@gmail.com ; diabetologiatrnava@gmail.com ; diamalacky@gmail.com ; endokrinologia.svajdlerova@yahoo.com ; eugen282@azet.sk ; farsky@za.psg.sk ; hhalmova@gmail.com ; humax.intambulancia@gmail.com ; janafilipovamedicinsro@gmail.com ; kgonova23@gmail.com ; medimad.ea@gmail.com ; minarik@fnnitra.sk ; mipernicky@gmail.com ; mmerciakova@gmail.com ; mriab9@gmail.com ; mudr.vargatibor@gmail.com ; objednavky@medicor.sk ; obvodnylekar@gmail.com ; parwan@nextra.sk ; pipastibor@gmail.com ; protiobezite@protiobezite.sk ; secretmiga@gmail.com ; sevcovicova@atlas.sk ; slavoster@gmail.com ; trebisovskalekaren@gmail.com ; vitalplus.sro@gmail.com ; vozar@hedak.sk ; zuzanajancuchova@gmail.com,showing_email_candidates,not_flagged,contact_pages,,,,,,valid=0; invalid=0; risky=0; unknown=0
11875,>30M,inlinefitness.co.uk,no,,,,0,,bootstrap@5.1.1,showing_email_candidates,not_flagged,contact_pages,,,,,,valid=0; invalid=0; risky=0; unknown=0
11876,>30M,wecleanmerseyside.co.uk,yes,,,https://weclean1.typeform.com/to/KXddiV,0,,,no_public_email_found,not_flagged,contact_pages,,,,,,valid=0; invalid=0; risky=0; unknown=0
11877,>30M,magnolia.fund,yes,,,,0,,,no_public_email_found,not_flagged,contact_pages,,,,,,valid=0; invalid=0; risky=0; unknown=0
11878,>30M,ddtrts.info,no,,,,0,,,no_public_email_found,not_flagged,contact_pages,,,,,,valid=0; invalid=0; risky=0; unknown=0
11879,>30M,sarahmccalden.com,no,,,,0,,core@3.27.0 ; styles@1.4.1,showing_email_candidates,not_flagged,contact_pages,,,,,,valid=0; invalid=0; risky=0; unknown=0
11880,>30M,reenoov.fr,no,,,https://embed.typeform.com/ ; https://form.typeform.com/,0,,service-client@reenoov.fr,showing_email_candidates,not_flagged,contact_pages,service-client@reenoov.fr,,,,service-client@reenoov.fr,valid=0; invalid=0; risky=0; unknown=1
11881,>30M,developpetoi.fr,yes,,,https://jeancarrillo.typeform.com/to/EI1RB4,0,,,no_public_email_found,not_flagged,contact_pages,,,,,,valid=0; invalid=0; risky=0; unknown=0
11882,>30M,clinic-ohta.jp,no,,,,0,,,no_public_email_found,not_flagged,contact_pages,,,,,,valid=0; invalid=0; risky=0; unknown=0
11883,>30M,userbot.ai,yes,,,https://userbot.typeform.com/to/ctnyuoTq ; https://userbot.typeform.com/to/O27kLC ; https://userbot.typeform.com/to/StoGSz,0,,european-commission@2x.png ; press-header@2x-550x550.jpg ; press-header@2x.jpg ; userbot-logo-color-horizontal@2x.png ; userbot-logo-white-horizontal@2x.png,showing_email_candidates,not_flagged,contact_pages,,,,,,valid=0; invalid=0; risky=0; unknown=0
11884,>30M,future-city.nl,yes,,,https://kennislab.typeform.com/ ; https://kennislab.typeform.com/to/AymNe1r5 ; https://kennislab.typeform.com/to/ncOwOz ; https://kennislab.typeform.com/to/oHH4aL ; https://kennislab.typeform.com/to/tKECvPZZ ; https://kennislab.typeform.com/to/UZNM2mVw ; https://kennislab.typeform.com/to/WnLmPd,0,,info@future-city.nl ; leroux@qodeinteractive.com,showing_email_candidates,not_flagged,contact_pages,info@future-city.nl,,,,info@future-city.nl,valid=0; invalid=0; risky=0; unknown=1
11885,>30M,expertsinmoving.co.uk,no,,,,0,,,no_public_email_found,not_flagged,contact_pages,,,,,,valid=0; invalid=0; risky=0; unknown=0
11886,>30M,altecoop.ca,yes,,,https://form.typeform.com/to/N0uXi9px,0,,,no_public_email_found,not_flagged,contact_pages,,,,,,valid=0; invalid=0; risky=0; unknown=0
11887,>30M,bgboco.com,yes,,,,0,,,no_public_email_found,not_flagged,contact_pages,,,,,,valid=0; invalid=0; risky=0; unknown=0
11888,>30M,eindbaas.nu,no,,,,0,,,no_public_email_found,not_flagged,contact_pages,,,,,,valid=0; invalid=0; risky=0; unknown=0
11889,>30M,friesla.com,yes,,,https://embed.typeform.com/ ; https://friesla.typeform.com/to/jQsilk,0,,hello@friesla.com,showing_email_candidates,not_flagged,contact_pages,hello@friesla.com,hello@friesla.com,,,,valid=1; invalid=0; risky=0; unknown=0
11890,>30M,hys-consulting.com,no,,,,0,,,no_public_email_found,not_flagged,contact_pages,,,,,,valid=0; invalid=0; risky=0; unknown=0
11891,>30M,hdtelly.com,yes,,,,0,,,no_public_email_found,not_flagged,contact_pages,,,,,,valid=0; invalid=0; risky=0; unknown=0
11892,>30M,plomastermind.com,no,,,,0,,,no_public_email_found,not_flagged,contact_pages,,,,,,valid=0; invalid=0; risky=0; unknown=0
11893,>30M,chentthambiah.com,yes,,,,0,,,no_public_email_found,not_flagged,contact_pages,,,,,,valid=0; invalid=0; risky=0; unknown=0
11894,>30M,masonpsmith.com,no,,,,0,,,no_public_email_found,not_flagged,contact_pages,,,,,,valid=0; invalid=0; risky=0; unknown=0
11895,>30M,goperiwinkle.com,yes,,,https://embed.typeform.com/ ; https://sethlewandowski.typeform.com/to/z2MJuD,0,,,no_public_email_found,not_flagged,contact_pages,,,,,,valid=0; invalid=0; risky=0; unknown=0
11896,>30M,hellenictechnologies.com,no,,,https://zy2y15l7h25.pro.typeform.com/ ; https://zy2y15l7h25.typeform.com/,0,,,no_public_email_found,not_flagged,contact_pages,,,,,,valid=0; invalid=0; risky=0; unknown=0
11897,>30M,phoenixcountymetals.co.uk,yes,,,https://looktouchfeel.typeform.com/to/pNbJQ2,0,,admin@pcm-ltd.co.uk ; danny@pcm-ltd.co.uk ; frances@pcm-ltd.co.uk ; jo@pcm-ltd.co.uk ; john@pcm-ltd.co.uk ; lucy@pcm-ltd.co.uk,showing_email_candidates,not_flagged,contact_pages,,,,,,valid=0; invalid=0; risky=0; unknown=0
11898,>30M,melbourneheartcare.com.au,no,,,https://medimark.typeform.com/,0,,argus@melbourneheartcare.com.au ; ct@melbourneheartcare.com.au ; mail@melbourneheartcare.com.au ; mail@melbournheartcare.com.au ; medrecords@melbourneheartcare.com.au ; referrals@melbourneheartcare.com.au,showing_email_candidates,not_flagged,contact_pages,,,,,,valid=0; invalid=0; risky=0; unknown=0
11899,>30M,lecherantenna-antennedelecher.com,yes,,,https://embed.typeform.com/ ; https://form.typeform.com/to/Jh6Fy1TZ,0,,annemarielecherenergy@gmail.com,showing_email_candidates,not_flagged,contact_pages,,,,,,valid=0; invalid=0; risky=0; unknown=0
11900,>30M,tetconference.com,no,,,https://images.typeform.com/ ; https://public-assets.typeform.com/,0,,,no_public_email_found,not_flagged,contact_pages,,,,,,valid=0; invalid=0; risky=0; unknown=0
11901,>30M,tedxrc.com,yes,,,https://tedxrc.typeform.com/to/rxCvcw,0,,tedxrc@robcol.k12.tr,showing_email_candidates,not_flagged,contact_pages,,,,,,valid=0; invalid=0; risky=0; unknown=0
11902,>30M,heart-church.com,no,,,,0,,6asset-1@4x-1024x108.png ; 6asset-1@4x-300x32.png ; 6asset-1@4x-768x81.png ; 6asset-1@4x.png,showing_email_candidates,not_flagged,contact_pages,,,,,,valid=0; invalid=0; risky=0; unknown=0
11903,>30M,tiic.uk,yes,,,https://f1bgyrhi4go.typeform.com/to/ZunhFu69,0,,enquiries@tiic.uk,showing_email_candidates,not_flagged,contact_pages,enquiries@tiic.uk,enquiries@tiic.uk,,,,valid=1; invalid=0; risky=0; unknown=0
11904,>30M,truecorehealth.com,yes,,,https://regulateandrestore.typeform.com/to/HHFUrdn2,0,,shenk.amy@gmail.com,showing_email_candidates,not_flagged,contact_pages,,,,,,valid=0; invalid=0; risky=0; unknown=0
11905,>30M,adelemathieu.com,yes,,,https://form.typeform.com/to/thTN1YBl,0,,adelehmathieu@gmail.com,showing_email_candidates,not_flagged,contact_pages,,,,,,valid=0; invalid=0; risky=0; unknown=0
11906,>30M,soultherapytct.com,yes,,,https://form.typeform.com/to/ITb1nTY0,0,,kristen@soultherapytct.com ; soultherapytct@gmail.com,showing_email_candidates,not_flagged,contact_pages,,,,,,valid=0; invalid=0; risky=0; unknown=0
11907,>30M,wshs2010reunion.com,yes,,,https://courtneyphelps.typeform.com/to/yhAUiP ; https://embed.typeform.com/,0,,wshs2010reunion@gmail.com,showing_email_candidates,not_flagged,contact_pages,,,,,,valid=0; invalid=0; risky=0; unknown=0
11908,>30M,sessionmysteries.com,yes,,,https://sessionmysteries.typeform.com/to/ewcI7f ; https://sessionmysteries.typeform.com/to/iJpBxTUy ; https://sessionmysteries.typeform.com/to/iZZNtN,0,,jquery@3.5.1,showing_email_candidates,not_flagged,contact_pages,,,,,,valid=0; invalid=0; risky=0; unknown=0
11909,>30M,mauriciomaestre.com,yes,,,,0,,,no_public_email_found,not_flagged,contact_pages,,,,,,valid=0; invalid=0; risky=0; unknown=0
11910,>30M,upsideph.com,no,,,,0,,,no_public_email_found,not_flagged,contact_pages,,,,,,valid=0; invalid=0; risky=0; unknown=0
11911,>30M,groundzerofunding.com,no,,,,0,,flags@2x.png,showing_email_candidates,not_flagged,contact_pages,,,,,,valid=0; invalid=0; risky=0; unknown=0
11912,>30M,kkvoice.co.jp,no,,,,0,,,no_public_email_found,not_flagged,contact_pages,,,,,,valid=0; invalid=0; risky=0; unknown=0
11913,>30M,exocep.fr,yes,,,https://1og63pwfye8.typeform.com/to/KWpO3MAs,0,,bonjour@exocep.com,showing_email_candidates,not_flagged,contact_pages,,,,,,valid=0; invalid=0; risky=0; unknown=0
11914,>30M,transporttalk.co.nz,yes,,,,0,,dale@automediagroup.co.nz ; deborah@automediagroup.co.nz ; nigel@automediagroup.co.nz ; richard@automediagroup.co.nz,showing_email_candidates,not_flagged,contact_pages,,,,,,valid=0; invalid=0; risky=0; unknown=0
11915,>30M,vta.agency,no,,,,0,,,no_public_email_found,not_flagged,contact_pages,,,,,,valid=0; invalid=0; risky=0; unknown=0
11916,>30M,blockchainamigo.com,no,,,,0,,,no_public_email_found,not_flagged,contact_pages,,,,,,valid=0; invalid=0; risky=0; unknown=0
11917,>30M,recoilnetwork.com,yes,,,https://cariboumedia.typeform.com/to/dD7vOG,0,,,no_public_email_found,not_flagged,contact_pages,,,,,,valid=0; invalid=0; risky=0; unknown=0
11918,>30M,mype-consulting.com,yes,,,https://din3m2iobn9.typeform.com/to/HhRQyK5a ; https://din3m2iobn9.typeform.com/to/qoD3aL7z ; https://din3m2iobn9.typeform.com/to/Yoy5Nse6,0,,chosen-sprite@2x.png ; contact@mype-consulting.com ; swiper@11.1.14,showing_email_candidates,not_flagged,contact_pages,contact@mype-consulting.com,contact@mype-consulting.com,,,,valid=1; invalid=0; risky=0; unknown=0
11919,>30M,lifetimegreencoatings.com,yes,,,https://h1jqzhz3880.typeform.com/to/DerNwZBd ; https://h1jqzhz3880.typeform.com/to/EwvyJ21f,0,,,no_public_email_found,not_flagged,contact_pages,,,,,,valid=0; invalid=0; risky=0; unknown=0
11920,>30M,statutorace.com,yes,,,https://livelikelou.typeform.com/to/Xp4sPzlT,0,,gina@sfiacfoundation.org ; info@livelikelou.org ; ladler@alumni.stanford.org ; statutorace@sfiacfoundation.org ; u003egina@sfiacfoundation.org ; u003estatutorace@sfiacfoundation.org,showing_email_candidates,not_flagged,contact_pages,,,,,,valid=0; invalid=0; risky=0; unknown=0
11921,>30M,jobspossible.com,yes,,,,0,,,no_public_email_found,not_flagged,contact_pages,,,,,,valid=0; invalid=0; risky=0; unknown=0
11922,>30M,revivalhomedesign.com,no,,,,0,,,no_public_email_found,not_flagged,contact_pages,,,,,,valid=0; invalid=0; risky=0; unknown=0
11923,>30M,escoladaseguranca.com,no,,,,0,,animate.css@3.5.2 ; bootstrap-datepicker@1.8.0 ; bootstrap-multiselect@0.9.13 ; bootstrap-select@1.13.10 ; bootstrap@4.1.1 ; datatables.net@1.10.19 ; ekko-lightbox@5.3.0 ; flexboxgrid@6.3.1 ; fullcalendar@3.9.0 ; gijgo@1.9.11 ; jquery-mask-plugin@1.14.15 ; jquery@3.4.1 ; lottie-player@2.0.12 ; moment@2.30.1 ; popper.js@1.14.3 ; slim-select@1.26.0,showing_email_candidates,not_flagged,contact_pages,,,,,,valid=0; invalid=0; risky=0; unknown=0
11924,>30M,gameboost.co,yes,,,,0,,,no_public_email_found,not_flagged,contact_pages,,,,,,valid=0; invalid=0; risky=0; unknown=0
11925,>30M,leadpda.org.au,no,,,,0,,,no_public_email_found,not_flagged,contact_pages,,,,,,valid=0; invalid=0; risky=0; unknown=0
11926,>30M,rosyhome.co,yes,,,https://rosyhome.typeform.com/to/FHreqe,0,,,no_public_email_found,not_flagged,contact_pages,,,,,,valid=0; invalid=0; risky=0; unknown=0
11927,>30M,michelmueller.net,no,,,,0,,consulting@michelmueller.net,showing_email_candidates,not_flagged,contact_pages,,,,,,valid=0; invalid=0; risky=0; unknown=0
11928,>30M,baobab-pictures.com,no,,,,0,,,no_public_email_found,not_flagged,contact_pages,,,,,,valid=0; invalid=0; risky=0; unknown=0
11929,>30M,mysenseicoach.com,yes,,,https://form.typeform.com/to/bH3I7nvS ; https://form.typeform.com/to/NjAmwCHw ; https://form.typeform.com/to/T96XuwhN,0,,contact@mysenseicoach.com ; jean.dupont@gmail.com,showing_email_candidates,not_flagged,contact_pages,contact@mysenseicoach.com,contact@mysenseicoach.com,,,,valid=1; invalid=0; risky=0; unknown=0
11930,>30M,kurimotokoumuten.com,no,,,,0,,,no_public_email_found,not_flagged,contact_pages,,,,,,valid=0; invalid=0; risky=0; unknown=0
11931,>30M,data-hab.com,yes,,,,0,,,no_public_email_found,not_flagged,contact_pages,,,,,,valid=0; invalid=0; risky=0; unknown=0
11932,>30M,teledentistryinnovationawards.com,yes,,,,0,,,no_public_email_found,not_flagged,contact_pages,,,,,,valid=0; invalid=0; risky=0; unknown=0
11933,>30M,gigaux.com,yes,,,,0,,,no_public_email_found,not_flagged,contact_pages,,,,,,valid=0; invalid=0; risky=0; unknown=0
11934,>30M,tonyosteo.com,no,,,https://embed.typeform.com/,0,,guest@domain.com,showing_email_candidates,not_flagged,contact_pages,,,,,,valid=0; invalid=0; risky=0; unknown=0
11935,>30M,listabits.com,no,,,,0,,,no_public_email_found,not_flagged,contact_pages,,,,,,valid=0; invalid=0; risky=0; unknown=0
11936,>30M,glue.wtf,no,,,,0,,,no_public_email_found,not_flagged,contact_pages,,,,,,valid=0; invalid=0; risky=0; unknown=0
11937,>30M,jeremysigal.com,yes,,,,0,,,no_public_email_found,not_flagged,contact_pages,,,,,,valid=0; invalid=0; risky=0; unknown=0
11938,>30M,blackbelthusband.com,yes,,,,0,,,no_public_email_found,not_flagged,contact_pages,,,,,,valid=0; invalid=0; risky=0; unknown=0
11939,>30M,tutormedicina.com,no,,,,0,,bootstrap-icons@1.13.1 ; sweetalert2@11.js ; tutormedicinasrl@gmail.com,showing_email_candidates,not_flagged,contact_pages,,,,,,valid=0; invalid=0; risky=0; unknown=0
11940,>30M,toyotacuernavacanorte.com.mx,no,,,,0,,,no_public_email_found,not_flagged,contact_pages,,,,,,valid=0; invalid=0; risky=0; unknown=0
11941,>30M,gabrielethais.com.br,no,,,,0,,,no_public_email_found,not_flagged,contact_pages,,,,,,valid=0; invalid=0; risky=0; unknown=0
11942,>30M,toyotacuautla.com.mx,no,,,,0,,,no_public_email_found,not_flagged,contact_pages,,,,,,valid=0; invalid=0; risky=0; unknown=0
11943,>30M,rockawayventures.com,no,,,,0,,contact@rockawayventures.com,showing_email_candidates,not_flagged,contact_pages,contact@rockawayventures.com,contact@rockawayventures.com,,,,valid=1; invalid=0; risky=0; unknown=0
11944,>30M,internationalchurchsc.com,no,,,,0,,,no_public_email_found,not_flagged,contact_pages,,,,,,valid=0; invalid=0; risky=0; unknown=0
11945,>30M,magnatist.com,no,,,,0,,,no_public_email_found,not_flagged,contact_pages,,,,,,valid=0; invalid=0; risky=0; unknown=0
11946,>30M,qbitflow.com,yes,,,,0,,marketing@jaai-group.com,showing_email_candidates,not_flagged,contact_pages,,,,,,valid=0; invalid=0; risky=0; unknown=0
11947,>30M,chatbotjo.com,no,,,,0,,sales@ciffrado.com,showing_email_candidates,not_flagged,contact_pages,,,,,,valid=0; invalid=0; risky=0; unknown=0
11948,>30M,hyke.online,no,,,https://lebestark.typeform.com/,0,,corinne@lebestark.ch,showing_email_candidates,not_flagged,contact_pages,,,,,,valid=0; invalid=0; risky=0; unknown=0
11949,>30M,srsmove.com,yes,,,https://eg7qbn8d9v9.typeform.com/to/v2L3hFWb,0,,logo1@2x.png,showing_email_candidates,not_flagged,contact_pages,,,,,,valid=0; invalid=0; risky=0; unknown=0
11950,>30M,coachedbygeorgia.com,yes,,,,0,,,no_public_email_found,not_flagged,contact_pages,,,,,,valid=0; invalid=0; risky=0; unknown=0
11951,>30M,learnedtutoring.com,no,,,,0,,,no_public_email_found,not_flagged,contact_pages,,,,,,valid=0; invalid=0; risky=0; unknown=0
11952,>30M,raphyj.com,yes,,,,0,,,no_public_email_found,not_flagged,contact_pages,,,,,,valid=0; invalid=0; risky=0; unknown=0
11953,>30M,kirasocial.com,yes,,,,0,,flags@2x.png,showing_email_candidates,not_flagged,contact_pages,,,,,,valid=0; invalid=0; risky=0; unknown=0
11954,>30M,virtualtoolshowcase.com,no,,,,0,,,no_public_email_found,not_flagged,contact_pages,,,,,,valid=0; invalid=0; risky=0; unknown=0
11955,>30M,askogeng.no,no,,,https://askogeng.typeform.com/,0,,hello@askogeng.no,showing_email_candidates,not_flagged,contact_pages,hello@askogeng.no,hello@askogeng.no,,,,valid=1; invalid=0; risky=0; unknown=0
11956,>30M,metavallon.vc,yes,,,https://metavallonvc.typeform.com/to/ZanbyTdD,0,,,no_public_email_found,not_flagged,contact_pages,,,,,,valid=0; invalid=0; risky=0; unknown=0
11957,>30M,angielocutora.com,yes,,,https://consulta222227.typeform.com/to/Uz0mA4NF ; https://embed.typeform.com/,0,,contact@angielocutora.com ; info@angielocutora.com ; john@doe.com,showing_email_candidates,not_flagged,contact_pages,contact@angielocutora.com ; info@angielocutora.com,contact@angielocutora.com,,,info@angielocutora.com,valid=1; invalid=0; risky=0; unknown=1
11958,>30M,sintoper.com,yes,,,,0,,,no_public_email_found,not_flagged,contact_pages,,,,,,valid=0; invalid=0; risky=0; unknown=0
11959,>30M,preservertalagard.com,yes,,,https://jean-marczulesi.typeform.com/to/BBoA8D,0,,phur.talagard@gmail.com ; vinci-autoroutes-asf-a7@mail.registre-numerique.fr,showing_email_candidates,not_flagged,contact_pages,,,,,,valid=0; invalid=0; risky=0; unknown=0
11960,>30M,stevenceli.com,yes,,,https://9k34lw2tgbe.typeform.com/to/POoxpkgS,0,,contact@stevenceli.com,showing_email_candidates,not_flagged,contact_pages,contact@stevenceli.com,contact@stevenceli.com,,,,valid=1; invalid=0; risky=0; unknown=0
11961,>30M,fssm.gmbh,yes,,,https://z4jahk4c48f.typeform.com/to/b3vGEOWC,0,,office@fssm-brandschutz.at ; office@fssm.gmbh,showing_email_candidates,not_flagged,contact_pages,office@fssm.gmbh,,,,office@fssm.gmbh,valid=0; invalid=0; risky=0; unknown=1
11962,>30M,my-financial-plan.com,yes,,,,0,,,no_public_email_found,not_flagged,contact_pages,,,,,,valid=0; invalid=0; risky=0; unknown=0
11963,>30M,territoria.center,no,,,,0,,info@territoria.center ; marketing@territoria.center,showing_email_candidates,not_flagged,contact_pages,info@territoria.center ; marketing@territoria.center,,,,info@territoria.center ; marketing@territoria.center,valid=0; invalid=0; risky=0; unknown=2
11964,>30M,profood.solutions,no,,,,0,,,no_public_email_found,not_flagged,contact_pages,,,,,,valid=0; invalid=0; risky=0; unknown=0
11965,>30M,lightcatchergardendesign.com,yes,,,,0,,,no_public_email_found,not_flagged,contact_pages,,,,,,valid=0; invalid=0; risky=0; unknown=0
11966,>30M,okr-beratung.com,yes,,,,0,,info@okr-beratung.com,showing_email_candidates,not_flagged,contact_pages,info@okr-beratung.com,,,,info@okr-beratung.com,valid=0; invalid=0; risky=0; unknown=1
11967,>30M,smarttarga.com,yes,,,https://embed.typeform.com/ ; https://smarttarga.typeform.com/to/AA19oK ; https://smarttarga.typeform.com/to/o1X4t6,0,,,no_public_email_found,not_flagged,contact_pages,,,,,,valid=0; invalid=0; risky=0; unknown=0
11968,>30M,bclabs.tech,yes,,,https://form.typeform.com/to/f6FAkuri,0,,,no_public_email_found,not_flagged,contact_pages,,,,,,valid=0; invalid=0; risky=0; unknown=0
11969,>30M,kinobino.com,yes,,,https://stefflee.typeform.com/to/gv5uDI,0,,,no_public_email_found,not_flagged,contact_pages,,,,,,valid=0; invalid=0; risky=0; unknown=0
11970,>30M,6ixplore.com,yes,,,https://d4nntuql8ym.typeform.com/to/zA0sIL1d,0,,,no_public_email_found,not_flagged,contact_pages,,,,,,valid=0; invalid=0; risky=0; unknown=0
11971,>30M,usparkpass.com,no,,,,0,,,no_public_email_found,not_flagged,contact_pages,,,,,,valid=0; invalid=0; risky=0; unknown=0
11972,>30M,fivestarcounsel.com,yes,,,https://admin.typeform.com/ ; https://embed.typeform.com/ ; https://public-assets.typeform.com/ ; https://strohmeyerlaw.typeform.com/to/wx8xot,0,,,no_public_email_found,not_flagged,contact_pages,,,,,,valid=0; invalid=0; risky=0; unknown=0
11973,>30M,totinet.cat,yes,,,,0,,,no_public_email_found,not_flagged,contact_pages,,,,,,valid=0; invalid=0; risky=0; unknown=0
11974,>30M,moneyseries.net,yes,,,https://moneyseries.typeform.com/to/UvdR02,0,,moneyseries.net@gmail.com ; suthidts@gmail.com,showing_email_candidates,not_flagged,contact_pages,,,,,,valid=0; invalid=0; risky=0; unknown=0
11975,>30M,entrepreneurshipcompetences.com,yes,,,https://2019-survey.typeform.com/to/hko0nj,0,,cristina@entrepreneurshipcompetences.com,showing_email_candidates,not_flagged,contact_pages,,,,,,valid=0; invalid=0; risky=0; unknown=0
11976,>30M,csscloud.co.uk,no,,,,0,,,no_public_email_found,not_flagged,contact_pages,,,,,,valid=0; invalid=0; risky=0; unknown=0
11977,>30M,jetblaster.com.au,no,,,,0,,,no_public_email_found,not_flagged,contact_pages,,,,,,valid=0; invalid=0; risky=0; unknown=0
11978,>30M,rapidtransformation.co.uk,no,,,,0,,,no_public_email_found,not_flagged,contact_pages,,,,,,valid=0; invalid=0; risky=0; unknown=0
11979,>30M,eventible.ca,yes,,,,0,,,no_public_email_found,not_flagged,contact_pages,,,,,,valid=0; invalid=0; risky=0; unknown=0
11980,>30M,stitchintime.org.au,yes,,,https://form.typeform.com/to/Hhni2jWK,0,,ecom-swiper@11.0.5.js ; ecom-swiper@11.css,showing_email_candidates,not_flagged,contact_pages,,,,,,valid=0; invalid=0; risky=0; unknown=0
11981,>30M,stojany.online,no,,,,0,,,no_public_email_found,not_flagged,contact_pages,,,,,,valid=0; invalid=0; risky=0; unknown=0
11982,>30M,omaradel.net,yes,,,https://zpknfgy2uv1.typeform.com/to/iMWTdE3P,0,,info@omaradel.net,showing_email_candidates,not_flagged,contact_pages,info@omaradel.net,,,,info@omaradel.net,valid=0; invalid=0; risky=0; unknown=1
11983,>30M,johntruemusic.com,yes,,,https://johntrue.typeform.com/to/XRGCw9,0,,,no_public_email_found,not_flagged,contact_pages,,,,,,valid=0; invalid=0; risky=0; unknown=0
11984,>30M,estibalizbilbao.com,yes,,,https://form.typeform.com/to/J4n5AZ58,0,,,no_public_email_found,not_flagged,contact_pages,,,,,,valid=0; invalid=0; risky=0; unknown=0
11985,>30M,azlegal.cz,yes,,,https://embed.typeform.com/ ; https://form.typeform.com/to/kCdv492w,0,,ajax-loader@2x.gif ; info@azlegal.cz,showing_email_candidates,not_flagged,contact_pages,info@azlegal.cz,,,,info@azlegal.cz,valid=0; invalid=0; risky=0; unknown=1
11986,>30M,domore.fitness,yes,,,https://7e88tyiug7t.typeform.com/to/O2YXAB4s,0,,,no_public_email_found,not_flagged,contact_pages,,,,,,valid=0; invalid=0; risky=0; unknown=0
11987,>30M,breslaudentist.com,yes,,,https://embed.typeform.com/ ; https://revupgroup.typeform.com/to/KDBc4eAY,0,,contact@breslaudentist.com ; name@example.com,showing_email_candidates,not_flagged,contact_pages,contact@breslaudentist.com,contact@breslaudentist.com,,,,valid=1; invalid=0; risky=0; unknown=0
11988,>30M,karmacans.co.uk,yes,,,,0,,,no_public_email_found,not_flagged,contact_pages,,,,,,valid=0; invalid=0; risky=0; unknown=0
11989,>30M,guesteasy.gr,no,,,,0,,example@domain.com,showing_email_candidates,not_flagged,contact_pages,,,,,,valid=0; invalid=0; risky=0; unknown=0
11990,>30M,aoi-toyo.jp,no,,,,0,,,no_public_email_found,not_flagged,contact_pages,,,,,,valid=0; invalid=0; risky=0; unknown=0
11991,>30M,quapartments.ca,yes,,,,0,,,no_public_email_found,not_flagged,contact_pages,,,,,,valid=0; invalid=0; risky=0; unknown=0
11992,>30M,creativebenefits.co.uk,no,,,,0,,admin@creativepensiontrust.co.uk ; enquiries@creativebenefits.co.uk ; membersupport@rs.mpms.mufg.com ; slick-carousel@1.8.1 ; team@creativeae.co.uk ; transfers@creativepensiontrust.co.uk,showing_email_candidates,not_flagged,contact_pages,enquiries@creativebenefits.co.uk,enquiries@creativebenefits.co.uk,,,,valid=1; invalid=0; risky=0; unknown=0
11993,>30M,anant-j.com,no,,,,0,,,no_public_email_found,not_flagged,contact_pages,,,,,,valid=0; invalid=0; risky=0; unknown=0
11994,>30M,goldenduonetwork.tumblr.com,yes,,,https://mylovejhs.typeform.com/to/KEJIWw,0,,1@2x.png,showing_email_candidates,not_flagged,contact_pages,,,,,,valid=0; invalid=0; risky=0; unknown=0
11995,>30M,iutcm.edu.ve,no,,,,0,,soporte@iutcm.edu.ve ; soporte@iutcm.gob,showing_email_candidates,not_flagged,contact_pages,,,,,,valid=0; invalid=0; risky=0; unknown=0
11996,>30M,anwalt-abmahnung-muenchen.de,yes,,,https://omtix.typeform.com/to/fmBIXFYk,0,,beratung@anwaltskanzlei-schaefer-muenchen.de,showing_email_candidates,not_flagged,contact_pages,,,,,,valid=0; invalid=0; risky=0; unknown=0
11997,>30M,taeguknet.tumblr.com,yes,,,https://jungkook1.typeform.com/to/Ggp791,0,,1@2x.png,showing_email_candidates,not_flagged,contact_pages,,,,,,valid=0; invalid=0; risky=0; unknown=0
11998,>30M,holo-way.com,no,,,,0,,,no_public_email_found,not_flagged,contact_pages,,,,,,valid=0; invalid=0; risky=0; unknown=0
11999,>30M,rkretirementsolutions.com,no,,,,0,,bob@rkretirementsolutions.com ; jeremy@rkretirementsolutions.com,showing_email_candidates,not_flagged,contact_pages,,,,,,valid=0; invalid=0; risky=0; unknown=0
12000,>30M,cpfitness.ie,yes,,,,0,,,no_public_email_found,not_flagged,contact_pages,,,,,,valid=0; invalid=0; risky=0; unknown=0
12001,>30M,toyotalomasverdes.com.mx,no,,,,0,,,no_public_email_found,not_flagged,contact_pages,,,,,,valid=0; invalid=0; risky=0; unknown=0
12002,>30M,beehivefurfriends.com,yes,,,https://form.typeform.com/to/R1a4STrL,0,,email@example.com,showing_email_candidates,not_flagged,contact_pages,,,,,,valid=0; invalid=0; risky=0; unknown=0
12003,>30M,declic-marketing.ch,no,,,,0,,,no_public_email_found,not_flagged,contact_pages,,,,,,valid=0; invalid=0; risky=0; unknown=0
12004,>30M,southcliff.co.uk,yes,,,,0,,,no_public_email_found,not_flagged,contact_pages,,,,,,valid=0; invalid=0; risky=0; unknown=0
12005,>30M,ask.gov.az,yes,,,,0,,,no_public_email_found,not_flagged,contact_pages,,,,,,valid=0; invalid=0; risky=0; unknown=0
12006,>30M,everlastboxing.com.ar,yes,,,https://admin.typeform.com/ ; https://embed.typeform.com/ ; https://form.typeform.com/to/dbdwlWue,0,,aliro@superbrands.com.ar ; info@superbrands.com.ar,showing_email_candidates,not_flagged,contact_pages,,,,,,valid=0; invalid=0; risky=0; unknown=0
12007,>30M,hyperthesis.co,no,,,,0,,,no_public_email_found,not_flagged,contact_pages,,,,,,valid=0; invalid=0; risky=0; unknown=0
12008,>30M,invisalignsouthlakeunion.com,yes,,,https://capstonecreative.typeform.com/to/XLI9Ru ; https://embed.typeform.com/,0,,,no_public_email_found,not_flagged,contact_pages,,,,,,valid=0; invalid=0; risky=0; unknown=0
12009,>30M,jiggerandspoon.de,yes,,,https://rouw84xwea5.typeform.com/to/UrnR6eqW,0,,impressum2023@jas.bar ; info@jiggerandspoon.de ; jas.website@getmade.biz,showing_email_candidates,not_flagged,contact_pages,info@jiggerandspoon.de,,,,info@jiggerandspoon.de,valid=0; invalid=0; risky=0; unknown=1
12010,>30M,woozworldspies.blogspot.com,yes,,,https://queenrosiewooz.typeform.com/to/cWZ7Nf ; https://queenrosiewooz.typeform.com/to/JzgkxO ; https://queenrosiewooz.typeform.com/to/xpijuD ; https://queenrosiewooz.typeform.com/to/Ztbwax,0,,queenrosiewooz@gmail.com,showing_email_candidates,not_flagged,contact_pages,,,,,,valid=0; invalid=0; risky=0; unknown=0
12011,>30M,agrostal.com.pl,no,,,,0,,agro-stal.pphu@wp.pl ; agrostal.pphu@gmail.com,showing_email_candidates,not_flagged,contact_pages,,,,,,valid=0; invalid=0; risky=0; unknown=0
12012,>30M,remax-praca.pl,yes,,,https://form.typeform.com/to/COmJmtYo,0,,lodz@remax-praca.pl ; opole@remax-praca.pl ; rzeszow@remax-praca.pl ; walbrzych@remax-praca.pl,showing_email_candidates,not_flagged,contact_pages,,,,,,valid=0; invalid=0; risky=0; unknown=0
12013,>30M,midsouthgiftedacademy.com,yes,,,,0,,,no_public_email_found,not_flagged,contact_pages,,,,,,valid=0; invalid=0; risky=0; unknown=0
12014,>30M,dariobertossi.com,yes,,,,0,,,no_public_email_found,not_flagged,contact_pages,,,,,,valid=0; invalid=0; risky=0; unknown=0
12015,>30M,dalecarnegieitalia.it,yes,,,,0,,,no_public_email_found,not_flagged,contact_pages,,,,,,valid=0; invalid=0; risky=0; unknown=0
12016,>30M,mellore.com.br,yes,,,,0,,,no_public_email_found,not_flagged,contact_pages,,,,,,valid=0; invalid=0; risky=0; unknown=0
12017,>30M,finanziert.at,no,,,,0,,kooperation@brandnation.at ; marketing@brandnation.at,showing_email_candidates,not_flagged,contact_pages,,,,,,valid=0; invalid=0; risky=0; unknown=0
12018,>30M,tankevirus.no,yes,,,https://tankevirus.typeform.com/to/p3PcFzab,0,,kundeservice@tankevirus.no,showing_email_candidates,not_flagged,contact_pages,,,,,,valid=0; invalid=0; risky=0; unknown=0
12019,>30M,sirelo.co.uk,no,,,,0,,,no_public_email_found,not_flagged,contact_pages,,,,,,valid=0; invalid=0; risky=0; unknown=0
12020,>30M,vijzbespokes.com,no,,,https://vijzbespokes.typeform.com/ ; https://vwkeh6dj3mc.typeform.com/to/KhbAFDn2,0,,info@vijzbespokes.com ; jquery@3.6.0 ; readmore.js@2.0.4,showing_email_candidates,not_flagged,contact_pages,info@vijzbespokes.com,,,,info@vijzbespokes.com,valid=0; invalid=0; risky=0; unknown=1
12021,>30M,swarmsagency.com,no,,,,0,,hello@swarmsagency.com,showing_email_candidates,not_flagged,contact_pages,hello@swarmsagency.com,hello@swarmsagency.com,,,,valid=1; invalid=0; risky=0; unknown=0
12022,>30M,emmapedro.com,yes,,,https://form.typeform.com/to/vNfQbUOr,0,,emma@emmapedro.com,showing_email_candidates,not_flagged,contact_pages,,,,,,valid=0; invalid=0; risky=0; unknown=0
12023,>30M,visaapprovals.com,no,,,https://29qemoaybtb.typeform.com/,0,,accreditation@barclayslloyds.org ; adviser@barclayslloyds.org ; declines@barclayslloyds.org ; insurance@barclayslloyds.org ; jobchange@barclayslloyds.org ; newpartner@barclayslloyds.org ; parents@barclayslloyds.org ; residencevisa@barclayslloyds.org ; study@barclayslloyds.org ; visitorvisa@barclayslloyds.org ; workvisa@barclayslloyds.org,showing_email_candidates,not_flagged,contact_pages,,,,,,valid=0; invalid=0; risky=0; unknown=0
12024,>30M,ittakesawomanzine.tumblr.com,yes,,,https://catstealers.typeform.com/to/QqkWFq,0,,1@2x.png,showing_email_candidates,not_flagged,contact_pages,,,,,,valid=0; invalid=0; risky=0; unknown=0
12025,>30M,bipoctvandfilm.com,no,,,,0,,,no_public_email_found,not_flagged,contact_pages,,,,,,valid=0; invalid=0; risky=0; unknown=0
12026,>30M,everscouts.com,no,,,,0,,,no_public_email_found,not_flagged,contact_pages,,,,,,valid=0; invalid=0; risky=0; unknown=0
12027,>30M,align-mind.com,no,,,,0,,shubinder92@gmail.com,showing_email_candidates,not_flagged,contact_pages,,,,,,valid=0; invalid=0; risky=0; unknown=0
12028,>30M,saku.or.jp,no,,,,0,,,no_public_email_found,not_flagged,contact_pages,,,,,,valid=0; invalid=0; risky=0; unknown=0
12029,>30M,heartcount.io,yes,,,https://lnxg61tc19m.typeform.com/to/n94YHbBT ; https://lnxg61tc19m.typeform.com/to/WPJ1lJ2Y,0,,pretendard@v1.3.9 ; support@idk2.co.kr,showing_email_candidates,not_flagged,contact_pages,,,,,,valid=0; invalid=0; risky=0; unknown=0
12030,>30M,katereardon.com.au,yes,,,,0,,kate@katereardon.com.au,showing_email_candidates,not_flagged,contact_pages,,,,,,valid=0; invalid=0; risky=0; unknown=0
12031,>30M,wasapbro.com,no,,,,0,,,no_public_email_found,not_flagged,contact_pages,,,,,,valid=0; invalid=0; risky=0; unknown=0
12032,>30M,ther3turn.com,yes,,,https://60m8q8tae1h.typeform.com/to/g0I0uwEL,0,,email@example.com,showing_email_candidates,not_flagged,contact_pages,,,,,,valid=0; invalid=0; risky=0; unknown=0
12033,>30M,alexgilburg.com,no,,,,0,,,no_public_email_found,not_flagged,contact_pages,,,,,,valid=0; invalid=0; risky=0; unknown=0
12034,>30M,helionmusicgroup.pl,yes,,,,0,,kontakt@helionmusicgroup.pl,showing_email_candidates,not_flagged,contact_pages,,,,,,valid=0; invalid=0; risky=0; unknown=0
12035,>30M,kevineger.com.br,yes,,,,0,,,no_public_email_found,not_flagged,contact_pages,,,,,,valid=0; invalid=0; risky=0; unknown=0
12036,>30M,sueciacarmasaryk.com,no,,,https://images.typeform.com/,0,,nombre@dominio.com,showing_email_candidates,not_flagged,contact_pages,,,,,,valid=0; invalid=0; risky=0; unknown=0
12037,>30M,adexlearning.com,yes,,,https://admin.typeform.com/ ; https://embed.typeform.com/ ; https://grupoae.typeform.com/to/lFr7m9 ; https://grupoae.typeform.com/to/Wh9ZjC,0,,info@adexlearning.com,showing_email_candidates,not_flagged,contact_pages,info@adexlearning.com,,info@adexlearning.com,,,valid=0; invalid=1; risky=0; unknown=0
12038,>30M,valentingeiss.com,yes,,,,0,,dpo-google@google.com ; dpo@hotjar.com ; dpo@wordpress.org ; gdpr@typeform.com ; hello@valentingeiss.com ; privacy@calendly.com ; privacy@spotify.com ; privacy@vimeo.com ; support@fb.com ; valentingeiss-wedding-photographer-1-3@0.5x-206x300.png ; valentingeiss-wedding-photographer-1-3@0.5x.png,showing_email_candidates,not_flagged,contact_pages,hello@valentingeiss.com,hello@valentingeiss.com,,,,valid=1; invalid=0; risky=0; unknown=0
12039,>30M,upliftfitnessohio.com,yes,,,https://chase120655.typeform.com/to/fp0xfj9H ; https://chase120655.typeform.com/to/UCftIxfx,0,,team@upliftfitnessohio.com,showing_email_candidates,not_flagged,contact_pages,team@upliftfitnessohio.com,,,,team@upliftfitnessohio.com,valid=0; invalid=0; risky=0; unknown=1
12040,>30M,worldmission.media,yes,,,https://accentnetwork.typeform.com/to/w20ZPAhd ; https://accentnetwork.typeform.com/to/zI3ON7,0,,,no_public_email_found,not_flagged,contact_pages,,,,,,valid=0; invalid=0; risky=0; unknown=0
12041,>30M,ampercoaching.com,no,,,,0,,ca@ampercoaching.com ; catherine@ampercoaching.com,showing_email_candidates,not_flagged,contact_pages,,,,,,valid=0; invalid=0; risky=0; unknown=0
12042,>30M,supply-chain-consultancy.com,yes,,,https://blmc.typeform.com/to/j6fzJO,0,,info@blmc.nl ; info@supply-chain-consultancy.com,showing_email_candidates,not_flagged,contact_pages,info@supply-chain-consultancy.com,,,,info@supply-chain-consultancy.com,valid=0; invalid=0; risky=0; unknown=1
12043,>30M,swiss-photovoltaik.ch,yes,,,https://swissphotovoltaik.typeform.com/to/CjTK2m5G,0,,ak@swiss-photovoltaik.ch ; arm@swiss-photovoltaik.ch ; brs@swiss-photovoltaik.ch ; cj@swiss-photovoltaik.ch ; da@swiss-photovoltaik.ch ; dat@swiss-photovoltaik.ch ; deb@swiss-photovoltaik.ch ; dm@swiss-photovoltaik.ch ; fh@swiss-photovoltaik.ch ; fjh@swiss-photovoltaik.ch ; fm@swiss-photovoltaik.ch ; fz@swiss-photovoltaik.ch ; gf@swiss-photovoltaik.ch ; grs@swiss-photovoltaik.ch ; info@swiss-photovoltaik.ch ; jb@swiss-photovoltaik.ch ; jf@swiss-photovoltaik.ch ; lib@swiss-photovoltaik.ch ; lm@swiss-photovoltaik.ch ; mat@swiss-photovoltaik.ch ; mb@swiss-photovoltaik.ch ; mep@swiss-photovoltaik.ch ; mp@swiss-photovoltaik.ch ; mt@swiss-photovoltaik.ch ; mz@swiss-photovoltaik.ch ; nr@swiss-photovoltaik.ch ; pa@swiss-photovoltaik.ch ; pr@swiss-photovoltaik.ch ; sd@swiss-photovoltaik.ch ; service@swiss-photovoltaik.ch ; sf@swiss-photovoltaik.ch ; sis@swiss-photovoltaik.ch ; sl@swiss-photovoltaik.ch ; tho@swiss-photovoltaik.ch ; tw@swiss-photovoltaik.ch ; vb@swiss-photovoltaik.ch ; vk@swiss-photovoltaik.ch ; wl@swiss-photovoltaik.ch,showing_email_candidates,not_flagged,contact_pages,info@swiss-photovoltaik.ch ; service@swiss-photovoltaik.ch,,,,info@swiss-photovoltaik.ch ; service@swiss-photovoltaik.ch,valid=0; invalid=0; risky=0; unknown=2
12044,>30M,soprema.ae,no,,,,0,,assistance@soprema.fr,showing_email_candidates,not_flagged,contact_pages,,,,,,valid=0; invalid=0; risky=0; unknown=0
12045,>30M,americanstandard.com.sg,no,,,https://lixil.typeform.com/,0,,,no_public_email_found,not_flagged,contact_pages,,,,,,valid=0; invalid=0; risky=0; unknown=0
12046,>30M,russcanzlersports.com,no,,,,0,,,no_public_email_found,not_flagged,contact_pages,,,,,,valid=0; invalid=0; risky=0; unknown=0
12047,>30M,proathleteventures.com,no,,,,0,,,no_public_email_found,not_flagged,contact_pages,,,,,,valid=0; invalid=0; risky=0; unknown=0
12048,>30M,storyandstudios.com,no,,,,0,,box-1-american-airlines_640x@2x.png ; box-1-ashanti-wet_3ce396b5-9c68-4e97-8411-ba2e841d0f9c_640x@2x.png ; box-1-att_640x@2x.png ; box-1-b-simone-wet_66b12765-d849-425b-bd61-22624f7d890e_640x@2x.png ; box-1-bernice-wet_640x@2x.png ; box-1-cardi-wet_640x@2x.png ; box-1-chance-wet_640x@2x.png ; box-1-dess-wet_640x@2x.png ; box-1-dream-doll-wet_640x@2x.png ; box-1-dtlr-villa_640x@2x.png ; box-1-erica-merna-wet_640x@2x.png ; box-1-essence_640x@2x.png ; box-1-hip-hop-dx_640x@2x.png ; box-1-jayda-wet-new_640x@2x.png ; box-1-jhene-aiko-wet_640x@2x.png ; box-1-just-don_640x@2x.png ; box-1-karen-civil-wet_640x@2x.png ; box-1-kash-doll_17042b32-a139-4daa-8a56-0db2604ec039_640x@2x.png ; box-1-kehlani_640x@2x.png ; box-1-keri-hilson-wet_ef9c48ed-3acf-427a-9792-6bb7f140b756_640x@2x.png ; box-1-kyle-korver_640x@2x.png ; box-1-lauren-london-wet_640x@2x.png ; box-1-lil-baby_640x@2x.png ; box-1-lil-kim-wet_640x@2x.png ; box-1-mya-wet_712697be-a53c-4c51-a713-71822a942561_640x@2x.png ; box-1-nazanin-wet_20ddc174-24c0-41ae-9749-e3958cf4b54f_640x@2x.png ; box-1-olori-wet_640x@2x.png ; box-1-patagonia_640x@2x.png ; box-1-patron_640x@2x.png ; box-1-rademita_640x@2x.png ; box-1-rocnation_640x@2x.png ; box-1-shawn-johnson_640x@2x.png ; box-1-slam-magazine_640x@2x.png ; box-1-sony-music_640x@2x.png ; box-1-spice-adams_640x@2x.png ; box-1-tammy-wet_640x@2x.png ; box-1-teyana-taylor-wet_640x@2x.png ; box-1-the-shoe-surgeon_640x@2x.png ; box-1-tidal_640x@2x.png ; box-1-tiller-wet_640x@2x.png ; box-1-watch-jazzy-wet_640x@2x.png ; box-1-yachty_640x@2x.png ; dusse_153x@2x.png ; girl_ko-logo-icon_153x@2x.png ; gusipe_153x@2x.png ; headliner_153x@2x.png ; honey_7b46ac7a-886f-4cfb-ae31-f161c8db1171_153x@2x.png ; logos-jameson_153x@2x.png ; maven_153x@2x.png ; pageant-logo_153x@2x.png ; patagonia_153x@2x.png ; patron_153x@2x.png ; rocnation_153x@2x.png ; story-_-studios-logo-1_200x@2x.png ; tidal_153x@2x.png ; vet_153x@2x.png,showing_email_candidates,not_flagged,contact_pages,,,,,,valid=0; invalid=0; risky=0; unknown=0
12049,>30M,team-mihabodytec.com,yes,,,https://team-mihabodytec.typeform.com/to/irACNB,0,,contact@mihabodytec-france.com ; u003econtact@mihabodytec-france.com,showing_email_candidates,not_flagged,contact_pages,,,,,,valid=0; invalid=0; risky=0; unknown=0
12050,>30M,myturnkeyhome.com,yes,,,,0,,,no_public_email_found,not_flagged,contact_pages,,,,,,valid=0; invalid=0; risky=0; unknown=0
12051,>30M,fastlanelending.com,no,,,,0,,andrew.wood@socialordeals.com ; fls-illustration_walk@2x-300x289.png ; fls-illustration_walk@2x.png ; info@fastlanelending.com,showing_email_candidates,not_flagged,contact_pages,info@fastlanelending.com,,,,info@fastlanelending.com,valid=0; invalid=0; risky=0; unknown=1
12052,>30M,endurae.com,yes,,,https://embed.typeform.com/ ; https://endurae.typeform.com/to/F0KGE5,0,,info@example.com,showing_email_candidates,not_flagged,contact_pages,,,,,,valid=0; invalid=0; risky=0; unknown=0
12053,>30M,atai.se,no,,,,0,,,no_public_email_found,not_flagged,contact_pages,,,,,,valid=0; invalid=0; risky=0; unknown=0
12054,>30M,avenbokshack.se,yes,,,https://embed.typeform.com/ ; https://plantinavia.typeform.com/to/PDMToO,0,,katex@0.16.4,showing_email_candidates,not_flagged,contact_pages,,,,,,valid=0; invalid=0; risky=0; unknown=0
12055,>30M,avato.se,no,,,,0,,,no_public_email_found,not_flagged,contact_pages,,,,,,valid=0; invalid=0; risky=0; unknown=0
12056,>30M,bastuexperten.se,yes,,,https://scbqn22252x.typeform.com/to/akgXgwvF,0,,info@bastuexperten.se,showing_email_candidates,not_flagged,contact_pages,info@bastuexperten.se,,,,info@bastuexperten.se,valid=0; invalid=0; risky=0; unknown=1
12057,>30M,bevakningsruta.se,yes,,,https://rdrqpjo2pax.typeform.com/to/eiVlGnxO,0,,info@bevakningsruta.se,showing_email_candidates,not_flagged,contact_pages,info@bevakningsruta.se,,,,info@bevakningsruta.se,valid=0; invalid=0; risky=0; unknown=1
12058,>30M,bpno.se,no,,,,0,,hello@bpno.dk ; popper.js@1.16.0 ; redaktion@bpno.dk ; sales@bpno.dk,showing_email_candidates,not_flagged,contact_pages,,,,,,valid=0; invalid=0; risky=0; unknown=0
12059,>30M,bostadsrattsnytt.se,yes,,,https://form.typeform.com/to/01JBSSYVENT06PFG3DBVAD0V6A ; https://styrelsemassan.typeform.com/to/rvoMU88r,0,,,no_public_email_found,not_flagged,contact_pages,,,,,,valid=0; invalid=0; risky=0; unknown=0
12060,>30M,brf-forsakring.se,no,,,,0,,info@forsakringsjamforaren.se,showing_email_candidates,not_flagged,contact_pages,,,,,,valid=0; invalid=0; risky=0; unknown=0
12061,>30M,brfnytt.se,no,,,,0,,,no_public_email_found,not_flagged,contact_pages,,,,,,valid=0; invalid=0; risky=0; unknown=0
12062,>30M,campusliving.se,no,,,,0,,,no_public_email_found,not_flagged,contact_pages,,,,,,valid=0; invalid=0; risky=0; unknown=0
12063,>30M,curatime.se,yes,,,https://737w8zh5hxr.typeform.com/to/rEECok8a,0,,anders.nasell@curatime.se,showing_email_candidates,not_flagged,contact_pages,,,,,,valid=0; invalid=0; risky=0; unknown=0
12064,>30M,dizer.se,no,,,,0,,info@dizer.se,showing_email_candidates,not_flagged,contact_pages,info@dizer.se,,,,info@dizer.se,valid=0; invalid=0; risky=0; unknown=1
12065,>30M,eleonoramora.se,yes,,,https://info842917.typeform.com/to/qbTKhmsA,0,,,no_public_email_found,not_flagged,contact_pages,,,,,,valid=0; invalid=0; risky=0; unknown=0
12066,>30M,flowsome.se,yes,,,https://flowsome.typeform.com/to/KXSeDD,0,,,no_public_email_found,not_flagged,contact_pages,,,,,,valid=0; invalid=0; risky=0; unknown=0
12067,>30M,giveachildafuture.se,yes,,,https://form.typeform.com/to/bxWcxIL2,0,,info@giveachildafuture.se ; ninfo@giveachildafuture.se,showing_email_candidates,not_flagged,contact_pages,info@giveachildafuture.se,,,,info@giveachildafuture.se,valid=0; invalid=0; risky=0; unknown=1
12068,>30M,intensivept.se,no,,,,0,,,no_public_email_found,not_flagged,contact_pages,,,,,,valid=0; invalid=0; risky=0; unknown=0
12069,>30M,intensivekost.se,yes,,,https://intensivept.typeform.com/to/ePOPcm5S,0,,info@intensivekost.se ; support@intensivept.se,showing_email_candidates,not_flagged,contact_pages,info@intensivekost.se,,,,info@intensivekost.se,valid=0; invalid=0; risky=0; unknown=1
12070,>30M,lantmannenunibake.se,no,,,,0,,agnieszka.wieclaw@lantmannen.com ; olga_smetanina@yahoo.com ; splide@4.1.4,showing_email_candidates,not_flagged,contact_pages,,,,,,valid=0; invalid=0; risky=0; unknown=0
12071,>30M,lantmannencerealia.se,no,,,,0,,emelie.bontesse@lantmannen.com ; splide@4.1.4,showing_email_candidates,not_flagged,contact_pages,,,,,,valid=0; invalid=0; risky=0; unknown=0
12072,>30M,ronjabergstrom.se,no,,,,0,,info@ronjabergstrom.se,showing_email_candidates,not_flagged,contact_pages,info@ronjabergstrom.se,,,,info@ronjabergstrom.se,valid=0; invalid=0; risky=0; unknown=1
12073,>30M,sakura.se,yes,,,https://kx8z7gsrosy.typeform.com/to/RTjZm43R,0,,,no_public_email_found,not_flagged,contact_pages,,,,,,valid=0; invalid=0; risky=0; unknown=0
12074,>30M,toarulle.se,yes,,,,0,,,no_public_email_found,not_flagged,contact_pages,,,,,,valid=0; invalid=0; risky=0; unknown=0
12075,>30M,valjamaklare.se,no,,,https://form.typeform.com/to/xyN3tuHB,0,,,no_public_email_found,not_flagged,contact_pages,,,,,,valid=0; invalid=0; risky=0; unknown=0
12076,>30M,vasaadvokat.se,no,,,,0,,,no_public_email_found,not_flagged,contact_pages,,,,,,valid=0; invalid=0; risky=0; unknown=0
12077,>30M,expert-beton-decoratif.com,yes,,,,0,,,no_public_email_found,not_flagged,contact_pages,,,,,,valid=0; invalid=0; risky=0; unknown=0
12078,>30M,cyberscotlandconnect.com,yes,,,,0,,,no_public_email_found,not_flagged,contact_pages,,,,,,valid=0; invalid=0; risky=0; unknown=0
12079,>30M,nwmgadvisors.com,yes,,,,0,,compliance@nwmgadvisors.com ; name@example.com,showing_email_candidates,not_flagged,contact_pages,,,,,,valid=0; invalid=0; risky=0; unknown=0
12080,>30M,marketingbybrandon.com,yes,,,https://form.typeform.com/to/D2gAjTfM,0,,,no_public_email_found,not_flagged,contact_pages,,,,,,valid=0; invalid=0; risky=0; unknown=0
12081,>30M,voiceofthevet.us,no,,,https://knym4qokuvd.typeform.com/,0,,info@voiceoftheveteran.org ; john@doe.com,showing_email_candidates,not_flagged,contact_pages,,,,,,valid=0; invalid=0; risky=0; unknown=0
12082,>30M,raadhuis-etendrinken.nl,yes,,,,0,,,no_public_email_found,not_flagged,contact_pages,,,,,,valid=0; invalid=0; risky=0; unknown=0
12083,>30M,iman-gadzhi.com,no,,,,0,,,no_public_email_found,not_flagged,contact_pages,,,,,,valid=0; invalid=0; risky=0; unknown=0
12084,>30M,salimbenhassine.com,no,,,,0,,,no_public_email_found,not_flagged,contact_pages,,,,,,valid=0; invalid=0; risky=0; unknown=0
12085,>30M,tiffanylottering.com,no,,,,0,,,no_public_email_found,not_flagged,contact_pages,,,,,,valid=0; invalid=0; risky=0; unknown=0
12086,>30M,theunfuckwithable.se,yes,,,,0,,,no_public_email_found,not_flagged,contact_pages,,,,,,valid=0; invalid=0; risky=0; unknown=0
12087,>30M,join4power.com,yes,,,https://475d17c98ba.typeform.com/to/pJ7axOCs ; https://form.typeform.com/to/CJMDMGq2,0,,,no_public_email_found,not_flagged,contact_pages,,,,,,valid=0; invalid=0; risky=0; unknown=0
12088,>30M,goliveexperts.com,yes,,,,0,,,no_public_email_found,not_flagged,contact_pages,,,,,,valid=0; invalid=0; risky=0; unknown=0
12089,>30M,billthepatriarchy.com,yes,,,,0,,,no_public_email_found,not_flagged,contact_pages,,,,,,valid=0; invalid=0; risky=0; unknown=0
12090,>30M,wilakeliving.com,no,,,,0,,,no_public_email_found,not_flagged,contact_pages,,,,,,valid=0; invalid=0; risky=0; unknown=0
12091,>30M,empowerlend.com,yes,,,,0,,,no_public_email_found,not_flagged,contact_pages,,,,,,valid=0; invalid=0; risky=0; unknown=0
12092,>30M,executivepace.com,yes,,,,0,,,no_public_email_found,not_flagged,contact_pages,,,,,,valid=0; invalid=0; risky=0; unknown=0
12093,>30M,breathlessexpeditions.com,yes,,,https://5hccubj1wng.typeform.com/to/ruK5J9i1,0,,,no_public_email_found,not_flagged,contact_pages,,,,,,valid=0; invalid=0; risky=0; unknown=0
12094,>30M,physio-wise.com,yes,,,https://form.typeform.com/to/dbr1kN15,0,,,no_public_email_found,not_flagged,contact_pages,,,,,,valid=0; invalid=0; risky=0; unknown=0
12095,>30M,ebp-gmbh.at,no,,,https://embed.typeform.com/,0,,office@ebp-gmbh.at,showing_email_candidates,not_flagged,contact_pages,office@ebp-gmbh.at,,,,office@ebp-gmbh.at,valid=0; invalid=0; risky=0; unknown=1
12096,>30M,sensorymobile.org,yes,,,,0,,,no_public_email_found,not_flagged,contact_pages,,,,,,valid=0; invalid=0; risky=0; unknown=0
12097,>30M,vdlwientjesroden.nl,no,,,,0,,info@vdlwientjesroden.nl,showing_email_candidates,not_flagged,contact_pages,info@vdlwientjesroden.nl,,,,info@vdlwientjesroden.nl,valid=0; invalid=0; risky=0; unknown=1
12098,>30M,phototrend.fr,yes,,,https://phototrend.typeform.com/to/nABmf8 ; https://phototrend.typeform.com/to/YWjl6W,0,,contact@phototrend.fr,showing_email_candidates,not_flagged,contact_pages,contact@phototrend.fr,contact@phototrend.fr,,,,valid=1; invalid=0; risky=0; unknown=0
12099,>30M,flightstalk.com,no,,,,0,,,no_public_email_found,not_flagged,contact_pages,,,,,,valid=0; invalid=0; risky=0; unknown=0
12100,>30M,itcontractmonitor.com,yes,,,https://embed.typeform.com/ ; https://networkvalue.typeform.com/to/ehsyHK,0,,,no_public_email_found,not_flagged,contact_pages,,,,,,valid=0; invalid=0; risky=0; unknown=0
12101,>30M,lothianplans.com,yes,,,,0,,,no_public_email_found,not_flagged,contact_pages,,,,,,valid=0; invalid=0; risky=0; unknown=0
12102,>30M,cyrille-pavy.com,no,,,,0,,,no_public_email_found,not_flagged,contact_pages,,,,,,valid=0; invalid=0; risky=0; unknown=0
12103,>30M,wicompli.com,no,,,,0,,,no_public_email_found,not_flagged,contact_pages,,,,,,valid=0; invalid=0; risky=0; unknown=0
12104,>30M,danielmoves.com,yes,,,,0,,,no_public_email_found,not_flagged,contact_pages,,,,,,valid=0; invalid=0; risky=0; unknown=0
12105,>30M,wonderbench.com,yes,,,,0,,hello@wonderbench.com,showing_email_candidates,not_flagged,contact_pages,hello@wonderbench.com,hello@wonderbench.com,,,,valid=1; invalid=0; risky=0; unknown=0
12106,>30M,soulkuwholesale.com,yes,,,https://soulku.typeform.com/to/AnVKBGVJ,0,,,no_public_email_found,not_flagged,contact_pages,,,,,,valid=0; invalid=0; risky=0; unknown=0
12107,>30M,jonesrealtysocal.com,no,,,https://embed.typeform.com/,0,,core@v4.11.0 ; liz@jonesrealtysocal.com ; turf@7.3,showing_email_candidates,not_flagged,contact_pages,,,,,,valid=0; invalid=0; risky=0; unknown=0
12108,>30M,etttak.se,yes,,,https://ett-tak.typeform.com/to/cGVsEi ; https://ett-tak.typeform.com/to/Fuq4qi,0,,bg-city-anett@2x.svg ; bg-city-copy@2x-1.svg ; cropped-favicon@1x-180x180.png ; cropped-favicon@1x-192x192.png ; cropped-favicon@1x-270x270.png ; cropped-favicon@1x-32x32.png ; hej@etttak.se,showing_email_candidates,not_flagged,contact_pages,,,,,,valid=0; invalid=0; risky=0; unknown=0
12109,>30M,k-furuta.jp,no,,,,0,,,no_public_email_found,not_flagged,contact_pages,,,,,,valid=0; invalid=0; risky=0; unknown=0
12110,>30M,guerreroconstruction.net,yes,,,https://ohk6gqbm1b2.typeform.com/to/YO4Ad6gG,0,,manuel@guerreroconstruction.net,showing_email_candidates,not_flagged,contact_pages,,,,,,valid=0; invalid=0; risky=0; unknown=0
12111,>30M,lafame.city,yes,,,https://embed.typeform.com/ ; https://yannis470537.typeform.com/to/FoTSn1,0,,bureau@lafame.city,showing_email_candidates,not_flagged,contact_pages,,,,,,valid=0; invalid=0; risky=0; unknown=0
12112,>30M,tamveel.com,yes,,,https://matiullahrahmaty.typeform.com/to/AqX3tv,0,,,no_public_email_found,not_flagged,contact_pages,,,,,,valid=0; invalid=0; risky=0; unknown=0
12113,>30M,berlincodingchallenge.com,yes,,,,0,,,no_public_email_found,not_flagged,contact_pages,,,,,,valid=0; invalid=0; risky=0; unknown=0
12114,>30M,fito-app.com,yes,,,https://ivct8wn3mer.typeform.com/to/Qf5c89gc,0,,,no_public_email_found,not_flagged,contact_pages,,,,,,valid=0; invalid=0; risky=0; unknown=0
12115,>30M,gearkeg.com,no,,,,0,,,no_public_email_found,not_flagged,contact_pages,,,,,,valid=0; invalid=0; risky=0; unknown=0
12116,>30M,commune-faverolles.fr,yes,,,https://iwa9xsn5xc3.typeform.com/to/SqvXB5WV,0,,mairie-faverolles@orange.fr,showing_email_candidates,not_flagged,contact_pages,,,,,,valid=0; invalid=0; risky=0; unknown=0
12117,>30M,softsideofcyber.com,no,,,,0,,,no_public_email_found,not_flagged,contact_pages,,,,,,valid=0; invalid=0; risky=0; unknown=0
12118,>30M,shippshapefitness.com,no,,,,0,,support@example.com ; support@shippshapefitness.com,showing_email_candidates,not_flagged,contact_pages,support@shippshapefitness.com,,,,support@shippshapefitness.com,valid=0; invalid=0; risky=0; unknown=1
12119,>30M,fangdulaw.com,yes,,,,0,,,no_public_email_found,not_flagged,contact_pages,,,,,,valid=0; invalid=0; risky=0; unknown=0
12120,>30M,blochan.com,yes,,,,0,,,no_public_email_found,not_flagged,contact_pages,,,,,,valid=0; invalid=0; risky=0; unknown=0
12121,>30M,jordanstraits.com,yes,,,https://4zb1o0oe4nx.typeform.com/to/f5D6Kb04,0,,info@jordanstraits.com,showing_email_candidates,not_flagged,contact_pages,info@jordanstraits.com,,,,info@jordanstraits.com,valid=0; invalid=0; risky=0; unknown=1
12122,>30M,drkimberlyboileau.com,yes,,,https://kimberlyboileau.typeform.com/to/GsPbESBW,0,,kimberly@drkimberlyboileau.com,showing_email_candidates,not_flagged,contact_pages,,,,,,valid=0; invalid=0; risky=0; unknown=0
12123,>30M,locallab-seoul.com,no,,,,0,,,no_public_email_found,not_flagged,contact_pages,,,,,,valid=0; invalid=0; risky=0; unknown=0
12124,>30M,r4bike.com,yes,,,https://r4bike.typeform.com/to/aedwaT,0,,contact@r4bike.com ; jean.dupont@gmail.com,showing_email_candidates,not_flagged,contact_pages,contact@r4bike.com,contact@r4bike.com,,,,valid=1; invalid=0; risky=0; unknown=0
12125,>30M,mindfultricks.com,yes,,,https://mindfultricks.typeform.com/to/BFjmfI6b,0,,,no_public_email_found,not_flagged,contact_pages,,,,,,valid=0; invalid=0; risky=0; unknown=0
12126,>30M,cryptobjectif.fr,yes,,,https://embed.typeform.com/ ; https://form.typeform.com/to/C12k73TV,0,,contact@cryptobjectif.fr,showing_email_candidates,not_flagged,contact_pages,contact@cryptobjectif.fr,contact@cryptobjectif.fr,,,,valid=1; invalid=0; risky=0; unknown=0
12127,>30M,sflivestreaming.com,yes,,,,0,,,no_public_email_found,not_flagged,contact_pages,,,,,,valid=0; invalid=0; risky=0; unknown=0
12128,>30M,alanaoceana.com,yes,,,https://alanaoceana.typeform.com/to/fZM4Dl,0,,aloha@alanaoceana.com,showing_email_candidates,not_flagged,contact_pages,,,,,,valid=0; invalid=0; risky=0; unknown=0
12129,>30M,siskebab.net,yes,,,,0,,,no_public_email_found,not_flagged,contact_pages,,,,,,valid=0; invalid=0; risky=0; unknown=0
12130,>30M,lb-assessments.com,yes,,,https://leading-brains.typeform.com/to/I419pN ; https://leading-brains.typeform.com/to/WezCS1 ; https://leading-brains.typeform.com/to/XcdBXZ,0,,,no_public_email_found,not_flagged,contact_pages,,,,,,valid=0; invalid=0; risky=0; unknown=0
12131,>30M,jaypryorconsulting.com,yes,,,,0,,,no_public_email_found,not_flagged,contact_pages,,,,,,valid=0; invalid=0; risky=0; unknown=0
12132,>30M,indialeigh.com,no,,,,0,,,no_public_email_found,not_flagged,contact_pages,,,,,,valid=0; invalid=0; risky=0; unknown=0
12133,>30M,tsuno-koh.jp,no,,,,0,,,no_public_email_found,not_flagged,contact_pages,,,,,,valid=0; invalid=0; risky=0; unknown=0
12134,>30M,nidodeaguilas.edu.hn,yes,,,,0,,,no_public_email_found,not_flagged,contact_pages,,,,,,valid=0; invalid=0; risky=0; unknown=0
12135,>30M,intelvid.la,yes,,,https://embed.typeform.com/ ; https://intelvid.typeform.com/to/Kmn0wZ,0,,,no_public_email_found,not_flagged,contact_pages,,,,,,valid=0; invalid=0; risky=0; unknown=0
12136,>30M,waterfrontapartments.im,no,,,https://embed.typeform.com/,0,,bootstrap@5.3.3 ; enquiries@iomcottages.com,showing_email_candidates,not_flagged,contact_pages,,,,,,valid=0; invalid=0; risky=0; unknown=0
12137,>30M,gorilla.cc,yes,,,https://easysales24.typeform.com/to/QfnUJM ; https://echtnichtschlecht.typeform.com/to/QfnUJM,0,,ls@gorilla.cc,showing_email_candidates,not_flagged,contact_pages,,,,,,valid=0; invalid=0; risky=0; unknown=0
12138,>30M,bibliotecadecompetencias.com,no,,,,0,,,no_public_email_found,not_flagged,contact_pages,,,,,,valid=0; invalid=0; risky=0; unknown=0
12139,>30M,cryptofundtax.com,no,,,,0,,,no_public_email_found,not_flagged,contact_pages,,,,,,valid=0; invalid=0; risky=0; unknown=0
12140,>30M,engaleredappart.com,yes,,,https://engaleredappart.typeform.com/to/YZ2ECPPM,0,,contact@mysite.com ; dossier@engaleredappart.com,showing_email_candidates,not_flagged,contact_pages,,,,,,valid=0; invalid=0; risky=0; unknown=0
12141,>30M,ogura-shounika.com,no,,,,0,,,no_public_email_found,not_flagged,contact_pages,,,,,,valid=0; invalid=0; risky=0; unknown=0
12142,>30M,mytwiga.com,no,,,,0,,,no_public_email_found,not_flagged,contact_pages,,,,,,valid=0; invalid=0; risky=0; unknown=0
12143,>30M,engaiodigital.com,yes,,,,0,,,no_public_email_found,not_flagged,contact_pages,,,,,,valid=0; invalid=0; risky=0; unknown=0
12144,>30M,tesletter.com,yes,,,https://embed.typeform.com/ ; https://vanessa802.typeform.com/to/A2kKlc,0,,contact@tesletter.com,showing_email_candidates,not_flagged,contact_pages,contact@tesletter.com,contact@tesletter.com,,,,valid=1; invalid=0; risky=0; unknown=0
12145,>30M,martinlemeur.com,no,,,,0,,contact@martinlemeur.com,showing_email_candidates,not_flagged,contact_pages,contact@martinlemeur.com,contact@martinlemeur.com,,,,valid=1; invalid=0; risky=0; unknown=0
12146,>30M,southeasttxmonuments.com,no,,,,0,,,no_public_email_found,not_flagged,contact_pages,,,,,,valid=0; invalid=0; risky=0; unknown=0
12147,>30M,medspamediagroup.com,no,,,https://3kekshl05ve.typeform.com/,0,,,no_public_email_found,not_flagged,contact_pages,,,,,,valid=0; invalid=0; risky=0; unknown=0
12148,>30M,gethealthcoverageplans.com,no,,,https://eo02fkmp03f.typeform.com/,0,,,no_public_email_found,not_flagged,contact_pages,,,,,,valid=0; invalid=0; risky=0; unknown=0
12149,>30M,lebudapestrally.org,yes,,,https://embed.typeform.com/ ; https://travelbase.typeform.com/to/d201we2D ; https://travelbase.typeform.com/to/V4JdLTzC ; https://travelbase.typeform.com/to/WZCRhFkC,0,,d020ffd2748b1ad387ba8eb63675f2ac@o4505114921795584.ingest.us.sentry.io ; info@budapestrally.org,showing_email_candidates,not_flagged,contact_pages,,,,,,valid=0; invalid=0; risky=0; unknown=0
12150,>30M,bebrand.com.es,yes,,,https://tqnhluufinb.typeform.com/to/k8bVblJf ; https://tqnhluufinb.typeform.com/to/OIXZahPC,0,,info@bebrand.com.es,showing_email_candidates,not_flagged,contact_pages,info@bebrand.com.es,,,,info@bebrand.com.es,valid=0; invalid=0; risky=0; unknown=1
12151,>30M,dj-mobile-disco.co.uk,no,,,,0,,info@firstbassdisco.co.uk,showing_email_candidates,not_flagged,contact_pages,,,,,,valid=0; invalid=0; risky=0; unknown=0
12152,>30M,rushfamilydental.com,yes,,,https://vv880ervifv.typeform.com/to/uxa98kZc,0,,info@rushfamilydental.com,showing_email_candidates,not_flagged,contact_pages,info@rushfamilydental.com,,,,info@rushfamilydental.com,valid=0; invalid=0; risky=0; unknown=1
12153,>30M,juicetoronto.com,yes,,,https://embed.typeform.com/ ; https://form.typeform.com/to/GLPFK38V,0,,badani@typophage.com ; info@juicetoronto.com ; u00a0info@juicetoronto.com,showing_email_candidates,not_flagged,contact_pages,info@juicetoronto.com,,,,info@juicetoronto.com,valid=0; invalid=0; risky=0; unknown=1
12154,>30M,xn--rrmokarestockholms-d3b.se,yes,,,https://admin.typeform.com/ ; https://edvin4.typeform.com/to/euu6er ; https://embed.typeform.com/,0,,,no_public_email_found,not_flagged,contact_pages,,,,,,valid=0; invalid=0; risky=0; unknown=0
12155,>30M,event-star.net,yes,,,https://fq1zty78lf5.typeform.com/to/FMoKUqTu,0,,infinite-marquee@1.4.0 ; splide@3.2.2,showing_email_candidates,not_flagged,contact_pages,,,,,,valid=0; invalid=0; risky=0; unknown=0
12156,>30M,trudigital.agency,no,,,,0,,hello@weretru.com ; info@legeartis.com,showing_email_candidates,not_flagged,contact_pages,,,,,,valid=0; invalid=0; risky=0; unknown=0
12157,>30M,paulaabascal.com,yes,,,,0,,,no_public_email_found,not_flagged,contact_pages,,,,,,valid=0; invalid=0; risky=0; unknown=0
12158,>30M,urban-cod.com,yes,,,https://hello018297.typeform.com/ ; https://hello018297.typeform.com/to/CPnR5I3m,0,,hello@urban-cod.com,showing_email_candidates,not_flagged,contact_pages,hello@urban-cod.com,hello@urban-cod.com,,,,valid=1; invalid=0; risky=0; unknown=0
12159,>30M,kevinkru.com,yes,,,https://embed.typeform.com/ ; https://form.typeform.com/to/mJZmKVGM ; https://images.typeform.com/,0,,hello@kevinkru.com,showing_email_candidates,not_flagged,contact_pages,hello@kevinkru.com,hello@kevinkru.com,,,,valid=1; invalid=0; risky=0; unknown=0
12160,>30M,getyoursteelbox.com,yes,,,,0,,,no_public_email_found,not_flagged,contact_pages,,,,,,valid=0; invalid=0; risky=0; unknown=0
12161,>30M,niehausac.com,yes,,,https://embed.typeform.com/ ; https://form.typeform.com/to/qqOQhAKk,0,,scottniehausac@gmail.com,showing_email_candidates,not_flagged,contact_pages,,,,,,valid=0; invalid=0; risky=0; unknown=0
12162,>30M,6-12kenningtonlane.co.uk,no,,,,0,,,no_public_email_found,not_flagged,contact_pages,,,,,,valid=0; invalid=0; risky=0; unknown=0
12163,>30M,tutelaris.de,yes,,,https://embed.typeform.com/ ; https://form.typeform.com/to/o7RlLwx8,0,,info@tutelaris.de ; team@tutelaris.de,showing_email_candidates,not_flagged,contact_pages,info@tutelaris.de ; team@tutelaris.de,,,,info@tutelaris.de ; team@tutelaris.de,valid=0; invalid=0; risky=0; unknown=2
12164,>30M,leon-jakobs.com,yes,,,https://21wdtc5fd5b.typeform.com/to/jX2tS91z,0,,contact@leon-jakobs.com,showing_email_candidates,not_flagged,contact_pages,contact@leon-jakobs.com,,contact@leon-jakobs.com,,,valid=0; invalid=1; risky=0; unknown=0
12165,>30M,sauvagnat.shop,no,,,,0,,fax@sauvagnat.shop ; thibault.dominique45@orange.fr ; votre@email.com,showing_email_candidates,not_flagged,contact_pages,,,,,,valid=0; invalid=0; risky=0; unknown=0
12166,>30M,ab-express.jp,no,,,,0,,,no_public_email_found,not_flagged,contact_pages,,,,,,valid=0; invalid=0; risky=0; unknown=0
12167,>30M,windowcleanernorthampton.co.uk,yes,,,https://form.typeform.com/to/q4o5Crlz,0,,info@windowcleanernorthampton.co.uk,showing_email_candidates,not_flagged,contact_pages,info@windowcleanernorthampton.co.uk,,,,info@windowcleanernorthampton.co.uk,valid=0; invalid=0; risky=0; unknown=1
12168,>30M,nemojus.fr,yes,,,https://permanencejuridique.typeform.com/to/MwCqnS,0,,,no_public_email_found,not_flagged,contact_pages,,,,,,valid=0; invalid=0; risky=0; unknown=0
12169,>30M,derrigtalbot.ca,no,,,,0,,,no_public_email_found,not_flagged,contact_pages,,,,,,valid=0; invalid=0; risky=0; unknown=0
12170,>30M,metconcreative.com.au,no,,,,0,,boris@metconcreative.com.au ; u003eboris@metconcreative.com.au,showing_email_candidates,not_flagged,contact_pages,,,,,,valid=0; invalid=0; risky=0; unknown=0
12171,>30M,coolingmethods.com,no,,,,0,,coolingme@bellsouth.net,showing_email_candidates,not_flagged,contact_pages,,,,,,valid=0; invalid=0; risky=0; unknown=0
12172,>30M,direktregleringsportalen.se,no,,,,0,,support@drp.se,showing_email_candidates,not_flagged,contact_pages,,,,,,valid=0; invalid=0; risky=0; unknown=0
12173,>30M,octoplus.tech,no,,,,0,,hello@octoplus.tech ; particles.js@2.0.0,showing_email_candidates,not_flagged,contact_pages,hello@octoplus.tech,hello@octoplus.tech,,,,valid=1; invalid=0; risky=0; unknown=0
12174,>30M,orionenergies.com,no,,,https://embed.typeform.com/ ; https://form.typeform.com/,0,,mapbox-gl@3.0.0 ; splide-extension-auto-scroll@0.5,showing_email_candidates,not_flagged,contact_pages,,,,,,valid=0; invalid=0; risky=0; unknown=0
12175,>30M,littlelightcopywriting.com,yes,,,https://erin556.typeform.com/to/Jz8fb3,0,,,no_public_email_found,not_flagged,contact_pages,,,,,,valid=0; invalid=0; risky=0; unknown=0
12176,>30M,comparer.pro,yes,,,https://embed.typeform.com/ ; https://webanyone.typeform.com/to/wYujZB,0,,,no_public_email_found,not_flagged,contact_pages,,,,,,valid=0; invalid=0; risky=0; unknown=0
12177,>30M,fobefenster.de,no,,,,0,,info@fobefenster.de,showing_email_candidates,not_flagged,contact_pages,info@fobefenster.de,,,,info@fobefenster.de,valid=0; invalid=0; risky=0; unknown=1
12178,>30M,votemarysmith.com,yes,,,https://form.typeform.com/to/D0xcEfOG,0,,mary@votemarysmith.com,showing_email_candidates,not_flagged,contact_pages,,,,,,valid=0; invalid=0; risky=0; unknown=0
12179,>30M,digitalindustrysummit.com,no,,,,0,,,no_public_email_found,not_flagged,contact_pages,,,,,,valid=0; invalid=0; risky=0; unknown=0
12180,>30M,ugc.today,no,,,https://embed.typeform.com/ ; https://form.typeform.com/,0,,,no_public_email_found,not_flagged,contact_pages,,,,,,valid=0; invalid=0; risky=0; unknown=0
12181,>30M,terrellstrayhorn.com,yes,,,https://dogoodwork.typeform.com/to/aGFZ1p ; https://dogoodwork.typeform.com/to/yIT2Qj,0,,,no_public_email_found,not_flagged,contact_pages,,,,,,valid=0; invalid=0; risky=0; unknown=0
12182,>30M,dreamteampa.com,yes,,,,0,,,no_public_email_found,not_flagged,contact_pages,,,,,,valid=0; invalid=0; risky=0; unknown=0
12183,>30M,nicklombardy.com,no,,,,0,,,no_public_email_found,not_flagged,contact_pages,,,,,,valid=0; invalid=0; risky=0; unknown=0
12184,>30M,makemake.com.co,no,,,,0,,,no_public_email_found,not_flagged,contact_pages,,,,,,valid=0; invalid=0; risky=0; unknown=0
12185,>30M,vueconf.us,yes,,,,0,,,no_public_email_found,not_flagged,contact_pages,,,,,,valid=0; invalid=0; risky=0; unknown=0
12186,>30M,malamasolar.com,no,,,,0,,green@energy.com ; support@malamasolar.com,showing_email_candidates,not_flagged,contact_pages,support@malamasolar.com,,,,support@malamasolar.com,valid=0; invalid=0; risky=0; unknown=1
12187,>30M,imperiummedia.co.uk,yes,,,https://ob7m3h8dh7x.typeform.com/to/dfKQbLBK,0,,bootstrap-icons@1.4.1 ; bootstrap@5.0.0 ; info@imperiummedia.co.uk,showing_email_candidates,not_flagged,contact_pages,info@imperiummedia.co.uk,,,,info@imperiummedia.co.uk,valid=0; invalid=0; risky=0; unknown=1
12188,>30M,allmetalbuysscrap.com,yes,,,,0,,,no_public_email_found,not_flagged,contact_pages,,,,,,valid=0; invalid=0; risky=0; unknown=0
12189,>30M,33rule.com,no,,,,0,,,no_public_email_found,not_flagged,contact_pages,,,,,,valid=0; invalid=0; risky=0; unknown=0
12190,>30M,winnipegdeckandrail.com,yes,,,,0,,,no_public_email_found,not_flagged,contact_pages,,,,,,valid=0; invalid=0; risky=0; unknown=0
12191,>30M,practicalparadigms.com,yes,,,https://carolyn092402.typeform.com/to/PEo3ClyM,0,,carolyn@practicalparadigms.com,showing_email_candidates,not_flagged,contact_pages,,,,,,valid=0; invalid=0; risky=0; unknown=0
12192,>30M,scalarly.com,yes,,,https://embed.typeform.com/ ; https://scalarly.typeform.com/to/TjKEIq,0,,info@scalarly.com,showing_email_candidates,not_flagged,contact_pages,info@scalarly.com,,,,info@scalarly.com,valid=0; invalid=0; risky=0; unknown=1
12193,>30M,pinsaforyou.com,yes,,,,0,,,no_public_email_found,not_flagged,contact_pages,,,,,,valid=0; invalid=0; risky=0; unknown=0
12194,>30M,monikawriter.com,yes,,,https://admin.typeform.com/ ; https://embed.typeform.com/ ; https://monika344.typeform.com/to/jP9Ki3,0,,mawriter_logotype_pink@2x.png ; social-snapchat-black@2x.png ; social-snapchat-white@2x.png,showing_email_candidates,not_flagged,contact_pages,,,,,,valid=0; invalid=0; risky=0; unknown=0
12195,>30M,iconprivateresidences.com,yes,,,https://admin.typeform.com/ ; https://embed.typeform.com/ ; https://iconprivate.typeform.com/to/bnyD85 ; https://iconprivate.typeform.com/to/J7qq8k,0,,,no_public_email_found,not_flagged,contact_pages,,,,,,valid=0; invalid=0; risky=0; unknown=0
12196,>30M,alphagolftour.com,yes,,,https://wggb941vs5x.typeform.com/to/yNnyuFYv,0,,info@alphagolftour.com,showing_email_candidates,not_flagged,contact_pages,info@alphagolftour.com,,,,info@alphagolftour.com,valid=0; invalid=0; risky=0; unknown=1
12197,>30M,forsakringbrf.se,no,,,,0,,info@svenskabolan.se,showing_email_candidates,not_flagged,contact_pages,,,,,,valid=0; invalid=0; risky=0; unknown=0
12198,>30M,forsakringsofferter.se,yes,,,https://argia.typeform.com/to/TWdS6k ; https://embed.typeform.com/,0,,,no_public_email_found,not_flagged,contact_pages,,,,,,valid=0; invalid=0; risky=0; unknown=0
12199,>30M,breezyswimwear.com,yes,,,https://form.typeform.com/to/MobHyLBi ; https://form.typeform.com/to/S7CpYjd6,0,,contact@breezyswimwear.com,showing_email_candidates,not_flagged,contact_pages,contact@breezyswimwear.com,contact@breezyswimwear.com,,,,valid=1; invalid=0; risky=0; unknown=0
12200,>30M,ctbandco.com,no,,,,0,,13e49d785d8d4f828038b6136f3b48ba@sentry.io ; info@ctbandco.com,showing_email_candidates,not_flagged,contact_pages,info@ctbandco.com,,,,info@ctbandco.com,valid=0; invalid=0; risky=0; unknown=1
12201,>30M,citruscleaningco.com,no,,,,0,,info@citruscleaningco.com,showing_email_candidates,not_flagged,contact_pages,info@citruscleaningco.com,,,,info@citruscleaningco.com,valid=0; invalid=0; risky=0; unknown=1
12202,>30M,dancyhairspa.com,yes,,,,0,,,no_public_email_found,not_flagged,contact_pages,,,,,,valid=0; invalid=0; risky=0; unknown=0
12203,>30M,raisedconcrete.com,yes,,,https://embed.typeform.com/ ; https://stratlab.typeform.com/to/dMgOVQ,0,,,no_public_email_found,not_flagged,contact_pages,,,,,,valid=0; invalid=0; risky=0; unknown=0
12204,>30M,reneelim.com,yes,,,,0,,,no_public_email_found,not_flagged,contact_pages,,,,,,valid=0; invalid=0; risky=0; unknown=0
12205,>30M,vacatures-binnenvaart.nl,yes,,,,0,,gsap@3.12.5 ; info@mercurius-group.nl ; pz@mercurius-group.nl,showing_email_candidates,not_flagged,contact_pages,,,,,,valid=0; invalid=0; risky=0; unknown=0
12206,>30M,myfunnydays.com,yes,,,https://admin.typeform.com/ ; https://embed.typeform.com/ ; https://myfunnydays.typeform.com/to/fDpfhR ; https://myfunnydays.typeform.com/to/lSDeqo ; https://myfunnydays.typeform.com/to/uziBcs,0,,chloenalpas.events@gmail.com ; contact@ikkigo.com ; hello@myfunnydays.com,showing_email_candidates,not_flagged,contact_pages,hello@myfunnydays.com,hello@myfunnydays.com,,,,valid=1; invalid=0; risky=0; unknown=0
12207,>30M,pecanstreetcookieco.com,yes,,,https://pecanstreet.typeform.com/to/s2VOPtgc,0,,email@example.com,showing_email_candidates,not_flagged,contact_pages,,,,,,valid=0; invalid=0; risky=0; unknown=0
12208,>30M,apolocorp.jp,yes,,,https://embed.typeform.com/ ; https://kenzo6.typeform.com/to/VA4MMM ; https://www.typeform.com/,0,,info@apolocorp.jp,showing_email_candidates,not_flagged,contact_pages,info@apolocorp.jp,,,,info@apolocorp.jp,valid=0; invalid=0; risky=0; unknown=1
12209,>30M,conciergeweb.co,yes,,,https://form.typeform.com/to/ZcwvpI4X,0,,,no_public_email_found,not_flagged,contact_pages,,,,,,valid=0; invalid=0; risky=0; unknown=0
12210,>30M,adalliancemedia.com,yes,,,,0,,,no_public_email_found,not_flagged,contact_pages,,,,,,valid=0; invalid=0; risky=0; unknown=0
12211,>30M,gprconsultora.com,no,,,https://embed.typeform.com/,0,,info@gprconsultora.com,showing_email_candidates,not_flagged,contact_pages,info@gprconsultora.com,,,,info@gprconsultora.com,valid=0; invalid=0; risky=0; unknown=1
12212,>30M,belega-tokyo.com,no,,,,0,,,no_public_email_found,not_flagged,contact_pages,,,,,,valid=0; invalid=0; risky=0; unknown=0
12213,>30M,openlande.co,yes,,,https://form.typeform.com/to/dZBnBpEn,0,,mon.adresse@mail.com ; walter@openlande.co,showing_email_candidates,not_flagged,contact_pages,,,,,,valid=0; invalid=0; risky=0; unknown=0
12214,>30M,ksl-detmold.de,yes,,,https://lucasschnurre.typeform.com/to/bFLDckOj,0,,cafe3b@t-online.de ; info@ksl-arnsberg.de ; info@ksl-duesseldorf.de ; info@ksl-koeln.de ; info@ksl-msi-nrw.de ; info@ksl-muenster.de ; info@ksl-nrw.de ; info@ksl-owl.de ; uikit@3.6.22,showing_email_candidates,not_flagged,contact_pages,,,,,,valid=0; invalid=0; risky=0; unknown=0
12215,>30M,drescher-immobilien.de,no,,,,0,,info@drescher-immobilien.de,showing_email_candidates,not_flagged,contact_pages,info@drescher-immobilien.de,,,,info@drescher-immobilien.de,valid=0; invalid=0; risky=0; unknown=1
12216,>30M,vegan-pop.com,no,,,,0,,,no_public_email_found,not_flagged,contact_pages,,,,,,valid=0; invalid=0; risky=0; unknown=0
12217,>30M,thehuntplatform.com,yes,,,https://admin.typeform.com/ ; https://embed.typeform.com/ ; https://trentsawyer.typeform.com/to/lzwhus,0,,,no_public_email_found,not_flagged,contact_pages,,,,,,valid=0; invalid=0; risky=0; unknown=0
12218,>30M,trumancontent.com,yes,,,,0,,,no_public_email_found,not_flagged,contact_pages,,,,,,valid=0; invalid=0; risky=0; unknown=0
12219,>30M,drgwenbass.com,yes,,,https://embed.typeform.com/ ; https://gwenbass.typeform.com/to/zoKSA7,0,,drgwenbass@gmail.com,showing_email_candidates,not_flagged,contact_pages,,,,,,valid=0; invalid=0; risky=0; unknown=0
12220,>30M,jaydharrisonfitness.com,yes,,,https://form.typeform.com/to/GVU3nzAe,0,,,no_public_email_found,not_flagged,contact_pages,,,,,,valid=0; invalid=0; risky=0; unknown=0
12221,>30M,chaineffectads.com,no,,,,0,,,no_public_email_found,not_flagged,contact_pages,,,,,,valid=0; invalid=0; risky=0; unknown=0
12222,>30M,healthwithoutborder.com,no,,,,0,,,no_public_email_found,not_flagged,contact_pages,,,,,,valid=0; invalid=0; risky=0; unknown=0
12223,>30M,sandiefredriksson.com,yes,,,,0,,,no_public_email_found,not_flagged,contact_pages,,,,,,valid=0; invalid=0; risky=0; unknown=0
12224,>30M,sonsofsolar.fi,no,,,,0,,jaakko@akkukotiin.fi,showing_email_candidates,not_flagged,contact_pages,,,,,,valid=0; invalid=0; risky=0; unknown=0
12225,>30M,autofact.pe,no,,,,0,,,no_public_email_found,not_flagged,contact_pages,,,,,,valid=0; invalid=0; risky=0; unknown=0
12226,>30M,carolinawaycamp.org,yes,,,https://ncstudycenter.typeform.com/to/on2bqYXL ; https://ncstudycenter.typeform.com/to/yt4bRZZx,0,,connor@ncstudycenter.org ; ivy@ncstudycenter.org ; nick@ncstudycenter.org,showing_email_candidates,not_flagged,contact_pages,,,,,,valid=0; invalid=0; risky=0; unknown=0
12227,>30M,kentmilldistrict.com,yes,,,,0,,k8additive@yahoo.com,showing_email_candidates,not_flagged,contact_pages,,,,,,valid=0; invalid=0; risky=0; unknown=0
12228,>30M,lesbonstech.com,no,,,,0,,gsap@3.13.0 ; hello@lesbonstech.com,showing_email_candidates,not_flagged,contact_pages,hello@lesbonstech.com,hello@lesbonstech.com,,,,valid=1; invalid=0; risky=0; unknown=0
12229,>30M,postmuseapp.com,yes,,,https://postmuseapp.typeform.com/to/YflSte,0,,postmuseapp+web@gmail.com,showing_email_candidates,not_flagged,contact_pages,,,,,,valid=0; invalid=0; risky=0; unknown=0
12230,>30M,lenouveaumale.com,no,,,,0,,,no_public_email_found,not_flagged,contact_pages,,,,,,valid=0; invalid=0; risky=0; unknown=0
12231,>30M,ultralig.ht,no,,,https://ultralight.typeform.com/,0,,,no_public_email_found,not_flagged,contact_pages,,,,,,valid=0; invalid=0; risky=0; unknown=0
12232,>30M,hopegrownfaith.com,no,,,,0,,,no_public_email_found,not_flagged,contact_pages,,,,,,valid=0; invalid=0; risky=0; unknown=0
12233,>30M,staceyengle.com,yes,,,https://stacey060988.typeform.com/to/lEZ8qcLC,0,,stacey@staceyengle.com,showing_email_candidates,not_flagged,contact_pages,,,,,,valid=0; invalid=0; risky=0; unknown=0
12234,>30M,hb2ventures.com,no,,,,0,,,no_public_email_found,not_flagged,contact_pages,,,,,,valid=0; invalid=0; risky=0; unknown=0
12235,>30M,dsgvoapp.at,yes,,,,0,,,no_public_email_found,not_flagged,contact_pages,,,,,,valid=0; invalid=0; risky=0; unknown=0
12236,>30M,airbloc.org,yes,,,,0,,,no_public_email_found,not_flagged,contact_pages,,,,,,valid=0; invalid=0; risky=0; unknown=0
12237,>30M,akshatsood.com,yes,,,https://akshatsood.typeform.com/to/OAOMn3 ; https://embed.typeform.com/,0,,,no_public_email_found,not_flagged,contact_pages,,,,,,valid=0; invalid=0; risky=0; unknown=0
12238,>30M,visiondesignr.com,yes,,,,0,,,no_public_email_found,not_flagged,contact_pages,,,,,,valid=0; invalid=0; risky=0; unknown=0
12239,>30M,legacylanepublishing.com,yes,,,https://diane315.typeform.com/to/K80B9J ; https://embed.typeform.com/,0,,,no_public_email_found,not_flagged,contact_pages,,,,,,valid=0; invalid=0; risky=0; unknown=0
12240,>30M,aptus-apps.com,no,,,,0,,,no_public_email_found,not_flagged,contact_pages,,,,,,valid=0; invalid=0; risky=0; unknown=0
12241,>30M,imrav.com,no,,,,0,,,no_public_email_found,not_flagged,contact_pages,,,,,,valid=0; invalid=0; risky=0; unknown=0
12242,>30M,achatsimpactants.com,no,,,https://idealco.typeform.com/,0,,,no_public_email_found,not_flagged,contact_pages,,,,,,valid=0; invalid=0; risky=0; unknown=0
12243,>30M,lnkaccountingsolutions.com,yes,,,,0,,,no_public_email_found,not_flagged,contact_pages,,,,,,valid=0; invalid=0; risky=0; unknown=0
12244,>30M,ranjitrnair.com,no,,,,0,,,no_public_email_found,not_flagged,contact_pages,,,,,,valid=0; invalid=0; risky=0; unknown=0
12245,>30M,myschoolexpert.com,yes,,,,0,,,no_public_email_found,not_flagged,contact_pages,,,,,,valid=0; invalid=0; risky=0; unknown=0
12246,>30M,joyfulketolife.com,no,,,https://ddafjc73fcf.typeform.com/,0,,,no_public_email_found,not_flagged,contact_pages,,,,,,valid=0; invalid=0; risky=0; unknown=0
12247,>30M,ditoestudio.com,no,,,,0,,,no_public_email_found,not_flagged,contact_pages,,,,,,valid=0; invalid=0; risky=0; unknown=0
12248,>30M,drmelissacarver.com,yes,,,https://form.typeform.com/to/f47Mhww9,0,,,no_public_email_found,not_flagged,contact_pages,,,,,,valid=0; invalid=0; risky=0; unknown=0
12249,>30M,efficientfootball.com,yes,,,https://app-efficientfootball.typeform.com/to/GUzHCIKG,0,,club@efficientfootball.com ; info@efficientfootball.com ; ventas@efficientfootball.com,showing_email_candidates,not_flagged,contact_pages,info@efficientfootball.com,,,,info@efficientfootball.com,valid=0; invalid=0; risky=0; unknown=1
12250,>30M,modul-is.cz,no,,,,0,,info@modulis.cz ; logo-modul-consulting@2x.png,showing_email_candidates,not_flagged,contact_pages,,,,,,valid=0; invalid=0; risky=0; unknown=0
12251,>30M,fuudia.fi,no,,,,0,,noora@fuudia.fi,showing_email_candidates,not_flagged,contact_pages,,,,,,valid=0; invalid=0; risky=0; unknown=0
12252,>30M,ratuqq365.com,no,,,,0,,id@3x.png,showing_email_candidates,not_flagged,contact_pages,,,,,,valid=0; invalid=0; risky=0; unknown=0
12253,>30M,fexallegra.it,no,,,,0,,,no_public_email_found,not_flagged,contact_pages,,,,,,valid=0; invalid=0; risky=0; unknown=0
12254,>30M,libreris.com,yes,,,,0,,,no_public_email_found,not_flagged,contact_pages,,,,,,valid=0; invalid=0; risky=0; unknown=0
12255,>30M,sarajloureiro.com,yes,,,https://form.typeform.com/to/hqVevS ; https://saraloureiro.typeform.com/to/HqINE5,0,,,no_public_email_found,not_flagged,contact_pages,,,,,,valid=0; invalid=0; risky=0; unknown=0
12256,>30M,hamptonsquality.com,yes,,,https://embed.typeform.com/ ; https://form.typeform.com/to/RvRLGvDP,0,,hamptonsquality@gmail.com,showing_email_candidates,not_flagged,contact_pages,,,,,,valid=0; invalid=0; risky=0; unknown=0
12257,>30M,cooktymix.com,no,,,,0,,info@cooktymix.com ; jquery.marquee@1.5.0 ; staff@astrelia.it,showing_email_candidates,not_flagged,contact_pages,info@cooktymix.com,,,,info@cooktymix.com,valid=0; invalid=0; risky=0; unknown=1
12258,>30M,asyncdevs.com,no,,,,0,,,no_public_email_found,not_flagged,contact_pages,,,,,,valid=0; invalid=0; risky=0; unknown=0
12259,>30M,arizonabusinesscommunity.com,yes,,,,0,,,no_public_email_found,not_flagged,contact_pages,,,,,,valid=0; invalid=0; risky=0; unknown=0
12260,>30M,seseragi-urology.com,no,,,,0,,,no_public_email_found,not_flagged,contact_pages,,,,,,valid=0; invalid=0; risky=0; unknown=0
12261,>30M,tylerwirtz.com,yes,,,https://tylerwirtz.typeform.com/to/ujBRad,0,,,no_public_email_found,not_flagged,contact_pages,,,,,,valid=0; invalid=0; risky=0; unknown=0
12262,>30M,slurpsocial.com,no,,,https://embed.typeform.com/ ; https://needsform.typeform.com/,0,,beki@slurp.social,showing_email_candidates,not_flagged,contact_pages,,,,,,valid=0; invalid=0; risky=0; unknown=0
12263,>30M,danstaste.com,no,,,,0,,danstaste@schnepsmedia.com ; elizabeth@schnepsmedia.com ; events@schnepsmedia.com ; slee@schnepsmedia.com,showing_email_candidates,not_flagged,contact_pages,,,,,,valid=0; invalid=0; risky=0; unknown=0
12264,>30M,instinctpump.com,no,,,,0,,remixicon@4.3.0,showing_email_candidates,not_flagged,contact_pages,,,,,,valid=0; invalid=0; risky=0; unknown=0
12265,>30M,cleangroundwater.com,no,,,,0,,,no_public_email_found,not_flagged,contact_pages,,,,,,valid=0; invalid=0; risky=0; unknown=0
12266,>30M,cornerbakeryamsterdam.com,yes,,,https://cornerbakery.typeform.com/to/uKlvpnPg,0,,,no_public_email_found,not_flagged,contact_pages,,,,,,valid=0; invalid=0; risky=0; unknown=0
12267,>30M,endicottcounseling.com,yes,,,https://embed.typeform.com/ ; https://endicottcounseling.typeform.com/to/RLapMn,0,,zoe@endicottcounseling.com,showing_email_candidates,not_flagged,contact_pages,,,,,,valid=0; invalid=0; risky=0; unknown=0
12268,>30M,erdocadvisor.com,yes,,,,0,,,no_public_email_found,not_flagged,contact_pages,,,,,,valid=0; invalid=0; risky=0; unknown=0
12269,>30M,thealtarfc.com,no,,,,0,,,no_public_email_found,not_flagged,contact_pages,,,,,,valid=0; invalid=0; risky=0; unknown=0
12270,>30M,ziedoes.be,yes,,,,0,,,no_public_email_found,not_flagged,contact_pages,,,,,,valid=0; invalid=0; risky=0; unknown=0
12271,>30M,comaugmentee.immo,yes,,,https://embed.typeform.com/ ; https://form.typeform.com/to/RBLIY8 ; https://form.typeform.com/to/XPBADJ ; https://immo2.typeform.com/to/wJxsq1,0,,,no_public_email_found,not_flagged,contact_pages,,,,,,valid=0; invalid=0; risky=0; unknown=0
12272,>30M,karisuma.online,yes,,,https://form.typeform.com/to/x64OpUlR,0,,info@karisuma.online,showing_email_candidates,not_flagged,contact_pages,info@karisuma.online,,,,info@karisuma.online,valid=0; invalid=0; risky=0; unknown=1
12273,>30M,triviamob.live,yes,,,https://embed.typeform.com/ ; https://form.typeform.com/to/NJ56o0S0 ; https://images.typeform.com/,0,,info@triviamob.live ; sponsorships@culturegenesis.com,showing_email_candidates,not_flagged,contact_pages,info@triviamob.live,,,,info@triviamob.live,valid=0; invalid=0; risky=0; unknown=1
12274,>30M,gbs.pet,no,,,,0,,,no_public_email_found,not_flagged,contact_pages,,,,,,valid=0; invalid=0; risky=0; unknown=0
12275,>30M,giuseppevirzi.net,yes,,,https://giuseppevirzi.typeform.com/to/NcJQwr,0,,info@giuseppevirzi.net,showing_email_candidates,not_flagged,contact_pages,info@giuseppevirzi.net,,,,info@giuseppevirzi.net,valid=0; invalid=0; risky=0; unknown=1
12276,>30M,melbournejetfighter.net,no,,,,0,,,no_public_email_found,not_flagged,contact_pages,,,,,,valid=0; invalid=0; risky=0; unknown=0
12277,>30M,midairconnect.net,yes,,,,0,,support@midairconnect.net,showing_email_candidates,not_flagged,contact_pages,support@midairconnect.net,,,,support@midairconnect.net,valid=0; invalid=0; risky=0; unknown=1
12278,>30M,speedycustom.zone,yes,,,https://carlosdlopes.typeform.com/to/g62nz9 ; https://embed.typeform.com/,0,,,no_public_email_found,not_flagged,contact_pages,,,,,,valid=0; invalid=0; risky=0; unknown=0
12279,>30M,jeffrahman.works,no,,,,0,,jeff.rahman@gmail.com,showing_email_candidates,not_flagged,contact_pages,,,,,,valid=0; invalid=0; risky=0; unknown=0
12280,>30M,mocs.media,yes,,,,0,,,no_public_email_found,not_flagged,contact_pages,,,,,,valid=0; invalid=0; risky=0; unknown=0
12281,>30M,brasstackshouston.com,yes,,,https://tvwn8xgozvs.typeform.com/to/zMEWJAag,0,,brass_tacks_map_background@2x.jpg ; getdown@brasstackshouston.com ; info@brasstackshouston.com,showing_email_candidates,not_flagged,contact_pages,info@brasstackshouston.com,,,,info@brasstackshouston.com,valid=0; invalid=0; risky=0; unknown=1
12282,>30M,resonantbrand.com,yes,,,https://owh9rreg75e.typeform.com/to/opfTlevt,0,,rachelinflower@gmail.com,showing_email_candidates,not_flagged,contact_pages,,,,,,valid=0; invalid=0; risky=0; unknown=0
12283,>30M,rdshop.biz,yes,,,https://reformdesigns.typeform.com/to/zNNgUz,0,,i-need-coffee-15oz_mockup_handle-on-left_15oz_250x250@2x.png ; i-need-coffee-15oz_mockup_handle-on-left_15oz_345x345@2x.png ; mockup-033e3412_600x600@2x.png ; mockup-1bff0799_250x250@2x.png ; mockup-1fe0842a_345x345@2x.png ; mockup-3694afe0_250x250@2x.jpg ; mockup-3694afe0_345x345@2x.jpg ; mockup-d9b85344_250x250@2x.png ; mockup-d9b85344_345x345@2x.png ; mockup_transparent_transparent_18x24_efb96ba1-4119-4aab-8da6-ff12e7e7b3f5_250x250@2x.jpg ; rd_4.0_chevron_flat_100x@2x.png ; ryan@reformationdesigns.com ; stop-scrolling-go-make-something_mockup_front_womens-lifestyle_black_600x600@2x.png ; white-glossy-mug-15oz-handle-on-left-63d338dc26406_345x345@2x.png ; white-glossy-mug-15oz-handle-on-right-628e6030bd6fc_345x345@2x.png,showing_email_candidates,not_flagged,contact_pages,,,,,,valid=0; invalid=0; risky=0; unknown=0
12284,>30M,the-seventhlevel.com,yes,,,https://catalyststatement.typeform.com/to/Xsid6p87,0,,,no_public_email_found,not_flagged,contact_pages,,,,,,valid=0; invalid=0; risky=0; unknown=0
12285,>30M,katapultocean.com,yes,,,https://form.typeform.com/to/y2dA0dI4,0,,anthony@katapult.vc ; bruno@katapult.vc ; dennis@katapult.vc ; email@mail.com ; espen@flokkmedia.no ; ewa@katapult.vc ; helena@katapult.vc ; hello@katapult.vc ; info@katapult.vc ; ingrid@katapult.vc ; jonas@katapult.vc ; lenis@1.0.33 ; lorem@ipsum.do ; lucretia@katapult.vc ; maureen@katapult.vc ; oek@expgroup.no ; ofek@katapult.vc ; pj@expgroup.no ; ross@katapult.vc ; sam@katapult.vc ; shivni@katapult.vc ; tharald@katapult.vc ; yann@katapult.vc ; yubing@katapult.vc,showing_email_candidates,not_flagged,contact_pages,,,,,,valid=0; invalid=0; risky=0; unknown=0
12286,>30M,naturalmeddoc.com,yes,,,https://duzergroup.typeform.com/to/NF28Xu1w,0,,,no_public_email_found,not_flagged,contact_pages,,,,,,valid=0; invalid=0; risky=0; unknown=0
12287,>30M,afroconomaha.com,yes,,,https://m4k691fqe81.typeform.com/to/Cj8IvpsA ; https://m4k691fqe81.typeform.com/to/dJVN9OYP ; https://m4k691fqe81.typeform.com/to/jkNBEBIX ; https://m4k691fqe81.typeform.com/to/KUZ6rk9w ; https://m4k691fqe81.typeform.com/to/LoNsB34n ; https://m4k691fqe81.typeform.com/to/WlQVjb55,0,,,no_public_email_found,not_flagged,contact_pages,,,,,,valid=0; invalid=0; risky=0; unknown=0
12288,>30M,juanjoamengual.es,no,,,,0,,,no_public_email_found,not_flagged,contact_pages,,,,,,valid=0; invalid=0; risky=0; unknown=0
12289,>30M,type.coupons,no,,,https://www.typeform.com/,0,,contact@type.coupons ; your@email.com,showing_email_candidates,not_flagged,contact_pages,contact@type.coupons,,contact@type.coupons,,,valid=0; invalid=1; risky=0; unknown=0
12290,>30M,epitrepo.com,yes,,,https://ioaatn6ka8a.typeform.com/to/nWdc7Zt1,0,,email@gmail.com ; info@epitrepo.com,showing_email_candidates,not_flagged,contact_pages,info@epitrepo.com,,,,info@epitrepo.com,valid=0; invalid=0; risky=0; unknown=1
12291,>30M,humbertgroupllc.com,yes,,,https://humbertgroup.typeform.com/to/TMH4Q8,0,,,no_public_email_found,not_flagged,contact_pages,,,,,,valid=0; invalid=0; risky=0; unknown=0
12292,>30M,revelcpa.com,yes,,,https://revelcpa.typeform.com/to/VL95pR,0,,1@2x-e1677063244518.png ; 2@2x-e1677063277763.png ; 3@2x-e1677063296761.png ; about-circle-left@2x.png ; about-couple@2x.png ; about-float-woman@2x-1330x1536.png ; about-float-woman@2x-260x300.png ; about-float-woman@2x-768x887.png ; about-float-woman@2x-887x1024.png ; about-float-woman@2x.png ; about-slanted-orange@2x.png ; about-text-background@2x.png ; artboard-2@2x.png ; artboard-2@2x.png.webp ; asset-3@2x-150x150.png ; asset-3@2x-300x300.png ; asset-3@2x-768x768.png ; asset-3@2x.png ; asset-4@2x-150x150.png ; asset-4@2x-150x150.png.webp ; asset-4@2x-300x300.png ; asset-4@2x-300x300.png.webp ; asset-4@2x-768x768.png ; asset-4@2x-768x768.png.webp ; asset-4@2x.png ; asset-4@2x.png.webp ; asset-5@2x-150x150.png ; asset-5@2x-150x150.png.webp ; asset-5@2x-300x300.png ; asset-5@2x-300x300.png.webp ; asset-5@2x-768x768.png ; asset-5@2x-768x768.png.webp ; asset-5@2x.png ; asset-5@2x.png.webp ; asset-6@2x-150x150.png ; asset-6@2x-150x150.png.webp ; asset-6@2x-300x300.png ; asset-6@2x-300x300.png.webp ; asset-6@2x-768x768.png ; asset-6@2x-768x768.png.webp ; asset-6@2x.png ; asset-6@2x.png.webp ; asset-7@2x-150x150.png ; asset-7@2x-150x150.png.webp ; asset-7@2x-300x300.png ; asset-7@2x-300x300.png.webp ; asset-7@2x-768x768.png ; asset-7@2x-768x768.png.webp ; asset-7@2x.png ; asset-7@2x.png.webp ; asset-8@2x-150x150.png ; asset-8@2x-150x150.png.webp ; asset-8@2x-300x300.png ; asset-8@2x-300x300.png.webp ; asset-8@2x-768x768.png ; asset-8@2x-768x768.png.webp ; asset-8@2x.png ; asset-8@2x.png.webp ; asset-9@2x-150x150.png ; asset-9@2x-300x300.png ; asset-9@2x-768x768.png ; asset-9@2x.png ; blluet-circle@2x-e1658416377634.png ; blog-floating-circle@2x-1.png ; blog-header-people@2x-1024x697.png ; blog-header-people@2x.png ; blue-blog-line@2x.png ; blue-circle@2x.png ; blue-laptop-line@2x.png ; blue-left-rectangle@2x.png ; blue-line-value@2x-8.png ; car@2x-e1658922107273-300x207.png.webp ; car@2x-e1658922107273.png.webp ; chair-image@2x-e1659362468637-300x279.png.webp ; chair-image@2x-e1659362468637.png.webp ; cropped-r-icon@2x-180x180.png ; cropped-r-icon@2x-192x192.png ; cropped-r-icon@2x-270x270.png ; cropped-r-icon@2x-32x32.png ; dark-plain-header-bkgd@2x.png ; facebook-icon@2x.png ; facebook-icon@2x.png.webp ; floating-blue-circle@2x.png ; floating-woman-with-mic@2x-e1658418119367-250x300.png.webp ; floating-woman-with-mic@2x-e1658418119367-768x922.png.webp ; floating-woman-with-mic@2x-e1658418119367-853x1024.png.webp ; floating-woman-with-mic@2x-e1658418119367.png.webp ; full-mug@2x-195x300.png ; full-mug@2x-665x1024.png ; full-mug@2x-768x1183.png ; full-mug@2x.png ; full-white-circle@2x-1.png ; full-white-circle@2x-1.png.webp ; full-white-circle@2x.png ; header-r@2x-8.png ; hello@revelcpa.com ; home-cta-background@2x-e1658933820529.png ; home-header-background@2x.png ; homepage-cta-background-r@2x.png ; homw-header-hands@2x-e1659011800756-191x300.png.webp ; homw-header-hands@2x-e1659011800756-651x1024.png.webp ; homw-header-hands@2x-e1659011800756-768x1207.png.webp ; homw-header-hands@2x-e1659011800756.png.webp ; image-witch-circle@2x-218x300.png.webp ; image-witch-circle@2x-744x1024.png.webp ; image-witch-circle@2x-768x1058.png.webp ; image-witch-circle@2x.png.webp ; insta-icon@2x.png ; insta-icon@2x.png.webp ; ipad-man@2x-e1658413189321-1024x1024.png.webp ; ipad-man@2x-e1658413189321-150x150.png.webp ; ipad-man@2x-e1658413189321-300x300.png.webp ; ipad-man@2x-e1658413189321-768x768.png.webp ; ipad-man@2x-e1658413189321.png.webp ; laptop-woman@2x-269x300.png ; laptop-woman@2x-768x857.png ; laptop-woman@2x-918x1024.png ; laptop-woman@2x.png ; line-1@2x.png ; line-2@2x.png ; lock-and-key@2x-e1658922124589-300x232.png.webp ; lock-and-key@2x-e1658922124589.png.webp ; man-with-headphone@2x-218x300.png.webp ; man-with-headphone@2x-744x1024.png.webp ; man-with-headphone@2x-768x1056.png.webp ; man-with-headphone@2x.png.webp ; meeting-image@2x-200x300.png ; meeting-image@2x-683x1024.png ; meeting-image@2x-768x1151.png ; meeting-image@2x.png ; numbers-line@2x-8.png ; orange-about-side-line@2x.png ; orange-blog-line@2x.png ; orange-logo@2x.png ; orangle-circle-left@2x.png ; ornagle-left-rectangle@2x.png ; outdoor-blue-line@2x.png ; outdoor-image@2x-1024x459.png ; outdoor-image@2x-1536x689.png ; outdoor-image@2x-300x135.png ; outdoor-image@2x-768x344.png ; outdoor-image@2x.png ; over-image-ircle@2x.png ; paper-float-woman@2x-e1659007480867-1012x1024.png ; paper-float-woman@2x-e1659007480867-1518x1536.png ; paper-float-woman@2x-e1659007480867-297x300.png ; paper-float-woman@2x-e1659007480867-768x777.png ; paper-float-woman@2x-e1659007480867.png ; quote@2x-8.png ; records@2x-e1658922143468-300x243.png.webp ; records@2x-e1658922143468.png.webp ; rectangle-13@2x.png ; small-blue-right-circle@2x.png ; smiling-woman@2x-8.png ; star-graph@2x.png.webp ; star@2x.png.webp ; team-background-full-image@2x.png ; team-background-r@2x.png ; testimonial-background-r@2x.png ; tick@2x.png.webp ; white-logo@2x-300x77.png ; white-logo@2x-300x77.png.webp ; white-logo@2x.png ; white-logo@2x.png.webp ; woman-image@2x-220x300.png.webp ; woman-image@2x-751x1024.png.webp ; woman-image@2x-768x1048.png.webp ; woman-image@2x.png.webp ; woman-with-laptop@2x.png ; woodworker-man@2x-275x300.png.webp ; woodworker-man@2x-768x837.png.webp ; woodworker-man@2x-939x1024.png.webp ; woodworker-man@2x.png.webp,showing_email_candidates,not_flagged,contact_pages,hello@revelcpa.com,hello@revelcpa.com,,,,valid=1; invalid=0; risky=0; unknown=0
12293,>30M,catdaggers.com,no,,,,0,,catdaggers@gmail.com,showing_email_candidates,not_flagged,contact_pages,,,,,,valid=0; invalid=0; risky=0; unknown=0
12294,>30M,getshirty.uk,yes,,,https://form.typeform.com/to/Q7cLKtsX,0,,hello@getshirty.uk,showing_email_candidates,not_flagged,contact_pages,hello@getshirty.uk,hello@getshirty.uk,,,,valid=1; invalid=0; risky=0; unknown=0
12295,>30M,tamam.email,yes,,,,0,,,no_public_email_found,not_flagged,contact_pages,,,,,,valid=0; invalid=0; risky=0; unknown=0
12296,>30M,studio525nyc.com,yes,,,https://studio525.typeform.com/to/nVLLUUoI,0,,,no_public_email_found,not_flagged,contact_pages,,,,,,valid=0; invalid=0; risky=0; unknown=0
12297,>30M,wordpressdeveloperaustin.com,no,,,,0,,,no_public_email_found,not_flagged,contact_pages,,,,,,valid=0; invalid=0; risky=0; unknown=0
12298,>30M,technation.io,yes,,,https://foundersforumlive.typeform.com/to/G0ACh0r3,0,,info@technation.com ; info@technation.io,showing_email_candidates,not_flagged,contact_pages,info@technation.io,,,,info@technation.io,valid=0; invalid=0; risky=0; unknown=1
12299,>30M,blupass.co,yes,,,,0,,,no_public_email_found,not_flagged,contact_pages,,,,,,valid=0; invalid=0; risky=0; unknown=0
12300,>30M,greatshots.golf,no,,,,0,,greatshotsdonations@greatshots.golf,showing_email_candidates,not_flagged,contact_pages,,,,,,valid=0; invalid=0; risky=0; unknown=0
12301,>30M,forms.app,no,,,,0,,support@forms.app,showing_email_candidates,not_flagged,contact_pages,support@forms.app,,,,support@forms.app,valid=0; invalid=0; risky=0; unknown=1
12302,>30M,monitorcm.se,yes,,,https://embed.typeform.com/ ; https://validity.typeform.com/to/AtBG2O ; https://validity.typeform.com/to/avZ9Ud,0,,anton.eggimann@monitorcm.se ; enkido.cacan@monitorcm.se ; filip.carlsson@monitorcm.se ; fredrik.roos@monitorcm.se ; info@monitorcm.se ; isabella.ross@monitorcm.se ; karl.lexmon@monitorcm.se ; pontus.nass@monitorcm.se ; viktor.lindstedt@monitorcm.se,showing_email_candidates,not_flagged,contact_pages,info@monitorcm.se,,,,info@monitorcm.se,valid=0; invalid=0; risky=0; unknown=1
12303,>30M,frotacontrol.com.br,yes,,,https://form.typeform.com/to/sW5Qm9uN,0,,comercial@frotacontrol.com.br ; comunik16@gmail.com,showing_email_candidates,not_flagged,contact_pages,,,,,,valid=0; invalid=0; risky=0; unknown=0
12304,>30M,aujardinfleuri54.fr,yes,,,https://embed.typeform.com/ ; https://form.typeform.com/to/Ea9bpIZf,0,,,no_public_email_found,not_flagged,contact_pages,,,,,,valid=0; invalid=0; risky=0; unknown=0
12305,>30M,planbdesign.nl,yes,,,,0,,,no_public_email_found,not_flagged,contact_pages,,,,,,valid=0; invalid=0; risky=0; unknown=0
12306,>30M,diseradental.ca,yes,,,https://embed.typeform.com/ ; https://revupgroup.typeform.com/to/upUDtJ,0,,info@diseradental.ca,showing_email_candidates,not_flagged,contact_pages,info@diseradental.ca,,,,info@diseradental.ca,valid=0; invalid=0; risky=0; unknown=1
12307,>30M,tribeoftraders.com,yes,,,,0,,,no_public_email_found,not_flagged,contact_pages,,,,,,valid=0; invalid=0; risky=0; unknown=0
12308,>30M,harriscertifiedcoach.com,yes,,,https://r7d3gdbqwuk.typeform.com/to/GkWoOpV8,0,,hccadmin@timandjulieharris.com,showing_email_candidates,not_flagged,contact_pages,,,,,,valid=0; invalid=0; risky=0; unknown=0
12309,>30M,acetodivita.com,yes,,,,0,,,no_public_email_found,not_flagged,contact_pages,,,,,,valid=0; invalid=0; risky=0; unknown=0
12310,>30M,ayansharma.com,yes,,,https://deepak115.typeform.com/to/wHwzFw ; https://embed.typeform.com/,0,,ayansharma.me@gmail.com,showing_email_candidates,not_flagged,contact_pages,,,,,,valid=0; invalid=0; risky=0; unknown=0
12311,>30M,thebodybulletin.com,no,,,,0,,shay@thebodybulletin.com,showing_email_candidates,not_flagged,contact_pages,,,,,,valid=0; invalid=0; risky=0; unknown=0
12312,>30M,reupfestival.com,no,,,,0,,,no_public_email_found,not_flagged,contact_pages,,,,,,valid=0; invalid=0; risky=0; unknown=0
12313,>30M,klay.com.au,no,,,,0,,,no_public_email_found,not_flagged,contact_pages,,,,,,valid=0; invalid=0; risky=0; unknown=0
12314,>30M,grizzly-strength-coaching.com,yes,,,https://xrzzfaaiznb.typeform.com/to/T8z6xhuJ,0,,kontakt@grizzly-strength-coaching.com ; moritz@grizzly-strength-coaching.com,showing_email_candidates,not_flagged,contact_pages,,,,,,valid=0; invalid=0; risky=0; unknown=0
12315,>30M,bontibu.com,yes,,,https://qhcqtv61ra1.typeform.com/to/jw7BPwcI,0,,bontibu_logo_negro_129607ee-10bc-4a3b-8413-aff992e06fd0_175x@2x.png,showing_email_candidates,not_flagged,contact_pages,,,,,,valid=0; invalid=0; risky=0; unknown=0
12316,>30M,closer-to-closing.com,yes,,,,0,,,no_public_email_found,not_flagged,contact_pages,,,,,,valid=0; invalid=0; risky=0; unknown=0
12317,>30M,electricistatoledo.pro,yes,,,,0,,info@proalphadesatascos.com,showing_email_candidates,not_flagged,contact_pages,,,,,,valid=0; invalid=0; risky=0; unknown=0
12318,>30M,tiptoncounseling.com,yes,,,https://q8vbclwsjyc.typeform.com/to/ZrnmnKAO,0,,daniel.e.tipton@gmail.com,showing_email_candidates,not_flagged,contact_pages,,,,,,valid=0; invalid=0; risky=0; unknown=0
12319,>30M,lawfirmlaunchpad.com,yes,,,https://meanpug.typeform.com/to/iNDxtIey,0,,,no_public_email_found,not_flagged,contact_pages,,,,,,valid=0; invalid=0; risky=0; unknown=0
12320,>30M,additivecenter.com,yes,,,https://form.typeform.com/to/tEH266Bj,0,,alexander@additivecenter.com ; info@additivecenter.com ; jobs@additivecenter.com ; joran@additivecenter.com ; maarten@additivecenter.com ; sjoerd@additivecenter.com,showing_email_candidates,not_flagged,contact_pages,info@additivecenter.com ; jobs@additivecenter.com,info@additivecenter.com,,,jobs@additivecenter.com,valid=1; invalid=0; risky=0; unknown=1
12321,>30M,docsdoggydaycare.com,yes,,,https://docsdoggydaycare.typeform.com/to/U7Q3Kt,0,,,no_public_email_found,not_flagged,contact_pages,,,,,,valid=0; invalid=0; risky=0; unknown=0
12322,>30M,stanleymudford.com,yes,,,https://embed.typeform.com/ ; https://netiva1.typeform.com/to/CSsuGC,0,,,no_public_email_found,not_flagged,contact_pages,,,,,,valid=0; invalid=0; risky=0; unknown=0
12323,>30M,yourdataguardian.com,no,,,https://embed.typeform.com/,0,,,no_public_email_found,not_flagged,contact_pages,,,,,,valid=0; invalid=0; risky=0; unknown=0
12324,>30M,321.app,yes,,,https://admin.typeform.com/ ; https://embed.typeform.com/ ; https://premium-domains.typeform.com/to/IdIzAi,0,,,no_public_email_found,not_flagged,contact_pages,,,,,,valid=0; invalid=0; risky=0; unknown=0
12325,>30M,assicurazione.app,yes,,,https://admin.typeform.com/ ; https://embed.typeform.com/ ; https://premium-domains.typeform.com/to/IdIzAi,0,,,no_public_email_found,not_flagged,contact_pages,,,,,,valid=0; invalid=0; risky=0; unknown=0
12326,>30M,annunci.app,yes,,,https://admin.typeform.com/ ; https://embed.typeform.com/ ; https://premium-domains.typeform.com/to/IdIzAi,0,,,no_public_email_found,not_flagged,contact_pages,,,,,,valid=0; invalid=0; risky=0; unknown=0
12327,>30M,audiolibri.app,yes,,,,0,,,no_public_email_found,not_flagged,contact_pages,,,,,,valid=0; invalid=0; risky=0; unknown=0
12328,>30M,appics.app,yes,,,https://cryptopreneur.typeform.com/to/k3VV90oz,0,,pr@appics.com,showing_email_candidates,not_flagged,contact_pages,,,,,,valid=0; invalid=0; risky=0; unknown=0
12329,>30M,avo.app,no,,,,0,,hi@avo.app ; preact@10.27.2,showing_email_candidates,not_flagged,contact_pages,,,,,,valid=0; invalid=0; risky=0; unknown=0
12330,>30M,birra.app,yes,,,,0,,,no_public_email_found,not_flagged,contact_pages,,,,,,valid=0; invalid=0; risky=0; unknown=0
12331,>30M,biglietti.app,yes,,,https://admin.typeform.com/ ; https://embed.typeform.com/ ; https://premium-domains.typeform.com/to/IdIzAi,0,,,no_public_email_found,not_flagged,contact_pages,,,,,,valid=0; invalid=0; risky=0; unknown=0
12332,>30M,concorsi.app,yes,,,https://admin.typeform.com/ ; https://embed.typeform.com/ ; https://premium-domains.typeform.com/to/IdIzAi,0,,,no_public_email_found,not_flagged,contact_pages,,,,,,valid=0; invalid=0; risky=0; unknown=0
12333,>30M,concerti.app,yes,,,https://admin.typeform.com/ ; https://embed.typeform.com/ ; https://premium-domains.typeform.com/to/IdIzAi,0,,,no_public_email_found,not_flagged,contact_pages,,,,,,valid=0; invalid=0; risky=0; unknown=0
12334,>30M,ciclo.app,yes,,,https://admin.typeform.com/ ; https://embed.typeform.com/ ; https://premium-domains.typeform.com/to/IdIzAi,0,,,no_public_email_found,not_flagged,contact_pages,,,,,,valid=0; invalid=0; risky=0; unknown=0
12335,>30M,dimagrire.app,yes,,,https://admin.typeform.com/ ; https://embed.typeform.com/ ; https://premium-domains.typeform.com/to/IdIzAi,0,,,no_public_email_found,not_flagged,contact_pages,,,,,,valid=0; invalid=0; risky=0; unknown=0
12336,>30M,devcon.app,no,,,https://scrollzkp.typeform.com/,0,,,no_public_email_found,not_flagged,contact_pages,,,,,,valid=0; invalid=0; risky=0; unknown=0
12337,>30M,dieta.app,yes,,,https://admin.typeform.com/ ; https://embed.typeform.com/ ; https://premium-domains.typeform.com/to/IdIzAi,0,,,no_public_email_found,not_flagged,contact_pages,,,,,,valid=0; invalid=0; risky=0; unknown=0
12338,>30M,domini.app,yes,,,https://admin.typeform.com/ ; https://embed.typeform.com/ ; https://premium-domains.typeform.com/to/IdIzAi,0,,,no_public_email_found,not_flagged,contact_pages,,,,,,valid=0; invalid=0; risky=0; unknown=0
12339,>30M,early.app,no,,,,0,,hello@early.app ; mb@early.app ; mz@early.app,showing_email_candidates,not_flagged,contact_pages,hello@early.app,hello@early.app,,,,valid=1; invalid=0; risky=0; unknown=0
12340,>30M,fatture.app,yes,,,https://admin.typeform.com/ ; https://embed.typeform.com/ ; https://premium-domains.typeform.com/to/IdIzAi,0,,,no_public_email_found,not_flagged,contact_pages,,,,,,valid=0; invalid=0; risky=0; unknown=0
12341,>30M,finanza.app,yes,,,https://admin.typeform.com/ ; https://embed.typeform.com/ ; https://premium-domains.typeform.com/to/IdIzAi,0,,,no_public_email_found,not_flagged,contact_pages,,,,,,valid=0; invalid=0; risky=0; unknown=0
12342,>30M,farmaci.app,yes,,,https://admin.typeform.com/ ; https://embed.typeform.com/ ; https://premium-domains.typeform.com/to/IdIzAi,0,,,no_public_email_found,not_flagged,contact_pages,,,,,,valid=0; invalid=0; risky=0; unknown=0
12343,>30M,explainervideo.app,no,,,,0,,hello@explainervideo.app ; john@example.com,showing_email_candidates,not_flagged,contact_pages,hello@explainervideo.app,hello@explainervideo.app,,,,valid=1; invalid=0; risky=0; unknown=0
12344,>30M,eventi.app,yes,,,https://admin.typeform.com/ ; https://embed.typeform.com/ ; https://premium-domains.typeform.com/to/IdIzAi,0,,,no_public_email_found,not_flagged,contact_pages,,,,,,valid=0; invalid=0; risky=0; unknown=0
12345,>30M,giochi.app,yes,,,https://admin.typeform.com/ ; https://embed.typeform.com/ ; https://premium-domains.typeform.com/to/IdIzAi,0,,,no_public_email_found,not_flagged,contact_pages,,,,,,valid=0; invalid=0; risky=0; unknown=0
12346,>30M,hcai.app,no,,,,0,,info@example.com,showing_email_candidates,not_flagged,contact_pages,,,,,,valid=0; invalid=0; risky=0; unknown=0
12347,>30M,immobili.app,yes,,,https://admin.typeform.com/ ; https://embed.typeform.com/ ; https://premium-domains.typeform.com/to/IdIzAi,0,,,no_public_email_found,not_flagged,contact_pages,,,,,,valid=0; invalid=0; risky=0; unknown=0
12348,>30M,investimento.app,yes,,,,0,,,no_public_email_found,not_flagged,contact_pages,,,,,,valid=0; invalid=0; risky=0; unknown=0
12349,>30M,incontri.app,yes,,,https://admin.typeform.com/ ; https://embed.typeform.com/ ; https://premium-domains.typeform.com/to/IdIzAi,0,,,no_public_email_found,not_flagged,contact_pages,,,,,,valid=0; invalid=0; risky=0; unknown=0
12350,>30M,investire.app,yes,,,,0,,,no_public_email_found,not_flagged,contact_pages,,,,,,valid=0; invalid=0; risky=0; unknown=0
12351,>30M,lavoro.app,yes,,,https://admin.typeform.com/ ; https://embed.typeform.com/ ; https://premium-domains.typeform.com/to/IdIzAi,0,,,no_public_email_found,not_flagged,contact_pages,,,,,,valid=0; invalid=0; risky=0; unknown=0
12352,>30M,limpid.app,no,,,,0,,,no_public_email_found,not_flagged,contact_pages,,,,,,valid=0; invalid=0; risky=0; unknown=0
12353,>30M,meteo.app,yes,,,https://admin.typeform.com/ ; https://embed.typeform.com/ ; https://premium-domains.typeform.com/to/IdIzAi,0,,,no_public_email_found,not_flagged,contact_pages,,,,,,valid=0; invalid=0; risky=0; unknown=0
12354,>30M,mutuo.app,yes,,,https://admin.typeform.com/ ; https://embed.typeform.com/ ; https://premium-domains.typeform.com/to/IdIzAi,0,,,no_public_email_found,not_flagged,contact_pages,,,,,,valid=0; invalid=0; risky=0; unknown=0
12355,>30M,notai.app,yes,,,https://admin.typeform.com/ ; https://embed.typeform.com/ ; https://premium-domains.typeform.com/to/IdIzAi,0,,,no_public_email_found,not_flagged,contact_pages,,,,,,valid=0; invalid=0; risky=0; unknown=0
12356,>30M,onde.app,no,,,,0,,36919340b403497f9861e859c58a56cc@o229941.ingest.sentry.io ; hi@onde.app ; support@onde.app ; vue@2.6.11,showing_email_candidates,not_flagged,contact_pages,support@onde.app,,,,support@onde.app,valid=0; invalid=0; risky=0; unknown=1
12357,>30M,notaio.app,yes,,,https://admin.typeform.com/ ; https://embed.typeform.com/ ; https://premium-domains.typeform.com/to/IdIzAi,0,,,no_public_email_found,not_flagged,contact_pages,,,,,,valid=0; invalid=0; risky=0; unknown=0
12358,>30M,mutui.app,yes,,,https://admin.typeform.com/ ; https://embed.typeform.com/ ; https://premium-domains.typeform.com/to/IdIzAi,0,,,no_public_email_found,not_flagged,contact_pages,,,,,,valid=0; invalid=0; risky=0; unknown=0
12359,>30M,partite.app,yes,,,https://admin.typeform.com/ ; https://embed.typeform.com/ ; https://premium-domains.typeform.com/to/IdIzAi,0,,,no_public_email_found,not_flagged,contact_pages,,,,,,valid=0; invalid=0; risky=0; unknown=0
12360,>30M,prestito.app,yes,,,https://admin.typeform.com/ ; https://embed.typeform.com/ ; https://premium-domains.typeform.com/to/IdIzAi,0,,,no_public_email_found,not_flagged,contact_pages,,,,,,valid=0; invalid=0; risky=0; unknown=0
12361,>30M,prestiti.app,yes,,,https://admin.typeform.com/ ; https://embed.typeform.com/ ; https://premium-domains.typeform.com/to/IdIzAi,0,,,no_public_email_found,not_flagged,contact_pages,,,,,,valid=0; invalid=0; risky=0; unknown=0
12362,>30M,orquesta.app,yes,,,https://driadeco.typeform.com/to/kyPI4N80,0,,info@orquestaapp.com,showing_email_candidates,not_flagged,contact_pages,,,,,,valid=0; invalid=0; risky=0; unknown=0
12363,>30M,rgk.app,no,,,,0,,,no_public_email_found,not_flagged,contact_pages,,,,,,valid=0; invalid=0; risky=0; unknown=0
12364,>30M,scommettere.app,yes,,,https://admin.typeform.com/ ; https://embed.typeform.com/ ; https://premium-domains.typeform.com/to/IdIzAi,0,,,no_public_email_found,not_flagged,contact_pages,,,,,,valid=0; invalid=0; risky=0; unknown=0
12365,>30M,ricette.app,yes,,,,0,,,no_public_email_found,not_flagged,contact_pages,,,,,,valid=0; invalid=0; risky=0; unknown=0
12366,>30M,scuola.app,yes,,,https://admin.typeform.com/ ; https://embed.typeform.com/ ; https://premium-domains.typeform.com/to/IdIzAi,0,,,no_public_email_found,not_flagged,contact_pages,,,,,,valid=0; invalid=0; risky=0; unknown=0
12367,>30M,trova.app,yes,,,https://admin.typeform.com/ ; https://embed.typeform.com/ ; https://premium-domains.typeform.com/to/IdIzAi,0,,,no_public_email_found,not_flagged,contact_pages,,,,,,valid=0; invalid=0; risky=0; unknown=0
12368,>30M,trudy.app,yes,,,,0,,didrik@trudy.app,showing_email_candidates,not_flagged,contact_pages,,,,,,valid=0; invalid=0; risky=0; unknown=0
12369,>30M,vit.app,yes,,,https://admin.typeform.com/ ; https://embed.typeform.com/ ; https://premium-domains.typeform.com/to/IdIzAi,0,,,no_public_email_found,not_flagged,contact_pages,,,,,,valid=0; invalid=0; risky=0; unknown=0
12370,>30M,visite.app,no,,,,0,,,no_public_email_found,not_flagged,contact_pages,,,,,,valid=0; invalid=0; risky=0; unknown=0
12371,>30M,wobo.app,no,,,,0,,,no_public_email_found,not_flagged,contact_pages,,,,,,valid=0; invalid=0; risky=0; unknown=0
12372,>30M,ecotoneny.com,no,,,,0,,,no_public_email_found,not_flagged,contact_pages,,,,,,valid=0; invalid=0; risky=0; unknown=0
12373,>30M,aleparedes.com,no,,,,0,,,no_public_email_found,not_flagged,contact_pages,,,,,,valid=0; invalid=0; risky=0; unknown=0
12374,>30M,caravansupply.biz,yes,,,,0,,,no_public_email_found,not_flagged,contact_pages,,,,,,valid=0; invalid=0; risky=0; unknown=0
12375,>30M,lbtc.jp,no,,,,0,,,no_public_email_found,not_flagged,contact_pages,,,,,,valid=0; invalid=0; risky=0; unknown=0
12376,>30M,sockgeeks.co.uk,yes,,,https://my-personality.typeform.com/to/CUwtjk,0,,harry@sockgeeks.co.uk,showing_email_candidates,not_flagged,contact_pages,,,,,,valid=0; invalid=0; risky=0; unknown=0
12377,>30M,jsonlinecoaching.com,no,,,,0,,flags@2x.png,showing_email_candidates,not_flagged,contact_pages,,,,,,valid=0; invalid=0; risky=0; unknown=0
12378,>30M,missalicecosmetics.com,no,,,,0,,,no_public_email_found,not_flagged,contact_pages,,,,,,valid=0; invalid=0; risky=0; unknown=0
12379,>30M,newcastletreeservicepros.com.au,yes,,,,0,,,no_public_email_found,not_flagged,contact_pages,,,,,,valid=0; invalid=0; risky=0; unknown=0
12380,>30M,ignait.mx,no,,,,0,,hola@ignait.mx,showing_email_candidates,not_flagged,contact_pages,,,,,,valid=0; invalid=0; risky=0; unknown=0
12381,>30M,animalwelfarefoundation.org.uk,yes,,,,0,,,no_public_email_found,not_flagged,contact_pages,,,,,,valid=0; invalid=0; risky=0; unknown=0
12382,>30M,kareninavasquez.com,yes,,,https://admin.typeform.com/ ; https://embed.typeform.com/ ; https://kareninavasquez.typeform.com/to/UnB431,0,,hola@kareninavasquez.com ; popper.js@1.16.0,showing_email_candidates,not_flagged,contact_pages,,,,,,valid=0; invalid=0; risky=0; unknown=0
12383,>30M,neutron-science.com,yes,,,https://ignitenutraceuticals.typeform.com/to/azQ5FD9O ; https://ignitenutraceuticals.typeform.com/to/gKU2G6pT ; https://ignitenutraceuticals.typeform.com/to/iAeOc5IT ; https://neutronscience.typeform.com/to/azQ5FD9O,0,,info@neutron-science.com,showing_email_candidates,not_flagged,contact_pages,info@neutron-science.com,,,,info@neutron-science.com,valid=0; invalid=0; risky=0; unknown=1
12384,>30M,expertotrafico.com,yes,,,https://embed.typeform.com/,0,,comercial@transferenciasimposibles.com,showing_email_candidates,not_flagged,contact_pages,,,,,,valid=0; invalid=0; risky=0; unknown=0
12385,>30M,perseedu.com,yes,,,https://perseedu.typeform.com/to/g59ifU79,0,,talent@gmail.com ; talent@mail.com,showing_email_candidates,not_flagged,contact_pages,,,,,,valid=0; invalid=0; risky=0; unknown=0
12386,>30M,ngatur-duit.com,yes,,,https://creative-trader.typeform.com/to/hGDJyy63 ; https://creative-trader.typeform.com/to/m7bGzodr ; https://creative-trader.typeform.com/to/SndMbfVe ; https://creative-trader.typeform.com/to/Yy33Tnn1,0,,,no_public_email_found,not_flagged,contact_pages,,,,,,valid=0; invalid=0; risky=0; unknown=0
12387,>30M,chateau-amelie.com,yes,,,,0,,,no_public_email_found,not_flagged,contact_pages,,,,,,valid=0; invalid=0; risky=0; unknown=0
12388,>30M,ripley.chat,yes,,,https://embed.typeform.com/ ; https://form.typeform.com/to/Ng66quMC,0,,ian.denny@ripleychat.com,showing_email_candidates,not_flagged,contact_pages,,,,,,valid=0; invalid=0; risky=0; unknown=0
12389,>30M,comentanos.app,yes,,,https://datalogyx.typeform.com/to/aIpA1v ; https://embed.typeform.com/,0,,,no_public_email_found,not_flagged,contact_pages,,,,,,valid=0; invalid=0; risky=0; unknown=0
12390,>30M,transcriptor.app,no,,,,0,,hello@mqslimited.co,showing_email_candidates,not_flagged,contact_pages,,,,,,valid=0; invalid=0; risky=0; unknown=0
12391,>30M,joyfulsmilespediatricdentistry.com,no,,,,0,,,no_public_email_found,not_flagged,contact_pages,,,,,,valid=0; invalid=0; risky=0; unknown=0
12392,>30M,wpfrontendadmin.com,no,,,,0,,,no_public_email_found,not_flagged,contact_pages,,,,,,valid=0; invalid=0; risky=0; unknown=0
12393,>30M,olafdidolff.com,no,,,,0,,,no_public_email_found,not_flagged,contact_pages,,,,,,valid=0; invalid=0; risky=0; unknown=0
12394,>30M,tyuldyukov.com,no,,,,0,,,no_public_email_found,not_flagged,contact_pages,,,,,,valid=0; invalid=0; risky=0; unknown=0
12395,>30M,redrestore.com,yes,,,https://form.typeform.com/to/MGrHNc,0,,slick@1.8.1 ; support@redrestore.com,showing_email_candidates,not_flagged,contact_pages,support@redrestore.com,,,,support@redrestore.com,valid=0; invalid=0; risky=0; unknown=1
12396,>30M,marcelariveros.com,yes,,,https://marcelariveros.typeform.com/to/rKb7SE,0,,coach@marcelariveros.com,showing_email_candidates,not_flagged,contact_pages,,,,,,valid=0; invalid=0; risky=0; unknown=0
12397,>30M,vaccininfo.se,no,,,,0,,,no_public_email_found,not_flagged,contact_pages,,,,,,valid=0; invalid=0; risky=0; unknown=0
12398,>30M,modash.io,no,,,https://embed.typeform.com/,0,,hello@modash.io,showing_email_candidates,not_flagged,contact_pages,hello@modash.io,hello@modash.io,,,,valid=1; invalid=0; risky=0; unknown=0
12399,>30M,entreparedes.es,yes,,,https://6xafi4zv5t4.typeform.com/to/eddTrleF,0,,info@entreparedes.es,showing_email_candidates,not_flagged,contact_pages,info@entreparedes.es,,,,info@entreparedes.es,valid=0; invalid=0; risky=0; unknown=1
12400,>30M,shotbyallan.com,no,,,,0,,,no_public_email_found,not_flagged,contact_pages,,,,,,valid=0; invalid=0; risky=0; unknown=0
12401,>30M,heatspotenterprises.com,yes,,,https://adriaanbosman.typeform.com/to/Zv2zuk ; https://embed.typeform.com/,0,,info@heatspotenterprises.com,showing_email_candidates,not_flagged,contact_pages,info@heatspotenterprises.com,,,,info@heatspotenterprises.com,valid=0; invalid=0; risky=0; unknown=1
12402,>30M,leyogascope.com,yes,,,https://leyogascope.typeform.com/to/vTH25aqN,0,,info@leyogascope.com ; support.mail@1and1.fr ; team@leyogascope.com,showing_email_candidates,not_flagged,contact_pages,info@leyogascope.com ; team@leyogascope.com,,,,info@leyogascope.com ; team@leyogascope.com,valid=0; invalid=0; risky=0; unknown=2
12403,>30M,physicianswealthadvisory.ca,yes,,,,0,,sebastien.chevrier@manulifewealth.ca,showing_email_candidates,not_flagged,contact_pages,,,,,,valid=0; invalid=0; risky=0; unknown=0
12404,>30M,floridahealthjustice.org,yes,,,https://embed.typeform.com/ ; https://fhjp.typeform.com/to/LOOJv3Xv ; https://form.typeform.com/to/gdTIrXkR,0,,ffla-new-name@2x.png ; help@floridahealthjustice.org ; media@floridahealthjustice.org,showing_email_candidates,not_flagged,contact_pages,help@floridahealthjustice.org ; media@floridahealthjustice.org,help@floridahealthjustice.org,,,media@floridahealthjustice.org,valid=1; invalid=0; risky=0; unknown=1
12405,>30M,traplinked.com,yes,,,https://form.typeform.com/to/sbsAWp9B ; https://wbz3iygfon4.typeform.com/to/szT5A11t,0,,dpo-google@google.com ; kontakt@traplinked.com ; logo@2x.png ; support@traplinked.com,showing_email_candidates,not_flagged,contact_pages,support@traplinked.com,,,,support@traplinked.com,valid=0; invalid=0; risky=0; unknown=1
12406,>30M,castillaoftalmologia.com,no,,,,0,,clinica@castillaoftalmologia.com,showing_email_candidates,not_flagged,contact_pages,,,,,,valid=0; invalid=0; risky=0; unknown=0
12407,>30M,walmartonex.info,yes,,,,0,,,no_public_email_found,not_flagged,contact_pages,,,,,,valid=0; invalid=0; risky=0; unknown=0
12408,>30M,evo-fit.de,no,,,https://gzp9o58q518.typeform.com/,0,,mail@evo-fit.de,showing_email_candidates,not_flagged,contact_pages,,,,,,valid=0; invalid=0; risky=0; unknown=0
12409,>30M,cuisinez-pour-bebe.fr,yes,,,https://cuisinezpourbebe.typeform.com/to/HAFkanDz,0,,hello@cuisinez-pour-bebe.fr,showing_email_candidates,not_flagged,contact_pages,hello@cuisinez-pour-bebe.fr,hello@cuisinez-pour-bebe.fr,,,,valid=1; invalid=0; risky=0; unknown=0
12410,>30M,odontoplusrs.com.br,yes,,,https://eva296.typeform.com/to/Ea3BIa ; https://marconbrasil.typeform.com/to/Ea3BIa,0,,odontoplusrs@odontoplusrs.com.br,showing_email_candidates,not_flagged,contact_pages,,,,,,valid=0; invalid=0; risky=0; unknown=0
12411,>30M,elevateme.co,yes,,,https://form.typeform.com/to/cDZEeYQ3 ; https://form.typeform.com/to/HG7pqMfh ; https://form.typeform.com/to/jSnK4Zu0 ; https://form.typeform.com/to/vkRDmk9W,0,,maxfellows@growthspecialist.co.uk,showing_email_candidates,not_flagged,contact_pages,,,,,,valid=0; invalid=0; risky=0; unknown=0
12412,>30M,optoceutics.com,no,,,,0,,,no_public_email_found,not_flagged,contact_pages,,,,,,valid=0; invalid=0; risky=0; unknown=0
12413,>30M,quai-alpha.com,yes,,,,0,,contact@quai-alpha.com ; jeremie@quai-alpha.com ; philipp@quai-alpha.com ; rachid-antoine@quai-alpha.com,showing_email_candidates,not_flagged,contact_pages,contact@quai-alpha.com,contact@quai-alpha.com,,,,valid=1; invalid=0; risky=0; unknown=0
12414,>30M,serendippias.com,no,,,,0,,,no_public_email_found,not_flagged,contact_pages,,,,,,valid=0; invalid=0; risky=0; unknown=0
12415,>30M,beleanbusiness.com,yes,,,https://form.typeform.com/to/BARVU7z2,0,,,no_public_email_found,not_flagged,contact_pages,,,,,,valid=0; invalid=0; risky=0; unknown=0
12416,>30M,portugalbahia.com.br,no,,,,0,,contato@email.com ; diretoriaba@portugalbahia.com.br ; popper.js@1.16.0,showing_email_candidates,not_flagged,contact_pages,,,,,,valid=0; invalid=0; risky=0; unknown=0
12417,>30M,adrihosan.com,no,,,,0,,comercial@adrihosan.com,showing_email_candidates,not_flagged,contact_pages,,,,,,valid=0; invalid=0; risky=0; unknown=0
12418,>30M,antoniogaryjr.com,no,,,,0,,,no_public_email_found,not_flagged,contact_pages,,,,,,valid=0; invalid=0; risky=0; unknown=0
12419,>30M,b2m-creative.com,no,,,https://hello648232.typeform.com/,0,,gsap@3.13.0 ; hello@b2m-creative.com ; hello@b2m-marketing.de ; kopie-von-amazfit_exhibition_2026_03_11-c-@peakpixelcafe-39-1024x1536.jpg ; kopie-von-amazfit_exhibition_2026_03_11-c-@peakpixelcafe-39-1366x2048.jpg ; kopie-von-amazfit_exhibition_2026_03_11-c-@peakpixelcafe-39-200x300.jpg ; kopie-von-amazfit_exhibition_2026_03_11-c-@peakpixelcafe-39-683x1024.jpg ; kopie-von-amazfit_exhibition_2026_03_11-c-@peakpixelcafe-39-768x1152.jpg ; kopie-von-amazfit_exhibition_2026_03_11-c-@peakpixelcafe-39-scaled.jpg,showing_email_candidates,not_flagged,contact_pages,hello@b2m-creative.com,hello@b2m-creative.com,,,,valid=1; invalid=0; risky=0; unknown=0
12420,>30M,hvhvets.com,no,,,,0,,,no_public_email_found,not_flagged,contact_pages,,,,,,valid=0; invalid=0; risky=0; unknown=0
12421,>30M,maritimegarage.com,yes,,,https://embed.typeform.com/ ; https://form.typeform.com/to/R725RE,0,,maritimegarage@gmail.com,showing_email_candidates,not_flagged,contact_pages,,,,,,valid=0; invalid=0; risky=0; unknown=0
12422,>30M,knownspace.agency,yes,,,https://melissaastrom.typeform.com/to/g7dCDQ,0,,reachus@knownspace.agency,showing_email_candidates,not_flagged,contact_pages,,,,,,valid=0; invalid=0; risky=0; unknown=0
12423,>30M,devtrategy.com,no,,,,0,,,no_public_email_found,not_flagged,contact_pages,,,,,,valid=0; invalid=0; risky=0; unknown=0
12424,>30M,womenintech-awards.com,no,,,,0,,,no_public_email_found,not_flagged,contact_pages,,,,,,valid=0; invalid=0; risky=0; unknown=0
12425,>30M,keylime-marketing.com,yes,,,https://gkasjw661td.typeform.com/to/wZ9yKve3,0,,keylimeagency@gmail.com,showing_email_candidates,not_flagged,contact_pages,,,,,,valid=0; invalid=0; risky=0; unknown=0
12426,>30M,pdax.ph,yes,,,https://survey.typeform.com/to/owZtE2WY,0,,aos@2.3.1,showing_email_candidates,not_flagged,contact_pages,,,,,,valid=0; invalid=0; risky=0; unknown=0
12427,>30M,thestyleequation.com,no,,,,0,,,no_public_email_found,not_flagged,contact_pages,,,,,,valid=0; invalid=0; risky=0; unknown=0
12428,>30M,prienehome.com,no,,,,0,,,no_public_email_found,not_flagged,contact_pages,,,,,,valid=0; invalid=0; risky=0; unknown=0
12429,>30M,bedrockexplorer.com,yes,,,https://57digital.typeform.com/ ; https://57digital.typeform.com/to/JawmrbnQ,0,,,no_public_email_found,not_flagged,contact_pages,,,,,,valid=0; invalid=0; risky=0; unknown=0
12430,>30M,zundigkeit.com,no,,,,0,,,no_public_email_found,not_flagged,contact_pages,,,,,,valid=0; invalid=0; risky=0; unknown=0
12431,>30M,planet.fans,yes,,,,0,,,no_public_email_found,not_flagged,contact_pages,,,,,,valid=0; invalid=0; risky=0; unknown=0
12432,>30M,victoriaslocum.com,no,,,,0,,,no_public_email_found,not_flagged,contact_pages,,,,,,valid=0; invalid=0; risky=0; unknown=0
12433,>30M,sciopraxi.com,yes,,,,0,,emie@sciopraxi.com ; jean.dupont@gmail.com ; lie@sciopraxi.com ; sciopraxi@gmail.com ; slick-carousel@1.8.1,showing_email_candidates,not_flagged,contact_pages,,,,,,valid=0; invalid=0; risky=0; unknown=0
12434,>30M,kumagaya-miwa-clinic.com,no,,,,0,,,no_public_email_found,not_flagged,contact_pages,,,,,,valid=0; invalid=0; risky=0; unknown=0
12435,>30M,glazedco.com.au,no,,,,0,,badge181_25@2x.png ; daniel@glazedco.com.au ; info@glazedco.com.au ; name@example.com,showing_email_candidates,not_flagged,contact_pages,info@glazedco.com.au,,,,info@glazedco.com.au,valid=0; invalid=0; risky=0; unknown=1
12436,>30M,hayato-k.ed.jp,no,,,,0,,,no_public_email_found,not_flagged,contact_pages,,,,,,valid=0; invalid=0; risky=0; unknown=0
12437,>30M,hedgehogapplications.nl,no,,,,0,,team@hedgehogapplications.nl,showing_email_candidates,not_flagged,contact_pages,team@hedgehogapplications.nl,,,,team@hedgehogapplications.nl,valid=0; invalid=0; risky=0; unknown=1
12438,>30M,customysocks.com,no,,,,0,,,no_public_email_found,not_flagged,contact_pages,,,,,,valid=0; invalid=0; risky=0; unknown=0
12439,>30M,norriscpafirm.com,yes,,,https://vh32x9sf1oq.typeform.com/to/LqXVUUyj,0,,,no_public_email_found,not_flagged,contact_pages,,,,,,valid=0; invalid=0; risky=0; unknown=0
12440,>30M,vastgoedmonitor.com,no,,,,0,,,no_public_email_found,not_flagged,contact_pages,,,,,,valid=0; invalid=0; risky=0; unknown=0
12441,>30M,voixdesoutremer.com,yes,,,https://form.typeform.com/to/CVK5mBhP ; https://form.typeform.com/to/QPAtpJHv ; https://form.typeform.com/to/UD20r9V4 ; https://voixdesoutremer.typeform.com/,0,,,no_public_email_found,not_flagged,contact_pages,,,,,,valid=0; invalid=0; risky=0; unknown=0
12442,>30M,kyokushin-mm.jp,no,,,,0,,,no_public_email_found,not_flagged,contact_pages,,,,,,valid=0; invalid=0; risky=0; unknown=0
12443,>30M,lyndsaylee.com,yes,,,https://lyndsayanderson.typeform.com/to/UIr2seXK,0,,,no_public_email_found,not_flagged,contact_pages,,,,,,valid=0; invalid=0; risky=0; unknown=0
12444,>30M,porod-med.com,no,,,,0,,info@porod-med.com,showing_email_candidates,not_flagged,contact_pages,info@porod-med.com,,,,info@porod-med.com,valid=0; invalid=0; risky=0; unknown=1
12445,>30M,minitopia.eu,no,,,,0,,casper@minitopia.eu ; info@minitopia.eu ; jos@minitopia.eu ; nina@minitopia.eu ; renate@minitopia.eu ; rolf@minitopia.eu ; tessa@minitopia.eu,showing_email_candidates,not_flagged,contact_pages,info@minitopia.eu,,,,info@minitopia.eu,valid=0; invalid=0; risky=0; unknown=1
12446,>30M,concretefloorpolisher.co.uk,no,,,,0,,,no_public_email_found,not_flagged,contact_pages,,,,,,valid=0; invalid=0; risky=0; unknown=0
12447,>30M,leonardlegalpa.net,yes,,,,0,,,no_public_email_found,not_flagged,contact_pages,,,,,,valid=0; invalid=0; risky=0; unknown=0
12448,>30M,s-t-a-r-g-a-z-e-r.com,yes,,,,0,,,no_public_email_found,not_flagged,contact_pages,,,,,,valid=0; invalid=0; risky=0; unknown=0
12449,>30M,ksl-msi-nrw.de,yes,,,https://lucasschnurre.typeform.com/to/bFLDckOj,0,,alexandra.janaszek@ksl-msi-nrw.de ; anna.cebulla@ksl-msi-nrw.de ; info@ksl-arnsberg.de ; info@ksl-duesseldorf.de ; info@ksl-koeln.de ; info@ksl-msi-nrw.de ; info@ksl-muenster.de ; info@ksl-nrw.de ; info@ksl-owl.de ; info@lag-selbsthilfe-nrw.de ; julian.rohlfing@ksl-msi-nrw.de ; k.grote@signges.rwth-aachen.de ; natalie.ziemann@ksl-msi-nrw.de ; ralf.bylski@ksl-msi-nrw.de ; sabine.edel@ksl-msi-nrw.de ; uikit@3.6.22,showing_email_candidates,not_flagged,contact_pages,info@ksl-msi-nrw.de,,,,info@ksl-msi-nrw.de,valid=0; invalid=0; risky=0; unknown=1
12450,>30M,ducting.id,no,,,,0,,,no_public_email_found,not_flagged,contact_pages,,,,,,valid=0; invalid=0; risky=0; unknown=0
12451,>30M,hejritter.eu,yes,,,https://63hlrw4nvwu.typeform.com/to/v02CQnXB,0,,dennis@hejritter.eu,showing_email_candidates,not_flagged,contact_pages,,,,,,valid=0; invalid=0; risky=0; unknown=0
12452,>30M,unison-lang.org,no,,,,0,,algoliasearch@4.5.1 ; consulting@unison.cloud ; katex@0.16.4,showing_email_candidates,not_flagged,contact_pages,,,,,,valid=0; invalid=0; risky=0; unknown=0
12453,>30M,duasirmasmudancas.com.br,yes,,,https://embed.typeform.com/ ; https://form.typeform.com/to/LnAqwW,0,,contato@duasirmasmudancas.com.br,showing_email_candidates,not_flagged,contact_pages,,,,,,valid=0; invalid=0; risky=0; unknown=0
12454,>30M,usmodules.com,no,,,,0,,,no_public_email_found,not_flagged,contact_pages,,,,,,valid=0; invalid=0; risky=0; unknown=0
12455,>30M,minou-hoikusho.com,no,,,,0,,,no_public_email_found,not_flagged,contact_pages,,,,,,valid=0; invalid=0; risky=0; unknown=0
12456,>30M,yuno.immo,yes,,,,0,,hello@yuno.immo ; press@yuno.immo,showing_email_candidates,not_flagged,contact_pages,hello@yuno.immo ; press@yuno.immo,hello@yuno.immo,,,press@yuno.immo,valid=1; invalid=0; risky=0; unknown=1
12457,>30M,humainlabs.com,yes,,,https://indyonline.typeform.com/to/mdaXxmbw,0,,hello@humainlabs.com,showing_email_candidates,not_flagged,contact_pages,hello@humainlabs.com,hello@humainlabs.com,,,,valid=1; invalid=0; risky=0; unknown=0
12458,>30M,timothycollective.com,yes,,,https://timothycollective.typeform.com/to/RNXl7Vcc,0,,,no_public_email_found,not_flagged,contact_pages,,,,,,valid=0; invalid=0; risky=0; unknown=0
12459,>30M,eventforms.be,no,,,,0,,,no_public_email_found,not_flagged,contact_pages,,,,,,valid=0; invalid=0; risky=0; unknown=0
12460,>30M,oneyoueastsussex.org.uk,yes,,,https://thrivetribe.typeform.com/to/n2Ucd2,0,,hello@oneyoueastsussex.org.uk,showing_email_candidates,not_flagged,contact_pages,hello@oneyoueastsussex.org.uk,hello@oneyoueastsussex.org.uk,,,,valid=1; invalid=0; risky=0; unknown=0
12461,>30M,wallpaperperthwa.com.au,yes,,,,0,,,no_public_email_found,not_flagged,contact_pages,,,,,,valid=0; invalid=0; risky=0; unknown=0
12462,>30M,laminutevacances.fr,yes,,,https://questionnaire-smlmv.typeform.com/to/VHbVQd,0,,,no_public_email_found,not_flagged,contact_pages,,,,,,valid=0; invalid=0; risky=0; unknown=0
12463,>30M,louisecameronedlund.com,yes,,,https://lce3.typeform.com/to/WB1jS3,0,,info@louisecameronedlund.com,showing_email_candidates,not_flagged,contact_pages,info@louisecameronedlund.com,,,,info@louisecameronedlund.com,valid=0; invalid=0; risky=0; unknown=1
12464,>30M,wealthy-heart.com,no,,,,0,,ing.christian.pozza@gmail.com,showing_email_candidates,not_flagged,contact_pages,,,,,,valid=0; invalid=0; risky=0; unknown=0
12465,>30M,notastitchup.com,yes,,,https://zephajackson.typeform.com/to/NLIZgl,0,,hello@notastitchup.com,showing_email_candidates,not_flagged,contact_pages,hello@notastitchup.com,hello@notastitchup.com,,,,valid=1; invalid=0; risky=0; unknown=0
12466,>30M,brookdalerecovery.com,no,,,,0,,,no_public_email_found,not_flagged,contact_pages,,,,,,valid=0; invalid=0; risky=0; unknown=0
12467,>30M,reistateofmind.com,no,,,,0,,info@reistateofmind.com ; reistateofmind@gmail.com,showing_email_candidates,not_flagged,contact_pages,info@reistateofmind.com,,,,info@reistateofmind.com,valid=0; invalid=0; risky=0; unknown=1
12468,>30M,stonecooler.com,yes,,,https://c8rdimxb5dd.typeform.com/to/YRLuFFGY,0,,info@steinobjekte.com ; steinobjekte@secure-pec.it,showing_email_candidates,not_flagged,contact_pages,,,,,,valid=0; invalid=0; risky=0; unknown=0
12469,>30M,companiadeluz.es,yes,,,https://selectra.typeform.com/to/d6Old7Ss ; https://selectra.typeform.com/to/QpOCxv1Y,0,,,no_public_email_found,not_flagged,contact_pages,,,,,,valid=0; invalid=0; risky=0; unknown=0
12470,>30M,shiftgrit.com,no,,,http://embed.typeform.com/ ; https://embed.typeform.com/ ; https://form.typeform.com/,0,,concierge@shiftgrit.com ; mountroyal@shiftgrit.shop,showing_email_candidates,not_flagged,contact_pages,,,,,,valid=0; invalid=0; risky=0; unknown=0
12471,>30M,formbricks.com,no,,,,0,,,no_public_email_found,not_flagged,contact_pages,,,,,,valid=0; invalid=0; risky=0; unknown=0
12472,>30M,aidaform.com,no,,,,0,,,no_public_email_found,not_flagged,contact_pages,,,,,,valid=0; invalid=0; risky=0; unknown=0
12473,>30M,websitevergleich.com,no,,,,0,,info@pagestreet.de,showing_email_candidates,not_flagged,contact_pages,,,,,,valid=0; invalid=0; risky=0; unknown=0
12474,>30M,touchpoint.video,no,,,,0,,,no_public_email_found,not_flagged,contact_pages,,,,,,valid=0; invalid=0; risky=0; unknown=0
12475,>30M,handiwork.services,no,,,,0,,,no_public_email_found,not_flagged,contact_pages,,,,,,valid=0; invalid=0; risky=0; unknown=0
12476,>30M,debtrise.com,yes,,,,0,,,no_public_email_found,not_flagged,contact_pages,,,,,,valid=0; invalid=0; risky=0; unknown=0
12477,>30M,harmonybeus.com,yes,,,https://harmonybeus.typeform.com/to/pht2kZ,0,,,no_public_email_found,not_flagged,contact_pages,,,,,,valid=0; invalid=0; risky=0; unknown=0
12478,>30M,gotackle.app,yes,,,,0,,,no_public_email_found,not_flagged,contact_pages,,,,,,valid=0; invalid=0; risky=0; unknown=0
12479,>30M,dealershipguy.com,yes,,,https://2tqce38uozv.typeform.com/to/pouhSrfL ; https://2tqce38uozv.typeform.com/to/RiXbRiMJ,0,,,no_public_email_found,not_flagged,contact_pages,,,,,,valid=0; invalid=0; risky=0; unknown=0
12480,>30M,ntscreative.co.uk,yes,,,https://efstathiosstivaros.typeform.com/to/CpAXw3 ; https://embed.typeform.com/,0,,hello@ntscreative.co.uk,showing_email_candidates,not_flagged,contact_pages,hello@ntscreative.co.uk,hello@ntscreative.co.uk,,,,valid=1; invalid=0; risky=0; unknown=0
12481,>30M,electricite-renovation-bayonne.fr,yes,,,,0,,,no_public_email_found,not_flagged,contact_pages,,,,,,valid=0; invalid=0; risky=0; unknown=0
12482,>30M,perthscreeningsolutions.com.au,yes,,,,0,,,no_public_email_found,not_flagged,contact_pages,,,,,,valid=0; invalid=0; risky=0; unknown=0
12483,>30M,dreambuildship.com,yes,,,https://developerjack.typeform.com/to/xi33mH ; https://embed.typeform.com/,0,,alpine@v2.x.x,showing_email_candidates,not_flagged,contact_pages,,,,,,valid=0; invalid=0; risky=0; unknown=0
12484,>30M,efp.clinic,yes,,,,0,,,no_public_email_found,not_flagged,contact_pages,,,,,,valid=0; invalid=0; risky=0; unknown=0
12485,>30M,tagly.app,no,,,,0,,ed@gobionic.io,showing_email_candidates,not_flagged,contact_pages,,,,,,valid=0; invalid=0; risky=0; unknown=0
12486,>30M,blissfulliving4u.com,yes,,,,0,,info@blissfulliving4u.com,showing_email_candidates,not_flagged,contact_pages,info@blissfulliving4u.com,,,,info@blissfulliving4u.com,valid=0; invalid=0; risky=0; unknown=1
12487,>30M,davidmcgeeloans.com,yes,,,,0,,,no_public_email_found,not_flagged,contact_pages,,,,,,valid=0; invalid=0; risky=0; unknown=0
12488,>30M,nahrhaftig.net,yes,,,http://www.typeform.com/ ; https://embed.typeform.com/ ; https://nahrhaftig.typeform.com/to/xh1nGbBq,0,,,no_public_email_found,not_flagged,contact_pages,,,,,,valid=0; invalid=0; risky=0; unknown=0
12489,>30M,cargoroo.nl,yes,,,https://form.typeform.com/to/ayfRkZwq,0,,cargoroo@mobybikes.com,showing_email_candidates,not_flagged,contact_pages,,,,,,valid=0; invalid=0; risky=0; unknown=0
12490,>30M,100sfumaturedicibo.com,no,,,,0,,dottmichelarossi@gmail.com ; info@100sfumaturedicibo.com ; info@centromedicocairoli.com,showing_email_candidates,not_flagged,contact_pages,info@100sfumaturedicibo.com,info@100sfumaturedicibo.com,,,,valid=1; invalid=0; risky=0; unknown=0
12491,>30M,hitayport.com,yes,,,,0,,,no_public_email_found,not_flagged,contact_pages,,,,,,valid=0; invalid=0; risky=0; unknown=0
12492,>30M,bernk.ru,no,,,,0,,,no_public_email_found,not_flagged,contact_pages,,,,,,valid=0; invalid=0; risky=0; unknown=0
12493,>30M,igrosup.ru,no,,,,0,,flags@2x.png ; info@igrosup.ru,showing_email_candidates,not_flagged,contact_pages,info@igrosup.ru,,,,info@igrosup.ru,valid=0; invalid=0; risky=0; unknown=1
12494,>30M,hotcollection.ru,no,,,,0,,,no_public_email_found,not_flagged,contact_pages,,,,,,valid=0; invalid=0; risky=0; unknown=0
12495,>30M,visateka.ru,no,,,,0,,100@visateka.ru ; info@visateka.ru,showing_email_candidates,not_flagged,contact_pages,info@visateka.ru,,,,info@visateka.ru,valid=0; invalid=0; risky=0; unknown=1
12496,>30M,eastlakehs.net,yes,,,,0,,,no_public_email_found,not_flagged,contact_pages,,,,,,valid=0; invalid=0; risky=0; unknown=0
12497,>30M,successfulai.com,no,,,,0,,,no_public_email_found,not_flagged,contact_pages,,,,,,valid=0; invalid=0; risky=0; unknown=0
12498,>30M,webky.de,yes,,,https://webky.typeform.com/to/UifJFN,0,,mail@webky.de,showing_email_candidates,not_flagged,contact_pages,,,,,,valid=0; invalid=0; risky=0; unknown=0
12499,>30M,finkey.fr,yes,,,https://aa897yd8ofg.typeform.com/to/mdeVPtOs,0,,direction@finkey.fr,showing_email_candidates,not_flagged,contact_pages,,,,,,valid=0; invalid=0; risky=0; unknown=0
12500,>30M,jetriedansmonentreprise.be,no,,,,0,,communication@valipac.be,showing_email_candidates,not_flagged,contact_pages,,,,,,valid=0; invalid=0; risky=0; unknown=0
12501,>30M,mariathan.com,no,,,,0,,mariathandesign@gmail.com,showing_email_candidates,not_flagged,contact_pages,,,,,,valid=0; invalid=0; risky=0; unknown=0
12502,>30M,dx4solutionsllc.com,yes,,,,0,,,no_public_email_found,not_flagged,contact_pages,,,,,,valid=0; invalid=0; risky=0; unknown=0
12503,>30M,swfievents.com,no,,,,0,,,no_public_email_found,not_flagged,contact_pages,,,,,,valid=0; invalid=0; risky=0; unknown=0
12504,>30M,voxswag.com,no,,,,0,,,no_public_email_found,not_flagged,contact_pages,,,,,,valid=0; invalid=0; risky=0; unknown=0
12505,>30M,microfastacademy.com,no,,,,0,,microfastacademy@gmail.com ; yourname@gmail.com,showing_email_candidates,not_flagged,contact_pages,,,,,,valid=0; invalid=0; risky=0; unknown=0
12506,>30M,pulse360program.com,yes,,,,0,,,no_public_email_found,not_flagged,contact_pages,,,,,,valid=0; invalid=0; risky=0; unknown=0
12507,>30M,advisormanagedportfolios.com,yes,,,https://jrcumplido.typeform.com/to/oVnYI7iH,0,,info@advisormanagedportfolios.com,showing_email_candidates,not_flagged,contact_pages,info@advisormanagedportfolios.com,info@advisormanagedportfolios.com,,,,valid=1; invalid=0; risky=0; unknown=0
12508,>30M,lauramaccarley.com,no,,,,0,,,no_public_email_found,not_flagged,contact_pages,,,,,,valid=0; invalid=0; risky=0; unknown=0
12509,>30M,northstardentistryidaho.com,yes,,,https://service300627.typeform.com/to/oMu1i0i4,0,,,no_public_email_found,not_flagged,contact_pages,,,,,,valid=0; invalid=0; risky=0; unknown=0
12510,>30M,consultantssuccessformula.com,no,,,https://summitsuccess.typeform.com/,0,,,no_public_email_found,not_flagged,contact_pages,,,,,,valid=0; invalid=0; risky=0; unknown=0
12511,>30M,gravitasimpact.com,yes,,,https://y8oops9k0c5.typeform.com/to/szWUnMdG,0,,,no_public_email_found,not_flagged,contact_pages,,,,,,valid=0; invalid=0; risky=0; unknown=0
12512,>30M,artsychowroamer.com,yes,,,https://artsy078769.typeform.com/to/ltnkJx,0,,artsy@artsychowroamer.com ; artsychowroamer@gmail.com,showing_email_candidates,not_flagged,contact_pages,,,,,,valid=0; invalid=0; risky=0; unknown=0
12513,>30M,ecolemontessorinantes.com,yes,,,,0,,francois.ligeron.lespetons@gmail.com,showing_email_candidates,not_flagged,contact_pages,,,,,,valid=0; invalid=0; risky=0; unknown=0
12514,>30M,nocedesign.com,no,,,,0,,,no_public_email_found,not_flagged,contact_pages,,,,,,valid=0; invalid=0; risky=0; unknown=0
12515,>30M,est88.net,no,,,,0,,,no_public_email_found,not_flagged,contact_pages,,,,,,valid=0; invalid=0; risky=0; unknown=0
12516,>30M,yakitsuke-tosou.com,no,,,,0,,sun-fron-arakawa@y6.dion.ne.jp,showing_email_candidates,not_flagged,contact_pages,,,,,,valid=0; invalid=0; risky=0; unknown=0
12517,>30M,momentum-grp.com,yes,,,https://form.typeform.com/to/OIXjb1OV,0,,,no_public_email_found,not_flagged,contact_pages,,,,,,valid=0; invalid=0; risky=0; unknown=0
12518,>30M,briggsandwalker.com,yes,,,https://nmz8zevyr70.typeform.com/to/fdZS4iHa,0,,,no_public_email_found,not_flagged,contact_pages,,,,,,valid=0; invalid=0; risky=0; unknown=0
12519,>30M,dreamers.church,no,,,,0,,,no_public_email_found,not_flagged,contact_pages,,,,,,valid=0; invalid=0; risky=0; unknown=0
12520,>30M,calindra.tech,yes,,,https://admin.typeform.com/ ; https://embed.typeform.com/ ; https://form.typeform.com/to/DtC9pv,0,,contato@calindra.com.br,showing_email_candidates,not_flagged,contact_pages,,,,,,valid=0; invalid=0; risky=0; unknown=0
12521,>30M,luxurybalitours.com,yes,,,,0,,,no_public_email_found,not_flagged,contact_pages,,,,,,valid=0; invalid=0; risky=0; unknown=0
12522,>30M,aorika.com,yes,,,https://riy5dl1dihi.typeform.com/to/p1XSUC25,0,,,no_public_email_found,not_flagged,contact_pages,,,,,,valid=0; invalid=0; risky=0; unknown=0
12523,>30M,bimalraj.com,yes,,,https://bimalraj.typeform.com/to/yLmBsJe4,0,,bimal@bimalraj.com ; contact@bimalraj.com ; emailbimal@bimalraj.com,showing_email_candidates,not_flagged,contact_pages,contact@bimalraj.com,contact@bimalraj.com,,,,valid=1; invalid=0; risky=0; unknown=0
12524,>30M,socioaccess.com,yes,,,,0,,,no_public_email_found,not_flagged,contact_pages,,,,,,valid=0; invalid=0; risky=0; unknown=0
12525,>30M,obedabbo.com,no,,,,0,,mail@obedabbo.com,showing_email_candidates,not_flagged,contact_pages,,,,,,valid=0; invalid=0; risky=0; unknown=0
12526,>30M,thinkunbroken.com,no,,,https://thinkunbroken.typeform.com/,0,,michael@thinkunbroken.com ; thinkunbroken@gmail.com,showing_email_candidates,not_flagged,contact_pages,,,,,,valid=0; invalid=0; risky=0; unknown=0
12527,>30M,tokushimaken-shoboukyokai.com,no,,,,0,,,no_public_email_found,not_flagged,contact_pages,,,,,,valid=0; invalid=0; risky=0; unknown=0
12528,>30M,coherencedigital.com,yes,,,,0,,,no_public_email_found,not_flagged,contact_pages,,,,,,valid=0; invalid=0; risky=0; unknown=0
12529,>30M,prenuvo.com,yes,,,https://prenuvo.typeform.com/ ; https://prenuvo.typeform.com/to/YAjLiWjq,0,,ambassador@prenuvo.com ; feedback@prenuvo.com ; hello@prenuvo.com ; lenis@1.2.3 ; media@prenuvo.com,showing_email_candidates,not_flagged,contact_pages,hello@prenuvo.com ; media@prenuvo.com,hello@prenuvo.com,,,media@prenuvo.com,valid=1; invalid=0; risky=0; unknown=1
12530,>30M,vladimirmuhvich.com,no,,,,0,,,no_public_email_found,not_flagged,contact_pages,,,,,,valid=0; invalid=0; risky=0; unknown=0
12531,>30M,kentuckycurrencyexchange.com,no,,,,0,,,no_public_email_found,not_flagged,contact_pages,,,,,,valid=0; invalid=0; risky=0; unknown=0
12532,>30M,vrtl.academy,yes,,,https://embed.typeform.com/ ; https://yondr.typeform.com/to/tfYXLY ; https://yondr.typeform.com/to/ynuPYF,0,,,no_public_email_found,not_flagged,contact_pages,,,,,,valid=0; invalid=0; risky=0; unknown=0
12533,>30M,gustavogarciafitness.com,yes,,,https://00e1s1h1r0t.typeform.com/to/vL8WMjj5,0,,,no_public_email_found,not_flagged,contact_pages,,,,,,valid=0; invalid=0; risky=0; unknown=0
12534,>30M,syncarto.com,yes,,,https://admin.typeform.com/ ; https://embed.typeform.com/ ; https://woodywallace130228.typeform.com/to/I17Ug2,0,,leaflet@1.3.4,showing_email_candidates,not_flagged,contact_pages,,,,,,valid=0; invalid=0; risky=0; unknown=0
12535,>30M,permiscity.com,yes,,,https://z7cqzg7v9ux.typeform.com/to/a3Srw4Ez,0,,contact.permiscity@gmail.com ; permiscitychelles@gmail.com,showing_email_candidates,not_flagged,contact_pages,,,,,,valid=0; invalid=0; risky=0; unknown=0
12536,>30M,cybersecuritycloudexpo.com,yes,,,,0,,,no_public_email_found,not_flagged,contact_pages,,,,,,valid=0; invalid=0; risky=0; unknown=0
12537,>30M,sapibaik.com,no,,,,0,,,no_public_email_found,not_flagged,contact_pages,,,,,,valid=0; invalid=0; risky=0; unknown=0
12538,>30M,keldairhr.com,yes,,,,0,,,no_public_email_found,not_flagged,contact_pages,,,,,,valid=0; invalid=0; risky=0; unknown=0
12539,>30M,outsourcingdepotinc.com,yes,,,,0,,,no_public_email_found,not_flagged,contact_pages,,,,,,valid=0; invalid=0; risky=0; unknown=0
12540,>30M,patmurphy.media,yes,,,https://embed.typeform.com/ ; https://patrickmurphy3.typeform.com/to/JuL4N5 ; https://patrickmurphy3.typeform.com/to/L4aGgv ; https://patrickmurphy3.typeform.com/to/XJNbqw,0,,,no_public_email_found,not_flagged,contact_pages,,,,,,valid=0; invalid=0; risky=0; unknown=0
12541,>30M,bebighearted.com,no,,,,0,,,no_public_email_found,not_flagged,contact_pages,,,,,,valid=0; invalid=0; risky=0; unknown=0
12542,>30M,s3bit.com,yes,,,https://admin.typeform.com/ ; https://embed.typeform.com/ ; https://gabriele338513.typeform.com/to/rMxF8x,0,,,no_public_email_found,not_flagged,contact_pages,,,,,,valid=0; invalid=0; risky=0; unknown=0
12543,>30M,isolutions.technology,yes,,,,0,,,no_public_email_found,not_flagged,contact_pages,,,,,,valid=0; invalid=0; risky=0; unknown=0
12544,>30M,paulanutricionycoaching.com,yes,,,https://programaarmonia.typeform.com/to/OgA5kQQ0,0,,contacto@paulanutricionycoaching.com,showing_email_candidates,not_flagged,contact_pages,,,,,,valid=0; invalid=0; risky=0; unknown=0
12545,>30M,refugefellowship.church,no,,,,0,,refugefellowshiphickory@gmail.com ; support@churchspring.com,showing_email_candidates,not_flagged,contact_pages,,,,,,valid=0; invalid=0; risky=0; unknown=0
12546,>30M,hyyercreative.com,yes,,,https://form.typeform.com/to/YxT6M5Iu,0,,info@hyyercreative.com,showing_email_candidates,not_flagged,contact_pages,info@hyyercreative.com,,,,info@hyyercreative.com,valid=0; invalid=0; risky=0; unknown=1
12547,>30M,ycmsummit.com,yes,,,https://cohootsfdn.typeform.com/to/ljmBkf,0,,,no_public_email_found,not_flagged,contact_pages,,,,,,valid=0; invalid=0; risky=0; unknown=0
12548,>30M,matiaslaca.com,no,,,https://alfamentoring.typeform.com/,0,,,no_public_email_found,not_flagged,contact_pages,,,,,,valid=0; invalid=0; risky=0; unknown=0
12549,>30M,r3stretch.com,no,,,,0,,info@r3stretch.com,showing_email_candidates,not_flagged,contact_pages,info@r3stretch.com,,,,info@r3stretch.com,valid=0; invalid=0; risky=0; unknown=1
12550,>30M,objectiveplatform.com,yes,,,https://form.typeform.com/to/QIJaR91r,0,,,no_public_email_found,not_flagged,contact_pages,,,,,,valid=0; invalid=0; risky=0; unknown=0
12551,>30M,macroduct.com,no,,,https://embed.typeform.com/,0,,aos@2.3.1 ; au.service@elitechgroup.com ; bootstrap@4.6.2 ; info.macroductadvanced@bruker.com ; sales.rdn@bruker.com ; service_gonotec@elitechgroup.com ; support@elitechgroup.com ; support@elitechuk.com,showing_email_candidates,not_flagged,contact_pages,,,,,,valid=0; invalid=0; risky=0; unknown=0
12552,>30M,isadorabastos.com,no,,,,0,,,no_public_email_found,not_flagged,contact_pages,,,,,,valid=0; invalid=0; risky=0; unknown=0
12553,>30M,macroductadvanced.com,no,,,https://embed.typeform.com/,0,,aos@2.3.1 ; au.service@elitechgroup.com ; bootstrap@4.6.2 ; info.macroductadvanced@bruker.com ; sales.rdn@bruker.com ; service_gonotec@elitechgroup.com ; support@elitechgroup.com ; support@elitechuk.com,showing_email_candidates,not_flagged,contact_pages,,,,,,valid=0; invalid=0; risky=0; unknown=0
12554,>30M,palmandsandvillas.com,yes,,,,0,,hello@palmsandvillas.com,showing_email_candidates,not_flagged,contact_pages,,,,,,valid=0; invalid=0; risky=0; unknown=0
12555,>30M,shgoldenbeauty.com,no,,,,0,,asesorias@shgoldenbeauty.com,showing_email_candidates,not_flagged,contact_pages,,,,,,valid=0; invalid=0; risky=0; unknown=0
12556,>30M,travelogixclientassembly.com,yes,,,https://travelogix.typeform.com/to/sDvJIhnX,0,,,no_public_email_found,not_flagged,contact_pages,,,,,,valid=0; invalid=0; risky=0; unknown=0
12557,>30M,rexframe.uk,yes,,,https://gumpo.typeform.com/to/i83T2HY1,0,,info@rexframe.co.uk,showing_email_candidates,not_flagged,contact_pages,,,,,,valid=0; invalid=0; risky=0; unknown=0
12558,>30M,schnepsmedia.com,yes,,,https://embed.typeform.com/,0,,contact@schnepsmedia.com,showing_email_candidates,not_flagged,contact_pages,contact@schnepsmedia.com,contact@schnepsmedia.com,,,,valid=1; invalid=0; risky=0; unknown=0
12559,>30M,fossa.systems,no,,,,0,,case-study-copy@2x-1-1024x805.jpg ; case-study-copy@2x-1-300x236.jpg ; case-study-copy@2x-1-768x604.jpg ; case-study-copy@2x-1.jpg ; contact@fossa.systems ; defense@2x-150x150.jpg ; defense@2x-300x300.jpg ; defense@2x.jpg ; energy@2x-150x150.jpg ; energy@2x-300x300.jpg ; energy@2x.jpg ; fossa_system_logo_white@1x.svg ; ganaderia@2x-150x150.jpg ; ganaderia@2x-300x300.jpg ; ganaderia@2x.jpg ; infrastructure@2x-150x150.jpg ; infrastructure@2x-300x300.jpg ; infrastructure@2x.jpg ; logistics@2x-150x150.jpg ; logistics@2x-300x300.jpg ; logistics@2x.jpg ; oil-gas@2x-150x150.jpg ; oil-gas@2x-300x300.jpg ; oil-gas@2x.jpg ; satellite_ing@2x-300x184.jpg ; satellite_ing@2x.jpg,showing_email_candidates,not_flagged,contact_pages,contact@fossa.systems,contact@fossa.systems,,,,valid=1; invalid=0; risky=0; unknown=0
12560,>30M,gluteproject.com,yes,,,,0,,,no_public_email_found,not_flagged,contact_pages,,,,,,valid=0; invalid=0; risky=0; unknown=0
12561,>30M,mikefeld.com,no,,,,0,,,no_public_email_found,not_flagged,contact_pages,,,,,,valid=0; invalid=0; risky=0; unknown=0
12562,>30M,pmttrading.com,yes,,,https://form.typeform.com/to/vB7ZeM7x,0,,flags@2x.png,showing_email_candidates,not_flagged,contact_pages,,,,,,valid=0; invalid=0; risky=0; unknown=0
12563,>30M,breakfreeu.com,yes,,,https://lb6qrzmy9zt.typeform.com/to/aXJ4lgxs,0,,,no_public_email_found,not_flagged,contact_pages,,,,,,valid=0; invalid=0; risky=0; unknown=0
12564,>30M,emilyjenks.com,no,,,,0,,,no_public_email_found,not_flagged,contact_pages,,,,,,valid=0; invalid=0; risky=0; unknown=0
12565,>30M,flatdronemaps.com,yes,,,https://embed.typeform.com/ ; https://flatdronemaps.typeform.com/to/CpnZYV,0,,contact@business.com ; rs@flatdronemaps.com,showing_email_candidates,not_flagged,contact_pages,,,,,,valid=0; invalid=0; risky=0; unknown=0
12566,>30M,inquilinoideale.com,yes,,,https://rara414353.typeform.com/to/cHkSJUUu,0,,,no_public_email_found,not_flagged,contact_pages,,,,,,valid=0; invalid=0; risky=0; unknown=0
12567,>30M,frattybear.com,no,,,,0,,,no_public_email_found,not_flagged,contact_pages,,,,,,valid=0; invalid=0; risky=0; unknown=0
12568,>30M,jasminelliott.com,yes,,,https://8pek2l11c94.typeform.com/to/CymDR57A,0,,jasmin.elliott@web.de ; sayhello@jasminelliott.com,showing_email_candidates,not_flagged,contact_pages,,,,,,valid=0; invalid=0; risky=0; unknown=0
12569,>30M,amyleneker.com,yes,,,https://25z47aoop2s.typeform.com/to/S42Z3P1G,0,,press@amyleneker.com,showing_email_candidates,not_flagged,contact_pages,press@amyleneker.com,,,,press@amyleneker.com,valid=0; invalid=0; risky=0; unknown=1
12570,>30M,sextoygeeks.com,no,,,,0,,,no_public_email_found,not_flagged,contact_pages,,,,,,valid=0; invalid=0; risky=0; unknown=0
12571,>30M,scormhero.com,no,,,,0,,,no_public_email_found,not_flagged,contact_pages,,,,,,valid=0; invalid=0; risky=0; unknown=0
12572,>30M,connorspeterson.com,no,,,,0,,flags@2x.png,showing_email_candidates,not_flagged,contact_pages,,,,,,valid=0; invalid=0; risky=0; unknown=0
12573,>30M,inmaninsights.com,no,,,,0,,,no_public_email_found,not_flagged,contact_pages,,,,,,valid=0; invalid=0; risky=0; unknown=0
12574,>30M,embte.com,no,,,,0,,,no_public_email_found,not_flagged,contact_pages,,,,,,valid=0; invalid=0; risky=0; unknown=0
12575,>30M,toyohmc.com,no,,,,0,,,no_public_email_found,not_flagged,contact_pages,,,,,,valid=0; invalid=0; risky=0; unknown=0
12576,>30M,lbrbcreative.com,yes,,,,0,,,no_public_email_found,not_flagged,contact_pages,,,,,,valid=0; invalid=0; risky=0; unknown=0
12577,>30M,ot-pola-do-potolka.ru,no,,,,0,,,no_public_email_found,not_flagged,contact_pages,,,,,,valid=0; invalid=0; risky=0; unknown=0
12578,>30M,questio.app,no,,,,0,,alpinejs@3.x.x ; seu@email.com ; voce@exemplo.com,showing_email_candidates,not_flagged,contact_pages,,,,,,valid=0; invalid=0; risky=0; unknown=0
12579,>30M,marivaldistinct.com,yes,,,,0,,,no_public_email_found,not_flagged,contact_pages,,,,,,valid=0; invalid=0; risky=0; unknown=0
12580,>30M,deeperthanmoney.com,no,,,,0,,core@3.27.0 ; styles@1.4.1,showing_email_candidates,not_flagged,contact_pages,,,,,,valid=0; invalid=0; risky=0; unknown=0
12581,>30M,soulvali.com,no,,,,0,,kdkfkfk_mesa_de_trabajo_1_140x@2x.png ; kdkfkfk_mesa_de_trabajo_1_160x@2x.png ; logogogogog_mesa_de_trabajo_1_140x@2x.png ; logogogogog_mesa_de_trabajo_1_160x@2x.png ; support@starapps.studio,showing_email_candidates,not_flagged,contact_pages,,,,,,valid=0; invalid=0; risky=0; unknown=0
12582,>30M,hajimekarate.com,yes,,,https://embed.typeform.com/ ; https://form.typeform.com/,0,,info@hajimekarate.com,showing_email_candidates,not_flagged,contact_pages,info@hajimekarate.com,,,,info@hajimekarate.com,valid=0; invalid=0; risky=0; unknown=1
12583,>30M,exquisitelyeco.com,no,,,,0,,,no_public_email_found,not_flagged,contact_pages,,,,,,valid=0; invalid=0; risky=0; unknown=0
12584,>30M,gestionyventa.com,no,,,,0,,,no_public_email_found,not_flagged,contact_pages,,,,,,valid=0; invalid=0; risky=0; unknown=0
12585,>30M,vouris.com,no,,,,0,,contact@example.com,showing_email_candidates,not_flagged,contact_pages,,,,,,valid=0; invalid=0; risky=0; unknown=0
12586,>30M,n3fventures.com,yes,,,,0,,,no_public_email_found,not_flagged,contact_pages,,,,,,valid=0; invalid=0; risky=0; unknown=0
12587,>30M,xevalics.com,yes,,,,0,,,no_public_email_found,not_flagged,contact_pages,,,,,,valid=0; invalid=0; risky=0; unknown=0
12588,>30M,oneplusglobal.net,yes,,,,0,,,no_public_email_found,not_flagged,contact_pages,,,,,,valid=0; invalid=0; risky=0; unknown=0
12589,>30M,adlucemgroup.com,yes,,,https://form.typeform.com/to/RM5N3OG2,0,,info@adlucemgroup.com,showing_email_candidates,not_flagged,contact_pages,info@adlucemgroup.com,info@adlucemgroup.com,,,,valid=1; invalid=0; risky=0; unknown=0
12590,>30M,magicwithderek.com,yes,,,,0,,,no_public_email_found,not_flagged,contact_pages,,,,,,valid=0; invalid=0; risky=0; unknown=0
12591,>30M,marcobrecht.com,yes,,,https://jbyfbof9dxd.typeform.com/to/ZPhF7S3v,0,,mail@marcobrecht.com,showing_email_candidates,not_flagged,contact_pages,,,,,,valid=0; invalid=0; risky=0; unknown=0
12592,>30M,compassmo.com,yes,,,,0,,,no_public_email_found,not_flagged,contact_pages,,,,,,valid=0; invalid=0; risky=0; unknown=0
12593,>30M,launchtoad.com,yes,,,https://admin.typeform.com/ ; https://embed.typeform.com/ ; https://rohitsharma40.typeform.com/to/WOC87Q,0,,info@launchtoad.com,showing_email_candidates,not_flagged,contact_pages,info@launchtoad.com,,,,info@launchtoad.com,valid=0; invalid=0; risky=0; unknown=1
12594,>30M,massivhaus-unna.com,no,,,https://embed.typeform.com/,0,,peter.hoppe@towncountry.de,showing_email_candidates,not_flagged,contact_pages,,,,,,valid=0; invalid=0; risky=0; unknown=0
12595,>30M,jordanbourbonnais.com,no,,,,0,,,no_public_email_found,not_flagged,contact_pages,,,,,,valid=0; invalid=0; risky=0; unknown=0
12596,>30M,gotalentocf.com,no,,,,0,,gotalent@ictc-ctic.ca ; gotalentocf@getvfairs.io ; h.babineau@ictc-ctic.ca ; workready@ictc-ctic.ca,showing_email_candidates,not_flagged,contact_pages,,,,,,valid=0; invalid=0; risky=0; unknown=0
12597,>30M,kawattimurjaya.com,no,,,,0,,,no_public_email_found,not_flagged,contact_pages,,,,,,valid=0; invalid=0; risky=0; unknown=0
12598,>30M,bluecolibriapp.com,no,,,,0,,,no_public_email_found,not_flagged,contact_pages,,,,,,valid=0; invalid=0; risky=0; unknown=0
12599,>30M,aperfectbloommemphis.com,yes,,,,0,,,no_public_email_found,not_flagged,contact_pages,,,,,,valid=0; invalid=0; risky=0; unknown=0
12600,>30M,hypersclub.com,yes,,,https://hypealert.typeform.com/ ; https://hypealert.typeform.com/to/bxDzvlPP ; https://hypealert.typeform.com/to/c0SUXgtG ; https://hypealert.typeform.com/to/jFZuAkDH,0,,,no_public_email_found,not_flagged,contact_pages,,,,,,valid=0; invalid=0; risky=0; unknown=0
12601,>30M,fb-yamamoto.co.jp,no,,,,0,,,no_public_email_found,not_flagged,contact_pages,,,,,,valid=0; invalid=0; risky=0; unknown=0
12602,>30M,taniyama-fan.jp,no,,,,0,,,no_public_email_found,not_flagged,contact_pages,,,,,,valid=0; invalid=0; risky=0; unknown=0
12603,>30M,svendezittere.be,yes,,,https://3rgix8mb9n2.typeform.com/to/qlUqChfT,0,,cv@svendezittere.be ; info@svendezittere.be,showing_email_candidates,not_flagged,contact_pages,info@svendezittere.be,,,,info@svendezittere.be,valid=0; invalid=0; risky=0; unknown=1
12604,>30M,3arro.ws,yes,,,https://3arrows.typeform.com/to/PVVVdc,0,,hello@3arro.ws,showing_email_candidates,not_flagged,contact_pages,hello@3arro.ws,hello@3arro.ws,,,,valid=1; invalid=0; risky=0; unknown=0
12605,>30M,fibromyalgia.org.nz,yes,,,,0,,,no_public_email_found,not_flagged,contact_pages,,,,,,valid=0; invalid=0; risky=0; unknown=0
12606,>30M,dibailong.ae,yes,,,https://arndigital.typeform.com/to/LxgteG,0,,underscore@1.13.8,showing_email_candidates,not_flagged,contact_pages,,,,,,valid=0; invalid=0; risky=0; unknown=0
12607,>30M,himawari-batake.jp,no,,,,0,,,no_public_email_found,not_flagged,contact_pages,,,,,,valid=0; invalid=0; risky=0; unknown=0
12608,>30M,aqua-print.com.ua,no,,,,0,,aquaprint.office@gmail.com,showing_email_candidates,not_flagged,contact_pages,,,,,,valid=0; invalid=0; risky=0; unknown=0
12609,>30M,kimurakentiku.co.jp,no,,,,0,,,no_public_email_found,not_flagged,contact_pages,,,,,,valid=0; invalid=0; risky=0; unknown=0
12610,>30M,hellooo.it,yes,,,https://w0sv3t45o7l.typeform.com/to/HOZdP3li,0,,,no_public_email_found,not_flagged,contact_pages,,,,,,valid=0; invalid=0; risky=0; unknown=0
12611,>30M,jreu-chiba.jp,no,,,,0,,,no_public_email_found,not_flagged,contact_pages,,,,,,valid=0; invalid=0; risky=0; unknown=0
12612,>30M,heise-regiolisting.at,yes,,,https://heiseregioconcept.typeform.com/to/JRDEYK,0,,dsa-notice-hrc@heise.de ; info@heise.at ; info@heise.atwebsite,showing_email_candidates,not_flagged,contact_pages,,,,,,valid=0; invalid=0; risky=0; unknown=0
12613,>30M,adventureveluwe.nl,no,,,,0,,info@adventureveluwe.nl,showing_email_candidates,not_flagged,contact_pages,info@adventureveluwe.nl,info@adventureveluwe.nl,,,,valid=1; invalid=0; risky=0; unknown=0
12614,>30M,adrastee-lyon.fr,yes,,,https://v8qv9eeat1w.typeform.com/to/B30i191o,0,,adrastee@adrastee-lyon.fremail.com ; contact@adrastee-lyon.fr,showing_email_candidates,not_flagged,contact_pages,contact@adrastee-lyon.fr,contact@adrastee-lyon.fr,,,,valid=1; invalid=0; risky=0; unknown=0
12615,>30M,kunstkiosk-sg.ch,yes,,,,0,,,no_public_email_found,not_flagged,contact_pages,,,,,,valid=0; invalid=0; risky=0; unknown=0
12616,>30M,ginvest.es,yes,,,https://form.typeform.com/to/iAoqY7oQ,0,,bilbao@ginvest.es ; info@ginvest.es,showing_email_candidates,not_flagged,contact_pages,info@ginvest.es,,,,info@ginvest.es,valid=0; invalid=0; risky=0; unknown=1
12617,>30M,nishizei.or.jp,no,,,,0,,,no_public_email_found,not_flagged,contact_pages,,,,,,valid=0; invalid=0; risky=0; unknown=0
12618,>30M,mizunodenki.co.jp,no,,,,0,,,no_public_email_found,not_flagged,contact_pages,,,,,,valid=0; invalid=0; risky=0; unknown=0
12619,>30M,solartechnikschneider.de,yes,,,https://7ed0c35bj5u.typeform.com/to/GsoiV8xC,0,,info@solartechnikschneider.de,showing_email_candidates,not_flagged,contact_pages,info@solartechnikschneider.de,,,,info@solartechnikschneider.de,valid=0; invalid=0; risky=0; unknown=1
12620,>30M,floridaproperties.club,no,,,,0,,,no_public_email_found,not_flagged,contact_pages,,,,,,valid=0; invalid=0; risky=0; unknown=0
12621,>30M,seibu-milk.co.jp,no,,,,0,,,no_public_email_found,not_flagged,contact_pages,,,,,,valid=0; invalid=0; risky=0; unknown=0
12622,>30M,bequest.club,yes,,,,0,,,no_public_email_found,not_flagged,contact_pages,,,,,,valid=0; invalid=0; risky=0; unknown=0
12623,>30M,msdebaas.nl,no,,,,0,,,no_public_email_found,not_flagged,contact_pages,,,,,,valid=0; invalid=0; risky=0; unknown=0
12624,>30M,loocatme.fr,no,,,,0,,contact@loocatme.fr ; votre@email.com ; vous@entreprise.fr,showing_email_candidates,not_flagged,contact_pages,contact@loocatme.fr,,contact@loocatme.fr,,,valid=0; invalid=1; risky=0; unknown=0
12625,>30M,xrstudio.co,yes,,,,0,,,no_public_email_found,not_flagged,contact_pages,,,,,,valid=0; invalid=0; risky=0; unknown=0
12626,>30M,stateof.ai,no,,,https://airstreet.typeform.com/,0,,bulma-social@1.2.0 ; fontawesome-free@6.5.2,showing_email_candidates,not_flagged,contact_pages,,,,,,valid=0; invalid=0; risky=0; unknown=0
12627,>30M,linemarkingbrisbaneqld.com.au,yes,,,,0,,,no_public_email_found,not_flagged,contact_pages,,,,,,valid=0; invalid=0; risky=0; unknown=0
12628,>30M,almabeauty.it,no,,,https://fo9aytrzjfy.typeform.com/,0,,info@almabeauty.it,showing_email_candidates,not_flagged,contact_pages,info@almabeauty.it,,,,info@almabeauty.it,valid=0; invalid=0; risky=0; unknown=1
12629,>30M,sandstoneproductions.co.uk,no,,,http://form.typeform.com/ ; http://renderer-assets.typeform.com/,0,,mark@sandstoneproductions.co.uk ; sandstone@gmx.co.uk,showing_email_candidates,not_flagged,contact_pages,,,,,,valid=0; invalid=0; risky=0; unknown=0
12630,>30M,erroheating.be,no,,,,0,,,no_public_email_found,not_flagged,contact_pages,,,,,,valid=0; invalid=0; risky=0; unknown=0
12631,>30M,diamartconsulting.fr,yes,,,https://form.typeform.com/to/wFMM0N,0,,academy-logo@2x.png ; diamart-logo@2x.png ; diamart@diamart.fr,showing_email_candidates,not_flagged,contact_pages,,,,,,valid=0; invalid=0; risky=0; unknown=0
12632,>30M,treeremovalbremerton.com,yes,,,https://embed.typeform.com/ ; https://jennyanar.typeform.com/to/xgkohr,0,,info@treeremovalbremerton.com ; your_email@example.com,showing_email_candidates,not_flagged,contact_pages,info@treeremovalbremerton.com,,,,info@treeremovalbremerton.com,valid=0; invalid=0; risky=0; unknown=1
12633,>30M,masterurcraft.com,no,,,,0,,,no_public_email_found,not_flagged,contact_pages,,,,,,valid=0; invalid=0; risky=0; unknown=0
12634,>30M,optikan.com,no,,,,0,,flags@2x.png ; globe@2x.png,showing_email_candidates,not_flagged,contact_pages,,,,,,valid=0; invalid=0; risky=0; unknown=0
12635,>30M,e6kconsulting.com,no,,,,0,,logo-dark@2x.png ; logo-e6k@2x.png,showing_email_candidates,not_flagged,contact_pages,,,,,,valid=0; invalid=0; risky=0; unknown=0
12636,>30M,roashunter.com,yes,,,https://form.typeform.com/to/GjRkg8vX ; https://form.typeform.com/to/pyDd2KL6 ; https://hello583287.typeform.com/to/pyDd2KL6,0,,adrian@roashunter.com,showing_email_candidates,not_flagged,contact_pages,,,,,,valid=0; invalid=0; risky=0; unknown=0
12637,>30M,dankennedyacademy.com,yes,,,https://d9pk97igv2e.typeform.com/to/DUeBASp9 ; https://d9pk97igv2e.typeform.com/to/UiS7GX8W,0,,info@dankennedyacademy.com,showing_email_candidates,not_flagged,contact_pages,info@dankennedyacademy.com,,,,info@dankennedyacademy.com,valid=0; invalid=0; risky=0; unknown=1
12638,>30M,containerocean.com,yes,,,https://embed.typeform.com/ ; https://form.typeform.com/to/W7VInrks,0,,,no_public_email_found,not_flagged,contact_pages,,,,,,valid=0; invalid=0; risky=0; unknown=0
12639,>30M,liberatingstructures.se,yes,,,,0,,,no_public_email_found,not_flagged,contact_pages,,,,,,valid=0; invalid=0; risky=0; unknown=0
12640,>30M,superx.live,yes,,,https://embed.typeform.com/ ; https://superseed.typeform.com/to/FAWZeHPz,0,,hello@superseed.com,showing_email_candidates,not_flagged,contact_pages,,,,,,valid=0; invalid=0; risky=0; unknown=0
12641,>30M,potomaclawnandhome.com,no,,,,0,,jon@potomaclawnandhome.com ; sesparza@potomaclawnandhome.com,showing_email_candidates,not_flagged,contact_pages,,,,,,valid=0; invalid=0; risky=0; unknown=0
12642,>30M,rookliu.com,no,,,,0,,,no_public_email_found,not_flagged,contact_pages,,,,,,valid=0; invalid=0; risky=0; unknown=0
12643,>30M,nehadzein.com,no,,,,0,,,no_public_email_found,not_flagged,contact_pages,,,,,,valid=0; invalid=0; risky=0; unknown=0
12644,>30M,healthrebell.com,yes,,,https://melissahamster.typeform.com/to/q2e55X,0,,mellibgh@googlemail.com,showing_email_candidates,not_flagged,contact_pages,,,,,,valid=0; invalid=0; risky=0; unknown=0
12645,>30M,karimi.legal,no,,,,0,,office@karimi.legal,showing_email_candidates,not_flagged,contact_pages,office@karimi.legal,,,,office@karimi.legal,valid=0; invalid=0; risky=0; unknown=1
12646,>30M,destroying.photography,yes,,,https://embed.typeform.com/ ; https://form.typeform.com/to/LnSRyb2L,0,,,no_public_email_found,not_flagged,contact_pages,,,,,,valid=0; invalid=0; risky=0; unknown=0
12647,>30M,mvargas2.com,yes,,,,0,,,no_public_email_found,not_flagged,contact_pages,,,,,,valid=0; invalid=0; risky=0; unknown=0
12648,>30M,solidusotc.com,yes,,,https://soliduscapital.typeform.com/to/SzNB9SpP ; https://soliduscapital.typeform.com/to/tJOcho7l,0,,info@solidusotc.com ; jquery.counterup@2.1.0,showing_email_candidates,not_flagged,contact_pages,info@solidusotc.com,,,,info@solidusotc.com,valid=0; invalid=0; risky=0; unknown=1
12649,>30M,artfullysorted.com,no,,,,0,,,no_public_email_found,not_flagged,contact_pages,,,,,,valid=0; invalid=0; risky=0; unknown=0
12650,>30M,ninettestudio.com,no,,,,0,,info@ninettehairstudio.com ; nfo@ninettehairstudio.com ; retreat@ninettehairstudio.com,showing_email_candidates,not_flagged,contact_pages,,,,,,valid=0; invalid=0; risky=0; unknown=0
12651,>30M,kuonitumlare.com,no,,,,0,,calendar-web@5.0.120 ; contacts-web@5.0.71 ; document-library-web@6.0.220 ; dynamic-data-mapping-web@5.0.126 ; exportimport-web@5.0.118 ; frontend-editor-alloyeditor-web@5.0.66 ; frontend-editor-ckeditor-web@5.0.128 ; frontend-js-components-web@2.0.100 ; frontend-js-react-web@5.0.73 ; frontend-js-state-web@1.0.35 ; image-uploader-web@5.0.60 ; layout-js-components-web@1.0.53 ; portal-search-web@6.0.169 ; site-navigation-menu-web@6.0.82 ; staging-processes-web@5.0.72,showing_email_candidates,not_flagged,contact_pages,,,,,,valid=0; invalid=0; risky=0; unknown=0
12652,>30M,infinity-immobilien.com,yes,,,,0,,,no_public_email_found,not_flagged,contact_pages,,,,,,valid=0; invalid=0; risky=0; unknown=0
12653,>30M,agritrade-poland.com,no,,,,0,,info@agritrade-poland.com,showing_email_candidates,not_flagged,contact_pages,info@agritrade-poland.com,info@agritrade-poland.com,,,,valid=1; invalid=0; risky=0; unknown=0
12654,>30M,hatfivecorners.com,no,,,,0,,,no_public_email_found,not_flagged,contact_pages,,,,,,valid=0; invalid=0; risky=0; unknown=0
12655,>30M,mirai-bay.com,no,,,,0,,info@mirai-bay.com,showing_email_candidates,not_flagged,contact_pages,info@mirai-bay.com,,,,info@mirai-bay.com,valid=0; invalid=0; risky=0; unknown=1
12656,>30M,malorie-nicole.com,yes,,,https://maloriecoaching.typeform.com/to/hzV7QiIV ; https://maloriecoaching.typeform.com/to/oKslQz,0,,,no_public_email_found,not_flagged,contact_pages,,,,,,valid=0; invalid=0; risky=0; unknown=0
12657,>30M,aperventures.com,yes,,,https://stca6npu0dg.typeform.com/to/Uvdb7Dfw,0,,contact@aperventures.com,showing_email_candidates,not_flagged,contact_pages,contact@aperventures.com,contact@aperventures.com,,,,valid=1; invalid=0; risky=0; unknown=0
12658,>30M,spokanepulse.com,yes,,,,0,,0409abfa150e5836265cfca81ae7722c@o922922.ingest.us.sentry.io ; 3bd8ba6ba2295f3d038f5eb1616fe65b@o922922.ingest.us.sentry.io,showing_email_candidates,not_flagged,contact_pages,,,,,,valid=0; invalid=0; risky=0; unknown=0
12659,>30M,genglaws.com,yes,,,https://lawgznyc.typeform.com/to/mlsZqp ; https://lawgznyc.typeform.com/to/QEtfKq,0,,info@genglaws.com ; info@law-gz.com,showing_email_candidates,not_flagged,contact_pages,info@genglaws.com,,,,info@genglaws.com,valid=0; invalid=0; risky=0; unknown=1
12660,>30M,takemitsu-ci.com,no,,,,0,,,no_public_email_found,not_flagged,contact_pages,,,,,,valid=0; invalid=0; risky=0; unknown=0
12661,>30M,iqfulfillment.com,yes,,,https://hello-iq.typeform.com/ ; https://hello-iq.typeform.com/to/WD02ySc0,0,,hello@iqfulfillment.com,showing_email_candidates,not_flagged,contact_pages,hello@iqfulfillment.com,hello@iqfulfillment.com,,,,valid=1; invalid=0; risky=0; unknown=0
12662,>30M,bossingup.net,yes,,,https://embed.typeform.com/ ; https://form.typeform.com/to/KrtxDhYA,0,,,no_public_email_found,not_flagged,contact_pages,,,,,,valid=0; invalid=0; risky=0; unknown=0
12663,>30M,mosorchestra.ru,no,,,,0,,ui@5.0 ; yatskevich.pc@gmail.com,showing_email_candidates,not_flagged,contact_pages,,,,,,valid=0; invalid=0; risky=0; unknown=0
12664,>30M,1234.nu,no,,,,0,,,no_public_email_found,not_flagged,contact_pages,,,,,,valid=0; invalid=0; risky=0; unknown=0
12665,>30M,blikvooruit.nu,no,,,,0,,,no_public_email_found,not_flagged,contact_pages,,,,,,valid=0; invalid=0; risky=0; unknown=0
12666,>30M,dieetplan.nu,no,,,,0,,,no_public_email_found,not_flagged,contact_pages,,,,,,valid=0; invalid=0; risky=0; unknown=0
12667,>30M,myre.nu,yes,,,,0,,nyadv-skarmdumpar@4x-720x612.pngsubject,showing_email_candidates,not_flagged,contact_pages,,,,,,valid=0; invalid=0; risky=0; unknown=0
12668,>30M,plattform.nu,yes,,,https://samkrafter.typeform.com/to/M8ICAzP6,0,,plattform@samkrafter.se,showing_email_candidates,not_flagged,contact_pages,,,,,,valid=0; invalid=0; risky=0; unknown=0
12669,>30M,victron.nu,no,,,,0,,,no_public_email_found,not_flagged,contact_pages,,,,,,valid=0; invalid=0; risky=0; unknown=0
12670,>30M,thegreenhouse.online,yes,,,,0,,,no_public_email_found,not_flagged,contact_pages,,,,,,valid=0; invalid=0; risky=0; unknown=0
12671,>30M,01ex.co.uk,no,,,,0,,,no_public_email_found,not_flagged,contact_pages,,,,,,valid=0; invalid=0; risky=0; unknown=0
12672,>30M,14hq.co.uk,yes,,,https://form.typeform.com/to/FBoGEtEK,0,,info@14hq.co.uk,showing_email_candidates,not_flagged,contact_pages,info@14hq.co.uk,info@14hq.co.uk,,,,valid=1; invalid=0; risky=0; unknown=0
12673,>30M,2greendental.co.uk,no,,,,0,,2-green-dental@dentallymail.co.uk,showing_email_candidates,not_flagged,contact_pages,,,,,,valid=0; invalid=0; risky=0; unknown=0
12674,>30M,5lloydsavenue.co.uk,no,,,,0,,,no_public_email_found,not_flagged,contact_pages,,,,,,valid=0; invalid=0; risky=0; unknown=0
12675,>30M,5strand.co.uk,yes,,,https://concilioconnects.typeform.com/to/DbbVoHxN,0,,martin.needham@johnfhunt.co.uk,showing_email_candidates,not_flagged,contact_pages,,,,,,valid=0; invalid=0; risky=0; unknown=0
12676,>30M,accesstheworld.co.uk,yes,,,,0,,,no_public_email_found,not_flagged,contact_pages,,,,,,valid=0; invalid=0; risky=0; unknown=0
12677,>30M,acegas.co.uk,yes,,,https://form.typeform.com/to/w5VgIjUm,0,,info@acegas.co.uk,showing_email_candidates,not_flagged,contact_pages,info@acegas.co.uk,info@acegas.co.uk,,,,valid=1; invalid=0; risky=0; unknown=0
12678,>30M,acfa.co.uk,yes,,,https://bh4psgf1aes.typeform.com/to/qL93LWfd,0,,,no_public_email_found,not_flagged,contact_pages,,,,,,valid=0; invalid=0; risky=0; unknown=0
12679,>30M,acupuncturehealthcare.co.uk,yes,,,https://uzp210afz0v.typeform.com/to/tYYZQmLH,0,,sarah@acupuncturehealthcare.co.uk,showing_email_candidates,not_flagged,contact_pages,,,,,,valid=0; invalid=0; risky=0; unknown=0
12680,>30M,agentcanvassing.co.uk,yes,,,https://agentcanvassing.typeform.com/to/lavAIC ; https://agentcanvassing.typeform.com/to/QyYShk ; https://agentcanvassing.typeform.com/to/XN30tS,0,,,no_public_email_found,not_flagged,contact_pages,,,,,,valid=0; invalid=0; risky=0; unknown=0
12681,>30M,alerthealth.co.uk,no,,,https://embed.typeform.com/,0,,,no_public_email_found,not_flagged,contact_pages,,,,,,valid=0; invalid=0; risky=0; unknown=0
12682,>30M,alexanderhowell.co.uk,no,,,,0,,,no_public_email_found,not_flagged,contact_pages,,,,,,valid=0; invalid=0; risky=0; unknown=0
12683,>30M,alignandsmileorthodontics.co.uk,yes,,,,0,,,no_public_email_found,not_flagged,contact_pages,,,,,,valid=0; invalid=0; risky=0; unknown=0
12684,>30M,allclearwindowsandglazing.co.uk,no,,,,0,,allclearwindows@live.co.uk,showing_email_candidates,not_flagged,contact_pages,,,,,,valid=0; invalid=0; risky=0; unknown=0
12685,>30M,amhltd.co.uk,yes,,,https://kk3qr88v7ag.typeform.com/to/PculOxjl,0,,enquiries@amhltd.co.uk,showing_email_candidates,not_flagged,contact_pages,enquiries@amhltd.co.uk,enquiries@amhltd.co.uk,,,,valid=1; invalid=0; risky=0; unknown=0
12686,>30M,andersonbuilders.co.uk,no,,,,0,,info@andersonbuilders.co.uk,showing_email_candidates,not_flagged,contact_pages,info@andersonbuilders.co.uk,,,,info@andersonbuilders.co.uk,valid=0; invalid=0; risky=0; unknown=1
12687,>30M,andrewbramleyltd.co.uk,no,,,,0,,enquiries@andrewbramleyltd.co.uk,showing_email_candidates,not_flagged,contact_pages,enquiries@andrewbramleyltd.co.uk,enquiries@andrewbramleyltd.co.uk,,,,valid=1; invalid=0; risky=0; unknown=0
12688,>30M,apexprofitness.co.uk,yes,,,https://embed.typeform.com/ ; https://wayfresh.typeform.com/to/GyEuhh ; https://wayfresh.typeform.com/to/PIBEGm,0,,,no_public_email_found,not_flagged,contact_pages,,,,,,valid=0; invalid=0; risky=0; unknown=0
12689,>30M,armadacentre.co.uk,no,,,https://kandaconsulting.typeform.com/,0,,,no_public_email_found,not_flagged,contact_pages,,,,,,valid=0; invalid=0; risky=0; unknown=0
12690,>30M,ascentant.co.uk,yes,,,,0,,,no_public_email_found,not_flagged,contact_pages,,,,,,valid=0; invalid=0; risky=0; unknown=0
12691,>30M,ask4leasing.co.uk,no,,,,0,,sales@ask4leasing.co.uk,showing_email_candidates,not_flagged,contact_pages,sales@ask4leasing.co.uk,,,,sales@ask4leasing.co.uk,valid=0; invalid=0; risky=0; unknown=1
12692,>30M,athlex.co.uk,no,,,,0,,hello@athlex.co.uk ; slick-carousel@1.8.1,showing_email_candidates,not_flagged,contact_pages,hello@athlex.co.uk,hello@athlex.co.uk,,,,valid=1; invalid=0; risky=0; unknown=0
12693,>30M,audeofs.co.uk,yes,,,https://07kb6rbxeyt.typeform.com/to/mu3wXoPC,0,,admin@audeofs.co.uk ; customerservices@audeofs.co.uk ; daniel@audeofs.co.uk ; jack@audeofs.co.uk ; jordan@audeofs.co.uk ; neil@audeofs.co.uk ; tony@audeofs.co.uk,showing_email_candidates,not_flagged,contact_pages,admin@audeofs.co.uk,admin@audeofs.co.uk,,,,valid=1; invalid=0; risky=0; unknown=0
12694,>30M,aughtonvillagehall.co.uk,no,,,,0,,hiring@aughtonvillagehall.co.uk,showing_email_candidates,not_flagged,contact_pages,,,,,,valid=0; invalid=0; risky=0; unknown=0
12695,>30M,awplumbingheating.co.uk,yes,,,https://embed.typeform.com/ ; https://experttrades.typeform.com/to/koWXVj,0,,alex@awplumbingheating.co.uk,showing_email_candidates,not_flagged,contact_pages,,,,,,valid=0; invalid=0; risky=0; unknown=0
12696,>30M,babeltheatre.co.uk,yes,,,https://g6oorvov2pf.typeform.com/to/tW8suXox,0,,hello@babeltheatre.co.uk,showing_email_candidates,not_flagged,contact_pages,hello@babeltheatre.co.uk,hello@babeltheatre.co.uk,,,,valid=1; invalid=0; risky=0; unknown=0
12697,>30M,beyondtheroster.co.uk,no,,,,0,,,no_public_email_found,not_flagged,contact_pages,,,,,,valid=0; invalid=0; risky=0; unknown=0
12698,>30M,biocrystal.co.uk,yes,,,https://research.typeform.com/to/iqFYzVSz,0,,j.turner10@lboro.ac.uk,showing_email_candidates,not_flagged,contact_pages,,,,,,valid=0; invalid=0; risky=0; unknown=0
12699,>30M,bluespaceltd.co.uk,no,,,,0,,bootstrap@5.3.2 ; info@bluespaceltd.co.uk,showing_email_candidates,not_flagged,contact_pages,info@bluespaceltd.co.uk,,,,info@bluespaceltd.co.uk,valid=0; invalid=0; risky=0; unknown=1
12700,>30M,bluewaterconsultancy.co.uk,no,,,,0,,info@bluewaterconsultancy.co.uk,showing_email_candidates,not_flagged,contact_pages,info@bluewaterconsultancy.co.uk,,,,info@bluewaterconsultancy.co.uk,valid=0; invalid=0; risky=0; unknown=1
12701,>30M,blythspartansjuniors.co.uk,no,,,,0,,bootstrap@5.2.3 ; masonry-layout@4.2.2,showing_email_candidates,not_flagged,contact_pages,,,,,,valid=0; invalid=0; risky=0; unknown=0
12702,>30M,bridgendvans.co.uk,no,,,,0,,sales@bridgendvans.co.uk,showing_email_candidates,not_flagged,contact_pages,sales@bridgendvans.co.uk,,,,sales@bridgendvans.co.uk,valid=0; invalid=0; risky=0; unknown=1
12703,>30M,bristolnights.co.uk,no,,,,0,,,no_public_email_found,not_flagged,contact_pages,,,,,,valid=0; invalid=0; risky=0; unknown=0
12704,>30M,bristolventures.co.uk,no,,,,0,,,no_public_email_found,not_flagged,contact_pages,,,,,,valid=0; invalid=0; risky=0; unknown=0
12705,>30M,bryanthompsonwindowsltd.co.uk,yes,,,https://advertomedia.typeform.com/to/z1ddujbo ; https://form.typeform.com/to/01HPKT7C2G198YW2TS1THDCYVG,0,,reception@btwindows.co.uk ; your@email.com,showing_email_candidates,not_flagged,contact_pages,,,,,,valid=0; invalid=0; risky=0; unknown=0
12706,>30M,caissonturner.co.uk,yes,,,https://embed.typeform.com/ ; https://wayfresh.typeform.com/to/DaggEXiZ ; https://wayfresh.typeform.com/to/Pr5YKzU4,0,,popper.js@1.16.0,showing_email_candidates,not_flagged,contact_pages,,,,,,valid=0; invalid=0; risky=0; unknown=0
12707,>30M,cakesbydebbie.co.uk,no,,,,0,,,no_public_email_found,not_flagged,contact_pages,,,,,,valid=0; invalid=0; risky=0; unknown=0
12708,>30M,clickpilot.co.uk,no,,,,0,,launch@clickpilot.co.uk,showing_email_candidates,not_flagged,contact_pages,,,,,,valid=0; invalid=0; risky=0; unknown=0
12709,>30M,cloudtrek.co.uk,no,,,,0,,j.roberts@bham.ac.uk,showing_email_candidates,not_flagged,contact_pages,,,,,,valid=0; invalid=0; risky=0; unknown=0
12710,>30M,cmcinteriors.co.uk,yes,,,,0,,,no_public_email_found,not_flagged,contact_pages,,,,,,valid=0; invalid=0; risky=0; unknown=0
12711,>30M,coastlinefacilities.co.uk,yes,,,https://leadtap.typeform.com/to/Nb3kqXc7,0,,info@coastlinefacilities.co.uk ; info@lbblq.nimsite.uk ; johnsmith@email.com,showing_email_candidates,not_flagged,contact_pages,info@coastlinefacilities.co.uk,,,,info@coastlinefacilities.co.uk,valid=0; invalid=0; risky=0; unknown=1
12712,>30M,connorandco.co.uk,yes,,,https://digitalweb.typeform.com/to/aZgold ; https://digitalweb.typeform.com/to/d9wYty ; https://digitalweb.typeform.com/to/ItbzVj ; https://digitalweb.typeform.com/to/Q1VBWd ; https://digitalweb.typeform.com/to/WZJV7j ; https://embed.typeform.com/,0,,chris@connorandco.co.uk ; louise@connorandco.co.uk,showing_email_candidates,not_flagged,contact_pages,,,,,,valid=0; invalid=0; risky=0; unknown=0
12713,>30M,coomberoadconsultation.co.uk,no,,,,0,,,no_public_email_found,not_flagged,contact_pages,,,,,,valid=0; invalid=0; risky=0; unknown=0
12714,>30M,crescent-motorcycles.co.uk,yes,,,https://crescentmoto.typeform.com/to/fiYq5TWB ; https://crescentmoto.typeform.com/to/khd5nIlF,0,,sam.norman@crescentmoto.uk,showing_email_candidates,not_flagged,contact_pages,,,,,,valid=0; invalid=0; risky=0; unknown=0
12715,>30M,crowflies.co.uk,yes,,,https://zc36j3vu0qq.typeform.com/to/rPb4qbEZ,0,,contact@crowflies.co.uk ; lenis@1.0.22,showing_email_candidates,not_flagged,contact_pages,contact@crowflies.co.uk,contact@crowflies.co.uk,,,,valid=1; invalid=0; risky=0; unknown=0
12716,>30M,cs-commercial.co.uk,yes,,,https://form.typeform.com/to/ItAelsic ; https://form.typeform.com/to/SVgEfXCp,0,,sales@cubiclesystems.co.uk,showing_email_candidates,not_flagged,contact_pages,,,,,,valid=0; invalid=0; risky=0; unknown=0
12717,>30M,dagas.co.uk,yes,,,https://embed.typeform.com/ ; https://experttrades.typeform.com/to/KReXXp,0,,info@dagas.co.uk,showing_email_candidates,not_flagged,contact_pages,info@dagas.co.uk,,,,info@dagas.co.uk,valid=0; invalid=0; risky=0; unknown=1
12718,>30M,dannyleeonline.co.uk,no,,,,0,,coaching@dannyleeonline.co.uk,showing_email_candidates,not_flagged,contact_pages,,,,,,valid=0; invalid=0; risky=0; unknown=0
12719,>30M,davehowellsheating.co.uk,yes,,,,0,,,no_public_email_found,not_flagged,contact_pages,,,,,,valid=0; invalid=0; risky=0; unknown=0
12720,>30M,daysuntil.co.uk,no,,,,0,,,no_public_email_found,not_flagged,contact_pages,,,,,,valid=0; invalid=0; risky=0; unknown=0
12721,>30M,deedpolls.co.uk,yes,,,https://deedpolls.typeform.com/to/LwWeBc ; https://deedpolls.typeform.com/to/OMkwzK ; https://deedpolls.typeform.com/to/pQhskN ; https://embed.typeform.com/,0,,hello@deedpolls.co.uk,showing_email_candidates,not_flagged,contact_pages,hello@deedpolls.co.uk,hello@deedpolls.co.uk,,,,valid=1; invalid=0; risky=0; unknown=0
12722,>30M,djlouieentertainments.co.uk,no,,,,0,,info@djlouieentertainments.co.uk,showing_email_candidates,not_flagged,contact_pages,info@djlouieentertainments.co.uk,,,,info@djlouieentertainments.co.uk,valid=0; invalid=0; risky=0; unknown=1
12723,>30M,dombillington.co.uk,no,,,,0,,,no_public_email_found,not_flagged,contact_pages,,,,,,valid=0; invalid=0; risky=0; unknown=0
12724,>30M,drinkmilk.co.uk,yes,,,https://q94gt1q04l6.typeform.com/to/KVx1QRpW,0,,sales@drinkmilk.co.uk,showing_email_candidates,not_flagged,contact_pages,sales@drinkmilk.co.uk,,,,sales@drinkmilk.co.uk,valid=0; invalid=0; risky=0; unknown=1
12725,>30M,drivingtestfinder.co.uk,no,,,https://embed.typeform.com/,0,,example@domain.com ; support@drivingtestfinder.co.uk,showing_email_candidates,not_flagged,contact_pages,support@drivingtestfinder.co.uk,,,,support@drivingtestfinder.co.uk,valid=0; invalid=0; risky=0; unknown=1
12726,>30M,earcarenurse.co.uk,yes,,,https://admin.typeform.com/ ; https://embed.typeform.com/ ; https://form.typeform.com/to/WzMjlS,0,,flags@2x.png ; linda@earcarenurse.net ; u002f@53.4295006,showing_email_candidates,not_flagged,contact_pages,,,,,,valid=0; invalid=0; risky=0; unknown=0
12727,>30M,eastridingmuseums.co.uk,no,,,,0,,,no_public_email_found,not_flagged,contact_pages,,,,,,valid=0; invalid=0; risky=0; unknown=0
12728,>30M,eastridingceremonies.co.uk,yes,,,,0,,,no_public_email_found,not_flagged,contact_pages,,,,,,valid=0; invalid=0; risky=0; unknown=0
12729,>30M,eatfruit.co.uk,yes,,,,0,,,no_public_email_found,not_flagged,contact_pages,,,,,,valid=0; invalid=0; risky=0; unknown=0
12730,>30M,edstub.co.uk,no,,,,0,,,no_public_email_found,not_flagged,contact_pages,,,,,,valid=0; invalid=0; risky=0; unknown=0
12731,>30M,elbadr.co.uk,yes,,,,0,,,no_public_email_found,not_flagged,contact_pages,,,,,,valid=0; invalid=0; risky=0; unknown=0
12732,>30M,electriciansworthing.co.uk,yes,,,https://admin.typeform.com/ ; https://darrenlitherland.typeform.com/to/vRSQcz ; https://embed.typeform.com/,0,,info@electriciansworthing.co.uk,showing_email_candidates,not_flagged,contact_pages,info@electriciansworthing.co.uk,,,,info@electriciansworthing.co.uk,valid=0; invalid=0; risky=0; unknown=1
12733,>30M,elitewindowcleaning.co.uk,yes,,,https://form.typeform.com/to/YEdvNUAJ,0,,ewindowcleaning@hotmail.com,showing_email_candidates,not_flagged,contact_pages,,,,,,valid=0; invalid=0; risky=0; unknown=0
12734,>30M,elmbridgeovensandcarpets.co.uk,no,,,,0,,,no_public_email_found,not_flagged,contact_pages,,,,,,valid=0; invalid=0; risky=0; unknown=0
12735,>30M,emyoga.co.uk,yes,,,,0,,,no_public_email_found,not_flagged,contact_pages,,,,,,valid=0; invalid=0; risky=0; unknown=0
12736,>30M,esgfitness.co.uk,yes,,,https://esgfit.typeform.com/to/SWzmNR ; https://form.typeform.com/to/SWzmNR,0,,,no_public_email_found,not_flagged,contact_pages,,,,,,valid=0; invalid=0; risky=0; unknown=0
12737,>30M,eudaimonia-coaching.co.uk,no,,,,0,,,no_public_email_found,not_flagged,contact_pages,,,,,,valid=0; invalid=0; risky=0; unknown=0
12738,>30M,everythingskin.co.uk,no,,,,0,,,no_public_email_found,not_flagged,contact_pages,,,,,,valid=0; invalid=0; risky=0; unknown=0
12739,>30M,evsconsulting.co.uk,yes,,,https://corkboardconcepts.typeform.com/to/PTivISAg,0,,enquiry@evsconsulting.co.uk,showing_email_candidates,not_flagged,contact_pages,,,,,,valid=0; invalid=0; risky=0; unknown=0
12740,>30M,excaliburinflatables.co.uk,yes,,,https://embed.typeform.com/ ; https://paulcretney.typeform.com/to/QJmdnD,0,,hello@excaliburinflatables.co.uk,showing_email_candidates,not_flagged,contact_pages,hello@excaliburinflatables.co.uk,hello@excaliburinflatables.co.uk,,,,valid=1; invalid=0; risky=0; unknown=0
12741,>30M,exitzero.co.uk,no,,,,0,,,no_public_email_found,not_flagged,contact_pages,,,,,,valid=0; invalid=0; risky=0; unknown=0
12742,>30M,expertchat.co.uk,no,,,,0,,,no_public_email_found,not_flagged,contact_pages,,,,,,valid=0; invalid=0; risky=0; unknown=0
12743,>30M,extrados.co.uk,no,,,,0,,,no_public_email_found,not_flagged,contact_pages,,,,,,valid=0; invalid=0; risky=0; unknown=0
12744,>30M,eyeworksoptical.co.uk,yes,,,https://embed.typeform.com/ ; https://wayfresh.typeform.com/to/JplCI7,0,,,no_public_email_found,not_flagged,contact_pages,,,,,,valid=0; invalid=0; risky=0; unknown=0
12745,>30M,fiestasportscoaching.co.uk,no,,,,0,,,no_public_email_found,not_flagged,contact_pages,,,,,,valid=0; invalid=0; risky=0; unknown=0
12746,>30M,fireguru.co.uk,no,,,,0,,sales@logsonline.co.uk ; trade@fireguru.co.uk,showing_email_candidates,not_flagged,contact_pages,,,,,,valid=0; invalid=0; risky=0; unknown=0
12747,>30M,firststepsnurserymargate.co.uk,yes,,,https://wforms.typeform.com/to/JOY70o ; https://wforms.typeform.com/to/xN0zbc,0,,office@firststepsmargate.co.uk,showing_email_candidates,not_flagged,contact_pages,,,,,,valid=0; invalid=0; risky=0; unknown=0
12748,>30M,fivestarcaterers.co.uk,yes,,,https://fivestarcatering.typeform.com/to/iSNbsnvZ ; https://fivestarcatering.typeform.com/to/k1hWpV ; https://fivestarcatering.typeform.com/to/lqxxo7Q0 ; https://fivestarcatering.typeform.com/to/PLSraC1Z,0,,info@fivestarcaterers.co.uk,showing_email_candidates,not_flagged,contact_pages,info@fivestarcaterers.co.uk,,,,info@fivestarcaterers.co.uk,valid=0; invalid=0; risky=0; unknown=1
12749,>30M,fleetnetwork.co.uk,yes,,,,0,,,no_public_email_found,not_flagged,contact_pages,,,,,,valid=0; invalid=0; risky=0; unknown=0
12750,>30M,foambusters.co.uk,no,,,https://embed.typeform.com/,0,,,no_public_email_found,not_flagged,contact_pages,,,,,,valid=0; invalid=0; risky=0; unknown=0
12751,>30M,foodtechltd.co.uk,yes,,,https://elpress.typeform.com/to/qJncqq,0,,hi@bricksmaven.com ; sales@foodtechltd.co.uk,showing_email_candidates,not_flagged,contact_pages,sales@foodtechltd.co.uk,,,,sales@foodtechltd.co.uk,valid=0; invalid=0; risky=0; unknown=1
12752,>30M,forbesperformance.co.uk,no,,,,0,,,no_public_email_found,not_flagged,contact_pages,,,,,,valid=0; invalid=0; risky=0; unknown=0
12753,>30M,freshlifestylefitness.co.uk,yes,,,https://z5qqhusffoy.typeform.com/to/MiNUFHT0,0,,dan@freshlifestylefitness.co.uk,showing_email_candidates,not_flagged,contact_pages,,,,,,valid=0; invalid=0; risky=0; unknown=0
12754,>30M,fromstart2finish.co.uk,yes,,,,0,,,no_public_email_found,not_flagged,contact_pages,,,,,,valid=0; invalid=0; risky=0; unknown=0
12755,>30M,fruitboxes.co.uk,yes,,,https://embed.typeform.com/ ; https://form.typeform.com/to/re5qd6TI ; https://q94gt1q04l6.typeform.com/to/re5qd6TI,0,,hello@fruitboxes.co.uk,showing_email_candidates,not_flagged,contact_pages,hello@fruitboxes.co.uk,,hello@fruitboxes.co.uk,,,valid=0; invalid=1; risky=0; unknown=0
12756,>30M,fulfilmentpeople.co.uk,no,,,,0,,info@fulfilmentpeople.co.uk,showing_email_candidates,not_flagged,contact_pages,info@fulfilmentpeople.co.uk,,,,info@fulfilmentpeople.co.uk,valid=0; invalid=0; risky=0; unknown=1
12757,>30M,fulllifefitness.co.uk,yes,,,https://cwgkkmyad3t.typeform.com/to/uLkzbOcr,0,,enquiries@fulllifefitness.co.uk ; info@fulllifefitness.co.uk ; jack@fulllifefitness.co.uk,showing_email_candidates,not_flagged,contact_pages,enquiries@fulllifefitness.co.uk ; info@fulllifefitness.co.uk,enquiries@fulllifefitness.co.uk,,,info@fulllifefitness.co.uk,valid=1; invalid=0; risky=0; unknown=1
12758,>30M,gaiarenewables.co.uk,yes,,,,0,,,no_public_email_found,not_flagged,contact_pages,,,,,,valid=0; invalid=0; risky=0; unknown=0
12759,>30M,gardenerswild.co.uk,yes,,,https://form.typeform.com/to/OpHQbhsU,0,,,no_public_email_found,not_flagged,contact_pages,,,,,,valid=0; invalid=0; risky=0; unknown=0
12760,>30M,getsoaring.co.uk,yes,,,https://anncheung.typeform.com/to/Jz6ViA ; https://anncheung.typeform.com/to/naeHTr ; https://anncheung.typeform.com/to/Ps73eK ; https://embed.typeform.com/,0,,fancybox@3.5.7,showing_email_candidates,not_flagged,contact_pages,,,,,,valid=0; invalid=0; risky=0; unknown=0
12761,>30M,glasgowgasengineer.co.uk,no,,,,0,,,no_public_email_found,not_flagged,contact_pages,,,,,,valid=0; invalid=0; risky=0; unknown=0
12762,>30M,gmhigher-mentoring.co.uk,no,,,,0,,,no_public_email_found,not_flagged,contact_pages,,,,,,valid=0; invalid=0; risky=0; unknown=0
12763,>30M,graftoninsurance.co.uk,no,,,,0,,info@graftoninsurance.co.uk,showing_email_candidates,not_flagged,contact_pages,info@graftoninsurance.co.uk,,,,info@graftoninsurance.co.uk,valid=0; invalid=0; risky=0; unknown=1
12764,>30M,grounddata.co.uk,yes,,,,0,,,no_public_email_found,not_flagged,contact_pages,,,,,,valid=0; invalid=0; risky=0; unknown=0
12765,>30M,grovehousecottages.co.uk,yes,,,https://admin.typeform.com/ ; https://embed.typeform.com/ ; https://grovehouselevisham.typeform.com/to/KXOUV6,0,,info@grovehouselevisham.com,showing_email_candidates,not_flagged,contact_pages,,,,,,valid=0; invalid=0; risky=0; unknown=0
12766,>30M,grovehouselevisham.co.uk,yes,,,https://admin.typeform.com/ ; https://embed.typeform.com/ ; https://grovehouselevisham.typeform.com/to/KXOUV6,0,,info@grovehouselevisham.com,showing_email_candidates,not_flagged,contact_pages,,,,,,valid=0; invalid=0; risky=0; unknown=0
12767,>30M,happy-print.co.uk,yes,,,,0,,,no_public_email_found,not_flagged,contact_pages,,,,,,valid=0; invalid=0; risky=0; unknown=0
12768,>30M,harryfender.co.uk,no,,,,0,,,no_public_email_found,not_flagged,contact_pages,,,,,,valid=0; invalid=0; risky=0; unknown=0
12769,>30M,hg-leasing.co.uk,no,,,,0,,leasing@hendy-group.com,showing_email_candidates,not_flagged,contact_pages,,,,,,valid=0; invalid=0; risky=0; unknown=0
12770,>30M,hjfitness.co.uk,yes,,,,0,,,no_public_email_found,not_flagged,contact_pages,,,,,,valid=0; invalid=0; risky=0; unknown=0
12771,>30M,hjmetals.co.uk,yes,,,https://form.typeform.com/to/JZyK8cCw ; https://form.typeform.com/to/U29LqVDi,0,,info@hjmetals.co.uk,showing_email_candidates,not_flagged,contact_pages,info@hjmetals.co.uk,,,,info@hjmetals.co.uk,valid=0; invalid=0; risky=0; unknown=1
12772,>30M,hotscores.co.uk,no,,,,0,,,no_public_email_found,not_flagged,contact_pages,,,,,,valid=0; invalid=0; risky=0; unknown=0
12773,>30M,hshletting.co.uk,yes,,,,0,,info@hshletting.co.uk,showing_email_candidates,not_flagged,contact_pages,info@hshletting.co.uk,,,,info@hshletting.co.uk,valid=0; invalid=0; risky=0; unknown=1
12774,>30M,humanos.co.uk,no,,,,0,,,no_public_email_found,not_flagged,contact_pages,,,,,,valid=0; invalid=0; risky=0; unknown=0
12775,>30M,humbercalibration.co.uk,no,,,,0,,,no_public_email_found,not_flagged,contact_pages,,,,,,valid=0; invalid=0; risky=0; unknown=0
12776,>30M,igniteactive.co.uk,yes,,,https://dfuy4j485o8.typeform.com/to/m2VqFZNf ; https://dfuy4j485o8.typeform.com/to/n0IVMcQL,0,,info@igniteactive.co.uk,showing_email_candidates,not_flagged,contact_pages,info@igniteactive.co.uk,,,,info@igniteactive.co.uk,valid=0; invalid=0; risky=0; unknown=1
12777,>30M,ikts.co.uk,yes,,,https://iktsreports.typeform.com/to/Yi9xtxWv,0,,example@domain.com ; info@ikts.co.uk,showing_email_candidates,not_flagged,contact_pages,info@ikts.co.uk,,,,info@ikts.co.uk,valid=0; invalid=0; risky=0; unknown=1
12778,>30M,inspiredcopy.co.uk,no,,,,0,,hello@inspiredcopy.co.uk,showing_email_candidates,not_flagged,contact_pages,hello@inspiredcopy.co.uk,hello@inspiredcopy.co.uk,,,,valid=1; invalid=0; risky=0; unknown=0
12779,>30M,intelligentpayroll.co.uk,no,,,,0,,hello@intelligentpayroll.co.uk,showing_email_candidates,not_flagged,contact_pages,hello@intelligentpayroll.co.uk,hello@intelligentpayroll.co.uk,,,,valid=1; invalid=0; risky=0; unknown=0
12780,>30M,intersafety.co.uk,no,,,https://gumpo.typeform.com/,0,,,no_public_email_found,not_flagged,contact_pages,,,,,,valid=0; invalid=0; risky=0; unknown=0
12781,>30M,inthepottingshed.co.uk,no,,,,0,,,no_public_email_found,not_flagged,contact_pages,,,,,,valid=0; invalid=0; risky=0; unknown=0
12782,>30M,invokemedia.co.uk,no,,,,0,,,no_public_email_found,not_flagged,contact_pages,,,,,,valid=0; invalid=0; risky=0; unknown=0
12783,>30M,joel-murphy.co.uk,yes,,,https://embed.typeform.com/ ; https://joelmurphy1.typeform.com/to/ZdvAbr,0,,contact@joel-murphy.co.uk ; email@domain.com,showing_email_candidates,not_flagged,contact_pages,contact@joel-murphy.co.uk,contact@joel-murphy.co.uk,,,,valid=1; invalid=0; risky=0; unknown=0
12784,>30M,jpecgroup.co.uk,yes,,,,0,,,no_public_email_found,not_flagged,contact_pages,,,,,,valid=0; invalid=0; risky=0; unknown=0
12785,>30M,jpmgas.co.uk,yes,,,,0,,,no_public_email_found,not_flagged,contact_pages,,,,,,valid=0; invalid=0; risky=0; unknown=0
12786,>30M,jselitefitness.co.uk,no,,,https://embed.typeform.com/ ; https://jselitefitness.typeform.com/,0,,jimmy@jselitefitness.co.uk,showing_email_candidates,not_flagged,contact_pages,,,,,,valid=0; invalid=0; risky=0; unknown=0
12787,>30M,just-coaching.co.uk,yes,,,,0,,,no_public_email_found,not_flagged,contact_pages,,,,,,valid=0; invalid=0; risky=0; unknown=0
12788,>30M,juteexport.co.uk,no,,,https://embed.typeform.com/ ; https://wayfresh.typeform.com/to/yZSqzr,0,,,no_public_email_found,not_flagged,contact_pages,,,,,,valid=0; invalid=0; risky=0; unknown=0
12789,>30M,k3accounting.co.uk,yes,,,https://embed.typeform.com/ ; https://wayfresh.typeform.com/to/i1BRmU,0,,info@k3accounting.co.uk,showing_email_candidates,not_flagged,contact_pages,info@k3accounting.co.uk,,,,info@k3accounting.co.uk,valid=0; invalid=0; risky=0; unknown=1
12790,>30M,krabrown.co.uk,yes,,,https://ccxs0s13w6a.typeform.com/to/utjys7fK,0,,info@batchingandblending.com ; info@krabrown.co.uk ; sales@sharkesms.com,showing_email_candidates,not_flagged,contact_pages,info@krabrown.co.uk,,,,info@krabrown.co.uk,valid=0; invalid=0; risky=0; unknown=1
12791,>30M,landmarktranscription.co.uk,yes,,,,0,,,no_public_email_found,not_flagged,contact_pages,,,,,,valid=0; invalid=0; risky=0; unknown=0
12792,>30M,langleyquay.co.uk,no,,,,0,,,no_public_email_found,not_flagged,contact_pages,,,,,,valid=0; invalid=0; risky=0; unknown=0
12793,>30M,lantmannenunibake.co.uk,no,,,,0,,press@lantmannen.com ; splide@4.1.4 ; tine.greve@lantmannen.com,showing_email_candidates,not_flagged,contact_pages,,,,,,valid=0; invalid=0; risky=0; unknown=0
12794,>30M,leadlightgallery.co.uk,no,,,,0,,leadlightgallery@yahoo.co.uk ; matthew@leadlightgallery.co.uk,showing_email_candidates,not_flagged,contact_pages,,,,,,valid=0; invalid=0; risky=0; unknown=0
12795,>30M,leannali.co.uk,yes,,,https://embed.typeform.com/ ; https://form.typeform.com/to/nLGEy1eB,0,,enquiries@69design.co.uk ; gsap@3.15 ; leannaelite@hotmail.com ; mailgo@0.12.2,showing_email_candidates,not_flagged,contact_pages,,,,,,valid=0; invalid=0; risky=0; unknown=0
12796,>30M,levelupx.co.uk,yes,,,,0,,,no_public_email_found,not_flagged,contact_pages,,,,,,valid=0; invalid=0; risky=0; unknown=0
12797,>30M,lewis-rogers.co.uk,no,,,,0,,,no_public_email_found,not_flagged,contact_pages,,,,,,valid=0; invalid=0; risky=0; unknown=0
12798,>30M,linkinglondonmentoring.co.uk,no,,,,0,,,no_public_email_found,not_flagged,contact_pages,,,,,,valid=0; invalid=0; risky=0; unknown=0
12799,>30M,linkprior.co.uk,no,,,,0,,,no_public_email_found,not_flagged,contact_pages,,,,,,valid=0; invalid=0; risky=0; unknown=0
12800,>30M,llpt.co.uk,yes,,,,0,,,no_public_email_found,not_flagged,contact_pages,,,,,,valid=0; invalid=0; risky=0; unknown=0
12801,>30M,logsonline.co.uk,no,,,,0,,sales@logsonline.co.uk ; trade@logsonline.co.uk,showing_email_candidates,not_flagged,contact_pages,sales@logsonline.co.uk,,,,sales@logsonline.co.uk,valid=0; invalid=0; risky=0; unknown=1
12802,>30M,lymphatouch.co.uk,no,,,,0,,bootstrap@4.6.2 ; contact@lymphatouch.com ; pasi.raitanen@lymphatouch.com,showing_email_candidates,not_flagged,contact_pages,,,,,,valid=0; invalid=0; risky=0; unknown=0
12803,>30M,lyonsbowe.co.uk,yes,,,,0,,,no_public_email_found,not_flagged,contact_pages,,,,,,valid=0; invalid=0; risky=0; unknown=0
12804,>30M,madebyneil.co.uk,yes,,,https://form.typeform.com/to/QOoMjzVX,0,,,no_public_email_found,not_flagged,contact_pages,,,,,,valid=0; invalid=0; risky=0; unknown=0
12805,>30M,majesticfs.co.uk,yes,,,https://wforms.typeform.com/to/qqioBo,0,,,no_public_email_found,not_flagged,contact_pages,,,,,,valid=0; invalid=0; risky=0; unknown=0
12806,>30M,mandarinassociates.co.uk,no,,,,0,,,no_public_email_found,not_flagged,contact_pages,,,,,,valid=0; invalid=0; risky=0; unknown=0
12807,>30M,maneno.co.uk,yes,,,https://manenoapp.typeform.com/to/FYfcZ4ZA,0,,bounty@1.3.0 ; flickity@2.2 ; flickity@2.3.0,showing_email_candidates,not_flagged,contact_pages,,,,,,valid=0; invalid=0; risky=0; unknown=0
12808,>30M,marcelfitness.co.uk,yes,,,https://xxxhh05tw6w.typeform.com/to/PveGmqd8,0,,info@marcelfitness.co.uk ; marcel-eniu-personal-trainer-logo@1x.png ; marcel-eniu-personal-trainer-logo@2x.png,showing_email_candidates,not_flagged,contact_pages,info@marcelfitness.co.uk,,,,info@marcelfitness.co.uk,valid=0; invalid=0; risky=0; unknown=1
12809,>30M,marline.co.uk,no,,,,0,,address@example.com ; replytoaddress@example.com ; sales@hscgroupuk.co.uk ; someone@example.com,showing_email_candidates,not_flagged,contact_pages,,,,,,valid=0; invalid=0; risky=0; unknown=0
12810,>30M,martinlorenz.co.uk,yes,,,https://lfbddjgv2t1.typeform.com/to/R7x2mACn,0,,,no_public_email_found,not_flagged,contact_pages,,,,,,valid=0; invalid=0; risky=0; unknown=0
12811,>30M,martynbristow.co.uk,no,,,,0,,martyn@hey.com,showing_email_candidates,not_flagged,contact_pages,,,,,,valid=0; invalid=0; risky=0; unknown=0
12812,>30M,mcgarviegas.co.uk,yes,,,,0,,,no_public_email_found,not_flagged,contact_pages,,,,,,valid=0; invalid=0; risky=0; unknown=0
12813,>30M,mcitycars.co.uk,no,,,https://embed.typeform.com/,0,,,no_public_email_found,not_flagged,contact_pages,,,,,,valid=0; invalid=0; risky=0; unknown=0
12814,>30M,mept.co.uk,yes,,,https://me468276.typeform.com/to/GH9J3ckI ; https://me468276.typeform.com/to/vxMdU2Ir,0,,myles@mept.co.uk,showing_email_candidates,not_flagged,contact_pages,,,,,,valid=0; invalid=0; risky=0; unknown=0
12815,>30M,metrovets.co.uk,yes,,,,0,,bootstrap@5.2.3,showing_email_candidates,not_flagged,contact_pages,,,,,,valid=0; invalid=0; risky=0; unknown=0
12816,>30M,miamirealestate.co.uk,yes,,,https://form.typeform.com/to/n3tLra83,0,,,no_public_email_found,not_flagged,contact_pages,,,,,,valid=0; invalid=0; risky=0; unknown=0
12817,>30M,microdesk.co.uk,no,,,,0,,,no_public_email_found,not_flagged,contact_pages,,,,,,valid=0; invalid=0; risky=0; unknown=0
12818,>30M,millieproud.co.uk,no,,,,0,,,no_public_email_found,not_flagged,contact_pages,,,,,,valid=0; invalid=0; risky=0; unknown=0
12819,>30M,minithing.co.uk,no,,,,0,,,no_public_email_found,not_flagged,contact_pages,,,,,,valid=0; invalid=0; risky=0; unknown=0
12820,>30M,mobilecateringsystems.co.uk,yes,,,https://watsondigital.typeform.com/to/o2qYonpL,0,,ryan@mobilecateringsystems.co.uk,showing_email_candidates,not_flagged,contact_pages,,,,,,valid=0; invalid=0; risky=0; unknown=0
12821,>30M,mocmotorcompany.co.uk,no,,,https://embed.typeform.com/,0,,,no_public_email_found,not_flagged,contact_pages,,,,,,valid=0; invalid=0; risky=0; unknown=0
12822,>30M,morahan.co.uk,yes,,,,0,,,no_public_email_found,not_flagged,contact_pages,,,,,,valid=0; invalid=0; risky=0; unknown=0
12823,>30M,morethannow.co.uk,yes,,,https://form.typeform.com/to/cx1disEl,0,,2@2x.png ; copy@2x.png ; hello@morethannow.co.uk ; lottie-player@0.4.0,showing_email_candidates,not_flagged,contact_pages,hello@morethannow.co.uk,hello@morethannow.co.uk,,,,valid=1; invalid=0; risky=0; unknown=0
12824,>30M,mrlemonade.co.uk,yes,,,https://s5p4yc84qdu.typeform.com/to/GWLyjF76 ; https://s5p4yc84qdu.typeform.com/to/Va9CZYz8 ; https://s5p4yc84qdu.typeform.com/to/Ye1cKYDR,0,,ilaria@mrlemonade.co.uk ; info@mrlemonade.co.uk ; ramzy@mrlemonade.co.uk,showing_email_candidates,not_flagged,contact_pages,info@mrlemonade.co.uk,,,,info@mrlemonade.co.uk,valid=0; invalid=0; risky=0; unknown=1
12825,>30M,musicstudentsforhire.co.uk,no,,,,0,,ben@musicstudentsforhire.co.uk ; pete@musicstudentsforhire.co.uk ; robin@musicstudentsforhire.co.uk,showing_email_candidates,not_flagged,contact_pages,,,,,,valid=0; invalid=0; risky=0; unknown=0
12826,>30M,mwphotographic.co.uk,yes,,,https://melaniewilson.typeform.com/to/n7x97l,0,,melanie.wilson.photographic@gmail.com,showing_email_candidates,not_flagged,contact_pages,,,,,,valid=0; invalid=0; risky=0; unknown=0
12827,>30M,myaccountancyhub.co.uk,yes,,,https://myaccountancyhub.typeform.com/to/bcPjdW ; https://myaccountancyhub.typeform.com/to/cfiHTj ; https://myaccountancyhub.typeform.com/to/JNxHCW ; https://myaccountancyhub.typeform.com/to/swbvXs,0,,,no_public_email_found,not_flagged,contact_pages,,,,,,valid=0; invalid=0; risky=0; unknown=0
12828,>30M,myhabox.co.uk,yes,,,https://7a312diwp4x.typeform.com/to/SkpNA7Eu,0,,hello@myhabox.co.uk,showing_email_candidates,not_flagged,contact_pages,hello@myhabox.co.uk,hello@myhabox.co.uk,,,,valid=1; invalid=0; risky=0; unknown=0
12829,>30M,namechanger.co.uk,yes,,,https://namechanger.typeform.com/to/GBleJV,0,,hello@namechanger.co.uk,showing_email_candidates,not_flagged,contact_pages,hello@namechanger.co.uk,hello@namechanger.co.uk,,,,valid=1; invalid=0; risky=0; unknown=0
12830,>30M,nbikitchens.co.uk,no,,,https://embed.typeform.com/ ; https://wayfresh.typeform.com/to/I8Psyx,0,,,no_public_email_found,not_flagged,contact_pages,,,,,,valid=0; invalid=0; risky=0; unknown=0
12831,>30M,newwavefs.co.uk,yes,,,https://leadenquiry.typeform.com/to/pE45tChp,0,,hello@newwavefs.co.uk,showing_email_candidates,not_flagged,contact_pages,hello@newwavefs.co.uk,hello@newwavefs.co.uk,,,,valid=1; invalid=0; risky=0; unknown=0
12832,>30M,nickkeebleandson.co.uk,yes,,,,0,,info@nickkeebleandson.co.uk ; you@example.com,showing_email_candidates,not_flagged,contact_pages,info@nickkeebleandson.co.uk,,,,info@nickkeebleandson.co.uk,valid=0; invalid=0; risky=0; unknown=1
12833,>30M,nikkibutler.co.uk,no,,,,0,,asset-1@2x-80-1024x683.jpg ; asset-1@2x-80-1024x683.jpg.webp ; asset-1@2x-80-300x200.jpg ; asset-1@2x-80-300x200.jpg.webp ; asset-1@2x-80-600x400.jpg ; asset-1@2x-80-600x400.jpg.webp ; asset-1@2x-80-768x512.jpg ; asset-1@2x-80-768x512.jpg.webp ; asset-1@2x-80.jpg ; asset-1@2x-80.jpg.webp ; info@nikkibutler.co.uk ; nikki@nikkibutler.co.uk,showing_email_candidates,not_flagged,contact_pages,info@nikkibutler.co.uk,,,,info@nikkibutler.co.uk,valid=0; invalid=0; risky=0; unknown=1
12834,>30M,nokk.co.uk,yes,,,https://form.typeform.com/to/Vo1ggVHb,0,,sales@nokk.co.uk,showing_email_candidates,not_flagged,contact_pages,sales@nokk.co.uk,,,,sales@nokk.co.uk,valid=0; invalid=0; risky=0; unknown=1
12835,>30M,nomadsurf.co.uk,yes,,,https://c2a8b0cavp3.typeform.com/to/VIWfXZjr,0,,alex@nomadsurf.co.uk,showing_email_candidates,not_flagged,contact_pages,,,,,,valid=0; invalid=0; risky=0; unknown=0
12836,>30M,norrsken.co.uk,yes,,,https://embed.typeform.com/ ; https://form.typeform.com/to/vIOC6Qp3,0,,hello@norrsken.co.uk ; mikew@seatonbeach.co.uk ; nikki@ethicly.co.uk,showing_email_candidates,not_flagged,contact_pages,hello@norrsken.co.uk,hello@norrsken.co.uk,,,,valid=1; invalid=0; risky=0; unknown=0
12837,>30M,northumberlandhouse.co.uk,yes,,,,0,,hello@conciliocomms.com,showing_email_candidates,not_flagged,contact_pages,,,,,,valid=0; invalid=0; risky=0; unknown=0
12838,>30M,onepagewebdesign.co.uk,yes,,,https://nh5cnk2t0vb.typeform.com/to/KRobwiH1,0,,,no_public_email_found,not_flagged,contact_pages,,,,,,valid=0; invalid=0; risky=0; unknown=0
12839,>30M,onestepinsulation.co.uk,no,,,https://form.typeform.com/,0,,info@onestepinsulation.co.uk,showing_email_candidates,not_flagged,contact_pages,info@onestepinsulation.co.uk,,,,info@onestepinsulation.co.uk,valid=0; invalid=0; risky=0; unknown=1
12840,>30M,onestopcoffeeshop.co.uk,yes,,,,0,,,no_public_email_found,not_flagged,contact_pages,,,,,,valid=0; invalid=0; risky=0; unknown=0
12841,>30M,ovencleaningbristol.co.uk,no,,,,0,,,no_public_email_found,not_flagged,contact_pages,,,,,,valid=0; invalid=0; risky=0; unknown=0
12842,>30M,overdrivedigital.co.uk,no,,,https://embed.typeform.com/,0,,sales@overdrivedigital.co.uk,showing_email_candidates,not_flagged,contact_pages,sales@overdrivedigital.co.uk,,,,sales@overdrivedigital.co.uk,valid=0; invalid=0; risky=0; unknown=1
12843,>30M,ownutrition.co.uk,yes,,,https://oliverwhiteman.typeform.com/to/Wd9IuM,0,,oliver@ownutrition.co.uk,showing_email_candidates,not_flagged,contact_pages,,,,,,valid=0; invalid=0; risky=0; unknown=0
12844,>30M,painfreefeet.co.uk,no,,,https://peptalkr.typeform.com/,0,,feet@painfreefeet.co.uk,showing_email_candidates,not_flagged,contact_pages,,,,,,valid=0; invalid=0; risky=0; unknown=0
12845,>30M,paintvine.co.uk,no,,,https://embed.typeform.com/,0,,bookings@paintvine.co.uk ; vendors@layout.theme.css ; vendors@layout.theme.js ; vendors@template.index,showing_email_candidates,not_flagged,contact_pages,bookings@paintvine.co.uk,bookings@paintvine.co.uk,,,,valid=1; invalid=0; risky=0; unknown=0
12846,>30M,pallotcookconsulting.co.uk,yes,,,https://form.typeform.com/to/SaInAuvQ,0,,,no_public_email_found,not_flagged,contact_pages,,,,,,valid=0; invalid=0; risky=0; unknown=0
12847,>30M,pass-1st.co.uk,yes,,,https://wforms.typeform.com/to/EHpRsz,0,,,no_public_email_found,not_flagged,contact_pages,,,,,,valid=0; invalid=0; risky=0; unknown=0
12848,>30M,patagoniatours.co.uk,no,,,,0,,example@example.com ; info@patagoniatours.co.uk,showing_email_candidates,not_flagged,contact_pages,info@patagoniatours.co.uk,,,,info@patagoniatours.co.uk,valid=0; invalid=0; risky=0; unknown=1
12849,>30M,paulisherwood.co.uk,yes,,,,0,,,no_public_email_found,not_flagged,contact_pages,,,,,,valid=0; invalid=0; risky=0; unknown=0
12850,>30M,pcpcars.co.uk,no,,,,0,,enquiries@gvleasing.co.uk ; enquiries@pcpcars.co.uk ; sales@pcpcars.com,showing_email_candidates,not_flagged,contact_pages,enquiries@pcpcars.co.uk,enquiries@pcpcars.co.uk,,,,valid=1; invalid=0; risky=0; unknown=0
12851,>30M,polarxornaments.co.uk,yes,,,,0,,your@email.com,showing_email_candidates,not_flagged,contact_pages,,,,,,valid=0; invalid=0; risky=0; unknown=0
12852,>30M,pozen.co.uk,yes,,,https://9fh9cgz0anu.typeform.com/to/MnxVJbMs,0,,carissa.luis@gmail.com ; info@hopepilates.com ; info@mpowerrehab.com ; info@straphaelrevive.com ; info@thehopecentre.uk ; lynette.connecttosource@gmail.com,showing_email_candidates,not_flagged,contact_pages,,,,,,valid=0; invalid=0; risky=0; unknown=0
12853,>30M,prestige-kitchens.co.uk,yes,,,,0,,,no_public_email_found,not_flagged,contact_pages,,,,,,valid=0; invalid=0; risky=0; unknown=0
12854,>30M,pretiumresourcing.co.uk,yes,,,https://resourcing.typeform.com/to/dV3KQSff ; https://resourcing.typeform.com/to/MeV7MC,0,,info@pretiumresourcing.co.uk,showing_email_candidates,not_flagged,contact_pages,info@pretiumresourcing.co.uk,,,,info@pretiumresourcing.co.uk,valid=0; invalid=0; risky=0; unknown=1
12855,>30M,pushthatbutton.co.uk,yes,,,,0,,,no_public_email_found,not_flagged,contact_pages,,,,,,valid=0; invalid=0; risky=0; unknown=0
12856,>30M,queenelizabethiimemorial.co.uk,no,,,,0,,,no_public_email_found,not_flagged,contact_pages,,,,,,valid=0; invalid=0; risky=0; unknown=0
12857,>30M,readingdermatology.co.uk,yes,,,https://penelopepratsou.typeform.com/to/iArVcA ; https://penelopepratsou.typeform.com/to/nIwPt1,0,,,no_public_email_found,not_flagged,contact_pages,,,,,,valid=0; invalid=0; risky=0; unknown=0
12858,>30M,regenclinic.co.uk,no,,,,0,,,no_public_email_found,not_flagged,contact_pages,,,,,,valid=0; invalid=0; risky=0; unknown=0
12859,>30M,reggieplates.co.uk,no,,,,0,,,no_public_email_found,not_flagged,contact_pages,,,,,,valid=0; invalid=0; risky=0; unknown=0
12860,>30M,reqa.co.uk,yes,,,https://reqa.typeform.com/to/WMZXY4,0,,architects@reqa.co.uk,showing_email_candidates,not_flagged,contact_pages,,,,,,valid=0; invalid=0; risky=0; unknown=0
12861,>30M,reusable-cups.co.uk,yes,,,,0,,,no_public_email_found,not_flagged,contact_pages,,,,,,valid=0; invalid=0; risky=0; unknown=0
12862,>30M,rhinojunk.co.uk,no,,,,0,,info@rhinojunk.co.uk,showing_email_candidates,not_flagged,contact_pages,info@rhinojunk.co.uk,,,,info@rhinojunk.co.uk,valid=0; invalid=0; risky=0; unknown=1
12863,>30M,rosehayes.co.uk,yes,,,,0,,,no_public_email_found,not_flagged,contact_pages,,,,,,valid=0; invalid=0; risky=0; unknown=0
12864,>30M,rowegranite.co.uk,no,,,,0,,info@rowegranite.co.uk,showing_email_candidates,not_flagged,contact_pages,info@rowegranite.co.uk,,,,info@rowegranite.co.uk,valid=0; invalid=0; risky=0; unknown=1
12865,>30M,sandbourne.co.uk,no,,,,0,,hello@sandbourne.co.uk,showing_email_candidates,not_flagged,contact_pages,hello@sandbourne.co.uk,hello@sandbourne.co.uk,,,,valid=1; invalid=0; risky=0; unknown=0
12866,>30M,schulstadbakerysolutions.co.uk,no,,,,0,,unibakeuk.info@lantmannen.com,showing_email_candidates,not_flagged,contact_pages,,,,,,valid=0; invalid=0; risky=0; unknown=0
12867,>30M,scottwhiteheatingandplumbing.co.uk,yes,,,https://embed.typeform.com/ ; https://experttrades.typeform.com/to/d6dh4J,0,,scottwhite_09@hotmail.co.uk,showing_email_candidates,not_flagged,contact_pages,,,,,,valid=0; invalid=0; risky=0; unknown=0
12868,>30M,sdwp.co.uk,no,,,,0,,,no_public_email_found,not_flagged,contact_pages,,,,,,valid=0; invalid=0; risky=0; unknown=0
12869,>30M,sellneeds.co.uk,yes,,,,0,,,no_public_email_found,not_flagged,contact_pages,,,,,,valid=0; invalid=0; risky=0; unknown=0
12870,>30M,sharrowdental.co.uk,yes,,,https://3sekqcumm4q.typeform.com/to/N9kFyJzA,0,,advent-sharrow-dental@dentallymail.co.uk ; sharrow.dentalsurgery@nhs.net,showing_email_candidates,not_flagged,contact_pages,,,,,,valid=0; invalid=0; risky=0; unknown=0
12871,>30M,shearwatermarine.co.uk,no,,,,0,,info@shearwatermarine.co.uk,showing_email_candidates,not_flagged,contact_pages,info@shearwatermarine.co.uk,,,,info@shearwatermarine.co.uk,valid=0; invalid=0; risky=0; unknown=1
12872,>30M,shieldventilation.co.uk,no,,,,0,,bootstrap@5.2.3,showing_email_candidates,not_flagged,contact_pages,,,,,,valid=0; invalid=0; risky=0; unknown=0
12873,>30M,shuttlefish.co.uk,no,,,,0,,,no_public_email_found,not_flagged,contact_pages,,,,,,valid=0; invalid=0; risky=0; unknown=0
12874,>30M,shutterhut.co.uk,yes,,,,0,,,no_public_email_found,not_flagged,contact_pages,,,,,,valid=0; invalid=0; risky=0; unknown=0
12875,>30M,simplebridginguk.co.uk,yes,,,https://embed.typeform.com/ ; https://wayfresh.typeform.com/to/qq1jex,0,,,no_public_email_found,not_flagged,contact_pages,,,,,,valid=0; invalid=0; risky=0; unknown=0
12876,>30M,simplifiedfitness.co.uk,no,,,,0,,hello@simplifiedfitness.co.uk,showing_email_candidates,not_flagged,contact_pages,hello@simplifiedfitness.co.uk,hello@simplifiedfitness.co.uk,,,,valid=1; invalid=0; risky=0; unknown=0
12877,>30M,smashdigital.co.uk,no,,,,0,,,no_public_email_found,not_flagged,contact_pages,,,,,,valid=0; invalid=0; risky=0; unknown=0
12878,>30M,smeb.co.uk,yes,,,https://smeb.typeform.com/to/ThBCgAki,0,,hello@smeb.co.uk,showing_email_candidates,not_flagged,contact_pages,hello@smeb.co.uk,hello@smeb.co.uk,,,,valid=1; invalid=0; risky=0; unknown=0
12879,>30M,smithson.co.uk,no,,,,0,,enquiries@fundsmith.co.uk ; shareholderenquiries@cm.mpms.mufg.com ; sninvc@parthenon.ey.com,showing_email_candidates,not_flagged,contact_pages,,,,,,valid=0; invalid=0; risky=0; unknown=0
12880,>30M,socialscribe.co.uk,yes,,,,0,,,no_public_email_found,not_flagged,contact_pages,,,,,,valid=0; invalid=0; risky=0; unknown=0
12881,>30M,spacemakermodularandportablebuildings.co.uk,no,,,https://embed.typeform.com/ ; https://form.typeform.com/,0,,info@spacemakercabins.co.uk,showing_email_candidates,not_flagged,contact_pages,,,,,,valid=0; invalid=0; risky=0; unknown=0
12882,>30M,sstiling.co.uk,yes,,,,0,,s.stiling@outlook.com,showing_email_candidates,not_flagged,contact_pages,,,,,,valid=0; invalid=0; risky=0; unknown=0
12883,>30M,stephengrindrod.co.uk,yes,,,,0,,hello@stephengrindrod.co.uk ; info@stephengrindrod.co.uk,showing_email_candidates,not_flagged,contact_pages,hello@stephengrindrod.co.uk ; info@stephengrindrod.co.uk,hello@stephengrindrod.co.uk,,,info@stephengrindrod.co.uk,valid=1; invalid=0; risky=0; unknown=1
12884,>30M,steppaz.co.uk,yes,,,https://form.typeform.com/to/g1R4G1TV,0,,info@steppaz.co.uk ; stacey@steppaz.co.uk ; staceymcknight@hotmail.com,showing_email_candidates,not_flagged,contact_pages,info@steppaz.co.uk,,,,info@steppaz.co.uk,valid=0; invalid=0; risky=0; unknown=1
12885,>30M,stickyfigs.co.uk,yes,,,https://embed.typeform.com/ ; https://form.typeform.com/to/nRnI7wVc,0,,,no_public_email_found,not_flagged,contact_pages,,,,,,valid=0; invalid=0; risky=0; unknown=0
12886,>30M,stoddartcranehire.co.uk,no,,,https://embed.typeform.com/ ; https://kczmef0do33.typeform.com/to/j4Imvxd0,0,,cropped-sch-icon_1@512x-1-180x180.png ; cropped-sch-icon_1@512x-1-192x192.png ; cropped-sch-icon_1@512x-1-270x270.png ; cropped-sch-icon_1@512x-1-32x32.png ; example@example.com ; info@stoddartcranehire.co.uk,showing_email_candidates,not_flagged,contact_pages,info@stoddartcranehire.co.uk,,,,info@stoddartcranehire.co.uk,valid=0; invalid=0; risky=0; unknown=1
12887,>30M,stratinn.co.uk,no,,,,0,,info@stratinn.co.uk ; stratinnltd1@stratinn.co.uk,showing_email_candidates,not_flagged,contact_pages,info@stratinn.co.uk,,,,info@stratinn.co.uk,valid=0; invalid=0; risky=0; unknown=1
12888,>30M,stronghammer.co.uk,yes,,,https://developerplatform.typeform.com/ ; https://embed.typeform.com/,0,,,no_public_email_found,not_flagged,contact_pages,,,,,,valid=0; invalid=0; risky=0; unknown=0
12889,>30M,studyhighermentoring.co.uk,no,,,,0,,,no_public_email_found,not_flagged,contact_pages,,,,,,valid=0; invalid=0; risky=0; unknown=0
12890,>30M,supersocialmedia.co.uk,yes,,,,0,,,no_public_email_found,not_flagged,contact_pages,,,,,,valid=0; invalid=0; risky=0; unknown=0
12891,>30M,surreymentoring.co.uk,no,,,https://embed.typeform.com/,0,,quill@1.3.6,showing_email_candidates,not_flagged,contact_pages,,,,,,valid=0; invalid=0; risky=0; unknown=0
12892,>30M,teeceefitness.co.uk,no,,,,0,,,no_public_email_found,not_flagged,contact_pages,,,,,,valid=0; invalid=0; risky=0; unknown=0
12893,>30M,teithiaupatagonia.co.uk,no,,,https://embed.typeform.com/ ; https://form.typeform.com/to/PlmF6d6S,0,,post@teithiaupatagonia.co.uk,showing_email_candidates,not_flagged,contact_pages,,,,,,valid=0; invalid=0; risky=0; unknown=0
12894,>30M,the-grand.co.uk,no,,,,0,,book@the-grand.co.uk,showing_email_candidates,not_flagged,contact_pages,,,,,,valid=0; invalid=0; risky=0; unknown=0
12895,>30M,thefastshow.co.uk,yes,,,https://form.typeform.com/to/xnp5kSa0,0,,enquiries@santapod.com,showing_email_candidates,not_flagged,contact_pages,,,,,,valid=0; invalid=0; risky=0; unknown=0
12896,>30M,theladiesbridge.co.uk,yes,,,,0,,,no_public_email_found,not_flagged,contact_pages,,,,,,valid=0; invalid=0; risky=0; unknown=0
12897,>30M,themusicmentor.co.uk,yes,,,https://form.typeform.com/to/gUhhRrab,0,,hello@themusicmentor.co.uk,showing_email_candidates,not_flagged,contact_pages,hello@themusicmentor.co.uk,hello@themusicmentor.co.uk,,,,valid=1; invalid=0; risky=0; unknown=0
12898,>30M,thepartnershipcentre.co.uk,no,,,https://embed.typeform.com/,0,,,no_public_email_found,not_flagged,contact_pages,,,,,,valid=0; invalid=0; risky=0; unknown=0
12899,>30M,thesmallcompany.co.uk,yes,,,https://bnmn2y1hykd.typeform.com/to/UmbUbWKa,0,,,no_public_email_found,not_flagged,contact_pages,,,,,,valid=0; invalid=0; risky=0; unknown=0
12900,>30M,thetimbergroup.co.uk,no,,,,0,,ascot@thetimbergroup.co.uk ; highwycombe@thetimbergroup.co.uk ; hoddesdon@thetimbergroup.co.uk ; maidstone@thetimbergroup.co.uk ; poole@thetimbergroup.co.uk,showing_email_candidates,not_flagged,contact_pages,,,,,,valid=0; invalid=0; risky=0; unknown=0
12901,>30M,thewordman.co.uk,yes,,,https://dave180685.typeform.com/to/yhqt5QFQ,0,,dave@thewordman.co.uk ; hiya@thewordman.co.uk,showing_email_candidates,not_flagged,contact_pages,,,,,,valid=0; invalid=0; risky=0; unknown=0
12902,>30M,tjab.co.uk,no,,,,0,,,no_public_email_found,not_flagged,contact_pages,,,,,,valid=0; invalid=0; risky=0; unknown=0
12903,>30M,tlchomegroup.co.uk,no,,,,0,,info@tlchomegroup.co.uk,showing_email_candidates,not_flagged,contact_pages,info@tlchomegroup.co.uk,,,,info@tlchomegroup.co.uk,valid=0; invalid=0; risky=0; unknown=1
12904,>30M,tmcdist.co.uk,yes,,,https://embed.typeform.com/ ; https://hwd.typeform.com/to/vf3mxX,0,,forwarding@tmcdist.co.uk ; ops@tmcdist.co.uk,showing_email_candidates,not_flagged,contact_pages,,,,,,valid=0; invalid=0; risky=0; unknown=0
12905,>30M,travelsum.co.uk,yes,,,https://1kr74b7ysmu.typeform.com/to/VqNLfSfB,0,,travelsum.uk@gmail.com,showing_email_candidates,not_flagged,contact_pages,,,,,,valid=0; invalid=0; risky=0; unknown=0
12906,>30M,twojdoradca.co.uk,no,,,,0,,,no_public_email_found,not_flagged,contact_pages,,,,,,valid=0; invalid=0; risky=0; unknown=0
12907,>30M,uclacademymentoring.co.uk,no,,,https://embed.typeform.com/,0,,quill@1.3.6,showing_email_candidates,not_flagged,contact_pages,,,,,,valid=0; invalid=0; risky=0; unknown=0
12908,>30M,unitaswholesaleconference.co.uk,no,,,,0,,,no_public_email_found,not_flagged,contact_pages,,,,,,valid=0; invalid=0; risky=0; unknown=0
12909,>30M,uobcompactplusmentoring.co.uk,no,,,,0,,,no_public_email_found,not_flagged,contact_pages,,,,,,valid=0; invalid=0; risky=0; unknown=0
12910,>30M,uponahill.co.uk,yes,,,https://battlelands.typeform.com/to/I35T0q,0,,info@uponahill.co.uk,showing_email_candidates,not_flagged,contact_pages,info@uponahill.co.uk,,,,info@uponahill.co.uk,valid=0; invalid=0; risky=0; unknown=1
12911,>30M,victronenergy.co.uk,no,,,,0,,,no_public_email_found,not_flagged,contact_pages,,,,,,valid=0; invalid=0; risky=0; unknown=0
12912,>30M,virgate.co.uk,no,,,https://virgate.typeform.com/,0,,hello@virgate.co.uk,showing_email_candidates,not_flagged,contact_pages,hello@virgate.co.uk,hello@virgate.co.uk,,,,valid=1; invalid=0; risky=0; unknown=0
12913,>30M,warehome.co.uk,yes,,,,0,,enquiries@warehome.co.uk ; hello@save.agency ; splide@3.2.2,showing_email_candidates,not_flagged,contact_pages,enquiries@warehome.co.uk,enquiries@warehome.co.uk,,,,valid=1; invalid=0; risky=0; unknown=0
12914,>30M,weareten.co.uk,no,,,,0,,contact@weareten.co.uk ; hello@weareten.co.uk,showing_email_candidates,not_flagged,contact_pages,contact@weareten.co.uk ; hello@weareten.co.uk,,contact@weareten.co.uk ; hello@weareten.co.uk,,,valid=0; invalid=2; risky=0; unknown=0
12915,>30M,webdesigncarlisle.co.uk,yes,,,https://form.typeform.com/to/cwsAR01h,0,,,no_public_email_found,not_flagged,contact_pages,,,,,,valid=0; invalid=0; risky=0; unknown=0
12916,>30M,wellbrain.co.uk,yes,,,https://research.typeform.com/to/BUiBQV0G ; https://research.typeform.com/to/rBcUFruH,0,,,no_public_email_found,not_flagged,contact_pages,,,,,,valid=0; invalid=0; risky=0; unknown=0
12917,>30M,weredog.co.uk,no,,,https://weredog.typeform.com/,0,,checkout-plugin-ui@2.0.0 ; support@weredog.co.uk ; support@weredogco.uk,showing_email_candidates,not_flagged,contact_pages,support@weredog.co.uk,,,,support@weredog.co.uk,valid=0; invalid=0; risky=0; unknown=1
12918,>30M,whiterosevehicles.co.uk,no,,,,0,,hello@whiterosevehicles.co.uk ; ops@whiterosevehicles.co.uk,showing_email_candidates,not_flagged,contact_pages,hello@whiterosevehicles.co.uk,,hello@whiterosevehicles.co.uk,,,valid=0; invalid=1; risky=0; unknown=0
12919,>30M,windsordecor.co.uk,yes,,,,0,,,no_public_email_found,not_flagged,contact_pages,,,,,,valid=0; invalid=0; risky=0; unknown=0
12920,>30M,woldgrainstorage.co.uk,yes,,,https://form.typeform.com/to/Oa0YpQim,0,,nick.moon@woldgrainstorage.co.uk,showing_email_candidates,not_flagged,contact_pages,,,,,,valid=0; invalid=0; risky=0; unknown=0
12921,>30M,wordport.co.uk,yes,,,,0,,,no_public_email_found,not_flagged,contact_pages,,,,,,valid=0; invalid=0; risky=0; unknown=0
12922,>30M,yourmortgageexperts.co.uk,no,,,,0,,,no_public_email_found,not_flagged,contact_pages,,,,,,valid=0; invalid=0; risky=0; unknown=0
12923,>30M,zero1exhibitions.co.uk,no,,,,0,,,no_public_email_found,not_flagged,contact_pages,,,,,,valid=0; invalid=0; risky=0; unknown=0
12924,>30M,zodiacsol.co.uk,yes,,,https://embed.typeform.com/ ; https://sam1391.typeform.com/to/JoBesv,0,,contact@zodiacsolutions.xyz ; mail@example.com,showing_email_candidates,not_flagged,contact_pages,,,,,,valid=0; invalid=0; risky=0; unknown=0
12925,>30M,bhga.org.uk,no,,,,0,,,no_public_email_found,not_flagged,contact_pages,,,,,,valid=0; invalid=0; risky=0; unknown=0
12926,>30M,bracknelllibdems.org.uk,yes,,,,0,,data.protection@libdems.org.uk ; info@bracknelllibdems.org.uk,showing_email_candidates,not_flagged,contact_pages,info@bracknelllibdems.org.uk,,,,info@bracknelllibdems.org.uk,valid=0; invalid=0; risky=0; unknown=1
12927,>30M,britishsaunasociety.org.uk,yes,,,https://form.typeform.com/to/ayr03X4p ; https://form.typeform.com/to/jYfCeHZh ; https://form.typeform.com/to/oqDv6nqg,0,,hello@britishsaunasociety.org.uk ; press@britishsaunasociety.org.uk,showing_email_candidates,not_flagged,contact_pages,hello@britishsaunasociety.org.uk ; press@britishsaunasociety.org.uk,hello@britishsaunasociety.org.uk,,,press@britishsaunasociety.org.uk,valid=1; invalid=0; risky=0; unknown=1
12928,>30M,danceconnect.org.uk,yes,,,,0,,,no_public_email_found,not_flagged,contact_pages,,,,,,valid=0; invalid=0; risky=0; unknown=0
12929,>30M,engineeringtalent.org.uk,no,,,,0,,,no_public_email_found,not_flagged,contact_pages,,,,,,valid=0; invalid=0; risky=0; unknown=0
12930,>30M,ersab.org.uk,no,,,,0,,,no_public_email_found,not_flagged,contact_pages,,,,,,valid=0; invalid=0; risky=0; unknown=0
12931,>30M,erpf.org.uk,no,,,,0,,,no_public_email_found,not_flagged,contact_pages,,,,,,valid=0; invalid=0; risky=0; unknown=0
12932,>30M,gharvest.org.uk,yes,,,https://globalharvestlondon.typeform.com/to/e75Vs6,0,,pastor@gharvest.org.uk,showing_email_candidates,not_flagged,contact_pages,,,,,,valid=0; invalid=0; risky=0; unknown=0
12933,>30M,gofish.org.uk,no,,,,0,,,no_public_email_found,not_flagged,contact_pages,,,,,,valid=0; invalid=0; risky=0; unknown=0
12934,>30M,goodwork.org.uk,yes,,,https://goodworkuk.typeform.com/ ; https://images.typeform.com/,0,,full-colour@4x.png ; hello@goodwork.org.uk,showing_email_candidates,not_flagged,contact_pages,hello@goodwork.org.uk,hello@goodwork.org.uk,,,,valid=1; invalid=0; risky=0; unknown=0
12935,>30M,icss.org.uk,yes,,,https://www.typeform.com/,0,,info@icss.org.uk ; sharlin@icss.org.uk,showing_email_candidates,not_flagged,contact_pages,info@icss.org.uk,,,,info@icss.org.uk,valid=0; invalid=0; risky=0; unknown=1
12936,>30M,manchestermentoring.org.uk,no,,,https://embed.typeform.com/,0,,quill@1.3.6,showing_email_candidates,not_flagged,contact_pages,,,,,,valid=0; invalid=0; risky=0; unknown=0
12937,>30M,neacomentoring.org.uk,no,,,,0,,,no_public_email_found,not_flagged,contact_pages,,,,,,valid=0; invalid=0; risky=0; unknown=0
12938,>30M,nextsteps.org.uk,no,,,,0,,,no_public_email_found,not_flagged,contact_pages,,,,,,valid=0; invalid=0; risky=0; unknown=0
12939,>30M,transactual.org.uk,yes,,,https://form.typeform.com/to/WRkLDUl3,0,,info@transactual.org.uk ; press@transactual.org.uk,showing_email_candidates,not_flagged,contact_pages,info@transactual.org.uk ; press@transactual.org.uk,,,,info@transactual.org.uk ; press@transactual.org.uk,valid=0; invalid=0; risky=0; unknown=2
12940,>30M,ueamentoring.org.uk,no,,,https://embed.typeform.com/,0,,quill@1.3.6,showing_email_candidates,not_flagged,contact_pages,,,,,,valid=0; invalid=0; risky=0; unknown=0
12941,>30M,markedmedia.us,yes,,,,0,,,no_public_email_found,not_flagged,contact_pages,,,,,,valid=0; invalid=0; risky=0; unknown=0
12942,>30M,integratech.ae,yes,,,https://form.typeform.com/to/KWWvDCBQ,0,,info@integratech.ae,showing_email_candidates,not_flagged,contact_pages,info@integratech.ae,,,,info@integratech.ae,valid=0; invalid=0; risky=0; unknown=1
12943,>30M,democracy.ai,yes,,,https://embed.typeform.com/ ; https://teamremesh.typeform.com/to/d1T98J ; https://teamremesh.typeform.com/to/ig5UDd,0,,,no_public_email_found,not_flagged,contact_pages,,,,,,valid=0; invalid=0; risky=0; unknown=0
12944,>30M,fellow.ai,no,,,,0,,jane@company.com,showing_email_candidates,not_flagged,contact_pages,,,,,,valid=0; invalid=0; risky=0; unknown=0
12945,>30M,justadd.ai,no,,,,0,,career@justadd.ai ; info@justadd.ai,showing_email_candidates,not_flagged,contact_pages,info@justadd.ai,,,,info@justadd.ai,valid=0; invalid=0; risky=0; unknown=1
12946,>30M,humanfirst.ai,yes,,,https://form.typeform.com/to/k3q8G5AX,0,,careers@humanfirst.ai ; gsap@3.13.0,showing_email_candidates,not_flagged,contact_pages,careers@humanfirst.ai,careers@humanfirst.ai,,,,valid=1; invalid=0; risky=0; unknown=0
12947,>30M,mindmatch.ai,no,,,https://embed.typeform.com/,0,,hello@mindmatch.ai,showing_email_candidates,not_flagged,contact_pages,hello@mindmatch.ai,hello@mindmatch.ai,,,,valid=1; invalid=0; risky=0; unknown=0
12948,>30M,lighthouse.ai,no,,,,0,,,no_public_email_found,not_flagged,contact_pages,,,,,,valid=0; invalid=0; risky=0; unknown=0
12949,>30M,flech.org.ar,yes,,,https://flech.typeform.com/to/ohTVKz_blank,0,,,no_public_email_found,not_flagged,contact_pages,,,,,,valid=0; invalid=0; risky=0; unknown=0
12950,>30M,baeaem.at,no,,,https://baeaem.typeform.com/,0,,gsap@3.12.2 ; servus@baeaem.at,showing_email_candidates,not_flagged,contact_pages,,,,,,valid=0; invalid=0; risky=0; unknown=0
12951,>30M,cheapendales.at,no,,,,0,,,no_public_email_found,not_flagged,contact_pages,,,,,,valid=0; invalid=0; risky=0; unknown=0
12952,>30M,cityguide-freistadt.at,no,,,,0,,,no_public_email_found,not_flagged,contact_pages,,,,,,valid=0; invalid=0; risky=0; unknown=0
12953,>30M,cocktailbarlinz.at,no,,,,0,,mail@cocktailbarlinz.at,showing_email_candidates,not_flagged,contact_pages,,,,,,valid=0; invalid=0; risky=0; unknown=0
12954,>30M,diefotoprofis.at,no,,,,0,,,no_public_email_found,not_flagged,contact_pages,,,,,,valid=0; invalid=0; risky=0; unknown=0
12955,>30M,diesner.at,no,,,,0,,,no_public_email_found,not_flagged,contact_pages,,,,,,valid=0; invalid=0; risky=0; unknown=0
12956,>30M,duering-hummer.at,yes,,,https://embed.typeform.com/ ; https://form.typeform.com/to/N9wzYejE,0,,office@duering-hummer.at,showing_email_candidates,not_flagged,contact_pages,office@duering-hummer.at,,,,office@duering-hummer.at,valid=0; invalid=0; risky=0; unknown=1
12957,>30M,emotion-apotheke.at,no,,,,0,,intl-tel-input@17.0.18 ; office@emotion-apotheke.at ; roland@froschauer.com ; studio@ulliengleder.com,showing_email_candidates,not_flagged,contact_pages,office@emotion-apotheke.at,,,,office@emotion-apotheke.at,valid=0; invalid=0; risky=0; unknown=1
12958,>30M,energetikweglehner.at,no,,,,0,,weglehnerdoris@gmail.com,showing_email_candidates,not_flagged,contact_pages,,,,,,valid=0; invalid=0; risky=0; unknown=0
12959,>30M,gerlindeklutz.at,yes,,,https://form.typeform.com/to/EX8gL7pI,0,,office@gerlindeklutz.at,showing_email_candidates,not_flagged,contact_pages,office@gerlindeklutz.at,,,,office@gerlindeklutz.at,valid=0; invalid=0; risky=0; unknown=1
12960,>30M,getriebe-tonninger.at,no,,,,0,,,no_public_email_found,not_flagged,contact_pages,,,,,,valid=0; invalid=0; risky=0; unknown=0
12961,>30M,henninger-holzbau.at,no,,,,0,,,no_public_email_found,not_flagged,contact_pages,,,,,,valid=0; invalid=0; risky=0; unknown=0
12962,>30M,johannesweghuette.at,no,,,,0,,,no_public_email_found,not_flagged,contact_pages,,,,,,valid=0; invalid=0; risky=0; unknown=0
12963,>30M,musikverein-lasberg.at,no,,,,0,,musikverein.lasberg@epnet.at,showing_email_candidates,not_flagged,contact_pages,,,,,,valid=0; invalid=0; risky=0; unknown=0
12964,>30M,ocono.at,yes,,,https://form.typeform.com/to/vdhqWNsa,0,,dpo-google@google.com ; office@ocono.at,showing_email_candidates,not_flagged,contact_pages,office@ocono.at,,,,office@ocono.at,valid=0; invalid=0; risky=0; unknown=1
12965,>30M,pani.at,yes,,,https://pani-media.typeform.com/to/pXRuov,0,,waidhofen@pani.at ; waidhofen@pani.atfax,showing_email_candidates,not_flagged,contact_pages,,,,,,valid=0; invalid=0; risky=0; unknown=0
12966,>30M,pro-s10.at,no,,,,0,,freistadt@wkooe.at,showing_email_candidates,not_flagged,contact_pages,,,,,,valid=0; invalid=0; risky=0; unknown=0
12967,>30M,putschoegl-bau.at,no,,,,0,,,no_public_email_found,not_flagged,contact_pages,,,,,,valid=0; invalid=0; risky=0; unknown=0
12968,>30M,ritas-tracht.at,no,,,,0,,rita.tracht@aon.at,showing_email_candidates,not_flagged,contact_pages,,,,,,valid=0; invalid=0; risky=0; unknown=0
12969,>30M,schilift-freistadt.at,no,,,,0,,gerald.pointner@liwest.at ; schilift@epnet.at ; thomas.janko@epnet.at,showing_email_candidates,not_flagged,contact_pages,,,,,,valid=0; invalid=0; risky=0; unknown=0
12970,>30M,sirelo.at,no,,,,0,,,no_public_email_found,not_flagged,contact_pages,,,,,,valid=0; invalid=0; risky=0; unknown=0
12971,>30M,startupreport.at,yes,,,https://form.typeform.com/to/FkcNpfm9,0,,,no_public_email_found,not_flagged,contact_pages,,,,,,valid=0; invalid=0; risky=0; unknown=0
12972,>30M,teamtonninger.at,no,,,,0,,,no_public_email_found,not_flagged,contact_pages,,,,,,valid=0; invalid=0; risky=0; unknown=0
12973,>30M,u-sports.at,yes,,,https://embed.typeform.com/ ; https://probetraining.typeform.com/to/IHWlecPy,0,,info@u-sports.at,showing_email_candidates,not_flagged,contact_pages,info@u-sports.at,,,,info@u-sports.at,valid=0; invalid=0; risky=0; unknown=1
12974,>30M,wallak-consulting.at,no,,,,0,,,no_public_email_found,not_flagged,contact_pages,,,,,,valid=0; invalid=0; risky=0; unknown=0
12975,>30M,wieneralm.at,no,,,https://kesch.typeform.com/,0,,office@kesch.com ; theresa.kenyeri@kesch.com,showing_email_candidates,not_flagged,contact_pages,,,,,,valid=0; invalid=0; risky=0; unknown=0
12976,>30M,wilhelm-estrich.at,yes,,,,0,,wilhelm-estrich@aon.at,showing_email_candidates,not_flagged,contact_pages,,,,,,valid=0; invalid=0; risky=0; unknown=0
12977,>30M,123migrationagent.com.au,yes,,,https://form.typeform.com/to/RDIiVKIc,0,,contact@123migrationagent.com.au,showing_email_candidates,not_flagged,contact_pages,contact@123migrationagent.com.au,contact@123migrationagent.com.au,,,,valid=1; invalid=0; risky=0; unknown=0
12978,>30M,aceinsulationremoval.com.au,no,,,,0,,,no_public_email_found,not_flagged,contact_pages,,,,,,valid=0; invalid=0; risky=0; unknown=0
12979,>30M,alberthall.com.au,yes,,,https://cmag.typeform.com/to/azspjQz0,0,,,no_public_email_found,not_flagged,contact_pages,,,,,,valid=0; invalid=0; risky=0; unknown=0
12980,>30M,anboundcinda.com.au,yes,,,https://cecei.typeform.com/to/HotHAV ; https://embed.typeform.com/,0,,animate.css@3.5.2 ; enquiry@anboundcinda.com.au ; vue@2.5.16,showing_email_candidates,not_flagged,contact_pages,,,,,,valid=0; invalid=0; risky=0; unknown=0
12981,>30M,asianfiteyewear.com.au,yes,,,https://embed.typeform.com/ ; https://form.typeform.com/to/bhePZw ; https://plasticsyndrome.typeform.com/to/bhePZw,0,,,no_public_email_found,not_flagged,contact_pages,,,,,,valid=0; invalid=0; risky=0; unknown=0
12982,>30M,ballastpoint.com.au,yes,,,https://form.typeform.com/to/GPq5V8kF,0,,info@ballastpoint.com.au ; talktous@ballastpoint.com.au,showing_email_candidates,not_flagged,contact_pages,info@ballastpoint.com.au,,,,info@ballastpoint.com.au,valid=0; invalid=0; risky=0; unknown=1
12983,>30M,barnaclestudio.com.au,no,,,,0,,mignon@barnaclestudio.com.au ; morgen@barnaclestudio.com.au,showing_email_candidates,not_flagged,contact_pages,,,,,,valid=0; invalid=0; risky=0; unknown=0
12984,>30M,bluemountainco.com.au,no,,,,0,,,no_public_email_found,not_flagged,contact_pages,,,,,,valid=0; invalid=0; risky=0; unknown=0
12985,>30M,blusmooth.com.au,no,,,,0,,,no_public_email_found,not_flagged,contact_pages,,,,,,valid=0; invalid=0; risky=0; unknown=0
12986,>30M,brothernature.net.au,yes,,,https://form.typeform.com/to/csok3wQh,0,,hello@brothernature.net.au,showing_email_candidates,not_flagged,contact_pages,hello@brothernature.net.au,hello@brothernature.net.au,,,,valid=1; invalid=0; risky=0; unknown=0
12987,>30M,carpetcleaninginperthwa.com.au,yes,,,,0,,,no_public_email_found,not_flagged,contact_pages,,,,,,valid=0; invalid=0; risky=0; unknown=0
12988,>30M,childcarefinder.gov.au,no,,,,0,,,no_public_email_found,not_flagged,contact_pages,,,,,,valid=0; invalid=0; risky=0; unknown=0
12989,>30M,citiscape.com.au,no,,,,0,,legal@email.com ; sales@citiscape.com.au,showing_email_candidates,not_flagged,contact_pages,sales@citiscape.com.au,,,,sales@citiscape.com.au,valid=0; invalid=0; risky=0; unknown=1
12990,>30M,coinpay.com.au,yes,,,,0,,,no_public_email_found,not_flagged,contact_pages,,,,,,valid=0; invalid=0; risky=0; unknown=0
12991,>30M,concreteexposedaggregateperth.com.au,no,,,,0,,,no_public_email_found,not_flagged,contact_pages,,,,,,valid=0; invalid=0; risky=0; unknown=0
12992,>30M,countsedge.com.au,yes,,,,0,,,no_public_email_found,not_flagged,contact_pages,,,,,,valid=0; invalid=0; risky=0; unknown=0
12993,>30M,davidseamans.com.au,no,,,,0,,,no_public_email_found,not_flagged,contact_pages,,,,,,valid=0; invalid=0; risky=0; unknown=0
12994,>30M,deckedoutfab.com.au,no,,,https://embed.typeform.com/ ; https://form.typeform.com/to/a7COakgz,0,,sales@deckedoutfab.com.au,showing_email_candidates,not_flagged,contact_pages,sales@deckedoutfab.com.au,,,,sales@deckedoutfab.com.au,valid=0; invalid=0; risky=0; unknown=1
12995,>30M,drfloors.com.au,yes,,,https://ask-question.typeform.com/to/F88iD5aP,0,,,no_public_email_found,not_flagged,contact_pages,,,,,,valid=0; invalid=0; risky=0; unknown=0
12996,>30M,elitepetsitting.com.au,yes,,,https://jewells1.typeform.com/to/PLIgmf,0,,,no_public_email_found,not_flagged,contact_pages,,,,,,valid=0; invalid=0; risky=0; unknown=0
12997,>30M,enginescout.com.au,yes,,,https://embed.typeform.com/ ; https://form.typeform.com/to/y5KTV0yd,0,,,no_public_email_found,not_flagged,contact_pages,,,,,,valid=0; invalid=0; risky=0; unknown=0
12998,>30M,event-eftpos.com.au,no,,,,0,,,no_public_email_found,not_flagged,contact_pages,,,,,,valid=0; invalid=0; risky=0; unknown=0
12999,>30M,felthampropertygroup.com.au,no,,,,0,,,no_public_email_found,not_flagged,contact_pages,,,,,,valid=0; invalid=0; risky=0; unknown=0
13000,>30M,firstclassinsurance.com.au,yes,,,https://4j22in1onvt.typeform.com/to/Qzxpda2O,0,,contact@firstclassinsurance.com.au,showing_email_candidates,not_flagged,contact_pages,contact@firstclassinsurance.com.au,contact@firstclassinsurance.com.au,,,,valid=1; invalid=0; risky=0; unknown=0
13001,>30M,golfbusinessaustralia.com.au,yes,,,https://gba5.typeform.com/to/lJ3MWp ; https://gba5.typeform.com/to/YNrLVn ; https://public-assets.typeform.com/,0,,help@golf.com.au ; info@golfbusinessaustralia.com.au ; u003cinfo@golfbusinessaustralia.com.au ; u003cinfo@payasyougolf.com.au ; u003cterry@epar.com.au,showing_email_candidates,not_flagged,contact_pages,info@golfbusinessaustralia.com.au,,,,info@golfbusinessaustralia.com.au,valid=0; invalid=0; risky=0; unknown=1
13002,>30M,gonovated.com.au,yes,,,,0,,,no_public_email_found,not_flagged,contact_pages,,,,,,valid=0; invalid=0; risky=0; unknown=0
13003,>30M,gpps.org.au,yes,,,https://embed.typeform.com/ ; https://form.typeform.com/to/utfhrsRx,0,,hello@gpps.org.au ; president@gpps.org.au,showing_email_candidates,not_flagged,contact_pages,hello@gpps.org.au,hello@gpps.org.au,,,,valid=1; invalid=0; risky=0; unknown=0
13004,>30M,gregorychairs.com.au,no,,,,0,,,no_public_email_found,not_flagged,contact_pages,,,,,,valid=0; invalid=0; risky=0; unknown=0
13005,>30M,growthfunnels.com.au,no,,,,0,,hayaat@growthfunnels.com.au,showing_email_candidates,not_flagged,contact_pages,,,,,,valid=0; invalid=0; risky=0; unknown=0
13006,>30M,gtqs.com.au,yes,,,,0,,,no_public_email_found,not_flagged,contact_pages,,,,,,valid=0; invalid=0; risky=0; unknown=0
13007,>30M,industrychairs.com.au,no,,,,0,,,no_public_email_found,not_flagged,contact_pages,,,,,,valid=0; invalid=0; risky=0; unknown=0
13008,>30M,ivyandfinch.com.au,no,,,,0,,,no_public_email_found,not_flagged,contact_pages,,,,,,valid=0; invalid=0; risky=0; unknown=0
13009,>30M,jbleadlights.com.au,no,,,https://embed.typeform.com/,0,,footer-dsc01685@2x.jpg ; footer-dsc02171@2x.jpg ; footer-dsc02274@2x.jpg ; footer-dscn0883@2x.jpg ; header-1262688_241211106026369_873555823_o@2x.jpg ; info@jbleadlights.com.au,showing_email_candidates,not_flagged,contact_pages,info@jbleadlights.com.au,,,,info@jbleadlights.com.au,valid=0; invalid=0; risky=0; unknown=1
13010,>30M,kablex.com.au,yes,,,https://embed.typeform.com/ ; https://form.typeform.com/to/vI0qQhKb,0,,,no_public_email_found,not_flagged,contact_pages,,,,,,valid=0; invalid=0; risky=0; unknown=0
13011,>30M,learnershub.com.au,no,,,,0,,learnershubstudy@gmail.com,showing_email_candidates,not_flagged,contact_pages,,,,,,valid=0; invalid=0; risky=0; unknown=0
13012,>30M,linkedtogether.com.au,yes,,,https://m8kh2f6s0j9.typeform.com/to/euk2YUOo ; https://m8kh2f6s0j9.typeform.com/to/WlWrxJ11 ; https://m8kh2f6s0j9.typeform.com/to/xbYKISQH,0,,linc.barnes@gmail.com,showing_email_candidates,not_flagged,contact_pages,,,,,,valid=0; invalid=0; risky=0; unknown=0
13013,>30M,maappliances.com.au,yes,,,https://caffeinate.typeform.com/to/OvcAha ; https://embed.typeform.com/,0,,service@maappliances.com.au,showing_email_candidates,not_flagged,contact_pages,service@maappliances.com.au,,,,service@maappliances.com.au,valid=0; invalid=0; risky=0; unknown=1
13014,>30M,mcwfamily.com.au,yes,,,,0,,,no_public_email_found,not_flagged,contact_pages,,,,,,valid=0; invalid=0; risky=0; unknown=0
13015,>30M,mindfulrisk.com.au,no,,,https://embed.typeform.com/ ; https://images.typeform.com/,0,,bronwyn@mindfulrisk.com.au,showing_email_candidates,not_flagged,contact_pages,,,,,,valid=0; invalid=0; risky=0; unknown=0
13016,>30M,minkhome.com.au,yes,,,https://nick631.typeform.com/to/AJREsj,0,,deb@minkhome.com.au,showing_email_candidates,not_flagged,contact_pages,,,,,,valid=0; invalid=0; risky=0; unknown=0
13017,>30M,mobilecarmechanicperthwa.com.au,yes,,,https://alexwilcox.typeform.com/to/S5mxKG2y ; https://alexwilcox.typeform.com/to/yBUF0fY4 ; https://embed.typeform.com/ ; https://form.typeform.com/to/S5mxKG2y ; https://form.typeform.com/to/yBUF0fY4,0,,mobilecarmechanicperthwa@gmail.com,showing_email_candidates,not_flagged,contact_pages,,,,,,valid=0; invalid=0; risky=0; unknown=0
13018,>30M,myriverhills.com.au,no,,,,0,,riverhills@rpmgrp.com.au,showing_email_candidates,not_flagged,contact_pages,,,,,,valid=0; invalid=0; risky=0; unknown=0
13019,>30M,nightowlmedia.com.au,yes,,,https://admin.typeform.com/ ; https://embed.typeform.com/ ; https://oddity.typeform.com/to/vymtWP,0,,hello@nightowlmedia.com.au,showing_email_candidates,not_flagged,contact_pages,hello@nightowlmedia.com.au,hello@nightowlmedia.com.au,,,,valid=1; invalid=0; risky=0; unknown=0
13020,>30M,ninwehengineering.com.au,no,,,,0,,humans@converisonflow.co,showing_email_candidates,not_flagged,contact_pages,,,,,,valid=0; invalid=0; risky=0; unknown=0
13021,>30M,oneroundentertainment.com.au,yes,,,https://form.typeform.com/to/FbMkO1P7,0,,info@oneroundentertainment.com.au,showing_email_candidates,not_flagged,contact_pages,info@oneroundentertainment.com.au,,,,info@oneroundentertainment.com.au,valid=0; invalid=0; risky=0; unknown=1
13022,>30M,pawpetdoorsperth.com.au,no,,,,0,,,no_public_email_found,not_flagged,contact_pages,,,,,,valid=0; invalid=0; risky=0; unknown=0
13023,>30M,personalchefperth.com.au,no,,,https://embed.typeform.com/,0,,jayson@personalchefperth.com.au,showing_email_candidates,not_flagged,contact_pages,,,,,,valid=0; invalid=0; risky=0; unknown=0
13024,>30M,perthwindowtintingwa.com.au,yes,,,https://embed.typeform.com/ ; https://form.typeform.com/to/tAohxqYN,0,,perthwindowtintingwa@yahoo.com,showing_email_candidates,not_flagged,contact_pages,,,,,,valid=0; invalid=0; risky=0; unknown=0
13025,>30M,propertytracks.com.au,yes,,,,0,,info@propertytracks.com.au,showing_email_candidates,not_flagged,contact_pages,info@propertytracks.com.au,,,,info@propertytracks.com.au,valid=0; invalid=0; risky=0; unknown=1
13026,>30M,prospecgroup.com.au,no,,,https://embed.typeform.com/,0,,office@prospecgroup.com.au,showing_email_candidates,not_flagged,contact_pages,office@prospecgroup.com.au,,,,office@prospecgroup.com.au,valid=0; invalid=0; risky=0; unknown=1
13027,>30M,renewyouforhealth.com.au,yes,,,,0,,,no_public_email_found,not_flagged,contact_pages,,,,,,valid=0; invalid=0; risky=0; unknown=0
13028,>30M,ryleyjc.com.au,yes,,,https://ask-question.typeform.com/to/whkpO2XJ,0,,create@ryleyjc.com.au ; returns@opals-australia.com.au,showing_email_candidates,not_flagged,contact_pages,,,,,,valid=0; invalid=0; risky=0; unknown=0
13029,>30M,sgmlegal.com.au,yes,,,,0,,,no_public_email_found,not_flagged,contact_pages,,,,,,valid=0; invalid=0; risky=0; unknown=0
13030,>30M,silverstoneedge.com.au,no,,,,0,,hello@silverstoneedge.com.au,showing_email_candidates,not_flagged,contact_pages,hello@silverstoneedge.com.au,hello@silverstoneedge.com.au,,,,valid=1; invalid=0; risky=0; unknown=0
13031,>30M,simonedavisnaturopath.com.au,yes,,,,0,,,no_public_email_found,not_flagged,contact_pages,,,,,,valid=0; invalid=0; risky=0; unknown=0
13032,>30M,soleheeled.com.au,yes,,,,0,,hello@soleheeled.com.au,showing_email_candidates,not_flagged,contact_pages,hello@soleheeled.com.au,hello@soleheeled.com.au,,,,valid=1; invalid=0; risky=0; unknown=0
13033,>30M,southernangels.com.au,no,,,,0,,,no_public_email_found,not_flagged,contact_pages,,,,,,valid=0; invalid=0; risky=0; unknown=0
13034,>30M,stardjhire.com.au,yes,,,,0,,service@stardjhire.com.au ; your@email.com,showing_email_candidates,not_flagged,contact_pages,service@stardjhire.com.au,,,,service@stardjhire.com.au,valid=0; invalid=0; risky=0; unknown=1
13035,>30M,stskin.com.au,yes,,,https://stskin.typeform.com/to/G1NL846L,0,,hello@stskin.com.au,showing_email_candidates,not_flagged,contact_pages,hello@stskin.com.au,hello@stskin.com.au,,,,valid=1; invalid=0; risky=0; unknown=0
13036,>30M,tactician.net.au,yes,,,https://form.typeform.com/to/Y02Zsw,0,,jen.lord@tactician.net.au ; julie@tactician.net.au ; luke@tactician.net.au ; madeleine@tactician.net.au ; nicole@tactician.net.au,showing_email_candidates,not_flagged,contact_pages,,,,,,valid=0; invalid=0; risky=0; unknown=0
13037,>30M,theageingsea.com.au,yes,,,https://form.typeform.com/to/jndk1BSG ; https://form.typeform.com/to/zgw2UigZ,0,,info@theageingsea.com.au,showing_email_candidates,not_flagged,contact_pages,info@theageingsea.com.au,,,,info@theageingsea.com.au,valid=0; invalid=0; risky=0; unknown=1
13038,>30M,thelivewellplayground.com.au,no,,,,0,,,no_public_email_found,not_flagged,contact_pages,,,,,,valid=0; invalid=0; risky=0; unknown=0
13039,>30M,theother23hours.com.au,yes,,,,0,,,no_public_email_found,not_flagged,contact_pages,,,,,,valid=0; invalid=0; risky=0; unknown=0
13040,>30M,thestudiocreative.com.au,no,,,,0,,cathy@thestudiocreative.com.au ; hello@thestudiocreative.com.au,showing_email_candidates,not_flagged,contact_pages,hello@thestudiocreative.com.au,hello@thestudiocreative.com.au,,,,valid=1; invalid=0; risky=0; unknown=0
13041,>30M,thewebsitebuilders.com.au,yes,,,https://embed.typeform.com/ ; https://form.typeform.com/to/HYlEKErE,0,,hello@thewebsitebuilders.com.au,showing_email_candidates,not_flagged,contact_pages,hello@thewebsitebuilders.com.au,hello@thewebsitebuilders.com.au,,,,valid=1; invalid=0; risky=0; unknown=0
13042,>30M,thirdspace.org.au,no,,,,0,,info@thirdspace.org.au,showing_email_candidates,not_flagged,contact_pages,info@thirdspace.org.au,,,,info@thirdspace.org.au,valid=0; invalid=0; risky=0; unknown=1
13043,>30M,tradiehomeloans.com.au,no,,,,0,,,no_public_email_found,not_flagged,contact_pages,,,,,,valid=0; invalid=0; risky=0; unknown=0
13044,>30M,vaultlegal.com.au,yes,,,https://embed.typeform.com/ ; https://xo-au.typeform.com/to/rnLul4,0,,info@vaultlegal.com.au,showing_email_candidates,not_flagged,contact_pages,info@vaultlegal.com.au,,,,info@vaultlegal.com.au,valid=0; invalid=0; risky=0; unknown=1
13045,>30M,vtematters.com.au,no,,,,0,,,no_public_email_found,not_flagged,contact_pages,,,,,,valid=0; invalid=0; risky=0; unknown=0
13046,>30M,wollongongcityfunerals.com.au,no,,,https://embed.typeform.com/,0,,info@wollongongcityfunerals.com.au,showing_email_candidates,not_flagged,contact_pages,info@wollongongcityfunerals.com.au,,,,info@wollongongcityfunerals.com.au,valid=0; invalid=0; risky=0; unknown=1
13047,>30M,yellowsunday.com.au,yes,,,https://admin.typeform.com/ ; https://amy362724.typeform.com/to/CQxon1 ; https://embed.typeform.com/,0,,hello@yellowsunday.com.au,showing_email_candidates,not_flagged,contact_pages,hello@yellowsunday.com.au,hello@yellowsunday.com.au,,,,valid=1; invalid=0; risky=0; unknown=0
13048,>30M,youtax.com.au,yes,,,,0,,,no_public_email_found,not_flagged,contact_pages,,,,,,valid=0; invalid=0; risky=0; unknown=0
13049,>30M,airco-plaatsen.be,no,,,,0,,info@airco-plaatsen.be,showing_email_candidates,not_flagged,contact_pages,info@airco-plaatsen.be,info@airco-plaatsen.be,,,,valid=1; invalid=0; risky=0; unknown=0
13050,>30M,ekkotik.be,yes,,,https://form.typeform.com/to/NCU2faGk,0,,contact@ekkotik.be,showing_email_candidates,not_flagged,contact_pages,contact@ekkotik.be,contact@ekkotik.be,,,,valid=1; invalid=0; risky=0; unknown=0
13051,>30M,electricien24.be,no,,,,0,,info@electricien24.be,showing_email_candidates,not_flagged,contact_pages,info@electricien24.be,,,,info@electricien24.be,valid=0; invalid=0; risky=0; unknown=1
13052,>30M,enseignement.catholique.be,no,,,,0,,arnaud.michel@segec.be ; segec@segec.be,showing_email_candidates,not_flagged,contact_pages,,,,,,valid=0; invalid=0; risky=0; unknown=0
13053,>30M,epfsprl.be,no,,,,0,,,no_public_email_found,not_flagged,contact_pages,,,,,,valid=0; invalid=0; risky=0; unknown=0
13054,>30M,getupstandup.be,no,,,,0,,rachid@nuffsaid.be,showing_email_candidates,not_flagged,contact_pages,,,,,,valid=0; invalid=0; risky=0; unknown=0
13055,>30M,lawria.be,yes,,,https://embed.typeform.com/ ; https://form.typeform.com/to/R0QbhQzn,0,,ml@lawria.be,showing_email_candidates,not_flagged,contact_pages,,,,,,valid=0; invalid=0; risky=0; unknown=0
13056,>30M,lhub-ulb.be,no,,,,0,,achat@lhub-ulb.be ; anne.janssenbennynck@lhub-ulb.be ; communication@lhub-ulb.be ; comptabilite@lhub-ulb.be ; e-maillhub-sec-amb@lhub-ulb.be ; ibc.facturation@hubruxelles.be ; leaflet@1.5.1 ; lhub-sec-amb@lhub-ulb.be ; olivier.denis@lhub-ulb.be ; qualite@lhub-ulb.be ; rh@lhub-ulb.be ; secretariatph@lhub-ulb.be,showing_email_candidates,not_flagged,contact_pages,,,,,,valid=0; invalid=0; risky=0; unknown=0
13057,>30M,madesko.be,yes,,,,0,,info@madesko.be,showing_email_candidates,not_flagged,contact_pages,info@madesko.be,,,,info@madesko.be,valid=0; invalid=0; risky=0; unknown=1
13058,>30M,paquay.be,yes,,,https://f7jecx6r9fp.typeform.com/to/n1RFsyNw,0,,go@lunivers.lu ; info@paquay.be ; jane.doe@example.com,showing_email_candidates,not_flagged,contact_pages,info@paquay.be,,,,info@paquay.be,valid=0; invalid=0; risky=0; unknown=1
13059,>30M,proma.be,yes,,,https://nrlz1tfq096.typeform.com/to/ISEQtd4B,0,,info@proma.be,showing_email_candidates,not_flagged,contact_pages,info@proma.be,,,,info@proma.be,valid=0; invalid=0; risky=0; unknown=1
13060,>30M,programmaticsummit.be,no,,,,0,,,no_public_email_found,not_flagged,contact_pages,,,,,,valid=0; invalid=0; risky=0; unknown=0
13061,>30M,solya.be,no,,,,0,,contact@solya.be,showing_email_candidates,not_flagged,contact_pages,contact@solya.be,contact@solya.be,,,,valid=1; invalid=0; risky=0; unknown=0
13062,>30M,spaverhuring.be,no,,,https://embed.typeform.com/,0,,,no_public_email_found,not_flagged,contact_pages,,,,,,valid=0; invalid=0; risky=0; unknown=0
13063,>30M,think-ahead.be,no,,,,0,,,no_public_email_found,not_flagged,contact_pages,,,,,,valid=0; invalid=0; risky=0; unknown=0
13064,>30M,valiconstruct.be,no,,,,0,,email@example.be ; info@valiconstruct.be ; jean.dupont@email.be,showing_email_candidates,not_flagged,contact_pages,info@valiconstruct.be,,,,info@valiconstruct.be,valid=0; invalid=0; risky=0; unknown=1
13065,>30M,vdlkti.be,no,,,,0,,info@vdlkti.be,showing_email_candidates,not_flagged,contact_pages,info@vdlkti.be,,,,info@vdlkti.be,valid=0; invalid=0; risky=0; unknown=1
13066,>30M,verhuizingenbijnens.be,yes,,,,0,,,no_public_email_found,not_flagged,contact_pages,,,,,,valid=0; invalid=0; risky=0; unknown=0
13067,>30M,yego.be,no,,,,0,,info@yego.be ; middel-1@5x-1024x351.png ; middel-1@5x-300x103.png ; middel-1@5x-768x263.png ; middel-1@5x.png ; middel-2@8x-150x150.png ; middel-2@8x-300x300.png,showing_email_candidates,not_flagged,contact_pages,info@yego.be,,,,info@yego.be,valid=0; invalid=0; risky=0; unknown=1
13068,>30M,lawfirm.bg,no,,,,0,,reception.sofia@lawfirm.bg ; reception.varna@lawfirm.bg,showing_email_candidates,not_flagged,contact_pages,,,,,,valid=0; invalid=0; risky=0; unknown=0
13069,>30M,addorno.com.br,no,,,https://uh6r2llql7h.typeform.com/,0,,contato@andradesampaio.adv.br,showing_email_candidates,not_flagged,contact_pages,,,,,,valid=0; invalid=0; risky=0; unknown=0
13070,>30M,agenciakimera.com.br,no,,,,0,,,no_public_email_found,not_flagged,contact_pages,,,,,,valid=0; invalid=0; risky=0; unknown=0
13071,>30M,alopar.com.br,no,,,,0,,contato@alopar.com.br,showing_email_candidates,not_flagged,contact_pages,,,,,,valid=0; invalid=0; risky=0; unknown=0
13072,>30M,anaeguilherme.com.br,no,,,,0,,,no_public_email_found,not_flagged,contact_pages,,,,,,valid=0; invalid=0; risky=0; unknown=0
13073,>30M,apqc.org.br,yes,,,https://galata.typeform.com/to/g2ScjzqF,0,,secretaria@apqc.org.br,showing_email_candidates,not_flagged,contact_pages,,,,,,valid=0; invalid=0; risky=0; unknown=0
13074,>30M,aprioricontabil.com.br,no,,,,0,,apriori@aprioricontabil.com.br,showing_email_candidates,not_flagged,contact_pages,,,,,,valid=0; invalid=0; risky=0; unknown=0
13075,>30M,artenafoto.com.br,no,,,,0,,,no_public_email_found,not_flagged,contact_pages,,,,,,valid=0; invalid=0; risky=0; unknown=0
13076,>30M,atlanticbridge.com.br,yes,,,https://atlanticbridge.typeform.com/to/OPgpetjG,0,,,no_public_email_found,not_flagged,contact_pages,,,,,,valid=0; invalid=0; risky=0; unknown=0
13077,>30M,bocadosparafusos.com.br,no,,,https://embed.typeform.com/,0,,contato@bocadosparafusos.com.br,showing_email_candidates,not_flagged,contact_pages,,,,,,valid=0; invalid=0; risky=0; unknown=0
13078,>30M,brunaejoaopaulo.com.br,no,,,,0,,,no_public_email_found,not_flagged,contact_pages,,,,,,valid=0; invalid=0; risky=0; unknown=0
13079,>30M,brunaefilipe.com.br,no,,,https://embed.typeform.com/,0,,,no_public_email_found,not_flagged,contact_pages,,,,,,valid=0; invalid=0; risky=0; unknown=0
13080,>30M,canopusquimica.com.br,yes,,,https://galata.typeform.com/to/VDvC6ZNS,0,,,no_public_email_found,not_flagged,contact_pages,,,,,,valid=0; invalid=0; risky=0; unknown=0
13081,>30M,caroleleandro.com.br,no,,,,0,,,no_public_email_found,not_flagged,contact_pages,,,,,,valid=0; invalid=0; risky=0; unknown=0
13082,>30M,carvalhopropaganda.com.br,yes,,,https://form.typeform.com/to/fn7uRxrr,0,,,no_public_email_found,not_flagged,contact_pages,,,,,,valid=0; invalid=0; risky=0; unknown=0
13083,>30M,choppfacil.com.br,no,,,,0,,,no_public_email_found,not_flagged,contact_pages,,,,,,valid=0; invalid=0; risky=0; unknown=0
13084,>30M,construtoraperini.com.br,no,,,,0,,contato@construtoraperini.com.br,showing_email_candidates,not_flagged,contact_pages,,,,,,valid=0; invalid=0; risky=0; unknown=0
13085,>30M,contabilexpressao.com.br,yes,,,https://form.typeform.com/to/eAhd9Yaj,0,,comercial@contabilexpressao.com.br,showing_email_candidates,not_flagged,contact_pages,,,,,,valid=0; invalid=0; risky=0; unknown=0
13086,>30M,creditointeligente.com.br,yes,,,,0,,,no_public_email_found,not_flagged,contact_pages,,,,,,valid=0; invalid=0; risky=0; unknown=0
13087,>30M,dommascavo.com.br,no,,,,0,,vendas@dommascavo.com.br,showing_email_candidates,not_flagged,contact_pages,,,,,,valid=0; invalid=0; risky=0; unknown=0
13088,>30M,drvmm.com.br,yes,,,,0,,,no_public_email_found,not_flagged,contact_pages,,,,,,valid=0; invalid=0; risky=0; unknown=0
13089,>30M,eicasadagente.com.br,yes,,,https://eicasadagente.typeform.com/to/vyQQFZ,0,,,no_public_email_found,not_flagged,contact_pages,,,,,,valid=0; invalid=0; risky=0; unknown=0
13090,>30M,fabianoejuliana.com.br,no,,,,0,,,no_public_email_found,not_flagged,contact_pages,,,,,,valid=0; invalid=0; risky=0; unknown=0
13091,>30M,familiacorrea.com.br,no,,,,0,,,no_public_email_found,not_flagged,contact_pages,,,,,,valid=0; invalid=0; risky=0; unknown=0
13092,>30M,gabrielaerafael.com.br,no,,,,0,,,no_public_email_found,not_flagged,contact_pages,,,,,,valid=0; invalid=0; risky=0; unknown=0
13093,>30M,genesis.inf.br,yes,,,https://embed.typeform.com/ ; https://genesis77.typeform.com/to/p0fiFN,0,,giu@genesis.inf.br ; mauro@genesis.inf.br ; nikolaslorencini@gmail.com,showing_email_candidates,not_flagged,contact_pages,,,,,,valid=0; invalid=0; risky=0; unknown=0
13094,>30M,heloisaeandre.com.br,no,,,,0,,,no_public_email_found,not_flagged,contact_pages,,,,,,valid=0; invalid=0; risky=0; unknown=0
13095,>30M,hermanngreb.com.br,yes,,,https://hermanngreb.typeform.com/to/F35qra8C,0,,,no_public_email_found,not_flagged,contact_pages,,,,,,valid=0; invalid=0; risky=0; unknown=0
13096,>30M,jessicaeleonardo.com.br,no,,,,0,,,no_public_email_found,not_flagged,contact_pages,,,,,,valid=0; invalid=0; risky=0; unknown=0
13097,>30M,juerafa.com.br,no,,,,0,,,no_public_email_found,not_flagged,contact_pages,,,,,,valid=0; invalid=0; risky=0; unknown=0
13098,>30M,lilianbruno.com.br,no,,,,0,,,no_public_email_found,not_flagged,contact_pages,,,,,,valid=0; invalid=0; risky=0; unknown=0
13099,>30M,luanaeeduardo.com.br,no,,,,0,,,no_public_email_found,not_flagged,contact_pages,,,,,,valid=0; invalid=0; risky=0; unknown=0
13100,>30M,marceloenatalia.com.br,no,,,,0,,,no_public_email_found,not_flagged,contact_pages,,,,,,valid=0; invalid=0; risky=0; unknown=0
13101,>30M,marianaejoao.com.br,no,,,,0,,,no_public_email_found,not_flagged,contact_pages,,,,,,valid=0; invalid=0; risky=0; unknown=0
13102,>30M,mauromoura.com.br,yes,,,https://mauro184.typeform.com/to/TM92wvsh,0,,contato@mauromoura.com.br,showing_email_candidates,not_flagged,contact_pages,,,,,,valid=0; invalid=0; risky=0; unknown=0
13103,>30M,maurodbiazzi.com.br,no,,,,0,,,no_public_email_found,not_flagged,contact_pages,,,,,,valid=0; invalid=0; risky=0; unknown=0
13104,>30M,mayaraealex.com.br,no,,,,0,,,no_public_email_found,not_flagged,contact_pages,,,,,,valid=0; invalid=0; risky=0; unknown=0
13105,>30M,mouselabs.com.br,yes,,,,0,,,no_public_email_found,not_flagged,contact_pages,,,,,,valid=0; invalid=0; risky=0; unknown=0
13106,>30M,patriciaecaio.com.br,no,,,,0,,,no_public_email_found,not_flagged,contact_pages,,,,,,valid=0; invalid=0; risky=0; unknown=0
13107,>30M,peses.com.br,yes,,,https://aprender.typeform.com/to/UYcktn ; https://embed.typeform.com/ ; https://form.typeform.com/to/UYcktn,0,,,no_public_email_found,not_flagged,contact_pages,,,,,,valid=0; invalid=0; risky=0; unknown=0
13108,>30M,plasticosjuquitiba.com.br,yes,,,https://plasticosjuquitibaoficial.typeform.com/to/rMLgnI,0,,vendas@plasticosjuquitba.com.br ; vendas@plasticosjuquitiba.com.br,showing_email_candidates,not_flagged,contact_pages,,,,,,valid=0; invalid=0; risky=0; unknown=0
13109,>30M,portal.ibeu.org.br,no,,,,0,,,no_public_email_found,not_flagged,contact_pages,,,,,,valid=0; invalid=0; risky=0; unknown=0
13110,>30M,proservengenharia.com.br,no,,,,0,,proserv@proservengenharia.com.br,showing_email_candidates,not_flagged,contact_pages,,,,,,valid=0; invalid=0; risky=0; unknown=0
13111,>30M,rafaebelle.com.br,no,,,,0,,,no_public_email_found,not_flagged,contact_pages,,,,,,valid=0; invalid=0; risky=0; unknown=0
13112,>30M,royalquality.ind.br,no,,,,0,,,no_public_email_found,not_flagged,contact_pages,,,,,,valid=0; invalid=0; risky=0; unknown=0
13113,>30M,rubiaegabriel.com.br,no,,,,0,,,no_public_email_found,not_flagged,contact_pages,,,,,,valid=0; invalid=0; risky=0; unknown=0
13114,>30M,santillicomunicacao.com.br,yes,,,https://embed.typeform.com/ ; https://santillicomunicacao.typeform.com/to/G4LuBQ,0,,contato@santilli.com.br,showing_email_candidates,not_flagged,contact_pages,,,,,,valid=0; invalid=0; risky=0; unknown=0
13115,>30M,scuderiagwr.com.br,no,,,,0,,atendimento@scuderiagwr.com.br,showing_email_candidates,not_flagged,contact_pages,,,,,,valid=0; invalid=0; risky=0; unknown=0
13116,>30M,sincronizaeducacao.com.br,yes,,,https://sincronizaeducacao.typeform.com/to/EuBuM5p3,0,,,no_public_email_found,not_flagged,contact_pages,,,,,,valid=0; invalid=0; risky=0; unknown=0
13117,>30M,soriancortinas.com.br,no,,,,0,,contato@soriancortinas.com.br,showing_email_candidates,not_flagged,contact_pages,,,,,,valid=0; invalid=0; risky=0; unknown=0
13118,>30M,sucoebagaco.com.br,yes,,,https://opinioes.typeform.com/to/HKqWYO,0,,,no_public_email_found,not_flagged,contact_pages,,,,,,valid=0; invalid=0; risky=0; unknown=0
13119,>30M,tamireselucas.com.br,no,,,,0,,,no_public_email_found,not_flagged,contact_pages,,,,,,valid=0; invalid=0; risky=0; unknown=0
13120,>30M,thaisejoao.com.br,no,,,https://embed.typeform.com/,0,,,no_public_email_found,not_flagged,contact_pages,,,,,,valid=0; invalid=0; risky=0; unknown=0
13121,>30M,thiagoeana.com.br,no,,,,0,,,no_public_email_found,not_flagged,contact_pages,,,,,,valid=0; invalid=0; risky=0; unknown=0
13122,>30M,traders.com.br,no,,,https://tradersclub.typeform.com/,0,,atendimento@traders.com.br ; lenis@1.3.4,showing_email_candidates,not_flagged,contact_pages,,,,,,valid=0; invalid=0; risky=0; unknown=0
13123,>30M,uca.alterdata.com.br,no,,,,0,,animate.css@3.5.2 ; bootstrap-datepicker@1.8.0 ; bootstrap-multiselect@0.9.13 ; bootstrap-select@1.13.10 ; bootstrap@4.1.1 ; datatables.net@1.10.19 ; ekko-lightbox@5.3.0 ; flexboxgrid@6.3.1 ; fullcalendar@3.9.0 ; gijgo@1.9.11 ; jquery-mask-plugin@1.14.15 ; jquery@3.4.1 ; lottie-player@2.0.12 ; moment@2.30.1 ; popper.js@1.14.3 ; slim-select@1.26.0,showing_email_candidates,not_flagged,contact_pages,,,,,,valid=0; invalid=0; risky=0; unknown=0
13124,>30M,vanessaelucas.com.br,no,,,,0,,,no_public_email_found,not_flagged,contact_pages,,,,,,valid=0; invalid=0; risky=0; unknown=0
13125,>30M,versatoengenharia.com.br,no,,,,0,,contato@versatoengenharia.com.br ; seu@email.com,showing_email_candidates,not_flagged,contact_pages,,,,,,valid=0; invalid=0; risky=0; unknown=0
13126,>30M,websitebaratovitoria.com.br,no,,,,0,,info@desenhowebvitoria.com.br,showing_email_candidates,not_flagged,contact_pages,,,,,,valid=0; invalid=0; risky=0; unknown=0
13127,>30M,xpnet.com.br,yes,,,https://qiyh2c8stcl.typeform.com/to/PHoEmaSz,0,,andre.garcia73@gmail.com,showing_email_candidates,not_flagged,contact_pages,,,,,,valid=0; invalid=0; risky=0; unknown=0
13128,>30M,yearbook.by,yes,,,https://bilaassociation.typeform.com/to/HjBOeM ; https://bilaassociation.typeform.com/to/I6wObf,0,,contact@bila.by ; vasili.pavlov@bila.by,showing_email_candidates,not_flagged,contact_pages,,,,,,valid=0; invalid=0; risky=0; unknown=0
13129,>30M,antaresinvestment.ca,yes,,,https://bcvassetmanagement.typeform.com/to/CeRYmjIP,0,,,no_public_email_found,not_flagged,contact_pages,,,,,,valid=0; invalid=0; risky=0; unknown=0
13130,>30M,calgaryacro.ca,yes,,,https://form.typeform.com/to/CsUclMZJ,0,,info@calgaryacro.ca ; registration@calgaryacro.ca,showing_email_candidates,not_flagged,contact_pages,info@calgaryacro.ca,,,,info@calgaryacro.ca,valid=0; invalid=0; risky=0; unknown=1
13131,>30M,capillus.ca,no,,,,0,,info@novera.ca ; support@starapps.studio,showing_email_candidates,not_flagged,contact_pages,,,,,,valid=0; invalid=0; risky=0; unknown=0
13132,>30M,competitive-roofing.ca,yes,,,,0,,,no_public_email_found,not_flagged,contact_pages,,,,,,valid=0; invalid=0; risky=0; unknown=0
13133,>30M,danielforte.ca,no,,,,0,,,no_public_email_found,not_flagged,contact_pages,,,,,,valid=0; invalid=0; risky=0; unknown=0
13134,>30M,dundasdental.ca,yes,,,https://embed.typeform.com/ ; https://revupgroup.typeform.com/to/eTbFtLsz,0,,frontdesk@dundasdental.ca,showing_email_candidates,not_flagged,contact_pages,,,,,,valid=0; invalid=0; risky=0; unknown=0
13135,>30M,enablecommunity.ca,yes,,,https://enable.typeform.com/to/BDzAo3 ; https://enable.typeform.com/to/c6wRPZ,0,,info@enablecommunity.ca,showing_email_candidates,not_flagged,contact_pages,info@enablecommunity.ca,,,,info@enablecommunity.ca,valid=0; invalid=0; risky=0; unknown=1
13136,>30M,formatto.ca,no,,,,0,,,no_public_email_found,not_flagged,contact_pages,,,,,,valid=0; invalid=0; risky=0; unknown=0
13137,>30M,gascityslowpitch.ca,yes,,,https://form.typeform.com/to/oT2uY7AO,0,,alicia_1707@homail.com ; fancybox@3.5.7 ; gascityslowpitch@gmail.com ; hatter75@hotmail.com ; hughastewart86@gmail.com ; kaydenhleucka@gmail.com ; lindenklein3@gmail.com ; mariahczember@icloud.com ; maverick.73@outlook.com ; scottanthonyharris@yahoo.ca ; select2@4.1.0-rc.0 ; seninimike@gmail.com ; ttrailih@gmail.com,showing_email_candidates,not_flagged,contact_pages,,,,,,valid=0; invalid=0; risky=0; unknown=0
13138,>30M,institutig.ca,yes,,,,0,,,no_public_email_found,not_flagged,contact_pages,,,,,,valid=0; invalid=0; risky=0; unknown=0
13139,>30M,launchandprosper.ca,yes,,,https://form.typeform.com/to/bclF1mV2 ; https://form.typeform.com/to/f5obK5qc,0,,hello@launchandprosper.ca,showing_email_candidates,not_flagged,contact_pages,hello@launchandprosper.ca,hello@launchandprosper.ca,,,,valid=1; invalid=0; risky=0; unknown=0
13140,>30M,monin.ca,yes,,,https://vw6sffeouum.typeform.com/to/fjmgxdmk,0,,support@monin.ca,showing_email_candidates,not_flagged,contact_pages,support@monin.ca,,,,support@monin.ca,valid=0; invalid=0; risky=0; unknown=1
13141,>30M,myleasidedentist.ca,yes,,,https://embed.typeform.com/ ; https://revupgroup.typeform.com/to/lf3vsyRR,0,,info@myleasidedentist.com,showing_email_candidates,not_flagged,contact_pages,,,,,,valid=0; invalid=0; risky=0; unknown=0
13142,>30M,neodental.ca,yes,,,https://form.typeform.com/to/s9VstBDG,0,,info@neodental.ca,showing_email_candidates,not_flagged,contact_pages,info@neodental.ca,,,,info@neodental.ca,valid=0; invalid=0; risky=0; unknown=1
13143,>30M,oacac.on.ca,no,,,,0,,,no_public_email_found,not_flagged,contact_pages,,,,,,valid=0; invalid=0; risky=0; unknown=0
13144,>30M,oralis.ca,no,,,,0,,info@oralis.ca,showing_email_candidates,not_flagged,contact_pages,info@oralis.ca,,,,info@oralis.ca,valid=0; invalid=0; risky=0; unknown=1
13145,>30M,sparkcares.ca,yes,,,,0,,,no_public_email_found,not_flagged,contact_pages,,,,,,valid=0; invalid=0; risky=0; unknown=0
13146,>30M,synapseslc.ca,yes,,,https://form.typeform.com/to/htTSmNjr,0,,,no_public_email_found,not_flagged,contact_pages,,,,,,valid=0; invalid=0; risky=0; unknown=0
13147,>30M,thehappinessgoddess.ca,yes,,,https://vita8.typeform.com/to/CigsmT,0,,info@thehappinessgoddess.ca,showing_email_candidates,not_flagged,contact_pages,info@thehappinessgoddess.ca,,,,info@thehappinessgoddess.ca,valid=0; invalid=0; risky=0; unknown=1
13148,>30M,thestoryco.ca,yes,,,https://janetlee3.typeform.com/to/ei57lw5r,0,,janet@thestoryco.ca ; storylogo@2x.png ; storyschoollogo@2x.png ; subscribe2@2x.png ; theblog@2x.png,showing_email_candidates,not_flagged,contact_pages,,,,,,valid=0; invalid=0; risky=0; unknown=0
13149,>30M,addmail.ch,no,,,,0,,,no_public_email_found,not_flagged,contact_pages,,,,,,valid=0; invalid=0; risky=0; unknown=0
13150,>30M,aesimpressions.ch,yes,,,https://qmshezl8ocv.typeform.com/to/RVP6Vrpe,0,,info@aesimpressions.ch,showing_email_candidates,not_flagged,contact_pages,info@aesimpressions.ch,,info@aesimpressions.ch,,,valid=0; invalid=1; risky=0; unknown=0
13151,>30M,agroscope.admin.ch,no,,,,0,,info@agroscope.admin.ch,showing_email_candidates,not_flagged,contact_pages,info@agroscope.admin.ch,info@agroscope.admin.ch,,,,valid=1; invalid=0; risky=0; unknown=0
13152,>30M,ar.admin.ch,no,,,,0,,info@ar.admin.ch,showing_email_candidates,not_flagged,contact_pages,info@ar.admin.ch,,,,info@ar.admin.ch,valid=0; invalid=0; risky=0; unknown=1
13153,>30M,are.admin.ch,no,,,,0,,,no_public_email_found,not_flagged,contact_pages,,,,,,valid=0; invalid=0; risky=0; unknown=0
13154,>30M,astra.admin.ch,no,,,,0,,webmaster@astra.admin.ch,showing_email_candidates,not_flagged,contact_pages,webmaster@astra.admin.ch,,,,webmaster@astra.admin.ch,valid=0; invalid=0; risky=0; unknown=1
13155,>30M,asylgesetz-ja.ch,no,,,,0,,,no_public_email_found,not_flagged,contact_pages,,,,,,valid=0; invalid=0; risky=0; unknown=0
13156,>30M,bag.admin.ch,no,,,,0,,,no_public_email_found,not_flagged,contact_pages,,,,,,valid=0; invalid=0; risky=0; unknown=0
13157,>30M,bakom.admin.ch,no,,,,0,,,no_public_email_found,not_flagged,contact_pages,,,,,,valid=0; invalid=0; risky=0; unknown=0
13158,>30M,bafu.admin.ch,no,,,,0,,info@bafu.admin.ch,showing_email_candidates,not_flagged,contact_pages,info@bafu.admin.ch,,,,info@bafu.admin.ch,valid=0; invalid=0; risky=0; unknown=1
13159,>30M,bak.admin.ch,no,,,,0,,66info@bak.admin.ch ; info@bak.admin.ch,showing_email_candidates,not_flagged,contact_pages,info@bak.admin.ch,,,,info@bak.admin.ch,valid=0; invalid=0; risky=0; unknown=1
13160,>30M,baspo.admin.ch,no,,,,0,,info@baspo.admin.ch,showing_email_candidates,not_flagged,contact_pages,info@baspo.admin.ch,,,,info@baspo.admin.ch,valid=0; invalid=0; risky=0; unknown=1
13161,>30M,bav.admin.ch,no,,,,0,,incidents@ncsc.ch ; info@bav.admin.ch,showing_email_candidates,not_flagged,contact_pages,info@bav.admin.ch,,,,info@bav.admin.ch,valid=0; invalid=0; risky=0; unknown=1
13162,>30M,bazl.admin.ch,no,,,,0,,,no_public_email_found,not_flagged,contact_pages,,,,,,valid=0; invalid=0; risky=0; unknown=0
13163,>30M,bbl.admin.ch,no,,,,0,,,no_public_email_found,not_flagged,contact_pages,,,,,,valid=0; invalid=0; risky=0; unknown=0
13164,>30M,bj.admin.ch,no,,,,0,,,no_public_email_found,not_flagged,contact_pages,,,,,,valid=0; invalid=0; risky=0; unknown=0
13165,>30M,bk.admin.ch,no,,,,0,,info@bk.admin.ch,showing_email_candidates,not_flagged,contact_pages,info@bk.admin.ch,,,,info@bk.admin.ch,valid=0; invalid=0; risky=0; unknown=1
13166,>30M,bit.admin.ch,no,,,,0,,info@bit.admin.ch,showing_email_candidates,not_flagged,contact_pages,info@bit.admin.ch,,,,info@bit.admin.ch,valid=0; invalid=0; risky=0; unknown=1
13167,>30M,blw.admin.ch,no,,,,0,,info@blw.admin.ch,showing_email_candidates,not_flagged,contact_pages,info@blw.admin.ch,,,,info@blw.admin.ch,valid=0; invalid=0; risky=0; unknown=1
13168,>30M,blv.admin.ch,no,,,,0,,info@blv.admin.ch,showing_email_candidates,not_flagged,contact_pages,info@blv.admin.ch,,,,info@blv.admin.ch,valid=0; invalid=0; risky=0; unknown=1
13169,>30M,bsv.admin.ch,no,,,,0,,webmaster@bsv.admin.ch,showing_email_candidates,not_flagged,contact_pages,webmaster@bsv.admin.ch,,,,webmaster@bsv.admin.ch,valid=0; invalid=0; risky=0; unknown=1
13170,>30M,bwl.admin.ch,no,,,,0,,info@bwl.admin.ch,showing_email_candidates,not_flagged,contact_pages,info@bwl.admin.ch,,,,info@bwl.admin.ch,valid=0; invalid=0; risky=0; unknown=1
13171,>30M,bwo.admin.ch,no,,,,0,,,no_public_email_found,not_flagged,contact_pages,,,,,,valid=0; invalid=0; risky=0; unknown=0
13172,>30M,cabvertising.ch,no,,,https://embed.typeform.com/,0,,bootstrap@5.3.0-alpha3 ; info@cabvertising.media,showing_email_candidates,not_flagged,contact_pages,,,,,,valid=0; invalid=0; risky=0; unknown=0
13173,>30M,comcom.admin.ch,no,,,,0,,comcom@comcom.admin.ch,showing_email_candidates,not_flagged,contact_pages,,,,,,valid=0; invalid=0; risky=0; unknown=0
13174,>30M,condis.ch,yes,,,https://d4k7hpi831d.typeform.com/to/N5HvESmM,0,,asiabackoffice@condis.ch ; condis@condis.ch,showing_email_candidates,not_flagged,contact_pages,,,,,,valid=0; invalid=0; risky=0; unknown=0
13175,>30M,craniobienne.ch,no,,,,0,,lou@craniobienne.ch,showing_email_candidates,not_flagged,contact_pages,,,,,,valid=0; invalid=0; risky=0; unknown=0
13176,>30M,doppeldoc.ch,yes,,,https://embed.typeform.com/ ; https://form.typeform.com/to/R2B9w2Ci,0,,hallo@doppeldoc.ch ; salome@doppeldoc.ch,showing_email_candidates,not_flagged,contact_pages,,,,,,valid=0; invalid=0; risky=0; unknown=0
13177,>30M,ebg.admin.ch,no,,,,0,,media@ebg.admin.ch,showing_email_candidates,not_flagged,contact_pages,media@ebg.admin.ch,,,,media@ebg.admin.ch,valid=0; invalid=0; risky=0; unknown=1
13178,>30M,edi.admin.ch,no,,,,0,,info@gs-edi.admin.ch ; media@gs-edi.admin.ch,showing_email_candidates,not_flagged,contact_pages,,,,,,valid=0; invalid=0; risky=0; unknown=0
13179,>30M,edoeb.admin.ch,no,,,,0,,,no_public_email_found,not_flagged,contact_pages,,,,,,valid=0; invalid=0; risky=0; unknown=0
13180,>30M,efd.admin.ch,no,,,,0,,,no_public_email_found,not_flagged,contact_pages,,,,,,valid=0; invalid=0; risky=0; unknown=0
13181,>30M,efv.admin.ch,no,,,,0,,info@efv.admin.ch ; media@efv.admin.ch,showing_email_candidates,not_flagged,contact_pages,info@efv.admin.ch ; media@efv.admin.ch,,,,info@efv.admin.ch ; media@efv.admin.ch,valid=0; invalid=0; risky=0; unknown=2
13182,>30M,ekm.admin.ch,no,,,,0,,,no_public_email_found,not_flagged,contact_pages,,,,,,valid=0; invalid=0; risky=0; unknown=0
13183,>30M,ejpd.admin.ch,no,,,,0,,info@gs-ejpd.admin.ch,showing_email_candidates,not_flagged,contact_pages,,,,,,valid=0; invalid=0; risky=0; unknown=0
13184,>30M,ekf.admin.ch,no,,,,0,,ekf@apg.admin.ch,showing_email_candidates,not_flagged,contact_pages,,,,,,valid=0; invalid=0; risky=0; unknown=0
13185,>30M,elektro-luechinger.ch,yes,,,,0,,,no_public_email_found,not_flagged,contact_pages,,,,,,valid=0; invalid=0; risky=0; unknown=0
13186,>30M,emoving.ch,yes,,,,0,,,no_public_email_found,not_flagged,contact_pages,,,,,,valid=0; invalid=0; risky=0; unknown=0
13187,>30M,epa.admin.ch,no,,,,0,,info@epa.admin.ch,showing_email_candidates,not_flagged,contact_pages,info@epa.admin.ch,,,,info@epa.admin.ch,valid=0; invalid=0; risky=0; unknown=1
13188,>30M,esbk.admin.ch,no,,,,0,,,no_public_email_found,not_flagged,contact_pages,,,,,,valid=0; invalid=0; risky=0; unknown=0
13189,>30M,estv.admin.ch,no,,,,0,,,no_public_email_found,not_flagged,contact_pages,,,,,,valid=0; invalid=0; risky=0; unknown=0
13190,>30M,fedpol.admin.ch,no,,,,0,,,no_public_email_found,not_flagged,contact_pages,,,,,,valid=0; invalid=0; risky=0; unknown=0
13191,>30M,geoinformation.ch,no,,,,0,,info@geoinformation.ch,showing_email_candidates,not_flagged,contact_pages,info@geoinformation.ch,,,,info@geoinformation.ch,valid=0; invalid=0; risky=0; unknown=1
13192,>30M,geo.admin.ch,no,,,,0,,info@geo.admin.ch,showing_email_candidates,not_flagged,contact_pages,info@geo.admin.ch,,,,info@geo.admin.ch,valid=0; invalid=0; risky=0; unknown=1
13193,>30M,ihr-baumeister.ch,no,,,,0,,,no_public_email_found,not_flagged,contact_pages,,,,,,valid=0; invalid=0; risky=0; unknown=0
13194,>30M,isc-ejpd.admin.ch,no,,,,0,,,no_public_email_found,not_flagged,contact_pages,,,,,,valid=0; invalid=0; risky=0; unknown=0
13195,>30M,ivs.admin.ch,no,,,,0,,,no_public_email_found,not_flagged,contact_pages,,,,,,valid=0; invalid=0; risky=0; unknown=0
13196,>30M,kelyan-swh.ch,yes,,,https://form.typeform.com/to/Uz7hWn9f ; https://form.typeform.com/to/W2qj9iUF,0,,info@kelyan-swh.ch,showing_email_candidates,not_flagged,contact_pages,info@kelyan-swh.ch,,,,info@kelyan-swh.ch,valid=0; invalid=0; risky=0; unknown=1
13197,>30M,midicartigny.ch,yes,,,https://embed.typeform.com/ ; https://midicartigny.typeform.com/to/q3U2MQ,0,,comite@midicartigny.ch ; facturation@midicartigny.ch ; midi.cartigny@gmail.com,showing_email_candidates,not_flagged,contact_pages,,,,,,valid=0; invalid=0; risky=0; unknown=0
13198,>30M,mirowittwer.ch,yes,,,https://form.typeform.com/to/BbBouoae,0,,info@mirowittwer.ch,showing_email_candidates,not_flagged,contact_pages,info@mirowittwer.ch,,,,info@mirowittwer.ch,valid=0; invalid=0; risky=0; unknown=1
13199,>30M,musikautomaten.ch,no,,,,0,,musikautomaten@bak.admin.ch ; nmusikautomaten@bak.admin.ch,showing_email_candidates,not_flagged,contact_pages,,,,,,valid=0; invalid=0; risky=0; unknown=0
13200,>30M,nasenpolypen.ch,no,,,,0,,,no_public_email_found,not_flagged,contact_pages,,,,,,valid=0; invalid=0; risky=0; unknown=0
13201,>30M,nb.admin.ch,no,,,,0,,info@nb.admin.ch ; kultur@nb.admin.ch,showing_email_candidates,not_flagged,contact_pages,info@nb.admin.ch,,,,info@nb.admin.ch,valid=0; invalid=0; risky=0; unknown=1
13202,>30M,news.admin.ch,no,,,,0,,,no_public_email_found,not_flagged,contact_pages,,,,,,valid=0; invalid=0; risky=0; unknown=0
13203,>30M,organilicious.ch,yes,,,https://form.typeform.com/to/iIQjLmPF,0,,danna@organilicious.ch,showing_email_candidates,not_flagged,contact_pages,,,,,,valid=0; invalid=0; risky=0; unknown=0
13204,>30M,pme-successions.ch,no,,,,0,,info@pme-successions.ch ; xavier.fromaget@pme-successions.ch,showing_email_candidates,not_flagged,contact_pages,info@pme-successions.ch,,,,info@pme-successions.ch,valid=0; invalid=0; risky=0; unknown=1
13205,>30M,politcamp.ch,no,,,,0,,,no_public_email_found,not_flagged,contact_pages,,,,,,valid=0; invalid=0; risky=0; unknown=0
13206,>30M,projektforum.ch,no,,,,0,,andy.limacher@projektforum.ch ; bern@projektforum.ch ; christoph.musy@projektforum.ch ; corinne.schwegler@projektforum.ch ; daria.wenger@projektforum.ch ; lineo.devecchi@projektforum.ch ; matthias.vatter@projektforum.ch ; stefan.tittmann@projektforum.ch ; stgallen@projektforum.ch ; welcome@projektforum.ch,showing_email_candidates,not_flagged,contact_pages,,,,,,valid=0; invalid=0; risky=0; unknown=0
13207,>30M,publicbeta.ch,yes,,,,0,,info@publicbeta.ch ; privacy@publicbeta.ch ; u003einfo@figapps.co ; u003einfo@publicbeta.ch ; u003eprivacy@publicbeta.ch,showing_email_candidates,not_flagged,contact_pages,info@publicbeta.ch,,,,info@publicbeta.ch,valid=0; invalid=0; risky=0; unknown=1
13208,>30M,pva-adelboden.ch,yes,,,,0,,info@pva-adelboden.ch,showing_email_candidates,not_flagged,contact_pages,info@pva-adelboden.ch,,,,info@pva-adelboden.ch,valid=0; invalid=0; risky=0; unknown=1
13209,>30M,rayonverbot.ch,no,,,,0,,,no_public_email_found,not_flagged,contact_pages,,,,,,valid=0; invalid=0; risky=0; unknown=0
13210,>30M,ressortforschung.admin.ch,no,,,,0,,29info@sbfi.admin.ch ; info@sbfi.admin.ch ; luca.tratschin@sbfi.admin.ch,showing_email_candidates,not_flagged,contact_pages,,,,,,valid=0; invalid=0; risky=0; unknown=0
13211,>30M,rhrn.ch,yes,,,https://rhrnch.typeform.com/to/EiRdsR,0,,here@rhrn.ch,showing_email_candidates,not_flagged,contact_pages,,,,,,valid=0; invalid=0; risky=0; unknown=0
13212,>30M,sbfi.admin.ch,no,,,,0,,29info@sbfi.admin.ch ; info@sbfi.admin.ch ; ninfo@sbfi.admin.ch,showing_email_candidates,not_flagged,contact_pages,info@sbfi.admin.ch,,,,info@sbfi.admin.ch,valid=0; invalid=0; risky=0; unknown=1
13213,>30M,sdc-migration.ch,no,,,,0,,smfd@eda.admin.ch,showing_email_candidates,not_flagged,contact_pages,,,,,,valid=0; invalid=0; risky=0; unknown=0
13214,>30M,sdc-multilateral.ch,no,,,,0,,sdc.uno-mdb@eda.admin.ch,showing_email_candidates,not_flagged,contact_pages,,,,,,valid=0; invalid=0; risky=0; unknown=0
13215,>30M,sdc-water.ch,no,,,,0,,carmen.thoennissen@eda.admin.ch ; daniel.maselli@eda.admin.ch ; jonathan.rezzonico@eda.admin.ch ; kenneth-alberto.peralta-nario@eda.admin.ch ; lisa.gampp@eda.admin.ch ; mufleh.aref-haza-alalaween@eda.admin.ch ; reseau@dgroups.ch ; water@eda.admin.ch,showing_email_candidates,not_flagged,contact_pages,,,,,,valid=0; invalid=0; risky=0; unknown=0
13216,>30M,seco-cooperation.admin.ch,no,,,,0,,info.cooperation@seco.admin.ch ; medien.cooperation@seco.admin.ch,showing_email_candidates,not_flagged,contact_pages,,,,,,valid=0; invalid=0; risky=0; unknown=0
13217,>30M,seco.admin.ch,no,,,,0,,info@seco.admin.ch,showing_email_candidates,not_flagged,contact_pages,info@seco.admin.ch,,,,info@seco.admin.ch,valid=0; invalid=0; risky=0; unknown=1
13218,>30M,stelle.admin.ch,no,,,,0,,info@epa.admin.ch,showing_email_candidates,not_flagged,contact_pages,,,,,,valid=0; invalid=0; risky=0; unknown=0
13219,>30M,swisstopo.admin.ch,no,,,,0,,info@swisstopo.ch,showing_email_candidates,not_flagged,contact_pages,,,,,,valid=0; invalid=0; risky=0; unknown=0
13220,>30M,uvek.admin.ch,no,,,,0,,info@gs-uvek.admin.ch,showing_email_candidates,not_flagged,contact_pages,,,,,,valid=0; invalid=0; risky=0; unknown=0
13221,>30M,vbs.admin.ch,no,,,,0,,kommunikation@gs-vbs.admin.ch ; postmaster-vbs@gs-vbs.admin.ch,showing_email_candidates,not_flagged,contact_pages,,,,,,valid=0; invalid=0; risky=0; unknown=0
13222,>30M,vtg.admin.ch,no,,,,0,,info@vtg.admin.ch,showing_email_candidates,not_flagged,contact_pages,info@vtg.admin.ch,,,,info@vtg.admin.ch,valid=0; invalid=0; risky=0; unknown=1
13223,>30M,wbf.admin.ch,no,,,,0,,,no_public_email_found,not_flagged,contact_pages,,,,,,valid=0; invalid=0; risky=0; unknown=0
13224,>30M,webdesign-oesch.ch,no,,,,0,,info@webdesign-oesch.ch,showing_email_candidates,not_flagged,contact_pages,info@webdesign-oesch.ch,,,,info@webdesign-oesch.ch,valid=0; invalid=0; risky=0; unknown=1
13225,>30M,weko.admin.ch,no,,,,0,,,no_public_email_found,not_flagged,contact_pages,,,,,,valid=0; invalid=0; risky=0; unknown=0
13226,>30M,werkstoffen.ch,no,,,,0,,benutzer@domain.com ; info@werkstoffen.ch,showing_email_candidates,not_flagged,contact_pages,info@werkstoffen.ch,,,,info@werkstoffen.ch,valid=0; invalid=0; risky=0; unknown=1
13227,>30M,whealthness.ch,yes,,,https://aidjihhfe6i.typeform.com/to/rGRoqqxh ; https://aidjihhfe6i.typeform.com/to/uYxV6sOC,0,,ekocher@whealthness.ch,showing_email_candidates,not_flagged,contact_pages,,,,,,valid=0; invalid=0; risky=0; unknown=0
13228,>30M,zas.admin.ch,no,,,,0,,,no_public_email_found,not_flagged,contact_pages,,,,,,valid=0; invalid=0; risky=0; unknown=0
13229,>30M,zivi.admin.ch,no,,,,0,,44website@zivi.admin.ch ; website@zivi.admin.ch,showing_email_candidates,not_flagged,contact_pages,,,,,,valid=0; invalid=0; risky=0; unknown=0
13230,>30M,charlygrua.cl,no,,,,0,,charlygruatalca@gmail.com,showing_email_candidates,not_flagged,contact_pages,,,,,,valid=0; invalid=0; risky=0; unknown=0
13231,>30M,macaguzman.cl,yes,,,,0,,,no_public_email_found,not_flagged,contact_pages,,,,,,valid=0; invalid=0; risky=0; unknown=0
13232,>30M,2dash.club,yes,,,,0,,,no_public_email_found,not_flagged,contact_pages,,,,,,valid=0; invalid=0; risky=0; unknown=0
13233,>30M,animalkingdom.club,yes,,,https://form.typeform.com/to/svaNpTeG,0,,,no_public_email_found,not_flagged,contact_pages,,,,,,valid=0; invalid=0; risky=0; unknown=0
13234,>30M,bricabrac.club,yes,,,https://bricabrac.typeform.com/to/zRwVGx,0,,,no_public_email_found,not_flagged,contact_pages,,,,,,valid=0; invalid=0; risky=0; unknown=0
13235,>30M,designleaders.club,yes,,,,0,,,no_public_email_found,not_flagged,contact_pages,,,,,,valid=0; invalid=0; risky=0; unknown=0
13236,>30M,ecommunity.club,yes,,,,0,,,no_public_email_found,not_flagged,contact_pages,,,,,,valid=0; invalid=0; risky=0; unknown=0
13237,>30M,fit-for-life.club,no,,,,0,,info@fit-for-life.club,showing_email_candidates,not_flagged,contact_pages,info@fit-for-life.club,,,,info@fit-for-life.club,valid=0; invalid=0; risky=0; unknown=1
13238,>30M,fixmycomputer.club,yes,,,,0,,,no_public_email_found,not_flagged,contact_pages,,,,,,valid=0; invalid=0; risky=0; unknown=0
13239,>30M,laiens.club,yes,,,https://laiensclub.typeform.com/to/Baiew0,0,,,no_public_email_found,not_flagged,contact_pages,,,,,,valid=0; invalid=0; risky=0; unknown=0
13240,>30M,mack.club,yes,,,https://form.typeform.com/to/cDj7xCb1,0,,flags@2x.png,showing_email_candidates,not_flagged,contact_pages,,,,,,valid=0; invalid=0; risky=0; unknown=0
13241,>30M,mhouse.club,yes,,,,0,,,no_public_email_found,not_flagged,contact_pages,,,,,,valid=0; invalid=0; risky=0; unknown=0
13242,>30M,onthegrid.club,yes,,,https://form.typeform.com/to/FpZRzGwJ ; https://form.typeform.com/to/l3n4JB0O,0,,,no_public_email_found,not_flagged,contact_pages,,,,,,valid=0; invalid=0; risky=0; unknown=0
13243,>30M,phillypinball.club,no,,,,0,,,no_public_email_found,not_flagged,contact_pages,,,,,,valid=0; invalid=0; risky=0; unknown=0
13244,>30M,rebelbook.club,yes,,,https://rebelbookclub.typeform.com/,0,,hello@website.com,showing_email_candidates,not_flagged,contact_pages,,,,,,valid=0; invalid=0; risky=0; unknown=0
13245,>30M,secondspace.club,no,,,,0,,,no_public_email_found,not_flagged,contact_pages,,,,,,valid=0; invalid=0; risky=0; unknown=0
13246,>30M,theido.club,no,,,,0,,,no_public_email_found,not_flagged,contact_pages,,,,,,valid=0; invalid=0; risky=0; unknown=0
13247,>30M,triboost.club,yes,,,https://embed.typeform.com/ ; https://form.typeform.com/to/nHa6n0hy ; https://webplatform.typeform.com/to/PrrIdKDV,0,,hola@triboost.club,showing_email_candidates,not_flagged,contact_pages,,,,,,valid=0; invalid=0; risky=0; unknown=0
13248,>30M,aquahome.co,yes,,,https://vv8n9fhnpl8.typeform.com/to/cJwfgL5l,0,,,no_public_email_found,not_flagged,contact_pages,,,,,,valid=0; invalid=0; risky=0; unknown=0
13249,>30M,barty.co,no,,,,0,,gloreya@admin.com,showing_email_candidates,not_flagged,contact_pages,,,,,,valid=0; invalid=0; risky=0; unknown=0
13250,>30M,blackangels.co,yes,,,https://opportunityhub.typeform.com/to/JeKkwrpe,0,,,no_public_email_found,not_flagged,contact_pages,,,,,,valid=0; invalid=0; risky=0; unknown=0
13251,>30M,brainmix.co,yes,,,https://research.typeform.com/to/tzNNtICO,0,,,no_public_email_found,not_flagged,contact_pages,,,,,,valid=0; invalid=0; risky=0; unknown=0
13252,>30M,brightbeam.co,no,,,,0,,,no_public_email_found,not_flagged,contact_pages,,,,,,valid=0; invalid=0; risky=0; unknown=0
13253,>30M,buscapina.com.co,no,,,,0,,,no_public_email_found,not_flagged,contact_pages,,,,,,valid=0; invalid=0; risky=0; unknown=0
13254,>30M,burcham.co,yes,,,,0,,,no_public_email_found,not_flagged,contact_pages,,,,,,valid=0; invalid=0; risky=0; unknown=0
13255,>30M,clix.co,no,,,,0,,,no_public_email_found,not_flagged,contact_pages,,,,,,valid=0; invalid=0; risky=0; unknown=0
13256,>30M,coinero.co,no,,,https://embed.typeform.com/,0,,,no_public_email_found,not_flagged,contact_pages,,,,,,valid=0; invalid=0; risky=0; unknown=0
13257,>30M,connectory.co,yes,,,https://form.typeform.com/to/UayrsRwL,0,,,no_public_email_found,not_flagged,contact_pages,,,,,,valid=0; invalid=0; risky=0; unknown=0
13258,>30M,coscreen.co,yes,,,,0,,,no_public_email_found,not_flagged,contact_pages,,,,,,valid=0; invalid=0; risky=0; unknown=0
13259,>30M,easytax.co,yes,,,https://mathez.typeform.com/to/kCULyenk,0,,aascery@easytax.fr ; amaudet@easytax.fr ; arebaud@easytax.fr ; atzvetan@easytax.co ; bbultel@mathez-intracom.com ; cdalud@mathez-intracom.com ; chernandez@easytax.fr ; csidoux@mathez-compliance.com ; hplaquet@mathezfreight.com ; imotyka@easytax.co ; kdhalluin@easytax.fr ; kpellegrini@mathez-intracom.com ; lwolff@easytax.fr ; mlemoine@easytax.fr ; nmontagard@easytax.fr ; nraouafi@easytax.fr ; web5b@5deasytax.co ; web@easytax.co,showing_email_candidates,not_flagged,contact_pages,web@easytax.co,,,,web@easytax.co,valid=0; invalid=0; risky=0; unknown=1
13260,>30M,floka.co,yes,,,,0,,,no_public_email_found,not_flagged,contact_pages,,,,,,valid=0; invalid=0; risky=0; unknown=0
13261,>30M,generationinnovation.co,yes,,,https://form.typeform.com/to/HSDuQIS2,0,,ally.armstrong@wearecatalyst.org ; generationinnovation@wearecatalyst.org ; giworkexperience@wearecatalyst.org,showing_email_candidates,not_flagged,contact_pages,,,,,,valid=0; invalid=0; risky=0; unknown=0
13262,>30M,gifsy.co,no,,,,0,,,no_public_email_found,not_flagged,contact_pages,,,,,,valid=0; invalid=0; risky=0; unknown=0
13263,>30M,gista.co,yes,,,https://kx8opeuogqs.typeform.com/to/RwoLLGLe,0,,faf294f1773a410ea716034e6d98c2fa@o4505152231309312.ingest.us.sentry.io ; john@example.com,showing_email_candidates,not_flagged,contact_pages,,,,,,valid=0; invalid=0; risky=0; unknown=0
13264,>30M,growthmarketer.co,yes,,,,0,,,no_public_email_found,not_flagged,contact_pages,,,,,,valid=0; invalid=0; risky=0; unknown=0
13265,>30M,humanfood.co,yes,,,https://hh1193wx2gm.typeform.com/to/fxHogi50,0,,,no_public_email_found,not_flagged,contact_pages,,,,,,valid=0; invalid=0; risky=0; unknown=0
13266,>30M,huskee.co,no,,,,0,,,no_public_email_found,not_flagged,contact_pages,,,,,,valid=0; invalid=0; risky=0; unknown=0
13267,>30M,iceboard.co,yes,,,,0,,,no_public_email_found,not_flagged,contact_pages,,,,,,valid=0; invalid=0; risky=0; unknown=0
13268,>30M,innovaris.co,yes,,,,0,,,no_public_email_found,not_flagged,contact_pages,,,,,,valid=0; invalid=0; risky=0; unknown=0
13269,>30M,kingbear.co,no,,,,0,,,no_public_email_found,not_flagged,contact_pages,,,,,,valid=0; invalid=0; risky=0; unknown=0
13270,>30M,konsist.co,yes,,,https://embed.typeform.com/ ; https://form.typeform.com/to/WPMdlJvF ; https://konsist.typeform.com/to/Idlnes,0,,hello@konsist.co,showing_email_candidates,not_flagged,contact_pages,hello@konsist.co,hello@konsist.co,,,,valid=1; invalid=0; risky=0; unknown=0
13271,>30M,lazos.co,no,,,,0,,,no_public_email_found,not_flagged,contact_pages,,,,,,valid=0; invalid=0; risky=0; unknown=0
13272,>30M,legacybuilder.co,yes,,,https://embed.typeform.com/ ; https://form.typeform.com/to/KTjaPUrW,0,,press@legacybuilder.co ; splide-extension-auto-scroll@0.5 ; splide@4.1 ; team@legacybuilder.co,showing_email_candidates,not_flagged,contact_pages,press@legacybuilder.co ; team@legacybuilder.co,,,,press@legacybuilder.co ; team@legacybuilder.co,valid=0; invalid=0; risky=0; unknown=2
13273,>30M,lexrx.co,no,,,https://lexrx.typeform.com/,0,,,no_public_email_found,not_flagged,contact_pages,,,,,,valid=0; invalid=0; risky=0; unknown=0
13274,>30M,lidz.co,yes,,,https://clementgilly6.typeform.com/to/LUGh0sSg,0,,clement@lidz.co,showing_email_candidates,not_flagged,contact_pages,,,,,,valid=0; invalid=0; risky=0; unknown=0
13275,>30M,lolitataub.co,no,,,https://lolitataub.typeform.com/,0,,hello@lolitataub.co ; ricky@gravityspeakers.com ; u003ehello@lolitataub.co ; u003ericky@gravityspeakers.com,showing_email_candidates,not_flagged,contact_pages,hello@lolitataub.co,hello@lolitataub.co,,,,valid=1; invalid=0; risky=0; unknown=0
13276,>30M,munio.co,no,,,,0,,,no_public_email_found,not_flagged,contact_pages,,,,,,valid=0; invalid=0; risky=0; unknown=0
13277,>30M,opentalent.co,yes,,,https://form.typeform.com/to/ZO6tFWQk,0,,hello@opentalent.co,showing_email_candidates,not_flagged,contact_pages,hello@opentalent.co,hello@opentalent.co,,,,valid=1; invalid=0; risky=0; unknown=0
13278,>30M,purposely.co,no,,,,0,,d00aecec98624c98813089adbba3f7c4@o265934.ingest.sentry.io,showing_email_candidates,not_flagged,contact_pages,,,,,,valid=0; invalid=0; risky=0; unknown=0
13279,>30M,pulseapp.co,yes,,,,0,,,no_public_email_found,not_flagged,contact_pages,,,,,,valid=0; invalid=0; risky=0; unknown=0
13280,>30M,raisebar.co,yes,,,https://it4bunifaz7.typeform.com/to/tE0amkDo,0,,intl-tel-input@25.2.0,showing_email_candidates,not_flagged,contact_pages,,,,,,valid=0; invalid=0; risky=0; unknown=0
13281,>30M,readysetgrow.co,yes,,,https://form.typeform.com/to/WWoQLs,0,,hello@readysetgrow.co,showing_email_candidates,not_flagged,contact_pages,hello@readysetgrow.co,hello@readysetgrow.co,,,,valid=1; invalid=0; risky=0; unknown=0
13282,>30M,thesteps.co,yes,,,https://cnp3fc12aqm.typeform.com/to/Tbp92UYB,0,,the-step-favicon@2x-1-150x150.png ; the-step-favicon@2x-1.png ; the-step-logo@2x-1-300x78.png ; the-step-logo@2x-1.png,showing_email_candidates,not_flagged,contact_pages,,,,,,valid=0; invalid=0; risky=0; unknown=0
13283,>30M,trailit.co,yes,,,,0,,,no_public_email_found,not_flagged,contact_pages,,,,,,valid=0; invalid=0; risky=0; unknown=0
13284,>30M,weblings.co,yes,,,,0,,,no_public_email_found,not_flagged,contact_pages,,,,,,valid=0; invalid=0; risky=0; unknown=0
13285,>30M,florechemie.cz,no,,,,0,,info@minec.cz,showing_email_candidates,not_flagged,contact_pages,,,,,,valid=0; invalid=0; risky=0; unknown=0
13286,>30M,penzion-podsusinou.cz,yes,,,https://hteam.typeform.com/to/ZTJfcC,0,,info@penzionpodsusinou.cz ; simple-jscalendar@1.4.3,showing_email_candidates,not_flagged,contact_pages,,,,,,valid=0; invalid=0; risky=0; unknown=0
13287,>30M,preventamb.cz,no,,,,0,,info@preventamb.cz ; info@website.com,showing_email_candidates,not_flagged,contact_pages,info@preventamb.cz,,,,info@preventamb.cz,valid=0; invalid=0; risky=0; unknown=1
13288,>30M,tvojevoda.cz,no,,,,0,,instalater.topenar@post.cz,showing_email_candidates,not_flagged,contact_pages,,,,,,valid=0; invalid=0; risky=0; unknown=0
13289,>30M,verimsi.cz,yes,,,,0,,,no_public_email_found,not_flagged,contact_pages,,,,,,valid=0; invalid=0; risky=0; unknown=0
13290,>30M,africanfoodfestival.de,yes,,,https://rrstqc4o0d8.typeform.com/to/nEU0W4kp,0,,mail@africanfoodfestival.de,showing_email_candidates,not_flagged,contact_pages,,,,,,valid=0; invalid=0; risky=0; unknown=0
13291,>30M,agile-assessment.de,yes,,,,0,,,no_public_email_found,not_flagged,contact_pages,,,,,,valid=0; invalid=0; risky=0; unknown=0
13292,>30M,aquarium.teufel100.de,no,,,,0,,ich@svenbuchien.de ; teufel100@aquarium.teufel100.de,showing_email_candidates,not_flagged,contact_pages,,,,,,valid=0; invalid=0; risky=0; unknown=0
13293,>30M,benjamin-kaim.de,yes,,,,0,,dpo-google@google.com ; info@benjamin-kaim.de ; privacy@userlike.com,showing_email_candidates,not_flagged,contact_pages,info@benjamin-kaim.de,,,,info@benjamin-kaim.de,valid=0; invalid=0; risky=0; unknown=1
13294,>30M,bestattungen-gitter.de,no,,,,0,,,no_public_email_found,not_flagged,contact_pages,,,,,,valid=0; invalid=0; risky=0; unknown=0
13295,>30M,chrissi-wagner.de,yes,,,https://zentreasures.typeform.com/to/GsFneXNj ; https://zentreasures.typeform.com/to/LeYqpEfK,0,,hello@chrissi-wagner.de,showing_email_candidates,not_flagged,contact_pages,hello@chrissi-wagner.de,hello@chrissi-wagner.de,,,,valid=1; invalid=0; risky=0; unknown=0
13296,>30M,city-sanierbau.de,no,,,https://embed.typeform.com/,0,,info@city-sanierbau.de ; kontakt@city-sanierbau.de,showing_email_candidates,not_flagged,contact_pages,info@city-sanierbau.de,,,,info@city-sanierbau.de,valid=0; invalid=0; risky=0; unknown=1
13297,>30M,copperbowl.de,no,,,,0,,,no_public_email_found,not_flagged,contact_pages,,,,,,valid=0; invalid=0; risky=0; unknown=0
13298,>30M,dellentechnik-tohum.de,yes,,,https://pearl-marketing.typeform.com/to/NqOAUT,0,,info@dellentechnik-tohum.de,showing_email_candidates,not_flagged,contact_pages,info@dellentechnik-tohum.de,,,,info@dellentechnik-tohum.de,valid=0; invalid=0; risky=0; unknown=1
13299,>30M,didactakoeln.de,no,,,,0,,,no_public_email_found,not_flagged,contact_pages,,,,,,valid=0; invalid=0; risky=0; unknown=0
13300,>30M,die-betriebliche-krankenversicherung.de,no,,,https://xcapital.typeform.com/,0,,info@xcapital.de,showing_email_candidates,not_flagged,contact_pages,,,,,,valid=0; invalid=0; risky=0; unknown=0
13301,>30M,digitalewerkbank.de,yes,,,https://1ego01m36ji.typeform.com/to/XJrtyQzk,0,,datenschutz@tz-net.de ; info@digitalewerkbank.de ; kontakt@tz-net.de,showing_email_candidates,not_flagged,contact_pages,info@digitalewerkbank.de,,,,info@digitalewerkbank.de,valid=0; invalid=0; risky=0; unknown=1
13302,>30M,drheinlein.de,no,,,,0,,flags@2x.webp ; globe@2x.webp ; praxis@drheinlein.de,showing_email_candidates,not_flagged,contact_pages,,,,,,valid=0; invalid=0; risky=0; unknown=0
13303,>30M,eclore-moments.de,yes,,,https://admin.typeform.com/ ; https://embed.typeform.com/ ; https://form.typeform.com/to/wHxbmVk6,0,,info@eclore-moments.de,showing_email_candidates,not_flagged,contact_pages,info@eclore-moments.de,,,,info@eclore-moments.de,valid=0; invalid=0; risky=0; unknown=1
13304,>30M,europa-in-dresden.de,yes,,,,0,,ed-dd-logo_pantone@2x.png ; europe_direct@uzdresden.de ; uzd@uzdresden.de,showing_email_candidates,not_flagged,contact_pages,,,,,,valid=0; invalid=0; risky=0; unknown=0
13305,>30M,feingeist-beratung.de,yes,,,https://form.typeform.com/to/iJQkxP3J,0,,info@feingeist-beratung.de ; info@feingeist-beratung.dewebsite,showing_email_candidates,not_flagged,contact_pages,info@feingeist-beratung.de,,,,info@feingeist-beratung.de,valid=0; invalid=0; risky=0; unknown=1
13306,>30M,fenster-projekt.de,no,,,,0,,info@fenster-projekt.de,showing_email_candidates,not_flagged,contact_pages,info@fenster-projekt.de,,,,info@fenster-projekt.de,valid=0; invalid=0; risky=0; unknown=1
13307,>30M,flowfest.de,yes,,,https://survey.typeform.com/to/XjaL72ir,0,,info@flowgrade.de,showing_email_candidates,not_flagged,contact_pages,,,,,,valid=0; invalid=0; risky=0; unknown=0
13308,>30M,hausamsee-ravensburg.de,no,,,,0,,,no_public_email_found,not_flagged,contact_pages,,,,,,valid=0; invalid=0; risky=0; unknown=0
13309,>30M,heureka-baufinanz.de,no,,,,0,,,no_public_email_found,not_flagged,contact_pages,,,,,,valid=0; invalid=0; risky=0; unknown=0
13310,>30M,himoinsa.de,no,,,,0,,,no_public_email_found,not_flagged,contact_pages,,,,,,valid=0; invalid=0; risky=0; unknown=0
13311,>30M,injoy-vechta.de,no,,,,0,,info@injoy-vechta.de ; info@vital-de.oms-suite.de,showing_email_candidates,not_flagged,contact_pages,info@injoy-vechta.de,,,,info@injoy-vechta.de,valid=0; invalid=0; risky=0; unknown=1
13312,>30M,instainfluencer.de,no,,,,0,,mail@instainfluencer.de,showing_email_candidates,not_flagged,contact_pages,,,,,,valid=0; invalid=0; risky=0; unknown=0
13313,>30M,kaeltejobs.de,no,,,,0,,info@kaeltejobs.de ; max.muster@test.de,showing_email_candidates,not_flagged,contact_pages,info@kaeltejobs.de,,,,info@kaeltejobs.de,valid=0; invalid=0; risky=0; unknown=1
13314,>30M,krauseundstadler.de,yes,,,https://1iz7gafzap9.typeform.com/to/S79fGMYt,0,,info@ihreberater.de ; info@krauseundstadler.de,showing_email_candidates,not_flagged,contact_pages,info@krauseundstadler.de,,,,info@krauseundstadler.de,valid=0; invalid=0; risky=0; unknown=1
13315,>30M,ksl-duesseldorf.de,yes,,,https://lucasschnurre.typeform.com/to/bFLDckOj,0,,info@ksl-arnsberg.de ; info@ksl-duesseldorf.de ; info@ksl-duesseldorf.deredaktionell ; info@ksl-koeln.de ; info@ksl-msi-nrw.de ; info@ksl-muenster.de ; info@ksl-nrw.de ; info@ksl-owl.de ; uikit@3.6.22,showing_email_candidates,not_flagged,contact_pages,info@ksl-duesseldorf.de,,,,info@ksl-duesseldorf.de,valid=0; invalid=0; risky=0; unknown=1
13316,>30M,malerbetrieb-farbelhaft.de,no,,,,0,,info@malerbetrieb-farbelhaft.de,showing_email_candidates,not_flagged,contact_pages,info@malerbetrieb-farbelhaft.de,,,,info@malerbetrieb-farbelhaft.de,valid=0; invalid=0; risky=0; unknown=1
13317,>30M,marvinpuethe.de,yes,,,https://iqkd47adr9u.typeform.com/to/UUhM9EnA,0,,info@marvinpuethe.de,showing_email_candidates,not_flagged,contact_pages,info@marvinpuethe.de,,,,info@marvinpuethe.de,valid=0; invalid=0; risky=0; unknown=1
13318,>30M,mein.sanofi.de,no,,,,0,,klinischeforschung.de@sanofi.com ; medinfo.de@sanofi.com,showing_email_candidates,not_flagged,contact_pages,,,,,,valid=0; invalid=0; risky=0; unknown=0
13319,>30M,meyer-biss.de,yes,,,https://info208757.typeform.com/to/Kn0IDy,0,,info@meyer-biss.de,showing_email_candidates,not_flagged,contact_pages,info@meyer-biss.de,,,,info@meyer-biss.de,valid=0; invalid=0; risky=0; unknown=1
13320,>30M,moritzackerhans.de,no,,,,0,,info@moritzackerhans.de,showing_email_candidates,not_flagged,contact_pages,info@moritzackerhans.de,,,,info@moritzackerhans.de,valid=0; invalid=0; risky=0; unknown=1
13321,>30M,moto.de,no,,,,0,,datenschutz@moto.de ; info@moto.de,showing_email_candidates,not_flagged,contact_pages,info@moto.de,,,,info@moto.de,valid=0; invalid=0; risky=0; unknown=1
13322,>30M,ogpep.de,no,,,,0,,info@ogpep.de,showing_email_candidates,not_flagged,contact_pages,info@ogpep.de,,,,info@ogpep.de,valid=0; invalid=0; risky=0; unknown=1
13323,>30M,olona.de,yes,,,,0,,,no_public_email_found,not_flagged,contact_pages,,,,,,valid=0; invalid=0; risky=0; unknown=0
13324,>30M,phots.de,no,,,,0,,hallo@phots.de ; kontakt@phots.de,showing_email_candidates,not_flagged,contact_pages,,,,,,valid=0; invalid=0; risky=0; unknown=0
13325,>30M,physio-kind.de,no,,,,0,,,no_public_email_found,not_flagged,contact_pages,,,,,,valid=0; invalid=0; risky=0; unknown=0
13326,>30M,planet-landshut.de,yes,,,,0,,,no_public_email_found,not_flagged,contact_pages,,,,,,valid=0; invalid=0; risky=0; unknown=0
13327,>30M,praxis-conny.de,no,,,,0,,,no_public_email_found,not_flagged,contact_pages,,,,,,valid=0; invalid=0; risky=0; unknown=0
13328,>30M,promelius.de,yes,,,https://74usc9xu2mm.typeform.com/to/A5ZYICNU,0,,,no_public_email_found,not_flagged,contact_pages,,,,,,valid=0; invalid=0; risky=0; unknown=0
13329,>30M,rewatherm.de,yes,,,https://form.typeform.com/to/QmTJACV8 ; https://odbc3q0gbcw.typeform.com/to/QmTJACV8,0,,mail@rewatherm.de,showing_email_candidates,not_flagged,contact_pages,,,,,,valid=0; invalid=0; risky=0; unknown=0
13330,>30M,rollrasen-rudi.de,no,,,,0,,info@rollrasen-rudi.de,showing_email_candidates,not_flagged,contact_pages,info@rollrasen-rudi.de,,,,info@rollrasen-rudi.de,valid=0; invalid=0; risky=0; unknown=1
13331,>30M,s-sb.de,no,,,,0,,info@s-sb.de ; info@s-sb.deinternet,showing_email_candidates,not_flagged,contact_pages,info@s-sb.de,,,,info@s-sb.de,valid=0; invalid=0; risky=0; unknown=1
13332,>30M,sanftekieferorthopaedie.de,yes,,,https://cytmeni4e2k.typeform.com/to/AYcNHIyt,0,,,no_public_email_found,not_flagged,contact_pages,,,,,,valid=0; invalid=0; risky=0; unknown=0
13333,>30M,sr-kaeltetechnik.de,no,,,,0,,kontakt@sr-kaeltetechnik.de,showing_email_candidates,not_flagged,contact_pages,,,,,,valid=0; invalid=0; risky=0; unknown=0
13334,>30M,ssi-steuerberatung.de,yes,,,https://form.typeform.com/to/J7pnXGD7,0,,info@ssi-steuerberatung.de,showing_email_candidates,not_flagged,contact_pages,info@ssi-steuerberatung.de,,,,info@ssi-steuerberatung.de,valid=0; invalid=0; risky=0; unknown=1
13335,>30M,steuerberatung-drzorn.de,yes,,,https://1iz7gafzap9.typeform.com/to/yCj5XNWw,0,,geschaeftsstelle@stbk-hessen.de ; info@steuerberatung-drzorn.de,showing_email_candidates,not_flagged,contact_pages,info@steuerberatung-drzorn.de,,,,info@steuerberatung-drzorn.de,valid=0; invalid=0; risky=0; unknown=1
13336,>30M,stute-dachtechnik.de,yes,,,https://form.typeform.com/to/XA6fyW5r,0,,info@stute-dachtechnik.de,showing_email_candidates,not_flagged,contact_pages,info@stute-dachtechnik.de,,,,info@stute-dachtechnik.de,valid=0; invalid=0; risky=0; unknown=1
13337,>30M,victronshop.de,no,,,,0,,,no_public_email_found,not_flagged,contact_pages,,,,,,valid=0; invalid=0; risky=0; unknown=0
13338,>30M,voicfy.de,no,,,,0,,support@voicfy.com,showing_email_candidates,not_flagged,contact_pages,,,,,,valid=0; invalid=0; risky=0; unknown=0
13339,>30M,weissach-stueble.de,no,,,,0,,,no_public_email_found,not_flagged,contact_pages,,,,,,valid=0; invalid=0; risky=0; unknown=0
13340,>30M,xn--mnsterland-smarties-59b.de,no,,,,0,,,no_public_email_found,not_flagged,contact_pages,,,,,,valid=0; invalid=0; risky=0; unknown=0
13341,>30M,amokevents.dk,no,,,,0,,,no_public_email_found,not_flagged,contact_pages,,,,,,valid=0; invalid=0; risky=0; unknown=0
13342,>30M,digitalhubdenmark.dk,no,,,,0,,emilia@digitalhubdenmark.dk ; info@digitalhubdenmark.dk ; jakob@digitalhubdenmark.dk ; louise@digitalhubdenmark.dk ; marlene@digitalhubdenmark.dk ; vanessa@digitalhubdenmark.dk,showing_email_candidates,not_flagged,contact_pages,info@digitalhubdenmark.dk,,,,info@digitalhubdenmark.dk,valid=0; invalid=0; risky=0; unknown=1
13343,>30M,j-thygesen.dk,no,,,,0,,jesper416@gmail.com,showing_email_candidates,not_flagged,contact_pages,,,,,,valid=0; invalid=0; risky=0; unknown=0
13344,>30M,jul-i-dsb.dk,no,,,,0,,info@jul-i-dsb.dk,showing_email_candidates,not_flagged,contact_pages,info@jul-i-dsb.dk,,,,info@jul-i-dsb.dk,valid=0; invalid=0; risky=0; unknown=1
13345,>30M,luluravnsborggade.dk,yes,,,https://helloapplication.typeform.com/to/NezJ4awN,0,,info@luluravnsborggade.dk,showing_email_candidates,not_flagged,contact_pages,info@luluravnsborggade.dk,,,,info@luluravnsborggade.dk,valid=0; invalid=0; risky=0; unknown=1
13346,>30M,nebraskaconsult.dk,no,,,,0,,,no_public_email_found,not_flagged,contact_pages,,,,,,valid=0; invalid=0; risky=0; unknown=0
13347,>30M,seraph.dk,no,,,,0,,,no_public_email_found,not_flagged,contact_pages,,,,,,valid=0; invalid=0; risky=0; unknown=0
13348,>30M,silhouette.dk,yes,,,https://vjxt4h4q7cz.typeform.com/to/dmC8ZrVe,0,,kontakt@silhouette.dk,showing_email_candidates,not_flagged,contact_pages,,,,,,valid=0; invalid=0; risky=0; unknown=0
13349,>30M,storstrom.dk,no,,,https://embed.typeform.com/ ; https://form.typeform.com/,0,,kontakt@storstrom.dk,showing_email_candidates,not_flagged,contact_pages,,,,,,valid=0; invalid=0; risky=0; unknown=0
13350,>30M,musiccorner.com.do,yes,,,,0,,,no_public_email_found,not_flagged,contact_pages,,,,,,valid=0; invalid=0; risky=0; unknown=0
13351,>30M,flashback.com.ec,yes,,,https://form.typeform.com/to/vMpJtsvi,0,,,no_public_email_found,not_flagged,contact_pages,,,,,,valid=0; invalid=0; risky=0; unknown=0
13352,>30M,jaher.com.ec,no,,,,0,,,no_public_email_found,not_flagged,contact_pages,,,,,,valid=0; invalid=0; risky=0; unknown=0
13353,>30M,byebyebeethoven.es,yes,,,https://byebyebeethoven.typeform.com/to/iZbu7C ; https://embed.typeform.com/,0,,,no_public_email_found,not_flagged,contact_pages,,,,,,valid=0; invalid=0; risky=0; unknown=0
13354,>30M,pcdiga.es,no,,,,0,,,no_public_email_found,not_flagged,contact_pages,,,,,,valid=0; invalid=0; risky=0; unknown=0
13355,>30M,pixeladas.es,no,,,,0,,bronze@2x.png ; hola@pixeladas.es ; ionicons@5.2.3,showing_email_candidates,not_flagged,contact_pages,,,,,,valid=0; invalid=0; risky=0; unknown=0
13356,>30M,plasma.ciemat.es,yes,,,,0,,,no_public_email_found,not_flagged,contact_pages,,,,,,valid=0; invalid=0; risky=0; unknown=0
13357,>30M,tim.mcguinn.es,yes,,,,0,,,no_public_email_found,not_flagged,contact_pages,,,,,,valid=0; invalid=0; risky=0; unknown=0
13358,>30M,aircon.panasonic.eu,no,,,,0,,phvacuk_md@eu.panasonic.com ; popper.js@1.16.0,showing_email_candidates,not_flagged,contact_pages,,,,,,valid=0; invalid=0; risky=0; unknown=0
13359,>30M,blesu.eu,yes,,,,0,,,no_public_email_found,not_flagged,contact_pages,,,,,,valid=0; invalid=0; risky=0; unknown=0
13360,>30M,codeyard.eu,yes,,,https://ujlakiimre.typeform.com/to/yjqAcI,0,,business@codeyard.eu,showing_email_candidates,not_flagged,contact_pages,,,,,,valid=0; invalid=0; risky=0; unknown=0
13361,>30M,diame.eu,no,,,,0,,,no_public_email_found,not_flagged,contact_pages,,,,,,valid=0; invalid=0; risky=0; unknown=0
13362,>30M,ess-group.eu,no,,,,0,,gudrun.trummer@ess-group.eu ; office@ess-group.eu,showing_email_candidates,not_flagged,contact_pages,office@ess-group.eu,,,,office@ess-group.eu,valid=0; invalid=0; risky=0; unknown=1
13363,>30M,manifestus.eu,no,,,,0,,,no_public_email_found,not_flagged,contact_pages,,,,,,valid=0; invalid=0; risky=0; unknown=0
13364,>30M,mi-plast.eu,yes,,,https://aimplas.typeform.com/to/l3G8swjK,0,,,no_public_email_found,not_flagged,contact_pages,,,,,,valid=0; invalid=0; risky=0; unknown=0
13365,>30M,occonsulting.eu,yes,,,https://form.typeform.com/to/jIfRDHIO,0,,oana@occonsulting.eu,showing_email_candidates,not_flagged,contact_pages,,,,,,valid=0; invalid=0; risky=0; unknown=0
13366,>30M,pcdiga.eu,no,,,,0,,,no_public_email_found,not_flagged,contact_pages,,,,,,valid=0; invalid=0; risky=0; unknown=0
13367,>30M,scantest.eu,yes,,,https://form.typeform.com/to/OGAudYFr,0,,contact@bagnoly.com,showing_email_candidates,not_flagged,contact_pages,,,,,,valid=0; invalid=0; risky=0; unknown=0
13368,>30M,creacomp.fi,yes,,,https://unrvey24i95.typeform.com/to/iGCJBHPf,0,,sayhello@creacomp.fi,showing_email_candidates,not_flagged,contact_pages,,,,,,valid=0; invalid=0; risky=0; unknown=0
13369,>30M,diabeteselamaa.fi,no,,,,0,,,no_public_email_found,not_flagged,contact_pages,,,,,,valid=0; invalid=0; risky=0; unknown=0
13370,>30M,krka.fi,no,,,,0,,info.fi@krka.biz,showing_email_candidates,not_flagged,contact_pages,,,,,,valid=0; invalid=0; risky=0; unknown=0
13371,>30M,kuninkaanportti.fi,yes,,,https://4b6oah7zqm1.typeform.com/to/JxJtC54x,0,,kuninkaanportti@kuninkaanportti.fi,showing_email_candidates,not_flagged,contact_pages,,,,,,valid=0; invalid=0; risky=0; unknown=0
13372,>30M,lahdendemarinaiset.fi,yes,,,https://demokraatti.typeform.com/to/kEm29D,0,,sanna.makinen@lh.lahti.fi ; sanna.makinen@lvas.fi,showing_email_candidates,not_flagged,contact_pages,,,,,,valid=0; invalid=0; risky=0; unknown=0
13373,>30M,lantmannen.fi,no,,,,0,,hrsupport@lantmannen.com ; info@lantmannen.com ; konsumentkontakt@lantmannen.com ; medlem@lantmannen.com ; member@lantmannen.com ; press@lantmannen.com ; splide@4.1.4,showing_email_candidates,not_flagged,contact_pages,,,,,,valid=0; invalid=0; risky=0; unknown=0
13374,>30M,porinkuntoklubi.fi,yes,,,https://jp2revxtljx.typeform.com/to/qBdvDfxO,0,,info@porinkuntoklubi.fi,showing_email_candidates,not_flagged,contact_pages,info@porinkuntoklubi.fi,,,,info@porinkuntoklubi.fi,valid=0; invalid=0; risky=0; unknown=1
13375,>30M,postbar.fi,yes,,,https://form.typeform.com/to/Q8Uy8le1,0,,,no_public_email_found,not_flagged,contact_pages,,,,,,valid=0; invalid=0; risky=0; unknown=0
13376,>30M,towerinsurance.com.fj,no,,,,0,,,no_public_email_found,not_flagged,contact_pages,,,,,,valid=0; invalid=0; risky=0; unknown=0
13377,>30M,outdoor.fo,no,,,https://embed.typeform.com/,0,,outdoor@outdoor.fo,showing_email_candidates,not_flagged,contact_pages,,,,,,valid=0; invalid=0; risky=0; unknown=0
13378,>30M,03.snuipp.fr,no,,,,0,,snu03@snuipp.fr ; vue2-animate@2.1.4,showing_email_candidates,not_flagged,contact_pages,,,,,,valid=0; invalid=0; risky=0; unknown=0
13379,>30M,11.snuipp.fr,no,,,,0,,ce.dsden11-mouvement@ac-montpellier.fr ; ce.ia11-cabinet@ac-montpellier.fr ; snu11@snuipp.fr ; vue2-animate@2.1.4,showing_email_candidates,not_flagged,contact_pages,,,,,,valid=0; invalid=0; risky=0; unknown=0
13380,>30M,14.snuipp.fr,no,,,,0,,snu14@snuipp.fr ; vue2-animate@2.1.4,showing_email_candidates,not_flagged,contact_pages,,,,,,valid=0; invalid=0; risky=0; unknown=0
13381,>30M,22.snuipp.fr,no,,,,0,,snu22@snuipp.fr ; snu29@snuipp.fr ; snu35@snuipp.fr ; snu56@snuipp.fr ; vue2-animate@2.1.4,showing_email_candidates,not_flagged,contact_pages,,,,,,valid=0; invalid=0; risky=0; unknown=0
13382,>30M,27.snuipp.fr,no,,,,0,,dsden27-cabinet@ac-normandie.fr ; dsden27-diper1@ac-normandie.fr ; fsu27@fsu.fr ; snu27@snuipp.fr ; u003esnu27@snuipp.fr ; vue2-animate@2.1.4,showing_email_candidates,not_flagged,contact_pages,,,,,,valid=0; invalid=0; risky=0; unknown=0
13383,>30M,30.snuipp.fr,no,,,,0,,snu30@snuipp.fr ; vue2-animate@2.1.4,showing_email_candidates,not_flagged,contact_pages,,,,,,valid=0; invalid=0; risky=0; unknown=0
13384,>30M,35.snuipp.fr,no,,,,0,,snu35@snuipp.fr ; u003ece.35div1aff@ac-rennes.fr ; vue2-animate@2.1.4,showing_email_candidates,not_flagged,contact_pages,,,,,,valid=0; invalid=0; risky=0; unknown=0
13385,>30M,38.snuipp.fr,no,,,,0,,ce.38i-drh-ens1pu@ac-grenoble.fr ; snu38@snuipp.fr ; vue2-animate@2.1.4,showing_email_candidates,not_flagged,contact_pages,,,,,,valid=0; invalid=0; risky=0; unknown=0
13386,>30M,41.snuipp.fr,no,,,,0,,jpa41@jpa.asso.fr ; nsnu41@snuipp.fr ; snu41@snuipp.fr ; u003esnu41@snuipp.fr ; vue2-animate@2.1.4,showing_email_candidates,not_flagged,contact_pages,,,,,,valid=0; invalid=0; risky=0; unknown=0
13387,>30M,56.snuipp.fr,no,,,,0,,fsu.bretagne@fsu.fr ; snu56@snuipp.fr ; u003e-snu22@snuipp.fr ; u003e-snu29@snuipp.fr ; u003e-snu35@snuipp.fr ; u003e-snu56@snuipp.fr ; u003esnu56@snuipp.fr ; vue2-animate@2.1.4,showing_email_candidates,not_flagged,contact_pages,,,,,,valid=0; invalid=0; risky=0; unknown=0
13388,>30M,59.snuipp.fr,no,,,,0,,snu59@snuipp.fr ; vue2-animate@2.1.4,showing_email_candidates,not_flagged,contact_pages,,,,,,valid=0; invalid=0; risky=0; unknown=0
13389,>30M,58.snuipp.fr,no,,,,0,,mouv58@ac-dijon.fr ; snu58@snuipp.fr ; vue2-animate@2.1.4,showing_email_candidates,not_flagged,contact_pages,,,,,,valid=0; invalid=0; risky=0; unknown=0
13390,>30M,74.snuipp.fr,no,,,,0,,ce.dsden74-div1@ac-grenoble.fr ; dp2a@ac-grenoble.fr ; snu74@snuipp.fr ; u003ece.dsden74-div1@ac-grenoble.fr ; u003esnu74@snuipp.fr ; vue2-animate@2.1.4,showing_email_candidates,not_flagged,contact_pages,,,,,,valid=0; invalid=0; risky=0; unknown=0
13391,>30M,71.snuipp.fr,no,,,,0,,ce.inspecteur71@ac-dijon.fr ; snu71@snuipp.fr ; vue2-animate@2.1.4,showing_email_candidates,not_flagged,contact_pages,,,,,,valid=0; invalid=0; risky=0; unknown=0
13392,>30M,63.snuipp.fr,no,,,,0,,mouvementintra-ia63@ac-clermont.fr ; snu63@snuipp.fr ; u003emouvementintra-ia63@ac-clermont.fr ; vue2-animate@2.1.4,showing_email_candidates,not_flagged,contact_pages,,,,,,valid=0; invalid=0; risky=0; unknown=0
13393,>30M,82.snuipp.fr,no,,,,0,,cabinet.ia82@ac-toulouse.fr ; snu46@snuipp.fr ; snu82@snuipp.fr ; vue2-animate@2.1.4,showing_email_candidates,not_flagged,contact_pages,,,,,,valid=0; invalid=0; risky=0; unknown=0
13394,>30M,83.snuipp.fr,no,,,,0,,nmouvement1degre83@ac-nice.fr ; snu83@snuipp.fr ; vue2-animate@2.1.4,showing_email_candidates,not_flagged,contact_pages,,,,,,valid=0; invalid=0; risky=0; unknown=0
13395,>30M,81.snuipp.fr,no,,,,0,,jpa-81@orange.fr ; snu81@snuipp.fr ; vue2-animate@2.1.4,showing_email_candidates,not_flagged,contact_pages,,,,,,valid=0; invalid=0; risky=0; unknown=0
13396,>30M,973.snuipp.fr,no,,,,0,,snu973@snuipp.fr ; vue2-animate@2.1.4,showing_email_candidates,not_flagged,contact_pages,,,,,,valid=0; invalid=0; risky=0; unknown=0
13397,>30M,89.snuipp.fr,no,,,,0,,snu89@snuipp.fr ; vue2-animate@2.1.4,showing_email_candidates,not_flagged,contact_pages,,,,,,valid=0; invalid=0; risky=0; unknown=0
13398,>30M,abc-courtage-assurances.fr,no,,,,0,,,no_public_email_found,not_flagged,contact_pages,,,,,,valid=0; invalid=0; risky=0; unknown=0
13399,>30M,abc-langages.fr,no,,,,0,,,no_public_email_found,not_flagged,contact_pages,,,,,,valid=0; invalid=0; risky=0; unknown=0
13400,>30M,abeilledesgavesetnives.fr,yes,,,https://f4rc9sma3sa.typeform.com/to/pjH9ABjp,0,,abeilledesgavesetnives64@gmail.com,showing_email_candidates,not_flagged,contact_pages,,,,,,valid=0; invalid=0; risky=0; unknown=0
13401,>30M,acadis.fr,no,,,,0,,contact@acadis.fr,showing_email_candidates,not_flagged,contact_pages,contact@acadis.fr,contact@acadis.fr,,,,valid=1; invalid=0; risky=0; unknown=0
13402,>30M,actipole-garage.fr,yes,,,https://embed.typeform.com/ ; https://form.typeform.com/to/JB7Wf44Y,0,,,no_public_email_found,not_flagged,contact_pages,,,,,,valid=0; invalid=0; risky=0; unknown=0
13403,>30M,adeps.fr,no,,,,0,,,no_public_email_found,not_flagged,contact_pages,,,,,,valid=0; invalid=0; risky=0; unknown=0
13404,>30M,adrienbonnier.fr,yes,,,https://adrienbonnier.typeform.com/to/Fgktiu,0,,,no_public_email_found,not_flagged,contact_pages,,,,,,valid=0; invalid=0; risky=0; unknown=0
13405,>30M,agence-de-villepreux.fr,yes,,,https://agence-de-villepreux.typeform.com/to/wPixdpPQ ; https://form.typeform.com/to/ygmfKfrn,0,,leaflet@1.9.4 ; select2@4.1.0-beta.1,showing_email_candidates,not_flagged,contact_pages,,,,,,valid=0; invalid=0; risky=0; unknown=0
13406,>30M,alia-ideam.fr,no,,,,0,,,no_public_email_found,not_flagged,contact_pages,,,,,,valid=0; invalid=0; risky=0; unknown=0
13407,>30M,alize-beaute.fr,yes,,,https://embed.typeform.com/ ; https://form.typeform.com/to/TpZWgtEn,0,,,no_public_email_found,not_flagged,contact_pages,,,,,,valid=0; invalid=0; risky=0; unknown=0
13408,>30M,alsace-depannage-plombier.fr,no,,,,0,,,no_public_email_found,not_flagged,contact_pages,,,,,,valid=0; invalid=0; risky=0; unknown=0
13409,>30M,ambulances-taxi-frantz-ornans.fr,yes,,,https://embed.typeform.com/ ; https://form.typeform.com/to/iYTAG8fO,0,,ambulancestaxifrantz@orange.fr,showing_email_candidates,not_flagged,contact_pages,,,,,,valid=0; invalid=0; risky=0; unknown=0
13410,>30M,anjousante.fr,yes,,,https://anjousante.typeform.com/to/aaOsrF,0,,,no_public_email_found,not_flagged,contact_pages,,,,,,valid=0; invalid=0; risky=0; unknown=0
13411,>30M,anotretour.fr,yes,,,https://form.typeform.com/to/Jte1CmAn ; https://form.typeform.com/to/qDN4gw3k ; https://form.typeform.com/to/Shk8WGHs,0,,,no_public_email_found,not_flagged,contact_pages,,,,,,valid=0; invalid=0; risky=0; unknown=0
13412,>30M,apadservices.fr,yes,,,https://embed.typeform.com/ ; https://form.typeform.com/to/f9MtZnrF,0,,,no_public_email_found,not_flagged,contact_pages,,,,,,valid=0; invalid=0; risky=0; unknown=0
13413,>30M,aquirin.fr,yes,,,https://bg46wdaqk2w.typeform.com/to/pFqmBfdi,0,,,no_public_email_found,not_flagged,contact_pages,,,,,,valid=0; invalid=0; risky=0; unknown=0
13414,>30M,arbraculture.fr,yes,,,https://form.typeform.com/to/VCwsWSuf,0,,contact@arbraculture.fr,showing_email_candidates,not_flagged,contact_pages,contact@arbraculture.fr,contact@arbraculture.fr,,,,valid=1; invalid=0; risky=0; unknown=0
13415,>30M,archives.nantes.fr,no,,,,0,,,no_public_email_found,not_flagged,contact_pages,,,,,,valid=0; invalid=0; risky=0; unknown=0
13416,>30M,askoh.fr,yes,,,https://embed.typeform.com/ ; https://form.typeform.com/to/Vor3aZxY,0,,,no_public_email_found,not_flagged,contact_pages,,,,,,valid=0; invalid=0; risky=0; unknown=0
13417,>30M,assurance-et-securite.fr,no,,,,0,,,no_public_email_found,not_flagged,contact_pages,,,,,,valid=0; invalid=0; risky=0; unknown=0
13418,>30M,aucomptoirfloral.fr,yes,,,https://dezup.typeform.com/to/zJG27MwL,0,,,no_public_email_found,not_flagged,contact_pages,,,,,,valid=0; invalid=0; risky=0; unknown=0
13419,>30M,autorama-guyane.fr,yes,,,,0,,,no_public_email_found,not_flagged,contact_pages,,,,,,valid=0; invalid=0; risky=0; unknown=0
13420,>30M,avocat-herrmann.fr,yes,,,https://embed.typeform.com/ ; https://form.typeform.com/to/V1dkcoxz,0,,hlgavocats@gmail.com,showing_email_candidates,not_flagged,contact_pages,,,,,,valid=0; invalid=0; risky=0; unknown=0
13421,>30M,avocat-pollet-constance.fr,yes,,,https://embed.typeform.com/ ; https://form.typeform.com/to/yN0ueWAn,0,,,no_public_email_found,not_flagged,contact_pages,,,,,,valid=0; invalid=0; risky=0; unknown=0
13422,>30M,banz-denis.fr,yes,,,,0,,,no_public_email_found,not_flagged,contact_pages,,,,,,valid=0; invalid=0; risky=0; unknown=0
13423,>30M,basset-electromenager.fr,no,,,,0,,,no_public_email_found,not_flagged,contact_pages,,,,,,valid=0; invalid=0; risky=0; unknown=0
13424,>30M,benjaminlucas.fr,no,,,https://embed.typeform.com/,0,,non-censure-du-gouvernement-le-depute-ecologiste-benjamin-lucas-voulait-censurer-un-gouvernement-qui-flirte-avec-l-extreme-droite-d840ee-0@1x-1024x614.jpg ; non-censure-du-gouvernement-le-depute-ecologiste-benjamin-lucas-voulait-censurer-un-gouvernement-qui-flirte-avec-l-extreme-droite-d840ee-0@1x-300x180.jpg ; non-censure-du-gouvernement-le-depute-ecologiste-benjamin-lucas-voulait-censurer-un-gouvernement-qui-flirte-avec-l-extreme-droite-d840ee-0@1x-768x461.jpg ; non-censure-du-gouvernement-le-depute-ecologiste-benjamin-lucas-voulait-censurer-un-gouvernement-qui-flirte-avec-l-extreme-droite-d840ee-0@1x.jpg ; vignette_paysage_lcppublicsenat-2fc50c-540f9e-0@3x-copie-1024x524.jpg ; vignette_paysage_lcppublicsenat-2fc50c-540f9e-0@3x-copie-1536x787.jpg ; vignette_paysage_lcppublicsenat-2fc50c-540f9e-0@3x-copie-2048x1049.jpg ; vignette_paysage_lcppublicsenat-2fc50c-540f9e-0@3x-copie-300x154.jpg ; vignette_paysage_lcppublicsenat-2fc50c-540f9e-0@3x-copie-768x393.jpg ; vignette_paysage_lcppublicsenat-2fc50c-540f9e-0@3x-copie.jpg,showing_email_candidates,not_flagged,contact_pages,,,,,,valid=0; invalid=0; risky=0; unknown=0
13425,>30M,bergdemenagements.fr,yes,,,https://embed.typeform.com/ ; https://form.typeform.com/to/N0pSZei6,0,,,no_public_email_found,not_flagged,contact_pages,,,,,,valid=0; invalid=0; risky=0; unknown=0
13426,>30M,boit-action.fr,yes,,,,0,,,no_public_email_found,not_flagged,contact_pages,,,,,,valid=0; invalid=0; risky=0; unknown=0
13427,>30M,bontems-peinture.fr,no,,,,0,,,no_public_email_found,not_flagged,contact_pages,,,,,,valid=0; invalid=0; risky=0; unknown=0
13428,>30M,bookstarter.fr,no,,,,0,,,no_public_email_found,not_flagged,contact_pages,,,,,,valid=0; invalid=0; risky=0; unknown=0
13429,>30M,bourse-commercialite.fr,yes,,,https://embed.typeform.com/ ; https://form.typeform.com/to/c5azV1gH,0,,contact@bourse-commercialite.com,showing_email_candidates,not_flagged,contact_pages,,,,,,valid=0; invalid=0; risky=0; unknown=0
13430,>30M,centre-emg-alco.fr,yes,,,https://webexpr.typeform.com/to/m8DgsCgi,0,,infos@centre-alco.fr ; secretariat.centre.emg@gmail.com,showing_email_candidates,not_flagged,contact_pages,,,,,,valid=0; invalid=0; risky=0; unknown=0
13431,>30M,chartreuxdelombredor.fr,no,,,,0,,,no_public_email_found,not_flagged,contact_pages,,,,,,valid=0; invalid=0; risky=0; unknown=0
13432,>30M,chateautoursthonore.fr,no,,,,0,,,no_public_email_found,not_flagged,contact_pages,,,,,,valid=0; invalid=0; risky=0; unknown=0
13433,>30M,cleo-group.fr,no,,,,0,,,no_public_email_found,not_flagged,contact_pages,,,,,,valid=0; invalid=0; risky=0; unknown=0
13434,>30M,closall-portails.fr,yes,,,https://embed.typeform.com/ ; https://form.typeform.com/to/zTdN16q6,0,,,no_public_email_found,not_flagged,contact_pages,,,,,,valid=0; invalid=0; risky=0; unknown=0
13435,>30M,closdujaugueyron.fr,no,,,,0,,,no_public_email_found,not_flagged,contact_pages,,,,,,valid=0; invalid=0; risky=0; unknown=0
13436,>30M,cogitostrategy.fr,no,,,https://cogitostrategy.typeform.com/,0,,all-scroll@3x-98x150.png ; all-scroll@3x.png,showing_email_candidates,not_flagged,contact_pages,,,,,,valid=0; invalid=0; risky=0; unknown=0
13437,>30M,coinvest.fr,yes,,,https://r3s2zz7z499.typeform.com/to/ihV50eoc,0,,contact@coinvest.fr,showing_email_candidates,not_flagged,contact_pages,contact@coinvest.fr,contact@coinvest.fr,,,,valid=1; invalid=0; risky=0; unknown=0
13438,>30M,conseil-naturo.fr,yes,,,https://nrijc2hu9fv.typeform.com/to/cy8lpAQ7,0,,prele@conseil-naturo.fr,showing_email_candidates,not_flagged,contact_pages,,,,,,valid=0; invalid=0; risky=0; unknown=0
13439,>30M,couverture-bartur.fr,no,,,,0,,,no_public_email_found,not_flagged,contact_pages,,,,,,valid=0; invalid=0; risky=0; unknown=0
13440,>30M,courtois-herve.fr,yes,,,https://embed.typeform.com/ ; https://form.typeform.com/to/q96aJObx,0,,,no_public_email_found,not_flagged,contact_pages,,,,,,valid=0; invalid=0; risky=0; unknown=0
13441,>30M,crechelacourteechelle.fr,yes,,,https://crechelacourteechelle.typeform.com/to/OgJSZZ,0,,,no_public_email_found,not_flagged,contact_pages,,,,,,valid=0; invalid=0; risky=0; unknown=0
13442,>30M,cuenot-dominique.fr,no,,,,0,,,no_public_email_found,not_flagged,contact_pages,,,,,,valid=0; invalid=0; risky=0; unknown=0
13443,>30M,cv-toiture.fr,yes,,,https://embed.typeform.com/ ; https://form.typeform.com/to/dFKNV3ua,0,,,no_public_email_found,not_flagged,contact_pages,,,,,,valid=0; invalid=0; risky=0; unknown=0
13444,>30M,demenagements-olivier.fr,no,,,,0,,demenagementolivier84@gmail.com,showing_email_candidates,not_flagged,contact_pages,,,,,,valid=0; invalid=0; risky=0; unknown=0
13445,>30M,depannage-serrurerie-chalon.fr,no,,,,0,,,no_public_email_found,not_flagged,contact_pages,,,,,,valid=0; invalid=0; risky=0; unknown=0
13446,>30M,diamartgroup.fr,yes,,,,0,,dia-mart@dia-mart.fr ; diamart@diamart.fr,showing_email_candidates,not_flagged,contact_pages,,,,,,valid=0; invalid=0; risky=0; unknown=0
13447,>30M,dmebatiment.fr,yes,,,https://l531o3jnj07.typeform.com/to/e9KjXm1g ; https://l531o3jnj07.typeform.com/to/xwHtw0nh,0,,bootstrap@5.3.3 ; contact@dmebatiment.fr,showing_email_candidates,not_flagged,contact_pages,contact@dmebatiment.fr,contact@dmebatiment.fr,,,,valid=1; invalid=0; risky=0; unknown=0
13448,>30M,domainedesmasques.fr,no,,,,0,,accueil@domainedesmasques.fr,showing_email_candidates,not_flagged,contact_pages,,,,,,valid=0; invalid=0; risky=0; unknown=0
13449,>30M,drsport-pro.fr,yes,,,,0,,,no_public_email_found,not_flagged,contact_pages,,,,,,valid=0; invalid=0; risky=0; unknown=0
13450,>30M,dupasquier-bloino.fr,no,,,,0,,,no_public_email_found,not_flagged,contact_pages,,,,,,valid=0; invalid=0; risky=0; unknown=0
13451,>30M,ecole-cab.fr,no,,,,0,,administration@ecole-cab.fr,showing_email_candidates,not_flagged,contact_pages,,,,,,valid=0; invalid=0; risky=0; unknown=0
13452,>30M,entreprise-de-nettoyage-general.fr,no,,,https://architaide.typeform.com/,0,,bootstrap@5.1.3 ; slick-carousel@1.8.1,showing_email_candidates,not_flagged,contact_pages,,,,,,valid=0; invalid=0; risky=0; unknown=0
13453,>30M,ericchabot.fr,no,,,,0,,,no_public_email_found,not_flagged,contact_pages,,,,,,valid=0; invalid=0; risky=0; unknown=0
13454,>30M,esdeco.fr,yes,,,,0,,,no_public_email_found,not_flagged,contact_pages,,,,,,valid=0; invalid=0; risky=0; unknown=0
13455,>30M,espace-nettoyage-vosges.fr,no,,,,0,,,no_public_email_found,not_flagged,contact_pages,,,,,,valid=0; invalid=0; risky=0; unknown=0
13456,>30M,feralu-metallerie.fr,no,,,,0,,,no_public_email_found,not_flagged,contact_pages,,,,,,valid=0; invalid=0; risky=0; unknown=0
13457,>30M,fermedesgimeys.fr,yes,,,,0,,,no_public_email_found,not_flagged,contact_pages,,,,,,valid=0; invalid=0; risky=0; unknown=0
13458,>30M,france-maintenance-incendie.fr,no,,,,0,,,no_public_email_found,not_flagged,contact_pages,,,,,,valid=0; invalid=0; risky=0; unknown=0
13459,>30M,freshpepper.fr,yes,,,https://7zya3jcttaj.typeform.com/to/LQFCN6N0,0,,,no_public_email_found,not_flagged,contact_pages,,,,,,valid=0; invalid=0; risky=0; unknown=0
13460,>30M,gamespark88.fr,no,,,,0,,,no_public_email_found,not_flagged,contact_pages,,,,,,valid=0; invalid=0; risky=0; unknown=0
13461,>30M,garage-didier.fr,yes,,,,0,,,no_public_email_found,not_flagged,contact_pages,,,,,,valid=0; invalid=0; risky=0; unknown=0
13462,>30M,garage-sauter.fr,yes,,,,0,,,no_public_email_found,not_flagged,contact_pages,,,,,,valid=0; invalid=0; risky=0; unknown=0
13463,>30M,gb-electricite.fr,no,,,,0,,gb.electricite@orange.fr,showing_email_candidates,not_flagged,contact_pages,,,,,,valid=0; invalid=0; risky=0; unknown=0
13464,>30M,gdiy.fr,yes,,,https://cosavostra-agence.typeform.com/to/pNx7L6,0,,gdiy@stefani.fr ; symbol_full_black@2x-160x57.png ; symbol_full_black@2x-210x75.png ; symbol_full_black@2x-300x107.png ; symbol_full_black@2x-350x124.png ; symbol_full_black@2x-500x178.png ; symbol_full_black@2x-768x273.png ; symbol_full_black@2x.png,showing_email_candidates,not_flagged,contact_pages,,,,,,valid=0; invalid=0; risky=0; unknown=0
13465,>30M,gladwellacademy.fr,yes,,,https://gladwellacademy.typeform.com/to/HVmb3uzq,0,,info@gladwellacademy.fr ; u003einfo@gladwellacademy.fr,showing_email_candidates,not_flagged,contact_pages,info@gladwellacademy.fr,,,,info@gladwellacademy.fr,valid=0; invalid=0; risky=0; unknown=1
13466,>30M,grapp.fr,no,,,https://embed.typeform.com/,0,,logo-adecco@2x.png ; logo-adecco@2x.png.webp ; logo-asse@2x.png ; logo-asse@2x.png.webp ; logo-atscaf@2x.png ; logo-atscaf@2x.png.webp ; logo-chamonix@2x.png ; logo-chamonix@2x.png.webp ; logo-leroy@2x.png ; logo-leroy@2x.png.webp ; logo-marel@2x.png ; logo-marel@2x.png.webp ; logo-nephrocare@2x.png ; logo-nephrocare@2x.png.webp ; logo-nidec@2x.png ; logo-nidec@2x.png.webp ; logo-pci@2x.png ; logo-pci@2x.png.webp ; logo-reveillon@2x.png ; logo-reveillon@2x.png.webp ; logo-tansportperbet@2x.png ; logo-tansportperbet@2x.png.webp ; logo-xpo@2x.png ; logo-xpo@2x.png.webp ; monemail@outlook.com ; picture-2@2x-300x153.png ; picture-2@2x-300x153.png.webp ; picture-2@2x-768x393.png ; picture-2@2x-768x393.png.webp ; picture-2@2x.png ; picture-2@2x.png.webp ; portable@2x-276x300.png ; portable@2x-276x300.png.webp ; portable@2x.png ; portable@2x.png.webp,showing_email_candidates,not_flagged,contact_pages,,,,,,valid=0; invalid=0; risky=0; unknown=0
13467,>30M,hellocreche.fr,no,,,,0,,leaflet.markercluster@1.4.1 ; leaflet@1.9.4,showing_email_candidates,not_flagged,contact_pages,,,,,,valid=0; invalid=0; risky=0; unknown=0
13468,>30M,hifed.fr,no,,,,0,,contact@hifed.fr,showing_email_candidates,not_flagged,contact_pages,contact@hifed.fr,,contact@hifed.fr,,,valid=0; invalid=1; risky=0; unknown=0
13469,>30M,hmproservices.fr,no,,,,0,,,no_public_email_found,not_flagged,contact_pages,,,,,,valid=0; invalid=0; risky=0; unknown=0
13470,>30M,inlingua-france.fr,no,,,,0,,,no_public_email_found,not_flagged,contact_pages,,,,,,valid=0; invalid=0; risky=0; unknown=0
13471,>30M,iscab.fr,yes,,,,0,,,no_public_email_found,not_flagged,contact_pages,,,,,,valid=0; invalid=0; risky=0; unknown=0
13472,>30M,kubpatrimoine.fr,no,,,,0,,contact@kubpatrimoine.fr ; gestion@kubpatrimoine.fr,showing_email_candidates,not_flagged,contact_pages,contact@kubpatrimoine.fr,contact@kubpatrimoine.fr,,,,valid=1; invalid=0; risky=0; unknown=0
13473,>30M,lampe-materiaux.fr,yes,,,https://squareweb.typeform.com/to/jgJd4U ; https://squareweb.typeform.com/to/t9IwZr,0,,didier.lampe@lampe-materiaux.fr,showing_email_candidates,not_flagged,contact_pages,,,,,,valid=0; invalid=0; risky=0; unknown=0
13474,>30M,larevuedupraticien-dpc.fr,yes,,,https://a70g6whqcyu.typeform.com/to/C9X9kAIz,0,,dpc@larevuedupraticien.fr,showing_email_candidates,not_flagged,contact_pages,,,,,,valid=0; invalid=0; risky=0; unknown=0
13475,>30M,lartisan-garagiste.fr,no,,,,0,,,no_public_email_found,not_flagged,contact_pages,,,,,,valid=0; invalid=0; risky=0; unknown=0
13476,>30M,lazzari-fleurs.fr,yes,,,,0,,,no_public_email_found,not_flagged,contact_pages,,,,,,valid=0; invalid=0; risky=0; unknown=0
13477,>30M,lepetitnapoli.fr,no,,,,0,,,no_public_email_found,not_flagged,contact_pages,,,,,,valid=0; invalid=0; risky=0; unknown=0
13478,>30M,lesmaisonslina.fr,no,,,,0,,artettradition30@gmail.com,showing_email_candidates,not_flagged,contact_pages,,,,,,valid=0; invalid=0; risky=0; unknown=0
13479,>30M,linkedtattoo.fr,yes,,,https://form.typeform.com/to/hvhe8k0L ; https://studiosoixante.typeform.com/to/C9jO97XT,0,,emylinkedtattoo@gmail.com ; five-star-blanc@500x-300x50.png ; five-star-blanc@500x-350x59.png ; five-star-blanc@500x-600x101.png ; five-star-blanc@500x-768x129.png ; five-star-blanc@500x.png,showing_email_candidates,not_flagged,contact_pages,,,,,,valid=0; invalid=0; risky=0; unknown=0
13480,>30M,liseteilhat.fr,yes,,,https://form.typeform.com/to/ngamAQb0,0,,lteilhat@gmail.com,showing_email_candidates,not_flagged,contact_pages,,,,,,valid=0; invalid=0; risky=0; unknown=0
13481,>30M,logifac.fr,no,,,,0,,,no_public_email_found,not_flagged,contact_pages,,,,,,valid=0; invalid=0; risky=0; unknown=0
13482,>30M,lorrypacko.fr,yes,,,https://eyo9sakeroh.typeform.com/to/CrJel03O,0,,plan-de-travail-1@2x-1.png,showing_email_candidates,not_flagged,contact_pages,,,,,,valid=0; invalid=0; risky=0; unknown=0
13483,>30M,lormaye.fr,yes,,,https://iwa9xsn5xc3.typeform.com/to/SqvXB5WV,0,,mairie.lormaye@wanadoo.fr,showing_email_candidates,not_flagged,contact_pages,,,,,,valid=0; invalid=0; risky=0; unknown=0
13484,>30M,lorrainoeuf.fr,no,,,,0,,contact@lorrainoeuf.fr,showing_email_candidates,not_flagged,contact_pages,contact@lorrainoeuf.fr,contact@lorrainoeuf.fr,,,,valid=1; invalid=0; risky=0; unknown=0
13485,>30M,macogestion.fr,no,,,https://embed.typeform.com/,0,,,no_public_email_found,not_flagged,contact_pages,,,,,,valid=0; invalid=0; risky=0; unknown=0
13486,>30M,maconnerie-vettorazzofrederic-montbeliard.fr,no,,,,0,,,no_public_email_found,not_flagged,contact_pages,,,,,,valid=0; invalid=0; risky=0; unknown=0
13487,>30M,matos-location.fr,yes,,,,0,,,no_public_email_found,not_flagged,contact_pages,,,,,,valid=0; invalid=0; risky=0; unknown=0
13488,>30M,md2a.fr,no,,,,0,,contact@md2a.fr,showing_email_candidates,not_flagged,contact_pages,contact@md2a.fr,,contact@md2a.fr,,,valid=0; invalid=1; risky=0; unknown=0
13489,>30M,mg-habitat.fr,yes,,,,0,,,no_public_email_found,not_flagged,contact_pages,,,,,,valid=0; invalid=0; risky=0; unknown=0
13490,>30M,mika-elagage.fr,no,,,,0,,,no_public_email_found,not_flagged,contact_pages,,,,,,valid=0; invalid=0; risky=0; unknown=0
13491,>30M,mlsi.fr,no,,,,0,,,no_public_email_found,not_flagged,contact_pages,,,,,,valid=0; invalid=0; risky=0; unknown=0
13492,>30M,motomob.fr,yes,,,https://embed.typeform.com/ ; https://form.typeform.com/to/u4t89CsS,0,,motomob@wanadoo.fr,showing_email_candidates,not_flagged,contact_pages,,,,,,valid=0; invalid=0; risky=0; unknown=0
13493,>30M,ms-plafond.fr,yes,,,https://embed.typeform.com/ ; https://form.typeform.com/to/a0w0IbWc,0,,,no_public_email_found,not_flagged,contact_pages,,,,,,valid=0; invalid=0; risky=0; unknown=0
13494,>30M,neo.snuipp.fr,no,,,,0,,neo@snuipp.fr ; vue2-animate@2.1.4,showing_email_candidates,not_flagged,contact_pages,,,,,,valid=0; invalid=0; risky=0; unknown=0
13495,>30M,nextinterim.fr,yes,,,https://groupejarnias.typeform.com/to/kYNEXABd,0,,contact@nextinterim.fr,showing_email_candidates,not_flagged,contact_pages,contact@nextinterim.fr,contact@nextinterim.fr,,,,valid=1; invalid=0; risky=0; unknown=0
13496,>30M,nouvellevie.fr,yes,,,https://mdiasnv.typeform.com/to/Mu6YGvEi,0,,franceinfo.montpellier@nouvellevie.fr ; info.montpellier@nouvellevie.fr,showing_email_candidates,not_flagged,contact_pages,,,,,,valid=0; invalid=0; risky=0; unknown=0
13497,>30M,novamut-prevoyance.fr,yes,,,https://novamut.typeform.com/to/mbn2aMOX,0,,reclamation@novamut.fr,showing_email_candidates,not_flagged,contact_pages,,,,,,valid=0; invalid=0; risky=0; unknown=0
13498,>30M,nuess.fr,no,,,,0,,,no_public_email_found,not_flagged,contact_pages,,,,,,valid=0; invalid=0; risky=0; unknown=0
13499,>30M,okao.fr,yes,,,,0,,,no_public_email_found,not_flagged,contact_pages,,,,,,valid=0; invalid=0; risky=0; unknown=0
13500,>30M,omeco-energie.fr,yes,,,,0,,,no_public_email_found,not_flagged,contact_pages,,,,,,valid=0; invalid=0; risky=0; unknown=0
13501,>30M,opticlobo-promoptical.fr,no,,,https://embed.typeform.com/ ; https://form.typeform.com/to/PGBjxk7L,0,,,no_public_email_found,not_flagged,contact_pages,,,,,,valid=0; invalid=0; risky=0; unknown=0
13502,>30M,peinture-livecchi.fr,yes,,,,0,,,no_public_email_found,not_flagged,contact_pages,,,,,,valid=0; invalid=0; risky=0; unknown=0
13503,>30M,pickr.fr,yes,,,https://pickrbio.typeform.com/to/wOcYF8,0,,care@delicorner.co ; contact@pickr.fr,showing_email_candidates,not_flagged,contact_pages,contact@pickr.fr,contact@pickr.fr,,,,valid=1; invalid=0; risky=0; unknown=0
13504,>30M,pianovivo.fr,yes,,,https://vgprod.typeform.com/to/hwEYP4BW,0,,,no_public_email_found,not_flagged,contact_pages,,,,,,valid=0; invalid=0; risky=0; unknown=0
13505,>30M,pompes-funebres-rivat.fr,yes,,,https://embed.typeform.com/ ; https://form.typeform.com/to/udZTiw5B,0,,,no_public_email_found,not_flagged,contact_pages,,,,,,valid=0; invalid=0; risky=0; unknown=0
13506,>30M,propulse-it.fr,yes,,,,0,,contact@propulse-it.fr ; lduhal@propulse-it.fr ; omorichon@propulse-it.fr,showing_email_candidates,not_flagged,contact_pages,contact@propulse-it.fr,contact@propulse-it.fr,,,,valid=1; invalid=0; risky=0; unknown=0
13507,>30M,prospectys.fr,no,,,,0,,,no_public_email_found,not_flagged,contact_pages,,,,,,valid=0; invalid=0; risky=0; unknown=0
13508,>30M,quaidesglaces69.fr,yes,,,,0,,,no_public_email_found,not_flagged,contact_pages,,,,,,valid=0; invalid=0; risky=0; unknown=0
13509,>30M,raconsulting.fr,no,,,,0,,alpinejs@3.x.x ; collapse@3.x.x ; gsap@3.12.5 ; intersect@3.x.x ; lottie-web@5.12.2,showing_email_candidates,not_flagged,contact_pages,,,,,,valid=0; invalid=0; risky=0; unknown=0
13510,>30M,registredesbeneficiaires.fr,yes,,,https://embed.typeform.com/ ; https://l3o.typeform.com/to/QecWew ; https://l3o.typeform.com/to/ulcINW,0,,info@registredesbeneficiaires.fr,showing_email_candidates,not_flagged,contact_pages,info@registredesbeneficiaires.fr,,,,info@registredesbeneficiaires.fr,valid=0; invalid=0; risky=0; unknown=1
13511,>30M,restaurarte.fr,yes,,,https://restaurarte.typeform.com/to/GWD6fz,0,,contact@restaurarte.fr,showing_email_candidates,not_flagged,contact_pages,contact@restaurarte.fr,contact@restaurarte.fr,,,,valid=1; invalid=0; risky=0; unknown=0
13512,>30M,rlt-terrassement.fr,yes,,,https://embed.typeform.com/ ; https://form.typeform.com/to/rlauZfQW,0,,,no_public_email_found,not_flagged,contact_pages,,,,,,valid=0; invalid=0; risky=0; unknown=0
13513,>30M,royal-spa.fr,no,,,,0,,,no_public_email_found,not_flagged,contact_pages,,,,,,valid=0; invalid=0; risky=0; unknown=0
13514,>30M,s-am.fr,yes,,,,0,,,no_public_email_found,not_flagged,contact_pages,,,,,,valid=0; invalid=0; risky=0; unknown=0
13515,>30M,safy.fr,yes,,,,0,,,no_public_email_found,not_flagged,contact_pages,,,,,,valid=0; invalid=0; risky=0; unknown=0
13516,>30M,saint-lucien.fr,yes,,,https://iwa9xsn5xc3.typeform.com/to/SqvXB5WV,0,,mairie.stlucien@orange.fr,showing_email_candidates,not_flagged,contact_pages,,,,,,valid=0; invalid=0; risky=0; unknown=0
13517,>30M,sam-hattal.fr,no,,,,0,,,no_public_email_found,not_flagged,contact_pages,,,,,,valid=0; invalid=0; risky=0; unknown=0
13518,>30M,sarlmelimelo.fr,yes,,,https://embed.typeform.com/ ; https://form.typeform.com/to/oV0RWL3p,0,,,no_public_email_found,not_flagged,contact_pages,,,,,,valid=0; invalid=0; risky=0; unknown=0
13519,>30M,sauvegardeexternalisee.fr,no,,,,0,,,no_public_email_found,not_flagged,contact_pages,,,,,,valid=0; invalid=0; risky=0; unknown=0
13520,>30M,sb-nettoyage-thionville.fr,no,,,,0,,,no_public_email_found,not_flagged,contact_pages,,,,,,valid=0; invalid=0; risky=0; unknown=0
13521,>30M,scantest.fr,yes,,,,0,,,no_public_email_found,not_flagged,contact_pages,,,,,,valid=0; invalid=0; risky=0; unknown=0
13522,>30M,serrurerie-vosges-lalevee.fr,no,,,,0,,,no_public_email_found,not_flagged,contact_pages,,,,,,valid=0; invalid=0; risky=0; unknown=0
13523,>30M,shivalaya.fr,no,,,,0,,shivalaya.fr@gmail.com ; shivilaya.fr@gmail.com,showing_email_candidates,not_flagged,contact_pages,,,,,,valid=0; invalid=0; risky=0; unknown=0
13524,>30M,singer-montceau.fr,yes,,,https://embed.typeform.com/ ; https://form.typeform.com/to/X4LEKujq,0,,,no_public_email_found,not_flagged,contact_pages,,,,,,valid=0; invalid=0; risky=0; unknown=0
13525,>30M,taxi-issois.fr,yes,,,https://embed.typeform.com/ ; https://form.typeform.com/to/iczKIK1F,0,,,no_public_email_found,not_flagged,contact_pages,,,,,,valid=0; invalid=0; risky=0; unknown=0
13526,>30M,taxi-veronique.fr,yes,,,,0,,,no_public_email_found,not_flagged,contact_pages,,,,,,valid=0; invalid=0; risky=0; unknown=0
13527,>30M,tourlane.fr,no,,,,0,,lea@cohortpr.com ; sprite@2x.png,showing_email_candidates,not_flagged,contact_pages,,,,,,valid=0; invalid=0; risky=0; unknown=0
13528,>30M,trailtheworld.fr,no,,,,0,,someone@example.com ; voyages@traitheworld.fr,showing_email_candidates,not_flagged,contact_pages,,,,,,valid=0; invalid=0; risky=0; unknown=0
13529,>30M,unaf54.fr,yes,,,,0,,,no_public_email_found,not_flagged,contact_pages,,,,,,valid=0; invalid=0; risky=0; unknown=0
13530,>30M,urlacher-sebastien.fr,yes,,,https://embed.typeform.com/ ; https://form.typeform.com/to/nU3PxiGR,0,,,no_public_email_found,not_flagged,contact_pages,,,,,,valid=0; invalid=0; risky=0; unknown=0
13531,>30M,visionprotect.fr,yes,,,https://form.typeform.com/to/gPTgiM8p ; https://form.typeform.com/to/KkUmiMNW ; https://form.typeform.com/to/qlr92fvb,0,,rdv@visionprotect.fr ; three@0.152.2,showing_email_candidates,not_flagged,contact_pages,,,,,,valid=0; invalid=0; risky=0; unknown=0
13532,>30M,weal.fr,yes,,,https://form.typeform.com/to/yUheFhlY,0,,entreprise@weal.fr ; entreprise@www.weal.fr ; presse@weal.fr ; questions@weal.fr ; questions@www.weal.fr ; rdv@weal.fr,showing_email_candidates,not_flagged,contact_pages,,,,,,valid=0; invalid=0; risky=0; unknown=0
13533,>30M,webcarcash.fr,no,,,,0,,contact@webcarcash.fr,showing_email_candidates,not_flagged,contact_pages,contact@webcarcash.fr,,contact@webcarcash.fr,,,valid=0; invalid=1; risky=0; unknown=0
13534,>30M,wesun.fr,yes,,,https://form.typeform.com/to/k2zc2wP8,0,,contact@wesun.fr,showing_email_candidates,not_flagged,contact_pages,contact@wesun.fr,contact@wesun.fr,,,,valid=1; invalid=0; risky=0; unknown=0
13535,>30M,winestyle.fr,no,,,,0,,,no_public_email_found,not_flagged,contact_pages,,,,,,valid=0; invalid=0; risky=0; unknown=0
13536,>30M,woodblocx.fr,no,,,,0,,hello@woodblocx.fr,showing_email_candidates,not_flagged,contact_pages,hello@woodblocx.fr,hello@woodblocx.fr,,,,valid=1; invalid=0; risky=0; unknown=0
13537,>30M,yvescharvis.fr,no,,,,0,,contact@yvescharvis.fr ; vous@exemple.com,showing_email_candidates,not_flagged,contact_pages,contact@yvescharvis.fr,contact@yvescharvis.fr,,,,valid=1; invalid=0; risky=0; unknown=0
13538,>30M,zeninstitut78.fr,no,,,,0,,,no_public_email_found,not_flagged,contact_pages,,,,,,valid=0; invalid=0; risky=0; unknown=0
13539,>30M,chartercommission.idaho.gov,yes,,,https://form.typeform.com/to/SaIjOdjV ; https://form.typeform.com/to/ZEJsGaDM,0,,brian.tillinger@osbe.idaho.gov ; jared.dawson@osbe.idaho.gov ; joy.lindner@osbe.idaho.gov ; monique.bosse@osbe.idaho.gov ; rachel.burk@osbe.idaho.gov,showing_email_candidates,not_flagged,contact_pages,,,,,,valid=0; invalid=0; risky=0; unknown=0
13540,>30M,mcdhh.mo.gov,yes,,,,0,,amysue.guinn@mcdhh.mo.gov ; becky.davis@mcdhh.mo.gov ; interpreters@pr.mo.gov ; johanna.martin@mcdhh.mo.gov ; mcdhh@mcdhh.mo.gov ; shanda.miller@mcdhh.mo.gov ; sonya.smith@mcdhh.mo.gov,showing_email_candidates,not_flagged,contact_pages,,,,,,valid=0; invalid=0; risky=0; unknown=0
13541,>30M,rural.maryland.gov,yes,,,,0,,,no_public_email_found,not_flagged,contact_pages,,,,,,valid=0; invalid=0; risky=0; unknown=0
13542,>30M,istosnet.gr,no,,,https://embed.typeform.com/,0,,,no_public_email_found,not_flagged,contact_pages,,,,,,valid=0; invalid=0; risky=0; unknown=0
13543,>30M,taxivan.gr,no,,,,0,,alexisvolteas@gmail.com,showing_email_candidates,not_flagged,contact_pages,,,,,,valid=0; invalid=0; risky=0; unknown=0
13544,>30M,zwcad.com.gr,yes,,,,0,,sales@easycad.com.gr ; support@easycad.com.gr,showing_email_candidates,not_flagged,contact_pages,,,,,,valid=0; invalid=0; risky=0; unknown=0
13545,>30M,ip.com.gt,no,,,,0,,,no_public_email_found,not_flagged,contact_pages,,,,,,valid=0; invalid=0; risky=0; unknown=0
13546,>30M,droste.hk,no,,,https://embed.typeform.com/,0,,,no_public_email_found,not_flagged,contact_pages,,,,,,valid=0; invalid=0; risky=0; unknown=0
13547,>30M,mybody.com.hk,yes,,,,0,,,no_public_email_found,not_flagged,contact_pages,,,,,,valid=0; invalid=0; risky=0; unknown=0
13548,>30M,nacs.com.hk,yes,,,https://form.typeform.com/to/n0Adf2M9 ; https://form.typeform.com/to/O9tXqXlO,0,,nacs@nacs.com.hk ; ningbo@nacs.com.cn ; shanghai@nacs.com.cn,showing_email_candidates,not_flagged,contact_pages,,,,,,valid=0; invalid=0; risky=0; unknown=0
13549,>30M,pvc-zagorje-plast.hr,no,,,,0,,,no_public_email_found,not_flagged,contact_pages,,,,,,valid=0; invalid=0; risky=0; unknown=0
13550,>30M,bplan.hu,yes,,,https://form.typeform.com/to/eXAmeII0,0,,,no_public_email_found,not_flagged,contact_pages,,,,,,valid=0; invalid=0; risky=0; unknown=0
13551,>30M,lovepeng.hu,yes,,,https://images.typeform.com/ ; https://npoecoff.typeform.com/to/fjHyoM,0,,twemoji@14.0.2,showing_email_candidates,not_flagged,contact_pages,,,,,,valid=0; invalid=0; risky=0; unknown=0
13552,>30M,pixelgraf.hu,yes,,,,0,,,no_public_email_found,not_flagged,contact_pages,,,,,,valid=0; invalid=0; risky=0; unknown=0
13553,>30M,porcesizom.hu,no,,,,0,,,no_public_email_found,not_flagged,contact_pages,,,,,,valid=0; invalid=0; risky=0; unknown=0
13554,>30M,soprema.hu,no,,,,0,,assistance@soprema.fr ; info@soprema.hu,showing_email_candidates,not_flagged,contact_pages,info@soprema.hu,,,,info@soprema.hu,valid=0; invalid=0; risky=0; unknown=1
13555,>30M,tina.hu,yes,,,,0,,,no_public_email_found,not_flagged,contact_pages,,,,,,valid=0; invalid=0; risky=0; unknown=0
13556,>30M,bprsupra.co.id,no,,,,0,,,no_public_email_found,not_flagged,contact_pages,,,,,,valid=0; invalid=0; risky=0; unknown=0
13557,>30M,network.co.id,no,,,,0,,,no_public_email_found,not_flagged,contact_pages,,,,,,valid=0; invalid=0; risky=0; unknown=0
13558,>30M,sdbirrulwalidain.sch.id,no,,,,0,,,no_public_email_found,not_flagged,contact_pages,,,,,,valid=0; invalid=0; risky=0; unknown=0
13559,>30M,spansix.id,no,,,,0,,,no_public_email_found,not_flagged,contact_pages,,,,,,valid=0; invalid=0; risky=0; unknown=0
13560,>30M,trias.co.id,no,,,,0,,,no_public_email_found,not_flagged,contact_pages,,,,,,valid=0; invalid=0; risky=0; unknown=0
13561,>30M,atddoors.ie,yes,,,,0,,,no_public_email_found,not_flagged,contact_pages,,,,,,valid=0; invalid=0; risky=0; unknown=0
13562,>30M,atomicfitness.ie,yes,,,https://atomicfitness.typeform.com/to/UqMV1n7l,0,,,no_public_email_found,not_flagged,contact_pages,,,,,,valid=0; invalid=0; risky=0; unknown=0
13563,>30M,conordoyle.ie,yes,,,https://embed.typeform.com/ ; https://maninulsan.typeform.com/to/yY0bep,0,,,no_public_email_found,not_flagged,contact_pages,,,,,,valid=0; invalid=0; risky=0; unknown=0
13564,>30M,truestory.ie,no,,,,0,,,no_public_email_found,not_flagged,contact_pages,,,,,,valid=0; invalid=0; risky=0; unknown=0
13565,>30M,wecanimagine.ie,no,,,,0,,hello@wecanimagine.ie,showing_email_candidates,not_flagged,contact_pages,hello@wecanimagine.ie,hello@wecanimagine.ie,,,,valid=1; invalid=0; risky=0; unknown=0
13566,>30M,ate.co.il,yes,,,https://ldjvcswh13v.typeform.com/to/JXqu5ZdW,0,,short@short.com,showing_email_candidates,not_flagged,contact_pages,,,,,,valid=0; invalid=0; risky=0; unknown=0
13567,>30M,nisrael.co.il,yes,,,,0,,,no_public_email_found,not_flagged,contact_pages,,,,,,valid=0; invalid=0; risky=0; unknown=0
13568,>30M,kualo.in,no,,,https://embed.typeform.com/ ; https://form.typeform.com/to/mBRZ61mG,0,,logo@2x.png,showing_email_candidates,not_flagged,contact_pages,,,,,,valid=0; invalid=0; risky=0; unknown=0
13569,>30M,moneyrise.in,no,,,,0,,,no_public_email_found,not_flagged,contact_pages,,,,,,valid=0; invalid=0; risky=0; unknown=0
13570,>30M,sharadsagar.in,yes,,,,0,,,no_public_email_found,not_flagged,contact_pages,,,,,,valid=0; invalid=0; risky=0; unknown=0
13571,>30M,viie.edu.in,yes,,,https://form.typeform.com/to/mSO7DXqu,0,,avadhut.sawant@vidylankar.org ; disha.arora@vidylankar.org ; enquiry@viie.edu.in ; gayatri.sarma@vidyalankar.org ; janvi.rabhadia@vidyalankar.org ; kirti.patel@vidyalankar.org ; mithila.chavan@vidyalankar.org ; nikita.bharane@vidyalankar.org ; priyanka.ghata@vidyalankar.org ; riddhi.mistry@vidyalankar.org ; rutuja.gavas@vidyalankar.org ; satarupa.biswas@vidylankar.org ; saurabh.pansare@vidylankar.org ; sharmishtha.chikhalkar@vidyalankar.org ; sonia.rebeiro@vidyalankar.org ; tejal.nagvenkar@vidyalankar.org ; vaishnavi.lad@vidylankar.org ; vanshika.agarwal@vidylankar.org ; yash.surve@vidyalankar.org,showing_email_candidates,not_flagged,contact_pages,,,,,,valid=0; invalid=0; risky=0; unknown=0
13572,>30M,6degrees.io,yes,,,,0,,,no_public_email_found,not_flagged,contact_pages,,,,,,valid=0; invalid=0; risky=0; unknown=0
13573,>30M,curiositylab.io,yes,,,https://actually-curious.typeform.com/to/mv5zcpo4 ; https://actually-curious.typeform.com/to/xaIdKRBD,0,,michael@curiositylab.io,showing_email_candidates,not_flagged,contact_pages,,,,,,valid=0; invalid=0; risky=0; unknown=0
13574,>30M,csms.io,no,,,,0,,,no_public_email_found,not_flagged,contact_pages,,,,,,valid=0; invalid=0; risky=0; unknown=0
13575,>30M,dlin.io,no,,,,0,,,no_public_email_found,not_flagged,contact_pages,,,,,,valid=0; invalid=0; risky=0; unknown=0
13576,>30M,empathylab.io,yes,,,https://form.typeform.com/to/GPQb1PED,0,,info@empathylab.io,showing_email_candidates,not_flagged,contact_pages,info@empathylab.io,,,,info@empathylab.io,valid=0; invalid=0; risky=0; unknown=1
13577,>30M,essense.io,no,,,,0,,,no_public_email_found,not_flagged,contact_pages,,,,,,valid=0; invalid=0; risky=0; unknown=0
13578,>30M,fullsteam.io,no,,,,0,,hello@fullsteam.io,showing_email_candidates,not_flagged,contact_pages,hello@fullsteam.io,hello@fullsteam.io,,,,valid=1; invalid=0; risky=0; unknown=0
13579,>30M,getajob.io,yes,,,https://external.typeform.com/to/FxruHH,0,,,no_public_email_found,not_flagged,contact_pages,,,,,,valid=0; invalid=0; risky=0; unknown=0
13580,>30M,hellotrusty.io,yes,,,https://hellotrusty.typeform.com/to/kHN8yDF5,0,,sample@email.tst,showing_email_candidates,not_flagged,contact_pages,,,,,,valid=0; invalid=0; risky=0; unknown=0
13581,>30M,ideally.io,yes,,,https://n9rwlpszi84.typeform.com/to/blx2Yihn ; https://n9rwlpszi84.typeform.com/to/d0iFHZ9w ; https://n9rwlpszi84.typeform.com/to/oQjgMazl,0,,jone@ideally.io ; jone_korpi@2x-300x252.png ; jone_korpi@2x-300x252.png.webp ; jone_korpi@2x.png ; jone_korpi@2x.png.webp ; lari@ideally.io ; lari_lehto@2x-300x252.png ; lari_lehto@2x-300x252.png.webp ; lari_lehto@2x.png ; lari_lehto@2x.png.webp ; leevi@ideally.io ; leevi_latvaniemi@2x-300x252.png ; leevi_latvaniemi@2x-300x252.png.webp ; leevi_latvaniemi@2x.png ; leevi_latvaniemi@2x.png.webp,showing_email_candidates,not_flagged,contact_pages,,,,,,valid=0; invalid=0; risky=0; unknown=0
13582,>30M,inbeta.io,yes,,,,0,,hello@inbeta.io ; media@inbeta.io,showing_email_candidates,not_flagged,contact_pages,hello@inbeta.io ; media@inbeta.io,hello@inbeta.io,,,media@inbeta.io,valid=1; invalid=0; risky=0; unknown=1
13583,>30M,manawell.io,yes,,,,0,,,no_public_email_found,not_flagged,contact_pages,,,,,,valid=0; invalid=0; risky=0; unknown=0
13584,>30M,nrich.io,yes,,,,0,,contact@n.rich,showing_email_candidates,not_flagged,contact_pages,,,,,,valid=0; invalid=0; risky=0; unknown=0
13585,>30M,ordrs.io,no,,,,0,,info@company.com,showing_email_candidates,not_flagged,contact_pages,,,,,,valid=0; invalid=0; risky=0; unknown=0
13586,>30M,optifi.io,yes,,,https://embed.typeform.com/ ; https://optifi.typeform.com/to/hgTupA,0,,icons-webfont@3.5.0 ; insight-attribution@2x.jpg ; insight-audiences@2x.jpg ; insight-benchmarks@2x.jpg ; insight-brandaffinity@2x.jpg ; insight-campaigns@2x.jpg ; insight-loyalty@2x.jpg,showing_email_candidates,not_flagged,contact_pages,,,,,,valid=0; invalid=0; risky=0; unknown=0
13587,>30M,passionate.io,no,,,,0,,,no_public_email_found,not_flagged,contact_pages,,,,,,valid=0; invalid=0; risky=0; unknown=0
13588,>30M,payslip.io,no,,,,0,,,no_public_email_found,not_flagged,contact_pages,,,,,,valid=0; invalid=0; risky=0; unknown=0
13589,>30M,sellio.io,yes,,,,0,,,no_public_email_found,not_flagged,contact_pages,,,,,,valid=0; invalid=0; risky=0; unknown=0
13590,>30M,surething.io,no,,,,0,,,no_public_email_found,not_flagged,contact_pages,,,,,,valid=0; invalid=0; risky=0; unknown=0
13591,>30M,venturecap.io,no,,,,0,,,no_public_email_found,not_flagged,contact_pages,,,,,,valid=0; invalid=0; risky=0; unknown=0
13592,>30M,xccelerated.io,no,,,,0,,hello@xccelerated.io ; jloogman@xccelerated.io ; sgoncalves@xccelerated.io,showing_email_candidates,not_flagged,contact_pages,hello@xccelerated.io,hello@xccelerated.io,,,,valid=1; invalid=0; risky=0; unknown=0
13593,>30M,whatiwant.is,no,,,,0,,,no_public_email_found,not_flagged,contact_pages,,,,,,valid=0; invalid=0; risky=0; unknown=0
13594,>30M,boatjump.it,yes,,,,0,,,no_public_email_found,not_flagged,contact_pages,,,,,,valid=0; invalid=0; risky=0; unknown=0
13595,>30M,caminetteria.it,no,,,,0,,caminetteria@caminetteria.it,showing_email_candidates,not_flagged,contact_pages,,,,,,valid=0; invalid=0; risky=0; unknown=0
13596,>30M,cartaedilizia.it,no,,,,0,,info@cartaedilizia.it,showing_email_candidates,not_flagged,contact_pages,info@cartaedilizia.it,,,,info@cartaedilizia.it,valid=0; invalid=0; risky=0; unknown=1
13597,>30M,corsinitendaggi.it,no,,,,0,,,no_public_email_found,not_flagged,contact_pages,,,,,,valid=0; invalid=0; risky=0; unknown=0
13598,>30M,creative-motion.it,yes,,,,0,,,no_public_email_found,not_flagged,contact_pages,,,,,,valid=0; invalid=0; risky=0; unknown=0
13599,>30M,digitalpills.it,yes,,,https://digitalpills.typeform.com/to/JtiigIGq,0,,info@digitalpills.com,showing_email_candidates,not_flagged,contact_pages,,,,,,valid=0; invalid=0; risky=0; unknown=0
13600,>30M,esteticanefertari.it,yes,,,,0,,,no_public_email_found,not_flagged,contact_pages,,,,,,valid=0; invalid=0; risky=0; unknown=0
13601,>30M,hamalia.it,no,,,,0,,,no_public_email_found,not_flagged,contact_pages,,,,,,valid=0; invalid=0; risky=0; unknown=0
13602,>30M,nottebiancaitalia.it,no,,,,0,,lenis@1.0.35 ; splide@4.1.4,showing_email_candidates,not_flagged,contact_pages,,,,,,valid=0; invalid=0; risky=0; unknown=0
13603,>30M,nuovaeducazione.it,no,,,,0,,,no_public_email_found,not_flagged,contact_pages,,,,,,valid=0; invalid=0; risky=0; unknown=0
13604,>30M,pescasubapnea.forumfree.it,no,,,https://embed.typeform.com/,0,,,no_public_email_found,not_flagged,contact_pages,,,,,,valid=0; invalid=0; risky=0; unknown=0
13605,>30M,piscinacesena.it,yes,,,,0,,,no_public_email_found,not_flagged,contact_pages,,,,,,valid=0; invalid=0; risky=0; unknown=0
13606,>30M,progesto.it,no,,,,0,,progesto@progesto.it,showing_email_candidates,not_flagged,contact_pages,,,,,,valid=0; invalid=0; risky=0; unknown=0
13607,>30M,promo.infocert.it,no,,,,0,,,no_public_email_found,not_flagged,contact_pages,,,,,,valid=0; invalid=0; risky=0; unknown=0
13608,>30M,santagostino.it,no,,,,0,,,no_public_email_found,not_flagged,contact_pages,,,,,,valid=0; invalid=0; risky=0; unknown=0
13609,>30M,sassuolonews.it,yes,,,,0,,,no_public_email_found,not_flagged,contact_pages,,,,,,valid=0; invalid=0; risky=0; unknown=0
13610,>30M,tg24.sky.it,no,,,,0,,,no_public_email_found,not_flagged,contact_pages,,,,,,valid=0; invalid=0; risky=0; unknown=0
13611,>30M,zeta3.it,yes,,,https://2cdq1axkg6t.typeform.com/to/RlCWdS57,0,,info@zeta3.it ; zeta3.legal@pec.it,showing_email_candidates,not_flagged,contact_pages,info@zeta3.it,,,,info@zeta3.it,valid=0; invalid=0; risky=0; unknown=1
13612,>30M,orkin.com.jm,yes,,,https://embed.typeform.com/ ; https://emediainteractive.typeform.com/to/gwX9Y7,0,,jane.doe@example.com,showing_email_candidates,not_flagged,contact_pages,,,,,,valid=0; invalid=0; risky=0; unknown=0
13613,>30M,2525family.jp,no,,,,0,,,no_public_email_found,not_flagged,contact_pages,,,,,,valid=0; invalid=0; risky=0; unknown=0
13614,>30M,afield.co.jp,no,,,,0,,,no_public_email_found,not_flagged,contact_pages,,,,,,valid=0; invalid=0; risky=0; unknown=0
13615,>30M,aida-naika.jp,no,,,,0,,,no_public_email_found,not_flagged,contact_pages,,,,,,valid=0; invalid=0; risky=0; unknown=0
13616,>30M,akibamarusada.jp,no,,,,0,,,no_public_email_found,not_flagged,contact_pages,,,,,,valid=0; invalid=0; risky=0; unknown=0
13617,>30M,akishoku.jp,no,,,,0,,,no_public_email_found,not_flagged,contact_pages,,,,,,valid=0; invalid=0; risky=0; unknown=0
13618,>30M,akashi-youdan.co.jp,no,,,,0,,,no_public_email_found,not_flagged,contact_pages,,,,,,valid=0; invalid=0; risky=0; unknown=0
13619,>30M,ando-tax.jp,no,,,,0,,,no_public_email_found,not_flagged,contact_pages,,,,,,valid=0; invalid=0; risky=0; unknown=0
13620,>30M,aobadai-yokohifuka.jp,no,,,,0,,,no_public_email_found,not_flagged,contact_pages,,,,,,valid=0; invalid=0; risky=0; unknown=0
13621,>30M,aoi-hodo.co.jp,no,,,,0,,,no_public_email_found,not_flagged,contact_pages,,,,,,valid=0; invalid=0; risky=0; unknown=0
13622,>30M,asada-ya.co.jp,no,,,,0,,asadaya1@alto.ocn.ne.jp,showing_email_candidates,not_flagged,contact_pages,,,,,,valid=0; invalid=0; risky=0; unknown=0
13623,>30M,athome-kuzumaki.or.jp,no,,,,0,,,no_public_email_found,not_flagged,contact_pages,,,,,,valid=0; invalid=0; risky=0; unknown=0
13624,>30M,be-support.co.jp,no,,,,0,,,no_public_email_found,not_flagged,contact_pages,,,,,,valid=0; invalid=0; risky=0; unknown=0
13625,>30M,c-teikoku.co.jp,no,,,,0,,,no_public_email_found,not_flagged,contact_pages,,,,,,valid=0; invalid=0; risky=0; unknown=0
13626,>30M,camino.co.jp,no,,,,0,,,no_public_email_found,not_flagged,contact_pages,,,,,,valid=0; invalid=0; risky=0; unknown=0
13627,>30M,carbon-net.jp,no,,,,0,,,no_public_email_found,not_flagged,contact_pages,,,,,,valid=0; invalid=0; risky=0; unknown=0
13628,>30M,cgm-fukushima.co.jp,no,,,,0,,,no_public_email_found,not_flagged,contact_pages,,,,,,valid=0; invalid=0; risky=0; unknown=0
13629,>30M,chibahoyo.ed.jp,no,,,,0,,,no_public_email_found,not_flagged,contact_pages,,,,,,valid=0; invalid=0; risky=0; unknown=0
13630,>30M,chubu-s.co.jp,no,,,,0,,,no_public_email_found,not_flagged,contact_pages,,,,,,valid=0; invalid=0; risky=0; unknown=0
13631,>30M,cokunji-hoikuen.jp,no,,,,0,,,no_public_email_found,not_flagged,contact_pages,,,,,,valid=0; invalid=0; risky=0; unknown=0
13632,>30M,coinshop.jp,no,,,,0,,,no_public_email_found,not_flagged,contact_pages,,,,,,valid=0; invalid=0; risky=0; unknown=0
13633,>30M,daiboshido.co.jp,no,,,,0,,,no_public_email_found,not_flagged,contact_pages,,,,,,valid=0; invalid=0; risky=0; unknown=0
13634,>30M,daijulaw.jp,no,,,,0,,,no_public_email_found,not_flagged,contact_pages,,,,,,valid=0; invalid=0; risky=0; unknown=0
13635,>30M,daikane.jp,no,,,,0,,,no_public_email_found,not_flagged,contact_pages,,,,,,valid=0; invalid=0; risky=0; unknown=0
13636,>30M,daito-ac.jp,no,,,,0,,,no_public_email_found,not_flagged,contact_pages,,,,,,valid=0; invalid=0; risky=0; unknown=0
13637,>30M,donguri-kodomo-clinic.jp,no,,,,0,,,no_public_email_found,not_flagged,contact_pages,,,,,,valid=0; invalid=0; risky=0; unknown=0
13638,>30M,doujin-hosp.jp,no,,,,0,,,no_public_email_found,not_flagged,contact_pages,,,,,,valid=0; invalid=0; risky=0; unknown=0
13639,>30M,elder-h.co.jp,no,,,,0,,,no_public_email_found,not_flagged,contact_pages,,,,,,valid=0; invalid=0; risky=0; unknown=0
13640,>30M,emuzukikaku.co.jp,no,,,,0,,,no_public_email_found,not_flagged,contact_pages,,,,,,valid=0; invalid=0; risky=0; unknown=0
13641,>30M,endo-setubi.co.jp,no,,,,0,,,no_public_email_found,not_flagged,contact_pages,,,,,,valid=0; invalid=0; risky=0; unknown=0
13642,>30M,estructura.co.jp,no,,,,0,,,no_public_email_found,not_flagged,contact_pages,,,,,,valid=0; invalid=0; risky=0; unknown=0
13643,>30M,fhkph.co.jp,no,,,,0,,,no_public_email_found,not_flagged,contact_pages,,,,,,valid=0; invalid=0; risky=0; unknown=0
13644,>30M,fidec.or.jp,no,,,,0,,shien@fidec.or.jp,showing_email_candidates,not_flagged,contact_pages,,,,,,valid=0; invalid=0; risky=0; unknown=0
13645,>30M,fujiwarasangyo.ne.jp,no,,,,0,,,no_public_email_found,not_flagged,contact_pages,,,,,,valid=0; invalid=0; risky=0; unknown=0
13646,>30M,fujisawa-eco.co.jp,no,,,,0,,,no_public_email_found,not_flagged,contact_pages,,,,,,valid=0; invalid=0; risky=0; unknown=0
13647,>30M,fujitatemonokanri.co.jp,no,,,,0,,,no_public_email_found,not_flagged,contact_pages,,,,,,valid=0; invalid=0; risky=0; unknown=0
13648,>30M,fujitech-toyo.co.jp,no,,,,0,,,no_public_email_found,not_flagged,contact_pages,,,,,,valid=0; invalid=0; risky=0; unknown=0
13649,>30M,fukufukutei.jp,no,,,,0,,,no_public_email_found,not_flagged,contact_pages,,,,,,valid=0; invalid=0; risky=0; unknown=0
13650,>30M,fukudenko.co.jp,no,,,,0,,,no_public_email_found,not_flagged,contact_pages,,,,,,valid=0; invalid=0; risky=0; unknown=0
13651,>30M,fukushi-aoi.jp,no,,,,0,,,no_public_email_found,not_flagged,contact_pages,,,,,,valid=0; invalid=0; risky=0; unknown=0
13652,>30M,futabass.co.jp,no,,,,0,,,no_public_email_found,not_flagged,contact_pages,,,,,,valid=0; invalid=0; risky=0; unknown=0
13653,>30M,futaba-tp.co.jp,no,,,,0,,,no_public_email_found,not_flagged,contact_pages,,,,,,valid=0; invalid=0; risky=0; unknown=0
13654,>30M,generalservice.jp,no,,,,0,,,no_public_email_found,not_flagged,contact_pages,,,,,,valid=0; invalid=0; risky=0; unknown=0
13655,>30M,gfk.or.jp,no,,,,0,,,no_public_email_found,not_flagged,contact_pages,,,,,,valid=0; invalid=0; risky=0; unknown=0
13656,>30M,goryo-dp.co.jp,no,,,,0,,,no_public_email_found,not_flagged,contact_pages,,,,,,valid=0; invalid=0; risky=0; unknown=0
13657,>30M,gunmajimuki.jp,no,,,,0,,,no_public_email_found,not_flagged,contact_pages,,,,,,valid=0; invalid=0; risky=0; unknown=0
13658,>30M,hadasyouten.co.jp,no,,,,0,,,no_public_email_found,not_flagged,contact_pages,,,,,,valid=0; invalid=0; risky=0; unknown=0
13659,>30M,haimu.co.jp,no,,,,0,,,no_public_email_found,not_flagged,contact_pages,,,,,,valid=0; invalid=0; risky=0; unknown=0
13660,>30M,hama-office.jp,no,,,,0,,hama3712@topaz.ocn.ne.jp,showing_email_candidates,not_flagged,contact_pages,,,,,,valid=0; invalid=0; risky=0; unknown=0
13661,>30M,hanamizu-kodomo.jp,no,,,,0,,,no_public_email_found,not_flagged,contact_pages,,,,,,valid=0; invalid=0; risky=0; unknown=0
13662,>30M,hanabusa-seiko.co.jp,no,,,,0,,,no_public_email_found,not_flagged,contact_pages,,,,,,valid=0; invalid=0; risky=0; unknown=0
13663,>30M,hanshinkankyo.co.jp,no,,,,0,,,no_public_email_found,not_flagged,contact_pages,,,,,,valid=0; invalid=0; risky=0; unknown=0
13664,>30M,haruka-phr.co.jp,no,,,,0,,,no_public_email_found,not_flagged,contact_pages,,,,,,valid=0; invalid=0; risky=0; unknown=0
13665,>30M,hashimoto-kaikei.jp,no,,,,0,,,no_public_email_found,not_flagged,contact_pages,,,,,,valid=0; invalid=0; risky=0; unknown=0
13666,>30M,hayasaka-ganka.or.jp,no,,,,0,,,no_public_email_found,not_flagged,contact_pages,,,,,,valid=0; invalid=0; risky=0; unknown=0
13667,>30M,hellokidsclinic.jp,no,,,,0,,hellokids@kha.biglobe.ne.jp,showing_email_candidates,not_flagged,contact_pages,,,,,,valid=0; invalid=0; risky=0; unknown=0
13668,>30M,heiandoo.co.jp,no,,,,0,,,no_public_email_found,not_flagged,contact_pages,,,,,,valid=0; invalid=0; risky=0; unknown=0
13669,>30M,higashiishii-clinic.jp,no,,,,0,,,no_public_email_found,not_flagged,contact_pages,,,,,,valid=0; invalid=0; risky=0; unknown=0
13670,>30M,hikokensetsu.co.jp,no,,,,0,,,no_public_email_found,not_flagged,contact_pages,,,,,,valid=0; invalid=0; risky=0; unknown=0
13671,>30M,hinodecrane.co.jp,no,,,,0,,,no_public_email_found,not_flagged,contact_pages,,,,,,valid=0; invalid=0; risky=0; unknown=0
13672,>30M,hiro-ent.jp,no,,,,0,,,no_public_email_found,not_flagged,contact_pages,,,,,,valid=0; invalid=0; risky=0; unknown=0
13673,>30M,himukanomori.co.jp,no,,,,0,,,no_public_email_found,not_flagged,contact_pages,,,,,,valid=0; invalid=0; risky=0; unknown=0
13674,>30M,hirukou.co.jp,no,,,,0,,,no_public_email_found,not_flagged,contact_pages,,,,,,valid=0; invalid=0; risky=0; unknown=0
13675,>30M,hiro-seikei.jp,no,,,,0,,,no_public_email_found,not_flagged,contact_pages,,,,,,valid=0; invalid=0; risky=0; unknown=0
13676,>30M,hojo-clinic.jp,no,,,,0,,,no_public_email_found,not_flagged,contact_pages,,,,,,valid=0; invalid=0; risky=0; unknown=0
13677,>30M,homecare-s.co.jp,no,,,,0,,,no_public_email_found,not_flagged,contact_pages,,,,,,valid=0; invalid=0; risky=0; unknown=0
13678,>30M,hokusoh.co.jp,no,,,,0,,,no_public_email_found,not_flagged,contact_pages,,,,,,valid=0; invalid=0; risky=0; unknown=0
13679,>30M,horikoumuten.jp,no,,,,0,,,no_public_email_found,not_flagged,contact_pages,,,,,,valid=0; invalid=0; risky=0; unknown=0
13680,>30M,ibashikyo.jp,no,,,,0,,,no_public_email_found,not_flagged,contact_pages,,,,,,valid=0; invalid=0; risky=0; unknown=0
13681,>30M,iida-ac.jp,no,,,,0,,,no_public_email_found,not_flagged,contact_pages,,,,,,valid=0; invalid=0; risky=0; unknown=0
13682,>30M,iidabashi-shinryounaika.jp,no,,,,0,,,no_public_email_found,not_flagged,contact_pages,,,,,,valid=0; invalid=0; risky=0; unknown=0
13683,>30M,imo-recruit.jp,no,,,,0,,,no_public_email_found,not_flagged,contact_pages,,,,,,valid=0; invalid=0; risky=0; unknown=0
13684,>30M,isoda2310-tax.jp,no,,,,0,,,no_public_email_found,not_flagged,contact_pages,,,,,,valid=0; invalid=0; risky=0; unknown=0
13685,>30M,ishimalogistics.jp,no,,,,0,,haisha.i@ishimalogistics.co.jp ; ishima.ceo@ishimalogistics.co.jp,showing_email_candidates,not_flagged,contact_pages,,,,,,valid=0; invalid=0; risky=0; unknown=0
13686,>30M,ishii-fc.jp,no,,,,0,,,no_public_email_found,not_flagged,contact_pages,,,,,,valid=0; invalid=0; risky=0; unknown=0
13687,>30M,ishikawa-package.co.jp,no,,,,0,,,no_public_email_found,not_flagged,contact_pages,,,,,,valid=0; invalid=0; risky=0; unknown=0
13688,>30M,itotosoten.jp,no,,,,0,,,no_public_email_found,not_flagged,contact_pages,,,,,,valid=0; invalid=0; risky=0; unknown=0
13689,>30M,iz1993.jp,no,,,,0,,,no_public_email_found,not_flagged,contact_pages,,,,,,valid=0; invalid=0; risky=0; unknown=0
13690,>30M,izm-ind.co.jp,no,,,,0,,,no_public_email_found,not_flagged,contact_pages,,,,,,valid=0; invalid=0; risky=0; unknown=0
13691,>30M,jes-kk.co.jp,no,,,,0,,,no_public_email_found,not_flagged,contact_pages,,,,,,valid=0; invalid=0; risky=0; unknown=0
13692,>30M,jinsenkaki.co.jp,no,,,,0,,,no_public_email_found,not_flagged,contact_pages,,,,,,valid=0; invalid=0; risky=0; unknown=0
13693,>30M,jwsmarutaka.co.jp,no,,,,0,,,no_public_email_found,not_flagged,contact_pages,,,,,,valid=0; invalid=0; risky=0; unknown=0
13694,>30M,jyosenji-hoikuen.ed.jp,no,,,,0,,,no_public_email_found,not_flagged,contact_pages,,,,,,valid=0; invalid=0; risky=0; unknown=0
13695,>30M,jyoseikin-sr.jp,no,,,,0,,,no_public_email_found,not_flagged,contact_pages,,,,,,valid=0; invalid=0; risky=0; unknown=0
13696,>30M,k-kakoki.co.jp,no,,,,0,,,no_public_email_found,not_flagged,contact_pages,,,,,,valid=0; invalid=0; risky=0; unknown=0
13697,>30M,k-kikuchi-k.co.jp,no,,,,0,,,no_public_email_found,not_flagged,contact_pages,,,,,,valid=0; invalid=0; risky=0; unknown=0
13698,>30M,kabuto-shokuhin.co.jp,no,,,,0,,,no_public_email_found,not_flagged,contact_pages,,,,,,valid=0; invalid=0; risky=0; unknown=0
13699,>30M,kago-kyu.co.jp,no,,,,0,,,no_public_email_found,not_flagged,contact_pages,,,,,,valid=0; invalid=0; risky=0; unknown=0
13700,>30M,kaiunkousan.co.jp,no,,,,0,,,no_public_email_found,not_flagged,contact_pages,,,,,,valid=0; invalid=0; risky=0; unknown=0
13701,>30M,kamiya-jozo.co.jp,no,,,,0,,,no_public_email_found,not_flagged,contact_pages,,,,,,valid=0; invalid=0; risky=0; unknown=0
13702,>30M,kambes.jp,no,,,,0,,,no_public_email_found,not_flagged,contact_pages,,,,,,valid=0; invalid=0; risky=0; unknown=0
13703,>30M,kankosagyo.co.jp,no,,,,0,,,no_public_email_found,not_flagged,contact_pages,,,,,,valid=0; invalid=0; risky=0; unknown=0
13704,>30M,kashima-kohan.co.jp,no,,,,0,,,no_public_email_found,not_flagged,contact_pages,,,,,,valid=0; invalid=0; risky=0; unknown=0
13705,>30M,kazutaka.co.jp,no,,,,0,,,no_public_email_found,not_flagged,contact_pages,,,,,,valid=0; invalid=0; risky=0; unknown=0
13706,>30M,keiikai.jp,no,,,,0,,,no_public_email_found,not_flagged,contact_pages,,,,,,valid=0; invalid=0; risky=0; unknown=0
13707,>30M,keizuhome.co.jp,no,,,,0,,kshome@shore.ocn.ne.jp,showing_email_candidates,not_flagged,contact_pages,,,,,,valid=0; invalid=0; risky=0; unknown=0
13708,>30M,keiwakai-kurinomi.or.jp,no,,,,0,,,no_public_email_found,not_flagged,contact_pages,,,,,,valid=0; invalid=0; risky=0; unknown=0
13709,>30M,kensakuhome.jp,no,,,,0,,,no_public_email_found,not_flagged,contact_pages,,,,,,valid=0; invalid=0; risky=0; unknown=0
13710,>30M,kimidukakougyou.co.jp,no,,,,0,,,no_public_email_found,not_flagged,contact_pages,,,,,,valid=0; invalid=0; risky=0; unknown=0
13711,>30M,kitanihonkeisou.jp,no,,,,0,,,no_public_email_found,not_flagged,contact_pages,,,,,,valid=0; invalid=0; risky=0; unknown=0
13712,>30M,kk-mitsuya.co.jp,no,,,,0,,,no_public_email_found,not_flagged,contact_pages,,,,,,valid=0; invalid=0; risky=0; unknown=0
13713,>30M,kobayashi-kinzoku.co.jp,no,,,,0,,,no_public_email_found,not_flagged,contact_pages,,,,,,valid=0; invalid=0; risky=0; unknown=0
13714,>30M,kodomonokuni.ed.jp,no,,,,0,,,no_public_email_found,not_flagged,contact_pages,,,,,,valid=0; invalid=0; risky=0; unknown=0
13715,>30M,kojima-syoubou.co.jp,no,,,,0,,,no_public_email_found,not_flagged,contact_pages,,,,,,valid=0; invalid=0; risky=0; unknown=0
13716,>30M,konbei.jp,no,,,,0,,,no_public_email_found,not_flagged,contact_pages,,,,,,valid=0; invalid=0; risky=0; unknown=0
13717,>30M,kono-kizuna.jp,no,,,,0,,,no_public_email_found,not_flagged,contact_pages,,,,,,valid=0; invalid=0; risky=0; unknown=0
13718,>30M,kougame.jp,no,,,,0,,,no_public_email_found,not_flagged,contact_pages,,,,,,valid=0; invalid=0; risky=0; unknown=0
13719,>30M,koyo-de.co.jp,no,,,,0,,,no_public_email_found,not_flagged,contact_pages,,,,,,valid=0; invalid=0; risky=0; unknown=0
13720,>30M,kubotakoumuten.co.jp,no,,,,0,,,no_public_email_found,not_flagged,contact_pages,,,,,,valid=0; invalid=0; risky=0; unknown=0
13721,>30M,kubota-om.jp,no,,,,0,,,no_public_email_found,not_flagged,contact_pages,,,,,,valid=0; invalid=0; risky=0; unknown=0
13722,>30M,kumamoto-yamaya.jp,no,,,,0,,,no_public_email_found,not_flagged,contact_pages,,,,,,valid=0; invalid=0; risky=0; unknown=0
13723,>30M,kumachan.co.jp,no,,,,0,,,no_public_email_found,not_flagged,contact_pages,,,,,,valid=0; invalid=0; risky=0; unknown=0
13724,>30M,kyosyoku.co.jp,no,,,,0,,,no_public_email_found,not_flagged,contact_pages,,,,,,valid=0; invalid=0; risky=0; unknown=0
13725,>30M,kyowa-kaihatu.jp,no,,,,0,,,no_public_email_found,not_flagged,contact_pages,,,,,,valid=0; invalid=0; risky=0; unknown=0
13726,>30M,kyoushin-jt.co.jp,no,,,,0,,,no_public_email_found,not_flagged,contact_pages,,,,,,valid=0; invalid=0; risky=0; unknown=0
13727,>30M,lcjapan.co.jp,no,,,,0,,,no_public_email_found,not_flagged,contact_pages,,,,,,valid=0; invalid=0; risky=0; unknown=0
13728,>30M,linen-supply.co.jp,no,,,,0,,,no_public_email_found,not_flagged,contact_pages,,,,,,valid=0; invalid=0; risky=0; unknown=0
13729,>30M,living-space.co.jp,no,,,,0,,,no_public_email_found,not_flagged,contact_pages,,,,,,valid=0; invalid=0; risky=0; unknown=0
13730,>30M,live-yamaguchi.co.jp,no,,,,0,,,no_public_email_found,not_flagged,contact_pages,,,,,,valid=0; invalid=0; risky=0; unknown=0
13731,>30M,m-nittan.jp,no,,,,0,,,no_public_email_found,not_flagged,contact_pages,,,,,,valid=0; invalid=0; risky=0; unknown=0
13732,>30M,m2office.co.jp,no,,,,0,,,no_public_email_found,not_flagged,contact_pages,,,,,,valid=0; invalid=0; risky=0; unknown=0
13733,>30M,mammy-house.jp,no,,,,0,,,no_public_email_found,not_flagged,contact_pages,,,,,,valid=0; invalid=0; risky=0; unknown=0
13734,>30M,marudai-noborito.jp,no,,,,0,,,no_public_email_found,not_flagged,contact_pages,,,,,,valid=0; invalid=0; risky=0; unknown=0
13735,>30M,maruki-ps.co.jp,no,,,,0,,,no_public_email_found,not_flagged,contact_pages,,,,,,valid=0; invalid=0; risky=0; unknown=0
13736,>30M,maruko-seika.co.jp,no,,,,0,,,no_public_email_found,not_flagged,contact_pages,,,,,,valid=0; invalid=0; risky=0; unknown=0
13737,>30M,masami-ballet.jp,no,,,,0,,,no_public_email_found,not_flagged,contact_pages,,,,,,valid=0; invalid=0; risky=0; unknown=0
13738,>30M,math.ryukoku.ac.jp,no,,,,0,,,no_public_email_found,not_flagged,contact_pages,,,,,,valid=0; invalid=0; risky=0; unknown=0
13739,>30M,matsuoiin.jp,no,,,,0,,,no_public_email_found,not_flagged,contact_pages,,,,,,valid=0; invalid=0; risky=0; unknown=0
13740,>30M,mdraft.co.jp,no,,,,0,,,no_public_email_found,not_flagged,contact_pages,,,,,,valid=0; invalid=0; risky=0; unknown=0
13741,>30M,meikosangyo.co.jp,no,,,,0,,,no_public_email_found,not_flagged,contact_pages,,,,,,valid=0; invalid=0; risky=0; unknown=0
13742,>30M,meizon.jp,no,,,,0,,,no_public_email_found,not_flagged,contact_pages,,,,,,valid=0; invalid=0; risky=0; unknown=0
13743,>30M,mfact.co.jp,no,,,,0,,,no_public_email_found,not_flagged,contact_pages,,,,,,valid=0; invalid=0; risky=0; unknown=0
13744,>30M,midori-sk.co.jp,no,,,,0,,,no_public_email_found,not_flagged,contact_pages,,,,,,valid=0; invalid=0; risky=0; unknown=0
13745,>30M,misatocho-shakyo.or.jp,no,,,,0,,,no_public_email_found,not_flagged,contact_pages,,,,,,valid=0; invalid=0; risky=0; unknown=0
13746,>30M,mitomo-tile.co.jp,no,,,,0,,,no_public_email_found,not_flagged,contact_pages,,,,,,valid=0; invalid=0; risky=0; unknown=0
13747,>30M,mitsuhashiganka.jp,no,,,,0,,,no_public_email_found,not_flagged,contact_pages,,,,,,valid=0; invalid=0; risky=0; unknown=0
13748,>30M,mituwahousing.co.jp,no,,,,0,,,no_public_email_found,not_flagged,contact_pages,,,,,,valid=0; invalid=0; risky=0; unknown=0
13749,>30M,mitsui-airtec.co.jp,no,,,,0,,,no_public_email_found,not_flagged,contact_pages,,,,,,valid=0; invalid=0; risky=0; unknown=0
13750,>30M,mitsuwa-ph.jp,no,,,,0,,,no_public_email_found,not_flagged,contact_pages,,,,,,valid=0; invalid=0; risky=0; unknown=0
13751,>30M,miura-c.jp,no,,,,0,,,no_public_email_found,not_flagged,contact_pages,,,,,,valid=0; invalid=0; risky=0; unknown=0
13752,>30M,miyachu-hp.or.jp,no,,,,0,,,no_public_email_found,not_flagged,contact_pages,,,,,,valid=0; invalid=0; risky=0; unknown=0
13753,>30M,mizukami-seisakujyo.jp,no,,,,0,,,no_public_email_found,not_flagged,contact_pages,,,,,,valid=0; invalid=0; risky=0; unknown=0
13754,>30M,moritagakuen.jp,no,,,,0,,m-midorinomori@nifty.com ; m-morinohiroba@nifty.com ; m-suzuran@nifty.com,showing_email_candidates,not_flagged,contact_pages,,,,,,valid=0; invalid=0; risky=0; unknown=0
13755,>30M,morita-steel.co.jp,no,,,,0,,,no_public_email_found,not_flagged,contact_pages,,,,,,valid=0; invalid=0; risky=0; unknown=0
13756,>30M,msoi.co.jp,no,,,,0,,,no_public_email_found,not_flagged,contact_pages,,,,,,valid=0; invalid=0; risky=0; unknown=0
13757,>30M,musako-mc.jp,no,,,,0,,,no_public_email_found,not_flagged,contact_pages,,,,,,valid=0; invalid=0; risky=0; unknown=0
13758,>30M,myojofukushikai.jp,no,,,,0,,,no_public_email_found,not_flagged,contact_pages,,,,,,valid=0; invalid=0; risky=0; unknown=0
13759,>30M,mz-mp.co.jp,no,,,,0,,,no_public_email_found,not_flagged,contact_pages,,,,,,valid=0; invalid=0; risky=0; unknown=0
13760,>30M,n-vec.co.jp,no,,,,0,,,no_public_email_found,not_flagged,contact_pages,,,,,,valid=0; invalid=0; risky=0; unknown=0
13761,>30M,nakae-clinic.jp,no,,,,0,,,no_public_email_found,not_flagged,contact_pages,,,,,,valid=0; invalid=0; risky=0; unknown=0
13762,>30M,nakada-cl.jp,no,,,,0,,,no_public_email_found,not_flagged,contact_pages,,,,,,valid=0; invalid=0; risky=0; unknown=0
13763,>30M,nakashima-mri.jp,no,,,,0,,,no_public_email_found,not_flagged,contact_pages,,,,,,valid=0; invalid=0; risky=0; unknown=0
13764,>30M,nanshinkasei.co.jp,no,,,,0,,,no_public_email_found,not_flagged,contact_pages,,,,,,valid=0; invalid=0; risky=0; unknown=0
13765,>30M,nankato.or.jp,no,,,,0,,,no_public_email_found,not_flagged,contact_pages,,,,,,valid=0; invalid=0; risky=0; unknown=0
13766,>30M,nariken-k.jp,no,,,,0,,,no_public_email_found,not_flagged,contact_pages,,,,,,valid=0; invalid=0; risky=0; unknown=0
13767,>30M,nca-mfg.co.jp,no,,,,0,,,no_public_email_found,not_flagged,contact_pages,,,,,,valid=0; invalid=0; risky=0; unknown=0
13768,>30M,nichiei-sekkei.co.jp,no,,,,0,,,no_public_email_found,not_flagged,contact_pages,,,,,,valid=0; invalid=0; risky=0; unknown=0
13769,>30M,nichiyoh.co.jp,no,,,,0,,,no_public_email_found,not_flagged,contact_pages,,,,,,valid=0; invalid=0; risky=0; unknown=0
13770,>30M,nihonkikaiss.jp,no,,,,0,,,no_public_email_found,not_flagged,contact_pages,,,,,,valid=0; invalid=0; risky=0; unknown=0
13771,>30M,nippon-guard.co.jp,no,,,,0,,,no_public_email_found,not_flagged,contact_pages,,,,,,valid=0; invalid=0; risky=0; unknown=0
13772,>30M,nishiko-crusher.co.jp,no,,,,0,,,no_public_email_found,not_flagged,contact_pages,,,,,,valid=0; invalid=0; risky=0; unknown=0
13773,>30M,nori-pharmacy.co.jp,no,,,,0,,,no_public_email_found,not_flagged,contact_pages,,,,,,valid=0; invalid=0; risky=0; unknown=0
13774,>30M,office-suenaga.jp,no,,,,0,,,no_public_email_found,not_flagged,contact_pages,,,,,,valid=0; invalid=0; risky=0; unknown=0
13775,>30M,ogiso-jidousha.jp,no,,,,0,,,no_public_email_found,not_flagged,contact_pages,,,,,,valid=0; invalid=0; risky=0; unknown=0
13776,>30M,ohanajyaya-kodomo.jp,no,,,,0,,,no_public_email_found,not_flagged,contact_pages,,,,,,valid=0; invalid=0; risky=0; unknown=0
13777,>30M,ohzekiph.jp,no,,,,0,,,no_public_email_found,not_flagged,contact_pages,,,,,,valid=0; invalid=0; risky=0; unknown=0
13778,>30M,ohtanishokai.co.jp,no,,,,0,,,no_public_email_found,not_flagged,contact_pages,,,,,,valid=0; invalid=0; risky=0; unknown=0
13779,>30M,oikawa-nz.jp,no,,,,0,,,no_public_email_found,not_flagged,contact_pages,,,,,,valid=0; invalid=0; risky=0; unknown=0
13780,>30M,okamoto-bw.co.jp,no,,,,0,,,no_public_email_found,not_flagged,contact_pages,,,,,,valid=0; invalid=0; risky=0; unknown=0
13781,>30M,okita-unso.co.jp,no,,,,0,,,no_public_email_found,not_flagged,contact_pages,,,,,,valid=0; invalid=0; risky=0; unknown=0
13782,>30M,omatsudani-clean.jp,no,,,,0,,,no_public_email_found,not_flagged,contact_pages,,,,,,valid=0; invalid=0; risky=0; unknown=0
13783,>30M,oup.co.jp,no,,,,0,,,no_public_email_found,not_flagged,contact_pages,,,,,,valid=0; invalid=0; risky=0; unknown=0
13784,>30M,pastone.or.jp,no,,,,0,,,no_public_email_found,not_flagged,contact_pages,,,,,,valid=0; invalid=0; risky=0; unknown=0
13785,>30M,pioneer-printing.co.jp,no,,,,0,,,no_public_email_found,not_flagged,contact_pages,,,,,,valid=0; invalid=0; risky=0; unknown=0
13786,>30M,pldaichi.jp,no,,,,0,,,no_public_email_found,not_flagged,contact_pages,,,,,,valid=0; invalid=0; risky=0; unknown=0
13787,>30M,power-i.co.jp,no,,,,0,,,no_public_email_found,not_flagged,contact_pages,,,,,,valid=0; invalid=0; risky=0; unknown=0
13788,>30M,reglass-shop-uchiyama.jp,no,,,,0,,,no_public_email_found,not_flagged,contact_pages,,,,,,valid=0; invalid=0; risky=0; unknown=0
13789,>30M,rethamo-j.co.jp,no,,,,0,,,no_public_email_found,not_flagged,contact_pages,,,,,,valid=0; invalid=0; risky=0; unknown=0
13790,>30M,rise-homecareclinic.jp,no,,,,0,,,no_public_email_found,not_flagged,contact_pages,,,,,,valid=0; invalid=0; risky=0; unknown=0
13791,>30M,s-planner.co.jp,no,,,,0,,,no_public_email_found,not_flagged,contact_pages,,,,,,valid=0; invalid=0; risky=0; unknown=0
13792,>30M,sagamiya-nori.co.jp,no,,,,0,,,no_public_email_found,not_flagged,contact_pages,,,,,,valid=0; invalid=0; risky=0; unknown=0
13793,>30M,sakaeclinic.jp,no,,,,0,,,no_public_email_found,not_flagged,contact_pages,,,,,,valid=0; invalid=0; risky=0; unknown=0
13794,>30M,sakamoto-okome.co.jp,no,,,,0,,,no_public_email_found,not_flagged,contact_pages,,,,,,valid=0; invalid=0; risky=0; unknown=0
13795,>30M,sakayori-resource.co.jp,no,,,,0,,,no_public_email_found,not_flagged,contact_pages,,,,,,valid=0; invalid=0; risky=0; unknown=0
13796,>30M,sakura-keibi.co.jp,no,,,,0,,,no_public_email_found,not_flagged,contact_pages,,,,,,valid=0; invalid=0; risky=0; unknown=0
13797,>30M,sanai-ss.co.jp,no,,,,0,,,no_public_email_found,not_flagged,contact_pages,,,,,,valid=0; invalid=0; risky=0; unknown=0
13798,>30M,sanju.or.jp,no,,,,0,,,no_public_email_found,not_flagged,contact_pages,,,,,,valid=0; invalid=0; risky=0; unknown=0
13799,>30M,sanko-toilet.jp,no,,,,0,,,no_public_email_found,not_flagged,contact_pages,,,,,,valid=0; invalid=0; risky=0; unknown=0
13800,>30M,sanmi-denki.co.jp,no,,,,0,,,no_public_email_found,not_flagged,contact_pages,,,,,,valid=0; invalid=0; risky=0; unknown=0
13801,>30M,sankyod.co.jp,no,,,,0,,,no_public_email_found,not_flagged,contact_pages,,,,,,valid=0; invalid=0; risky=0; unknown=0
13802,>30M,santahousecodomo.jp,no,,,,0,,,no_public_email_found,not_flagged,contact_pages,,,,,,valid=0; invalid=0; risky=0; unknown=0
13803,>30M,sasaki-kogyo.co.jp,no,,,,0,,,no_public_email_found,not_flagged,contact_pages,,,,,,valid=0; invalid=0; risky=0; unknown=0
13804,>30M,satomi-kaiun.co.jp,no,,,,0,,,no_public_email_found,not_flagged,contact_pages,,,,,,valid=0; invalid=0; risky=0; unknown=0
13805,>30M,seratekkou.co.jp,no,,,,0,,,no_public_email_found,not_flagged,contact_pages,,,,,,valid=0; invalid=0; risky=0; unknown=0
13806,>30M,shinko-keibi.co.jp,no,,,,0,,,no_public_email_found,not_flagged,contact_pages,,,,,,valid=0; invalid=0; risky=0; unknown=0
13807,>30M,shinetsu-bib.jp,no,,,,0,,,no_public_email_found,not_flagged,contact_pages,,,,,,valid=0; invalid=0; risky=0; unknown=0
13808,>30M,shinsei-sangyou.co.jp,no,,,,0,,,no_public_email_found,not_flagged,contact_pages,,,,,,valid=0; invalid=0; risky=0; unknown=0
13809,>30M,shitumeiyobou.or.jp,no,,,,0,,,no_public_email_found,not_flagged,contact_pages,,,,,,valid=0; invalid=0; risky=0; unknown=0
13810,>30M,shirakaba-youchien.ed.jp,no,,,,0,,,no_public_email_found,not_flagged,contact_pages,,,,,,valid=0; invalid=0; risky=0; unknown=0
13811,>30M,shirokawanouki.co.jp,no,,,,0,,,no_public_email_found,not_flagged,contact_pages,,,,,,valid=0; invalid=0; risky=0; unknown=0
13812,>30M,shiraishi-ichouka.jp,no,,,,0,,,no_public_email_found,not_flagged,contact_pages,,,,,,valid=0; invalid=0; risky=0; unknown=0
13813,>30M,shounan-nagi.or.jp,no,,,,0,,,no_public_email_found,not_flagged,contact_pages,,,,,,valid=0; invalid=0; risky=0; unknown=0
13814,>30M,showajimukisha.co.jp,no,,,,0,,,no_public_email_found,not_flagged,contact_pages,,,,,,valid=0; invalid=0; risky=0; unknown=0
13815,>30M,shououji.or.jp,no,,,,0,,,no_public_email_found,not_flagged,contact_pages,,,,,,valid=0; invalid=0; risky=0; unknown=0
13816,>30M,simplesystem.co.jp,yes,,,https://form.typeform.com/to/DP7twYxr,0,,,no_public_email_found,not_flagged,contact_pages,,,,,,valid=0; invalid=0; risky=0; unknown=0
13817,>30M,sisiken.co.jp,no,,,,0,,,no_public_email_found,not_flagged,contact_pages,,,,,,valid=0; invalid=0; risky=0; unknown=0
13818,>30M,soshigayaokura-clinic.jp,no,,,,0,,,no_public_email_found,not_flagged,contact_pages,,,,,,valid=0; invalid=0; risky=0; unknown=0
13819,>30M,spring-garden.jp,no,,,,0,,,no_public_email_found,not_flagged,contact_pages,,,,,,valid=0; invalid=0; risky=0; unknown=0
13820,>30M,suganumaarchi.jp,no,,,,0,,,no_public_email_found,not_flagged,contact_pages,,,,,,valid=0; invalid=0; risky=0; unknown=0
13821,>30M,sumika.co.jp,no,,,,0,,,no_public_email_found,not_flagged,contact_pages,,,,,,valid=0; invalid=0; risky=0; unknown=0
13822,>30M,sunboard.co.jp,no,,,,0,,,no_public_email_found,not_flagged,contact_pages,,,,,,valid=0; invalid=0; risky=0; unknown=0
13823,>30M,sunfabless.jp,no,,,,0,,,no_public_email_found,not_flagged,contact_pages,,,,,,valid=0; invalid=0; risky=0; unknown=0
13824,>30M,surf-inc.jp,no,,,,0,,,no_public_email_found,not_flagged,contact_pages,,,,,,valid=0; invalid=0; risky=0; unknown=0
13825,>30M,ta-tsushima.gr.jp,no,,,,0,,,no_public_email_found,not_flagged,contact_pages,,,,,,valid=0; invalid=0; risky=0; unknown=0
13826,>30M,taihou-jt.co.jp,no,,,,0,,,no_public_email_found,not_flagged,contact_pages,,,,,,valid=0; invalid=0; risky=0; unknown=0
13827,>30M,taisei-sankoh.co.jp,no,,,,0,,,no_public_email_found,not_flagged,contact_pages,,,,,,valid=0; invalid=0; risky=0; unknown=0
13828,>30M,takeda-mc.or.jp,no,,,,0,,,no_public_email_found,not_flagged,contact_pages,,,,,,valid=0; invalid=0; risky=0; unknown=0
13829,>30M,takeuchi-cl.jp,no,,,,0,,,no_public_email_found,not_flagged,contact_pages,,,,,,valid=0; invalid=0; risky=0; unknown=0
13830,>30M,tanokura.co.jp,no,,,,0,,,no_public_email_found,not_flagged,contact_pages,,,,,,valid=0; invalid=0; risky=0; unknown=0
13831,>30M,tanax.jp,no,,,,0,,,no_public_email_found,not_flagged,contact_pages,,,,,,valid=0; invalid=0; risky=0; unknown=0
13832,>30M,tateyamacase.co.jp,no,,,,0,,,no_public_email_found,not_flagged,contact_pages,,,,,,valid=0; invalid=0; risky=0; unknown=0
13833,>30M,tazawanosato.jp,no,,,,0,,,no_public_email_found,not_flagged,contact_pages,,,,,,valid=0; invalid=0; risky=0; unknown=0
13834,>30M,tiger-pharmacy.co.jp,no,,,,0,,,no_public_email_found,not_flagged,contact_pages,,,,,,valid=0; invalid=0; risky=0; unknown=0
13835,>30M,tohoku-syodo.jp,no,,,,0,,,no_public_email_found,not_flagged,contact_pages,,,,,,valid=0; invalid=0; risky=0; unknown=0
13836,>30M,tohoku-syoun.co.jp,no,,,,0,,,no_public_email_found,not_flagged,contact_pages,,,,,,valid=0; invalid=0; risky=0; unknown=0
13837,>30M,tokyotaxi-gr.jp,no,,,,0,,,no_public_email_found,not_flagged,contact_pages,,,,,,valid=0; invalid=0; risky=0; unknown=0
13838,>30M,topoly.co.jp,no,,,,0,,,no_public_email_found,not_flagged,contact_pages,,,,,,valid=0; invalid=0; risky=0; unknown=0
13839,>30M,tookai.jp,no,,,,0,,,no_public_email_found,not_flagged,contact_pages,,,,,,valid=0; invalid=0; risky=0; unknown=0
13840,>30M,toukou.ac.jp,no,,,,0,,,no_public_email_found,not_flagged,contact_pages,,,,,,valid=0; invalid=0; risky=0; unknown=0
13841,>30M,touwa-sangyou.co.jp,no,,,,0,,,no_public_email_found,not_flagged,contact_pages,,,,,,valid=0; invalid=0; risky=0; unknown=0
13842,>30M,tsubame-fukuoka.jp,no,,,,0,,,no_public_email_found,not_flagged,contact_pages,,,,,,valid=0; invalid=0; risky=0; unknown=0
13843,>30M,tsunoda-tax.jp,no,,,,0,,,no_public_email_found,not_flagged,contact_pages,,,,,,valid=0; invalid=0; risky=0; unknown=0
13844,>30M,tusin-souki.jp,no,,,,0,,,no_public_email_found,not_flagged,contact_pages,,,,,,valid=0; invalid=0; risky=0; unknown=0
13845,>30M,tsurumisouko.co.jp,no,,,,0,,,no_public_email_found,not_flagged,contact_pages,,,,,,valid=0; invalid=0; risky=0; unknown=0
13846,>30M,umezawa-setsubi.jp,no,,,,0,,,no_public_email_found,not_flagged,contact_pages,,,,,,valid=0; invalid=0; risky=0; unknown=0
13847,>30M,unikougyou.co.jp,no,,,,0,,,no_public_email_found,not_flagged,contact_pages,,,,,,valid=0; invalid=0; risky=0; unknown=0
13848,>30M,upk.co.jp,no,,,,0,,,no_public_email_found,not_flagged,contact_pages,,,,,,valid=0; invalid=0; risky=0; unknown=0
13849,>30M,urafune-ent.jp,no,,,,0,,,no_public_email_found,not_flagged,contact_pages,,,,,,valid=0; invalid=0; risky=0; unknown=0
13850,>30M,vegeta-fukui.co.jp,no,,,,0,,,no_public_email_found,not_flagged,contact_pages,,,,,,valid=0; invalid=0; risky=0; unknown=0
13851,>30M,volclay.jp,no,,,,0,,,no_public_email_found,not_flagged,contact_pages,,,,,,valid=0; invalid=0; risky=0; unknown=0
13852,>30M,wakaba-asunaro.jp,no,,,,0,,,no_public_email_found,not_flagged,contact_pages,,,,,,valid=0; invalid=0; risky=0; unknown=0
13853,>30M,watch-service.jp,no,,,,0,,,no_public_email_found,not_flagged,contact_pages,,,,,,valid=0; invalid=0; risky=0; unknown=0
13854,>30M,watanabejibi.jp,no,,,,0,,,no_public_email_found,not_flagged,contact_pages,,,,,,valid=0; invalid=0; risky=0; unknown=0
13855,>30M,works-reform.co.jp,no,,,,0,,,no_public_email_found,not_flagged,contact_pages,,,,,,valid=0; invalid=0; risky=0; unknown=0
13856,>30M,wood-land.co.jp,no,,,,0,,,no_public_email_found,not_flagged,contact_pages,,,,,,valid=0; invalid=0; risky=0; unknown=0
13857,>30M,yabeclinic.jp,no,,,,0,,,no_public_email_found,not_flagged,contact_pages,,,,,,valid=0; invalid=0; risky=0; unknown=0
13858,>30M,yakult-logi.co.jp,no,,,,0,,,no_public_email_found,not_flagged,contact_pages,,,,,,valid=0; invalid=0; risky=0; unknown=0
13859,>30M,yagiclinic.or.jp,no,,,,0,,,no_public_email_found,not_flagged,contact_pages,,,,,,valid=0; invalid=0; risky=0; unknown=0
13860,>30M,yamaguchishikaiin.jp,no,,,,0,,,no_public_email_found,not_flagged,contact_pages,,,,,,valid=0; invalid=0; risky=0; unknown=0
13861,>30M,yg-k.jp,no,,,,0,,,no_public_email_found,not_flagged,contact_pages,,,,,,valid=0; invalid=0; risky=0; unknown=0
13862,>30M,ysindustry.co.jp,no,,,,0,,,no_public_email_found,not_flagged,contact_pages,,,,,,valid=0; invalid=0; risky=0; unknown=0
13863,>30M,yuinohana.jp,no,,,,0,,,no_public_email_found,not_flagged,contact_pages,,,,,,valid=0; invalid=0; risky=0; unknown=0
13864,>30M,yukosha-gr.co.jp,no,,,,0,,,no_public_email_found,not_flagged,contact_pages,,,,,,valid=0; invalid=0; risky=0; unknown=0
13865,>30M,yumita.co.jp,no,,,,0,,,no_public_email_found,not_flagged,contact_pages,,,,,,valid=0; invalid=0; risky=0; unknown=0
13866,>30M,yuuaisya.jp,no,,,,0,,,no_public_email_found,not_flagged,contact_pages,,,,,,valid=0; invalid=0; risky=0; unknown=0
13867,>30M,zokei-eng.jp,no,,,,0,,,no_public_email_found,not_flagged,contact_pages,,,,,,valid=0; invalid=0; risky=0; unknown=0
13868,>30M,link2fitness.co.ke,no,,,,0,,,no_public_email_found,not_flagged,contact_pages,,,,,,valid=0; invalid=0; risky=0; unknown=0
13869,>30M,arpa.co.kr,no,,,,0,,,no_public_email_found,not_flagged,contact_pages,,,,,,valid=0; invalid=0; risky=0; unknown=0
13870,>30M,csol.co.kr,no,,,,0,,,no_public_email_found,not_flagged,contact_pages,,,,,,valid=0; invalid=0; risky=0; unknown=0
13871,>30M,syncron.co.kr,no,,,,0,,syncron@syncron.co.kr,showing_email_candidates,not_flagged,contact_pages,,,,,,valid=0; invalid=0; risky=0; unknown=0
13872,>30M,zombierun.co.kr,yes,,,,0,,,no_public_email_found,not_flagged,contact_pages,,,,,,valid=0; invalid=0; risky=0; unknown=0
13873,>30M,itsyourparty.ky,yes,,,https://lightspeed-commerce.typeform.com/to/g1vcP7FR,0,,example@email.com ; itsyourpartycayman@gmail.com ; john.doe@email.com,showing_email_candidates,not_flagged,contact_pages,,,,,,valid=0; invalid=0; risky=0; unknown=0
13874,>30M,suricata.la,no,,,,0,,,no_public_email_found,not_flagged,contact_pages,,,,,,valid=0; invalid=0; risky=0; unknown=0
13875,>30M,plungesbaldai.lt,no,,,,0,,,no_public_email_found,not_flagged,contact_pages,,,,,,valid=0; invalid=0; risky=0; unknown=0
13876,>30M,dmc-luxembourg.lu,no,,,,0,,info@dmc-luxembourg.lu,showing_email_candidates,not_flagged,contact_pages,info@dmc-luxembourg.lu,,,,info@dmc-luxembourg.lu,valid=0; invalid=0; risky=0; unknown=1
13877,>30M,delss.lv,no,,,,0,,,no_public_email_found,not_flagged,contact_pages,,,,,,valid=0; invalid=0; risky=0; unknown=0
13878,>30M,wd40.lv,no,,,,0,,alpine@v2.3.1 ; getz@getz.lv ; swiper@5.4.2,showing_email_candidates,not_flagged,contact_pages,,,,,,valid=0; invalid=0; risky=0; unknown=0
13879,>30M,blog.soreygarcia.me,yes,,,,0,,,no_public_email_found,not_flagged,contact_pages,,,,,,valid=0; invalid=0; risky=0; unknown=0
13880,>30M,chamila.me,yes,,,,0,,,no_public_email_found,not_flagged,contact_pages,,,,,,valid=0; invalid=0; risky=0; unknown=0
13881,>30M,estebanromero.me,no,,,,0,,manoloromero13@hotmail.com,showing_email_candidates,not_flagged,contact_pages,,,,,,valid=0; invalid=0; risky=0; unknown=0
13882,>30M,fluid-forum.me,no,,,,0,,,no_public_email_found,not_flagged,contact_pages,,,,,,valid=0; invalid=0; risky=0; unknown=0
13883,>30M,greenflag.me,no,,,,0,,,no_public_email_found,not_flagged,contact_pages,,,,,,valid=0; invalid=0; risky=0; unknown=0
13884,>30M,popotam.me,no,,,https://embed.typeform.com/,0,,hello@popotam.me,showing_email_candidates,not_flagged,contact_pages,hello@popotam.me,hello@popotam.me,,,,valid=1; invalid=0; risky=0; unknown=0
13885,>30M,vacilitate.me,yes,,,https://vacilitate.typeform.com/to/zsqSmH,0,,stefanie@vacilitate.com,showing_email_candidates,not_flagged,contact_pages,,,,,,valid=0; invalid=0; risky=0; unknown=0
13886,>30M,webeginswith.me,yes,,,https://form.typeform.com/to/MyqRDaJG,0,,,no_public_email_found,not_flagged,contact_pages,,,,,,valid=0; invalid=0; risky=0; unknown=0
13887,>30M,aderogyl.com.mx,no,,,,0,,,no_public_email_found,not_flagged,contact_pages,,,,,,valid=0; invalid=0; risky=0; unknown=0
13888,>30M,audioteq.com.mx,yes,,,https://bhmq4bukaf8.typeform.com/to/CTeDvBbB,0,,,no_public_email_found,not_flagged,contact_pages,,,,,,valid=0; invalid=0; risky=0; unknown=0
13889,>30M,canchasfutbol.mx,yes,,,https://form.typeform.com/to/fMsOKwW2,0,,,no_public_email_found,not_flagged,contact_pages,,,,,,valid=0; invalid=0; risky=0; unknown=0
13890,>30M,espaciovistadelvalle.com.mx,yes,,,https://abwx1a1140s.typeform.com/to/Bx5OR5wV,0,,,no_public_email_found,not_flagged,contact_pages,,,,,,valid=0; invalid=0; risky=0; unknown=0
13891,>30M,lincolngomez.edu.mx,yes,,,https://sikse.typeform.com/to/abUxYy ; https://sikse.typeform.com/to/B81Mrn ; https://sikse.typeform.com/to/VOcmCP,0,,,no_public_email_found,not_flagged,contact_pages,,,,,,valid=0; invalid=0; risky=0; unknown=0
13892,>30M,migralaw.com.mx,yes,,,https://migralaw.typeform.com/to/bOb8IEnj,0,,hello@migralaw.org ; hola@migralaw.org,showing_email_candidates,not_flagged,contact_pages,,,,,,valid=0; invalid=0; risky=0; unknown=0
13893,>30M,mundokepler.com.mx,no,,,,0,,servicioaclientes@kepler.com.mx,showing_email_candidates,not_flagged,contact_pages,,,,,,valid=0; invalid=0; risky=0; unknown=0
13894,>30M,toyotatoluca.com.mx,no,,,,0,,,no_public_email_found,not_flagged,contact_pages,,,,,,valid=0; invalid=0; risky=0; unknown=0
13895,>30M,trepcamp.mx,yes,,,https://impulsa.typeform.com/to/wB444pNQ,0,,info@trepcamp.org ; treps@trepcamp.org,showing_email_candidates,not_flagged,contact_pages,,,,,,valid=0; invalid=0; risky=0; unknown=0
13896,>30M,ucs.edu.mx,no,,,https://qcfygu5p7so.pro.typeform.com/,0,,comunicacion@ucs.edu.mx,showing_email_candidates,not_flagged,contact_pages,,,,,,valid=0; invalid=0; risky=0; unknown=0
13897,>30M,perbenaemas.com.my,no,,,,0,,hello@perbenaemas.com.my,showing_email_candidates,not_flagged,contact_pages,hello@perbenaemas.com.my,,hello@perbenaemas.com.my,,,valid=0; invalid=1; risky=0; unknown=0
13898,>30M,frost.ng,yes,,,,0,,,no_public_email_found,not_flagged,contact_pages,,,,,,valid=0; invalid=0; risky=0; unknown=0
13899,>30M,actievemobiliteit.nl,yes,,,https://actievemobiliteit.typeform.com/to/RqoA97,0,,info@actievemobiliteit.nl,showing_email_candidates,not_flagged,contact_pages,info@actievemobiliteit.nl,info@actievemobiliteit.nl,,,,valid=1; invalid=0; risky=0; unknown=0
13900,>30M,ambitiez.nl,yes,,,https://z4gz6oa11i6.typeform.com/to/zxQbgSF6,0,,info@ambitiez.nl,showing_email_candidates,not_flagged,contact_pages,info@ambitiez.nl,,,,info@ambitiez.nl,valid=0; invalid=0; risky=0; unknown=1
13901,>30M,andersomorganiseren.nl,yes,,,https://schinmedia.typeform.com/to/zJ6HPL,0,,nanny@andersomorganiseren.nl,showing_email_candidates,not_flagged,contact_pages,,,,,,valid=0; invalid=0; risky=0; unknown=0
13902,>30M,anneliesvanzwieten.nl,yes,,,,0,,,no_public_email_found,not_flagged,contact_pages,,,,,,valid=0; invalid=0; risky=0; unknown=0
13903,>30M,aov-vergelijker.nl,yes,,,https://aov-vergelijker.typeform.com/to/aDM5EuaE ; https://insurs.typeform.com/to/aDM5EuaE,0,,info@aov-vergelijker.nl,showing_email_candidates,not_flagged,contact_pages,info@aov-vergelijker.nl,,,,info@aov-vergelijker.nl,valid=0; invalid=0; risky=0; unknown=1
13904,>30M,architectdirect.nl,no,,,,0,,support@architectdirect.nl ; welkom@architectdirect.nl,showing_email_candidates,not_flagged,contact_pages,support@architectdirect.nl,,,,support@architectdirect.nl,valid=0; invalid=0; risky=0; unknown=1
13905,>30M,belevenenbinden.nl,no,,,,0,,jouw@email.nl,showing_email_candidates,not_flagged,contact_pages,,,,,,valid=0; invalid=0; risky=0; unknown=0
13906,>30M,bitcoinevangelist.nl,no,,,,0,,,no_public_email_found,not_flagged,contact_pages,,,,,,valid=0; invalid=0; risky=0; unknown=0
13907,>30M,cantine.nl,yes,,,https://form.typeform.com/to/qftKYDbz,0,,info@cantine.nl,showing_email_candidates,not_flagged,contact_pages,info@cantine.nl,,,,info@cantine.nl,valid=0; invalid=0; risky=0; unknown=1
13908,>30M,cremertuin.nl,yes,,,https://hoverkraft.typeform.com/to/fsWJj0,0,,,no_public_email_found,not_flagged,contact_pages,,,,,,valid=0; invalid=0; risky=0; unknown=0
13909,>30M,cstmr.nl,no,,,,0,,,no_public_email_found,not_flagged,contact_pages,,,,,,valid=0; invalid=0; risky=0; unknown=0
13910,>30M,eefvanopdorp.nl,yes,,,https://49hckr6ia2o.typeform.com/to/fM9HP4S3,0,,info@eefvanopdorp.nl,showing_email_candidates,not_flagged,contact_pages,info@eefvanopdorp.nl,,,,info@eefvanopdorp.nl,valid=0; invalid=0; risky=0; unknown=1
13911,>30M,geregelddoorsjors.nl,no,,,,0,,angreni@geregelddoorsjors.nl ; hallo@geregelddoorsjors.nl ; ruben@geregelddoorsjors.nl,showing_email_candidates,not_flagged,contact_pages,,,,,,valid=0; invalid=0; risky=0; unknown=0
13912,>30M,holyhillrun.nl,no,,,,0,,info@holyhillrun.nl,showing_email_candidates,not_flagged,contact_pages,info@holyhillrun.nl,,,,info@holyhillrun.nl,valid=0; invalid=0; risky=0; unknown=1
13913,>30M,hoteldeventer.nl,no,,,,0,,,no_public_email_found,not_flagged,contact_pages,,,,,,valid=0; invalid=0; risky=0; unknown=0
13914,>30M,jongwijs.nl,yes,,,https://jongwijs.typeform.com/to/BlT6Tji6,0,,info@jongwijs.nl,showing_email_candidates,not_flagged,contact_pages,info@jongwijs.nl,,,,info@jongwijs.nl,valid=0; invalid=0; risky=0; unknown=1
13915,>30M,kringloop-gouda.nl,yes,,,https://info481145.typeform.com/to/Xt4u3N,0,,info@kringloop-gouda.nl,showing_email_candidates,not_flagged,contact_pages,info@kringloop-gouda.nl,,,,info@kringloop-gouda.nl,valid=0; invalid=0; risky=0; unknown=1
13916,>30M,mijnpensioenverzekering.nl,no,,,,0,,,no_public_email_found,not_flagged,contact_pages,,,,,,valid=0; invalid=0; risky=0; unknown=0
13917,>30M,moneybalance.nl,no,,,,0,,info@moneybalance.nl,showing_email_candidates,not_flagged,contact_pages,info@moneybalance.nl,,,,info@moneybalance.nl,valid=0; invalid=0; risky=0; unknown=1
13918,>30M,petitcaron.nl,yes,,,https://form.typeform.com/to/KoteN6kH,0,,bonjour@petitcaron.nl ; hr@restaurantscaron.nl ; info@cafecaron.nl ; info@cantinedecaron.nl ; info@tannay.nl ; julian@restaurantscaron.nl,showing_email_candidates,not_flagged,contact_pages,,,,,,valid=0; invalid=0; risky=0; unknown=0
13919,>30M,rekovelle.nl,no,,,,0,,info@ferringfertiliteit.nl,showing_email_candidates,not_flagged,contact_pages,,,,,,valid=0; invalid=0; risky=0; unknown=0
13920,>30M,rm-photography.nl,no,,,,0,,intersection-observer-polyfill@0.1.0,showing_email_candidates,not_flagged,contact_pages,,,,,,valid=0; invalid=0; risky=0; unknown=0
13921,>30M,startupvisa.nl,yes,,,https://onvi97szqs8.typeform.com/to/HTzsy2Hw,0,,,no_public_email_found,not_flagged,contact_pages,,,,,,valid=0; invalid=0; risky=0; unknown=0
13922,>30M,stefanierondags.nl,yes,,,https://embed.typeform.com/ ; https://form.typeform.com/to/llMBPUw1 ; https://images.typeform.com/,0,,1116-featured-100x100@1.5x.jpg ; 1116-featured-100x100@2.5x.jpg ; 1116-featured-100x100@2x.jpg ; 1116-featured-100x100@3x.jpg ; 1515-featured-100x100@1.5x.jpg ; 1515-featured-100x100@2.5x.jpg ; 1515-featured-100x100@2x.jpg ; 1515-featured-100x100@3x.jpg ; 1794-featured-100x100@1.5x.jpg ; 1794-featured-100x100@2.5x.jpg ; 1794-featured-100x100@2x.jpg ; 1794-featured-100x100@3x.jpg ; 1946-featured-100x100@1.5x.jpg ; 1946-featured-100x100@2.5x.jpg ; 1946-featured-100x100@2x.jpg ; 1946-featured-100x100@3x.jpg ; 4539-featured-100x100@1.5x.jpg ; 4539-featured-100x100@2.5x.jpg ; 4539-featured-100x100@2x.jpg ; 4539-featured-100x100@3x.jpg ; 5010-featured-100x100@1.5x.jpg ; 5010-featured-100x100@2.5x.jpg ; 5010-featured-100x100@2x.jpg ; 5010-featured-100x100@3x.jpg ; 5612-featured-100x100@1.5x.jpg ; 5612-featured-100x100@2.5x.jpg ; 5612-featured-100x100@2x.jpg ; 5612-featured-100x100@3x.jpg ; 5751-featured-100x100@1.5x.jpg ; 5751-featured-100x100@2.5x.jpg ; 5751-featured-100x100@2x.jpg ; 5751-featured-100x100@3x.jpg ; 5784-featured-100x100@1.5x.jpg ; 5784-featured-100x100@2.5x.jpg ; 5784-featured-100x100@2x.jpg ; 5784-featured-100x100@3x.jpg ; 5955-featured-100x100@1.5x.jpeg ; 5955-featured-100x100@2.5x.jpeg ; 5955-featured-100x100@2x.jpeg ; 5955-featured-100x100@3x.jpeg ; info@stefanierondags.nl,showing_email_candidates,not_flagged,contact_pages,info@stefanierondags.nl,,,,info@stefanierondags.nl,valid=0; invalid=0; risky=0; unknown=1
13923,>30M,stoeterijduyselshof.nl,no,,,,0,,info@stoeterijduyselshof.nl,showing_email_candidates,not_flagged,contact_pages,info@stoeterijduyselshof.nl,,,,info@stoeterijduyselshof.nl,valid=0; invalid=0; risky=0; unknown=1
13924,>30M,strategycooker.nl,yes,,,https://dannymekic-newteam.typeform.com/to/eTZLqH,0,,,no_public_email_found,not_flagged,contact_pages,,,,,,valid=0; invalid=0; risky=0; unknown=0
13925,>30M,univedichtbij.nl,no,,,,0,,,no_public_email_found,not_flagged,contact_pages,,,,,,valid=0; invalid=0; risky=0; unknown=0
13926,>30M,vdlindustrialmodules.nl,no,,,,0,,info@vdlindustrialmodules.nl ; info@vdlindustrialmodules.nl-holder,showing_email_candidates,not_flagged,contact_pages,info@vdlindustrialmodules.nl,,,,info@vdlindustrialmodules.nl,valid=0; invalid=0; risky=0; unknown=1
13927,>30M,vdltechnics.nl,no,,,,0,,b.megens@vdltechnics.nl ; b.van.der.staak@vdltechnics.nl ; f.van.der.avort@vdltechnics.nl ; info@vdltechnics.nl ; r.bouwman@vdltechnics.nl,showing_email_candidates,not_flagged,contact_pages,info@vdltechnics.nl,,,,info@vdltechnics.nl,valid=0; invalid=0; risky=0; unknown=1
13928,>30M,vdlstaalservice.nl,no,,,,0,,info@vdlstaalservice.nl,showing_email_candidates,not_flagged,contact_pages,info@vdlstaalservice.nl,,,,info@vdlstaalservice.nl,valid=0; invalid=0; risky=0; unknown=1
13929,>30M,vdlets.nl,no,,,,0,,info@vdlets.nl ; name@company.com,showing_email_candidates,not_flagged,contact_pages,info@vdlets.nl,,,,info@vdlets.nl,valid=0; invalid=0; risky=0; unknown=1
13930,>30M,verbeteronline.nl,no,,,,0,,,no_public_email_found,not_flagged,contact_pages,,,,,,valid=0; invalid=0; risky=0; unknown=0
13931,>30M,verstoppingafvoer.nl,yes,,,https://embed.typeform.com/ ; https://ontstoppinsbedrijf.typeform.com/to/mBbW3j ; https://ontstoppinsbedrijf.typeform.com/to/Zuyzcp,0,,info@verstoppingafvoer.nl ; snelgeholpen@verstoppingafvoer.nl ; verstoppingafvoer@gmail.com,showing_email_candidates,not_flagged,contact_pages,info@verstoppingafvoer.nl,,,,info@verstoppingafvoer.nl,valid=0; invalid=0; risky=0; unknown=1
13932,>30M,verzekerjecamper.nl,no,,,,0,,,no_public_email_found,not_flagged,contact_pages,,,,,,valid=0; invalid=0; risky=0; unknown=0
13933,>30M,vitashine.nl,yes,,,https://3ch413n4alt.typeform.com/to/anyIwt4n,0,,info@vitashine.nl ; swiper@8.4.7,showing_email_candidates,not_flagged,contact_pages,info@vitashine.nl,,,,info@vitashine.nl,valid=0; invalid=0; risky=0; unknown=1
13934,>30M,webtrics.nl,no,,,,0,,,no_public_email_found,not_flagged,contact_pages,,,,,,valid=0; invalid=0; risky=0; unknown=0
13935,>30M,woonadviesshop.nl,yes,,,https://kxi893p2vwm.typeform.com/to/A9v8P1Z5,0,,info@woonadviesshop.nl,showing_email_candidates,not_flagged,contact_pages,info@woonadviesshop.nl,,,,info@woonadviesshop.nl,valid=0; invalid=0; risky=0; unknown=1
13936,>30M,workmode.nl,no,,,,0,,amsterdam@hashtagworkmode.com ; apeldoorn@hashtagworkmode.com ; gebruiker@domein.com ; hello@hashtagworkmode.com ; rotterdam@hashtagworkmode.com ; utrecht@hashtagworkmode.com,showing_email_candidates,not_flagged,contact_pages,,,,,,valid=0; invalid=0; risky=0; unknown=0
13937,>30M,zuurbasekennis.nl,yes,,,,0,,advies@zuurbasekennis.nl ; office@zuurbasekennis.nl,showing_email_candidates,not_flagged,contact_pages,office@zuurbasekennis.nl,,,,office@zuurbasekennis.nl,valid=0; invalid=0; risky=0; unknown=1
13938,>30M,aktivitetscup.no,no,,,,0,,,no_public_email_found,not_flagged,contact_pages,,,,,,valid=0; invalid=0; risky=0; unknown=0
13939,>30M,danskhypnose.no,yes,,,https://7ppcpyocdh9.typeform.com/ ; https://7ppcpyocdh9.typeform.com/to/wnbqvxTV,0,,mail@danskhypnose.dk,showing_email_candidates,not_flagged,contact_pages,,,,,,valid=0; invalid=0; risky=0; unknown=0
13940,>30M,digisigns.no,yes,,,,0,,,no_public_email_found,not_flagged,contact_pages,,,,,,valid=0; invalid=0; risky=0; unknown=0
13941,>30M,kriise.no,no,,,,0,,kris@kriise.no,showing_email_candidates,not_flagged,contact_pages,,,,,,valid=0; invalid=0; risky=0; unknown=0
13942,>30M,velo-city.no,yes,,,https://form.typeform.com/to/MQ6TPZzM,0,,,no_public_email_found,not_flagged,contact_pages,,,,,,valid=0; invalid=0; risky=0; unknown=0
13943,>30M,xn--rrlegger-brum-dgb4x.no,yes,,,,0,,,no_public_email_found,not_flagged,contact_pages,,,,,,valid=0; invalid=0; risky=0; unknown=0
13944,>30M,excel.ac.nz,yes,,,https://admin.typeform.com/ ; https://alenkahollow.typeform.com/to/VjOGOm ; https://embed.typeform.com/,0,,info@excel.ac.nz,showing_email_candidates,not_flagged,contact_pages,info@excel.ac.nz,,,,info@excel.ac.nz,valid=0; invalid=0; risky=0; unknown=1
13945,>30M,maoripasifikatrades.co.nz,yes,,,https://akleventhire.typeform.com/to/yTre4B,0,,caroline.afoa@scgnz.org ; cecilia.tuala@downer.co.nz ; chris@kaeaconsultantsltd.com ; david.parsons@bcito.org.nz ; david.parsons@maoripasifikatrades.co.nz ; debra.robertson-welsh@oca.nz ; huia.hawke@cometauckland.org.nz ; info@mito.org.nz ; issacliavaa@gmail.com ; jodi.franklin@mito.org.nz ; john@kaeaconsultantsltd.com ; josh@skillsupdate.co.nz ; leslie.gataua@nzma.ac.nz ; luana.mara@nzma.ac.nz ; makahn@kaeaconsultantsltd.com ; naomi.tito@manukau.ac.nz ; r.currin@competenz.org.nz ; sam.sefuiva@maoripasifikatrades.co.nz ; shelley.riley@maoripasifikatrades.co.nz ; tevita.funaki@thefono.org ; tnuualiitia@unitec.ac.nz ; travis.timoko@twoa.ac.nz ; trewiri@unitec.ac.nz ; tu.williams@matohu.co.nz ; vanessav@connexis.org.nz ; wiremu.manaia@manukau.ac.nz,showing_email_candidates,not_flagged,contact_pages,,,,,,valid=0; invalid=0; risky=0; unknown=0
13946,>30M,supertrash.nz,yes,,,https://supertrash.typeform.com/to/DQHZ5Q,0,,orders@greengorilla.co.nz,showing_email_candidates,not_flagged,contact_pages,,,,,,valid=0; invalid=0; risky=0; unknown=0
13947,>30M,transient.co.nz,yes,,,https://embed.typeform.com/ ; https://paulswain.typeform.com/to/cHoSwj,0,,,no_public_email_found,not_flagged,contact_pages,,,,,,valid=0; invalid=0; risky=0; unknown=0
13948,>30M,edukido.com.pl,no,,,,0,,,no_public_email_found,not_flagged,contact_pages,,,,,,valid=0; invalid=0; risky=0; unknown=0
13949,>30M,tarnowskibasket.pl,yes,,,,0,,,no_public_email_found,not_flagged,contact_pages,,,,,,valid=0; invalid=0; risky=0; unknown=0
13950,>30M,warszawa.jug.pl,yes,,,https://warszawajug.typeform.com/to/L5ydtp,0,,leaders@warszawa.jug.pl ; wjug-regular-meetings@googlegroups.com,showing_email_candidates,not_flagged,contact_pages,,,,,,valid=0; invalid=0; risky=0; unknown=0
13951,>30M,wycinaniedrzew.com.pl,no,,,,0,,biuro@wycinaniedrzew.com.pl,showing_email_candidates,not_flagged,contact_pages,,,,,,valid=0; invalid=0; risky=0; unknown=0
13952,>30M,zsniemcza.pl,no,,,,0,,niemczazs@wp.pl,showing_email_candidates,not_flagged,contact_pages,,,,,,valid=0; invalid=0; risky=0; unknown=0
13953,>30M,aurelio.pro,no,,,,0,,,no_public_email_found,not_flagged,contact_pages,,,,,,valid=0; invalid=0; risky=0; unknown=0
13954,>30M,leicht.pro,no,,,,0,,pro@leicht.pro,showing_email_candidates,not_flagged,contact_pages,,,,,,valid=0; invalid=0; risky=0; unknown=0
13955,>30M,lifebuilders.pro,yes,,,https://brokercloud.typeform.com/ ; https://brokercloud.typeform.com/to/OyfS0vyZ,0,,,no_public_email_found,not_flagged,contact_pages,,,,,,valid=0; invalid=0; risky=0; unknown=0
13956,>30M,weddingday.pro,yes,,,https://lookbook.typeform.com/to/fbHIoZ,0,,hello@flowerclique.com,showing_email_candidates,not_flagged,contact_pages,,,,,,valid=0; invalid=0; risky=0; unknown=0
13957,>30M,primerh.pt,yes,,,,0,,,no_public_email_found,not_flagged,contact_pages,,,,,,valid=0; invalid=0; risky=0; unknown=0
13958,>30M,reunicite.re,yes,,,https://embed.typeform.com/ ; https://strater.typeform.com/to/yqzlTe,0,,,no_public_email_found,not_flagged,contact_pages,,,,,,valid=0; invalid=0; risky=0; unknown=0
13959,>30M,brandcreator.ro,yes,,,https://form.typeform.com/to/hZH5axC3,0,,contact@brandcreator.ro,showing_email_candidates,not_flagged,contact_pages,contact@brandcreator.ro,contact@brandcreator.ro,,,,valid=1; invalid=0; risky=0; unknown=0
13960,>30M,canule-traheale.ro,no,,,,0,,comenzi@clarfon.ro,showing_email_candidates,not_flagged,contact_pages,,,,,,valid=0; invalid=0; risky=0; unknown=0
13961,>30M,comonromania.ro,yes,,,,0,,,no_public_email_found,not_flagged,contact_pages,,,,,,valid=0; invalid=0; risky=0; unknown=0
13962,>30M,medicalaesthetic.com.sg,no,,,,0,,dedicate@frances.com.sg ; markmendez@firstcom.com.sg,showing_email_candidates,not_flagged,contact_pages,,,,,,valid=0; invalid=0; risky=0; unknown=0
13963,>30M,sightlines.com.sg,no,,,https://images.typeform.com/,0,,hello@sightlines.com.sg,showing_email_candidates,not_flagged,contact_pages,hello@sightlines.com.sg,hello@sightlines.com.sg,,,,valid=1; invalid=0; risky=0; unknown=0
13964,>30M,thefour.sg,yes,,,,0,,,no_public_email_found,not_flagged,contact_pages,,,,,,valid=0; invalid=0; risky=0; unknown=0
13965,>30M,worldwidemoving.sg,no,,,,0,,,no_public_email_found,not_flagged,contact_pages,,,,,,valid=0; invalid=0; risky=0; unknown=0
13966,>30M,2015.webcamp.si,yes,,,https://webcamp.typeform.com/to/mKF6kS,0,,info@webcamp.si ; zaposlitve@marand.si,showing_email_candidates,not_flagged,contact_pages,,,,,,valid=0; invalid=0; risky=0; unknown=0
13967,>30M,showcase.space,no,,,,0,,hello@showcase.space,showing_email_candidates,not_flagged,contact_pages,hello@showcase.space,hello@showcase.space,,,,valid=1; invalid=0; risky=0; unknown=0
13968,>30M,generelli.swiss,no,,,,0,,info@generelli.swiss,showing_email_candidates,not_flagged,contact_pages,info@generelli.swiss,,,,info@generelli.swiss,valid=0; invalid=0; risky=0; unknown=1
13969,>30M,ti8m.swiss,no,,,,0,,marketing@ti8m.ch,showing_email_candidates,not_flagged,contact_pages,,,,,,valid=0; invalid=0; risky=0; unknown=0
13970,>30M,sr.tn,no,,,https://projectserotonin.typeform.com/,0,,jquery.counterup@2.1.0,showing_email_candidates,not_flagged,contact_pages,,,,,,valid=0; invalid=0; risky=0; unknown=0
13971,>30M,ediglobal.com.tr,no,,,,0,,,no_public_email_found,not_flagged,contact_pages,,,,,,valid=0; invalid=0; risky=0; unknown=0
13972,>30M,blueshield.com.tw,no,,,,0,,,no_public_email_found,not_flagged,contact_pages,,,,,,valid=0; invalid=0; risky=0; unknown=0
13973,>30M,newparis.com.tw,no,,,,0,,02cbea6c3e8de3ca808320c8953f8b8c@2x.png ; 1d8a4743f7b1c8bab171005ed9aa062e@2x.jpeg ; 2511079167001e0b548e5e13b3b670a0@2x.jpeg ; 2a484b9a68020c989089eb2af8a6f150@2x.jpeg ; 65bc94f5383d4ce8df74f667fdc1dcd4@2x.jpeg ; 666c7854f46071196158644d5f2a9ace@2x.jpeg ; 7852cbd04327234317001b894d4372ab@2x.png ; 7858c3006ca7370630f9dd278c0734b5@2x.jpeg ; 9b25ee1ce2c647d3c48a80530da2e015@2x.jpeg ; bee501d4c84de36922d0999c8643620b@2x.jpeg ; c1aa3a6ff90f21272edad32c6a582e81@2x.jpeg ; c21ecd19a2c482670508ca67d1738bfa@2x.png ; c45d477a155178ea60a4c3c6cbf83a39@2x.jpeg,showing_email_candidates,not_flagged,contact_pages,,,,,,valid=0; invalid=0; risky=0; unknown=0
13974,>30M,suntex.tw,no,,,https://embed.typeform.com/,0,,suntex168@yahoo.com.tw,showing_email_candidates,not_flagged,contact_pages,,,,,,valid=0; invalid=0; risky=0; unknown=0
13975,>30M,zo-ra.com.tw,yes,,,https://wind10.typeform.com/to/zJn9lZ,0,,service@zo-ra.com.tw,showing_email_candidates,not_flagged,contact_pages,service@zo-ra.com.tw,,,,service@zo-ra.com.tw,valid=0; invalid=0; risky=0; unknown=1
13976,>30M,abricos.kiev.ua,no,,,,0,,,no_public_email_found,not_flagged,contact_pages,,,,,,valid=0; invalid=0; risky=0; unknown=0
13977,>30M,agroshow.com.ua,no,,,,0,,agroshow.ua@gmail.com ; hello@agroshow.com.ua,showing_email_candidates,not_flagged,contact_pages,hello@agroshow.com.ua,hello@agroshow.com.ua,,,,valid=1; invalid=0; risky=0; unknown=0
13978,>30M,alfresco.com.ua,no,,,,0,,,no_public_email_found,not_flagged,contact_pages,,,,,,valid=0; invalid=0; risky=0; unknown=0
13979,>30M,eduworld.com.ua,no,,,https://embed.typeform.com/,0,,imie@email.com,showing_email_candidates,not_flagged,contact_pages,,,,,,valid=0; invalid=0; risky=0; unknown=0
13980,>30M,gbengochea.com.uy,no,,,,0,,correo@micorreo.com ; info@gbengochea.com.uy ; reclamos@gbengochea.com.uy,showing_email_candidates,not_flagged,contact_pages,info@gbengochea.com.uy,,,,info@gbengochea.com.uy,valid=0; invalid=0; risky=0; unknown=1
13981,>30M,adlink.uz,no,,,,0,,,no_public_email_found,not_flagged,contact_pages,,,,,,valid=0; invalid=0; risky=0; unknown=0
13982,>30M,duxcapital.vc,yes,,,https://form.typeform.com/to/F6agAA3c,0,,,no_public_email_found,not_flagged,contact_pages,,,,,,valid=0; invalid=0; risky=0; unknown=0
13983,>30M,samaipata.vc,yes,,,https://samaipata.typeform.com/to/k43fN6 ; https://samaipata.typeform.com/to/Rn5jjw,0,,,no_public_email_found,not_flagged,contact_pages,,,,,,valid=0; invalid=0; risky=0; unknown=0
13984,>30M,vfe.vc,yes,,,,0,,,no_public_email_found,not_flagged,contact_pages,,,,,,valid=0; invalid=0; risky=0; unknown=0
13985,>30M,trind.vc,yes,,,https://embed.typeform.com/ ; https://form.typeform.com/to/Mqqh12F8,0,,trind@trind.vc,showing_email_candidates,not_flagged,contact_pages,,,,,,valid=0; invalid=0; risky=0; unknown=0
13986,>30M,cocorico.vn,no,,,,0,,hello@cocorico.vn,showing_email_candidates,not_flagged,contact_pages,hello@cocorico.vn,,hello@cocorico.vn,,,valid=0; invalid=1; risky=0; unknown=0
13987,>30M,aceyoureducation.co.za,no,,,,0,,info@aeegroup.co.za,showing_email_candidates,not_flagged,contact_pages,,,,,,valid=0; invalid=0; risky=0; unknown=0
13988,>30M,blockpower.co.za,yes,,,,0,,info@blockpower.co.za,showing_email_candidates,not_flagged,contact_pages,info@blockpower.co.za,,,,info@blockpower.co.za,valid=0; invalid=0; risky=0; unknown=1
13989,>30M,buycorp.co.za,yes,,,https://embed.typeform.com/ ; https://form.typeform.com/to/oGGmsOAF,0,,info@buycorp.co.za,showing_email_candidates,not_flagged,contact_pages,info@buycorp.co.za,,,,info@buycorp.co.za,valid=0; invalid=0; risky=0; unknown=1
13990,>30M,cs4a.co.za,yes,,,https://cs4a.typeform.com/to/pFf5Rp,0,,,no_public_email_found,not_flagged,contact_pages,,,,,,valid=0; invalid=0; risky=0; unknown=0
13991,>30M,eastsideschool.co.za,yes,,,https://luckybeardsurvey.typeform.com/to/xM5Jv0OM,0,,admissions@eastsideschool.co.za ; school@eastside.org.za,showing_email_candidates,not_flagged,contact_pages,admissions@eastsideschool.co.za,admissions@eastsideschool.co.za,,,,valid=1; invalid=0; risky=0; unknown=0
13992,>30M,himoinsa.co.za,no,,,,0,,,no_public_email_found,not_flagged,contact_pages,,,,,,valid=0; invalid=0; risky=0; unknown=0
13993,>30M,laboratorysolutions.co.za,yes,,,https://form.typeform.com/to/XyYhb2yH,0,,admin@laboratorysolutions.co.za,showing_email_candidates,not_flagged,contact_pages,admin@laboratorysolutions.co.za,admin@laboratorysolutions.co.za,,,,valid=1; invalid=0; risky=0; unknown=0
13994,>30M,landscaping-capetown.co.za,no,,,,0,,info@jjlandscapes.co.za,showing_email_candidates,not_flagged,contact_pages,,,,,,valid=0; invalid=0; risky=0; unknown=0
13995,>30M,machrie.co.za,yes,,,,0,,,no_public_email_found,not_flagged,contact_pages,,,,,,valid=0; invalid=0; risky=0; unknown=0
13996,>30M,pallidus.co.za,no,,,,0,,,no_public_email_found,not_flagged,contact_pages,,,,,,valid=0; invalid=0; risky=0; unknown=0
13997,>30M,professionalmakeupartist.co.za,yes,,,https://accentuatehairandmakeup.typeform.com/to/fEjI8H,0,,,no_public_email_found,not_flagged,contact_pages,,,,,,valid=0; invalid=0; risky=0; unknown=0
13998,>30M,sanibonani.co.za,no,,,https://embed.typeform.com/,0,,,no_public_email_found,not_flagged,contact_pages,,,,,,valid=0; invalid=0; risky=0; unknown=0
13999,>30M,xcenttravel.com,yes,,,,0,,,no_public_email_found,not_flagged,contact_pages,,,,,,valid=0; invalid=0; risky=0; unknown=0
14000,>30M,julientuyeras.com,yes,,,https://co1j3kv9gk3.typeform.com/to/VhVJeLvR,0,,contact@julientuyeras.com,showing_email_candidates,not_flagged,contact_pages,contact@julientuyeras.com,contact@julientuyeras.com,,,,valid=1; invalid=0; risky=0; unknown=0
14001,>30M,indriverjob.com,no,,,,0,,,no_public_email_found,not_flagged,contact_pages,,,,,,valid=0; invalid=0; risky=0; unknown=0
14002,>30M,togoshihifuka.com,no,,,,0,,,no_public_email_found,not_flagged,contact_pages,,,,,,valid=0; invalid=0; risky=0; unknown=0
14003,>30M,counterweightcreative.co,no,,,,0,,,no_public_email_found,not_flagged,contact_pages,,,,,,valid=0; invalid=0; risky=0; unknown=0
14004,>30M,uccsa.org.zw,yes,,,,0,,,no_public_email_found,not_flagged,contact_pages,,,,,,valid=0; invalid=0; risky=0; unknown=0
14005,>30M,flex.sg,yes,,,,0,,,no_public_email_found,not_flagged,contact_pages,,,,,,valid=0; invalid=0; risky=0; unknown=0
14006,>30M,j-yamaki.jp,no,,,,0,,,no_public_email_found,not_flagged,contact_pages,,,,,,valid=0; invalid=0; risky=0; unknown=0
14007,>30M,theathleteprogram.com,yes,,,,0,,,no_public_email_found,not_flagged,contact_pages,,,,,,valid=0; invalid=0; risky=0; unknown=0
14008,>30M,tiffany-yachts.com,yes,,,https://admin.typeform.com/ ; https://embed.typeform.com/ ; https://tiffanybillings.typeform.com/to/yneoSY,0,,,no_public_email_found,not_flagged,contact_pages,,,,,,valid=0; invalid=0; risky=0; unknown=0
14009,>30M,spacery-wirtualne.pro,yes,,,https://spacerywirtualnepro.typeform.com/to/WaMhKrws,0,,fancybox@3.5.6 ; kontakt@spacery-wirtualne.pro,showing_email_candidates,not_flagged,contact_pages,,,,,,valid=0; invalid=0; risky=0; unknown=0
14010,>30M,aperaf.com,yes,,,https://aperafservices.typeform.com/,0,,hello@aperaf.com ; jsqr@1.3.1 ; typed.js@2.0.9,showing_email_candidates,not_flagged,contact_pages,hello@aperaf.com,hello@aperaf.com,,,,valid=1; invalid=0; risky=0; unknown=0
14011,>30M,whoisjz.com,no,,,,0,,img-awards@2x.jpg ; img-brand@2x.jpg ; img-cover@2x.jpg ; img-expertise@2x.jpg ; img-press@2x.jpg ; johndzhang@gmail.com,showing_email_candidates,not_flagged,contact_pages,,,,,,valid=0; invalid=0; risky=0; unknown=0
14012,>30M,valosan.com,yes,,,https://sanfrancisco.typeform.com/to/h3pboK7w ; https://sanfrancisco.typeform.com/to/pENNe971,0,,hello@valosan.com ; juhani@valosan.com ; ruslan@valosan.com ; steve@valosan.com,showing_email_candidates,not_flagged,contact_pages,hello@valosan.com,hello@valosan.com,,,,valid=1; invalid=0; risky=0; unknown=0
14013,>30M,georgegrowth.com,yes,,,https://deeplook.typeform.com/to/WiKXXTPm,0,,,no_public_email_found,not_flagged,contact_pages,,,,,,valid=0; invalid=0; risky=0; unknown=0
14014,>30M,journeypuremelbourne.com,yes,,,,0,,,no_public_email_found,not_flagged,contact_pages,,,,,,valid=0; invalid=0; risky=0; unknown=0
14015,>30M,edbridg.com,yes,,,https://eamon425432.typeform.com/to/yx7vvUf5 ; https://eamon425432.typeform.com/to/zcuvBIHh ; https://edbridg.typeform.com/to/zcuvBIHh ; https://embed.typeform.com/,0,,contact@edbridg.com,showing_email_candidates,not_flagged,contact_pages,contact@edbridg.com,contact@edbridg.com,,,,valid=1; invalid=0; risky=0; unknown=0
14016,>30M,lawyers-magazine.com,yes,,,https://eqwal.typeform.com/to/fiYo8quT,0,,info@eqwal.legal,showing_email_candidates,not_flagged,contact_pages,,,,,,valid=0; invalid=0; risky=0; unknown=0
14017,>30M,purespeechtechnology.com,no,,,,0,,hello@pst.ai,showing_email_candidates,not_flagged,contact_pages,,,,,,valid=0; invalid=0; risky=0; unknown=0
14018,>30M,decoreshop.ru,no,,,,0,,,no_public_email_found,not_flagged,contact_pages,,,,,,valid=0; invalid=0; risky=0; unknown=0
14019,>30M,villagespeech.net,no,,,https://public-assets.typeform.com/,0,,,no_public_email_found,not_flagged,contact_pages,,,,,,valid=0; invalid=0; risky=0; unknown=0
14020,>30M,moniqueempowers.com,yes,,,https://rdlytfpz115.typeform.com/to/n0KxSAYw,0,,,no_public_email_found,not_flagged,contact_pages,,,,,,valid=0; invalid=0; risky=0; unknown=0
14021,>30M,myenginelab.com,no,,,,0,,hello@myenginelab.com,showing_email_candidates,not_flagged,contact_pages,hello@myenginelab.com,hello@myenginelab.com,,,,valid=1; invalid=0; risky=0; unknown=0
14022,>30M,ndeyefanagueye.com,no,,,,0,,ndeyefanag@gmail.com,showing_email_candidates,not_flagged,contact_pages,,,,,,valid=0; invalid=0; risky=0; unknown=0
14023,>30M,corpokarma.com,yes,,,,0,,hello@corpokarma.com,showing_email_candidates,not_flagged,contact_pages,hello@corpokarma.com,hello@corpokarma.com,,,,valid=1; invalid=0; risky=0; unknown=0
14024,>30M,collective.ruhr,yes,,,,0,,hello@collective.ruhr ; kennenlerneneinfhrungstouressenrttenscheid@hnatyk.gmbh,showing_email_candidates,not_flagged,contact_pages,hello@collective.ruhr,hello@collective.ruhr,,,,valid=1; invalid=0; risky=0; unknown=0
14025,>30M,sys.co.ke,no,,,https://embed.typeform.com/,0,,portals@sys.co.ke,showing_email_candidates,not_flagged,contact_pages,,,,,,valid=0; invalid=0; risky=0; unknown=0
14026,>30M,therightcrate.com,yes,,,https://embed.typeform.com/ ; https://impactdogcrates.typeform.com/to/gmMgav,0,,primary_idc_logo_color_180x@2x.png,showing_email_candidates,not_flagged,contact_pages,,,,,,valid=0; invalid=0; risky=0; unknown=0
14027,>30M,lilu2018.ru,no,,,,0,,,no_public_email_found,not_flagged,contact_pages,,,,,,valid=0; invalid=0; risky=0; unknown=0
14028,>30M,girondebox.com,no,,,,0,,contact@girondebox.com ; girondebox@gmail.com,showing_email_candidates,not_flagged,contact_pages,contact@girondebox.com,contact@girondebox.com,,,,valid=1; invalid=0; risky=0; unknown=0
14029,>30M,ymamerican.com,yes,,,https://embed.typeform.com/ ; https://ymamerican.typeform.com/to/NLMQzk,0,,,no_public_email_found,not_flagged,contact_pages,,,,,,valid=0; invalid=0; risky=0; unknown=0
14030,>30M,lwprs.com,no,,,,0,,animejs@3.0.1 ; info@lwprs.com ; nikhil@lwrps.com ; priya.evelyn@lwrps.com ; scrollreveal@4.0.0 ; sudha.k@lwrps.com,showing_email_candidates,not_flagged,contact_pages,info@lwprs.com,,,,info@lwprs.com,valid=0; invalid=0; risky=0; unknown=1
14031,>30M,hojonaika.com,no,,,,0,,,no_public_email_found,not_flagged,contact_pages,,,,,,valid=0; invalid=0; risky=0; unknown=0
14032,>30M,dwellclearlake.com,no,,,,0,,,no_public_email_found,not_flagged,contact_pages,,,,,,valid=0; invalid=0; risky=0; unknown=0
14033,>30M,remotemarketing.org,no,,,,0,,,no_public_email_found,not_flagged,contact_pages,,,,,,valid=0; invalid=0; risky=0; unknown=0
14034,>30M,copyholic.es,no,,,,0,,elena@copyholic.es ; no-one@snai1mai1.com,showing_email_candidates,not_flagged,contact_pages,,,,,,valid=0; invalid=0; risky=0; unknown=0
14035,>30M,impots-suisse.ch,yes,,,https://ag3nwim38pb.typeform.com/to/hgqa0JIr,0,,,no_public_email_found,not_flagged,contact_pages,,,,,,valid=0; invalid=0; risky=0; unknown=0
14036,>30M,chainmentor.net,yes,,,https://form.typeform.com/to/wjnd0f8p,0,,,no_public_email_found,not_flagged,contact_pages,,,,,,valid=0; invalid=0; risky=0; unknown=0
14037,>30M,comoparkdentistry.com,yes,,,https://embed.typeform.com/ ; https://revupgroup.typeform.com/to/pgBvjDKe,0,,info@comoparkdentistry.com,showing_email_candidates,not_flagged,contact_pages,info@comoparkdentistry.com,,,,info@comoparkdentistry.com,valid=0; invalid=0; risky=0; unknown=1
14038,>30M,entivik.com,yes,,,,0,,,no_public_email_found,not_flagged,contact_pages,,,,,,valid=0; invalid=0; risky=0; unknown=0
14039,>30M,gokcekarabay.com,no,,,,0,,,no_public_email_found,not_flagged,contact_pages,,,,,,valid=0; invalid=0; risky=0; unknown=0
14040,>30M,montrellhamilton.com,no,,,,0,,,no_public_email_found,not_flagged,contact_pages,,,,,,valid=0; invalid=0; risky=0; unknown=0
14041,>30M,desdecerofinanzas.com,no,,,,0,,desdecerohn@gmail.com,showing_email_candidates,not_flagged,contact_pages,,,,,,valid=0; invalid=0; risky=0; unknown=0
14042,>30M,domino168.site,no,,,,0,,,no_public_email_found,not_flagged,contact_pages,,,,,,valid=0; invalid=0; risky=0; unknown=0
14043,>30M,sertland.ru,no,,,,0,,,no_public_email_found,not_flagged,contact_pages,,,,,,valid=0; invalid=0; risky=0; unknown=0
14044,>30M,cityasalab.com,yes,,,https://avll.typeform.com/to/bDQVud8b,0,,,no_public_email_found,not_flagged,contact_pages,,,,,,valid=0; invalid=0; risky=0; unknown=0
14045,>30M,spotontms.com,no,,,,0,,accounting@spotontms.com ; dispatch@spotontms.com ; sales@spotontms.com,showing_email_candidates,not_flagged,contact_pages,sales@spotontms.com,,,,sales@spotontms.com,valid=0; invalid=0; risky=0; unknown=1
14046,>30M,sahilrajput.com,no,,,https://www.typeform.com/,0,,hello@sahilrajput.com,showing_email_candidates,not_flagged,contact_pages,hello@sahilrajput.com,,hello@sahilrajput.com,,,valid=0; invalid=1; risky=0; unknown=0
14047,>30M,shipyardsupply.co,yes,,,https://sytt.typeform.com/to/M5ZDccXL,0,,info@shipyardsupply.co,showing_email_candidates,not_flagged,contact_pages,info@shipyardsupply.co,,,,info@shipyardsupply.co,valid=0; invalid=0; risky=0; unknown=1
14048,>30M,campusb.org,no,,,https://campusb.typeform.com/,0,,info@campusb.org,showing_email_candidates,not_flagged,contact_pages,info@campusb.org,,,,info@campusb.org,valid=0; invalid=0; risky=0; unknown=1
14049,>30M,wurzelbehandlung-zahnarzt-potsdam.de,no,,,,0,,,no_public_email_found,not_flagged,contact_pages,,,,,,valid=0; invalid=0; risky=0; unknown=0
14050,>30M,thekayaktrip.com,no,,,https://embed.typeform.com/ ; https://travelbase.typeform.com/,0,,d020ffd2748b1ad387ba8eb63675f2ac@o4505114921795584.ingest.us.sentry.io ; info@thekayaktrip.com,showing_email_candidates,not_flagged,contact_pages,info@thekayaktrip.com,,,,info@thekayaktrip.com,valid=0; invalid=0; risky=0; unknown=1
14051,>30M,bookprowrestlers.net,no,,,,0,,stevenwa11@yahoo.com,showing_email_candidates,not_flagged,contact_pages,,,,,,valid=0; invalid=0; risky=0; unknown=0
14052,>30M,1xteam.com,no,,,https://embed.typeform.com/,0,,hello@1xteam.com,showing_email_candidates,not_flagged,contact_pages,hello@1xteam.com,hello@1xteam.com,,,,valid=1; invalid=0; risky=0; unknown=0
14053,>30M,wearewatching.live,yes,,,,0,,,no_public_email_found,not_flagged,contact_pages,,,,,,valid=0; invalid=0; risky=0; unknown=0
14054,>30M,arishrivers.com,yes,,,https://ogpmnwkxkkk.typeform.com/to/ETiC1Ksb,0,,hello@arishrivers.com ; hello@champloomedia.com ; moe4loans@gmail.com ; nhello@arishrivers.com,showing_email_candidates,not_flagged,contact_pages,hello@arishrivers.com,hello@arishrivers.com,,,,valid=1; invalid=0; risky=0; unknown=0
14055,>30M,hood7.com,yes,,,,0,,appt@hood7.com ; info@hood7.com,showing_email_candidates,not_flagged,contact_pages,info@hood7.com,,,,info@hood7.com,valid=0; invalid=0; risky=0; unknown=1
14056,>30M,everlastingconfidence.com,yes,,,https://ymfzcmtuvv5.typeform.com/to/ZNUfwSFc,0,,,no_public_email_found,not_flagged,contact_pages,,,,,,valid=0; invalid=0; risky=0; unknown=0
14057,>30M,ramptalent.com,no,,,https://ee91x5sqswm.typeform.com/ ; https://form.typeform.com/to/JP4S1yet ; https://form.typeform.com/to/vqBChfA5,0,,ben@ramptalent.com,showing_email_candidates,not_flagged,contact_pages,,,,,,valid=0; invalid=0; risky=0; unknown=0
14058,>30M,sweoulkorea.com,no,,,,0,,,no_public_email_found,not_flagged,contact_pages,,,,,,valid=0; invalid=0; risky=0; unknown=0
14059,>30M,umaimarketing.com,yes,,,https://umaigrowthcourse.typeform.com/to/nxaJNken,0,,hello@umaimarketing.com,showing_email_candidates,not_flagged,contact_pages,hello@umaimarketing.com,hello@umaimarketing.com,,,,valid=1; invalid=0; risky=0; unknown=0
14060,>30M,burlington.games,yes,,,https://embed.typeform.com/ ; https://form.typeform.com/to/EYuGqK ; https://maxwellflood1.typeform.com/to/EYuGqK,0,,,no_public_email_found,not_flagged,contact_pages,,,,,,valid=0; invalid=0; risky=0; unknown=0
14061,>30M,orange-hifuka.jp,no,,,,0,,,no_public_email_found,not_flagged,contact_pages,,,,,,valid=0; invalid=0; risky=0; unknown=0
14062,>30M,yz-itto.jp,no,,,,0,,,no_public_email_found,not_flagged,contact_pages,,,,,,valid=0; invalid=0; risky=0; unknown=0
14063,>30M,filehouse-azuma4u.jp,no,,,,0,,,no_public_email_found,not_flagged,contact_pages,,,,,,valid=0; invalid=0; risky=0; unknown=0
14064,>30M,zconti.com.br,yes,,,,0,,,no_public_email_found,not_flagged,contact_pages,,,,,,valid=0; invalid=0; risky=0; unknown=0
14065,>30M,theicelandtrail.com,yes,,,https://embed.typeform.com/ ; https://travelbase.typeform.com/ ; https://travelbase.typeform.com/to/fUh6YvQ3,0,,d020ffd2748b1ad387ba8eb63675f2ac@o4505114921795584.ingest.us.sentry.io ; info@theicelandtrail.com,showing_email_candidates,not_flagged,contact_pages,info@theicelandtrail.com,,,,info@theicelandtrail.com,valid=0; invalid=0; risky=0; unknown=1
14066,>30M,blum-baby.com,yes,,,https://embed.typeform.com/ ; https://jameslomas.typeform.com/to/gV9gaS,0,,james.lomas@blum-baby.com ; james.lomas@diagknows.co.uk ; micah.weightman@blum-baby.com ; michael.watts@blum-baby.com ; michaelwatts@outlook.com,showing_email_candidates,not_flagged,contact_pages,,,,,,valid=0; invalid=0; risky=0; unknown=0
14067,>30M,euvix.com,no,,,,0,,,no_public_email_found,not_flagged,contact_pages,,,,,,valid=0; invalid=0; risky=0; unknown=0
14068,>30M,zealousschools.org,yes,,,https://zealousschools.typeform.com/to/XSR0DoVR,0,,office@zealousschools.com,showing_email_candidates,not_flagged,contact_pages,,,,,,valid=0; invalid=0; risky=0; unknown=0
14069,>30M,thegrowingplaceaba.org,yes,,,,0,,info@thegrowingplaceaba.org,showing_email_candidates,not_flagged,contact_pages,info@thegrowingplaceaba.org,,,,info@thegrowingplaceaba.org,valid=0; invalid=0; risky=0; unknown=1
14070,>30M,demathahoops.org,no,,,,0,,,no_public_email_found,not_flagged,contact_pages,,,,,,valid=0; invalid=0; risky=0; unknown=0
14071,>30M,phoenixmodern.org,yes,,,https://form.typeform.com/to/gIeT5n ; https://phxmodern.typeform.com/to/gIeT5n,0,,ailyn@phoenixmodern.org ; allison@phoenixmodern.org ; asset-12@3x.png ; asset-13@3x-100-2-1024x936.jpg ; asset-13@3x-100-2-1080x987.jpg ; asset-13@3x-100-2-300x274.jpg ; asset-13@3x-100-2-768x702.jpg ; asset-13@3x-100-2.jpg ; asset-23@2x-150x150.png ; asset-23@2x.png ; brianna@phoenixmodern.org ; charles@phoenixmodern.org ; demytria@phoenixmodern.org ; discover@phoenixmodern.org ; elizabeth@phoenixmodern.org ; jenniferh@phoenixmodern.org ; lola@phoenixmodern.org ; paris@phoenixmodern.org ; records@phoenixmodern.org ; sydney@phoenixmodern.org,showing_email_candidates,not_flagged,contact_pages,,,,,,valid=0; invalid=0; risky=0; unknown=0
14072,>30M,safeforchild.org,yes,,,https://embed.typeform.com/ ; https://safeforchild.typeform.com/to/Kc98GE,0,,,no_public_email_found,not_flagged,contact_pages,,,,,,valid=0; invalid=0; risky=0; unknown=0
14073,>30M,galacticscope.org,no,,,,0,,,no_public_email_found,not_flagged,contact_pages,,,,,,valid=0; invalid=0; risky=0; unknown=0
14074,>30M,righttoparticipate.org,yes,,,https://disabilityrightsuk.typeform.com/to/Eaud6Z,0,,,no_public_email_found,not_flagged,contact_pages,,,,,,valid=0; invalid=0; risky=0; unknown=0
14075,>30M,chicagotherapycollective.org,yes,,,https://chicagotherapycollective.typeform.com/to/X4ZsdIqV,0,,,no_public_email_found,not_flagged,contact_pages,,,,,,valid=0; invalid=0; risky=0; unknown=0
14076,>30M,florencefarmersmarket.org,yes,,,,0,,,no_public_email_found,not_flagged,contact_pages,,,,,,valid=0; invalid=0; risky=0; unknown=0
14077,>30M,usmcl.org,yes,,,,0,,info@usmcl.org,showing_email_candidates,not_flagged,contact_pages,info@usmcl.org,,,,info@usmcl.org,valid=0; invalid=0; risky=0; unknown=1
14078,>30M,lacedhairfoundation.org,yes,,,https://form.typeform.com/to/G9nfrgSc,0,,info@stagheaddesigns.com,showing_email_candidates,not_flagged,contact_pages,,,,,,valid=0; invalid=0; risky=0; unknown=0
14079,>30M,acsmi.org,no,,,http://form.typeform.com/ ; http://renderer-assets.typeform.com/,0,,admissions@acsmi.org ; advising@acsmi.org ; info@acsmi.org ; support@acsmi.org ; techsupport@acsmi.org,showing_email_candidates,not_flagged,contact_pages,admissions@acsmi.org ; info@acsmi.org ; support@acsmi.org,admissions@acsmi.org ; info@acsmi.org,,,support@acsmi.org,valid=2; invalid=0; risky=0; unknown=1
14080,>30M,assoausili.org,no,,,,0,,giacomelli@mediavoice.it ; gvaccari@helpicare.com ; mengarelli@mediavoice.it ; presidente@assoausili.org,showing_email_candidates,not_flagged,contact_pages,,,,,,valid=0; invalid=0; risky=0; unknown=0
14081,>30M,bwheelernutrition.org,yes,,,https://8ehejv92e26.typeform.com/to/ZFav3eim ; https://form.typeform.com/to/ZFav3eim,0,,admin@bwheelernutrition.org ; youremail@email.com,showing_email_candidates,not_flagged,contact_pages,admin@bwheelernutrition.org,admin@bwheelernutrition.org,,,,valid=1; invalid=0; risky=0; unknown=0
14082,>30M,eurekoitest.org,yes,,,,0,,,no_public_email_found,not_flagged,contact_pages,,,,,,valid=0; invalid=0; risky=0; unknown=0
14083,>30M,impactcomms.org,yes,,,https://corelab1.typeform.com/to/eWdzuL,0,,,no_public_email_found,not_flagged,contact_pages,,,,,,valid=0; invalid=0; risky=0; unknown=0
14084,>30M,apredig.org,yes,,,,0,,,no_public_email_found,not_flagged,contact_pages,,,,,,valid=0; invalid=0; risky=0; unknown=0
14085,>30M,covlove.org,yes,,,,0,,,no_public_email_found,not_flagged,contact_pages,,,,,,valid=0; invalid=0; risky=0; unknown=0
14086,>30M,projectvesta.org,yes,,,https://embed.typeform.com/ ; https://form.typeform.com/to/Qw3SAegd ; https://jdij3qcxwde.typeform.com/to/a7iQhrcw ; https://jdij3qcxwde.typeform.com/to/Qw3SAegd,0,,,no_public_email_found,not_flagged,contact_pages,,,,,,valid=0; invalid=0; risky=0; unknown=0
14087,>30M,readysetprevent.org,yes,,,https://nkfm.typeform.com/to/J33lim ; https://nkfm.typeform.com/to/V63yBb,0,,preventdiabetes@nkfm.org,showing_email_candidates,not_flagged,contact_pages,,,,,,valid=0; invalid=0; risky=0; unknown=0
14088,>30M,thetransitionacademy.org,no,,,,0,,admin@thetransitionacademy.org ; cesteban@thetransitionacademy.org ; cfowler@thetransitionacademy.org ; info@thetransitionacademy.org ; kriley@thetransitionacademy.org ; programs@thetransitionacademy.org ; smirador@thetransitionacademy.org ; socialservices@thetransitionacademy.org,showing_email_candidates,not_flagged,contact_pages,admin@thetransitionacademy.org ; info@thetransitionacademy.org,admin@thetransitionacademy.org,,,info@thetransitionacademy.org,valid=1; invalid=0; risky=0; unknown=1
14089,>30M,welcomehomesf.org,yes,,,https://sfrealtors.typeform.com/to/IbbcmV,0,,foundation@sfrealtors.com,showing_email_candidates,not_flagged,contact_pages,,,,,,valid=0; invalid=0; risky=0; unknown=0
14090,>30M,futureu-onlinementoring.org,no,,,,0,,,no_public_email_found,not_flagged,contact_pages,,,,,,valid=0; invalid=0; risky=0; unknown=0
14091,>30M,kindmusic.org,yes,,,,0,,,no_public_email_found,not_flagged,contact_pages,,,,,,valid=0; invalid=0; risky=0; unknown=0
14092,>30M,rustbeltrising.org,yes,,,https://15v718qtany.typeform.com/to/WdgdnZUi,0,,info@rustbeltrising.com,showing_email_candidates,not_flagged,contact_pages,,,,,,valid=0; invalid=0; risky=0; unknown=0
14093,>30M,thetransformationist.org,yes,,,,0,,,no_public_email_found,not_flagged,contact_pages,,,,,,valid=0; invalid=0; risky=0; unknown=0
14094,>30M,basilsharvest.org,yes,,,https://fbdt3edcd48.typeform.com/to/wbl1KyaV,0,,,no_public_email_found,not_flagged,contact_pages,,,,,,valid=0; invalid=0; risky=0; unknown=0
14095,>30M,yncubator.org,no,,,,0,,,no_public_email_found,not_flagged,contact_pages,,,,,,valid=0; invalid=0; risky=0; unknown=0
14096,>30M,labuanfintech.org,no,,,,0,,info@labuanfintech.org,showing_email_candidates,not_flagged,contact_pages,info@labuanfintech.org,,,,info@labuanfintech.org,valid=0; invalid=0; risky=0; unknown=1
14097,>30M,caribbeanaccelerator.org,yes,,,https://form.typeform.com/to/UMYiYFaG ; https://form.typeform.com/to/USDLjrp0,0,,caricom@3x.png ; gfdrr@3x.png ; hello@caribbeanaccelerator.org ; idb@3x.png ; john@doe.com ; resilient-infrastructure-and-smart-cities@2x.png,showing_email_candidates,not_flagged,contact_pages,hello@caribbeanaccelerator.org,hello@caribbeanaccelerator.org,,,,valid=1; invalid=0; risky=0; unknown=0
14098,>30M,clubfuturo.org,yes,,,https://clubfuturo.typeform.com/to/pb4s7Z,0,,info@clubfuturo.org ; press@clubfuturo.org ; riccardo@clubfuturo.org,showing_email_candidates,not_flagged,contact_pages,info@clubfuturo.org ; press@clubfuturo.org,,,,info@clubfuturo.org ; press@clubfuturo.org,valid=0; invalid=0; risky=0; unknown=2
14099,>30M,orderofkings.org,yes,,,https://qfnp9ak5e8v.typeform.com/to/HFwJlLZg,0,,,no_public_email_found,not_flagged,contact_pages,,,,,,valid=0; invalid=0; risky=0; unknown=0
14100,>30M,thefrothfactory.org,yes,,,,0,,,no_public_email_found,not_flagged,contact_pages,,,,,,valid=0; invalid=0; risky=0; unknown=0
14101,>30M,401kresources.org,no,,,,0,,,no_public_email_found,not_flagged,contact_pages,,,,,,valid=0; invalid=0; risky=0; unknown=0
14102,>30M,apps4trainers.org,no,,,,0,,,no_public_email_found,not_flagged,contact_pages,,,,,,valid=0; invalid=0; risky=0; unknown=0
14103,>30M,firegifts.org,no,,,,0,,mehrzad@firegifts.org,showing_email_candidates,not_flagged,contact_pages,,,,,,valid=0; invalid=0; risky=0; unknown=0
14104,>30M,oohsosisterly.org,yes,,,,0,,,no_public_email_found,not_flagged,contact_pages,,,,,,valid=0; invalid=0; risky=0; unknown=0
14105,>30M,ethseoul.org,yes,,,https://kryptoplanet.typeform.com/ ; https://yqg3ps9kx9n.typeform.com/to/IchWGpQ7,0,,bootstrap@4.0.0 ; popper.js@1.12.9,showing_email_candidates,not_flagged,contact_pages,,,,,,valid=0; invalid=0; risky=0; unknown=0
14106,>30M,bhrtdefense.org,yes,,,https://bhrtlegaldefense.typeform.com/to/ZFRS0v,0,,info@bhrtdefense.org,showing_email_candidates,not_flagged,contact_pages,info@bhrtdefense.org,,,,info@bhrtdefense.org,valid=0; invalid=0; risky=0; unknown=1
14107,>30M,cambridgementoring.org,no,,,https://embed.typeform.com/,0,,quill@1.3.6,showing_email_candidates,not_flagged,contact_pages,,,,,,valid=0; invalid=0; risky=0; unknown=0
14108,>30M,noustoutes.org,yes,,,https://form.typeform.com/to/lrsyP0SR,0,,chang-martin-img_6455-2-v3@2x-1024x366.png ; contact@noustoutes.org ; formations@noustoutes.org ; medias@noustoutes.org,showing_email_candidates,not_flagged,contact_pages,contact@noustoutes.org,,contact@noustoutes.org,,,valid=0; invalid=1; risky=0; unknown=0
14109,>30M,shinnystory.org,yes,,,,0,,,no_public_email_found,not_flagged,contact_pages,,,,,,valid=0; invalid=0; risky=0; unknown=0
14110,>30M,kishon.org,yes,,,,0,,,no_public_email_found,not_flagged,contact_pages,,,,,,valid=0; invalid=0; risky=0; unknown=0
14111,>30M,tyrenshaw.org,no,,,,0,,,no_public_email_found,not_flagged,contact_pages,,,,,,valid=0; invalid=0; risky=0; unknown=0
14112,>30M,newbrookwood.org,no,,,https://embed.typeform.com/ ; https://form.typeform.com/to/GIiMAG0x,0,,anapbm@gmail.com ; filler@godaddy.com,showing_email_candidates,not_flagged,contact_pages,,,,,,valid=0; invalid=0; risky=0; unknown=0
14113,>30M,opensourceeurope.org,no,,,https://oceu.typeform.com/,0,,gsap@3.12.2 ; name@email.com ; oce@opencollective.com,showing_email_candidates,not_flagged,contact_pages,,,,,,valid=0; invalid=0; risky=0; unknown=0
14114,>30M,glcollective.org,yes,,,https://campusb.typeform.com/to/ezAbh4yE,0,,info@asiainstitute.org ; info@campusb.org ; info@cepa-abroad.org ; info@edu-africa.com,showing_email_candidates,not_flagged,contact_pages,,,,,,valid=0; invalid=0; risky=0; unknown=0
14115,>30M,drempo.com,yes,,,https://embed.typeform.com/ ; https://form.typeform.com/to/HYSJB1P1,0,,john@drempo.com ; mickey@drempo.com,showing_email_candidates,not_flagged,contact_pages,,,,,,valid=0; invalid=0; risky=0; unknown=0
14116,>30M,jengrahamdesigns.com,yes,,,https://form.typeform.com/to/z3lrPAvx,0,,support@jengrahamdesigns.com ; support@jengrahmdesigns.com,showing_email_candidates,not_flagged,contact_pages,support@jengrahamdesigns.com,,,,support@jengrahamdesigns.com,valid=0; invalid=0; risky=0; unknown=1
14117,>30M,smartdry.nl,yes,,,https://vochtbestrijding.typeform.com/ ; https://vochtbestrijding.typeform.com/to/cYkTbw ; https://vochtbestrijding.typeform.com/to/DGNpsuZP,0,,info@smartdry.nl,showing_email_candidates,not_flagged,contact_pages,info@smartdry.nl,,,,info@smartdry.nl,valid=0; invalid=0; risky=0; unknown=1
14118,>30M,washimiyasakura.jp,no,,,,0,,,no_public_email_found,not_flagged,contact_pages,,,,,,valid=0; invalid=0; risky=0; unknown=0
14119,>30M,gohustl.co,yes,,,https://rameerez.typeform.com/to/BkywzM ; https://rameerez.typeform.com/to/XPZ4Pe,0,,bootstrap@4.6.2,showing_email_candidates,not_flagged,contact_pages,,,,,,valid=0; invalid=0; risky=0; unknown=0
14120,>30M,talawncareut.com,no,,,,0,,,no_public_email_found,not_flagged,contact_pages,,,,,,valid=0; invalid=0; risky=0; unknown=0
14121,>30M,yoshidaclinic1966.com,no,,,,0,,,no_public_email_found,not_flagged,contact_pages,,,,,,valid=0; invalid=0; risky=0; unknown=0
14122,>30M,deadsea.run,yes,,,,0,,,no_public_email_found,not_flagged,contact_pages,,,,,,valid=0; invalid=0; risky=0; unknown=0
14123,>30M,compliance-ur.de,no,,,,0,,frank.maschmann@ur.de ; gisela.schober@ur.de ; kontakt@ur.de ; master.compliance@ur.de ; registratur@ur.de,showing_email_candidates,not_flagged,contact_pages,,,,,,valid=0; invalid=0; risky=0; unknown=0
14124,>30M,banya-victoria.ru,no,,,,0,,,no_public_email_found,not_flagged,contact_pages,,,,,,valid=0; invalid=0; risky=0; unknown=0
14125,>30M,brandish.club,no,,,https://form.typeform.com/to/VxExJjKc,0,,,no_public_email_found,not_flagged,contact_pages,,,,,,valid=0; invalid=0; risky=0; unknown=0
14126,>30M,darklabelmusic.com,no,,,https://darklabelmusic.typeform.com/,0,,hello@darklabelmusic.com,showing_email_candidates,not_flagged,contact_pages,hello@darklabelmusic.com,hello@darklabelmusic.com,,,,valid=1; invalid=0; risky=0; unknown=0
14127,>30M,xn----7sb1abqjngbk.xn--p1ai,yes,,,https://dialogics.typeform.com/to/h8Xyhv ; https://embed.typeform.com/,0,,info@nicestroy.ru,showing_email_candidates,not_flagged,contact_pages,,,,,,valid=0; invalid=0; risky=0; unknown=0
14128,>30M,mooiermens.app,yes,,,https://images.typeform.com/ ; https://public-assets.typeform.com/,0,,bert@meeuwsen.cc ; mooiermens@iml-inside.nl,showing_email_candidates,not_flagged,contact_pages,,,,,,valid=0; invalid=0; risky=0; unknown=0
14129,>30M,herminiogarcia.net,no,,,,0,,,no_public_email_found,not_flagged,contact_pages,,,,,,valid=0; invalid=0; risky=0; unknown=0
14130,>30M,cocinasocultas.com,no,,,,0,,,no_public_email_found,not_flagged,contact_pages,,,,,,valid=0; invalid=0; risky=0; unknown=0
14131,>30M,sockeyesbaseball.com,yes,,,https://form.typeform.com/to/zimYMZH2,0,,,no_public_email_found,not_flagged,contact_pages,,,,,,valid=0; invalid=0; risky=0; unknown=0
14132,>30M,onlia.ca,yes,,,https://marketing833103.typeform.com/to/Ii3PoEFF,0,,support@onlia.ca,showing_email_candidates,not_flagged,contact_pages,support@onlia.ca,,,,support@onlia.ca,valid=0; invalid=0; risky=0; unknown=1
14133,>30M,prody.cz,no,,,,0,,,no_public_email_found,not_flagged,contact_pages,,,,,,valid=0; invalid=0; risky=0; unknown=0
14134,>30M,te-site.de,yes,,,https://drff507qgs8.typeform.com/to/jtF71uTv,0,,beratung@te-site.de ; ol-mapbox-style@13.0.1,showing_email_candidates,not_flagged,contact_pages,,,,,,valid=0; invalid=0; risky=0; unknown=0
14135,>30M,innominds.eu,no,,,,0,,hey@innominds.eu,showing_email_candidates,not_flagged,contact_pages,,,,,,valid=0; invalid=0; risky=0; unknown=0
14136,>30M,welendllc.com,yes,,,https://0bnjywlv16o.typeform.com/to/zKIQL5ll,0,,info@welendllc.com ; vanilla-lazyload@17.8.8,showing_email_candidates,not_flagged,contact_pages,info@welendllc.com,,,,info@welendllc.com,valid=0; invalid=0; risky=0; unknown=1
14137,>30M,kapexperts.com,yes,,,https://form.typeform.com/to/BHjAKCEY,0,,e-mail@adresse.de ; service@kapexperts.com,showing_email_candidates,not_flagged,contact_pages,service@kapexperts.com,,,,service@kapexperts.com,valid=0; invalid=0; risky=0; unknown=1
14138,>30M,papirus.app,no,,,,0,,contact@papirus.app ; cropped-bcartboard-3-copy-3@2x-180x180.png ; cropped-bcartboard-3-copy-3@2x-192x192.png ; cropped-bcartboard-3-copy-3@2x-270x270.png ; cropped-bcartboard-3-copy-3@2x-32x32.png,showing_email_candidates,not_flagged,contact_pages,contact@papirus.app,contact@papirus.app,,,,valid=1; invalid=0; risky=0; unknown=0
14139,>30M,blaze.tech,no,,,,0,,hello@blaze.tech,showing_email_candidates,not_flagged,contact_pages,hello@blaze.tech,hello@blaze.tech,,,,valid=1; invalid=0; risky=0; unknown=0
14140,>30M,brooklynsomatictherapy.com,no,,,https://6yi3vf8pe1e.typeform.com/,0,,admin@brooklynsomatictherapy.com ; elena@brooklynsomatictherapy.com,showing_email_candidates,not_flagged,contact_pages,admin@brooklynsomatictherapy.com,admin@brooklynsomatictherapy.com,,,,valid=1; invalid=0; risky=0; unknown=0
14141,>30M,risingsalon.com,yes,,,https://jwum4mg90w1.typeform.com/to/xrX3rAYs,0,,risingsalons@gmail.com,showing_email_candidates,not_flagged,contact_pages,,,,,,valid=0; invalid=0; risky=0; unknown=0
14142,>30M,newpragmatic.com,yes,,,https://newpragmatic.typeform.com/to/o3ep7m,0,,,no_public_email_found,not_flagged,contact_pages,,,,,,valid=0; invalid=0; risky=0; unknown=0
14143,>30M,daywithdisa.com,no,,,,0,,daywithdisa@disa.com ; samantha.crispyn@disa.com,showing_email_candidates,not_flagged,contact_pages,,,,,,valid=0; invalid=0; risky=0; unknown=0
14144,>30M,kyodo-koun.co.jp,no,,,,0,,,no_public_email_found,not_flagged,contact_pages,,,,,,valid=0; invalid=0; risky=0; unknown=0
14145,>30M,rampuptour.com.br,no,,,,0,,,no_public_email_found,not_flagged,contact_pages,,,,,,valid=0; invalid=0; risky=0; unknown=0
14146,>30M,morigikou.jp,no,,,,0,,,no_public_email_found,not_flagged,contact_pages,,,,,,valid=0; invalid=0; risky=0; unknown=0
14147,>30M,public.ie,yes,,,,0,,,no_public_email_found,not_flagged,contact_pages,,,,,,valid=0; invalid=0; risky=0; unknown=0
14148,>30M,fengzikai.org,no,,,,0,,,no_public_email_found,not_flagged,contact_pages,,,,,,valid=0; invalid=0; risky=0; unknown=0
14149,>30M,junk.fund,yes,,,https://accounts439866.typeform.com/to/Jkc95vPw,0,,annaaphiwe@gmail.com ; women@rlabs.org,showing_email_candidates,not_flagged,contact_pages,,,,,,valid=0; invalid=0; risky=0; unknown=0
14150,>30M,partinmonument.com,no,,,,0,,,no_public_email_found,not_flagged,contact_pages,,,,,,valid=0; invalid=0; risky=0; unknown=0
14151,>30M,krampuskarte.com,no,,,,0,,,no_public_email_found,not_flagged,contact_pages,,,,,,valid=0; invalid=0; risky=0; unknown=0
14152,>30M,joinenclave.com,yes,,,,0,,,no_public_email_found,not_flagged,contact_pages,,,,,,valid=0; invalid=0; risky=0; unknown=0
14153,>30M,retito.com,yes,,,,0,,info@retito.com ; max@email.de,showing_email_candidates,not_flagged,contact_pages,info@retito.com,,,,info@retito.com,valid=0; invalid=0; risky=0; unknown=1
14154,>30M,talktomira.com,yes,,,,0,,,no_public_email_found,not_flagged,contact_pages,,,,,,valid=0; invalid=0; risky=0; unknown=0
14155,>30M,linguedo.de,no,,,,0,,,no_public_email_found,not_flagged,contact_pages,,,,,,valid=0; invalid=0; risky=0; unknown=0
14156,>30M,r-atmedical.co.jp,no,,,,0,,,no_public_email_found,not_flagged,contact_pages,,,,,,valid=0; invalid=0; risky=0; unknown=0
14157,>30M,school5.if.ua,yes,,,https://1501.typeform.com/to/QVMGCd,0,,admin@school5.if.ua ; school5kalush@gmail.com,showing_email_candidates,not_flagged,contact_pages,admin@school5.if.ua,admin@school5.if.ua,,,,valid=1; invalid=0; risky=0; unknown=0
14158,>30M,spationaute.fr,no,,,,0,,,no_public_email_found,not_flagged,contact_pages,,,,,,valid=0; invalid=0; risky=0; unknown=0
14159,>30M,50-ml.eu,no,,,,0,,info@50-ml.com,showing_email_candidates,not_flagged,contact_pages,,,,,,valid=0; invalid=0; risky=0; unknown=0
14160,>30M,50-ml.co.uk,no,,,,0,,info@50-ml.com,showing_email_candidates,not_flagged,contact_pages,,,,,,valid=0; invalid=0; risky=0; unknown=0
14161,>30M,mhinstantoffer.com,yes,,,,0,,,no_public_email_found,not_flagged,contact_pages,,,,,,valid=0; invalid=0; risky=0; unknown=0
14162,>30M,hdgranitemarble.com,no,,,,0,,hd.granite.marble70@outlook.com,showing_email_candidates,not_flagged,contact_pages,,,,,,valid=0; invalid=0; risky=0; unknown=0
14163,>30M,kcunderground.org,yes,,,https://info130209.typeform.com/to/R38Ltl,0,,info@kcunderground.org,showing_email_candidates,not_flagged,contact_pages,info@kcunderground.org,,,,info@kcunderground.org,valid=0; invalid=0; risky=0; unknown=1
14164,>30M,mtip-re.com,yes,,,,0,,,no_public_email_found,not_flagged,contact_pages,,,,,,valid=0; invalid=0; risky=0; unknown=0
14165,>30M,appiclinics.com,yes,,,https://form.typeform.com/to/uYTSokwr,0,,,no_public_email_found,not_flagged,contact_pages,,,,,,valid=0; invalid=0; risky=0; unknown=0
14166,>30M,cultureincities.com,yes,,,https://embed.typeform.com/ ; https://vishalkumar-london.typeform.com/to/MxGdwH,0,,support@webflow.com,showing_email_candidates,not_flagged,contact_pages,,,,,,valid=0; invalid=0; risky=0; unknown=0
14167,>30M,marsanvi.com,no,,,,0,,,no_public_email_found,not_flagged,contact_pages,,,,,,valid=0; invalid=0; risky=0; unknown=0
14168,>30M,hiro-clin.com,no,,,,0,,,no_public_email_found,not_flagged,contact_pages,,,,,,valid=0; invalid=0; risky=0; unknown=0
14169,>30M,fujino-con.com,no,,,,0,,,no_public_email_found,not_flagged,contact_pages,,,,,,valid=0; invalid=0; risky=0; unknown=0
14170,>30M,kuroiwa-seikei.com,no,,,,0,,,no_public_email_found,not_flagged,contact_pages,,,,,,valid=0; invalid=0; risky=0; unknown=0
14171,>30M,themailing.co,yes,,,https://chris475830.typeform.com/to/LeD8eI ; https://embed.typeform.com/,0,,hello@themailing.co ; mailingcoartboard-1@1200x-100-1024x460.webp ; mailingcoartboard-1@1200x-100-300x135.webp ; mailingcoartboard-1@1200x-100-768x345.webp ; mailingcoartboard-1@1200x-100.webp,showing_email_candidates,not_flagged,contact_pages,hello@themailing.co,hello@themailing.co,,,,valid=1; invalid=0; risky=0; unknown=0
14172,>30M,healthandhabits.be,yes,,,https://form.typeform.com/to/x6F3I1FG,0,,contact@mysite.com ; lennert@healthandhabits.be ; odile@healthandhabits.be ; tania@t-link.be,showing_email_candidates,not_flagged,contact_pages,,,,,,valid=0; invalid=0; risky=0; unknown=0
14173,>30M,tcohero.com,yes,,,,0,,,no_public_email_found,not_flagged,contact_pages,,,,,,valid=0; invalid=0; risky=0; unknown=0
14174,>30M,brandphotosbystarmor.com,yes,,,https://reneechandler.typeform.com/to/ncL1Pp,0,,renee@brandphotosbystarmor.com,showing_email_candidates,not_flagged,contact_pages,,,,,,valid=0; invalid=0; risky=0; unknown=0
14175,>30M,inboundsquare.com,yes,,,https://embed.typeform.com/,0,,info@inboundsquare.com,showing_email_candidates,not_flagged,contact_pages,info@inboundsquare.com,,,,info@inboundsquare.com,valid=0; invalid=0; risky=0; unknown=1
14176,>30M,globalvillageco.com,yes,,,,0,,,no_public_email_found,not_flagged,contact_pages,,,,,,valid=0; invalid=0; risky=0; unknown=0
14177,>30M,jadwalomaha.com,yes,,,,0,,,no_public_email_found,not_flagged,contact_pages,,,,,,valid=0; invalid=0; risky=0; unknown=0
14178,>30M,rcdetailingandcustomaccessories.com,no,,,,0,,,no_public_email_found,not_flagged,contact_pages,,,,,,valid=0; invalid=0; risky=0; unknown=0
14179,>30M,afiacaodealicate.com,yes,,,https://leandro68.typeform.com/to/i3GOI8,0,,,no_public_email_found,not_flagged,contact_pages,,,,,,valid=0; invalid=0; risky=0; unknown=0
14180,>30M,sebastienduluc.com,no,,,,0,,contact@sebastienduluc.com,showing_email_candidates,not_flagged,contact_pages,contact@sebastienduluc.com,contact@sebastienduluc.com,,,,valid=1; invalid=0; risky=0; unknown=0
14181,>30M,getitnowsalonsuites.com,no,,,,0,,,no_public_email_found,not_flagged,contact_pages,,,,,,valid=0; invalid=0; risky=0; unknown=0
14182,>30M,drive-inproduction.com,no,,,https://embed.typeform.com/,0,,contact@drive-inproduction.com,showing_email_candidates,not_flagged,contact_pages,contact@drive-inproduction.com,contact@drive-inproduction.com,,,,valid=1; invalid=0; risky=0; unknown=0
14183,>30M,casamen.com.br,no,,,,0,,,no_public_email_found,not_flagged,contact_pages,,,,,,valid=0; invalid=0; risky=0; unknown=0
14184,>30M,gomezignacio.com,no,,,,0,,,no_public_email_found,not_flagged,contact_pages,,,,,,valid=0; invalid=0; risky=0; unknown=0
14185,>30M,crumbbites.com,yes,,,https://embed.typeform.com/ ; https://form.typeform.com/to/if57C1qQ,0,,info@crumbbites.com,showing_email_candidates,not_flagged,contact_pages,info@crumbbites.com,,,,info@crumbbites.com,valid=0; invalid=0; risky=0; unknown=1
14186,>30M,grohe.asia,no,,,,0,,,no_public_email_found,not_flagged,contact_pages,,,,,,valid=0; invalid=0; risky=0; unknown=0
14187,>30M,14soles.com,yes,,,https://form.typeform.com/to/uTt2IxrF,0,,14soles.com@gmail.com ; comunicacion@14soles.com ; recurso-1@300x-8-1024x1024.png ; recurso-2@300x-8-1024x1024.png,showing_email_candidates,not_flagged,contact_pages,,,,,,valid=0; invalid=0; risky=0; unknown=0
14188,>30M,freezepoint.com.au,yes,,,,0,,,no_public_email_found,not_flagged,contact_pages,,,,,,valid=0; invalid=0; risky=0; unknown=0
14189,>30M,bstil.dk,no,,,,0,,support@bstil.dk,showing_email_candidates,not_flagged,contact_pages,support@bstil.dk,,,,support@bstil.dk,valid=0; invalid=0; risky=0; unknown=1
14190,>30M,kalifaengenharia.com.br,yes,,,https://deickson876546.typeform.com/to/TiScEN ; https://embed.typeform.com/,0,,contato@kalifaengenharia.com.br,showing_email_candidates,not_flagged,contact_pages,,,,,,valid=0; invalid=0; risky=0; unknown=0
14191,>30M,sfrunclub.com,yes,,,,0,,,no_public_email_found,not_flagged,contact_pages,,,,,,valid=0; invalid=0; risky=0; unknown=0
14192,>30M,tigzid.com,yes,,,https://embed.typeform.com/ ; https://form.typeform.com/to/eaVXER ; https://form.typeform.com/to/qi00lB,0,,,no_public_email_found,not_flagged,contact_pages,,,,,,valid=0; invalid=0; risky=0; unknown=0
14193,>30M,eventostrings.com,yes,,,,0,,,no_public_email_found,not_flagged,contact_pages,,,,,,valid=0; invalid=0; risky=0; unknown=0
14194,>30M,encounterchurchfw.org,no,,,,0,,info@ecfw.org,showing_email_candidates,not_flagged,contact_pages,,,,,,valid=0; invalid=0; risky=0; unknown=0
14195,>30M,annabellwhitney.de,no,,,https://annabellwhitney.typeform.com/,0,,agentur@allentertainment.de ; info@annabellwhitney.de ; max.mustermann@gmail.com,showing_email_candidates,not_flagged,contact_pages,info@annabellwhitney.de,,,,info@annabellwhitney.de,valid=0; invalid=0; risky=0; unknown=1
14196,>30M,neuroplast.de,yes,,,https://fill-in.typeform.com/to/jzaxjgj4,0,,info@neuroplast.de,showing_email_candidates,not_flagged,contact_pages,info@neuroplast.de,,,,info@neuroplast.de,valid=0; invalid=0; risky=0; unknown=1
14197,>30M,onthehill.life,yes,,,https://churchonthehill1.typeform.com/to/gvkJKE,0,,,no_public_email_found,not_flagged,contact_pages,,,,,,valid=0; invalid=0; risky=0; unknown=0
14198,>30M,endlich-einfach-abnehmen.net,yes,,,,0,,,no_public_email_found,not_flagged,contact_pages,,,,,,valid=0; invalid=0; risky=0; unknown=0
14199,>30M,creatingourtipe.com,yes,,,https://creatingourtipe.typeform.com/to/RBUrnq,0,,hello@creatingourtipe.com,showing_email_candidates,not_flagged,contact_pages,hello@creatingourtipe.com,hello@creatingourtipe.com,,,,valid=1; invalid=0; risky=0; unknown=0
14200,>30M,clickandloot.com,yes,,,,0,,tu@marca.com,showing_email_candidates,not_flagged,contact_pages,,,,,,valid=0; invalid=0; risky=0; unknown=0
14201,>30M,yourscriptproduced.com,yes,,,https://form.typeform.com/to/Q3PQRcNJ ; https://form.typeform.com/to/zc6ZgZl1,0,,,no_public_email_found,not_flagged,contact_pages,,,,,,valid=0; invalid=0; risky=0; unknown=0
14202,>30M,glassesandsunglasses.repair,yes,,,https://embed.typeform.com/ ; https://form.typeform.com/to/DhqEc8 ; https://plasticsyndrome.typeform.com/to/DhqEc8,0,,,no_public_email_found,not_flagged,contact_pages,,,,,,valid=0; invalid=0; risky=0; unknown=0
14203,>30M,eventsonwhim.com,yes,,,https://whim1.typeform.com/to/Qiddoz ; https://whimevents.typeform.com/to/Hy1T6F,0,,info@thewhimapp.com,showing_email_candidates,not_flagged,contact_pages,,,,,,valid=0; invalid=0; risky=0; unknown=0
14204,>30M,izam.info,yes,,,,0,,,no_public_email_found,not_flagged,contact_pages,,,,,,valid=0; invalid=0; risky=0; unknown=0
14205,>30M,procesommk.com,yes,,,,0,,,no_public_email_found,not_flagged,contact_pages,,,,,,valid=0; invalid=0; risky=0; unknown=0
14206,>30M,eoacceleratorgreece.com,yes,,,https://up0cmzatmj5.typeform.com/to/iZwao6E6,0,,,no_public_email_found,not_flagged,contact_pages,,,,,,valid=0; invalid=0; risky=0; unknown=0
14207,>30M,bellairestudio.com,yes,,,https://bellairestudio.typeform.com/to/iAF0ex ; https://embed.typeform.com/,0,,info@bellairestudio.com ; javon@bellairestudio.com,showing_email_candidates,not_flagged,contact_pages,info@bellairestudio.com,,,,info@bellairestudio.com,valid=0; invalid=0; risky=0; unknown=1
14208,>30M,bskrodzka.com,yes,,,https://6l1q5xoi1mt.typeform.com/to/AkhHZvBh,0,,basia.skrodzka@gmail.com,showing_email_candidates,not_flagged,contact_pages,,,,,,valid=0; invalid=0; risky=0; unknown=0
14209,>30M,daikumade-koya.com,no,,,,0,,,no_public_email_found,not_flagged,contact_pages,,,,,,valid=0; invalid=0; risky=0; unknown=0
14210,>30M,facile.energy,yes,,,,0,,facile.energy@pec.it ; info@facile.energy,showing_email_candidates,not_flagged,contact_pages,info@facile.energy,,,,info@facile.energy,valid=0; invalid=0; risky=0; unknown=1
14211,>30M,totimrecords.com,yes,,,https://embed.typeform.com/ ; https://form.typeform.com/to/ljhYPwGF,0,,,no_public_email_found,not_flagged,contact_pages,,,,,,valid=0; invalid=0; risky=0; unknown=0
14212,>30M,mpowered-fitness.com,yes,,,https://be-mpowered.typeform.com/to/mczcUN,0,,mpoweredfitness.coaching@gmail.com,showing_email_candidates,not_flagged,contact_pages,,,,,,valid=0; invalid=0; risky=0; unknown=0
14213,>30M,kandadinda.net,no,,,,0,,,no_public_email_found,not_flagged,contact_pages,,,,,,valid=0; invalid=0; risky=0; unknown=0
14214,>30M,thesalesrebellion.com,yes,,,,0,,bootstrap@5.3.3,showing_email_candidates,not_flagged,contact_pages,,,,,,valid=0; invalid=0; risky=0; unknown=0
14215,>30M,osaverdeymar.com,no,,,,0,,eduardo@osaverdeymar.com,showing_email_candidates,not_flagged,contact_pages,,,,,,valid=0; invalid=0; risky=0; unknown=0
14216,>30M,outpoint.se,yes,,,,0,,,no_public_email_found,not_flagged,contact_pages,,,,,,valid=0; invalid=0; risky=0; unknown=0
14217,>30M,neurobidea.com,yes,,,,0,,,no_public_email_found,not_flagged,contact_pages,,,,,,valid=0; invalid=0; risky=0; unknown=0
14218,>30M,hdxdev.tech,yes,,,https://embed.typeform.com/ ; https://xela2.typeform.com/to/yR4syF,0,,contact@hdxdev.tech,showing_email_candidates,not_flagged,contact_pages,contact@hdxdev.tech,contact@hdxdev.tech,,,,valid=1; invalid=0; risky=0; unknown=0
14219,>30M,tochigirofuku.net,no,,,,0,,,no_public_email_found,not_flagged,contact_pages,,,,,,valid=0; invalid=0; risky=0; unknown=0
14220,>30M,topazureconsultants.com,no,,,https://embed.typeform.com/,0,,,no_public_email_found,not_flagged,contact_pages,,,,,,valid=0; invalid=0; risky=0; unknown=0
14221,>30M,tryhandler.com,yes,,,,0,,,no_public_email_found,not_flagged,contact_pages,,,,,,valid=0; invalid=0; risky=0; unknown=0
14222,>30M,akatsuki-fudosan.co.jp,no,,,,0,,,no_public_email_found,not_flagged,contact_pages,,,,,,valid=0; invalid=0; risky=0; unknown=0
14223,>30M,ilestencoretemps.fr,yes,,,https://lemouvement.typeform.com/to/g3Ysqg,0,,info@ilestencoretemps.fr,showing_email_candidates,not_flagged,contact_pages,info@ilestencoretemps.fr,,,,info@ilestencoretemps.fr,valid=0; invalid=0; risky=0; unknown=1
14224,>30M,nidoilmelograno.it,no,,,,0,,,no_public_email_found,not_flagged,contact_pages,,,,,,valid=0; invalid=0; risky=0; unknown=0
14225,>30M,goomni.ru,yes,,,https://admin.typeform.com/ ; https://embed.typeform.com/ ; https://form.typeform.com/to/U0zwr2,0,,e@omni-solutions.ru ; hello@goomni.ru,showing_email_candidates,not_flagged,contact_pages,hello@goomni.ru,hello@goomni.ru,,,,valid=1; invalid=0; risky=0; unknown=0
14226,>30M,anzawanaika.com,no,,,,0,,,no_public_email_found,not_flagged,contact_pages,,,,,,valid=0; invalid=0; risky=0; unknown=0
14227,>30M,locationlarin.com,yes,,,https://optik360.typeform.com/to/cqCOvL,0,,,no_public_email_found,not_flagged,contact_pages,,,,,,valid=0; invalid=0; risky=0; unknown=0
14228,>30M,peachyone.com,no,,,,0,,,no_public_email_found,not_flagged,contact_pages,,,,,,valid=0; invalid=0; risky=0; unknown=0
14229,>30M,pitchoftheyear.com,no,,,,0,,,no_public_email_found,not_flagged,contact_pages,,,,,,valid=0; invalid=0; risky=0; unknown=0
14230,>30M,ronenagranat.com,yes,,,https://form.typeform.com/to/KbfJn7sk,0,,,no_public_email_found,not_flagged,contact_pages,,,,,,valid=0; invalid=0; risky=0; unknown=0
14231,>30M,golfslovakopen.sk,yes,,,,0,,ajax-loader@2x.gif ; altriviogolf@bencikculinary.sk ; info@golfslovakopen.sk ; info@pga.sk ; radomir.holecka@penatigolfresort.sk ; reception@penatigolfresort.sk,showing_email_candidates,not_flagged,contact_pages,info@golfslovakopen.sk,,,,info@golfslovakopen.sk,valid=0; invalid=0; risky=0; unknown=1
14232,>30M,fisiolabterni.it,yes,,,,0,,,no_public_email_found,not_flagged,contact_pages,,,,,,valid=0; invalid=0; risky=0; unknown=0
14233,>30M,cooptena.fin.ec,yes,,,https://research.typeform.com/to/bCATTm4A,0,,info@cooptena.fin.ec ; logo_coop_tena_ltda@2x.png,showing_email_candidates,not_flagged,contact_pages,info@cooptena.fin.ec,,,,info@cooptena.fin.ec,valid=0; invalid=0; risky=0; unknown=1
14234,>30M,kochi-fukujuen.jp,no,,,,0,,,no_public_email_found,not_flagged,contact_pages,,,,,,valid=0; invalid=0; risky=0; unknown=0
14235,>30M,rikesa.com,yes,,,https://form.typeform.com/to/OA4zjlbc,0,,contact@rikesa.com,showing_email_candidates,not_flagged,contact_pages,contact@rikesa.com,contact@rikesa.com,,,,valid=1; invalid=0; risky=0; unknown=0
14236,>30M,stablecoininsider.com,yes,,,https://form.typeform.com/to/c5cdIHp0,0,,,no_public_email_found,not_flagged,contact_pages,,,,,,valid=0; invalid=0; risky=0; unknown=0
14237,>30M,ninjaflamemedia.com,yes,,,https://embed.typeform.com/ ; https://form.typeform.com/to/iLVKLRQv ; https://form.typeform.com/to/JaPugj6H,0,,ash@ninjaflamemedia.com,showing_email_candidates,not_flagged,contact_pages,,,,,,valid=0; invalid=0; risky=0; unknown=0
14238,>30M,tipigara.co,yes,,,,0,,,no_public_email_found,not_flagged,contact_pages,,,,,,valid=0; invalid=0; risky=0; unknown=0
14239,>30M,neoconomia.fr,yes,,,https://neoconomia.typeform.com/to/nqQTMK,0,,contact@neoconomia.ca ; contact@neoconomia.fr,showing_email_candidates,not_flagged,contact_pages,contact@neoconomia.fr,contact@neoconomia.fr,,,,valid=1; invalid=0; risky=0; unknown=0
14240,>30M,mou.network,yes,,,https://form.typeform.com/to/Z31cAQXz,0,,info@mou.network ; marketing@numerique.com,showing_email_candidates,not_flagged,contact_pages,info@mou.network,,,,info@mou.network,valid=0; invalid=0; risky=0; unknown=1
14241,>30M,d-hitentertainment.com,no,,,,0,,info@d-hitentertainment.com,showing_email_candidates,not_flagged,contact_pages,info@d-hitentertainment.com,,,,info@d-hitentertainment.com,valid=0; invalid=0; risky=0; unknown=1
14242,>30M,kerriemoraleemua.com,no,,,,0,,info@kerriemoraleemua.com,showing_email_candidates,not_flagged,contact_pages,info@kerriemoraleemua.com,,,,info@kerriemoraleemua.com,valid=0; invalid=0; risky=0; unknown=1
14243,>30M,fujitsukakoumuten.com,no,,,,0,,,no_public_email_found,not_flagged,contact_pages,,,,,,valid=0; invalid=0; risky=0; unknown=0
14244,>30M,xtmlive.com,no,,,,0,,,no_public_email_found,not_flagged,contact_pages,,,,,,valid=0; invalid=0; risky=0; unknown=0
14245,>30M,consiglidesign.com,yes,,,https://form.typeform.com/to/WEQ7zDoq ; https://form.typeform.com/to/Ypc4rrla,0,,consigli_aq_team_insights_23_16x9_ai_art_framed_1@1.5x-1 ; consigli_aq_team_insights_23_16x9_ai_art_framed_1@1.5x-1-scaled.jpg ; consigli_aq_team_insights_23_16x9_ai_art_framed_2@1.5x ; consigli_aq_team_insights_23_16x9_ai_art_framed_2@1.5x-scaled.jpg ; consigli_aq_team_insights_23_16x9_ai_art_framed_3@1.5x ; consigli_aq_team_insights_23_16x9_ai_art_framed_3@1.5x-scaled.jpg ; consigli_aq_team_insights_23_16x9_ai_art_framed_4@1.5x ; consigli_aq_team_insights_23_16x9_ai_art_framed_4@1.5x-scaled.jpg ; consigli_aq_team_insights_23_16x9_ai_art_framed_5@1.5x ; consigli_aq_team_insights_23_16x9_ai_art_framed_5@1.5x-scaled.jpg ; consigli_aq_team_insights_23_16x9_ai_art_framed_6@1.5x ; consigli_aq_team_insights_23_16x9_ai_art_framed_6@1.5x-scaled.jpg ; consigli_aq_team_insights_23_16x9_ai_art_framed_7@1.5x ; consigli_aq_team_insights_23_16x9_ai_art_framed_7@1.5x-scaled.jpg ; mark@consiglidesign.com,showing_email_candidates,not_flagged,contact_pages,,,,,,valid=0; invalid=0; risky=0; unknown=0
14246,>30M,earthcommunity.co.jp,no,,,,0,,,no_public_email_found,not_flagged,contact_pages,,,,,,valid=0; invalid=0; risky=0; unknown=0
14247,>30M,dcchartersports.org,no,,,,0,,pcsaadc@gmail.com,showing_email_candidates,not_flagged,contact_pages,,,,,,valid=0; invalid=0; risky=0; unknown=0
14248,>30M,teexpert.tech,yes,,,https://embed.typeform.com/ ; https://form.typeform.com/to/Ie0CZCXd,0,,,no_public_email_found,not_flagged,contact_pages,,,,,,valid=0; invalid=0; risky=0; unknown=0
14249,>30M,openmind-solutions.com,yes,,,,0,,,no_public_email_found,not_flagged,contact_pages,,,,,,valid=0; invalid=0; risky=0; unknown=0
14250,>30M,cartacx.com,yes,,,,0,,,no_public_email_found,not_flagged,contact_pages,,,,,,valid=0; invalid=0; risky=0; unknown=0
14251,>30M,thetastatistik.com,no,,,,0,,admin@thetastatistic.com ; thetastatistik@gmail.com,showing_email_candidates,not_flagged,contact_pages,,,,,,valid=0; invalid=0; risky=0; unknown=0
14252,>30M,blocklayerhq.com,yes,,,https://blocklayer.typeform.com/to/LoPlR1PT ; https://embed.typeform.com/,0,,,no_public_email_found,not_flagged,contact_pages,,,,,,valid=0; invalid=0; risky=0; unknown=0
14253,>30M,passe-ici.fr,no,,,,0,,contact@narrative.info ; contact@passe-ici.fr ; leaflet@1.3.1 ; ncontact@huma-num.fr ; ncontact@narrative.info ; u003econtact@passe-ici.fr,showing_email_candidates,not_flagged,contact_pages,contact@passe-ici.fr,,contact@passe-ici.fr,,,valid=0; invalid=1; risky=0; unknown=0
14254,>30M,ascan.io,no,,,,0,,jquery.counterup@2.1.0,showing_email_candidates,not_flagged,contact_pages,,,,,,valid=0; invalid=0; risky=0; unknown=0
14255,>30M,extra-cheese.com,yes,,,https://ppbwcxpew6x.typeform.com/to/Uux79FZv,0,,,no_public_email_found,not_flagged,contact_pages,,,,,,valid=0; invalid=0; risky=0; unknown=0
14256,>30M,911injuryrelief.com,yes,,,https://embed.typeform.com/ ; https://klicker.typeform.com/to/Bl2hY7bC,0,,,no_public_email_found,not_flagged,contact_pages,,,,,,valid=0; invalid=0; risky=0; unknown=0
14257,>30M,bungalow-21.com,no,,,,0,,serviceclient@theatremadeleine.com,showing_email_candidates,not_flagged,contact_pages,,,,,,valid=0; invalid=0; risky=0; unknown=0
14258,>30M,hamamartshub.org,yes,,,https://hamamartshub.typeform.com/to/cmNBae ; https://hamamartshub.typeform.com/to/EOzyRL ; https://hamamartshub.typeform.com/to/jopEcB ; https://hamamartshub.typeform.com/to/Jq1kZ7,0,,info@hamamartshub.org,showing_email_candidates,not_flagged,contact_pages,info@hamamartshub.org,,,,info@hamamartshub.org,valid=0; invalid=0; risky=0; unknown=1
14259,>30M,thegood.works,yes,,,https://v5m7gwmoeek.typeform.com/to/RProUXq1 ; https://v5m7gwmoeek.typeform.com/to/z7042o5R,0,,cara@thegood.works ; hello@thegood.works,showing_email_candidates,not_flagged,contact_pages,hello@thegood.works,hello@thegood.works,,,,valid=1; invalid=0; risky=0; unknown=0
14260,>30M,mindsetstrategypartner.com,yes,,,https://pnvfo4xaidr.typeform.com/to/XP0AxLV3,0,,denzel.design@gmail.com ; ionicons@5.0.0,showing_email_candidates,not_flagged,contact_pages,,,,,,valid=0; invalid=0; risky=0; unknown=0
14261,>30M,matatuhifoundation.co.nz,yes,,,https://embed.typeform.com/ ; https://matatuhi-foundation.typeform.com/to/F0SI33,0,,info@matatuhifoundation.co.nz,showing_email_candidates,not_flagged,contact_pages,info@matatuhifoundation.co.nz,,,,info@matatuhifoundation.co.nz,valid=0; invalid=0; risky=0; unknown=1
14262,>30M,scottishmugs.com,no,,,,0,,,no_public_email_found,not_flagged,contact_pages,,,,,,valid=0; invalid=0; risky=0; unknown=0
14263,>30M,hopefulbuilder.com,no,,,,0,,,no_public_email_found,not_flagged,contact_pages,,,,,,valid=0; invalid=0; risky=0; unknown=0
14264,>30M,immobilien-kochs.com,yes,,,https://schildroth.typeform.com/to/KqPYBP9g,0,,info@immobilien-kochs.com,showing_email_candidates,not_flagged,contact_pages,info@immobilien-kochs.com,,,,info@immobilien-kochs.com,valid=0; invalid=0; risky=0; unknown=1
14265,>30M,hiroshima-koukan.com,no,,,,0,,,no_public_email_found,not_flagged,contact_pages,,,,,,valid=0; invalid=0; risky=0; unknown=0
14266,>30M,fromagesrumba.com,yes,,,https://0d2u6c7xk6s.typeform.com/to/EgwWaGOA,0,,fromageslatino@gmail.com,showing_email_candidates,not_flagged,contact_pages,,,,,,valid=0; invalid=0; risky=0; unknown=0
14267,>30M,movingforwarddigitalmarketing.com,no,,,,0,,,no_public_email_found,not_flagged,contact_pages,,,,,,valid=0; invalid=0; risky=0; unknown=0
14268,>30M,myulc.org,no,,,,0,,,no_public_email_found,not_flagged,contact_pages,,,,,,valid=0; invalid=0; risky=0; unknown=0
14269,>30M,dananglocalfood.com,no,,,,0,,,no_public_email_found,not_flagged,contact_pages,,,,,,valid=0; invalid=0; risky=0; unknown=0
14270,>30M,vdlservices.nl,no,,,,0,,info@vdlservices.nl ; naam@bedrijf.nl ; u003einfo@vdlservices.nl,showing_email_candidates,not_flagged,contact_pages,info@vdlservices.nl,,,,info@vdlservices.nl,valid=0; invalid=0; risky=0; unknown=1
14271,>30M,starc.technology,yes,,,https://form.typeform.com/to/ztU7kjEx,0,,,no_public_email_found,not_flagged,contact_pages,,,,,,valid=0; invalid=0; risky=0; unknown=0
14272,>30M,loop-card.com,no,,,,0,,,no_public_email_found,not_flagged,contact_pages,,,,,,valid=0; invalid=0; risky=0; unknown=0
14273,>30M,memariart.com,no,,,,0,,,no_public_email_found,not_flagged,contact_pages,,,,,,valid=0; invalid=0; risky=0; unknown=0
14274,>30M,holabro.com,yes,,,,0,,,no_public_email_found,not_flagged,contact_pages,,,,,,valid=0; invalid=0; risky=0; unknown=0
14275,>30M,goldstandardestatesales.com,yes,,,,0,,,no_public_email_found,not_flagged,contact_pages,,,,,,valid=0; invalid=0; risky=0; unknown=0
14276,>30M,741.studio,yes,,,https://form.typeform.com/to/VmiA3c6t,0,,hello@741.studio ; lenis@1.2.3 ; splide@3.2.2,showing_email_candidates,not_flagged,contact_pages,hello@741.studio,hello@741.studio,,,,valid=1; invalid=0; risky=0; unknown=0
14277,>30M,entrepreneurshipworldcup.com,no,,,,0,,ceo@abc.com ; info@entrepreneurshipworldcup.com,showing_email_candidates,not_flagged,contact_pages,info@entrepreneurshipworldcup.com,,,,info@entrepreneurshipworldcup.com,valid=0; invalid=0; risky=0; unknown=1
14278,>30M,propertystylingqld.com.au,yes,,,,0,,,no_public_email_found,not_flagged,contact_pages,,,,,,valid=0; invalid=0; risky=0; unknown=0
14279,>30M,evogenlab.ru,no,,,,0,,info@evogenlab.ru,showing_email_candidates,not_flagged,contact_pages,info@evogenlab.ru,,,,info@evogenlab.ru,valid=0; invalid=0; risky=0; unknown=1
14280,>30M,paillard.site,yes,,,,0,,,no_public_email_found,not_flagged,contact_pages,,,,,,valid=0; invalid=0; risky=0; unknown=0
14281,>30M,lynk.marketing,yes,,,https://form.typeform.com/to/GbGat5NH,0,,cropped-fichier-1@300x-180x180.webp ; cropped-fichier-1@300x-192x192.webp ; cropped-fichier-1@300x-270x270.webp ; cropped-fichier-1@300x-32x32.webp ; cropped-fichier-1@300x.webp ; fichier-1@300x-300x186.webp ; fichier-1@300x-768x477.webp ; fichier-1@300x.webp ; info@lynk360.ch ; moreau@example.com,showing_email_candidates,not_flagged,contact_pages,,,,,,valid=0; invalid=0; risky=0; unknown=0
14282,>30M,eleonorederichecour.com,yes,,,https://f9mhf3qfo80.typeform.com/to/Ot3qqhOI,0,,eleonorederichecour@gmail.com,showing_email_candidates,not_flagged,contact_pages,,,,,,valid=0; invalid=0; risky=0; unknown=0
14283,>30M,mustafa-inan.com,yes,,,https://musti89.typeform.com/to/H6pN8Q,0,,info@mustafa-inan.com,showing_email_candidates,not_flagged,contact_pages,info@mustafa-inan.com,,,,info@mustafa-inan.com,valid=0; invalid=0; risky=0; unknown=1
14284,>30M,richnerlive.com,yes,,,https://richnerlive.typeform.com/ ; https://richnerlive.typeform.com/to/AP2rDd ; https://richnerlive.typeform.com/to/Ctohuqty ; https://richnerlive.typeform.com/to/fkXy8zf7 ; https://richnerlive.typeform.com/to/MqpoFbRo,0,,aamato@liherald.com ; aamato@richnerlive.com ; srichner@liherald.com,showing_email_candidates,not_flagged,contact_pages,,,,,,valid=0; invalid=0; risky=0; unknown=0
14285,>30M,stuut.beer,yes,,,https://brasseriecaulier.typeform.com/to/pjJxIlHR,0,,,no_public_email_found,not_flagged,contact_pages,,,,,,valid=0; invalid=0; risky=0; unknown=0
14286,>30M,cheylesmore.com,no,,,http://form.typeform.com/ ; http://renderer-assets.typeform.com/,0,,info@cheylesmore.com ; manny@cheylesmore.com,showing_email_candidates,not_flagged,contact_pages,info@cheylesmore.com,,,,info@cheylesmore.com,valid=0; invalid=0; risky=0; unknown=1
14287,>30M,tbc-capital.com,yes,,,,0,,,no_public_email_found,not_flagged,contact_pages,,,,,,valid=0; invalid=0; risky=0; unknown=0
14288,>30M,bostonfintechweek.org,yes,,,https://embed.typeform.com/ ; https://fintechsandbox.typeform.com/to/pc02r4sW ; https://form.typeform.com/to/mo01JogD,0,,about-raised@2x-2.png ; about-sandbox-bg@2x-2.png ; about-startup@2x-2.png ; aos@2.3.1 ; bostonfintechweek@fintechsandbox.org ; david-jegen-mob@2x-2.png ; david-jegen@2x-2.png ; ftsb@calibercorporateadvisers.com ; sarah-biller-mob@2x-2-e1616699239504.png ; sarah-biller@2x-2.png ; visual-bg-mob@2x-3.png ; visual-bg@2x-3.png,showing_email_candidates,not_flagged,contact_pages,,,,,,valid=0; invalid=0; risky=0; unknown=0
14289,>30M,heatonvences.com,yes,,,,0,,,no_public_email_found,not_flagged,contact_pages,,,,,,valid=0; invalid=0; risky=0; unknown=0
14290,>30M,starttowritenow.com,no,,,,0,,joyceblackbooks@gmail.com,showing_email_candidates,not_flagged,contact_pages,,,,,,valid=0; invalid=0; risky=0; unknown=0
14291,>30M,concours-make-up-artist.fr,yes,,,https://elysees-marbeuf.typeform.com/to/yeQ3he ; https://embed.typeform.com/,0,,,no_public_email_found,not_flagged,contact_pages,,,,,,valid=0; invalid=0; risky=0; unknown=0
14292,>30M,eclosio.ong,no,,,,0,,info@eclosio.ong ; info@ong-adg.be,showing_email_candidates,not_flagged,contact_pages,info@eclosio.ong,,,,info@eclosio.ong,valid=0; invalid=0; risky=0; unknown=1
14293,>30M,haeusler-frischeservice.de,yes,,,https://sd-rf.typeform.com/to/LqPR1yc3,0,,bestellung@haeusler-frischeservice.de,showing_email_candidates,not_flagged,contact_pages,,,,,,valid=0; invalid=0; risky=0; unknown=0
14294,>30M,dermatopia.it,no,,,,0,,,no_public_email_found,not_flagged,contact_pages,,,,,,valid=0; invalid=0; risky=0; unknown=0
14295,>30M,sigmab.co.jp,no,,,,0,,,no_public_email_found,not_flagged,contact_pages,,,,,,valid=0; invalid=0; risky=0; unknown=0
14296,>30M,botlabs.in,no,,,,0,,botlabs@ideasplus.co.in,showing_email_candidates,not_flagged,contact_pages,,,,,,valid=0; invalid=0; risky=0; unknown=0
14297,>30M,hutchmedia.group,yes,,,,0,,hello@hutchmedia.group,showing_email_candidates,not_flagged,contact_pages,hello@hutchmedia.group,hello@hutchmedia.group,,,,valid=1; invalid=0; risky=0; unknown=0
14298,>30M,factoconsultoria.com,yes,,,https://f2asw7nxt6s.typeform.com/to/ycyObOvh,0,,,no_public_email_found,not_flagged,contact_pages,,,,,,valid=0; invalid=0; risky=0; unknown=0
14299,>30M,servicetag.se,yes,,,https://embed.typeform.com/ ; https://form.typeform.com/to/zBfyOz9I,0,,info@myqr.se ; mikael@myqr.se,showing_email_candidates,not_flagged,contact_pages,,,,,,valid=0; invalid=0; risky=0; unknown=0
14300,>30M,thekingdomtattoo.com,yes,,,https://6ttgo0om70k.typeform.com/to/Vwz8qKYj,0,,,no_public_email_found,not_flagged,contact_pages,,,,,,valid=0; invalid=0; risky=0; unknown=0
14301,>30M,sagaranaika.com,no,,,,0,,,no_public_email_found,not_flagged,contact_pages,,,,,,valid=0; invalid=0; risky=0; unknown=0
14302,>30M,carefuel-lab.net,no,,,,0,,,no_public_email_found,not_flagged,contact_pages,,,,,,valid=0; invalid=0; risky=0; unknown=0
14303,>30M,lasolasagency.com,no,,,,0,,you@company.com,showing_email_candidates,not_flagged,contact_pages,,,,,,valid=0; invalid=0; risky=0; unknown=0
14304,>30M,jonathantaylorpt.com,yes,,,https://form.typeform.com/to/gwqcfzTA,0,,jonathan@jonathantaylorpt.com,showing_email_candidates,not_flagged,contact_pages,,,,,,valid=0; invalid=0; risky=0; unknown=0
14305,>30M,youatyours.com,yes,,,https://youatyours.typeform.com/to/i9mzKh20,0,,mail@youatyours.com ; mervyn@youatyours.com,showing_email_candidates,not_flagged,contact_pages,,,,,,valid=0; invalid=0; risky=0; unknown=0
14306,>30M,statusnotify.com,no,,,,0,,,no_public_email_found,not_flagged,contact_pages,,,,,,valid=0; invalid=0; risky=0; unknown=0
14307,>30M,thescholarmentor.com,yes,,,,0,,,no_public_email_found,not_flagged,contact_pages,,,,,,valid=0; invalid=0; risky=0; unknown=0
14308,>30M,riverbendfamilydentist.com,yes,,,https://embed.typeform.com/ ; https://revupgroup.typeform.com/to/IwRHGWW9,0,,riverbendfamilydentist@gmail.com,showing_email_candidates,not_flagged,contact_pages,,,,,,valid=0; invalid=0; risky=0; unknown=0
14309,>30M,theuptik.com,no,,,https://rzbekwnqvn9.typeform.com/to/U4BuBRDO,0,,,no_public_email_found,not_flagged,contact_pages,,,,,,valid=0; invalid=0; risky=0; unknown=0
14310,>30M,livinportugal.pt,yes,,,,0,,,no_public_email_found,not_flagged,contact_pages,,,,,,valid=0; invalid=0; risky=0; unknown=0
14311,>30M,jreu-yokohama1.jp,no,,,,0,,,no_public_email_found,not_flagged,contact_pages,,,,,,valid=0; invalid=0; risky=0; unknown=0
14312,>30M,astrolaboral.com.ar,no,,,https://images.typeform.com/,0,,info@astrolaboral.com.ar ; mail@mail.com ; rrhh@astrolaboral.com.ar ; ventas@astrolaboral.com.ar,showing_email_candidates,not_flagged,contact_pages,info@astrolaboral.com.ar,,,,info@astrolaboral.com.ar,valid=0; invalid=0; risky=0; unknown=1
14313,>30M,on-train.com,yes,,,,0,,,no_public_email_found,not_flagged,contact_pages,,,,,,valid=0; invalid=0; risky=0; unknown=0
14314,>30M,crnataxes.com,yes,,,https://byei3y9mneo.typeform.com/to/ZocuINHQ,0,,,no_public_email_found,not_flagged,contact_pages,,,,,,valid=0; invalid=0; risky=0; unknown=0
14315,>30M,sapporo-inter-ds.com,no,,,,0,,,no_public_email_found,not_flagged,contact_pages,,,,,,valid=0; invalid=0; risky=0; unknown=0
14316,>30M,prix-feu-artifice.com,yes,,,,0,,,no_public_email_found,not_flagged,contact_pages,,,,,,valid=0; invalid=0; risky=0; unknown=0
14317,>30M,pellecopy.com,yes,,,,0,,,no_public_email_found,not_flagged,contact_pages,,,,,,valid=0; invalid=0; risky=0; unknown=0
14318,>30M,shophappyzzzs.com,yes,,,https://form.typeform.com/to/z8THIjcP,0,,sales@shophappyzzzs.com,showing_email_candidates,not_flagged,contact_pages,sales@shophappyzzzs.com,,,,sales@shophappyzzzs.com,valid=0; invalid=0; risky=0; unknown=1
14319,>30M,belgiantech.com,yes,,,,0,,,no_public_email_found,not_flagged,contact_pages,,,,,,valid=0; invalid=0; risky=0; unknown=0
14320,>30M,nujek.id,yes,,,,0,,admin@nujek.id,showing_email_candidates,not_flagged,contact_pages,admin@nujek.id,admin@nujek.id,,,,valid=1; invalid=0; risky=0; unknown=0
14321,>30M,dieetpraktijk.be,yes,,,https://form.typeform.com/to/x6F3I1FG,0,,info@dieetpraktijk.be,showing_email_candidates,not_flagged,contact_pages,info@dieetpraktijk.be,,,,info@dieetpraktijk.be,valid=0; invalid=0; risky=0; unknown=1
14322,>30M,rawpido.com,yes,,,,0,,,no_public_email_found,not_flagged,contact_pages,,,,,,valid=0; invalid=0; risky=0; unknown=0
14323,>30M,saintdiamonds.com,yes,,,https://contact-saintdiamonds-v1.typeform.com/to/orPECp37,0,,info@saintdiamonds.com,showing_email_candidates,not_flagged,contact_pages,info@saintdiamonds.com,,,,info@saintdiamonds.com,valid=0; invalid=0; risky=0; unknown=1
14324,>30M,cuethecredits.net,yes,,,https://hybred.typeform.com/to/QeL6wT,0,,,no_public_email_found,not_flagged,contact_pages,,,,,,valid=0; invalid=0; risky=0; unknown=0
14325,>30M,morpheusds.com,no,,,,0,,work@morpheusds.com,showing_email_candidates,not_flagged,contact_pages,,,,,,valid=0; invalid=0; risky=0; unknown=0
14326,>30M,bremen-robotics.com,no,,,,0,,info@bremen-robotics.com,showing_email_candidates,not_flagged,contact_pages,info@bremen-robotics.com,,,,info@bremen-robotics.com,valid=0; invalid=0; risky=0; unknown=1
14327,>30M,albion.vc,yes,,,https://form.typeform.com/to/eblytyUk ; https://form.typeform.com/to/YBI6XIjl,0,,,no_public_email_found,not_flagged,contact_pages,,,,,,valid=0; invalid=0; risky=0; unknown=0
14328,>30M,codigovzla.org,no,,,,0,,cropped-codigovzla-anagrama-amarillo@300x-512x512-180x180.png ; cropped-codigovzla-anagrama-amarillo@300x-512x512-192x192.png ; cropped-codigovzla-anagrama-amarillo@300x-512x512-270x270.png ; cropped-codigovzla-anagrama-amarillo@300x-512x512-32x32.png,showing_email_candidates,not_flagged,contact_pages,,,,,,valid=0; invalid=0; risky=0; unknown=0
14329,>30M,pioneersnow.com,yes,,,,0,,,no_public_email_found,not_flagged,contact_pages,,,,,,valid=0; invalid=0; risky=0; unknown=0
14330,>30M,kompetenzliste.com,no,,,,0,,,no_public_email_found,not_flagged,contact_pages,,,,,,valid=0; invalid=0; risky=0; unknown=0
14331,>30M,iocreoilmiodestino.it,yes,,,,0,,,no_public_email_found,not_flagged,contact_pages,,,,,,valid=0; invalid=0; risky=0; unknown=0
14332,>30M,cryptosconnects.com,no,,,,0,,contact@cryptosconnects.com ; cryptocurrencywidget@0.0.9.min.js ; otc@cryptosconnects.com,showing_email_candidates,not_flagged,contact_pages,contact@cryptosconnects.com,,contact@cryptosconnects.com,,,valid=0; invalid=1; risky=0; unknown=0
14333,>30M,reachoutgambia.org,yes,,,https://vitamin2.typeform.com/to/zTGPnd,0,,info@reachoutgambia.org,showing_email_candidates,not_flagged,contact_pages,info@reachoutgambia.org,,,,info@reachoutgambia.org,valid=0; invalid=0; risky=0; unknown=1
14334,>30M,kalibermaatwerk.be,no,,,,0,,27da04b30813460e87f25f486869c5ad@o1086387.ingest.sentry.io ; ie11customproperties@4.1.0 ; info@kalibermaatwerk.be,showing_email_candidates,not_flagged,contact_pages,info@kalibermaatwerk.be,,,,info@kalibermaatwerk.be,valid=0; invalid=0; risky=0; unknown=1
14335,>30M,kaisei-kensetsu.com,no,,,,0,,,no_public_email_found,not_flagged,contact_pages,,,,,,valid=0; invalid=0; risky=0; unknown=0
14336,>30M,jyoujima-sumire.com,no,,,,0,,,no_public_email_found,not_flagged,contact_pages,,,,,,valid=0; invalid=0; risky=0; unknown=0
14337,>30M,graphicsofmaya.com,yes,,,https://dp47yogwlrh.typeform.com/to/FMhAE92E,0,,design@graphicsofmaya.com,showing_email_candidates,not_flagged,contact_pages,,,,,,valid=0; invalid=0; risky=0; unknown=0
14338,>30M,ralaservices.com,yes,,,,0,,,no_public_email_found,not_flagged,contact_pages,,,,,,valid=0; invalid=0; risky=0; unknown=0
14339,>30M,finnishrap.com,no,,,https://embed.typeform.com/,0,,,no_public_email_found,not_flagged,contact_pages,,,,,,valid=0; invalid=0; risky=0; unknown=0
14340,>30M,potscarepackage.com,yes,,,https://form.typeform.com/to/Qw3s4zcb,0,,,no_public_email_found,not_flagged,contact_pages,,,,,,valid=0; invalid=0; risky=0; unknown=0
14341,>30M,dinamotdc.com.br,yes,,,,0,,contato@dinamotdc.com.br,showing_email_candidates,not_flagged,contact_pages,,,,,,valid=0; invalid=0; risky=0; unknown=0
14342,>30M,cda-financial.com,no,,,,0,,,no_public_email_found,not_flagged,contact_pages,,,,,,valid=0; invalid=0; risky=0; unknown=0
14343,>30M,organic-vege.com,no,,,,0,,,no_public_email_found,not_flagged,contact_pages,,,,,,valid=0; invalid=0; risky=0; unknown=0
14344,>30M,bynimble.com,yes,,,https://form.typeform.com/to/fasbOlbP,0,,alex@bynimble.com,showing_email_candidates,not_flagged,contact_pages,,,,,,valid=0; invalid=0; risky=0; unknown=0
14345,>30M,halluddstrafikskola.nu,yes,,,,0,,,no_public_email_found,not_flagged,contact_pages,,,,,,valid=0; invalid=0; risky=0; unknown=0
14346,>30M,cityradiology.com,yes,,,https://embed.typeform.com/ ; https://form.typeform.com/to/RnuTIyNS,0,,info@cityradiology.com,showing_email_candidates,not_flagged,contact_pages,info@cityradiology.com,,,,info@cityradiology.com,valid=0; invalid=0; risky=0; unknown=1
14347,>30M,stclairspadinadental.com,yes,,,https://embed.typeform.com/ ; https://revupgroup.typeform.com/to/RYnsgC3R,0,,info@stclairspadinadental.com,showing_email_candidates,not_flagged,contact_pages,info@stclairspadinadental.com,,,,info@stclairspadinadental.com,valid=0; invalid=0; risky=0; unknown=1
14348,>30M,huttonmonument.com,no,,,,0,,,no_public_email_found,not_flagged,contact_pages,,,,,,valid=0; invalid=0; risky=0; unknown=0
14349,>30M,erupt.site,yes,,,,0,,,no_public_email_found,not_flagged,contact_pages,,,,,,valid=0; invalid=0; risky=0; unknown=0
14350,>30M,paloalto.club,yes,,,https://form.typeform.com/to/HIBXzg ; https://form.typeform.com/to/V0VYXy,0,,dj@paloalto.club,showing_email_candidates,not_flagged,contact_pages,,,,,,valid=0; invalid=0; risky=0; unknown=0
14351,>30M,innovatifplus.com,yes,,,,0,,,no_public_email_found,not_flagged,contact_pages,,,,,,valid=0; invalid=0; risky=0; unknown=0
14352,>30M,centexmonumentsofwaco.com,no,,,,0,,,no_public_email_found,not_flagged,contact_pages,,,,,,valid=0; invalid=0; risky=0; unknown=0
14353,>30M,strongest-karate.com,no,,,,0,,,no_public_email_found,not_flagged,contact_pages,,,,,,valid=0; invalid=0; risky=0; unknown=0
14354,>30M,wrandl.com,yes,,,,0,,,no_public_email_found,not_flagged,contact_pages,,,,,,valid=0; invalid=0; risky=0; unknown=0
14355,>30M,fragjon.de,yes,,,,0,,,no_public_email_found,not_flagged,contact_pages,,,,,,valid=0; invalid=0; risky=0; unknown=0
14356,>30M,artfx.school,yes,,,https://form.typeform.com/to/moSsgNHf,0,,apply@artfx.fr ; contact@artfx.fr ; jobs@artfx.fr,showing_email_candidates,not_flagged,contact_pages,,,,,,valid=0; invalid=0; risky=0; unknown=0
14357,>30M,missashleyhair.com,no,,,,0,,,no_public_email_found,not_flagged,contact_pages,,,,,,valid=0; invalid=0; risky=0; unknown=0
14358,>30M,iamfbn.com,yes,,,https://domundo.typeform.com/to/vNH7p8Bx,0,,,no_public_email_found,not_flagged,contact_pages,,,,,,valid=0; invalid=0; risky=0; unknown=0
14359,>30M,impactbrixton.com,no,,,,0,,hosts@impactbrixton.com,showing_email_candidates,not_flagged,contact_pages,,,,,,valid=0; invalid=0; risky=0; unknown=0
14360,>30M,closerssociety.com,no,,,https://embed.typeform.com/,0,,careers@closerssociety.com ; flags@2x.png,showing_email_candidates,not_flagged,contact_pages,careers@closerssociety.com,careers@closerssociety.com,,,,valid=1; invalid=0; risky=0; unknown=0
14361,>30M,jobcampaign.ch,yes,,,,0,,,no_public_email_found,not_flagged,contact_pages,,,,,,valid=0; invalid=0; risky=0; unknown=0
14362,>30M,greentrade.tech,no,,,,0,,backed-by-future-quest-white@4x-1024x204.png ; backed-by-future-quest-white@4x-1536x307.png ; backed-by-future-quest-white@4x-300x60.png ; backed-by-future-quest-white@4x-768x153.png ; backed-by-future-quest-white@4x.png ; impact@gradetrade.tech ; impact@greentrade.tech,showing_email_candidates,not_flagged,contact_pages,,,,,,valid=0; invalid=0; risky=0; unknown=0
14363,>30M,la-marine-des-goudes-restaurant-marseille.com,yes,,,https://c7rf3u9sq2r.typeform.com/to/tZh1lYgO,0,,contact@lamarinedesgoudes.com,showing_email_candidates,not_flagged,contact_pages,,,,,,valid=0; invalid=0; risky=0; unknown=0
14364,>30M,agence-cause.com,yes,,,https://acxueboymrt.typeform.com/to/zoWFqawk,0,,logo-claranor@2x-1-480x172.png ; logo-claranor@2x-1.png,showing_email_candidates,not_flagged,contact_pages,,,,,,valid=0; invalid=0; risky=0; unknown=0
14365,>30M,synapsta.com,yes,,,https://embed.typeform.com/ ; https://jeffbienkowski.typeform.com/to/EVphsq,0,,info@synapsta.com,showing_email_candidates,not_flagged,contact_pages,info@synapsta.com,,,,info@synapsta.com,valid=0; invalid=0; risky=0; unknown=1
14366,>30M,tokunaga-j-clinic.com,no,,,,0,,,no_public_email_found,not_flagged,contact_pages,,,,,,valid=0; invalid=0; risky=0; unknown=0
14367,>30M,sdc-ds.com,no,,,,0,,,no_public_email_found,not_flagged,contact_pages,,,,,,valid=0; invalid=0; risky=0; unknown=0
14368,>30M,hoshiji-ds.com,no,,,,0,,,no_public_email_found,not_flagged,contact_pages,,,,,,valid=0; invalid=0; risky=0; unknown=0
14369,>30M,akitaminami-ds.com,no,,,,0,,,no_public_email_found,not_flagged,contact_pages,,,,,,valid=0; invalid=0; risky=0; unknown=0
14370,>30M,atlcollective.org,yes,,,https://zlwxkyw1gjd.typeform.com/to/I7RnnPMs ; https://zlwxkyw1gjd.typeform.com/to/W8t1sxuF ; https://zlwxkyw1gjd.typeform.com/to/XimEcz7F,0,,john@doe.com,showing_email_candidates,not_flagged,contact_pages,,,,,,valid=0; invalid=0; risky=0; unknown=0
14371,>30M,ellachedester.com,yes,,,https://form.typeform.com/to/rvrHgOjV,0,,,no_public_email_found,not_flagged,contact_pages,,,,,,valid=0; invalid=0; risky=0; unknown=0
14372,>30M,cscbrussels.be,no,,,https://cannabisclub.typeform.com/,0,,contact@cscbrussels.be ; email@example.com ; support@cscbrussels.be,showing_email_candidates,not_flagged,contact_pages,contact@cscbrussels.be ; support@cscbrussels.be,contact@cscbrussels.be,,,support@cscbrussels.be,valid=1; invalid=0; risky=0; unknown=1
14373,>30M,studioaco.com.au,yes,,,https://studioaco.typeform.com/to/zRhkp9,0,,hello@studioaco.com.au,showing_email_candidates,not_flagged,contact_pages,hello@studioaco.com.au,hello@studioaco.com.au,,,,valid=1; invalid=0; risky=0; unknown=0
14374,>30M,cedaribsifintechlab.com,yes,,,,0,,,no_public_email_found,not_flagged,contact_pages,,,,,,valid=0; invalid=0; risky=0; unknown=0
14375,>30M,landestini.org,yes,,,https://form.typeform.com/to/PxBoTtqS,0,,coupedefrancedupotager@landestini.org ; henri.landes@landestini.org,showing_email_candidates,not_flagged,contact_pages,,,,,,valid=0; invalid=0; risky=0; unknown=0
14376,>30M,tlcpvoyages.com,yes,,,https://v09abw50l81.typeform.com/to/dAwcV0I4,0,,book@tlcpvoyages.com ; contact@example.com,showing_email_candidates,not_flagged,contact_pages,,,,,,valid=0; invalid=0; risky=0; unknown=0
14377,>30M,tedxferrara.com,yes,,,https://ntfp6fvgdmr.typeform.com/to/oMV2FRWY,0,,info@tedxferrara.com ; vivap@4x-100.jpg,showing_email_candidates,not_flagged,contact_pages,info@tedxferrara.com,,,,info@tedxferrara.com,valid=0; invalid=0; risky=0; unknown=1
14378,>30M,cultivateapothecary.com,yes,,,https://pisp32bxuwb.typeform.com/to/sqvu7S6S,0,,care@cultivateapothecary.com,showing_email_candidates,not_flagged,contact_pages,,,,,,valid=0; invalid=0; risky=0; unknown=0
14379,>30M,gotitlefree.org,yes,,,,0,,,no_public_email_found,not_flagged,contact_pages,,,,,,valid=0; invalid=0; risky=0; unknown=0
14380,>30M,riseupforum.org,yes,,,https://riseupforum.typeform.com/to/UQh8CC,0,,info@riseupforum.org,showing_email_candidates,not_flagged,contact_pages,info@riseupforum.org,,,,info@riseupforum.org,valid=0; invalid=0; risky=0; unknown=1
14381,>30M,doppler-vasculaire-nancy.com,no,,,,0,,,no_public_email_found,not_flagged,contact_pages,,,,,,valid=0; invalid=0; risky=0; unknown=0
14382,>30M,martechtribe.com,no,,,https://martechmap.typeform.com/,0,,,no_public_email_found,not_flagged,contact_pages,,,,,,valid=0; invalid=0; risky=0; unknown=0
14383,>30M,loveandconnections.com,yes,,,,0,,admin@loveandconnections.com ; hello@loveandconnections.com ; match@loveandconnections.com,showing_email_candidates,not_flagged,contact_pages,admin@loveandconnections.com ; hello@loveandconnections.com,admin@loveandconnections.com ; hello@loveandconnections.com,,,,valid=2; invalid=0; risky=0; unknown=0
14384,>30M,hannaandvirginia.com,yes,,,,0,,,no_public_email_found,not_flagged,contact_pages,,,,,,valid=0; invalid=0; risky=0; unknown=0
14385,>30M,apexascension.com,yes,,,https://form.typeform.com/to/YV7s4I1g,0,,,no_public_email_found,not_flagged,contact_pages,,,,,,valid=0; invalid=0; risky=0; unknown=0
14386,>30M,platsannonsering.se,yes,,,https://jkk-marknadsprocess.typeform.com/to/L9B7o7fH,0,,,no_public_email_found,not_flagged,contact_pages,,,,,,valid=0; invalid=0; risky=0; unknown=0
14387,>30M,behope.church,yes,,,https://behope.typeform.com/to/tBQWN2,0,,info@behope.church,showing_email_candidates,not_flagged,contact_pages,info@behope.church,,,,info@behope.church,valid=0; invalid=0; risky=0; unknown=1
14388,>30M,todobaldrich.com,yes,,,https://embed.typeform.com/ ; https://form.typeform.com/to/m7lW7dnZ,0,,info@todobaldrich.com,showing_email_candidates,not_flagged,contact_pages,info@todobaldrich.com,,,,info@todobaldrich.com,valid=0; invalid=0; risky=0; unknown=1
14389,>30M,encinitassasquatchassociation.com,yes,,,https://form.typeform.com/to/AvdNvE4f,0,,bootstrap-select@1.13.14 ; bootstrap@4.6.2 ; emailto@example.com ; litepicker@2.0.11 ; slick-carousel@1.8.1 ; typed.js@2.0.11,showing_email_candidates,not_flagged,contact_pages,,,,,,valid=0; invalid=0; risky=0; unknown=0
14390,>30M,rightstartfarm.com,no,,,,0,,eric@rightstartfarm.com,showing_email_candidates,not_flagged,contact_pages,,,,,,valid=0; invalid=0; risky=0; unknown=0
14391,>30M,compostic.co.nz,no,,,,0,,,no_public_email_found,not_flagged,contact_pages,,,,,,valid=0; invalid=0; risky=0; unknown=0
14392,>30M,lamaisonducourtier.fr,yes,,,https://form.typeform.com/to/MQpzX93o,0,,,no_public_email_found,not_flagged,contact_pages,,,,,,valid=0; invalid=0; risky=0; unknown=0
14393,>30M,julie-annelee.com,yes,,,https://form.typeform.com/to/CsoCa42f,0,,ja@julie-annelee.com,showing_email_candidates,not_flagged,contact_pages,,,,,,valid=0; invalid=0; risky=0; unknown=0
14394,>30M,usesoulmix.com,no,,,,0,,,no_public_email_found,not_flagged,contact_pages,,,,,,valid=0; invalid=0; risky=0; unknown=0
14395,>30M,parretir.com,yes,,,,0,,,no_public_email_found,not_flagged,contact_pages,,,,,,valid=0; invalid=0; risky=0; unknown=0
14396,>30M,antemihaljevic.com,yes,,,,0,,,no_public_email_found,not_flagged,contact_pages,,,,,,valid=0; invalid=0; risky=0; unknown=0
14397,>30M,techniquememoire.com,yes,,,https://k1pddnqwcv9.typeform.com/to/XDbtMghp,0,,,no_public_email_found,not_flagged,contact_pages,,,,,,valid=0; invalid=0; risky=0; unknown=0
14398,>30M,gender-revealer.com,yes,,,,0,,anapbm@gmail.com ; team@latofonts.com,showing_email_candidates,not_flagged,contact_pages,,,,,,valid=0; invalid=0; risky=0; unknown=0
14399,>30M,windowseatconsulting.com,yes,,,,0,,,no_public_email_found,not_flagged,contact_pages,,,,,,valid=0; invalid=0; risky=0; unknown=0
14400,>30M,michelledepolo.com,yes,,,https://form.typeform.com/to/lGFuLXVF,0,,,no_public_email_found,not_flagged,contact_pages,,,,,,valid=0; invalid=0; risky=0; unknown=0
14401,>30M,covingtongrain.com,no,,,,0,,,no_public_email_found,not_flagged,contact_pages,,,,,,valid=0; invalid=0; risky=0; unknown=0
14402,>30M,xceleader.com,no,,,https://xceleader.typeform.com/,0,,info@xceleader.com,showing_email_candidates,not_flagged,contact_pages,info@xceleader.com,,,,info@xceleader.com,valid=0; invalid=0; risky=0; unknown=1
14403,>30M,sunderlandmoneyman.com,no,,,,0,,,no_public_email_found,not_flagged,contact_pages,,,,,,valid=0; invalid=0; risky=0; unknown=0
14404,>30M,durhammoneyman.com,no,,,,0,,,no_public_email_found,not_flagged,contact_pages,,,,,,valid=0; invalid=0; risky=0; unknown=0
14405,>30M,skyprovisuals.com,yes,,,,0,,info@skyprovisuals.com,showing_email_candidates,not_flagged,contact_pages,info@skyprovisuals.com,,,,info@skyprovisuals.com,valid=0; invalid=0; risky=0; unknown=1
14406,>30M,dandy-mariquita.com,no,,,,0,,,no_public_email_found,not_flagged,contact_pages,,,,,,valid=0; invalid=0; risky=0; unknown=0
14407,>30M,fekrahplus.com,no,,,,0,,,no_public_email_found,not_flagged,contact_pages,,,,,,valid=0; invalid=0; risky=0; unknown=0
14408,>30M,alternativasdocumental.info,yes,,,https://7xnaqa388zk.typeform.com/to/hNgGALKG,0,,info@alternativasdocumental.info,showing_email_candidates,not_flagged,contact_pages,info@alternativasdocumental.info,,,,info@alternativasdocumental.info,valid=0; invalid=0; risky=0; unknown=1
14409,>30M,getready-nachhilfe.at,no,,,,0,,flags@2x.png ; office@getready-nachhilfe.at,showing_email_candidates,not_flagged,contact_pages,office@getready-nachhilfe.at,,,,office@getready-nachhilfe.at,valid=0; invalid=0; risky=0; unknown=1
14410,>30M,dernier-etage-nice.com,yes,,,https://aj5dy302qx5.typeform.com/to/xA8UOGiD ; https://form.typeform.com/to/XKot8S3a,0,,vdb@vdb.fr,showing_email_candidates,not_flagged,contact_pages,,,,,,valid=0; invalid=0; risky=0; unknown=0
14411,>30M,elysianartiste.com,yes,,,,0,,,no_public_email_found,not_flagged,contact_pages,,,,,,valid=0; invalid=0; risky=0; unknown=0
14412,>30M,trive.app,yes,,,https://youthondemand.typeform.com/to/DEvvxVwM,0,,,no_public_email_found,not_flagged,contact_pages,,,,,,valid=0; invalid=0; risky=0; unknown=0
14413,>30M,dayup.tw,yes,,,https://dayup.typeform.com/to/ozGOn3,0,,support@dayup.tw ; wukai0425@gmail.com,showing_email_candidates,not_flagged,contact_pages,support@dayup.tw,,,,support@dayup.tw,valid=0; invalid=0; risky=0; unknown=1
14414,>30M,kihyukhong.com,no,,,,0,,,no_public_email_found,not_flagged,contact_pages,,,,,,valid=0; invalid=0; risky=0; unknown=0
14415,>30M,middleschoolclassic.com,no,,,,0,,middleschoolclassic@gmail.com,showing_email_candidates,not_flagged,contact_pages,,,,,,valid=0; invalid=0; risky=0; unknown=0
14416,>30M,yma.cymru,no,,,,0,,,no_public_email_found,not_flagged,contact_pages,,,,,,valid=0; invalid=0; risky=0; unknown=0
14417,>30M,elcaminoevolutivo.com,yes,,,https://nano14.typeform.com/to/T6iu2Uki,0,,,no_public_email_found,not_flagged,contact_pages,,,,,,valid=0; invalid=0; risky=0; unknown=0
14418,>30M,iconicbeautyaesthetics.com,yes,,,,0,,,no_public_email_found,not_flagged,contact_pages,,,,,,valid=0; invalid=0; risky=0; unknown=0
14419,>30M,monacojazzclub.org,yes,,,,0,,,no_public_email_found,not_flagged,contact_pages,,,,,,valid=0; invalid=0; risky=0; unknown=0
14420,>30M,kumaksk.com,no,,,,0,,,no_public_email_found,not_flagged,contact_pages,,,,,,valid=0; invalid=0; risky=0; unknown=0
14421,>30M,qbicair.com,no,,,,0,,rental@qbicair.com,showing_email_candidates,not_flagged,contact_pages,,,,,,valid=0; invalid=0; risky=0; unknown=0
14422,>30M,hackerpet.com,yes,,,https://admin.typeform.com/ ; https://cleverpet.typeform.com/to/Z47lWd ; https://embed.typeform.com/,0,,,no_public_email_found,not_flagged,contact_pages,,,,,,valid=0; invalid=0; risky=0; unknown=0
14423,>30M,neopopimaginaria.com,yes,,,https://imaginaria.typeform.com/to/TeaqXg ; https://neopopimaginaria.typeform.com/to/TeaqXg,0,,amanda@neopopimaginaria.com ; joao@neopopimaginaria.com ; jones@neopopimaginaria.com,showing_email_candidates,not_flagged,contact_pages,,,,,,valid=0; invalid=0; risky=0; unknown=0
14424,>30M,oppmade.com,yes,,,https://form.typeform.com/to/SsKHIpZI,0,,info@oppmade.com,showing_email_candidates,not_flagged,contact_pages,info@oppmade.com,,,,info@oppmade.com,valid=0; invalid=0; risky=0; unknown=1
14425,>30M,canadianpolice.org,no,,,,0,,,no_public_email_found,not_flagged,contact_pages,,,,,,valid=0; invalid=0; risky=0; unknown=0
14426,>30M,server-abicrash.com,yes,,,,0,,,no_public_email_found,not_flagged,contact_pages,,,,,,valid=0; invalid=0; risky=0; unknown=0
14427,>30M,therecoverypartners.com,yes,,,https://form.typeform.com/to/LhwrgQZo ; https://form.typeform.com/to/tjvySBit,0,,,no_public_email_found,not_flagged,contact_pages,,,,,,valid=0; invalid=0; risky=0; unknown=0
14428,>30M,hyveinternational.org,no,,,,0,,,no_public_email_found,not_flagged,contact_pages,,,,,,valid=0; invalid=0; risky=0; unknown=0
14429,>30M,ftblacademy.com,yes,,,https://5njciwuqm27.typeform.com/to/pQI8dBrF,0,,coach@ftblacademy.com,showing_email_candidates,not_flagged,contact_pages,,,,,,valid=0; invalid=0; risky=0; unknown=0
14430,>30M,zeppelean.io,yes,,,,0,,,no_public_email_found,not_flagged,contact_pages,,,,,,valid=0; invalid=0; risky=0; unknown=0
14431,>30M,sitz.fr,no,,,https://embed.typeform.com/ ; https://siiimple.typeform.com/,0,,,no_public_email_found,not_flagged,contact_pages,,,,,,valid=0; invalid=0; risky=0; unknown=0
14432,>30M,sub40db.nl,yes,,,https://a27mvqjeyy5.typeform.com/to/ikCAwe3j,0,,,no_public_email_found,not_flagged,contact_pages,,,,,,valid=0; invalid=0; risky=0; unknown=0
14433,>30M,novatelaw.com,no,,,,0,,hello@novatelegal.ca,showing_email_candidates,not_flagged,contact_pages,,,,,,valid=0; invalid=0; risky=0; unknown=0
14434,>30M,contextvc.com,yes,,,https://contextventures.typeform.com/ ; https://contextventures.typeform.com/to/B3l5yqv4,0,,green_background@4x-8.png ; leaders@contextvc.com ; startups@contextvc.com ; timhsia@contextvc.com,showing_email_candidates,not_flagged,contact_pages,,,,,,valid=0; invalid=0; risky=0; unknown=0
14435,>30M,cinthiagonzalez.com,yes,,,,0,,,no_public_email_found,not_flagged,contact_pages,,,,,,valid=0; invalid=0; risky=0; unknown=0
14436,>30M,yabu.app,no,,,https://embed.typeform.com/,0,,,no_public_email_found,not_flagged,contact_pages,,,,,,valid=0; invalid=0; risky=0; unknown=0
14437,>30M,walletpassapi.com,no,,,,0,,you@agency.com ; you@example.com,showing_email_candidates,not_flagged,contact_pages,,,,,,valid=0; invalid=0; risky=0; unknown=0
14438,>30M,learntothrivecollective.com,yes,,,https://embed.typeform.com/ ; https://learntothrive.typeform.com/to/PdA97w,0,,learntothrivecollective@gmail.com,showing_email_candidates,not_flagged,contact_pages,,,,,,valid=0; invalid=0; risky=0; unknown=0
14439,>30M,cox90.com,yes,,,https://embed.typeform.com/ ; https://xela2.typeform.com/to/RyofoU,0,,contact@cox90.com,showing_email_candidates,not_flagged,contact_pages,contact@cox90.com,contact@cox90.com,,,,valid=1; invalid=0; risky=0; unknown=0
14440,>30M,isshin0701.com,no,,,,0,,,no_public_email_found,not_flagged,contact_pages,,,,,,valid=0; invalid=0; risky=0; unknown=0
14441,>30M,certysol.pro,no,,,,0,,,no_public_email_found,not_flagged,contact_pages,,,,,,valid=0; invalid=0; risky=0; unknown=0
14442,>30M,maasification.com,yes,,,,0,,adm@nobina.se ; administration@rejsekort.dk ; appsupport@bvg.de ; ask@rta.ae ; atencioncliente@emtmadrid.es ; bank@kh.hu ; berlinmobil@vmzberlin.com ; bilgem@tubitak.gov.tr ; bkm@bkm.com.tr ; bok@mpay.com.pl ; burulas@burulas.com.tr ; chargingsupport@gorevel.com ; comunicacio@socmobilitat.cat ; contact.center@bcr.ro ; contact@24pay.ro ; contact@airweb.fr ; contact@calypsonet.org ; contact@dataveyes.com ; contact@flowbird.group ; contact@instant-system.com ; contact@ivu.com ; contact@maasification.com ; contact@metrorex.ro ; contact@mobimeo.com ; contact@monkeyfactory.fr ; contacto@wondo.es ; contato@itstransdata.com ; corpcom@bel.co.in ; cozum@tcddtasimacilik.gov.tr ; cs@moove.io ; customersupport@lyko.com ; dpd@ier.fr ; dpo@connect.sncf ; dpo@famoco.com ; dpo@indra.es ; dpo@planeta.inf.br ; emtest@emtest.biz ; enquiries@fodmobilitygroup.com ; faktura@atb.no ; faleconosco@tacom.com.br ; geral@opt.pt ; hallo@hansecom.com ; happytohelp@floya.brussels ; hello@bird.co ; hello@door2door.io ; hello@ioki.com ; hello@meep.app ; hello@mileus.com ; hello@shotl.com ; hello@splyt.com ; hola@gocitytrips.com ; info+en@transitapp.com ; info-de@atron.com ; info@aep-italia.it ; info@amco.gr ; info@asiselektronik.com.tr ; info@availtec.com ; info@axonvibe.com ; info@bgnaplata.rs ; info@bpcbt.com ; info@busae.com ; info@busmatick.com ; info@busplus.rs ; info@bytemark.co ; info@distribusion.com ; info@dpb.sk ; info@entropy.sc ; info@eos-uptrade.de ; info@fairtiq.com ; info@gmv.com ; info@greenlines.cc ; info@hacon.de ; info@hvv-switch.de ; info@initse.com ; info@itso.org.uk ; info@kisio.com ; info@kubapay.com ; info@linkconsulting.com ; info@margento.com ; info@marprom.si ; info@mikroelektronika.cz ; info@mobiflow.be ; info@modeshift.com ; info@netcompany.com ; info@openmove.com ; info@operatorict.cz ; info@optimile.eu ; info@prodata-systems.be ; info@ridango.com ; info@rideshark.com ; info@ridetarc.org ; info@sixt.com ; info@sqills.com ; info@tafmobile.de ; info@technolution.com ; info@ticketer.co.uk ; info@transdata.sk ; info@transitfare.com ; info@triply.at ; info@trufi-association.org ; info@umob.app ; info@unwire.com ; info@vaigo.eu ; info@ximedes.com ; info@xpp.nl ; inquiry@lgcns.com ; international@mav-start.hu ; investor.relations@nexigroup.com ; jobs@scheidt-bachmann.de ; komunikacije@king-ict.eu ; maxime@citenapp.com ; media@datamatics.com ; mennica@mennica.com.pl ; mzi.ncup@gov.si ; office@asee.io ; office@buslogic.net ; office@fluidtime.com ; office@tixi.bg ; office@vmzberlin.com ; pluservice@pec.it ; pomoc@mobilet.pl ; pr@nxp.com ; press@lyft.com ; press@turo.com ; presse@rejsekort.dk ; privacy@sigmaspa.com ; privacyoffice@metrolinx.com ; rail.enquiries@hitachirail.com ; reduniq.comercial@unicre.pt ; rg@rg.com.pl ; sales.dbvertrieb@deutschebahn.com ; sales.nl@fiserv.com ; sales@gpe.cz ; sales@transmach.co.uk ; solutions@trafi.com ; suport@tpark.io ; support@activescaler.com ; support@beamrz.com ; support@etatransit.com ; support@movewithfleet.com ; support@olympus-mobility.com ; support@skedgo.com ; support@unicard-uk.com ; support@urbi.co ; support@wienmobil.at ; telematics@consat.se ; transport@lumiplan.com ; ugyfelszolgalat@nmzrt.hu ; ugyfelszolgalat@simple.hu ; we@wego.pe ; webmaster@registel.co,showing_email_candidates,not_flagged,contact_pages,contact@maasification.com,contact@maasification.com,,,,valid=1; invalid=0; risky=0; unknown=0
14443,>30M,cwc1227.com,no,,,,0,,,no_public_email_found,not_flagged,contact_pages,,,,,,valid=0; invalid=0; risky=0; unknown=0
14444,>30M,thescooterrally.com,yes,,,https://embed.typeform.com/ ; https://travelbase.typeform.com/to/ysb8zuJ2,0,,d020ffd2748b1ad387ba8eb63675f2ac@o4505114921795584.ingest.us.sentry.io ; info@rallyriders.org ; info@thescooterrally.com,showing_email_candidates,not_flagged,contact_pages,info@thescooterrally.com,,,,info@thescooterrally.com,valid=0; invalid=0; risky=0; unknown=1
14445,>30M,orlaananda.com,yes,,,https://tth37jalv5i.typeform.com/to/FrIDh8pW,0,,hey@orlaananda.com,showing_email_candidates,not_flagged,contact_pages,,,,,,valid=0; invalid=0; risky=0; unknown=0
14446,>30M,cfoconnect.eu,yes,,,https://spendeskteam.typeform.com/to/R4eFKJ3s,0,,hello@cfoconnect.eu,showing_email_candidates,not_flagged,contact_pages,hello@cfoconnect.eu,hello@cfoconnect.eu,,,,valid=1; invalid=0; risky=0; unknown=0
14447,>30M,kokuwanosato.jp,no,,,,0,,,no_public_email_found,not_flagged,contact_pages,,,,,,valid=0; invalid=0; risky=0; unknown=0
14448,>30M,steuerberater-reich-kleve.de,no,,,,0,,info@stb-reich-kleve.de,showing_email_candidates,not_flagged,contact_pages,,,,,,valid=0; invalid=0; risky=0; unknown=0
14449,>30M,castlebuycenter.com,no,,,,0,,,no_public_email_found,not_flagged,contact_pages,,,,,,valid=0; invalid=0; risky=0; unknown=0
14450,>30M,drmdclinics.com,yes,,,,0,,,no_public_email_found,not_flagged,contact_pages,,,,,,valid=0; invalid=0; risky=0; unknown=0
14451,>30M,choosethefew.com,yes,,,,0,,,no_public_email_found,not_flagged,contact_pages,,,,,,valid=0; invalid=0; risky=0; unknown=0
14452,>30M,meublesrd.com,no,,,,0,,,no_public_email_found,not_flagged,contact_pages,,,,,,valid=0; invalid=0; risky=0; unknown=0
14453,>30M,beecollectivewellness.com,yes,,,https://ny1tvdb27gb.typeform.com/to/iovq2XS8,0,,typed.js@2.0.12,showing_email_candidates,not_flagged,contact_pages,,,,,,valid=0; invalid=0; risky=0; unknown=0
14454,>30M,mychristmasplan.com,no,,,,0,,,no_public_email_found,not_flagged,contact_pages,,,,,,valid=0; invalid=0; risky=0; unknown=0
14455,>30M,takespruce.com,no,,,https://embed.typeform.com/ ; https://form.typeform.com/,0,,,no_public_email_found,not_flagged,contact_pages,,,,,,valid=0; invalid=0; risky=0; unknown=0
14456,>30M,tribudeportiva.com,no,,,,0,,,no_public_email_found,not_flagged,contact_pages,,,,,,valid=0; invalid=0; risky=0; unknown=0
14457,>30M,longevicals.com,no,,,,0,,,no_public_email_found,not_flagged,contact_pages,,,,,,valid=0; invalid=0; risky=0; unknown=0
14458,>30M,welpos.eu,yes,,,https://welpos.typeform.com/to/OrPgu3,0,,,no_public_email_found,not_flagged,contact_pages,,,,,,valid=0; invalid=0; risky=0; unknown=0
14459,>30M,scaleup.team,no,,,,0,,,no_public_email_found,not_flagged,contact_pages,,,,,,valid=0; invalid=0; risky=0; unknown=0
14460,>30M,joinkokoro.com,no,,,,0,,hello@joinkokoro.com,showing_email_candidates,not_flagged,contact_pages,hello@joinkokoro.com,hello@joinkokoro.com,,,,valid=1; invalid=0; risky=0; unknown=0
14461,>30M,vlaxkdigital.com,yes,,,https://coachjeffery.typeform.com/to/O2y5bJ7I,0,,,no_public_email_found,not_flagged,contact_pages,,,,,,valid=0; invalid=0; risky=0; unknown=0
14462,>30M,retriox.net,yes,,,https://brockbreacher.typeform.com/to/AJdo99 ; https://brockbreacher.typeform.com/to/VycqyR,0,,,no_public_email_found,not_flagged,contact_pages,,,,,,valid=0; invalid=0; risky=0; unknown=0
14463,>30M,somethinglikescales.com,yes,,,https://qugmgtr02u4.typeform.com/to/KsRwwVQa,0,,,no_public_email_found,not_flagged,contact_pages,,,,,,valid=0; invalid=0; risky=0; unknown=0
14464,>30M,shirayama-nanao.com,no,,,,0,,,no_public_email_found,not_flagged,contact_pages,,,,,,valid=0; invalid=0; risky=0; unknown=0
14465,>30M,hireafrica.net,yes,,,https://t3fqassxxrl.typeform.com/to/s3sMuiVG,0,,support@hireafrica.net,showing_email_candidates,not_flagged,contact_pages,support@hireafrica.net,,,,support@hireafrica.net,valid=0; invalid=0; risky=0; unknown=1
14466,>30M,focusedadvisornetwork.com,no,,,https://embed.typeform.com/,0,,swershing@focused-advisors.com,showing_email_candidates,not_flagged,contact_pages,,,,,,valid=0; invalid=0; risky=0; unknown=0
14467,>30M,brugmanletselschadeadvocaten.nl,yes,,,https://form.typeform.com/to/ZDSyifRF,0,,contact@advocatenkantoorbrugman.nl ; pretty-checkbox@3.0,showing_email_candidates,not_flagged,contact_pages,,,,,,valid=0; invalid=0; risky=0; unknown=0
14468,>30M,codeoneportal.com,no,,,,0,,,no_public_email_found,not_flagged,contact_pages,,,,,,valid=0; invalid=0; risky=0; unknown=0
14469,>30M,theadambook.com,yes,,,https://3s51j019tuf.typeform.com/to/ulTfDMEr,0,,,no_public_email_found,not_flagged,contact_pages,,,,,,valid=0; invalid=0; risky=0; unknown=0
14470,>30M,brentturner.co,yes,,,,0,,,no_public_email_found,not_flagged,contact_pages,,,,,,valid=0; invalid=0; risky=0; unknown=0
14471,>30M,polkaccidentinjury.com,no,,,,0,,,no_public_email_found,not_flagged,contact_pages,,,,,,valid=0; invalid=0; risky=0; unknown=0
14472,>30M,auxcordwarslive.com,no,,,,0,,acwcasting@gmail.com,showing_email_candidates,not_flagged,contact_pages,,,,,,valid=0; invalid=0; risky=0; unknown=0
14473,>30M,pablolunastudio.com,yes,,,,0,,,no_public_email_found,not_flagged,contact_pages,,,,,,valid=0; invalid=0; risky=0; unknown=0
14474,>30M,niko.land,no,,,,0,,,no_public_email_found,not_flagged,contact_pages,,,,,,valid=0; invalid=0; risky=0; unknown=0
14475,>30M,andreascederblad.com,yes,,,,0,,,no_public_email_found,not_flagged,contact_pages,,,,,,valid=0; invalid=0; risky=0; unknown=0
14476,>30M,hustlemvp.com,yes,,,https://embed.typeform.com/ ; https://hello018316.typeform.com/to/ECzBbY,0,,hello@hustlemvp.com,showing_email_candidates,not_flagged,contact_pages,hello@hustlemvp.com,hello@hustlemvp.com,,,,valid=1; invalid=0; risky=0; unknown=0
14477,>30M,evaluence.com,yes,,,https://embed.typeform.com/ ; https://evaluence.typeform.com/to/xwxljf,0,,,no_public_email_found,not_flagged,contact_pages,,,,,,valid=0; invalid=0; risky=0; unknown=0
14478,>30M,fitnesstowns.com,yes,,,https://form.typeform.com/to/IOSVZ3I0,0,,,no_public_email_found,not_flagged,contact_pages,,,,,,valid=0; invalid=0; risky=0; unknown=0
14479,>30M,freedomk12.org,no,,,https://freedomk12.typeform.com/,0,,records@freedomk12.org,showing_email_candidates,not_flagged,contact_pages,,,,,,valid=0; invalid=0; risky=0; unknown=0
14480,>30M,poetsthatsweat.com,yes,,,https://aj3botwh53x.typeform.com/to/ScwhSgeX ; https://aj3botwh53x.typeform.com/to/T8JxMjUy,0,,,no_public_email_found,not_flagged,contact_pages,,,,,,valid=0; invalid=0; risky=0; unknown=0
14481,>30M,bandmatchpro.com,yes,,,,0,,,no_public_email_found,not_flagged,contact_pages,,,,,,valid=0; invalid=0; risky=0; unknown=0
14482,>30M,achshav.org,yes,,,https://admin.typeform.com/ ; https://embed.typeform.com/ ; https://hope-forms.typeform.com/to/TBuqrU,0,,,no_public_email_found,not_flagged,contact_pages,,,,,,valid=0; invalid=0; risky=0; unknown=0
14483,>30M,rellevate.com,no,,,,0,,greg-schneider@2x.png ; group-32@2x-2.png ; stewart@2x.png,showing_email_candidates,not_flagged,contact_pages,,,,,,valid=0; invalid=0; risky=0; unknown=0
14484,>30M,ascenseursdatacenter.com,yes,,,https://h0pzerqekuo.typeform.com/to/egSlksUO,0,,ascenseursdatacenter@gmail.com,showing_email_candidates,not_flagged,contact_pages,,,,,,valid=0; invalid=0; risky=0; unknown=0
14485,>30M,signaturestonemonuments.com,no,,,,0,,,no_public_email_found,not_flagged,contact_pages,,,,,,valid=0; invalid=0; risky=0; unknown=0
14486,>30M,remotedigitalmarketer.com,no,,,,0,,,no_public_email_found,not_flagged,contact_pages,,,,,,valid=0; invalid=0; risky=0; unknown=0
14487,>30M,maydaycompany.fr,yes,,,,0,,,no_public_email_found,not_flagged,contact_pages,,,,,,valid=0; invalid=0; risky=0; unknown=0
14488,>30M,dotunsblog.com.ng,no,,,,0,,,no_public_email_found,not_flagged,contact_pages,,,,,,valid=0; invalid=0; risky=0; unknown=0
14489,>30M,rap-text.com,yes,,,https://mjm98yo.typeform.com/to/vK3lJqWM,0,,,no_public_email_found,not_flagged,contact_pages,,,,,,valid=0; invalid=0; risky=0; unknown=0
14490,>30M,mpactq.com,no,,,https://embed.typeform.com/,0,,,no_public_email_found,not_flagged,contact_pages,,,,,,valid=0; invalid=0; risky=0; unknown=0
14491,>30M,globalbanknote.com,no,,,,0,,impallari@gmail.com ; team@latofonts.com,showing_email_candidates,not_flagged,contact_pages,,,,,,valid=0; invalid=0; risky=0; unknown=0
14492,>30M,haschill.com,yes,,,,0,,info@haschill.com,showing_email_candidates,not_flagged,contact_pages,info@haschill.com,,,,info@haschill.com,valid=0; invalid=0; risky=0; unknown=1
14493,>30M,basundari.com,yes,,,https://form.typeform.com/to/O1DMEFas,0,,hello@basundari.com,showing_email_candidates,not_flagged,contact_pages,hello@basundari.com,hello@basundari.com,,,,valid=1; invalid=0; risky=0; unknown=0
14494,>30M,chatsdulez.org,yes,,,https://form.typeform.com/to/JhFFXSdK,0,,,no_public_email_found,not_flagged,contact_pages,,,,,,valid=0; invalid=0; risky=0; unknown=0
14495,>30M,debateville.org,yes,,,https://form.typeform.com/to/cWQvRwDJ ; https://form.typeform.com/to/dXmsVekX,0,,info@debateville.org,showing_email_candidates,not_flagged,contact_pages,info@debateville.org,,,,info@debateville.org,valid=0; invalid=0; risky=0; unknown=1
14496,>30M,wegnercreative.com,yes,,,https://embed.typeform.com/ ; https://form.typeform.com/to/JRjG3OkX,0,,,no_public_email_found,not_flagged,contact_pages,,,,,,valid=0; invalid=0; risky=0; unknown=0
14497,>30M,mindsetandmiles.com,yes,,,https://courtneysergeant.typeform.com/to/YIeRs5,0,,courtney.s.kessler@gmail.com,showing_email_candidates,not_flagged,contact_pages,,,,,,valid=0; invalid=0; risky=0; unknown=0
14498,>30M,belega-osaka.com,no,,,,0,,,no_public_email_found,not_flagged,contact_pages,,,,,,valid=0; invalid=0; risky=0; unknown=0
14499,>30M,delcoreelectric.com,no,,,https://delcoreelectric.typeform.com/,0,,john@smith.com ; sales@delcoreelectric.com,showing_email_candidates,not_flagged,contact_pages,sales@delcoreelectric.com,,,,sales@delcoreelectric.com,valid=0; invalid=0; risky=0; unknown=1
14500,>30M,nathanielrosen.com,no,,,,0,,,no_public_email_found,not_flagged,contact_pages,,,,,,valid=0; invalid=0; risky=0; unknown=0
14501,>30M,gpa-info.org,yes,,,https://r0tz77yih7z.typeform.com/to/ViZgvwO8,0,,gpa-favicon@0.5x.png,showing_email_candidates,not_flagged,contact_pages,,,,,,valid=0; invalid=0; risky=0; unknown=0
14502,>30M,ristorantedasogno.com,yes,,,https://images.typeform.com/ ; https://ristorantedasogno.typeform.com/to/MJ9dOhAp ; https://ristorantedasogno.typeform.com/to/StjiDhi5 ; https://ristorantedasogno.typeform.com/to/XsmhAynK,0,,ristorantedasogno@gmail.com,showing_email_candidates,not_flagged,contact_pages,,,,,,valid=0; invalid=0; risky=0; unknown=0
14503,>30M,worcestercollegementoring.org,no,,,,0,,,no_public_email_found,not_flagged,contact_pages,,,,,,valid=0; invalid=0; risky=0; unknown=0
14504,>30M,soldiersmom.net,yes,,,https://amar17.typeform.com/to/dGWgoK,0,,soldierzmom@gmail.com,showing_email_candidates,not_flagged,contact_pages,,,,,,valid=0; invalid=0; risky=0; unknown=0
14505,>30M,healthcoachcami.com,yes,,,,0,,,no_public_email_found,not_flagged,contact_pages,,,,,,valid=0; invalid=0; risky=0; unknown=0
14506,>30M,amandamizen.com,yes,,,https://amandamizen.typeform.com/to/fQ0BEV ; https://amandamizen.typeform.com/to/MfUa9v ; https://amandamizen.typeform.com/to/UicyqE,0,,,no_public_email_found,not_flagged,contact_pages,,,,,,valid=0; invalid=0; risky=0; unknown=0
14507,>30M,thevictoriao.com,no,,,,0,,hello@thevictoriao.com ; ovictorie@gmail.com,showing_email_candidates,not_flagged,contact_pages,hello@thevictoriao.com,hello@thevictoriao.com,,,,valid=1; invalid=0; risky=0; unknown=0
14508,>30M,suity.info,yes,,,https://nc2k5ehv4xo.typeform.com/to/A9wGnEEG,0,,,no_public_email_found,not_flagged,contact_pages,,,,,,valid=0; invalid=0; risky=0; unknown=0
14509,>30M,sherpasocialimpact.org,yes,,,,0,,,no_public_email_found,not_flagged,contact_pages,,,,,,valid=0; invalid=0; risky=0; unknown=0
14510,>30M,nataliecburrow.com,yes,,,https://xp94xnnn5cl.typeform.com/to/I7Jcp5w5,0,,,no_public_email_found,not_flagged,contact_pages,,,,,,valid=0; invalid=0; risky=0; unknown=0
14511,>30M,mynewmeaning.com,yes,,,https://goeco.typeform.com/to/rmS7Rf ; https://goeco.typeform.com/to/vTyKRN,0,,info@mynewmeaning.com ; info@new-meaning.org,showing_email_candidates,not_flagged,contact_pages,info@mynewmeaning.com,,,,info@mynewmeaning.com,valid=0; invalid=0; risky=0; unknown=1
14512,>30M,saashop.fi,no,,,,0,,asiakaspalvelu@saashop.fi,showing_email_candidates,not_flagged,contact_pages,,,,,,valid=0; invalid=0; risky=0; unknown=0
14513,>30M,siminailea.com,yes,,,,0,,,no_public_email_found,not_flagged,contact_pages,,,,,,valid=0; invalid=0; risky=0; unknown=0
14514,>30M,getdohq.com,yes,,,,0,,,no_public_email_found,not_flagged,contact_pages,,,,,,valid=0; invalid=0; risky=0; unknown=0
14515,>30M,emilysusanchambers.com,yes,,,https://emilychambers747412.typeform.com/to/CYp1Zf,0,,,no_public_email_found,not_flagged,contact_pages,,,,,,valid=0; invalid=0; risky=0; unknown=0
14516,>30M,corestorystudios.com,yes,,,https://quiz.typeform.com/to/VvDBIgVw,0,,office@corestorystudios.com,showing_email_candidates,not_flagged,contact_pages,office@corestorystudios.com,,,,office@corestorystudios.com,valid=0; invalid=0; risky=0; unknown=1
14517,>30M,inksearch.co,no,,,,0,,contact@inksearch.co ; example@inksearch.co,showing_email_candidates,not_flagged,contact_pages,contact@inksearch.co,contact@inksearch.co,,,,valid=1; invalid=0; risky=0; unknown=0
14518,>30M,adriandesign.co.uk,no,,,,0,,,no_public_email_found,not_flagged,contact_pages,,,,,,valid=0; invalid=0; risky=0; unknown=0
14519,>30M,leo-marchal.fr,no,,,,0,,contact@leo-marchal.fr,showing_email_candidates,not_flagged,contact_pages,contact@leo-marchal.fr,contact@leo-marchal.fr,,,,valid=1; invalid=0; risky=0; unknown=0
14520,>30M,fibroidtreatmentmiami.com,no,,,,0,,ft-miami-logo-white@4x-1024x811.png ; ft-miami-logo-white@4x-300x238.png ; ft-miami-logo-white@4x-768x608.png ; ft-miami-logo-white@4x.png,showing_email_candidates,not_flagged,contact_pages,,,,,,valid=0; invalid=0; risky=0; unknown=0
14521,>30M,tsujinouchi.com,no,,,,0,,,no_public_email_found,not_flagged,contact_pages,,,,,,valid=0; invalid=0; risky=0; unknown=0
14522,>30M,murakawa-naika.com,no,,,,0,,,no_public_email_found,not_flagged,contact_pages,,,,,,valid=0; invalid=0; risky=0; unknown=0
14523,>30M,authorswholead.com,yes,,,,0,,info@authorswholead.com,showing_email_candidates,not_flagged,contact_pages,info@authorswholead.com,,,,info@authorswholead.com,valid=0; invalid=0; risky=0; unknown=1
14524,>30M,roosterpub.com,no,,,https://b2bpos.typeform.com/,0,,contact@roosterpub.com,showing_email_candidates,not_flagged,contact_pages,contact@roosterpub.com,contact@roosterpub.com,,,,valid=1; invalid=0; risky=0; unknown=0
14525,>30M,bigdominomarketing.com,no,,,,0,,brian@bigdomino.co.za ; daniel@bigdomino.co.za ; deanna@bigdomino.co.za ; info@bigdomino.co.za ; nico@bigdomino.co.za,showing_email_candidates,not_flagged,contact_pages,,,,,,valid=0; invalid=0; risky=0; unknown=0
14526,>30M,orgasmicmillionaires.com,yes,,,https://katstwrtetschka.typeform.com/to/NLicag,0,,kat@tigermove.com ; team@orgasmicmillionaires.com,showing_email_candidates,not_flagged,contact_pages,team@orgasmicmillionaires.com,,,,team@orgasmicmillionaires.com,valid=0; invalid=0; risky=0; unknown=1
14527,>30M,gotchamama.com,no,,,,0,,,no_public_email_found,not_flagged,contact_pages,,,,,,valid=0; invalid=0; risky=0; unknown=0
14528,>30M,oystertasting.com,yes,,,https://embed.typeform.com/ ; https://oystertasting.typeform.com/to/Pf1dIe,0,,,no_public_email_found,not_flagged,contact_pages,,,,,,valid=0; invalid=0; risky=0; unknown=0
14529,>30M,invisalign-smilesquad.com,yes,,,,0,,,no_public_email_found,not_flagged,contact_pages,,,,,,valid=0; invalid=0; risky=0; unknown=0
14530,>30M,invisalign-smile-squad.com,yes,,,,0,,,no_public_email_found,not_flagged,contact_pages,,,,,,valid=0; invalid=0; risky=0; unknown=0
14531,>30M,mzsnellville.com,yes,,,https://db1tymv1686.typeform.com/to/gKgD3THd,0,,info@mzsnellville.com ; ministry_designs@events.frontend,showing_email_candidates,not_flagged,contact_pages,info@mzsnellville.com,,,,info@mzsnellville.com,valid=0; invalid=0; risky=0; unknown=1
14532,>30M,lenalivinsky.com,yes,,,https://admin.typeform.com/ ; https://form.typeform.com/to/CleTGRP0,0,,info@lenalivinsky.com,showing_email_candidates,not_flagged,contact_pages,info@lenalivinsky.com,,,,info@lenalivinsky.com,valid=0; invalid=0; risky=0; unknown=1
14533,>30M,astroaccelerator.com,no,,,,0,,core@3.27.0 ; styles@1.4.1,showing_email_candidates,not_flagged,contact_pages,,,,,,valid=0; invalid=0; risky=0; unknown=0
14534,>30M,rtmk12.com,no,,,,0,,info@rtmbusinessgroup.com,showing_email_candidates,not_flagged,contact_pages,,,,,,valid=0; invalid=0; risky=0; unknown=0
14535,>30M,fastloom.com,yes,,,,0,,,no_public_email_found,not_flagged,contact_pages,,,,,,valid=0; invalid=0; risky=0; unknown=0
14536,>30M,rethinkcompliancecode.com,no,,,,0,,,no_public_email_found,not_flagged,contact_pages,,,,,,valid=0; invalid=0; risky=0; unknown=0
14537,>30M,nmjministries.com,no,,,https://embed.typeform.com/,0,,nmjministry@gmail.com,showing_email_candidates,not_flagged,contact_pages,,,,,,valid=0; invalid=0; risky=0; unknown=0
14538,>30M,kbrooksds.com,no,,,,0,,,no_public_email_found,not_flagged,contact_pages,,,,,,valid=0; invalid=0; risky=0; unknown=0
14539,>30M,alexgalvezmd.com,yes,,,https://galvezmd.typeform.com/to/vWb08t,0,,info@bcplastics.org,showing_email_candidates,not_flagged,contact_pages,,,,,,valid=0; invalid=0; risky=0; unknown=0
14540,>30M,digitalthinkinc.com,yes,,,https://form.typeform.com/to/OMyGODA4,0,,,no_public_email_found,not_flagged,contact_pages,,,,,,valid=0; invalid=0; risky=0; unknown=0
14541,>30M,beamcollaborative.org,no,,,https://y2dbsj9dnxv.typeform.com/,0,,james.myers@beamcollaborative.org ; jayme.holloway@beamcollaborative.org,showing_email_candidates,not_flagged,contact_pages,,,,,,valid=0; invalid=0; risky=0; unknown=0
14542,>30M,numina.community,yes,,,https://embed.typeform.com/ ; https://numina.typeform.com/to/UIpF4Q,0,,contact@numina.community,showing_email_candidates,not_flagged,contact_pages,contact@numina.community,,contact@numina.community,,,valid=0; invalid=1; risky=0; unknown=0
14543,>30M,mizuki-shiatsu.com,no,,,,0,,,no_public_email_found,not_flagged,contact_pages,,,,,,valid=0; invalid=0; risky=0; unknown=0
14544,>30M,nexviazyme.com,no,,,,0,,,no_public_email_found,not_flagged,contact_pages,,,,,,valid=0; invalid=0; risky=0; unknown=0
14545,>30M,icietdemain.com,yes,,,,0,,,no_public_email_found,not_flagged,contact_pages,,,,,,valid=0; invalid=0; risky=0; unknown=0
14546,>30M,tee-e.com,no,,,,0,,,no_public_email_found,not_flagged,contact_pages,,,,,,valid=0; invalid=0; risky=0; unknown=0
14547,>30M,cosmepoli.com,yes,,,,0,,,no_public_email_found,not_flagged,contact_pages,,,,,,valid=0; invalid=0; risky=0; unknown=0
14548,>30M,nordicoil.fr,yes,,,https://nordic.typeform.com/to/J4jflW5D,0,,bootstrap@5.1.3 ; info@nordicoil.fr ; info@stagheaddesigns.com ; nordic-oil-logo-web_230x@2x.webp,showing_email_candidates,not_flagged,contact_pages,info@nordicoil.fr,,,,info@nordicoil.fr,valid=0; invalid=0; risky=0; unknown=1
14549,>30M,oilcity.news,yes,,,https://form.typeform.com/to/sfydtMFe ; https://publisher713175.typeform.com/to/Ac34FmwU ; https://publisher713175.typeform.com/to/AxWEVGkZ ; https://publisher713175.typeform.com/to/bNtAT8A6,0,,dan@oilcity.news ; editor@oilcity.news ; greg@oilcity.news ; news@oilcity.news ; nick@oilcity.news ; oilcityads@gmail.com ; shawn@oilcity.news ; tommy@oilcity.news,showing_email_candidates,not_flagged,contact_pages,editor@oilcity.news,editor@oilcity.news,,,,valid=1; invalid=0; risky=0; unknown=0
14550,>30M,ckmao.club,yes,,,,0,,,no_public_email_found,not_flagged,contact_pages,,,,,,valid=0; invalid=0; risky=0; unknown=0
14551,>30M,reasonautomation.com,no,,,,0,,react-dom@18.3.1 ; react@18.3.1,showing_email_candidates,not_flagged,contact_pages,,,,,,valid=0; invalid=0; risky=0; unknown=0
14552,>30M,militaryearplug.com,yes,,,https://attorneys.typeform.com/to/uHg8OA ; https://embed.typeform.com/,0,,andrew@cobos.law,showing_email_candidates,not_flagged,contact_pages,,,,,,valid=0; invalid=0; risky=0; unknown=0
14553,>30M,attuneneuro.com,no,,,,0,,,no_public_email_found,not_flagged,contact_pages,,,,,,valid=0; invalid=0; risky=0; unknown=0
14554,>30M,perintistimbanganindonesia.com,no,,,,0,,,no_public_email_found,not_flagged,contact_pages,,,,,,valid=0; invalid=0; risky=0; unknown=0
14555,>30M,thequiddityhub.com,yes,,,https://alisondutoit.typeform.com/to/X6oiNo,0,,alison@thequiddityhub.com,showing_email_candidates,not_flagged,contact_pages,,,,,,valid=0; invalid=0; risky=0; unknown=0
14556,>30M,ktwrites.online,yes,,,https://4xazz7p68jm.typeform.com/to/tWz5YUPh,0,,,no_public_email_found,not_flagged,contact_pages,,,,,,valid=0; invalid=0; risky=0; unknown=0
14557,>30M,rmt-insurance.com,yes,,,,0,,,no_public_email_found,not_flagged,contact_pages,,,,,,valid=0; invalid=0; risky=0; unknown=0
14558,>30M,cecileneuville.com,no,,,,0,,,no_public_email_found,not_flagged,contact_pages,,,,,,valid=0; invalid=0; risky=0; unknown=0
14559,>30M,paintandjam.com,yes,,,https://l6bi5jpo7xw.typeform.com/to/SOnzP03i,0,,paintandjam@gmail.com ; party@paintandjam.com,showing_email_candidates,not_flagged,contact_pages,,,,,,valid=0; invalid=0; risky=0; unknown=0
14560,>30M,mainascent.com,no,,,,0,,carolyn@mainascent.com ; divo@mainascent.com ; douglas.matthews@mainascent.com ; info@mainascent.com ; ken.palmen@mainascent.com ; martha@mainascent.com ; matt.carle@mainascent.com ; matt@mainascent.com ; scott@mainascent.com,showing_email_candidates,not_flagged,contact_pages,info@mainascent.com,,,,info@mainascent.com,valid=0; invalid=0; risky=0; unknown=1
14561,>30M,medicabo-pflege.de,yes,,,https://bekasmedia.typeform.com/to/W4750Z,0,,info@medicabo-pflege.de,showing_email_candidates,not_flagged,contact_pages,info@medicabo-pflege.de,,,,info@medicabo-pflege.de,valid=0; invalid=0; risky=0; unknown=1
14562,>30M,slideminds.com,yes,,,,0,,hey@slideminds.com,showing_email_candidates,not_flagged,contact_pages,,,,,,valid=0; invalid=0; risky=0; unknown=0
14563,>30M,zionconsultingteam.com,yes,,,https://9ohkl481p8v.typeform.com/to/FazA6Bhn ; https://9ohkl481p8v.typeform.com/to/rFa835eO,0,,elizabeth@zionconsultingteam.com ; hello@zionconsultingteam.com,showing_email_candidates,not_flagged,contact_pages,hello@zionconsultingteam.com,hello@zionconsultingteam.com,,,,valid=1; invalid=0; risky=0; unknown=0
14564,>30M,arketype.cloud,no,,,,0,,info@arketype.cloud,showing_email_candidates,not_flagged,contact_pages,info@arketype.cloud,,,,info@arketype.cloud,valid=0; invalid=0; risky=0; unknown=1
14565,>30M,richmondlgbtqchamber.org,no,,,,0,,,no_public_email_found,not_flagged,contact_pages,,,,,,valid=0; invalid=0; risky=0; unknown=0
14566,>30M,truckersins.net,yes,,,https://vbatgknqgf9.typeform.com/to/BwHWeUQy,0,,info@truckersins.net,showing_email_candidates,not_flagged,contact_pages,info@truckersins.net,,,,info@truckersins.net,valid=0; invalid=0; risky=0; unknown=1
14567,>30M,middlesbroughmoneyman.com,no,,,,0,,,no_public_email_found,not_flagged,contact_pages,,,,,,valid=0; invalid=0; risky=0; unknown=0
14568,>30M,assurancefamilypartners.com,yes,,,https://d2b76ly5jt2.typeform.com/to/o3aFDi2A,0,,,no_public_email_found,not_flagged,contact_pages,,,,,,valid=0; invalid=0; risky=0; unknown=0
14569,>30M,bayitbrigade.org,yes,,,https://form.typeform.com/to/P77JDUtb,0,,tamar@bayitbrigade.org,showing_email_candidates,not_flagged,contact_pages,,,,,,valid=0; invalid=0; risky=0; unknown=0
14570,>30M,elevatewithj.com,no,,,https://yamo4s8hriq.typeform.com/to/ioRC1bVk,0,,elevatewithj@gmail.com,showing_email_candidates,not_flagged,contact_pages,,,,,,valid=0; invalid=0; risky=0; unknown=0
14571,>30M,ampl.works,yes,,,,0,,,no_public_email_found,not_flagged,contact_pages,,,,,,valid=0; invalid=0; risky=0; unknown=0
14572,>30M,thehrally.com,yes,,,,0,,,no_public_email_found,not_flagged,contact_pages,,,,,,valid=0; invalid=0; risky=0; unknown=0
14573,>30M,octolumi.com,yes,,,https://1pt5un00sfw.typeform.com/to/ijPOTXTh,0,,hello@octolumi.com,showing_email_candidates,not_flagged,contact_pages,hello@octolumi.com,,hello@octolumi.com,,,valid=0; invalid=1; risky=0; unknown=0
14574,>30M,centralstationmemphis.com,no,,,https://embed.typeform.com/,0,,inquire@centralstationmemphis.com,showing_email_candidates,not_flagged,contact_pages,,,,,,valid=0; invalid=0; risky=0; unknown=0
14575,>30M,ampnet.io,yes,,,https://v3zku8ynnkv.typeform.com/to/oJw4bS1v,0,,info@ampnet.io,showing_email_candidates,not_flagged,contact_pages,info@ampnet.io,,,,info@ampnet.io,valid=0; invalid=0; risky=0; unknown=1
14576,>30M,planswill.com,yes,,,https://planswill.typeform.com/to/qu4DFo,0,,,no_public_email_found,not_flagged,contact_pages,,,,,,valid=0; invalid=0; risky=0; unknown=0
14577,>30M,yvantenekeu.com,no,,,,0,,contact@yvantenekeu.com ; contact@yvanyenekeu.com ; tenekeucabrel@gmail.com,showing_email_candidates,not_flagged,contact_pages,contact@yvantenekeu.com,contact@yvantenekeu.com,,,,valid=1; invalid=0; risky=0; unknown=0
14578,>30M,learnwithanu.com,no,,,,0,,,no_public_email_found,not_flagged,contact_pages,,,,,,valid=0; invalid=0; risky=0; unknown=0
14579,>30M,isabelleschuerbeke.com,yes,,,,0,,,no_public_email_found,not_flagged,contact_pages,,,,,,valid=0; invalid=0; risky=0; unknown=0
14580,>30M,customboxesshop.com,no,,,,0,,admin@customboxesshop.com ; bootstrap-icons@1.10.5 ; bootstrap-icons@1.11.1 ; bootstrap-icons@1.11.3 ; bootstrap@5.3.2 ; bootstrap@5.3.3 ; slick-carousel@1.8.1,showing_email_candidates,not_flagged,contact_pages,admin@customboxesshop.com,admin@customboxesshop.com,,,,valid=1; invalid=0; risky=0; unknown=0
14581,>30M,barmistela.com,yes,,,https://97imc7brsm6.typeform.com/to/Xq4ox1Ws,0,,info@barmistela.com ; lottie-player@1.5.7 ; slick-carousel@1.8.1,showing_email_candidates,not_flagged,contact_pages,info@barmistela.com,,,,info@barmistela.com,valid=0; invalid=0; risky=0; unknown=1
14582,>30M,custompackagingboxesco.com,no,,,,0,,admin@custompackagingboxesco.com ; bootstrap-icons@1.10.5 ; bootstrap-icons@1.11.1 ; bootstrap@5.3.2 ; bootstrap@5.3.3 ; slick-carousel@1.8.1,showing_email_candidates,not_flagged,contact_pages,admin@custompackagingboxesco.com,admin@custompackagingboxesco.com,,,,valid=1; invalid=0; risky=0; unknown=0
14583,>30M,keendrivenheart.com,yes,,,https://form.typeform.com/to/B0uZKDnp,0,,,no_public_email_found,not_flagged,contact_pages,,,,,,valid=0; invalid=0; risky=0; unknown=0
14584,>30M,compagniedustreetfood.com,yes,,,,0,,,no_public_email_found,not_flagged,contact_pages,,,,,,valid=0; invalid=0; risky=0; unknown=0
14585,>30M,mquality.be,no,,,,0,,info@mquality.be,showing_email_candidates,not_flagged,contact_pages,info@mquality.be,,,,info@mquality.be,valid=0; invalid=0; risky=0; unknown=1
14586,>30M,floorsandingcentralcoastnsw.com.au,yes,,,,0,,,no_public_email_found,not_flagged,contact_pages,,,,,,valid=0; invalid=0; risky=0; unknown=0
14587,>30M,productmarketingalliance.com,no,,,,0,,content-api@1.11.17 ; search-insights@2.16.3 ; support@productmarketingalliance.com,showing_email_candidates,not_flagged,contact_pages,support@productmarketingalliance.com,,,,support@productmarketingalliance.com,valid=0; invalid=0; risky=0; unknown=1
14588,>30M,matthiasflinterhoff.com,no,,,,0,,,no_public_email_found,not_flagged,contact_pages,,,,,,valid=0; invalid=0; risky=0; unknown=0
14589,>30M,managementoxique.com,yes,,,https://embed.typeform.com/ ; https://form.typeform.com/to/OdsMZMt0,0,,hello@managementoxique.com ; popper.js@1.16.1,showing_email_candidates,not_flagged,contact_pages,hello@managementoxique.com,,hello@managementoxique.com,,,valid=0; invalid=1; risky=0; unknown=0
14590,>30M,ilyinc.com,yes,,,https://ilyinc.typeform.com/to/drX808,0,,hello-ily@ilyinc.com,showing_email_candidates,not_flagged,contact_pages,hello-ily@ilyinc.com,hello-ily@ilyinc.com,,,,valid=1; invalid=0; risky=0; unknown=0
14591,>30M,iksorteerinmijnbedrijf.be,no,,,,0,,communication@valipac.be,showing_email_candidates,not_flagged,contact_pages,,,,,,valid=0; invalid=0; risky=0; unknown=0
14592,>30M,nerdproductivity.com,no,,,,0,,hello@nerdproductivity.com,showing_email_candidates,not_flagged,contact_pages,hello@nerdproductivity.com,hello@nerdproductivity.com,,,,valid=1; invalid=0; risky=0; unknown=0
14593,>30M,kubiconnect.com,yes,,,,0,,,no_public_email_found,not_flagged,contact_pages,,,,,,valid=0; invalid=0; risky=0; unknown=0
14594,>30M,aoi-butsuryu.com,no,,,,0,,,no_public_email_found,not_flagged,contact_pages,,,,,,valid=0; invalid=0; risky=0; unknown=0
14595,>30M,madewithnocode.com,no,,,,0,,,no_public_email_found,not_flagged,contact_pages,,,,,,valid=0; invalid=0; risky=0; unknown=0
14596,>30M,therapie-esskuchen.de,no,,,,0,,info@therapie-esskuchen.de,showing_email_candidates,not_flagged,contact_pages,info@therapie-esskuchen.de,,,,info@therapie-esskuchen.de,valid=0; invalid=0; risky=0; unknown=1
14597,>30M,crossfitfrankton.fr,no,,,,0,,club@crossfitfrankton.fr ; contact@crossfitfrankton.fr,showing_email_candidates,not_flagged,contact_pages,contact@crossfitfrankton.fr,contact@crossfitfrankton.fr,,,,valid=1; invalid=0; risky=0; unknown=0
14598,>30M,layourtefrancaise.fr,yes,,,https://0o5uppm5hdg.typeform.com/to/KL6qiBAc,0,,,no_public_email_found,not_flagged,contact_pages,,,,,,valid=0; invalid=0; risky=0; unknown=0
14599,>30M,automate-me.co,yes,,,https://automate-me.typeform.com/to/Zj9OOV4r ; https://embed.typeform.com/,0,,,no_public_email_found,not_flagged,contact_pages,,,,,,valid=0; invalid=0; risky=0; unknown=0
14600,>30M,jacquesjulien.com,yes,,,,0,,contact@jacquesjulien.com,showing_email_candidates,not_flagged,contact_pages,contact@jacquesjulien.com,contact@jacquesjulien.com,,,,valid=1; invalid=0; risky=0; unknown=0
14601,>30M,fullswingpr.com,no,,,,0,,,no_public_email_found,not_flagged,contact_pages,,,,,,valid=0; invalid=0; risky=0; unknown=0
14602,>30M,i360-llc.com,no,,,,0,,hello@i360-llc.com,showing_email_candidates,not_flagged,contact_pages,hello@i360-llc.com,hello@i360-llc.com,,,,valid=1; invalid=0; risky=0; unknown=0
14603,>30M,mccormickmusiclessons.com,yes,,,https://embed.typeform.com/,0,,,no_public_email_found,not_flagged,contact_pages,,,,,,valid=0; invalid=0; risky=0; unknown=0
14604,>30M,cocoabutterandhairgrease.com,yes,,,https://annodright.typeform.com/to/kjo76X,0,,thecbhg@annodright.com,showing_email_candidates,not_flagged,contact_pages,,,,,,valid=0; invalid=0; risky=0; unknown=0
14605,>30M,maic.co,yes,,,,0,,,no_public_email_found,not_flagged,contact_pages,,,,,,valid=0; invalid=0; risky=0; unknown=0
14606,>30M,cafedelagarerosemere.com,no,,,,0,,,no_public_email_found,not_flagged,contact_pages,,,,,,valid=0; invalid=0; risky=0; unknown=0
14607,>30M,squeezoid.com,yes,,,,0,,,no_public_email_found,not_flagged,contact_pages,,,,,,valid=0; invalid=0; risky=0; unknown=0
14608,>30M,stclairfamilydentistry.com,no,,,,0,,,no_public_email_found,not_flagged,contact_pages,,,,,,valid=0; invalid=0; risky=0; unknown=0
14609,>30M,dogparkfencing.com,yes,,,,0,,sales@gymsfordogs.com,showing_email_candidates,not_flagged,contact_pages,,,,,,valid=0; invalid=0; risky=0; unknown=0
14610,>30M,powrdnutrition.com,yes,,,https://lexi123639.typeform.com/to/lTPKJJqr,0,,,no_public_email_found,not_flagged,contact_pages,,,,,,valid=0; invalid=0; risky=0; unknown=0
14611,>30M,nicgaumond.com,yes,,,https://cji2drbvb0k.typeform.com/to/i2SMhvWD,0,,,no_public_email_found,not_flagged,contact_pages,,,,,,valid=0; invalid=0; risky=0; unknown=0
14612,>30M,reformaszaragozajrc.com,no,,,,0,,,no_public_email_found,not_flagged,contact_pages,,,,,,valid=0; invalid=0; risky=0; unknown=0
14613,>30M,incareer.it,yes,,,,0,,,no_public_email_found,not_flagged,contact_pages,,,,,,valid=0; invalid=0; risky=0; unknown=0
14614,>30M,cohabit.ca,no,,,,0,,,no_public_email_found,not_flagged,contact_pages,,,,,,valid=0; invalid=0; risky=0; unknown=0
14615,>30M,pizzaessentials.com,no,,,,0,,hello@pizzaessentials.com ; keen-slider@6.8.5 ; social@pizzaessentials.com,showing_email_candidates,not_flagged,contact_pages,hello@pizzaessentials.com,hello@pizzaessentials.com,,,,valid=1; invalid=0; risky=0; unknown=0
14616,>30M,thesealeddeal.com,yes,,,,0,,,no_public_email_found,not_flagged,contact_pages,,,,,,valid=0; invalid=0; risky=0; unknown=0
14617,>30M,marivalemotions.com,yes,,,,0,,bundle@1.2.1,showing_email_candidates,not_flagged,contact_pages,,,,,,valid=0; invalid=0; risky=0; unknown=0
14618,>30M,growthbysabir.com,no,,,https://embed.typeform.com/,0,,,no_public_email_found,not_flagged,contact_pages,,,,,,valid=0; invalid=0; risky=0; unknown=0
14619,>30M,deleonservice.com,yes,,,https://deleonservice.typeform.com/to/St4aOV ; https://embed.typeform.com/,0,,construction-logo-188-1-1da79327-9e1f-4938-ac06-a1687f46a629@2x.png ; construction-menu-divider-5-173b49e2-2211-4b30-b33a-aff9094a3c5e@2x.png ; decal-and-designs-logo-188-1-98fa2037-9dfb-492c-8586-f5d91bb7956b@2x.png ; index-bitmap-0f9fc0f1-2aac-402e-aa7b-fd387a15f4f8@2x.png ; index-bitmap-21e533dc-b286-415d-83ed-d63bd29f4fc2@2x.png ; index-d287101500x500-0919cc0f-8272-447a-a183-77e1b6c0601b@2x.png ; index-dewalt-heor-img-af68ba3f-dce4-468f-a649-eb5f678ac3f2@2x.png ; index-dwm120k1500x500-5b76ddab-344c-4cba-9391-ea1f916d17fa@2x.png,showing_email_candidates,not_flagged,contact_pages,,,,,,valid=0; invalid=0; risky=0; unknown=0
14620,>30M,imaware.health,yes,,,https://uwsbmdlty5v.typeform.com/to/zC47OQfT,0,,js-cookie@2.2.1 ; press@imaware.health ; sales@imaware.health ; support@imaware.health,showing_email_candidates,not_flagged,contact_pages,press@imaware.health ; sales@imaware.health ; support@imaware.health,,,,press@imaware.health ; sales@imaware.health ; support@imaware.health,valid=0; invalid=0; risky=0; unknown=3
14621,>30M,romediadigital.com,yes,,,https://exbmk045ci4.typeform.com/to/OlDSx7Sf,0,,contact@romediadigital.com,showing_email_candidates,not_flagged,contact_pages,contact@romediadigital.com,contact@romediadigital.com,,,,valid=1; invalid=0; risky=0; unknown=0
14622,>30M,introvertvaclub.com,no,,,,0,,,no_public_email_found,not_flagged,contact_pages,,,,,,valid=0; invalid=0; risky=0; unknown=0
14623,>30M,servigasdelnorte.com,no,,,,0,,contacto@servigasdelnorte.com,showing_email_candidates,not_flagged,contact_pages,,,,,,valid=0; invalid=0; risky=0; unknown=0
14624,>30M,escapespy.com,yes,,,,0,,,no_public_email_found,not_flagged,contact_pages,,,,,,valid=0; invalid=0; risky=0; unknown=0
14625,>30M,mywashingtonacademy.com,yes,,,,0,,,no_public_email_found,not_flagged,contact_pages,,,,,,valid=0; invalid=0; risky=0; unknown=0
14626,>30M,msvbroker.com,no,,,,0,,clientes@msvbroker.os,showing_email_candidates,not_flagged,contact_pages,,,,,,valid=0; invalid=0; risky=0; unknown=0
14627,>30M,renaultcreon.com,yes,,,https://embed.typeform.com/ ; https://hello799367.typeform.com/to/q4V7WY,0,,admin@renaultcreon.fr,showing_email_candidates,not_flagged,contact_pages,,,,,,valid=0; invalid=0; risky=0; unknown=0
14628,>30M,thesovereignsyndicate.com,yes,,,https://form.typeform.com/to/yolaWM1K,0,,,no_public_email_found,not_flagged,contact_pages,,,,,,valid=0; invalid=0; risky=0; unknown=0
14629,>30M,ricardogorski.com,no,,,https://taxone.typeform.com/to/zxDHrY0M,0,,,no_public_email_found,not_flagged,contact_pages,,,,,,valid=0; invalid=0; risky=0; unknown=0
14630,>30M,parkrealestate.ca,yes,,,,0,,,no_public_email_found,not_flagged,contact_pages,,,,,,valid=0; invalid=0; risky=0; unknown=0
14631,>30M,reimcapital.com,no,,,,0,,,no_public_email_found,not_flagged,contact_pages,,,,,,valid=0; invalid=0; risky=0; unknown=0
14632,>30M,vivifywellnessatavenues.com,yes,,,https://form.typeform.com/to/E7CtgQHm,0,,info@vivifywellnessatavenues.com,showing_email_candidates,not_flagged,contact_pages,info@vivifywellnessatavenues.com,,,,info@vivifywellnessatavenues.com,valid=0; invalid=0; risky=0; unknown=1
14633,>30M,inspiritai.com,no,,,,0,,adeesh@inspiritai.com ; adeeshdg@inspiritai.com ; contact@inspiritai.com ; jared@inspiritai.com ; maddie@inspiritai.com ; maddiebradshaw@inspiritai.com,showing_email_candidates,not_flagged,contact_pages,contact@inspiritai.com,contact@inspiritai.com,,,,valid=1; invalid=0; risky=0; unknown=0
14634,>30M,cuubstudio.com,yes,,,https://research.typeform.com/to/d5SVcDHm,0,,alina@cuubstudio.com ; bohdan@cuubstudio.com ; hello@cuubstudio.com ; hr@cuubstudio.com ; marketing@cuubstudio.com,showing_email_candidates,not_flagged,contact_pages,hello@cuubstudio.com ; hr@cuubstudio.com ; marketing@cuubstudio.com,hello@cuubstudio.com ; hr@cuubstudio.com,,,marketing@cuubstudio.com,valid=2; invalid=0; risky=0; unknown=1
14635,>30M,illusion.ly,yes,,,https://dto.typeform.com/to/Gzu5XU,0,,,no_public_email_found,not_flagged,contact_pages,,,,,,valid=0; invalid=0; risky=0; unknown=0
14636,>30M,orlacomunicacao.com.br,no,,,,0,,,no_public_email_found,not_flagged,contact_pages,,,,,,valid=0; invalid=0; risky=0; unknown=0
14637,>30M,epitech.bj,yes,,,,0,,,no_public_email_found,not_flagged,contact_pages,,,,,,valid=0; invalid=0; risky=0; unknown=0
14638,>30M,katjamichalek.de,yes,,,,0,,hallo@katjamichalek.com ; privacy@calendly.com ; privacy@vimeo.com,showing_email_candidates,not_flagged,contact_pages,,,,,,valid=0; invalid=0; risky=0; unknown=0
14639,>30M,womenindso.org,yes,,,https://form.typeform.com/to/i0u5MmUh ; https://form.typeform.com/to/qsey4XdS,0,,eben@eyebytes.com,showing_email_candidates,not_flagged,contact_pages,,,,,,valid=0; invalid=0; risky=0; unknown=0
14640,>30M,freelance-indexers.com,no,,,,0,,,no_public_email_found,not_flagged,contact_pages,,,,,,valid=0; invalid=0; risky=0; unknown=0
14641,>30M,healthstudiolabs.com,no,,,,0,,,no_public_email_found,not_flagged,contact_pages,,,,,,valid=0; invalid=0; risky=0; unknown=0
14642,>30M,tercioagency.com,yes,,,https://form.typeform.com/to/LcZVMW4n,0,,hola@tercioagency.com,showing_email_candidates,not_flagged,contact_pages,,,,,,valid=0; invalid=0; risky=0; unknown=0
14643,>30M,gg2s.org,yes,,,https://submissionforms.typeform.com/to/IudLl6,0,,ljdnichols@gmail.com,showing_email_candidates,not_flagged,contact_pages,,,,,,valid=0; invalid=0; risky=0; unknown=0
14644,>30M,7x24centralvirginiachapter.org,no,,,,0,,,no_public_email_found,not_flagged,contact_pages,,,,,,valid=0; invalid=0; risky=0; unknown=0
14645,>30M,joypepper.co,no,,,,0,,blog@2x.jpg ; book@2x.jpg ; radost@joypepper.co ; radostina.g.georgieva@gmail.com,showing_email_candidates,not_flagged,contact_pages,,,,,,valid=0; invalid=0; risky=0; unknown=0
14646,>30M,heimatnomadinpotentials.com,yes,,,,0,,,no_public_email_found,not_flagged,contact_pages,,,,,,valid=0; invalid=0; risky=0; unknown=0
14647,>30M,activepacket.org,no,,,,0,,support@activepacket.com,showing_email_candidates,not_flagged,contact_pages,,,,,,valid=0; invalid=0; risky=0; unknown=0
14648,>30M,bilingualjokes.com,yes,,,https://juliachen.typeform.com/to/kqTaI6GC ; https://juliachen.typeform.com/to/SeqItJ,0,,,no_public_email_found,not_flagged,contact_pages,,,,,,valid=0; invalid=0; risky=0; unknown=0
14649,>30M,arigatovideos.com,yes,,,https://arigatovideos.typeform.com/to/FHkJwp,0,,info@arigatostudio.com,showing_email_candidates,not_flagged,contact_pages,,,,,,valid=0; invalid=0; risky=0; unknown=0
14650,>30M,delbitalstring.com,no,,,,0,,,no_public_email_found,not_flagged,contact_pages,,,,,,valid=0; invalid=0; risky=0; unknown=0
14651,>30M,revue-fiduciaire.com,yes,,,https://form.typeform.com/to/Qt0Re1HE,0,,bootstrap@5.1.3 ; contact@grouperf.com ; librairie@grouperf.com ; swiper@8.1.0,showing_email_candidates,not_flagged,contact_pages,,,,,,valid=0; invalid=0; risky=0; unknown=0
14652,>30M,texasfhc.com,no,,,,0,,,no_public_email_found,not_flagged,contact_pages,,,,,,valid=0; invalid=0; risky=0; unknown=0
14653,>30M,uliurbanplanmentoring.org,no,,,,0,,,no_public_email_found,not_flagged,contact_pages,,,,,,valid=0; invalid=0; risky=0; unknown=0
14654,>30M,eventstaurant.com,no,,,,0,,,no_public_email_found,not_flagged,contact_pages,,,,,,valid=0; invalid=0; risky=0; unknown=0
14655,>30M,corebapp.com,no,,,,0,,,no_public_email_found,not_flagged,contact_pages,,,,,,valid=0; invalid=0; risky=0; unknown=0
14656,>30M,klostersanktgeorgen.ch,no,,,,0,,klostermuseum@bak.admin.ch,showing_email_candidates,not_flagged,contact_pages,,,,,,valid=0; invalid=0; risky=0; unknown=0
14657,>30M,lawfinitysolutions.com,yes,,,,0,,prachi@lawfinitysolutions.com,showing_email_candidates,not_flagged,contact_pages,,,,,,valid=0; invalid=0; risky=0; unknown=0
14658,>30M,scootmobielaanvragen.nl,yes,,,https://embed.typeform.com/ ; https://form.typeform.com/to/jXleNKMD,0,,,no_public_email_found,not_flagged,contact_pages,,,,,,valid=0; invalid=0; risky=0; unknown=0
14659,>30M,coachmultiplier.com,yes,,,https://digiscape.typeform.com/to/Lz0tO4 ; https://embed.typeform.com/,0,,,no_public_email_found,not_flagged,contact_pages,,,,,,valid=0; invalid=0; risky=0; unknown=0
14660,>30M,stadium-avenue.com,no,,,https://images.typeform.com/,0,,contact@stadium-avenue.com ; fichier-5@2x.png,showing_email_candidates,not_flagged,contact_pages,contact@stadium-avenue.com,,contact@stadium-avenue.com,,,valid=0; invalid=1; risky=0; unknown=0
14661,>30M,tidalwaveroofing.com,no,,,,0,,contact@tidalwaveroofing.com,showing_email_candidates,not_flagged,contact_pages,contact@tidalwaveroofing.com,contact@tidalwaveroofing.com,,,,valid=1; invalid=0; risky=0; unknown=0
14662,>30M,colombiavcit.com,yes,,,,0,,,no_public_email_found,not_flagged,contact_pages,,,,,,valid=0; invalid=0; risky=0; unknown=0
14663,>30M,fujikokagaya.com,no,,,,0,,,no_public_email_found,not_flagged,contact_pages,,,,,,valid=0; invalid=0; risky=0; unknown=0
14664,>30M,potdoctornewyork.com,yes,,,,0,,,no_public_email_found,not_flagged,contact_pages,,,,,,valid=0; invalid=0; risky=0; unknown=0
14665,>30M,aelbers.pl,no,,,,0,,,no_public_email_found,not_flagged,contact_pages,,,,,,valid=0; invalid=0; risky=0; unknown=0
14666,>30M,5t4n5.com,no,,,,0,,,no_public_email_found,not_flagged,contact_pages,,,,,,valid=0; invalid=0; risky=0; unknown=0
14667,>30M,e6kdonation.com,no,,,,0,,,no_public_email_found,not_flagged,contact_pages,,,,,,valid=0; invalid=0; risky=0; unknown=0
14668,>30M,cre100do.org,yes,,,https://info421279.typeform.com/to/ZGgQFnCm,0,,,no_public_email_found,not_flagged,contact_pages,,,,,,valid=0; invalid=0; risky=0; unknown=0
14669,>30M,valuecapinc.com,no,,,,0,,,no_public_email_found,not_flagged,contact_pages,,,,,,valid=0; invalid=0; risky=0; unknown=0
14670,>30M,roxyvivien.com,no,,,,0,,,no_public_email_found,not_flagged,contact_pages,,,,,,valid=0; invalid=0; risky=0; unknown=0
14671,>30M,severini-patrimoine.com,no,,,,0,,,no_public_email_found,not_flagged,contact_pages,,,,,,valid=0; invalid=0; risky=0; unknown=0
14672,>30M,smartcitykitchens.com,no,,,,0,,flags@2x-9d5328fb490cddd43f6698012123404b.png ; sales@smartcitykitchens.com,showing_email_candidates,not_flagged,contact_pages,sales@smartcitykitchens.com,,,,sales@smartcitykitchens.com,valid=0; invalid=0; risky=0; unknown=1
14673,>30M,dzinly.com,no,,,,0,,,no_public_email_found,not_flagged,contact_pages,,,,,,valid=0; invalid=0; risky=0; unknown=0
14674,>30M,affirmationbabe.com,yes,,,https://unapologetic.typeform.com/ ; https://unapologetic.typeform.com/to/ZLjvuvpn,0,,cleanshot-2022-01-13-at-17.57.13@2x.png,showing_email_candidates,not_flagged,contact_pages,,,,,,valid=0; invalid=0; risky=0; unknown=0
14675,>30M,trevonwinfield.com,yes,,,https://envodigital.typeform.com/to/ODrdudRQ ; https://trevonwinfieldbooking.typeform.com/to/s08zLgYG,0,,,no_public_email_found,not_flagged,contact_pages,,,,,,valid=0; invalid=0; risky=0; unknown=0
14676,>30M,talkie.ai,yes,,,https://form.typeform.com/to/foVf6wfe,0,,contact@talkie.ai ; powered-by-aws-logo@3x.png,showing_email_candidates,not_flagged,contact_pages,contact@talkie.ai,contact@talkie.ai,,,,valid=1; invalid=0; risky=0; unknown=0
14677,>30M,ruchikaschool.ac.in,yes,,,https://xoasi6cni9d.typeform.com/to/QSaiIRC0,0,,info@ruchikaschool.ac.in ; mailtoofficial@ruchikaschool.ac.in ; rhsbbsr@gmail.com,showing_email_candidates,not_flagged,contact_pages,info@ruchikaschool.ac.in,,,,info@ruchikaschool.ac.in,valid=0; invalid=0; risky=0; unknown=1
14678,>30M,fitness-breckerfeld.de,no,,,,0,,info@fitness-breckerfeld.de,showing_email_candidates,not_flagged,contact_pages,info@fitness-breckerfeld.de,,,,info@fitness-breckerfeld.de,valid=0; invalid=0; risky=0; unknown=1
14679,>30M,grupodentalcibeles.es,yes,,,https://xeyor865kw5.typeform.com/to/l8sAq0Rl,0,,contacto@grupodentalcibeles.com ; contacto@grupodentalcibeles.es ; hola@grupodentalcibeles.com ; hola@grupodentalcibeles.es ; info@grupodentalcibeles.com ; info@grupodentalcibeles.es ; recepcion@grupodentalcibeles.es,showing_email_candidates,not_flagged,contact_pages,info@grupodentalcibeles.es,,,,info@grupodentalcibeles.es,valid=0; invalid=0; risky=0; unknown=1
14680,>30M,thegoodhumanfactory.com,yes,,,https://form.typeform.com/to/DSPSnvEH,0,,,no_public_email_found,not_flagged,contact_pages,,,,,,valid=0; invalid=0; risky=0; unknown=0
14681,>30M,kifmybrand.com,yes,,,https://form.typeform.com/to/LPKQmgfN,0,,contact@kifmybrand.com,showing_email_candidates,not_flagged,contact_pages,contact@kifmybrand.com,contact@kifmybrand.com,,,,valid=1; invalid=0; risky=0; unknown=0
14682,>30M,objectdiaries.com,no,,,https://storybeat.typeform.com/,0,,hello@storybeatstudio.com,showing_email_candidates,not_flagged,contact_pages,,,,,,valid=0; invalid=0; risky=0; unknown=0
14683,>30M,haarkliniekdekroon.nl,yes,,,https://form.typeform.com/to/ELadBHyy,0,,alpinejs@2.8.2 ; info@haarkliniekdekroon.nl ; splide@4.1.4,showing_email_candidates,not_flagged,contact_pages,info@haarkliniekdekroon.nl,,,,info@haarkliniekdekroon.nl,valid=0; invalid=0; risky=0; unknown=1
14684,>30M,sukulbagai.com,yes,,,,0,,hello@sukulbagai.com,showing_email_candidates,not_flagged,contact_pages,hello@sukulbagai.com,,hello@sukulbagai.com,,,valid=0; invalid=1; risky=0; unknown=0
14685,>30M,bowerspartners.com,no,,,,0,,hello@bowerspartners.com,showing_email_candidates,not_flagged,contact_pages,hello@bowerspartners.com,hello@bowerspartners.com,,,,valid=1; invalid=0; risky=0; unknown=0
14686,>30M,gamergulp.com,yes,,,,0,,,no_public_email_found,not_flagged,contact_pages,,,,,,valid=0; invalid=0; risky=0; unknown=0
14687,>30M,overcomeforgood.com,no,,,,0,,,no_public_email_found,not_flagged,contact_pages,,,,,,valid=0; invalid=0; risky=0; unknown=0
14688,>30M,shopkoopman.com,no,,,,0,,,no_public_email_found,not_flagged,contact_pages,,,,,,valid=0; invalid=0; risky=0; unknown=0
14689,>30M,score-academy.org,yes,,,,0,,,no_public_email_found,not_flagged,contact_pages,,,,,,valid=0; invalid=0; risky=0; unknown=0
14690,>30M,primocoding.com,no,,,,0,,brittanie-profile@2x.jpg ; dawn-profile@2x.jpg ; dawn@primocoding.com ; jeff-profile@2x.jpg,showing_email_candidates,not_flagged,contact_pages,,,,,,valid=0; invalid=0; risky=0; unknown=0
14691,>30M,eightocto.com,no,,,,0,,connect@eightocto.com,showing_email_candidates,not_flagged,contact_pages,,,,,,valid=0; invalid=0; risky=0; unknown=0
14692,>30M,specialeducationcongress.com,no,,,,0,,info@rtmbusinessgroup.com,showing_email_candidates,not_flagged,contact_pages,,,,,,valid=0; invalid=0; risky=0; unknown=0
14693,>30M,cangoopack.com,no,,,,0,,,no_public_email_found,not_flagged,contact_pages,,,,,,valid=0; invalid=0; risky=0; unknown=0
14694,>30M,csdnamur.be,no,,,,0,,csd.namur@solidaris.be ; exemple@mail.com ; leaflet@1.8.0,showing_email_candidates,not_flagged,contact_pages,,,,,,valid=0; invalid=0; risky=0; unknown=0
14695,>30M,iwaki-kikai.co.jp,no,,,,0,,,no_public_email_found,not_flagged,contact_pages,,,,,,valid=0; invalid=0; risky=0; unknown=0
14696,>30M,stefgraphisme.fr,no,,,,0,,,no_public_email_found,not_flagged,contact_pages,,,,,,valid=0; invalid=0; risky=0; unknown=0
14697,>30M,qrabbl.nl,no,,,,0,,info@qrabbl.nl ; jesse@qrabbl.nl ; support@qrabbl.nl,showing_email_candidates,not_flagged,contact_pages,info@qrabbl.nl ; support@qrabbl.nl,,,,info@qrabbl.nl ; support@qrabbl.nl,valid=0; invalid=0; risky=0; unknown=2
14698,>30M,oceanconservationtrust.org,yes,,,https://tfdcgwlb5bf.typeform.com/to/JDbnbTLf,0,,enquiries@oceanconservationtrust.org ; finance@oceanconservationtrust.org ; info@oceanconservationtrust.org ; marketing@oceanconservationtrust.org,showing_email_candidates,not_flagged,contact_pages,enquiries@oceanconservationtrust.org ; info@oceanconservationtrust.org ; marketing@oceanconservationtrust.org,enquiries@oceanconservationtrust.org,,,info@oceanconservationtrust.org ; marketing@oceanconservationtrust.org,valid=1; invalid=0; risky=0; unknown=2
14699,>30M,mamapapa.app,yes,,,https://form.typeform.com/to/WZmfuwOY,0,,love@mamapapa.app,showing_email_candidates,not_flagged,contact_pages,,,,,,valid=0; invalid=0; risky=0; unknown=0
14700,>30M,thebrand.app,yes,,,https://digiscape.typeform.com/to/WoIr5N ; https://embed.typeform.com/,0,,hello@threebites.com,showing_email_candidates,not_flagged,contact_pages,,,,,,valid=0; invalid=0; risky=0; unknown=0
14701,>30M,clergyabuse.claims,yes,,,https://embed.typeform.com/ ; https://injurylawyer.typeform.com/to/VfBf6U,0,,,no_public_email_found,not_flagged,contact_pages,,,,,,valid=0; invalid=0; risky=0; unknown=0
14702,>30M,branded.dev,no,,,,0,,you@example.com,showing_email_candidates,not_flagged,contact_pages,,,,,,valid=0; invalid=0; risky=0; unknown=0
14703,>30M,ark.dev,no,,,,0,,,no_public_email_found,not_flagged,contact_pages,,,,,,valid=0; invalid=0; risky=0; unknown=0
14704,>30M,expo.dev,no,,,,0,,ccheever@expo.dev ; rami@expo.dev,showing_email_candidates,not_flagged,contact_pages,,,,,,valid=0; invalid=0; risky=0; unknown=0
14705,>30M,inva.dev,no,,,,0,,,no_public_email_found,not_flagged,contact_pages,,,,,,valid=0; invalid=0; risky=0; unknown=0
14706,>30M,lerd.dev,yes,,,https://admin.typeform.com/ ; https://embed.typeform.com/ ; https://sergtyatin.typeform.com/to/KkXZnv,0,,,no_public_email_found,not_flagged,contact_pages,,,,,,valid=0; invalid=0; risky=0; unknown=0
14707,>30M,moneylion.dev,no,,,,0,,,no_public_email_found,not_flagged,contact_pages,,,,,,valid=0; invalid=0; risky=0; unknown=0
14708,>30M,vectar.dev,yes,,,,0,,,no_public_email_found,not_flagged,contact_pages,,,,,,valid=0; invalid=0; risky=0; unknown=0
14709,>30M,findtech.events,yes,,,,0,,,no_public_email_found,not_flagged,contact_pages,,,,,,valid=0; invalid=0; risky=0; unknown=0
14710,>30M,wishlist.digital,no,,,,0,,,no_public_email_found,not_flagged,contact_pages,,,,,,valid=0; invalid=0; risky=0; unknown=0
14711,>30M,keephush.net,yes,,,https://keephush.typeform.com/to/zb7MVh17,0,,,no_public_email_found,not_flagged,contact_pages,,,,,,valid=0; invalid=0; risky=0; unknown=0
14712,>30M,kawadaseikei.net,no,,,,0,,,no_public_email_found,not_flagged,contact_pages,,,,,,valid=0; invalid=0; risky=0; unknown=0
14713,>30M,intelvid.report,yes,,,https://embed.typeform.com/ ; https://intelvid.typeform.com/to/mKXZMP,0,,aus@2x.png ; uk@2x.png ; usa@2x.png,showing_email_candidates,not_flagged,contact_pages,,,,,,valid=0; invalid=0; risky=0; unknown=0
14714,>30M,casasprefabricadaschile.site,yes,,,https://admin.typeform.com/ ; https://embed.typeform.com/ ; https://form.typeform.com/to/muoy1qid,0,,pablo@casasprefabricadaschile.site,showing_email_candidates,not_flagged,contact_pages,,,,,,valid=0; invalid=0; risky=0; unknown=0
14715,>30M,elio.team,no,,,https://embed.typeform.com/ ; https://form.typeform.com/,0,,hello@elio.team,showing_email_candidates,not_flagged,contact_pages,hello@elio.team,hello@elio.team,,,,valid=1; invalid=0; risky=0; unknown=0
14716,>30M,livepeer.studio,yes,,,https://livepeer.typeform.com/to/HTuUHdDR ; https://livepeer.typeform.com/to/McJZ2nMI,0,,,no_public_email_found,not_flagged,contact_pages,,,,,,valid=0; invalid=0; risky=0; unknown=0
14717,>30M,sinoeshoyentoncescuando.com,yes,,,https://paloma142.typeform.com/to/nkStCb,0,,,no_public_email_found,not_flagged,contact_pages,,,,,,valid=0; invalid=0; risky=0; unknown=0
14718,>30M,contessaconsulting.com,no,,,,0,,anapbm@gmail.com ; hello@rfuenzalida.com ; impallari@gmail.com ; info@contessaconsulting.com,showing_email_candidates,not_flagged,contact_pages,info@contessaconsulting.com,,,,info@contessaconsulting.com,valid=0; invalid=0; risky=0; unknown=1
14719,>30M,evolvingwhole.com,no,,,https://images.typeform.com/,0,,,no_public_email_found,not_flagged,contact_pages,,,,,,valid=0; invalid=0; risky=0; unknown=0
14720,>30M,lemoinerefrigeration.com,no,,,,0,,lemoineac@icloud.com,showing_email_candidates,not_flagged,contact_pages,,,,,,valid=0; invalid=0; risky=0; unknown=0
14721,>30M,stratos.blue,yes,,,https://htg6od02hvn.typeform.com/to/mS7mevsK,0,,,no_public_email_found,not_flagged,contact_pages,,,,,,valid=0; invalid=0; risky=0; unknown=0
14722,>30M,november.dev,no,,,,0,,beschwerde@versicherungsombudsmann.de ; info@november.dev ; info@november.devtelefon ; presse@november.dev ; service@berlin.ihk.de,showing_email_candidates,not_flagged,contact_pages,info@november.dev,,,,info@november.dev,valid=0; invalid=0; risky=0; unknown=1
14723,>30M,safequalitysystem.com,yes,,,https://h0w557hk09g.typeform.com/to/q1TiEp7D,0,,info@safequalitysystem.com,showing_email_candidates,not_flagged,contact_pages,info@safequalitysystem.com,,,,info@safequalitysystem.com,valid=0; invalid=0; risky=0; unknown=1
14724,>30M,historyismade.org,yes,,,https://carbondividends.typeform.com/to/FAXMNJzp,0,,info@s4cd.org,showing_email_candidates,not_flagged,contact_pages,,,,,,valid=0; invalid=0; risky=0; unknown=0
14725,>30M,lebanonpaintanddecorating.com,no,,,,0,,john@lebanonpaint.com ; sales@lebanonpaint.com,showing_email_candidates,not_flagged,contact_pages,,,,,,valid=0; invalid=0; risky=0; unknown=0
14726,>30M,mauliktech.com,yes,,,https://embed.typeform.com/ ; https://form.typeform.com/to/uYgZiJPS,0,,mauliktech@gmail.com ; smaulik@mauliktech.com,showing_email_candidates,not_flagged,contact_pages,,,,,,valid=0; invalid=0; risky=0; unknown=0
14727,>30M,xibitxr.com,no,,,,0,,,no_public_email_found,not_flagged,contact_pages,,,,,,valid=0; invalid=0; risky=0; unknown=0
14728,>30M,kabncompany.com,no,,,,0,,info@kabncompany.com,showing_email_candidates,not_flagged,contact_pages,info@kabncompany.com,,,,info@kabncompany.com,valid=0; invalid=0; risky=0; unknown=1
14729,>30M,jodyscouts.com,yes,,,https://jodyscouts.typeform.com/to/LKBsDs,0,,jody@jodyscouts.com,showing_email_candidates,not_flagged,contact_pages,,,,,,valid=0; invalid=0; risky=0; unknown=0
14730,>30M,xxlhappyness.com,no,,,,0,,hello@xxlhappyness.com,showing_email_candidates,not_flagged,contact_pages,hello@xxlhappyness.com,hello@xxlhappyness.com,,,,valid=1; invalid=0; risky=0; unknown=0
14731,>30M,sanoficareassist.com,no,,,,0,,,no_public_email_found,not_flagged,contact_pages,,,,,,valid=0; invalid=0; risky=0; unknown=0
14732,>30M,lilibelleweb.com,no,,,,0,,,no_public_email_found,not_flagged,contact_pages,,,,,,valid=0; invalid=0; risky=0; unknown=0
14733,>30M,homevize.com,yes,,,,0,,,no_public_email_found,not_flagged,contact_pages,,,,,,valid=0; invalid=0; risky=0; unknown=0
14734,>30M,ittakesavalley-tetons.org,yes,,,https://form.typeform.com/to/wQwaWV7d,0,,hey@ittakesavalley-tetons.org ; ittakesavalleytetons@gmail.com,showing_email_candidates,not_flagged,contact_pages,,,,,,valid=0; invalid=0; risky=0; unknown=0
14735,>30M,breeze.social,yes,,,https://form.typeform.com/to/gHla85Ug,0,,hello@breeze.social ; support@breeze.social,showing_email_candidates,not_flagged,contact_pages,hello@breeze.social ; support@breeze.social,hello@breeze.social,,,support@breeze.social,valid=1; invalid=0; risky=0; unknown=1
14736,>30M,socialroster.net,yes,,,https://socialroster.typeform.com/to/l3iPqi,0,,socialroster.net@gmail.com,showing_email_candidates,not_flagged,contact_pages,,,,,,valid=0; invalid=0; risky=0; unknown=0
14737,>30M,myunlimitedwp.com,no,,,,0,,joseph@myunlimitedwp.com,showing_email_candidates,not_flagged,contact_pages,,,,,,valid=0; invalid=0; risky=0; unknown=0
14738,>30M,septagrama.com,no,,,https://embed.typeform.com/,0,,,no_public_email_found,not_flagged,contact_pages,,,,,,valid=0; invalid=0; risky=0; unknown=0
14739,>30M,siafunds.org,no,,,,0,,,no_public_email_found,not_flagged,contact_pages,,,,,,valid=0; invalid=0; risky=0; unknown=0
14740,>30M,momoise.com,yes,,,https://rameerez.typeform.com/to/WqKVsC,0,,confetti-js@0.0.14 ; hi@momoise.com ; odometer@0.4.8,showing_email_candidates,not_flagged,contact_pages,,,,,,valid=0; invalid=0; risky=0; unknown=0
14741,>30M,teya-capital.com,yes,,,https://0asyw6cy8iw.typeform.com/to/nXqxdAV0,0,,info@teya-capital.com,showing_email_candidates,not_flagged,contact_pages,info@teya-capital.com,,,,info@teya-capital.com,valid=0; invalid=0; risky=0; unknown=1
14742,>30M,esgarcia.com,yes,,,https://form.typeform.com/to/Pb2gN4PZ,0,,info@esgarcia.com,showing_email_candidates,not_flagged,contact_pages,info@esgarcia.com,,,,info@esgarcia.com,valid=0; invalid=0; risky=0; unknown=1
14743,>30M,focus90days.com,yes,,,https://form.typeform.com/to/tBQ1pNds,0,,,no_public_email_found,not_flagged,contact_pages,,,,,,valid=0; invalid=0; risky=0; unknown=0
14744,>30M,quantum-tango.com,no,,,,0,,,no_public_email_found,not_flagged,contact_pages,,,,,,valid=0; invalid=0; risky=0; unknown=0
14745,>30M,synocura.com,yes,,,,0,,,no_public_email_found,not_flagged,contact_pages,,,,,,valid=0; invalid=0; risky=0; unknown=0
14746,>30M,humanityinhr.com,yes,,,https://embed.typeform.com/ ; https://form.typeform.com/to/iutHXvQr ; https://form.typeform.com/to/WQ5EOJon,0,,contact@humanityinhr.com,showing_email_candidates,not_flagged,contact_pages,contact@humanityinhr.com,contact@humanityinhr.com,,,,valid=1; invalid=0; risky=0; unknown=0
14747,>30M,thehighpointhotel.com,no,,,,0,,asset-2@4x.png ; bleibrich@heggcompanies.com ; cropped-highpointhotel-logo-centered-fullcolor@4x-1-300x169.png ; cropped-highpointhotel-logo-centered-fullcolor@4x-1-768x433.png ; cropped-highpointhotel-logo-centered-fullcolor@4x-1.png ; hipntgm@heggcompanies.com ; logo-web-white@4x-300x170.png ; logo-web-white@4x.png,showing_email_candidates,not_flagged,contact_pages,,,,,,valid=0; invalid=0; risky=0; unknown=0
14748,>30M,ataichang.com,yes,,,,0,,,no_public_email_found,not_flagged,contact_pages,,,,,,valid=0; invalid=0; risky=0; unknown=0
14749,>30M,bymestre.com,yes,,,https://embed.typeform.com/ ; https://phelipemestre.typeform.com/to/ReYbzZ,0,,,no_public_email_found,not_flagged,contact_pages,,,,,,valid=0; invalid=0; risky=0; unknown=0
14750,>30M,sun-guard.uk,yes,,,,0,,,no_public_email_found,not_flagged,contact_pages,,,,,,valid=0; invalid=0; risky=0; unknown=0
14751,>30M,subvencionam.cat,yes,,,https://subvencionam.typeform.com/to/fPbWxc,0,,hola@subvencionam.cat,showing_email_candidates,not_flagged,contact_pages,,,,,,valid=0; invalid=0; risky=0; unknown=0
14752,>30M,ticketchainer.com,yes,,,https://form.typeform.com/to/OWFbdOl4,0,,commercial@ticketchainer.com,showing_email_candidates,not_flagged,contact_pages,commercial@ticketchainer.com,commercial@ticketchainer.com,,,,valid=1; invalid=0; risky=0; unknown=0
14753,>30M,hustletraining360.com,yes,,,,0,,,no_public_email_found,not_flagged,contact_pages,,,,,,valid=0; invalid=0; risky=0; unknown=0
14754,>30M,mr-seo.nl,yes,,,https://webformulier.typeform.com/to/YnzeE0,0,,brievenbus@mr-seo.nl,showing_email_candidates,not_flagged,contact_pages,,,,,,valid=0; invalid=0; risky=0; unknown=0
14755,>30M,1a-qualitaetsumzuege.de,no,,,,0,,,no_public_email_found,not_flagged,contact_pages,,,,,,valid=0; invalid=0; risky=0; unknown=0
14756,>30M,m8.life,yes,,,,0,,,no_public_email_found,not_flagged,contact_pages,,,,,,valid=0; invalid=0; risky=0; unknown=0
14757,>30M,carolynrasleycoaching.com,yes,,,https://08n66ka8euy.typeform.com/to/Csc0Mlb3,0,,carolyn.rasley@gmail.com ; carolyn@crptcoaching.com,showing_email_candidates,not_flagged,contact_pages,,,,,,valid=0; invalid=0; risky=0; unknown=0
14758,>30M,curvystrength.com,yes,,,https://steve529402.typeform.com/to/RvxyxH,0,,,no_public_email_found,not_flagged,contact_pages,,,,,,valid=0; invalid=0; risky=0; unknown=0
14759,>30M,9mile-vodka.com,yes,,,https://fbm8.typeform.com/to/Uo1R89,0,,,no_public_email_found,not_flagged,contact_pages,,,,,,valid=0; invalid=0; risky=0; unknown=0
14760,>30M,biotherapymd.com,yes,,,https://chickpea.typeform.com/to/zbsWsd,0,,dredward@timelessmd.com,showing_email_candidates,not_flagged,contact_pages,,,,,,valid=0; invalid=0; risky=0; unknown=0
14761,>30M,serenejane.com,yes,,,https://embed.typeform.com/ ; https://serenejane.typeform.com/to/rc7vrQ,0,,,no_public_email_found,not_flagged,contact_pages,,,,,,valid=0; invalid=0; risky=0; unknown=0
14762,>30M,hartanahgroup.com,yes,,,,0,,,no_public_email_found,not_flagged,contact_pages,,,,,,valid=0; invalid=0; risky=0; unknown=0
14763,>30M,qimaone.com,no,,,,0,,,no_public_email_found,not_flagged,contact_pages,,,,,,valid=0; invalid=0; risky=0; unknown=0
14764,>30M,kevin.rip,no,,,,0,,,no_public_email_found,not_flagged,contact_pages,,,,,,valid=0; invalid=0; risky=0; unknown=0
14765,>30M,digitalcultur.com,no,,,,0,,,no_public_email_found,not_flagged,contact_pages,,,,,,valid=0; invalid=0; risky=0; unknown=0
14766,>30M,spacetrapper.se,yes,,,https://jkk-marknadsprocess.typeform.com/to/MpYI1l ; https://jkk-marknadsprocess.typeform.com/to/uLL0ZY,0,,,no_public_email_found,not_flagged,contact_pages,,,,,,valid=0; invalid=0; risky=0; unknown=0
14767,>30M,organic-zuiho.co.jp,no,,,,0,,mikami.farm@organic-zuiho.com,showing_email_candidates,not_flagged,contact_pages,,,,,,valid=0; invalid=0; risky=0; unknown=0
14768,>30M,tractionapps.co,no,,,https://embed.typeform.com/,0,,bootstrap-icons@1.3.0 ; bootstrap@4.6.0 ; popper.js@1.16.1 ; slick-carousel@1.8.1 ; support@tractionapps.co,showing_email_candidates,not_flagged,contact_pages,support@tractionapps.co,,,,support@tractionapps.co,valid=0; invalid=0; risky=0; unknown=1
14769,>30M,rollercoaster.studio,no,,,,0,,,no_public_email_found,not_flagged,contact_pages,,,,,,valid=0; invalid=0; risky=0; unknown=0
14770,>30M,cynchsec.com,no,,,,0,,,no_public_email_found,not_flagged,contact_pages,,,,,,valid=0; invalid=0; risky=0; unknown=0
14771,>30M,tylerdickerhoof.com,yes,,,https://form.typeform.com/to/k80pN4Ot,0,,tyler@brixtonenterprises.com,showing_email_candidates,not_flagged,contact_pages,,,,,,valid=0; invalid=0; risky=0; unknown=0
14772,>30M,flowfdi.com,yes,,,,0,,,no_public_email_found,not_flagged,contact_pages,,,,,,valid=0; invalid=0; risky=0; unknown=0
14773,>30M,nspaintdecor.com,no,,,,0,,nspaint@live.com,showing_email_candidates,not_flagged,contact_pages,,,,,,valid=0; invalid=0; risky=0; unknown=0
14774,>30M,techpediablog.com,no,,,,0,,,no_public_email_found,not_flagged,contact_pages,,,,,,valid=0; invalid=0; risky=0; unknown=0
14775,>30M,hostgpo.com,yes,,,https://ev8x9bri3cu.typeform.com/to/gWt0omIW ; https://form.typeform.com/to/gWt0omIW,0,,careers@hostgpo.com ; help@hostgpo.com ; info@hostgpo.com ; members@hostgpo.com ; you@company.com,showing_email_candidates,not_flagged,contact_pages,careers@hostgpo.com ; help@hostgpo.com ; info@hostgpo.com,careers@hostgpo.com ; help@hostgpo.com,,,info@hostgpo.com,valid=2; invalid=0; risky=0; unknown=1
14776,>30M,ichbineinfehler.com,no,,,,0,,,no_public_email_found,not_flagged,contact_pages,,,,,,valid=0; invalid=0; risky=0; unknown=0
14777,>30M,macrocon.com.au,yes,,,,0,,,no_public_email_found,not_flagged,contact_pages,,,,,,valid=0; invalid=0; risky=0; unknown=0
14778,>30M,yoursocialbranding.com,yes,,,,0,,,no_public_email_found,not_flagged,contact_pages,,,,,,valid=0; invalid=0; risky=0; unknown=0
14779,>30M,matthewvolkwyn.com,yes,,,,0,,,no_public_email_found,not_flagged,contact_pages,,,,,,valid=0; invalid=0; risky=0; unknown=0
14780,>30M,carrot.run,no,,,,0,,,no_public_email_found,not_flagged,contact_pages,,,,,,valid=0; invalid=0; risky=0; unknown=0
14781,>30M,herzgems.com,yes,,,,0,,,no_public_email_found,not_flagged,contact_pages,,,,,,valid=0; invalid=0; risky=0; unknown=0
14782,>30M,xn--diegipfelstrmer-9vb.at,no,,,,0,,markerclusterer@2.5.3 ; office@wirgehensteil.at,showing_email_candidates,not_flagged,contact_pages,,,,,,valid=0; invalid=0; risky=0; unknown=0
14783,>30M,shtorkarulonka.ru,yes,,,https://embed.typeform.com/ ; https://shtorkarulonka.typeform.com/to/EjONg5,0,,shtorkarulonka@yandex.ru ; test@webox.pro,showing_email_candidates,not_flagged,contact_pages,,,,,,valid=0; invalid=0; risky=0; unknown=0
14784,>30M,xn--80aa2abemddocrr2d.xn--p1ai,yes,,,https://embed.typeform.com/ ; https://shtorkarulonka.typeform.com/to/EjONg5,0,,shtorkarulonka@yandex.ru ; test@webox.pro,showing_email_candidates,not_flagged,contact_pages,,,,,,valid=0; invalid=0; risky=0; unknown=0
14785,>30M,verdevida.club,yes,,,https://embed.typeform.com/ ; https://form.typeform.com/to/01KAXXCZ9QSMZ0H4SZMR4RSP80,0,,,no_public_email_found,not_flagged,contact_pages,,,,,,valid=0; invalid=0; risky=0; unknown=0
14786,>30M,bertsmit.com,no,,,,0,,info@bertsmit.com,showing_email_candidates,not_flagged,contact_pages,info@bertsmit.com,,,,info@bertsmit.com,valid=0; invalid=0; risky=0; unknown=1
14787,>30M,wehovision2050.com,yes,,,,0,,,no_public_email_found,not_flagged,contact_pages,,,,,,valid=0; invalid=0; risky=0; unknown=0
14788,>30M,sobiesappliancerepair.com,yes,,,,0,,,no_public_email_found,not_flagged,contact_pages,,,,,,valid=0; invalid=0; risky=0; unknown=0
14789,>30M,onchan-clinic.com,no,,,,0,,,no_public_email_found,not_flagged,contact_pages,,,,,,valid=0; invalid=0; risky=0; unknown=0
14790,>30M,kadmiaresearch.com,no,,,,0,,nicholashutter@icloud.com,showing_email_candidates,not_flagged,contact_pages,,,,,,valid=0; invalid=0; risky=0; unknown=0
14791,>30M,motherpuffin.com,yes,,,,0,,,no_public_email_found,not_flagged,contact_pages,,,,,,valid=0; invalid=0; risky=0; unknown=0
14792,>30M,frosiandbair.com,yes,,,https://embed.typeform.com/ ; https://frosiandbair.typeform.com/to/o2XaLL,0,,hello@frosiandbair.com,showing_email_candidates,not_flagged,contact_pages,hello@frosiandbair.com,,hello@frosiandbair.com,,,valid=0; invalid=1; risky=0; unknown=0
14793,>30M,jcdesignandmedia.com,yes,,,https://hello158296.typeform.com/to/kUgeFGEp,0,,,no_public_email_found,not_flagged,contact_pages,,,,,,valid=0; invalid=0; risky=0; unknown=0
14794,>30M,ovd-opleidingen.nl,no,,,,0,,info@ovd-opleidingen.nl,showing_email_candidates,not_flagged,contact_pages,info@ovd-opleidingen.nl,,,,info@ovd-opleidingen.nl,valid=0; invalid=0; risky=0; unknown=1
14795,>30M,perthretainingwalls.net.au,yes,,,,0,,,no_public_email_found,not_flagged,contact_pages,,,,,,valid=0; invalid=0; risky=0; unknown=0
14796,>30M,oneyousurrey.org.uk,no,,,,0,,hello@oneyousurrey.org.uk,showing_email_candidates,not_flagged,contact_pages,hello@oneyousurrey.org.uk,hello@oneyousurrey.org.uk,,,,valid=1; invalid=0; risky=0; unknown=0
14797,>30M,xn--b1adcaacl5cahen8e3d.xn--p1ai,no,,,,0,,gruzimvozimrf@mail.ru,showing_email_candidates,not_flagged,contact_pages,,,,,,valid=0; invalid=0; risky=0; unknown=0
14798,>30M,grimkeseminary.org,yes,,,,0,,,no_public_email_found,not_flagged,contact_pages,,,,,,valid=0; invalid=0; risky=0; unknown=0
14799,>30M,onda.media,yes,,,https://form.typeform.com/to/HyZ780mx,0,,,no_public_email_found,not_flagged,contact_pages,,,,,,valid=0; invalid=0; risky=0; unknown=0
14800,>30M,itsnotmeitsyou.club,yes,,,https://admin.typeform.com/ ; https://embed.typeform.com/ ; https://jennyyarborough.typeform.com/to/mmd6V3,0,,jenny.yarborough@me.com,showing_email_candidates,not_flagged,contact_pages,,,,,,valid=0; invalid=0; risky=0; unknown=0
14801,>30M,greenstripeconsulting.com,yes,,,,0,,,no_public_email_found,not_flagged,contact_pages,,,,,,valid=0; invalid=0; risky=0; unknown=0
14802,>30M,delemontcoaching.com,yes,,,https://andreadelemont.typeform.com/to/mcXCb8,0,,,no_public_email_found,not_flagged,contact_pages,,,,,,valid=0; invalid=0; risky=0; unknown=0
14803,>30M,rocketsalesacademy.com,no,,,,0,,,no_public_email_found,not_flagged,contact_pages,,,,,,valid=0; invalid=0; risky=0; unknown=0
14804,>30M,learnwardleymapping.com,no,,,,0,,1bb63abb-forbes_logo-blackontrns@png-e1649663161106.png,showing_email_candidates,not_flagged,contact_pages,,,,,,valid=0; invalid=0; risky=0; unknown=0
14805,>30M,secamelina.com,yes,,,,0,,aa4cacd33be28673d7e69be559ce7ad7@o4506196830715904.ingest.us.sentry.io ; sales@smartearthseeds.com,showing_email_candidates,not_flagged,contact_pages,,,,,,valid=0; invalid=0; risky=0; unknown=0
14806,>30M,sunnywynnboyd.com,no,,,https://embed.typeform.com/,0,,,no_public_email_found,not_flagged,contact_pages,,,,,,valid=0; invalid=0; risky=0; unknown=0
14807,>30M,saphyresounds.com,yes,,,,0,,,no_public_email_found,not_flagged,contact_pages,,,,,,valid=0; invalid=0; risky=0; unknown=0
14808,>30M,immersion.ug,yes,,,,0,,,no_public_email_found,not_flagged,contact_pages,,,,,,valid=0; invalid=0; risky=0; unknown=0
14809,>30M,watchdogs.online,yes,,,https://eltrino.typeform.com/to/GXSMXD ; https://eltrino.typeform.com/to/snIJCo ; https://eltrino.typeform.com/to/VYOKwB ; https://eltrino.typeform.com/to/y3r08G,0,,support@watchdo.gs,showing_email_candidates,not_flagged,contact_pages,,,,,,valid=0; invalid=0; risky=0; unknown=0
14810,>30M,lantmannenfunctionalfoods.com,no,,,,0,,,no_public_email_found,not_flagged,contact_pages,,,,,,valid=0; invalid=0; risky=0; unknown=0
14811,>30M,dylanmolina.com,no,,,,0,,,no_public_email_found,not_flagged,contact_pages,,,,,,valid=0; invalid=0; risky=0; unknown=0
14812,>30M,yorkflowersannapolis.com,yes,,,https://epicshops.typeform.com/to/pHXczH,0,,,no_public_email_found,not_flagged,contact_pages,,,,,,valid=0; invalid=0; risky=0; unknown=0
14813,>30M,bestinclassexperience.com,yes,,,https://augmentedtalent.typeform.com/to/j3aMTJ,0,,,no_public_email_found,not_flagged,contact_pages,,,,,,valid=0; invalid=0; risky=0; unknown=0
14814,>30M,reignerclothing.com,no,,,,0,,reigner@reignerclothing.com,showing_email_candidates,not_flagged,contact_pages,,,,,,valid=0; invalid=0; risky=0; unknown=0
14815,>30M,baresto-energie.com,yes,,,https://embed.typeform.com/ ; https://placedesenergies.typeform.com/to/gUpJxa,0,,,no_public_email_found,not_flagged,contact_pages,,,,,,valid=0; invalid=0; risky=0; unknown=0
14816,>30M,kardia.church,yes,,,https://form.typeform.com/to/b5dCjn3e ; https://kardiachurch.typeform.com/,0,,,no_public_email_found,not_flagged,contact_pages,,,,,,valid=0; invalid=0; risky=0; unknown=0
14817,>30M,alphabrooklyn.com,yes,,,https://embed.typeform.com/ ; https://form.typeform.com/to/kIa72xLo,0,,connect@trinitygracechurch.com,showing_email_candidates,not_flagged,contact_pages,,,,,,valid=0; invalid=0; risky=0; unknown=0
14818,>30M,okanaganmeetings.com,no,,,,0,,,no_public_email_found,not_flagged,contact_pages,,,,,,valid=0; invalid=0; risky=0; unknown=0
14819,>30M,csu-rt.ru,no,,,,0,,centerservisus@mail.ru,showing_email_candidates,not_flagged,contact_pages,,,,,,valid=0; invalid=0; risky=0; unknown=0
14820,>30M,clvr.cloud,yes,,,,0,,,no_public_email_found,not_flagged,contact_pages,,,,,,valid=0; invalid=0; risky=0; unknown=0
14821,>30M,pianostoresnearme.com,no,,,,0,,,no_public_email_found,not_flagged,contact_pages,,,,,,valid=0; invalid=0; risky=0; unknown=0
14822,>30M,sacrednrg.com,yes,,,https://embed.typeform.com/ ; https://form.typeform.com/to/HxhGRynI ; https://form.typeform.com/to/sb5mGGGL,0,,,no_public_email_found,not_flagged,contact_pages,,,,,,valid=0; invalid=0; risky=0; unknown=0
14823,>30M,ftlaw.com.pa,no,,,,0,,alguien@example.com ; flags@2x.png ; info@ftlaw.com.pa,showing_email_candidates,not_flagged,contact_pages,info@ftlaw.com.pa,,,,info@ftlaw.com.pa,valid=0; invalid=0; risky=0; unknown=1
14824,>30M,ruvelle.com,yes,,,,0,,,no_public_email_found,not_flagged,contact_pages,,,,,,valid=0; invalid=0; risky=0; unknown=0
14825,>30M,asolounpaso.com,no,,,https://form.typeform.com/to/NXNrxgEG ; https://quiz.typeform.com/to/NXNrxgEG,0,,,no_public_email_found,not_flagged,contact_pages,,,,,,valid=0; invalid=0; risky=0; unknown=0
14826,>30M,rhondamoorecoaching.com,no,,,https://rhondamoore.typeform.com/,0,,,no_public_email_found,not_flagged,contact_pages,,,,,,valid=0; invalid=0; risky=0; unknown=0
14827,>30M,lodestarpc.com,no,,,https://lodestarcoaching.typeform.com/,0,,,no_public_email_found,not_flagged,contact_pages,,,,,,valid=0; invalid=0; risky=0; unknown=0
14828,>30M,puszcza.tv,no,,,https://embed.typeform.com/,0,,,no_public_email_found,not_flagged,contact_pages,,,,,,valid=0; invalid=0; risky=0; unknown=0
14829,>30M,jettax.com.br,no,,,,0,,icon-socials-facebook@2x.webp ; icon-socials-instagram@2x.webp ; icon-socials-linkedin@2x.webp ; icon-socials-youtube@2x.webp ; logo-full-header@2x.webp,showing_email_candidates,not_flagged,contact_pages,,,,,,valid=0; invalid=0; risky=0; unknown=0
14830,>30M,halm.club,no,,,,0,,hello@halm.club ; reviews-trust-logo-3@2x.png ; splide@4.1.4,showing_email_candidates,not_flagged,contact_pages,hello@halm.club,hello@halm.club,,,,valid=1; invalid=0; risky=0; unknown=0
14831,>30M,rotloch.com,yes,,,https://form.typeform.com/to/IlbyEQmt,0,,rotloch@gmail.com,showing_email_candidates,not_flagged,contact_pages,,,,,,valid=0; invalid=0; risky=0; unknown=0
14832,>30M,lesrochers.voyage,yes,,,https://survey.typeform.com/to/fA3z0c8N,0,,info@lesrochers.voyage,showing_email_candidates,not_flagged,contact_pages,info@lesrochers.voyage,,,,info@lesrochers.voyage,valid=0; invalid=0; risky=0; unknown=1
14833,>30M,bishopreid.com,yes,,,,0,,,no_public_email_found,not_flagged,contact_pages,,,,,,valid=0; invalid=0; risky=0; unknown=0
14834,>30M,latelierduprint.fr,no,,,,0,,,no_public_email_found,not_flagged,contact_pages,,,,,,valid=0; invalid=0; risky=0; unknown=0
14835,>30M,dissone.com.ar,no,,,,0,,info@dissone.com.ar,showing_email_candidates,not_flagged,contact_pages,info@dissone.com.ar,,,,info@dissone.com.ar,valid=0; invalid=0; risky=0; unknown=1
14836,>30M,adobe-educa.com,no,,,,0,,,no_public_email_found,not_flagged,contact_pages,,,,,,valid=0; invalid=0; risky=0; unknown=0
14837,>30M,thedadosphere.com,yes,,,https://sam774431.typeform.com/to/GYKhzxwT,0,,sam@thedadosphere.com,showing_email_candidates,not_flagged,contact_pages,,,,,,valid=0; invalid=0; risky=0; unknown=0
14838,>30M,revizzy.com,yes,,,,0,,,no_public_email_found,not_flagged,contact_pages,,,,,,valid=0; invalid=0; risky=0; unknown=0
14839,>30M,ivozone.com,no,,,,0,,info@ivozone.com,showing_email_candidates,not_flagged,contact_pages,info@ivozone.com,,,,info@ivozone.com,valid=0; invalid=0; risky=0; unknown=1
14840,>30M,haircareinternationalcongress.com,no,,,https://beautycluster.typeform.com/,0,,carles@beautycluster.es ; ferran@beautycluster.es ; vicky@beautycluster.es,showing_email_candidates,not_flagged,contact_pages,,,,,,valid=0; invalid=0; risky=0; unknown=0
14841,>30M,triadkube.com,no,,,https://embed.typeform.com/,0,,gsap@3.12.5 ; vanilla-tilt@1.8.1,showing_email_candidates,not_flagged,contact_pages,,,,,,valid=0; invalid=0; risky=0; unknown=0
14842,>30M,vividsmilesdentistry.com,no,,,https://embed.typeform.com/,0,,info@vividsmilesdentistry.com,showing_email_candidates,not_flagged,contact_pages,info@vividsmilesdentistry.com,,,,info@vividsmilesdentistry.com,valid=0; invalid=0; risky=0; unknown=1
14843,>30M,meliandbren.com,yes,,,,0,,,no_public_email_found,not_flagged,contact_pages,,,,,,valid=0; invalid=0; risky=0; unknown=0
14844,>30M,variable.studio,yes,,,https://farhan66.typeform.com/to/pqccHR,0,,hello@variable.studio,showing_email_candidates,not_flagged,contact_pages,hello@variable.studio,,hello@variable.studio,,,valid=0; invalid=1; risky=0; unknown=0
14845,>30M,tech-arizona.com,no,,,,0,,info@tech-arizona.com,showing_email_candidates,not_flagged,contact_pages,info@tech-arizona.com,,,,info@tech-arizona.com,valid=0; invalid=0; risky=0; unknown=1
14846,>30M,lazebrafactory.com,yes,,,,0,,info@lazebrafactory.com,showing_email_candidates,not_flagged,contact_pages,info@lazebrafactory.com,,,,info@lazebrafactory.com,valid=0; invalid=0; risky=0; unknown=1
14847,>30M,finczech.com,no,,,https://embed.typeform.com/,0,,alexander@finczech.com ; ekaterina@finczech.com ; yakimenka@finczech.com,showing_email_candidates,not_flagged,contact_pages,,,,,,valid=0; invalid=0; risky=0; unknown=0
14848,>30M,dunabuild.be,no,,,,0,,info@dunabuild.be,showing_email_candidates,not_flagged,contact_pages,info@dunabuild.be,,,,info@dunabuild.be,valid=0; invalid=0; risky=0; unknown=1
14849,>30M,tenex.app,yes,,,https://ebutler.typeform.com/to/VmnZICUO,0,,contact@e-butler.com,showing_email_candidates,not_flagged,contact_pages,,,,,,valid=0; invalid=0; risky=0; unknown=0
14850,>30M,internationalveterinarydentistryinstitute.org,no,,,,0,,,no_public_email_found,not_flagged,contact_pages,,,,,,valid=0; invalid=0; risky=0; unknown=0
14851,>30M,sakuragaokacl.com,no,,,,0,,,no_public_email_found,not_flagged,contact_pages,,,,,,valid=0; invalid=0; risky=0; unknown=0
14852,>30M,bongjoonhyun.com,no,,,,0,,,no_public_email_found,not_flagged,contact_pages,,,,,,valid=0; invalid=0; risky=0; unknown=0
14853,>30M,prado-companions.com,no,,,,0,,mp@prado-companions.ch,showing_email_candidates,not_flagged,contact_pages,,,,,,valid=0; invalid=0; risky=0; unknown=0
14854,>30M,blackfemaletherapists.com,yes,,,https://g5k0qxmszms.typeform.com/to/kHXhcLX3,0,,support@blackfemaletherapists.com,showing_email_candidates,not_flagged,contact_pages,support@blackfemaletherapists.com,,,,support@blackfemaletherapists.com,valid=0; invalid=0; risky=0; unknown=1
14855,>30M,pinnacledatagroup.com,yes,,,https://acquisitionconsulting.typeform.com/to/wd4gsrdo,0,,,no_public_email_found,not_flagged,contact_pages,,,,,,valid=0; invalid=0; risky=0; unknown=0
14856,>30M,kbcreative.work,no,,,,0,,,no_public_email_found,not_flagged,contact_pages,,,,,,valid=0; invalid=0; risky=0; unknown=0
14857,>30M,origen.ai,no,,,,0,,,no_public_email_found,not_flagged,contact_pages,,,,,,valid=0; invalid=0; risky=0; unknown=0
14858,>30M,samsic.it,no,,,,0,,commerciale@samsic.it,showing_email_candidates,not_flagged,contact_pages,,,,,,valid=0; invalid=0; risky=0; unknown=0
14859,>30M,solesavy.ca,yes,,,,0,,,no_public_email_found,not_flagged,contact_pages,,,,,,valid=0; invalid=0; risky=0; unknown=0
14860,>30M,nsp-finetube.jp,no,,,,0,,,no_public_email_found,not_flagged,contact_pages,,,,,,valid=0; invalid=0; risky=0; unknown=0
14861,>30M,beework.app,yes,,,https://cmz0jv22r16.typeform.com/to/wsDVpCjx,0,,hello@beework.app ; is-plat@2x-0x120-c-center.webp ; is-plat@2x-0x60-c-center.png ; is-plat@2x-0x60-c-center.webp ; jobmeal@2x-0x120-c-center.webp ; jobmeal@2x-0x60-c-center.png ; jobmeal@2x-0x60-c-center.webp ; kungsbud@2x-0x120-c-center.webp ; kungsbud@2x-0x60-c-center.png ; kungsbud@2x-0x60-c-center.webp,showing_email_candidates,not_flagged,contact_pages,hello@beework.app,hello@beework.app,,,,valid=1; invalid=0; risky=0; unknown=0
14862,>30M,best-rehab-programs.com,no,,,,0,,admissions@recoverywithus.org,showing_email_candidates,not_flagged,contact_pages,,,,,,valid=0; invalid=0; risky=0; unknown=0
14863,>30M,expansesummit.com,yes,,,,0,,,no_public_email_found,not_flagged,contact_pages,,,,,,valid=0; invalid=0; risky=0; unknown=0
14864,>30M,courageandjoyatwork.com,yes,,,,0,,,no_public_email_found,not_flagged,contact_pages,,,,,,valid=0; invalid=0; risky=0; unknown=0
14865,>30M,tinncann.com,no,,,,0,,,no_public_email_found,not_flagged,contact_pages,,,,,,valid=0; invalid=0; risky=0; unknown=0
14866,>30M,verbaldiorama.com,yes,,,https://embed.typeform.com/ ; https://form.typeform.com/to/wrehXouf,0,,,no_public_email_found,not_flagged,contact_pages,,,,,,valid=0; invalid=0; risky=0; unknown=0
14867,>30M,incluzioleiderdorp.nl,no,,,,0,,bootstrap@4.5.3,showing_email_candidates,not_flagged,contact_pages,,,,,,valid=0; invalid=0; risky=0; unknown=0
14868,>30M,ads-serrurerie54.fr,no,,,,0,,contact@ads-serrurerie54.fr,showing_email_candidates,not_flagged,contact_pages,contact@ads-serrurerie54.fr,contact@ads-serrurerie54.fr,,,,valid=1; invalid=0; risky=0; unknown=0
14869,>30M,site-web-restaurant.be,yes,,,,0,,,no_public_email_found,not_flagged,contact_pages,,,,,,valid=0; invalid=0; risky=0; unknown=0
14870,>30M,deenartsfoundation.org,yes,,,https://kbrji5zp7m4.typeform.com/to/FUEUxjiT,0,,team@deenartsfoundation.org,showing_email_candidates,not_flagged,contact_pages,team@deenartsfoundation.org,,,,team@deenartsfoundation.org,valid=0; invalid=0; risky=0; unknown=1
14871,>30M,unitreviews.com,no,,,,0,,,no_public_email_found,not_flagged,contact_pages,,,,,,valid=0; invalid=0; risky=0; unknown=0
14872,>30M,physiquereset.com,yes,,,https://form.typeform.com/to/L3RF74RV,0,,,no_public_email_found,not_flagged,contact_pages,,,,,,valid=0; invalid=0; risky=0; unknown=0
14873,>30M,churnsdk.com,yes,,,,0,,,no_public_email_found,not_flagged,contact_pages,,,,,,valid=0; invalid=0; risky=0; unknown=0
14874,>30M,lesensdelahutte.com,yes,,,https://unleashthepassion.typeform.com/to/uB5nx1,0,,,no_public_email_found,not_flagged,contact_pages,,,,,,valid=0; invalid=0; risky=0; unknown=0
14875,>30M,aventuradentalsa.com,yes,,,https://dentalforms.typeform.com/to/KH3z5WcW,0,,aventura@satxdentalgroup.com,showing_email_candidates,not_flagged,contact_pages,,,,,,valid=0; invalid=0; risky=0; unknown=0
14876,>30M,gottfried-keller-stiftung.ch,no,,,,0,,gks@bak.admin.ch,showing_email_candidates,not_flagged,contact_pages,,,,,,valid=0; invalid=0; risky=0; unknown=0
14877,>30M,soypoll.com,no,,,,0,,,no_public_email_found,not_flagged,contact_pages,,,,,,valid=0; invalid=0; risky=0; unknown=0
14878,>30M,syntaxmortgage.com,yes,,,https://embed.typeform.com/ ; https://form.typeform.com/to/qIESpLpi,0,,info@syntaxmortgage.com ; lnfo@loanadvisor.com ; lnfo@syntaxmortgage.com,showing_email_candidates,not_flagged,contact_pages,info@syntaxmortgage.com,,,,info@syntaxmortgage.com,valid=0; invalid=0; risky=0; unknown=1
14879,>30M,norhesalon.com,no,,,,0,,,no_public_email_found,not_flagged,contact_pages,,,,,,valid=0; invalid=0; risky=0; unknown=0
14880,>30M,loanmarket1.net,yes,,,,0,,,no_public_email_found,not_flagged,contact_pages,,,,,,valid=0; invalid=0; risky=0; unknown=0
14881,>30M,hydro-oxy.com,yes,,,https://research.typeform.com/to/czIVQWIA,0,,lewisr27@cardiff.ac.uk,showing_email_candidates,not_flagged,contact_pages,,,,,,valid=0; invalid=0; risky=0; unknown=0
14882,>30M,lauraresina.com,yes,,,https://embed.typeform.com/ ; https://lauraresina.typeform.com/to/f30qXZ,0,,,no_public_email_found,not_flagged,contact_pages,,,,,,valid=0; invalid=0; risky=0; unknown=0
14883,>30M,chopardigital.com,no,,,,0,,contact@chopardigital.com,showing_email_candidates,not_flagged,contact_pages,contact@chopardigital.com,contact@chopardigital.com,,,,valid=1; invalid=0; risky=0; unknown=0
14884,>30M,unchicco.it,no,,,,0,,info@unchicco.it,showing_email_candidates,not_flagged,contact_pages,info@unchicco.it,,,,info@unchicco.it,valid=0; invalid=0; risky=0; unknown=1
14885,>30M,techbricks.io,yes,,,,0,,,no_public_email_found,not_flagged,contact_pages,,,,,,valid=0; invalid=0; risky=0; unknown=0
14886,>30M,tsukasaki-beppu.co.jp,no,,,,0,,,no_public_email_found,not_flagged,contact_pages,,,,,,valid=0; invalid=0; risky=0; unknown=0
14887,>30M,ykuni.com,no,,,,0,,,no_public_email_found,not_flagged,contact_pages,,,,,,valid=0; invalid=0; risky=0; unknown=0
14888,>30M,54bridges.com,yes,,,,0,,,no_public_email_found,not_flagged,contact_pages,,,,,,valid=0; invalid=0; risky=0; unknown=0
14889,>30M,gocatalystlab.com,yes,,,https://8020foundation.typeform.com/to/mYXe1z,0,,8020@2x.png ; cropped-asset-1@2x-1-300x53.png ; cropped-asset-1@2x-1-768x136.png ; cropped-asset-1@2x-1.png,showing_email_candidates,not_flagged,contact_pages,,,,,,valid=0; invalid=0; risky=0; unknown=0
14890,>30M,54bridges.org,yes,,,,0,,,no_public_email_found,not_flagged,contact_pages,,,,,,valid=0; invalid=0; risky=0; unknown=0
14891,>30M,lyra.solar,no,,,,0,,,no_public_email_found,not_flagged,contact_pages,,,,,,valid=0; invalid=0; risky=0; unknown=0
14892,>30M,twhitebc.com,no,,,,0,,,no_public_email_found,not_flagged,contact_pages,,,,,,valid=0; invalid=0; risky=0; unknown=0
14893,>30M,digitalpeakdesign.com,yes,,,https://admin.typeform.com/ ; https://derekdeleon.typeform.com/to/pWjXwd ; https://embed.typeform.com/,0,,,no_public_email_found,not_flagged,contact_pages,,,,,,valid=0; invalid=0; risky=0; unknown=0
14894,>30M,atconstructionkearney.com,yes,,,,0,,,no_public_email_found,not_flagged,contact_pages,,,,,,valid=0; invalid=0; risky=0; unknown=0
14895,>30M,eastridingarchives.co.uk,no,,,,0,,,no_public_email_found,not_flagged,contact_pages,,,,,,valid=0; invalid=0; risky=0; unknown=0
14896,>30M,eastridinglibraries.co.uk,no,,,,0,,,no_public_email_found,not_flagged,contact_pages,,,,,,valid=0; invalid=0; risky=0; unknown=0
14897,>30M,nazarenechurchplanting.org,yes,,,https://bcnaz.typeform.com/to/BT9x6b ; https://bcnaz.typeform.com/to/rnQ9z5 ; https://behope.typeform.com/to/BT9x6b ; https://behope.typeform.com/to/rnQ9z5,0,,,no_public_email_found,not_flagged,contact_pages,,,,,,valid=0; invalid=0; risky=0; unknown=0
14898,>30M,hyperion.care,yes,,,https://form.typeform.com/to/ztDhM0JM ; https://hyperioncare.typeform.com/to/ztDhM0JM,0,,,no_public_email_found,not_flagged,contact_pages,,,,,,valid=0; invalid=0; risky=0; unknown=0
14899,>30M,exwaas.com,no,,,,0,,support@devexhosting.com ; support@exwaas.com,showing_email_candidates,not_flagged,contact_pages,support@exwaas.com,,,,support@exwaas.com,valid=0; invalid=0; risky=0; unknown=1
14900,>30M,madamelanthropologue.com,yes,,,,0,,fanny@madamelanthropologue.com,showing_email_candidates,not_flagged,contact_pages,,,,,,valid=0; invalid=0; risky=0; unknown=0
14901,>30M,inclusivehubs.com,yes,,,https://dogpatch.typeform.com/to/wuBVgZ,0,,,no_public_email_found,not_flagged,contact_pages,,,,,,valid=0; invalid=0; risky=0; unknown=0
14902,>30M,lyrasolar.com,no,,,,0,,,no_public_email_found,not_flagged,contact_pages,,,,,,valid=0; invalid=0; risky=0; unknown=0
14903,>30M,bcorpsea.org,yes,,,https://blab-uk.typeform.com/to/qVDNqyou,0,,info@bcorpsea.org,showing_email_candidates,not_flagged,contact_pages,info@bcorpsea.org,,,,info@bcorpsea.org,valid=0; invalid=0; risky=0; unknown=1
14904,>30M,dynamicchangecc.com,yes,,,https://bppe8ei9ix6.typeform.com/to/UDl76T9E ; https://form.typeform.com/to/UDl76T9E,0,,candra@dynamicchangecc.com,showing_email_candidates,not_flagged,contact_pages,,,,,,valid=0; invalid=0; risky=0; unknown=0
14905,>30M,concreteprosvictoria.com,yes,,,,0,,,no_public_email_found,not_flagged,contact_pages,,,,,,valid=0; invalid=0; risky=0; unknown=0
14906,>30M,alinovitskymd.com,yes,,,,0,,mazzy@thefitcollective.com,showing_email_candidates,not_flagged,contact_pages,,,,,,valid=0; invalid=0; risky=0; unknown=0
14907,>30M,cleanzillacleaning.com,yes,,,https://a1fh8x6i5g6.typeform.com/to/T07tHLTo,0,,cleanzillaclean@gmail.com,showing_email_candidates,not_flagged,contact_pages,,,,,,valid=0; invalid=0; risky=0; unknown=0
14908,>30M,pirahanco.ir,no,,,,0,,sales+vpat@hcaptcha.com ; sales@hcaptcha.com ; support@hcaptcha.com,showing_email_candidates,not_flagged,contact_pages,,,,,,valid=0; invalid=0; risky=0; unknown=0
14909,>30M,figment.live,yes,,,https://embed.typeform.com/ ; https://form.typeform.com/to/odL42K ; https://livefigment.typeform.com/to/odL42K,0,,aos@2.3.1 ; hello@figment.live,showing_email_candidates,not_flagged,contact_pages,hello@figment.live,hello@figment.live,,,,valid=1; invalid=0; risky=0; unknown=0
14910,>30M,shaneywashington.com,yes,,,,0,,,no_public_email_found,not_flagged,contact_pages,,,,,,valid=0; invalid=0; risky=0; unknown=0
14911,>30M,legalinnovationcouncil.com,yes,,,https://legalinnovation.typeform.com/to/p5PJ1C ; https://legalinnovation.typeform.com/to/reI7Oq ; https://legalinnovation.typeform.com/to/zWITEW,0,,partner@legalinnovationcouncil.com,showing_email_candidates,not_flagged,contact_pages,partner@legalinnovationcouncil.com,,,,partner@legalinnovationcouncil.com,valid=0; invalid=0; risky=0; unknown=1
14912,>30M,kluster-x.com,yes,,,,0,,hello@kluster-x.com ; privacy@kluster-x.com,showing_email_candidates,not_flagged,contact_pages,hello@kluster-x.com,hello@kluster-x.com,,,,valid=1; invalid=0; risky=0; unknown=0
14913,>30M,labilletteriesaintoise.com,no,,,,0,,contact@labilletteriesaintoise.com ; contact@labilletteriesaintoise.fr,showing_email_candidates,not_flagged,contact_pages,contact@labilletteriesaintoise.com,contact@labilletteriesaintoise.com,,,,valid=1; invalid=0; risky=0; unknown=0
14914,>30M,amicale-energie.com,no,,,,0,,,no_public_email_found,not_flagged,contact_pages,,,,,,valid=0; invalid=0; risky=0; unknown=0
14915,>30M,arquitecturash.com,yes,,,https://ritygfq1jmy.typeform.com/to/rh0Wsqkq,0,,info@arquitecturash.com,showing_email_candidates,not_flagged,contact_pages,info@arquitecturash.com,,,,info@arquitecturash.com,valid=0; invalid=0; risky=0; unknown=1
14916,>30M,officepe.com,no,,,,0,,info@officepe.com,showing_email_candidates,not_flagged,contact_pages,info@officepe.com,,,,info@officepe.com,valid=0; invalid=0; risky=0; unknown=1
14917,>30M,eo-espanolonline.com,yes,,,,0,,eoespanolonline@gmail.com ; hola@eo-espanolonline.com,showing_email_candidates,not_flagged,contact_pages,,,,,,valid=0; invalid=0; risky=0; unknown=0
14918,>30M,keystonemerge.com,yes,,,https://3ek0z4kctqt.typeform.com/to/i2yX9BQw,0,,info@grottoyork.com ; info@keystonemerge.com,showing_email_candidates,not_flagged,contact_pages,info@keystonemerge.com,,,,info@keystonemerge.com,valid=0; invalid=0; risky=0; unknown=1
14919,>30M,drcaite.com,yes,,,https://ntltaw1viwe.typeform.com/to/jEfrSjfO,0,,thrive@drcaite.com,showing_email_candidates,not_flagged,contact_pages,,,,,,valid=0; invalid=0; risky=0; unknown=0
14920,>30M,peninsulaconcreteconstructions.com,yes,,,,0,,,no_public_email_found,not_flagged,contact_pages,,,,,,valid=0; invalid=0; risky=0; unknown=0
14921,>30M,ascendplatforms.com,no,,,,0,,admin@ascendplatforms.com ; your@email.com,showing_email_candidates,not_flagged,contact_pages,admin@ascendplatforms.com,admin@ascendplatforms.com,,,,valid=1; invalid=0; risky=0; unknown=0
14922,>30M,avocat-csa.ro,yes,,,https://eduardcioroaga.typeform.com/to/kaZlJd,0,,office@avocat-csa.ro,showing_email_candidates,not_flagged,contact_pages,office@avocat-csa.ro,,,,office@avocat-csa.ro,valid=0; invalid=0; risky=0; unknown=1
14923,>30M,theilab.kr,yes,,,,0,,,no_public_email_found,not_flagged,contact_pages,,,,,,valid=0; invalid=0; risky=0; unknown=0
14924,>30M,mitchellbaldridge.com,yes,,,https://baldridge.typeform.com/to/DVZkWSVA ; https://baldridge.typeform.com/to/Ka8JOoAe ; https://baldridge.typeform.com/to/W1HzPj4Z,0,,,no_public_email_found,not_flagged,contact_pages,,,,,,valid=0; invalid=0; risky=0; unknown=0
14925,>30M,pianosnearme.com,no,,,,0,,,no_public_email_found,not_flagged,contact_pages,,,,,,valid=0; invalid=0; risky=0; unknown=0
14926,>30M,atooppinen.fi,no,,,,0,,,no_public_email_found,not_flagged,contact_pages,,,,,,valid=0; invalid=0; risky=0; unknown=0
14927,>30M,europedirect-reims.fr,no,,,,0,,ciedreims@crij-grandest.fr,showing_email_candidates,not_flagged,contact_pages,,,,,,valid=0; invalid=0; risky=0; unknown=0
14928,>30M,seukin.com,yes,,,https://embed.typeform.com/ ; https://maryvillalobos.typeform.com/to/ktGqK1,0,,,no_public_email_found,not_flagged,contact_pages,,,,,,valid=0; invalid=0; risky=0; unknown=0
14929,>30M,gisellebaumet.com,yes,,,https://giselle636089.typeform.com/to/PreaOKoz,0,,giselle@gisellebaumet.com,showing_email_candidates,not_flagged,contact_pages,,,,,,valid=0; invalid=0; risky=0; unknown=0
14930,>30M,renkokings.com,no,,,,0,,support@renkokings.com,showing_email_candidates,not_flagged,contact_pages,support@renkokings.com,,,,support@renkokings.com,valid=0; invalid=0; risky=0; unknown=1
14931,>30M,skinaestheticsmedspa.com,yes,,,,0,,,no_public_email_found,not_flagged,contact_pages,,,,,,valid=0; invalid=0; risky=0; unknown=0
14932,>30M,sharityglobal.com,no,,,,0,,hello@sharityglobal.com,showing_email_candidates,not_flagged,contact_pages,hello@sharityglobal.com,hello@sharityglobal.com,,,,valid=1; invalid=0; risky=0; unknown=0
14933,>30M,immo-neuf-corse.com,yes,,,,0,,,no_public_email_found,not_flagged,contact_pages,,,,,,valid=0; invalid=0; risky=0; unknown=0
14934,>30M,bypareto.com,yes,,,https://5dwhdnnocmn.typeform.com/to/tDQFBjCq ; https://5dwhdnnocmn.typeform.com/to/TEzPcxMI,0,,bootstrap@4.6.2 ; emailto@example.com,showing_email_candidates,not_flagged,contact_pages,,,,,,valid=0; invalid=0; risky=0; unknown=0
14935,>30M,unityofminds.com,no,,,,0,,contact@unityofminds.com,showing_email_candidates,not_flagged,contact_pages,contact@unityofminds.com,contact@unityofminds.com,,,,valid=1; invalid=0; risky=0; unknown=0
14936,>30M,iamnotfinished.com,no,,,,0,,,no_public_email_found,not_flagged,contact_pages,,,,,,valid=0; invalid=0; risky=0; unknown=0
14937,>30M,situsamc.com,no,,,,0,,,no_public_email_found,not_flagged,contact_pages,,,,,,valid=0; invalid=0; risky=0; unknown=0
14938,>30M,50-ml.de,no,,,,0,,info@50-ml.com,showing_email_candidates,not_flagged,contact_pages,,,,,,valid=0; invalid=0; risky=0; unknown=0
14939,>30M,pure-partner.jp,no,,,,0,,,no_public_email_found,not_flagged,contact_pages,,,,,,valid=0; invalid=0; risky=0; unknown=0
14940,>30M,alliance4europe.eu,yes,,,https://alliance4europe.typeform.com/ ; https://form.typeform.com/to/LAh5zm6T,0,,a4e_logo_full-color-positive@2x-1280x696.png ; a4e_logo_full-color-positive@2x-480x261.png ; a4e_logo_full-color-positive@2x-980x533.png ; a4e_logo_full-color-positive@2x.png,showing_email_candidates,not_flagged,contact_pages,,,,,,valid=0; invalid=0; risky=0; unknown=0
14941,>30M,yourdiscoverycenter.com,no,,,,0,,,no_public_email_found,not_flagged,contact_pages,,,,,,valid=0; invalid=0; risky=0; unknown=0
14942,>30M,levelsevennyc.com,no,,,,0,,,no_public_email_found,not_flagged,contact_pages,,,,,,valid=0; invalid=0; risky=0; unknown=0
14943,>30M,hoenninger-wohnbau.de,yes,,,https://hoenninger.typeform.com/,0,,info@hoenninger.de,showing_email_candidates,not_flagged,contact_pages,,,,,,valid=0; invalid=0; risky=0; unknown=0
14944,>30M,seifuukai.jp,no,,,,0,,,no_public_email_found,not_flagged,contact_pages,,,,,,valid=0; invalid=0; risky=0; unknown=0
14945,>30M,cyemanagement.com,yes,,,,0,,,no_public_email_found,not_flagged,contact_pages,,,,,,valid=0; invalid=0; risky=0; unknown=0
14946,>30M,vatsan28.com,yes,,,,0,,,no_public_email_found,not_flagged,contact_pages,,,,,,valid=0; invalid=0; risky=0; unknown=0
14947,>30M,campregnancycare.com,no,,,,0,,,no_public_email_found,not_flagged,contact_pages,,,,,,valid=0; invalid=0; risky=0; unknown=0
14948,>30M,meetbw.com,yes,,,,0,,,no_public_email_found,not_flagged,contact_pages,,,,,,valid=0; invalid=0; risky=0; unknown=0
14949,>30M,shesdoingbigthings.com,yes,,,,0,,,no_public_email_found,not_flagged,contact_pages,,,,,,valid=0; invalid=0; risky=0; unknown=0
14950,>30M,alexisletoquin.com,no,,,,0,,,no_public_email_found,not_flagged,contact_pages,,,,,,valid=0; invalid=0; risky=0; unknown=0
14951,>30M,sdi-proekt.ru,yes,,,https://embed.typeform.com/ ; https://sdipro.typeform.com/to/hk3L50,0,,sdi-proekt@yandex.ru,showing_email_candidates,not_flagged,contact_pages,,,,,,valid=0; invalid=0; risky=0; unknown=0
14952,>30M,luigidelzoppo.net,yes,,,,0,,,no_public_email_found,not_flagged,contact_pages,,,,,,valid=0; invalid=0; risky=0; unknown=0
14953,>30M,muenchen-kammerjaeger.com,yes,,,https://5eytaeayu40.typeform.com/to/TOwJjF9l,0,,info@muenchen-kammerjaeger.com,showing_email_candidates,not_flagged,contact_pages,info@muenchen-kammerjaeger.com,,,,info@muenchen-kammerjaeger.com,valid=0; invalid=0; risky=0; unknown=1
14954,>30M,navpsicoterapia.cl,yes,,,https://tbiusorvwhb.typeform.com/to/O2JxpHq9,0,,,no_public_email_found,not_flagged,contact_pages,,,,,,valid=0; invalid=0; risky=0; unknown=0
14955,>30M,kindlingdating.com,yes,,,https://71uieh7fede.typeform.com/to/OoK7SozG ; https://71uieh7fede.typeform.com/to/sQ6aDRRA,0,,eimear@kindlingdating.com,showing_email_candidates,not_flagged,contact_pages,,,,,,valid=0; invalid=0; risky=0; unknown=0
14956,>30M,atlantatrichology.com,yes,,,https://form.typeform.com/to/vx9Yfi,0,,info@ninaross.co ; samad@simpleaid.ca,showing_email_candidates,not_flagged,contact_pages,,,,,,valid=0; invalid=0; risky=0; unknown=0
14957,>30M,augustogobatto.com,yes,,,https://6t3xcqbzrh0.typeform.com/to/Zhff5DQ9,0,,,no_public_email_found,not_flagged,contact_pages,,,,,,valid=0; invalid=0; risky=0; unknown=0
14958,>30M,choonpsy.com,no,,,,0,,,no_public_email_found,not_flagged,contact_pages,,,,,,valid=0; invalid=0; risky=0; unknown=0
14959,>30M,minami-k-clinic.com,no,,,,0,,,no_public_email_found,not_flagged,contact_pages,,,,,,valid=0; invalid=0; risky=0; unknown=0
14960,>30M,hyggeligste.no,no,,,https://embed.typeform.com/,0,,ben@schibsted.com ; benjamin@mittanbud.no ; bjornar.valstad@worldskills.no ; claudia.caroline.bajek@schibsted.com ; devadmin@hyggeligste.no ; eli@rornorge.no ; hei@hyggeligste.no ; hyggeadmin@schibsted.com ; nina.solli@nhobyggenaringen.no ; personvern@mittanbud.nodu ; postkasse@datatilsynet.no ; silje.kristine.skarstein@schibsted.com ; test@test.test ; you@example.com,showing_email_candidates,not_flagged,contact_pages,,,,,,valid=0; invalid=0; risky=0; unknown=0
14961,>30M,relayhub.jp,yes,,,https://embed.typeform.com/ ; https://form.typeform.com/to/BVgbRVDf,0,,asial-logo@2x.png ; asial-logo@3x.png ; corp-logo@2x.png ; corp-logo@3x.png ; hello@relayhub.jp ; nulab-logo@2x.png ; nulab-logo@3x.png ; profile-image@2x.png ; profile-image@3x.png,showing_email_candidates,not_flagged,contact_pages,hello@relayhub.jp,hello@relayhub.jp,,,,valid=1; invalid=0; risky=0; unknown=0
14962,>30M,monpermiscpf.com,no,,,,0,,contact@monpermiscpf.com,showing_email_candidates,not_flagged,contact_pages,contact@monpermiscpf.com,contact@monpermiscpf.com,,,,valid=1; invalid=0; risky=0; unknown=0
14963,>30M,carrusnetwork.se,yes,,,https://carrusnetwork.typeform.com/to/Ay1quw ; https://z1xz9ltzyyh.typeform.com/to/Mb48hssc,0,,alexandra@carrusnetwork.se ; polina@carrusnetwork.se,showing_email_candidates,not_flagged,contact_pages,,,,,,valid=0; invalid=0; risky=0; unknown=0
14964,>30M,kneuppercovey.com,yes,,,https://kneuppercovey.typeform.com/to/aVExtmBC,0,,,no_public_email_found,not_flagged,contact_pages,,,,,,valid=0; invalid=0; risky=0; unknown=0
14965,>30M,lakenonaperformanceclub.com,no,,,https://signetllc.typeform.com/,0,,alevy@iwp-llc.com ; bpoppenberg@iwp-llc.com ; dbrieva@iwp-llc.com ; info@lakenonaperformanceclub.com ; jweiss@iwp-llc.com ; lherrel@iwp-llc.com ; mhouseholder@iwp-llc.com ; robert@inclubgolf.com ; simple-parallax-js@5.6.1 ; slent@iwp-llc.com,showing_email_candidates,not_flagged,contact_pages,info@lakenonaperformanceclub.com,,,,info@lakenonaperformanceclub.com,valid=0; invalid=0; risky=0; unknown=1
14966,>30M,divini.edu.it,no,,,,0,,mctf010005@istruzione.it ; mctf010005@oec.istruzione.it ; mctf010005@pec.istruzione.it ; mctf10005@istruzione.it ; roberto.gentili@divini.org,showing_email_candidates,not_flagged,contact_pages,,,,,,valid=0; invalid=0; risky=0; unknown=0
14967,>30M,eidaiinn.com,no,,,,0,,,no_public_email_found,not_flagged,contact_pages,,,,,,valid=0; invalid=0; risky=0; unknown=0
14968,>30M,indus.investments,no,,,,0,,,no_public_email_found,not_flagged,contact_pages,,,,,,valid=0; invalid=0; risky=0; unknown=0
14969,>30M,tesoroat12.com,no,,,,0,,,no_public_email_found,not_flagged,contact_pages,,,,,,valid=0; invalid=0; risky=0; unknown=0
14970,>30M,sukiatravel.com,no,,,https://embed.typeform.com/ ; https://form.typeform.com/to/vDwbk6sV,0,,info@sukiatravel.com,showing_email_candidates,not_flagged,contact_pages,info@sukiatravel.com,,,,info@sukiatravel.com,valid=0; invalid=0; risky=0; unknown=1
14971,>30M,burnupfitness.com,yes,,,https://ftpp6rit7l9.typeform.com/to/pJ0n0pH4,0,,,no_public_email_found,not_flagged,contact_pages,,,,,,valid=0; invalid=0; risky=0; unknown=0
14972,>30M,gravenhurstfamilydentalcare.com,yes,,,https://embed.typeform.com/ ; https://revupgroup.typeform.com/to/SHIsvyL3,0,,info@gravenhurstfamilydentalcare.com,showing_email_candidates,not_flagged,contact_pages,info@gravenhurstfamilydentalcare.com,,,,info@gravenhurstfamilydentalcare.com,valid=0; invalid=0; risky=0; unknown=1
14973,>30M,sarwayteam.com,no,,,,0,,asarway@elliman.com ; sarwayteam@elliman.com,showing_email_candidates,not_flagged,contact_pages,,,,,,valid=0; invalid=0; risky=0; unknown=0
14974,>30M,iwagaki-clinic.com,no,,,,0,,,no_public_email_found,not_flagged,contact_pages,,,,,,valid=0; invalid=0; risky=0; unknown=0
14975,>30M,poperie.com,yes,,,https://qsbuz06ybid.typeform.com/to/ub5H0B8i,0,,jenna@harrisoncollective.com,showing_email_candidates,not_flagged,contact_pages,,,,,,valid=0; invalid=0; risky=0; unknown=0
14976,>30M,every-foods.com,no,,,,0,,hello@every-foods.com,showing_email_candidates,not_flagged,contact_pages,hello@every-foods.com,hello@every-foods.com,,,,valid=1; invalid=0; risky=0; unknown=0
14977,>30M,korrfitness.com,yes,,,https://27l3fjs7ci9.typeform.com/to/ku7QXkWQ,0,,korrfitness6_120x@2x.jpg ; korrfitness6_130x@2x.jpg,showing_email_candidates,not_flagged,contact_pages,,,,,,valid=0; invalid=0; risky=0; unknown=0
14978,>30M,theblackprintinstitute.com,yes,,,https://kyimfc671vc.typeform.com/to/MneGIn9T,0,,,no_public_email_found,not_flagged,contact_pages,,,,,,valid=0; invalid=0; risky=0; unknown=0
14979,>30M,naturaldfn.com,yes,,,https://alqjz0h6dpc.typeform.com/to/jKkECOP7,0,,,no_public_email_found,not_flagged,contact_pages,,,,,,valid=0; invalid=0; risky=0; unknown=0
14980,>30M,intensivpflege-vorpommern-greifswald.de,yes,,,,0,,,no_public_email_found,not_flagged,contact_pages,,,,,,valid=0; invalid=0; risky=0; unknown=0
14981,>30M,crowne-cards.com,no,,,,0,,,no_public_email_found,not_flagged,contact_pages,,,,,,valid=0; invalid=0; risky=0; unknown=0
14982,>30M,kennygechter.com,yes,,,,0,,,no_public_email_found,not_flagged,contact_pages,,,,,,valid=0; invalid=0; risky=0; unknown=0
14983,>30M,wanderwithwande.com,yes,,,,0,,info@wanderwithwande.com ; you@example.com,showing_email_candidates,not_flagged,contact_pages,info@wanderwithwande.com,,,,info@wanderwithwande.com,valid=0; invalid=0; risky=0; unknown=1
14984,>30M,wyrdwebworkshop.com,yes,,,https://embed.typeform.com/ ; https://matthewlpasteris.typeform.com/to/Wnvhkw,0,,,no_public_email_found,not_flagged,contact_pages,,,,,,valid=0; invalid=0; risky=0; unknown=0
14985,>30M,doctorlaleh.com,no,,,,0,,,no_public_email_found,not_flagged,contact_pages,,,,,,valid=0; invalid=0; risky=0; unknown=0
14986,>30M,rebelspacetech.com,yes,,,https://form.typeform.com/to/SD7cfK7n,0,,,no_public_email_found,not_flagged,contact_pages,,,,,,valid=0; invalid=0; risky=0; unknown=0
14987,>30M,beyoubefly.com,no,,,,0,,girlmiafly@gmail.com,showing_email_candidates,not_flagged,contact_pages,,,,,,valid=0; invalid=0; risky=0; unknown=0
14988,>30M,saswave.com,yes,,,https://q0pu7k8yrur.typeform.com/to/VbWAtkAx,0,,dev@saswave.com,showing_email_candidates,not_flagged,contact_pages,,,,,,valid=0; invalid=0; risky=0; unknown=0
14989,>30M,tonality.ie,no,,,,0,,,no_public_email_found,not_flagged,contact_pages,,,,,,valid=0; invalid=0; risky=0; unknown=0
14990,>30M,pierre-de-nantes.fr,no,,,,0,,,no_public_email_found,not_flagged,contact_pages,,,,,,valid=0; invalid=0; risky=0; unknown=0
14991,>30M,arkee.fr,yes,,,https://arkee.typeform.com/to/mQnRu5V8,0,,,no_public_email_found,not_flagged,contact_pages,,,,,,valid=0; invalid=0; risky=0; unknown=0
14992,>30M,kitchenbase.jp,no,,,,0,,flags@2x-9d5328fb490cddd43f6698012123404b.png,showing_email_candidates,not_flagged,contact_pages,,,,,,valid=0; invalid=0; risky=0; unknown=0
14993,>30M,bisankikou.com,no,,,,0,,,no_public_email_found,not_flagged,contact_pages,,,,,,valid=0; invalid=0; risky=0; unknown=0
14994,>30M,g-quiz.com,yes,,,https://b60o6hsxmfe.typeform.com/to/EKR9J5Np,0,,baba@g-quiz.com ; bjayteh@gmail.com ; info@g-quiz.com,showing_email_candidates,not_flagged,contact_pages,info@g-quiz.com,,,,info@g-quiz.com,valid=0; invalid=0; risky=0; unknown=1
14995,>30M,cflowprod.com,no,,,,0,,,no_public_email_found,not_flagged,contact_pages,,,,,,valid=0; invalid=0; risky=0; unknown=0
14996,>30M,thebodybuildingphysio.com,yes,,,https://utq41i8zu8f.typeform.com/to/sOEy9nMt,0,,hello@workout.com ; paul@paddoperformance.com,showing_email_candidates,not_flagged,contact_pages,,,,,,valid=0; invalid=0; risky=0; unknown=0
14997,>30M,familyrapport.com,yes,,,,0,,hello@familyrapport.com ; jane@example.com ; your@email.com,showing_email_candidates,not_flagged,contact_pages,hello@familyrapport.com,hello@familyrapport.com,,,,valid=1; invalid=0; risky=0; unknown=0
14998,>30M,fbpcpa.com,yes,,,,0,,,no_public_email_found,not_flagged,contact_pages,,,,,,valid=0; invalid=0; risky=0; unknown=0
14999,>30M,manualeefficace.com,yes,,,https://marinileonardo.typeform.com/to/X6yB4Aju,0,,,no_public_email_found,not_flagged,contact_pages,,,,,,valid=0; invalid=0; risky=0; unknown=0
15000,>30M,codefold.org,no,,,,0,,,no_public_email_found,not_flagged,contact_pages,,,,,,valid=0; invalid=0; risky=0; unknown=0
