position,publicwww_rank,domain,homepage_url,emails,mailto_emails,live_typeform_urls,pages_checked,robots_status,http_status
13,20422,t13.cl,https://www.t13.cl/,t13@13.cl,,,0,ok,200
3,2287,answers.com,https://www.answers.com/,support@answers.com ; u003esupport@answers.com,support@answers.com,,2,ok,200
8,12731,brobible.com,https://brobible.com/,brandon@brobible.com ; cass@brobible.com ; clay@brobible.com ; connor@brobible.com ; dougs@brobible.com ; eric@brobible.com ; garrett@brobible.com ; jacob@brobible.com ; jason@brobible.com ; jorge@brobible.com,brandon@brobible.com,https://getadmiral.typeform.com/to/s8M2nY5H,2,ok,200
2,1863,eset.com,https://www.eset.com/,pr@eset.com,,,2,ok,200
17,26429,privateemail.com,https://privateemail.com/,pesupport@namecheap.com ; support@brandstore.com ; support@namecheap.com ; support@spaceship.com,,https://embed.typeform.com/,0,ok,200
16,23380,80.lv,https://80.lv/,arti@80.lv ; editor@80.lv ; k.tokarev@80.lv,,https://80level.typeform.com/,1,ok,200
21,36007,designmynight.com,https://www.designmynight.com/,katie@designmynight.com ; launchdarkly-js-client-sdk@3.2.0,katie@designmynight.com,,2,ok,200
6,9456,mixpanel.com,https://mixpanel.com/home/,d73fef86381aca393554093c8e57ce75@o81318.ingest.us.sentry.io ; support@mixpanel.com,support@mixpanel.com,,2,ok,200
15,22626,elheraldo.hn,https://www.elheraldo.hn/,redaccion@elheraldo.hn,redaccion@elheraldo.hn,,1,ok,200
11,19343,laprensa.hn,https://www.laprensa.hn/,publicidadsps@go.com.hn ; redaccion@laprensa.hn ; suscripciones@go.com.hn ; suscripcionesdigitales@go.com.hn,publicidadsps@go.com.hn ; redaccion@laprensa.hn ; suscripciones@go.com.hn ; suscripcionesdigitales@go.com.hn,,2,ok,200
24,39253,npl.co.uk,https://www.npl.co.uk/,careers@npl.co.uk ; dataprotectionofficer@npl.co.uk ; events@npl.co.uk ; legal@npl.co.uk ; library@npl.co.uk ; mediaenquiries@npl.co.uk ; salesforcesupport@npl.co.uk ; spencer.smith@npl.co.uk,,,2,ok,200
18,28456,setmore.com,https://www.setmore.com:443/,female-gym-coach-instructing-man-crop@2x.png ; female-gym-coach-instructing-man-crop@2x.webp ; female-gym-coach-instructing-man@2x.png ; female-gym-coach-instructing-man@2x.webp ; flags@2x.png ; help@setmore.com ; man-standing-folded-hands-tablet@2x.png ; man-standing-folded-hands-tablet@2x.webp ; man-standing-folded-hands@2x.png ; man-standing-folded-hands@2x.webp ; office-365-integration-mobile@2x.png ; office-365-integration-mobile@2x.webp ; office-365-integration@2x.png ; office-365-integration@2x.webp ; qr-code-appointment-booking-crop@2x.png ; qr-code-appointment-booking-crop@2x.webp ; qr-code-appointment-booking@2x.png ; qr-code-appointment-booking@2x.webp ; sales-team-crop@2x.png ; sales-team-crop@2x.webp ; sales-team@2x.png ; sales-team@2x.webp ; setmore-booking-page-branding@2x.png ; setmore-booking-page-branding@2x.webp ; setmore-booking-page-crop@2x.png ; setmore-booking-page-crop@2x.webp ; setmore-booking-page-integrations@2x.png ; setmore-booking-page-integrations@2x.webp ; setmore-booking-page@2x.png ; setmore-booking-page@2x.webp ; setmore-calendar-crop@2x.png ; setmore-calendar-crop@2x.webp ; setmore-calendar@2x.png ; setmore-calendar@2x.webp ; setmore-online-booking-page@2x.png ; setmore-online-booking-page@2x.webp ; setmore-sales-client-mobile@2x.png ; setmore-sales-client-mobile@2x.webp ; setmore-sales-client@2x.png ; setmore-sales-client@2x.webp ; setmore-scheduling-software-crop@2x.png ; setmore-scheduling-software-crop@2x.webp ; setmore-scheduling-software-tablet@2x.png ; setmore-scheduling-software-tablet@2x.webp ; setmore-scheduling-software@2x.png ; setmore-scheduling-software@2x.webp ; setmore_mockup-calendar-multidevice-crop@2x.png ; setmore_mockup-calendar-multidevice-crop@2x.webp ; setmore_mockup-calendar-multidevice@2x.png ; setmore_mockup-calendar-multidevice@2x.webp ; two-smiling-ladies-customer-service-crop@2x.png ; two-smiling-ladies-customer-service-crop@2x.webp ; two-smiling-ladies-customer-service@2x.png ; two-smiling-ladies-customer-service@2x.webp ; women-with-coat@2x.png ; women-with-coat@2x.webp,help@setmore.com,,2,ok,200
19,29718,flippingbook.com,https://flippingbook.com/,amro@2x.jpg ; amro@2x.png ; amro@2x.webp ; asian@2x.png ; asian@2x.webp ; back-layer@2x.png ; back-layer@2x.webp ; bmw@2x.png ; bmw@2x.webp ; brands@2x.png ; brands@2x.webp ; company-newsletter@2x.png ; company-newsletter@2x.webp ; cornelio@2x.jpg ; cornelio@2x.png ; cornelio@2x.webp ; domains@2x.png ; domains@2x.webp ; education@2x.jpg ; education@2x.webp ; flipbook.en@2x.avif ; flipbook.en@2x.png ; flipbook.en@2x.webp ; glass-bookshelf@2x.png ; glass-bookshelf@2x.webp ; hilton@2x.png ; hilton@2x.webp ; insurance@2x.jpg ; insurance@2x.webp ; liebmann@2x.jpg ; liebmann@2x.png ; liebmann@2x.webp ; logo-static@2x.jpg ; logo-static@2x.webp ; logo@2x.gif ; logo@2x.webp ; man1@2x.png ; man1@2x.webp ; man2@2x.png ; man2@2x.webp ; manufacturing@2x.jpg ; manufacturing@2x.webp ; marketing@2x.jpg ; marketing@2x.webp ; moore-giles@2x.png ; moore-giles@2x.webp ; national-geographic-magazine@2x.png ; national-geographic-magazine@2x.webp ; nonprofit@2x.jpg ; nonprofit@2x.webp ; perfect-coursebook@2x.png ; perfect-coursebook@2x.webp ; preview@2x.jpg ; preview@2x.mp4 ; preview@2x.webp ; real-estate@2x.jpg ; real-estate@2x.webp ; sales@2x.jpg ; sales@2x.webp ; scheuber@2x.jpg ; scheuber@2x.png ; scheuber@2x.webp ; slatkin@2x.jpg ; slatkin@2x.png ; slatkin@2x.webp ; suc_coffe@2x.avif ; suc_coffe@2x.jpg ; suc_coffe@2x.webp ; teoh@2x.jpg ; teoh@2x.png ; teoh@2x.webp ; top-layer@2x.png ; top-layer@2x.webp ; treasury-publisher@2x.png ; treasury-publisher@2x.webp ; valve-handbook@2x.png ; valve-handbook@2x.webp ; video-preview-mobile.en@2x.avif ; video-preview-mobile.en@2x.jpg ; video-preview-mobile.en@2x.webp ; video-preview.en@2x.avif ; video-preview.en@2x.jpg ; video-preview.en@2x.webp ; wecharity@2x.png ; wecharity@2x.webp ; woman@2x.png ; woman@2x.webp,,https://flippingbook.typeform.com/to/BZqKKweU,2,ok,200
26,45127,7sage.com,https://7sage.com/,studentservice@7sage.com,,,1,unavailable,200
36,71610,musicfeeds.com.au,https://musicfeeds.com.au/,bookingsau@evolvemediallc.com ; bookingsau@evolvmemediallc.com ; contact@musicfeeds.com.au ; emmy@musicfeeds.com.au ; paul.tamburro@evolvemediallc.com,bookingsau@evolvmemediallc.com ; contact@musicfeeds.com.au ; emmy@musicfeeds.com.au ; paul.tamburro@evolvemediallc.com,,2,ok,200
25,42528,ouhsc.edu,https://ouhsc.edu/,bootstrap@5.3.2,,,2,unavailable,200
28,48287,mariadb.org,https://mariadb.org/,anna@mariadb.org ; daniel@mariadb.org ; faustin@mariadb.org ; foundation@mariadb.org ; jeb@mariadb.org ; joro@mariadb.org ; kaj@mariadb.org ; lefred@mariadb.org ; morozov@mariadb.org ; security@mariadb.org,anna@mariadb.org ; daniel@mariadb.org ; faustin@mariadb.org ; jeb@mariadb.org ; joro@mariadb.org ; kaj@mariadb.org ; lefred@mariadb.org ; morozov@mariadb.org ; security@mariadb.org,https://mariadb.typeform.com/,2,ok,200
22,36928,visionguinee.info,https://www.visionguinee.info/,aissatou.diallo@visionguine.info ; amadou.barry@visionguinee.info ; bahpathe17@gmail.com ; boussouriou.bah@visionguine.info ; cire.balde@visionguinee.info ; contact@visionguinee.info ; djiwo.barry@visionguine.info ; isoabdoullatifoulare@gmail.com ; mady.bangoura@visionguine.info ; mamdia1990@gmail.com ; safiyaatoubah@gmail.com ; safiyatoubah@gmail.com ; salimbalde91@gmail.com ; sidy.bah@visionguinee.info ; teliwel012@gmail.com,bahpathe17@gmail.com ; isoabdoullatifoulare@gmail.com ; mamdia1990@gmail.com ; safiyatoubah@gmail.com ; salimbalde91@gmail.com,https://form.typeform.com/to/ePh2pIv1,2,ok,200
40,93161,cooljugator.com,https://cooljugator.com/,info@cooljugator.com,,https://embed.typeform.com/,1,ok,200
34,68405,seotesteronline.com,https://www.seotesteronline.com/,azienda@pec.it ; g.sciuto@seotesteronline.com ; info@example.com ; info@seotesteronline.com ; partnership@seotesteronline.com ; s.tucci@seotesteronline.com ; support@seotesteronline.com ; support@seotesteronline.comfor ; v.urzi@seotesteronline.com,,https://seotesteronline.typeform.com/to/F1R9Vz68 ; https://seotesteronline.typeform.com/to/PU9OHpGg ; https://seotesteronline.typeform.com/to/uANeH21m,1,ok,200
44,108283,animeuknews.net,https://animeuknews.net/,affiliate-plugin-amazon@3.0.0 ; affiliate@3.0.2 ; hello@animeuknews.net,hello@animeuknews.net,https://embed.typeform.com/,2,ok,200
42,101711,eurohandball.com,https://www.eurohandball.com/,handball_euro_ops@infrontsports.com ; media@eurohandball.com ; mediatv@ehfmarketing.com,handball_euro_ops@infrontsports.com ; media@eurohandball.com ; mediatv@ehfmarketing.com,https://homeofhandball.typeform.com/to/W03Pw3cr,2,ok,200
23,37542,utmb.edu,https://www.utmb.edu/,social@utmb.edu ; utmbjobs@utmb.edu,social@utmb.edu ; utmbjobs@utmb.edu,,2,unavailable,200
29,51681,nuzzel.com,https://nuzzel.com/,info@nuzzel.com,,https://www.typeform.com/,2,ok,200
5,7462,jvzoo.com,https://www.jvzoo.com/,aos@2.3.4 ; bootstrap@5.3.2 ; bootstrap@5.3.3 ; support@jvzoo.com,,https://yoursuccess.typeform.com/to/UOVV2lnt,2,ok,200
50,123815,formdesk.com,https://formdesk.com/en/,info@formdesk.com,info@formdesk.com,,2,ok,200
37,79356,recoilweb.com,https://www.recoilweb.com/,advertising@recoilweb.com ; appsupport@zinio.com ; digitalhelp@enthusiastnetwork.com ; gcastle@recoilweb.com ; recoil@emailcustomerservice.com ; recoil@enthusiastnetwork.com ; recoil@recoilweb.com ; support@recoilmagazineservice.com,advertising@recoilweb.com ; appsupport@zinio.com ; digitalhelp@enthusiastnetwork.com ; gcastle@recoilweb.com ; recoil@emailcustomerservice.com ; recoil@enthusiastnetwork.com ; recoil@recoilweb.com,https://cariboumedia.typeform.com/to/dD7vOG,2,ok,200
51,124714,hokify.at,https://hokify.at/,f831009786e549839b6c46b971b185e6@sentry.hokify.com,,,2,ok,200
33,65085,alfred.com,https://www.alfred.com/,customerservice@alfred.com,customerservice@alfred.com,,2,ok,200
57,147749,cestarcollege.com,https://cestarcollege.com/,admissions@cestarcollege.com ; info@cestarcollege.com,info@cestarcollege.com,https://ug7ov3hlhyf.typeform.com/to/I8DCH6rO,2,ok,200
56,147194,qzzr.com,https://qzzr.com/,purple-3d-icons-copy@3-1512x858-picsart-backgroundremover-1-1024x779.webp ; purple-3d-icons-copy@3-1512x858-picsart-backgroundremover-1-1536x1169.webp ; purple-3d-icons-copy@3-1512x858-picsart-backgroundremover-1-300x228.webp ; purple-3d-icons-copy@3-1512x858-picsart-backgroundremover-1-768x585.webp ; purple-3d-icons-copy@3-1512x858-picsart-backgroundremover-1.webp,,,2,ok,200
46,109978,cybex-online.com,https://www.cybex-online.com/en/de,press@cybex-online.com,press@cybex-online.com,,2,ok,200
58,149297,agua.org.mx,https://agua.org.mx/,bootstrap-icons@1.13.1,,https://tipousuarios.typeform.com/to/e7yDkL,1,ok,200
53,135296,nuits-sonores.com,https://nuits-sonores.com/,bonjour@arty-farty.eu ; presse@arty-farty.eu,bonjour@arty-farty.eu ; presse@arty-farty.eu,https://arty-farty.typeform.com/to/aH15fUoB,2,ok,200
62,157221,produzionidalbasso.com,https://www.produzionidalbasso.com/,f342387066234727f60b7e3f7795af26@o4509961301590016.ingest.de.sentry.io ; info@produzionidalbasso.com,info@produzionidalbasso.com,https://form.typeform.com/to/bTOLpP7j,1,ok,200
61,152985,crisistextline.org,https://www.crisistextline.org/,press@crisistextline.org ; username@service.domain,press@crisistextline.org,https://gl7zkfwwo5r.typeform.com/,2,ok,200
72,194913,iicrc.org,https://iicrc.org/,certifiedfirms@iicrc.org ; exams@iicrc.org ; iicrc4u@iicrc.org ; renewals@iicrc.org ; standards@iicrc.org,,https://iicrcmarketing.typeform.com/to/Yhkb24oq ; https://iicrcmarketing.typeform.com/to/pWNmFZSO,2,ok,200
49,123690,libertylondon.com,https://www.libertylondon.com/,customerservices@libertylondon.com ; swiper@5.4.3,,,1,ok,200
63,157904,autofact.cl,https://www.autofact.cl:443/,nombre@tucorreo.cl ; tucorreo@gmail.com ; usuario@correo.cl,,,1,ok,200
74,199080,webpositer.com,https://www.webpositer.com/,gsap@3.12.5 ; info@webpositer.com,,https://webpositer.pro.typeform.com/,0,ok,200
66,160459,wwf.se,https://www.wwf.se/,givarservice@wwf.se ; hanna.odelfors@wwf.se ; info@wwf.se ; jessica.angstrom@wwf.se ; nina.schmieder@wwf.se ; press@wwf.se ; thea.eklof@wwf.se ; troy.enekvist@wwf.se,givarservice@wwf.se ; hanna.odelfors@wwf.se ; info@wwf.se ; jessica.angstrom@wwf.se ; nina.schmieder@wwf.se ; press@wwf.se ; thea.eklof@wwf.se ; troy.enekvist@wwf.se,,2,ok,200
75,205559,saleshandy.com,https://saleshandy.com/,contribute@saleshandy.com ; help@saleshandy.com ; john@acme-mail.com ; john@getacmehq.com ; john@tryacme.co ; privacy@saleshandy.com ; s.chen@acmecorp.com ; sales@saleshandy.com,contribute@saleshandy.com ; help@saleshandy.com ; privacy@saleshandy.com ; sales@saleshandy.com,,2,ok,200
78,210662,repsol.es,https://www.repsol.es/particulares/,clientes.tienda@repsol.com ; email@email.com ; gestion.clientes@repsolluzygas.com ; lubricantes@repsol.com ; protecciondedatos@repsol.com ; protecciondedatos@repsolluzygas.com ; saceess@repsol.com ; sacgas@repsol.com ; sacventas@repsol.com,clientes.tienda@repsol.com ; gestion.clientes@repsolluzygas.com ; lubricantes@repsol.com ; protecciondedatos@repsol.com ; protecciondedatos@repsolluzygas.com ; saceess@repsol.com ; sacgas@repsol.com ; sacventas@repsol.com,,1,ok,200
67,161879,hautsdefrance.fr,https://www.hautsdefrance.fr/,lucie.marciniak@hautsdefrance.fr ; peggy.collette@hautsdefrance.fr ; sidonie.ratte@hautsdefrance.fr ; tristan.joly@hautsdefrance.fr,lucie.marciniak@hautsdefrance.fr ; peggy.collette@hautsdefrance.fr ; sidonie.ratte@hautsdefrance.fr ; tristan.joly@hautsdefrance.fr,,2,ok,200
77,206441,espresso.co.uk,https://www.espresso.co.uk/,espresso-website-hmepage-beyond-curriculum@2x-qc3ugffj9pxfw4rd4ao0y96rod0gv6ix50atbz3glg.png ; espresso-website-hmepage-curriculum@2x-qc3ucru4owxaqq2igps996e8if12xk0hywyu58iksk.png ; espresso-website-hmepage-news-and-topical@2x-qc3ugprrcwblfuccfx4x7oku7lli7unyufh5m0o4p0.png ; espresso-website-homepage-features-customise@4x-qbmqdexyaylq9a91ngp952eurr7v7shetlf4zba5q8.png ; espresso-website-homepage-features-customise@4x-qbmqdexyfs9oa8n326cb8gcdfxuommx3zepy18pt4e.png ; espresso-website-homepage-features-interactiveresources@4x-qbmqdexyaylq9a91ngp952eurr7v7shetlf4zba5q8.png ; espresso-website-homepage-features-interactiveresources@4x-qbmqdexyfs9oa8n326cb8gcdfxuommx3zepy18pt4e.png ; espresso-website-homepage-features-lessonplanning@4x-qbmqdexyaylq9a91ngp952eurr7v7shetlf4zba5q8.png ; espresso-website-homepage-features-lessonplanning@4x-qbmqdexyfs9oa8n326cb8gcdfxuommx3zepy18pt4e.png ; espresso-website-homepage-features-news-topical@4x-qbmqdexyaylq9a91ngp952eurr7v7shetlf4zba5q8.png ; espresso-website-homepage-features-news-topical@4x-qbmqdexyfs9oa8n326cb8gcdfxuommx3zepy18pt4e.png ; espresso-website-homepage-heros-book-a-consultation@3x-1024x705.png ; espresso-website-homepage-heros-book-a-consultation@3x.png ; espresso-website-homepage-heros-what-is-espresso@3x-1024x705.png ; espresso-website-homepage-heros-what-is-espresso@3x-1536x1058.png ; espresso-website-homepage-heros-what-is-espresso@3x-300x207.png ; espresso-website-homepage-heros-what-is-espresso@3x-768x529.png ; espresso-website-homepage-heros-what-is-espresso@3x.png ; espresso-website-homepage-whyespresso-customsiable-content@3x-150x150.png ; espresso-website-homepage-whyespresso-customsiable-content@3x.png ; espresso-website-homepage-whyespresso-diverse-resources@3x-150x150.png ; espresso-website-homepage-whyespresso-diverse-resources@3x.png ; espresso-website-homepage-whyespresso-news-topical@3x-150x150.png ; espresso-website-homepage-whyespresso-news-topical@3x.png ; espresso-website-homepage-whyespresso-one-platform@3x-150x150.png ; espresso-website-homepage-whyespresso-one-platform@3x.png ; espresso-website-schoolslogos-the-roche-school@2x-qbmqdexyqqz7j6oqeykg5sxgznqqqzpfegzm3b8bu0.png ; espresso-website-schoolslogos-the-roche-school@2x.png ; espresso-website-whatisespresso1@2x-1024x576.png ; espresso-website-whatisespresso1@2x-300x169.png ; espresso-website-whatisespresso1@2x-768x432.png ; espresso-website-whatisespresso1@2x.png ; espresso-website-whatisespresso2@2x-qbmqdey4orfjm04xpqsc5elcnw2w8fesmyutane3fy.png ; espresso-website-whatisespresso3@2x-1024x576.png ; espresso-website-whatisespresso3@2x-300x169.png ; espresso-website-whatisespresso3@2x-768x432.png ; espresso-website-whatisespresso3@2x.png ; espresso-website-whatisespresso4@2x-1024x576.png ; espresso-website-whatisespresso4@2x-300x169.png ; espresso-website-whatisespresso4@2x-768x432.png ; espresso-website-whatisespresso4@2x.png,,,2,ok,200
73,197630,soprema.fr,https://www.soprema.fr/,assistance@soprema.fr ; formation@soprema.fr,formation@soprema.fr,,2,ok,200
85,230122,stripo.email,https://stripo.email/,affiliates@stripo.email ; contact@stripo.email ; oleksandra.khlystova@stripo.email ; stripo-team_1@2x.jpg ; stripo-team_1@2x.webp ; stripo-team_2@2x.jpg ; stripo-team_2@2x.webp ; stripo-team_3@2x.jpg ; stripo-team_3@2x.webp ; stripo-team_4@2x.jpg ; stripo-team_4@2x.webp ; stripo-team_5@2x.jpg ; stripo-team_5@2x.webp ; stripo-team_6@2x.jpg ; stripo-team_6@2x.webp ; stripo-team_7@2x.jpg ; stripo-team_7@2x.webp ; stripo-team_8@2x.jpg ; stripo-team_8@2x.webp ; support@stripo.email,affiliates@stripo.email ; contact@stripo.email ; oleksandra.khlystova@stripo.email ; support@stripo.email,,2,ok,200
93,245617,comingsoon-tech.com,https://comingsoon-tech.com/,team@agency20.com,,https://agency20.typeform.com/to/xRbUJN ; https://embed.typeform.com/,0,ok,200
59,150970,h2impression.fr,https://h2impression.fr/,bastille@h2copy.fr ; bourse@h2copy.fr ; gobelins@h2copy.fr ; info@h2impression.fr ; montparnasse@h2copy.fr ; textile@h2impression.fr ; vaneau@h2copy.fr ; vincennes@h2copy.fr,info@h2impression.fr,,2,ok,200
81,224916,icom.museum,https://icom.museum/en/,declration_bg@2x.png ; map_bg@2x.png ; political-conference-2023-11-27-04-55-06-utc@2x.jpg ; red_list_bg@2x.jpg ; slick-carousel@1.8.1 ; training@icom.museum,training@icom.museum,,2,ok,200
84,228450,velux.com,https://www.velux.com/,caroline.courteau@velux.com ; christian.hansen@velux.com ; christine.dannisoee@velux.com ; clara.schubert@velux.com ; stine.paulsen@velux.com,caroline.courteau@velux.com ; christian.hansen@velux.com ; christine.dannisoee@velux.com ; clara.schubert@velux.com ; stine.paulsen@velux.com,,2,ok,200
87,232919,csswizardry.com,https://csswizardry.com/,csswizardry@gmail.com ; email@domain.com ; harry@csswizardry.com,csswizardry@gmail.com,https://www.typeform.com/,2,ok,200
91,237132,pordata.pt,https://www.pordata.pt/,pordata@ffms.pt,pordata@ffms.pt,,0,ok,200
83,226640,oliviaburton.com,https://www.oliviaburton.com/uk/home,jquery-validation@1.19.5 ; slick@1.8.1,,,2,ok,200
86,230230,gdandtbasics.com,https://www.gdandtbasics.com/,emily@gdandtbasics.com ; jaime@gdandtbasics.com ; kim@gdandtbasics.com ; lisa@gdandtbasics.com ; u003eemily@gdandtbasics.com ; u003ejaime@gdandtbasics.com ; u003ekim@gdandtbasics.com ; u003elisa@gdandtbasics.com,,https://gdandtbasics.typeform.com/ ; https://gdandtbasics.typeform.com/to/N1rraQ5O,2,ok,200
95,252555,roberts.edu,https://www.roberts.edu/,academicaffairs@roberts.edu ; admissions@roberts.edu ; alumni@roberts.edu ; careeroffice@roberts.edu ; giving@roberts.edu ; helpdesk@roberts.edu ; klintworth_steven@roberts.edu ; lanni_rhonda@roberts.edu ; maldonado_joey@roberts.edu ; media@roberts.edu ; registration_office@roberts.edu ; roberts@slingshotedu.com ; servicedesk@roberts.edu ; spirituallife@roberts.edu ; student_life@roberts.edu ; studentfinancial@roberts.edu ; tlc@roberts.edu ; wellnesscenter@roberts.edu,academicaffairs@roberts.edu ; admissions@roberts.edu ; alumni@roberts.edu ; careeroffice@roberts.edu ; giving@roberts.edu ; helpdesk@roberts.edu ; klintworth_steven@roberts.edu ; lanni_rhonda@roberts.edu ; maldonado_joey@roberts.edu ; media@roberts.edu ; registration_office@roberts.edu ; roberts@slingshotedu.com ; servicedesk@roberts.edu ; spirituallife@roberts.edu ; student_life@roberts.edu ; studentfinancial@roberts.edu ; tlc@roberts.edu ; wellnesscenter@roberts.edu,,2,ok,200
98,254846,tropicalmba.com,https://tropicalmba.com/,jane@tropicalmba.com,,https://14sd8k3d6c1.typeform.com/to/aX9YfmGH,2,ok,200
97,254275,cortinas.es,https://www.cortinas.es/,intl-tel-input@24.6.0 ; swiper@6.8.4,,https://cortinases.typeform.com/to/csCVR9 ; https://embed.typeform.com/ ; https://form.typeform.com/to/l7uxIaWf,2,ok,200
108,279905,argeweb.nl,https://www.argeweb.nl/,support@argeweb.nl,support@argeweb.nl,,2,ok,200
35,70057,sporteasy.net,https://www.sporteasy.net/fr/,nizar.melki@sporteasy.net,nizar.melki@sporteasy.net,,2,ok,200
92,244460,listerhill.com,https://listerhill.com/,email@domain.com ; insurance@truhome.com ; mortgageservicing@truhome.com,,,2,ok,200
94,246135,nslcleaders.org,https://www.nslcleaders.org/,info@nslcleaders.org,info@nslcleaders.org,,2,ok,200
100,259301,dataart.com,https://www.dataart.com/,careers.beg@dataart.com ; careers.bengaluru@dataart.com ; careers.lodz@dataart.com ; careers.yerevan@dataart.com ; ch-sales@dataart.com ; cluj-office@dataart.com ; de-sales@dataart.com ; dubai-sales@dataart.com ; email@domain.com ; hr-alm@dataart.com ; hr-ast@dataart.com ; hr-cyprus@dataart.com ; hr-dp@dataart.com ; hr-kh@dataart.com ; hr-krakow@dataart.com ; hr-kyiv@dataart.com ; hr-lublin@dataart.com ; hr-lviv@dataart.com ; hr-mty@dataart.com ; hr-od@dataart.com ; hr-riga@dataart.com ; hr-sf@dataart.com ; hr-vna@dataart.com ; hr-waw@dataart.com ; hr-wroclaw@dataart.com ; new-york@dataart.com ; orlando@dataart.com ; sales@dataart.com ; uk-sales@dataart.com,ch-sales@dataart.com ; de-sales@dataart.com ; new-york@dataart.com ; uk-sales@dataart.com,,2,ok,200
115,287427,deux.io,https://deux.io/,gsap@3.12.5 ; lenis@1.1.16 ; robert@gmail.com,,https://deuxio.typeform.com/to/MMUCIr ; https://sonate-group.typeform.com/to/thTsEzA7,1,ok,200
80,216381,rmwilliams.com.au,https://www.rmwilliams.com.au/,cloudinary-core@2.6.3 ; contactusformotherenquiries@rmwilliams.com.au ; customerservice@rmwilliams.com.au ; media@tattarang.com ; noreply@rmwilliams.com.au ; partnerships@rmwilliams.com.au ; peopleandcultureenquiries@rmwilliams.com.au ; rorders@rmwilliams.com.au ; sustainabilityrm@rmwilliams.com.au ; webfeedback@rmwilliams.atlassian.net ; websitefeedback@rmwilliams.com.au,customerservice@rmwilliams.com.au ; noreply@rmwilliams.com.au,,2,ok,200
116,293517,dodenhof.de,https://www.dodenhof.de/,info@basecom.de ; info@dodenhof.de ; shop@dodenhof.de,info@basecom.de ; info@dodenhof.de ; shop@dodenhof.de,,2,ok,200
102,264299,precedent.com,https://precedent.com/,helpdesk@precedent.com ; info@precedent.com ; sales@precedent.com,helpdesk@precedent.com ; info@precedent.com ; sales@precedent.com,,2,ok,200
111,283077,alphagamma.eu,https://www.alphagamma.eu/,info@alphagamma.eu,info@alphagamma.eu,https://alphagamma.typeform.com/to/WCrd23 ; https://alphagamma.typeform.com/to/uHJEoU,2,ok,200
118,295983,kualo.com,https://www.kualo.com/,logo@2x.png,,https://embed.typeform.com/ ; https://form.typeform.com/to/mBRZ61mG,2,ok,200
121,303091,zoechurch.org,https://www.zoechurch.org/,info@zoechurch.org,,,0,ok,200
126,308619,mydeposits.co.uk,https://www.mydeposits.co.uk/,businessdevelopment@mydeposits.co.uk ; depositcap@mydeposits.co.uk ; helen@theinhouseway.co.uk ; info.custodial@mydeposits.co.uk ; info@mydeposits.co.uk,depositcap@mydeposits.co.uk ; helen@theinhouseway.co.uk ; info.custodial@mydeposits.co.uk ; info@mydeposits.co.uk,https://form.typeform.com/to/axGSAdou,2,ok,200
120,301243,seoquantum.com,https://www.seoquantum.com/,sourcebuster@1.1.0,,,2,ok,200
131,321659,eoimalaga.com,https://www.eoimalaga.com/web/,adistancia@eoimalaga.com ; aleman@eoimalaga.com ; arabe@eoimalaga.com ; chino@eoimalaga.com ; direccion@eoimalaga.com ; espanol@eoimalaga.com ; frances@eoimalaga.com ; griego@eoimalaga.com ; ingles@eoimalaga.com ; italiano@eoimalaga.com ; japones@eoimalaga.com ; portugues@eoimalaga.com ; ruso@eoimalaga.com ; semipresencial@eoimalaga.com,adistancia@eoimalaga.com ; aleman@eoimalaga.com ; arabe@eoimalaga.com ; chino@eoimalaga.com ; espanol@eoimalaga.com ; frances@eoimalaga.com ; griego@eoimalaga.com ; ingles@eoimalaga.com ; italiano@eoimalaga.com ; japones@eoimalaga.com ; portugues@eoimalaga.com ; ruso@eoimalaga.com ; semipresencial@eoimalaga.com,https://msms58gzatu.typeform.com/to/WgnIyXVj,1,unavailable,200
133,323385,brightknowledge.org,https://brightknowledge.org/,quill@1.3.6,,https://embed.typeform.com/,0,ok,200
132,322475,ecomm.design,https://ecomm.design/,hi@ecomm.design,hi@ecomm.design,,2,ok,200
136,330835,enalyzer.com,https://www.enalyzer.com/,info@enalyzer.com ; jobs@enalyzer.net ; support@enalyzer.com,jobs@enalyzer.net,,1,ok,200
128,311710,sjcc.edu,https://sjcc.edu/,bootstrap-icons@1.5.0 ; bootstrap@5.0.1 ; collegeinfo@sjcc.edu ; darlene.specht@sjcc.edu ; sjccpres@sjcc.edu,darlene.specht@sjcc.edu ; sjccpres@sjcc.edu,https://sjcitycollege.typeform.com/to/iSUBlLKY,2,ok,200
125,307128,velux.fr,https://www.velux.fr/,francecourtesycallbooking@velux.com ; u002ffrancecourtesycallbooking@velux.com,,https://form.typeform.com/to/YPWWJtxg,2,ok,200
144,371331,templum.com.br,https://templum.com.br/,tracking-kit@v1.0.0 ; voce@empresa.com,,,0,ok,200
129,313010,dinopoloclub.com,https://dinopoloclub.com/,info@dinopoloclub.com,info@dinopoloclub.com,,2,ok,200
130,315480,wanatop.com,https://www.wanatop.com/,info@wanatop.com ; negocio@wanatop.com,negocio@wanatop.com,https://embed.typeform.com/ ; https://form.typeform.com/,2,ok,200
138,342478,tradlinx.com,https://www.tradlinx.com/,help@tradlinx.com,help@tradlinx.com,,0,ok,200
148,382520,marriagehelper.com,https://marriagehelper.com/,support@marriagehelper.com,support@marriagehelper.com,https://form.typeform.com/to/pbqtBcwl,2,ok,200
139,344776,bvm-huissier-bordeaux.com,https://bvm-huissier-bordeaux.com/,cm2c@cm2c.net,cm2c@cm2c.net,,2,ok,200
127,308922,spid.center,https://spid.center/ru,doronkin@spid.center ; info@spid.center ; polinadir@spid.center ; vorobieva@spid.center,doronkin@spid.center ; polinadir@spid.center ; vorobieva@spid.center,https://embed.typeform.com/,2,ok,200
150,389028,synapse-connect.org,https://www.synapse-connect.org/,aarhus@synapse-connect.org ; ach@synapse-connect.org ; afe@synapse-connect.org ; afo@synapse-connect.org ; agl@synapse-connect.org ; aha@synapse-connect.org ; aje@synapse-connect.org ; aka@synapse-connect.org ; akl@synapse-connect.org ; ald@synapse-connect.org ; alp@synapse-connect.org ; aly@synapse-connect.org ; aml@synapse-connect.org ; ano@synapse-connect.org ; anp@synapse-connect.org ; anr@synapse-connect.org ; aod@synapse-connect.org ; apa@synapse-connect.org ; apl@synapse-connect.org ; ara@synapse-connect.org ; aro@synapse-connect.org ; ast@synapse-connect.org ; ata@synapse-connect.org ; ate@synapse-connect.org ; aty@synapse-connect.org ; ava@synapse-connect.org ; aza@synapse-connect.org ; aze@synapse-connect.org ; bfu@synapse-connect.org ; bja@synapse-connect.org ; blo@synapse-connect.org ; bma@synapse-connect.org ; bto@synapse-connect.org ; cce@synapse-connect.org ; cco@synapse-connect.org ; cde@synapse-connect.org ; ceh@synapse-connect.org ; ces@synapse-connect.org ; cgr@synapse-connect.org ; cko@synapse-connect.org ; cme@synapse-connect.org ; cmg@synapse-connect.org ; cmu@synapse-connect.org ; contact@synapse-connect.org ; contactaalborg@synapse-connect.org ; cpa@synapse-connect.org ; cpe@synapse-connect.org ; cph@synapse-connect.org ; crtu@synapse-connect.org ; csp@synapse-connect.org ; cya@synapse-connect.org ; dama@synapse-connect.org ; dfa@synapse-connect.org ; dka@synapse-connect.org ; dko@synapse-connect.org ; dle@synapse-connect.org ; dma@synapse-connect.org ; dor@synapse-connect.org ; dso@synapse-connect.org ; dst@synapse-connect.org ; dza@synapse-connect.org ; eau@synapse-connect.org ; eba@synapse-connect.org ; efl@synapse-connect.org ; egr@synapse-connect.org ; eka@synapse-connect.org ; eld@synapse-connect.org ; elu@synapse-connect.org ; eme@synapse-connect.org ; emj@synapse-connect.org ; emk@synapse-connect.org ; ene@synapse-connect.org ; eot@synapse-connect.org ; eri@synapse-connect.org ; ert@synapse-connect.org ; eto@synapse-connect.org ; eve@synapse-connect.org ; fbe@synapse-connect.org ; fco@synapse-connect.org ; fis@synapse-connect.org ; fma@synapse-connect.org ; frla@synapse-connect.org ; fwe@synapse-connect.org ; gja@synapse-connect.org ; gpr@synapse-connect.org ; gqu@synapse-connect.org ; har@synapse-connect.org ; hav@synapse-connect.org ; hello@innovest.com ; hho@synapse-connect.org ; iad@synapse-connect.org ; iaf@synapse-connect.org ; ide@synapse-connect.org ; ife@synapse-connect.org ; igc@synapse-connect.org ; iia@synapse-connect.org ; imo@synapse-connect.org ; iou@synapse-connect.org ; irl@synapse-connect.org ; isd@synapse-connect.org ; jar@synapse-connect.org ; jav@synapse-connect.org ; jbn@synapse-connect.org ; jfu@synapse-connect.org ; jgr@synapse-connect.org ; kka@synapse-connect.org ; lst@synapse-connect.org ; lund@synapse-connect.org ; lwe@synapse-connect.org ; mim@synapse-connect.org ; mju@synapse-connect.org ; mmu@synapse-connect.org ; msr@synapse-connect.org ; ndi@synapse-connect.org ; nni@synapse-connect.org ; odense@synapse-connect.org ; ora@synapse-connect.org ; pcz@synapse-connect.org ; ros@synapse-connect.org ; sce@synapse-connect.org ; shu@synapse-connect.org ; spain@synapse-connect.org ; ssb@synapse-connect.org ; stockholm@synapse-connect.org ; vpe@synapse-connect.org,aarhus@synapse-connect.org ; contact@synapse-connect.org ; contactaalborg@synapse-connect.org ; cph@synapse-connect.org ; lund@synapse-connect.org ; odense@synapse-connect.org ; spain@synapse-connect.org ; stockholm@synapse-connect.org,https://synapseconnect.typeform.com/ ; https://synapseconnect.typeform.com/to/qwJ0TgAV,2,ok,200
158,404278,inwork.nl,https://inwork.nl/,info@inwork.nl,info@inwork.nl,https://www.typeform.com/,1,ok,200
163,415035,justkampers.com,https://www.justkampers.com/,roger.seymour@justkampers.co.uk ; sales@justkampers.co.uk ; u003esales@justkampers.co.uk,sales@justkampers.co.uk,,2,ok,200
151,389212,fcc-fac.ca,https://www.fcc-fac.ca/,brandimprint@fcc.ca ; csc@fcc-fac.ca ; eva.larouche@fcc-fac.ca ; laura.payton@fcc-fac.ca,brandimprint@fcc.ca ; csc@fcc-fac.ca ; eva.larouche@fcc-fac.ca ; laura.payton@fcc-fac.ca,https://fcc-fac.typeform.com/to/MRsDgFBn,2,ok,200
164,421987,susandavid.com,https://www.susandavid.com/,info@susandavid.com,info@susandavid.com,https://embed.typeform.com/,2,unavailable,200
165,425344,freiheit.org,https://www.freiheit.org/,archiv@freiheit.org ; ewald.grothe@freiheit.org ; juergen.froelich@freiheit.org ; presse@freiheit.org ; service@freiheit.org ; susanne.ackermann@freiheit.org ; wolther.von-kieseritzky@freiheit.org,archiv@freiheit.org ; juergen.froelich@freiheit.org ; presse@freiheit.org ; service@freiheit.org,,2,ok,200
168,432922,whyliveschool.com,https://whyliveschool.com/,hello@liveschoolinc.com,,,1,ok,200
114,286573,solidatech.fr,https://www.solidatech.fr/,contact@solidatech.fr ; formation@solidatech.fr ; materiel@solidatech.fr ; sav.materiel@solidatech.fr,contact@solidatech.fr ; formation@solidatech.fr ; materiel@solidatech.fr ; sav.materiel@solidatech.fr,,2,ok,200
124,307123,growthhackingfrance.com,https://growthhackingfrance.com/,bienvenue@isoluce.net,bienvenue@isoluce.net,,2,ok,200
176,457050,rntc.com,https://rntc.com/,info@rntc.com,info@rntc.com,https://form.typeform.com/to/lshn0rOr,2,ok,200
167,432750,therapypet.org,https://therapypet.org/,contact@therapypet.org ; username@example.com,contact@therapypet.org,https://therapypet.typeform.com/to/SDzFa9nk,2,ok,200
162,414585,tourlane.de,https://www.tourlane.de/,hello@tourlane.de ; lea@cohortpr.com ; press@tourlane.com ; sprite@2x.png,hello@tourlane.de ; lea@cohortpr.com ; press@tourlane.com,,2,ok,200
174,452560,ebm-of-the-year.de,https://www.ebm-of-the-year.de/,hallo@employerbranding.org ; heep@employerbranding.org,hallo@employerbranding.org ; heep@employerbranding.org,https://form.typeform.com/to/b7nLJivp,1,ok,200
184,482770,rockstart.com,https://rockstart.com/,anastasiia@rockstart.com ; antoan@rockstart.com ; camila@rockstart.com ; camilo@rockstart.com ; daniel.moreno@rockstart.com ; dirim@rockstart.com ; elsy@rockstart.com ; emma@rockstart.com ; felipe@rockstart.com ; gem@rockstart.com ; ivan@rockstart.com ; jakob@rockstart.com ; josephine@rockstart.com ; leyli@rockstart.com ; martin@rockstart.com ; max@rockstart.com ; natali@rockstart.com ; raphael@rockstart.com ; roy@rockstart.com ; rune@rockstart.com ; santiago@rockstart.com ; sofija@rockstart.com ; streamline-icon-customer-retention-hands@48x48-1.svg ; streamline-icon-money-bag-dollar@48x48-1.svg ; streamline-icon-startup-product-rocket-box@48x48-1.svg ; trixie@rockstart.com ; zz@rockstart.com,anastasiia@rockstart.com ; antoan@rockstart.com ; camila@rockstart.com ; camilo@rockstart.com ; daniel.moreno@rockstart.com ; dirim@rockstart.com ; elsy@rockstart.com ; emma@rockstart.com ; felipe@rockstart.com ; gem@rockstart.com ; ivan@rockstart.com ; jakob@rockstart.com ; josephine@rockstart.com ; leyli@rockstart.com ; martin@rockstart.com ; max@rockstart.com ; natali@rockstart.com ; raphael@rockstart.com ; roy@rockstart.com ; rune@rockstart.com ; santiago@rockstart.com ; sofija@rockstart.com ; trixie@rockstart.com ; zz@rockstart.com,https://rockstart1.typeform.com/to/qoieotFj,2,ok,200
160,409195,visiteurs.fr,https://visiteurs.fr/,paris.victoire@visiteurs.fr,paris.victoire@visiteurs.fr,https://yct1nqcl9e0.typeform.com/to/pDs4t1Ca,0,ok,200
166,432255,nihfcu.org,https://www.nihfcu.org/,board@nihfcu.org ; ceo@nihfcu.org ; nihfcu@nihfcu.org ; supervisorycommittee@nihfcu.org,board@nihfcu.org ; ceo@nihfcu.org ; nihfcu@nihfcu.org ; supervisorycommittee@nihfcu.org,,2,ok,200
169,434157,stayes.com,https://stayes.com/,about02@2x.jpg ; about03@2x.jpg ; btn-chat-home-en@2x.png ; info@stayes.com ; main01@1.5x.jpg ; main02@1.5x.jpg ; main03@1.5x.jpg ; main05@1.5x.jpg ; main06@1.5x.jpg ; step01@1x-100.jpg ; step02@1x-100.jpg ; step03@1x-100.jpg,,https://embed.typeform.com/,1,ok,200
172,445689,ncra.org,https://www.ncra.org:443/,1008-desktop-toolbar@2x.png ; 1039-files-box-toolbar@2x.png ; 955-trophy-toolbar@2x.png ; accountspayable@ncra.org ; adsupport@ncra.org ; aroketenetz@ncra.org ; atozprog@ncra.org ; clvs@ncra.org ; continuinged@ncra.org ; cope@ncra.org ; feedback@ncra.org ; learningcenter@ncra.org ; meetings@ncra.org ; membership@ncra.org ; ncragr@ncra.org ; ncrfoundation@ncra.org ; pr@ncra.org ; president@ncra.org ; prolink@ncra.org ; schools@ncra.org ; testing@ncra.org ; webmaster@ncra.org,accountspayable@ncra.org ; adsupport@ncra.org ; aroketenetz@ncra.org ; atozprog@ncra.org ; clvs@ncra.org ; continuinged@ncra.org ; cope@ncra.org ; feedback@ncra.org ; learningcenter@ncra.org ; meetings@ncra.org ; membership@ncra.org ; ncragr@ncra.org ; ncrfoundation@ncra.org ; pr@ncra.org ; president@ncra.org ; prolink@ncra.org ; schools@ncra.org ; testing@ncra.org ; webmaster@ncra.org,,2,ok,200
182,475639,poweo.be,https://www.poweo.be/,info@poweo.be,,,2,ok,200
47,116144,virginmobile.cl,https://virginmobile.cl/,nombre@correo.cl,,https://embed.typeform.com/,2,ok,200
197,511423,assureur-francais.fr,https://assureur-francais.fr/,infinite-scroll@4.0.1 ; leaflet@1.9.4 ; vue-multiselect@2.1.6 ; vue2-datepicker@3.11.1 ; vue@2.7.14,,,2,ok,200
179,462401,myclimate.org,https://www.myclimate.org/en/,info@myclimate.org ; kontakt@myclimate.at ; kontakt@myclimate.de ; media@myclimate.org,info@myclimate.org ; kontakt@myclimate.at ; kontakt@myclimate.de ; media@myclimate.org,,2,ok,200
198,513092,cours-legendre.fr,https://cours-legendre.fr/,contact@cours-legendre.fr,contact@cours-legendre.fr,https://cours-legendre.typeform.com/,2,ok,200
195,507437,has.nl,https://www.has.nl/,f.grandia@has.nl ; has@has.nl ; hasjuridischezaken@has.nl ; international@has.nl ; k.dbont@has.nl ; l.fareh@has.nl ; nieuws@has.nl ; studentzaken@has.nl,f.grandia@has.nl ; has@has.nl ; hasjuridischezaken@has.nl ; international@has.nl ; k.dbont@has.nl ; l.fareh@has.nl ; nieuws@has.nl ; studentzaken@has.nl,,2,ok,200
190,496777,therealizedman.com,https://therealizedman.com/,johnsmith@example.com,,https://form.typeform.com/to/ul0CnuFN,1,ok,200
208,530570,easy-therm.com,https://www.easy-therm.com/,anfrage@easy-therm.com ; office@easy-therm.com,anfrage@easy-therm.com ; office@easy-therm.com,https://easytherm.typeform.com/,2,ok,200
199,513322,datarecrutement.fr,https://datarecrutement.fr/,antoine@datarecrutement.fr ; arnaud@datarecrutement.fr ; axelle@datarecrutement.fr ; caroline@datarecrutement.fr ; contact@datarecrutement.fr ; marion@datarecrutement.fr ; mathias@datarecrutement.fr ; nicolas.wibart@datarecrutement.fr ; nicolas@datarecrutement.fr ; renaud@datarecrutement.fr ; thomas@datarecrutement.fr ; valentin@datarecrutement.fr,antoine@datarecrutement.fr ; arnaud@datarecrutement.fr ; axelle@datarecrutement.fr ; caroline@datarecrutement.fr ; contact@datarecrutement.fr ; marion@datarecrutement.fr ; mathias@datarecrutement.fr ; nicolas.wibart@datarecrutement.fr ; nicolas@datarecrutement.fr ; renaud@datarecrutement.fr ; thomas@datarecrutement.fr ; valentin@datarecrutement.fr,https://data-recrutement.typeform.com/to/D06NYQxN ; https://form.typeform.com/to/Rt4Jzqb6 ; https://form.typeform.com/to/zgBqOY4X,0,ok,200
135,327905,rolcc.net,https://rolcc.net/rolcc2/,office@rolcc.net,,https://rolcc.typeform.com/to/ACLrJKEY ; https://rolcc.typeform.com/to/GXhYXTOY,2,unavailable,200
207,529692,dobsware.com,https://dobsware.com/,dobsware@gmail.com,,,0,ok,200
211,537359,fiawec.com,https://www.fiawec.com/,hospitality@fiawec.com ; logistic@fiawec.com ; marketing@fiawec.com ; media@fiawec.com ; sport@fiawec.com ; support@staylive.io ; tv@fiawec.com,,,2,ok,200
221,565628,opstart.it,https://www.opstart.it/it/home,bootstrap-select@1.13.14 ; info@opstart.it,info@opstart.it,https://form.typeform.com/to/LD6sgx7y,0,ok,200
206,527003,prensalink.com,https://prensalink.com/,bootstrap@5.1.3 ; hola@prensalink.com,,https://gzzjnjrlpfh.typeform.com/to/JscLIOCJ,2,ok,200
224,586774,unicef.org.au,https://www.unicef.org.au/,abennett@unicef.org.au ; aquigley@unicef.org.au ; philanthropy@unicef.org.au ; support@unicef.org.au,abennett@unicef.org.au ; aquigley@unicef.org.au ; philanthropy@unicef.org.au ; support@unicef.org.au,,2,ok,200
222,566396,psicologo-milano.it,https://www.psicologo-milano.it/,info@mindcenter.it,info@mindcenter.it,https://info899125.typeform.com/,1,ok,200
228,593952,tauschwohnung.com,https://www.tauschwohnung.com/,info@tauschwohnung.com ; john@tauschwohnung.com,john@tauschwohnung.com,,2,ok,200
223,581870,3dninja.nl,https://3dninja.nl/,info@3dninja.nl,info@3dninja.nl,https://webformulier.typeform.com/to/bsIpDijr,1,ok,200
134,326877,pulsarplatform.com,https://www.pulsarplatform.com/,info@pulsarplatform.com,info@pulsarplatform.com,,2,ok,200
234,623248,campsocial.com,https://campsocial.com/,liv@hotandsocial.com,,https://p9f9wqlwbjv.typeform.com/to/JnPry3Xk,1,ok,200
230,606847,autocare.org,https://www.autocare.org:443/,camille.sheehan@autocare.org ; communications@autocare.org ; info@autocare.org ; stacey.miller@autocare.org,camille.sheehan@autocare.org ; communications@autocare.org ; info@autocare.org ; stacey.miller@autocare.org,,2,ok,200
227,589833,jointravisallen.com,https://jointravisallen.com/,stars@0.5x ; stars@0.5x.png,,https://form.typeform.com/to/GZioPA3T,1,ok,200
229,606581,aec.es,https://www.aec.es/,aec@aec.es ; protecciondedatos@aec.es,aec@aec.es ; protecciondedatos@aec.es,https://admin.typeform.com/to/dwk6gt,2,ok,200
233,620391,langehair.com,https://langehair.com/,be94a47642044bcdada8d0740daf8fa1@o34436.ingest.sentry.io ; customercare@langehair.com ; example@gmail.com,customercare@langehair.com,,2,ok,200
241,627420,naturalforce.com,https://naturalforce.com/,nf_logo_white_500px_x40@2x.png ; support@naturalforce.com,,https://naturalforce.typeform.com/to/NCuFX3,1,ok,200
210,531855,goldcoastfc.com.au,https://www.goldcoastfc.com.au:443/,academyinfo@goldcoastfc.com.au ; corporate@goldcoastfc.com.au ; digital@goldcoastfc.com.au ; events@goldcoastfc.com.au ; foundation@goldcoastfc.com.au ; gcmembership@goldcoastfc.com.au ; info@goldcoastfc.com.au ; info@heritagebankstadium.com.au ; info@peoplefirststadium.com.au ; jason.torney@goldcoastfc.com.au ; merchandise@goldcoastfc.com.au ; promotions@goldcoastfc.com.au ; recruitment@goldcoastfc.com.au,digital@goldcoastfc.com.au ; events@goldcoastfc.com.au ; foundation@goldcoastfc.com.au ; gcmembership@goldcoastfc.com.au ; info@goldcoastfc.com.au ; info@heritagebankstadium.com.au ; jason.torney@goldcoastfc.com.au ; merchandise@goldcoastfc.com.au ; promotions@goldcoastfc.com.au ; recruitment@goldcoastfc.com.au,https://typeformdeviomedia.typeform.com/to/WVeQaDXe,2,unavailable,200
238,625350,gregfaxon.com,https://www.gregfaxon.com/,2@4x.png,,https://gregfaxon.typeform.com/to/PotqpFEw,2,ok,200
240,626798,marcopolo.me,https://www.marcopolo.me,edefe207ca606ff5d80f769281270ace@o51751.ingest.us.sentry.io ; pr@marcopolo.me,pr@marcopolo.me,https://joya-communications.typeform.com/to/N99UVVuL,1,ok,200
232,617933,hashtaginvesting.com,https://www.hashtaginvesting.com/,hello@hashtaginvesting.com,,https://hashtaginvesting.typeform.com/to/xvaXzv,2,ok,200
245,641039,silviafoz.com,https://silviafoz.com/,silvia@silviafoz.com,,https://silviafoz.typeform.com/to/Tbd856pq,2,ok,200
243,633345,mentedcosmetics.com,https://www.mentedcosmetics.com/,hello@mentedcosmetics.com ; info@mentedcosmetics.com,,https://form.typeform.com/to/KkQlHeCY ; https://form.typeform.com/to/kkiuk9uW,2,ok,200
253,654093,improvehealth.info,https://improvehealth.info/,bloods@menopausecare.co.uk ; info@menopausecare.co.uk ; marie-claire@thecangroup.co.uk ; press@menopausecare.co.uk,info@menopausecare.co.uk ; marie-claire@thecangroup.co.uk ; press@menopausecare.co.uk,,2,ok,200
255,660239,verdadyfe.com,https://verdadyfe.com/,preguntas@verdadyfe.com,preguntas@verdadyfe.com,https://verdadyfe.typeform.com/to/n2kJaL,1,ok,200
248,650290,daytonachamber.com,https://www.daytonachamber.com/,admin1786104221775@webdev.com ; admin1786104222231@webdev.com,,,2,ok,200
246,646103,grovesbatteries.co.uk,https://grovesbatteries.co.uk/,sales@grovesbatteries.co.uk,sales@grovesbatteries.co.uk,https://mia388.typeform.com/to/CqG6sY,2,ok,200
254,658385,edialog.com.br,https://www.edialog.com.br/,digital@edialog.com.br ; rdsummit2023_dia02__mg_4882-_@greenfotografias-4-scaled-1-1024x683.jpg ; rdsummit2023_dia02__mg_4882-_@greenfotografias-4-scaled-1-1024x683.jpg.webp ; rdsummit2023_dia02__mg_4882-_@greenfotografias-4-scaled-1-1536x1024.jpg ; rdsummit2023_dia02__mg_4882-_@greenfotografias-4-scaled-1-1536x1024.jpg.webp ; rdsummit2023_dia02__mg_4882-_@greenfotografias-4-scaled-1-2048x1366.jpg ; rdsummit2023_dia02__mg_4882-_@greenfotografias-4-scaled-1-2048x1366.jpg.webp ; rdsummit2023_dia02__mg_4882-_@greenfotografias-4-scaled-1-300x200.jpg ; rdsummit2023_dia02__mg_4882-_@greenfotografias-4-scaled-1-300x200.jpg.webp ; rdsummit2023_dia02__mg_4882-_@greenfotografias-4-scaled-1-768x512.jpg ; rdsummit2023_dia02__mg_4882-_@greenfotografias-4-scaled-1-768x512.jpg.webp,,,1,ok,200
252,653233,wordweaverfreelance.com,https://www.wordweaverfreelance.com/,alaura.weaver@gmail.com ; alaura@wordweaverfreelance.com,alaura.weaver@gmail.com ; alaura@wordweaverfreelance.com,https://wordweaverfreelance.typeform.com/to/hptNLx,2,ok,200
256,671467,workspace.co.uk,https://www.workspace.co.uk/,enquiries.team@workspace.co.uk ; info@workspace.co.uk,enquiries.team@workspace.co.uk ; info@workspace.co.uk,,2,ok,200
250,652834,reddotforum.com,https://www.reddotforum.com/,questions@reddotforum.com,,https://leicastoremiami.typeform.com/ ; https://leicastoremiami.typeform.com/to/Vg4M6z20 ; https://leicastoremiami.typeform.com/to/Vg4M6z20The,0,ok,200
259,688473,bring.nl,https://www.bring.nl/,info.be@bring.com ; info.nl@bring.com ; react-dom@18.2.0 ; react@18.2.0,info.be@bring.com ; info.nl@bring.com,,1,ok,200
262,691798,turborebels.com,https://turborebels.com/,051229_mobile1024@1.5x.jpg ; 051229_mobile767@1.5x.jpg ; 6991b8_mobile1024@1.5x.jpg ; 6991b8_mobile767@1.5x.jpg ; 7768be_mobile1024@1.5x.jpg ; 7768be_mobile767@1.5x.jpg,,,0,ok,200
269,718518,gopodengo.com,https://gopodengo.com/,hello@gopodengo.com,hello@gopodengo.com,https://gemma410384.typeform.com/to/RtOgIMos,1,ok,200
264,694476,hello-tomorrow.org,https://hello-tomorrow.org/,ahmedaziz.amri@hello-tomorrow.org ; alexander.cywes@hello-tomorrow.org ; alizee.blanchin@hello-tomorrow.org ; amrita@deepbright.vc ; andres.herrera@hello-tomorrow.org ; arnaud.delatour@hello-tomorrow.org ; carolina.montealgre@hello-tomorrow.org ; claudia.rovira@hello-tomorrow.org ; contact@hello-tomorrow.org ; eduardo.rodrigues@hello-tomorrow.org ; ella@deepbright.vc ; emma.carnus@hello-tomorrow.org ; fannie.delavelle@hello-tomorrow.org ; federico.mentoni@hello-tomorrow.org ; ilona.raimbourg@hello-tomorrow.org ; jack.foxmale@hello-tomorrow.org ; jade.zajdenberg@hello-tomorrow.org ; juan.botero@hello-tomorrow.org ; judit.hedlicska@hello-tomorrow.org ; kelly.brassart@hello-tomorrow.org ; ksenia.etcheverry@hello-tomorrow.org ; lucas.maurice@hello-tomorrow.org ; maissa.kermiche@hello-tomorrow.org ; marie.ramond@hello-tomorrow.org ; martin.stark@hello-tomorrow.org ; massera.winigah@hello-tomorrow.org ; michael.mcmahan@hello-tomorrow.org ; mingxiu.cai@hello-tomorrow.org ; myriam.sellam@hello-tomorrow.org ; nour.dahdah@hello-tomorrow.org ; ombline.tardiveau@hello-tomorrow.org ; orlando.ramirez@hello-tomorrow.org ; oumaima.guirrou@hello-tomorrow.org ; peupedje.mendy@hello-tomorrow.org ; rashid.zara@hello-tomorrow.org ; riadh.shaiek@hello-tomorrow.org ; selma.elouardi@hello-tomorrow.org ; stefan.rouach@hello-tomorrow.org ; thomas.pertois@hello-tomorrow.org ; thomas.salzgeber@hello-tomorrow.org ; vincent.durand@hello-tomorrow.org ; yeye.xiao@hello-tomorrow.org,ahmedaziz.amri@hello-tomorrow.org ; alexander.cywes@hello-tomorrow.org ; alizee.blanchin@hello-tomorrow.org ; amrita@deepbright.vc ; andres.herrera@hello-tomorrow.org ; arnaud.delatour@hello-tomorrow.org ; carolina.montealgre@hello-tomorrow.org ; claudia.rovira@hello-tomorrow.org ; contact@hello-tomorrow.org ; eduardo.rodrigues@hello-tomorrow.org ; ella@deepbright.vc ; emma.carnus@hello-tomorrow.org ; fannie.delavelle@hello-tomorrow.org ; federico.mentoni@hello-tomorrow.org ; ilona.raimbourg@hello-tomorrow.org ; jack.foxmale@hello-tomorrow.org ; jade.zajdenberg@hello-tomorrow.org ; juan.botero@hello-tomorrow.org ; judit.hedlicska@hello-tomorrow.org ; kelly.brassart@hello-tomorrow.org ; ksenia.etcheverry@hello-tomorrow.org ; lucas.maurice@hello-tomorrow.org ; maissa.kermiche@hello-tomorrow.org ; marie.ramond@hello-tomorrow.org ; martin.stark@hello-tomorrow.org ; massera.winigah@hello-tomorrow.org ; michael.mcmahan@hello-tomorrow.org ; mingxiu.cai@hello-tomorrow.org ; myriam.sellam@hello-tomorrow.org ; nour.dahdah@hello-tomorrow.org ; ombline.tardiveau@hello-tomorrow.org ; orlando.ramirez@hello-tomorrow.org ; oumaima.guirrou@hello-tomorrow.org ; peupedje.mendy@hello-tomorrow.org ; rashid.zara@hello-tomorrow.org ; riadh.shaiek@hello-tomorrow.org ; selma.elouardi@hello-tomorrow.org ; stefan.rouach@hello-tomorrow.org ; thomas.pertois@hello-tomorrow.org ; thomas.salzgeber@hello-tomorrow.org ; vincent.durand@hello-tomorrow.org ; yeye.xiao@hello-tomorrow.org,,2,ok,200
270,721336,sphericaldefence.com,https://sphericaldefence.com/,contact@sphericaldefence.com,,https://embed.typeform.com/ ; https://sphericaldefence.typeform.com/to/nKgG2p,2,ok,200
271,737440,minifiglabs.com,https://minifiglabs.com/,scientist@minifiglabs.com,scientist@minifiglabs.com,https://fishntoast.typeform.com/to/NIPrvGbJ,1,ok,200
265,703345,diligentiagroup.com,https://diligentiagroup.com/,dg_mainlogo-navy@2x.png ; info@diligentiagroup.com,,,2,ok,200
278,776107,shedbarber.com,https://shedbarber.com/,autosize@4.0.2 ; js-cookie@2.1.4 ; marcos@samba.com ; shed-homescreen-icon-60@3x.png ; shed-homescreen-icon-83.5@2x.png ; slick-carousel@1.6.0 ; willy@willyworld.com,,https://shedbarber.typeform.com/to/rmGy0BpO,0,ok,200
283,813679,hmssweblog.wordpress.com,https://hmssweblog.wordpress.com/,smithtimothyjay@gmail.com ; wmkoenig@aol.com,smithtimothyjay@gmail.com ; wmkoenig@aol.com,,2,ok,200
277,774944,pikeandrose.com,https://pikeandrose.com/,bernie.mccarthy@am.jll.com ; danny.sheridan@am.jll.com ; dcmetromarketing@federalrealty.com ; mdparking@federalrealty.com ; mmoore@federalrealty.com ; pikeandrosemanagement@federalrealty.com ; pikeandrosemgr@greystar.com ; sbiel@federalrealty.com ; vmendoza@federalrealty.com,,https://userresearch1.typeform.com/to/LKpC7lQP,2,ok,200
285,819119,sincrolab.es,https://sincrolab.es/,info@sincrolab.es,info@sincrolab.es,https://form.typeform.com/to/gXRKz1uO ; https://form.typeform.com/to/hjCqCr4A,2,ok,200
276,772074,investinginplace.org,https://investinginplace.org/,hello@investinginplace.org ; jessica@investinginplace.org,hello@investinginplace.org ; jessica@investinginplace.org,,1,ok,200
288,830108,tayble.co,https://tayble.co/,hello@tayble.co,hello@tayble.co,https://tayble.typeform.com/to/uVtdB7,0,ok,200
286,820771,verticelearning.com,https://verticelearning.com/,info@verticelearning.com,info@verticelearning.com,,1,ok,200
284,815521,luxurychicagoapartments.com,https://www.luxurychicagoapartments.com/,aos@2.3.1 ; bootstrap@5.3.0-alpha1 ; hello@luxurylivingchicago.com,hello@luxurylivingchicago.com,https://dqixvf8r0og.typeform.com/to/hmVRKsIz ; https://form.typeform.com/to/oSQjrsUu,2,ok,200
293,842704,joinpalm.com,https://joinpalm.com/,picks@joinpalm.com ; slick-carousel@1.8.1,picks@joinpalm.com,https://joinpalm.typeform.com/to/ecA1XRJm,0,ok,200
296,865381,hokify.de,https://hokify.de/,f831009786e549839b6c46b971b185e6@sentry.hokify.com,,,2,ok,200
295,853441,zachbushmd.com,https://zachbushmd.com/,you@email.com,,,2,ok,200
299,885350,itschool.ro,https://itschool.ro/,office@itschool.ro,office@itschool.ro,https://itschoolromania.typeform.com/,1,ok,200
297,877207,traumaheilung.net,https://www.traumaheilung.net/,campisicreativity@gmail.com ; info@shanaeva.de ; milashulkleper@yahoo.com ; milenachami@gmail.com ; office@traumaheilung.net,campisicreativity@gmail.com ; office@traumaheilung.net,https://form.typeform.com/to/X0ca7d1u,2,ok,200
301,898076,20k.org,https://www.20k.org/,anastasia@defactosound.com ; andrew@defactosound.com ; casey@20k.org ; grace@defactosound.com,anastasia@defactosound.com ; andrew@defactosound.com ; casey@20k.org ; grace@defactosound.com,https://dfcto.typeform.com/to/zFoloHNN,2,ok,200
290,835672,betterleadersbetterschools.com,https://betterleadersbetterschools.com/,gsap@3.12.2,,https://danielbauer1.typeform.com/to/JKA5V9VM,1,ok,200
292,838743,dragonflimedia.com,https://dragonflimedia.com/,footer-accent@2x-1-150x150.png ; footer-accent@2x-1-300x300.png ; frans-cropped@2x-1024x1024.png ; frans-cropped@2x-150x150.png ; frans-cropped@2x-300x300.png ; frans-cropped@2x-768x768.png ; frans-cropped@2x.png ; hdhonau@dragonflimedia.com,hdhonau@dragonflimedia.com,https://embed.typeform.com/,2,ok,200
306,930145,theramppeople.co.uk,https://www.theramppeople.co.uk/,hello@theramppeople.co.uk,,,2,ok,200
302,904660,reachpersonaltraining.com,https://reachpersonaltraining.com/,info@reachpersonaltraining.com,info@reachpersonaltraining.com,https://form.typeform.com/to/olH4z6yE,1,ok,200
267,708853,supple.com.au,https://supple.com.au/,support@supple.com.au,,https://embed.typeform.com/ ; https://form.typeform.com/ ; https://form.typeform.com/to/Nqwso9b3 ; https://form.typeform.com/to/it8wWdEj,2,ok,200
307,931096,unbxd.co.uk,https://www.unbxd.co.uk/,hello@unbxd.co.uk,hello@unbxd.co.uk,https://unbxdstudios.typeform.com/ ; https://unbxdstudios.typeform.com/to/KqMmlqJI ; https://unbxdstudios.typeform.com/to/RpksZRsI ; https://unbxdstudios.typeform.com/to/equQNAlw ; https://unbxdstudios.typeform.com/to/l52AqVYs ; https://unbxdstudios.typeform.com/to/wmbL38Yp,2,ok,200
317,990537,drpaulo.com.br,https://drpaulo.com.br/,drpaulo@drpaulo.com.br,drpaulo@drpaulo.com.br,,0,ok,200
320,1010806,googone.com,https://googone.com/,consumerrelations@googone.com,consumerrelations@googone.com,,2,ok,200
309,947200,appskimtn.com,https://appskimtn.com/,info@appskimtn.com,info@appskimtn.com,https://llrom1ikm1l.typeform.com/to/NxNeni1d,2,ok,200
322,1035781,justbit.it,https://www.justbit.it/,inf@justbit.it ; info@justbit.it,info@justbit.it,,2,ok,200
312,955414,eb-us.com,https://eb-us.com/,josh@controlyours.com ; mmadden@eb-us.com,mmadden@eb-us.com,,2,ok,200
324,1045190,whimsysoul.com,https://whimsysoul.com/,hello@whimsysoul.com ; partnerships@whimsysoul.com,,,2,ok,200
268,710379,sealy.com.tw,https://www.sealy.com.tw/,customerservice@sealy.com.tw ; round-slider@1.6.1,customerservice@sealy.com.tw,https://sealysupport.typeform.com/to/m07SUVYn,1,ok,200
315,967946,mysecureadvantage.com,https://www.mysecureadvantage.com/,info@mysecureadvantage.com,,,1,ok,200
336,1165376,allegro234.net,https://allegro234.net/,hello@allegro234.net ; john@company.com,,,2,ok,200
333,1133341,weiman.com,https://weiman.com/,marketing@weiman.com,marketing@weiman.com,,2,ok,200
332,1125184,chatham.co.uk,https://www.chatham.co.uk/,info@chatham.co.uk,info@chatham.co.uk,,2,ok,200
328,1074573,irishfa.com,https://www.irishfa.com/,aonisc.secretary@yahoo.com ; aonisc@yahoo.co.uk ; info@irishfa.com,info@irishfa.com,,2,ok,200
337,1167364,juvel-5.com,https://www.juvel-5.com/,info@juvel-5.com ; juvel-5-arginin@2x.jpg ; juvel-5-classic@2x.jpg ; juvel-5-figur-direkt@2x.jpg ; juvel-5-haut-haar-figur@2x.jpg,info@juvel-5.com,,1,ok,200
326,1047574,skiasia.com,https://skiasia.com/,contact@skiasia.com,contact@skiasia.com,https://exploreshare.typeform.com/to/EXaEet,1,ok,200
331,1121864,rentalkharma.com,https://www.rentalkharma.com/,support@rentalkharma.com,,,2,ok,200
335,1154019,richea30ans.com,https://richea30ans.com/,contact@richea30ans.com,,https://ra30a.typeform.com/to/EmukVFyz,1,ok,200
334,1141105,canadaabroad.com,https://canadaabroad.com/,info@canadaabroad.com,info@canadaabroad.com,,2,ok,200
349,1268871,searchviu.com,https://www.searchviu.com/en/,44a48cff-logo-reifen24@2x-300x105.jpg ; 44a48cff-logo-reifen24@2x.jpg ; 4722ac77-logo-galeria_kaufhof_karstadt@2x.jpg ; 9e663597-logo-marktforschung@2x-1-300x76.jpg ; 9e663597-logo-marktforschung@2x-1.jpg ; b92c91df-logo-morefire@2x-300x61.jpg ; b92c91df-logo-morefire@2x.jpg ; info@searchviu.com ; michael@searchviu.com,info@searchviu.com,https://embed.typeform.com/,2,ok,200
339,1176485,talentsorter.com,https://www.talentsorter.com/,info@talentsorter.com,info@talentsorter.com,,2,ok,200
313,960730,hotbudget.com,https://hotbudget.com/,support@hotbudget.com,support@hotbudget.com,,2,ok,200
338,1171605,europeanlemansseries.com,https://www.europeanlemansseries.com/,helpdesk@fiawec.com ; hospitality@europeanlemansseries.com ; logistic@europeanlemansseries.com ; marketing@europeanlemansseries.com ; media@europeanlemansseries.com ; sport@europeanlemansseries.com ; tv@europeanlemansseries.com,,,2,ok,200
351,1278366,meritis.fr,https://meritis.fr/,contact@meritis.fr ; katex@0.13.13 ; logo-white@3x.png,,,2,ok,200
347,1237705,syndicom.ch,https://syndicom.ch/,18info@syndicom.ch ; anina.koch@syndicom.ch ; info@syndicom.ch,anina.koch@syndicom.ch ; info@syndicom.ch,https://form.typeform.com/to/cUrO98eT,2,ok,200
342,1205214,ion-club.net,https://www.ion-club.net/,bookings@ion-club.net ; leaflet@1.5.1,bookings@ion-club.net,,2,ok,200
356,1298796,velux.es,https://www.velux.es/,u002fveluxiberia1@velux.onmicrosoft.com ; u003evelux-e@velux.com ; velux-e@velux.com,velux-e@velux.com,,1,ok,200
305,929714,thebarefootbeat.com,https://thebarefootbeat.com/,1872-first_image-30x30@1.5x.jpg ; 1872-first_image-30x30@2.5x.jpg ; 1872-first_image-30x30@2x.jpg ; 1872-first_image-30x30@3x.jpg ; 3628-first_image-30x30@1.5x.jpg ; 3628-first_image-30x30@2.5x.jpg ; 3628-first_image-30x30@2x.jpg ; 3628-first_image-30x30@3x.jpg ; thebarefootbeat@gmail.com,,,2,ok,200
362,1397501,pickupalpha.com,https://pickupalpha.com/,squattincassanova@pickupalpha.com,squattincassanova@pickupalpha.com,,0,ok,200
361,1385121,monticket.com,https://www.monticket.com/,contact-web@pomme-prod.com ; disneyce@pomme-prod.com ; footer-logo@2x.png,contact-web@pomme-prod.com ; disneyce@pomme-prod.com,https://relation-delight.typeform.com/to/CBd3CGs5,0,ok,200
363,1398137,ri-okna.cz,https://www.ri-okna.cz/,bootstrap-icons@1.9.1 ; bootstrap-select@1.14.0-beta3 ; bs5-lightbox@1.8.0 ; core@2.9.2 ; info@ri-okna.cz ; ri_okna_story_big_fakulta_jihlava_3a@1.5x-430x500.jpg ; ri_okna_story_big_kd_hodonin_2b@1.5x-430x500.jpg ; ri_okna_story_big_penzion_jurasek_3@1.5x-1024x577.jpg ; ri_okna_story_big_penzion_jurasek_3@1.5x-1536x865.jpg ; ri_okna_story_big_penzion_jurasek_3@1.5x-300x169.jpg ; ri_okna_story_big_penzion_jurasek_3@1.5x-710x400.jpg ; ri_okna_story_big_penzion_jurasek_3@1.5x-768x432.jpg ; ri_okna_story_big_penzion_jurasek_3@1.5x.jpg ; ri_okna_story_big_skiareal_malenovice_5@1.5x-430x500.jpg ; slick-carousel@1.8.1,info@ri-okna.cz,https://form.typeform.com/to/VdgLE2gr,0,ok,200
366,1416717,soxes.ch,https://soxes.ch/,chosen-sprite@2x.png ; hello@soxes.ch ; sqs-iso-white@2x-100x100.png ; sqs-iso-white@2x-140x140.png ; sqs-iso-white@2x-150x150.png ; sqs-iso-white@2x.png ; unverbindlicheserstgesprchlernesoxeskennen@soxes.ch,,,2,ok,200
348,1254210,ibuku.com,https://ibuku.com/,press@ibuku.com ; sales@ibuku.com ; work@ibuku.com,press@ibuku.com ; sales@ibuku.com ; work@ibuku.com,,1,ok,200
364,1407151,radrounds.com,https://radrounds.com/,info@roundsnetwork.com ; team@radrounds.com,info@roundsnetwork.com,https://roundsnetwork.typeform.com/to/NWqRN48B ; https://roundsnetwork.typeform.com/to/jQcFgHr3 ; https://roundsnetwork.typeform.com/to/twd1KjBq,2,ok,200
357,1332843,reiq.com,https://www.reiq.com/,marketing@reiq.com.au,marketing@reiq.com.au,,2,ok,200
365,1415801,thehighlyeffectiveteacher.com,https://thehighlyeffectiveteacher.com/,tanya@thehighlyeffectiveteacher.com,,,2,ok,200
375,1483339,macappstudio.com,https://www.macappstudio.com/,support@macappstudio.com,,,1,ok,200
374,1471439,100dayswithoutfear.com,https://100dayswithoutfear.com/,100dayswithoutfear@gmail.com,,https://hellofears.typeform.com/to/Ow6LJN,2,ok,200
369,1442240,gogrit.us,https://www.gogrit.us/,slick-carousel@1.8.1 ; support@gogrit.us,support@gogrit.us,,2,ok,200
387,1561118,conversionhotel.com,https://conversionhotel.com/,info@conversionhotel.com,info@conversionhotel.com,https://optimizers.typeform.com/,0,ok,200
373,1467835,velux.dk,https://www.velux.dk/,service@velux.dk,service@velux.dk,,2,ok,200
383,1516796,soprema.us,https://www.soprema.us/,infomarketing@soprema.us,,,2,ok,200
376,1493606,crossfitlionheart.com,https://crossfitlionheart.com/,info@crossfitlionheart.com ; info@lionheartgyms.com,info@crossfitlionheart.com,,1,ok,200
386,1532894,tauceramica.com,https://www.tauceramica.com/,aos@2.3.1 ; locomotive-scroll@4.1.3 ; tau@tauceramica.com,,https://form.typeform.com/to/XlZlpSQx,1,ok,200
371,1451386,heathbuildings.com,https://heathbuildings.com/,info@example.com ; info@heathbuildings.com,info@example.com ; info@heathbuildings.com,https://form.typeform.com/to/g3lMAY5W,1,ok,200
397,1652665,lenderspender.nl,https://www.lenderspender.nl/,geld-lenen-voor-een-grote-uitgave@2x.png ; geld-lenen-voor-een-grote-uitgave@4x.png ; geld-lenen-voor-een-verbouwing@2x.png ; geld-lenen-voor-een-verbouwing@4x.png ; geld-lenen@2x.png ; geld-lenen@4x.png ; investeren-in-leningen@2x.png ; investeren-in-leningen@4x.png ; lening-oversluiten@2x.png ; lening-oversluiten@4x.png ; sortablejs@1.15.2,,,0,unavailable,200
390,1580904,denox.es,https://www.denox.es/,info@denox.es,,,2,ok,200
396,1641448,cafewatercolor.com,https://cafewatercolor.com/,eric@eylinwatercolor.com,,https://embed.typeform.com/ ; https://eric721543.typeform.com/to/gFrgFX,1,ok,200
404,1686857,illinoismun.org,https://illinoismun.org/,secgen@illinoismun.org ; secretary@illinoismun.org,secgen@illinoismun.org ; secretary@illinoismun.org,,1,unavailable,200
401,1676942,lantmannenagro.fi,https://www.lantmannenagro.fi/,etunimi.sukunimi@lantmannen.com ; splide@4.1.4,etunimi.sukunimi@lantmannen.com,,0,ok,200
378,1506840,soprema.ca,https://www.soprema.ca/en/,infomarketing@soprema.ca,,,2,ok,200
406,1694639,kiezblog-berlin.de,https://kiezblog-berlin.de/,ich@svenbuchien.de,ich@svenbuchien.de,,1,ok,200
400,1674250,workingwa.org,https://www.workingwa.org/,emmanuel@workingwa.org ; info@workingwa.org,,https://workingwa.typeform.com/to/PycIsb,2,ok,200
395,1616907,mysavings.be,https://mysavings.be/nl/,info@mysavings.be ; mysavings-logo-dark@2x-300x69.png ; mysavings-logo-dark@2x.png,info@mysavings.be,https://thra1l7vq6s.typeform.com/to/s4qYDlKy,2,ok,200
391,1585402,whenhoundsfly.com,https://www.whenhoundsfly.com/,delighted@whenhoundsfly.com ; info@whenhoundsfly.com,delighted@whenhoundsfly.com ; info@whenhoundsfly.com,https://gqnr6nvuxvm.typeform.com/to/xxIv1QyG,2,ok,200
405,1687519,lemanscup.com,https://www.lemanscup.com/,helpdesk@fiawec.com ; hospitality@europeanlemansseries.com ; logistic@europeanlemansseries.com ; marketing@europeanlemansseries.com ; media@europeanlemansseries.com ; sport@europeanlemansseries.com ; tv@europeanlemansseries.com,,,2,ok,200
392,1600030,armonybikes.com,https://www.armonybikes.com/,info@movte.it,info@movte.it,,1,ok,200
412,1747204,cupola.com.br,https://cupola.com.br/,contato@cupola.com.br,contato@cupola.com.br,,0,ok,200
416,1764617,startupportugal.com,https://startupportugal.com/,bootstrap@4.6.0,,https://embed.typeform.com/,2,ok,200
393,1601721,daltonhonda.com.mx,https://daltonhonda.com.mx/,bootstrap@3.3.7 ; bootstrap@5.2.3 ; slick-carousel@1.8.1,,https://kyroiz3an0d.typeform.com/to/BJiVlLls,1,ok,200
417,1766676,trackingwonder.com,https://trackingwonder.com/,erica@trackingwonder.com,erica@trackingwonder.com,https://trackingwonder.typeform.com/to/SQqoNi ; https://trackingwonder.typeform.com/to/ljEX7yH4,2,ok,200
424,1844505,cotesol-parquet.com,https://cotesol-parquet.com/,contact@cotesol-parquet.com,,,0,ok,200
414,1750827,intraceuticals.com,https://intraceuticals.com/,sales.asia@intraceuticals.com ; sales.au@intraceuticals.com ; sales.koreas@intraceuticals.com ; sales.my@intraceuticals.com ; sales.thai@intraceuticals.com ; sales.uk@intraceuticals.com ; sales.us@intraceuticals.com,sales.asia@intraceuticals.com ; sales.au@intraceuticals.com ; sales.koreas@intraceuticals.com ; sales.my@intraceuticals.com ; sales.thai@intraceuticals.com ; sales.uk@intraceuticals.com ; sales.us@intraceuticals.com,,2,ok,200
426,1855452,sweepbright.com,https://www.sweepbright.com:443/,vous@entreprise.com,,https://movebotler.typeform.com/to/OkHHdJGx,1,ok,200
409,1724406,happentoyourcareer.com,https://happentoyourcareer.com/,alyssa@happentoyourcareer.com ; hello@happentoyourcareer.com,alyssa@happentoyourcareer.com,https://scott9.typeform.com/to/M44S62,2,ok,200
430,1875325,hannigram-network.tumblr.com,https://hannigram-network.tumblr.com/,1@2x.png,,https://annie106.typeform.com/to/MN3RnE,0,ok,200
429,1873715,troquer.com.mx,https://troquer.com.mx/,contacto@troquer.com.mx,contacto@troquer.com.mx,,1,ok,200
427,1858443,funktional.pl,https://www.funktional.pl/,desktop-1@2x.png ; desktop-2@2x.png ; hello@funktional.pl,hello@funktional.pl,,0,ok,200
440,1922878,crema.us,https://www.crema.us/,boosters-tab-rotation-webflow@1.2.0 ; dan@crema.us ; growth@crema.us ; hello@crema.us ; nate@crema.us ; unicornstudio.js@v1.4.34 ; unicornstudio.js@v2.0.5,dan@crema.us ; growth@crema.us ; hello@crema.us ; nate@crema.us,,2,ok,200
443,1942833,10by10.io,https://www.10by10.io/,10x10-logo-blackblue@2x.png ; epic@2x.png ; iterable@2x.png ; support@10by10.io,support@10by10.io,https://team10x10.typeform.com/to/NJPbEA,2,ok,200
420,1810314,puttysquared.com,https://www.puttysquared.com/,ega-menu-logo@white-1-r3bzyglutw8pxu11rbpsncahg3mqkilos2jirmx4du.png ; mark@puttysquared.com ; salford-photos-17@2x-300x284.png ; salford-photos-17@2x.png,mark@puttysquared.com,https://ivmywp68llt.typeform.com/to/CQD6ksqV,2,ok,200
439,1922241,pggwre.co.nz,https://pggwre.co.nz/,alexandra@pggwre.co.nz ; ashburton@pggwre.co.nz ; blenheim@pggwre.co.nz ; christchurch@pggwre.co.nz ; cromwell@pggwre.co.nz ; dannevirke@pggwre.co.nz ; darfield@pggwre.co.nz ; dargaville@pggwre.co.nz ; dunedin@pggwre.co.nz ; feilding@pggwre.co.nz ; gore@pggwre.co.nz ; greymouth@pggwre.co.nz ; hamilton@pggwre.co.nz ; hastings@pggwre.co.nz ; insights@pggwre.co.nz ; rangiora@pggwre.co.nz ; timaru@pggwre.co.nz,alexandra@pggwre.co.nz ; ashburton@pggwre.co.nz ; blenheim@pggwre.co.nz ; christchurch@pggwre.co.nz ; cromwell@pggwre.co.nz ; dannevirke@pggwre.co.nz ; darfield@pggwre.co.nz ; dargaville@pggwre.co.nz ; dunedin@pggwre.co.nz ; feilding@pggwre.co.nz ; gore@pggwre.co.nz ; greymouth@pggwre.co.nz ; hamilton@pggwre.co.nz ; hastings@pggwre.co.nz ; insights@pggwre.co.nz ; rangiora@pggwre.co.nz ; timaru@pggwre.co.nz,,2,ok,200
451,1974708,lesalon.com,https://lesalon.com/,hello@lesalon.com,,,1,ok,200
452,1976474,nmkelectronics.com,https://www.nmkelectronics.com/,bootstrap@5.3.7 ; info@edgeet.com ; info@nmkelectronics.com ; vanilla-lazyload@19.0.3,info@edgeet.com ; info@nmkelectronics.com,,2,ok,200
431,1875672,ciriscience.org,http://ciriscience.org/,ciri@iicrc.org ; ciri@iicrcnet.org,,,1,ok,200
453,1983414,mommybites.com,https://mommybites.com/,heather@mommybites.com ; info@mommybites.com ; jennifer.rojas@mommybites.com,heather@mommybites.com ; info@mommybites.com,https://embed.typeform.com/,2,ok,200
457,1998750,grandcasinobaden.ch,https://www.grandcasinobaden.ch/,info@grandcasinobaden.ch ; mg@styleflasher.at ; restaurant@grandcasinobaden.ch,info@grandcasinobaden.ch ; mg@styleflasher.at ; restaurant@grandcasinobaden.ch,https://admin.typeform.com/to/dwk6gt,1,ok,200
415,1751827,interbel.es,https://www.interbel.es/,email@empresa.com ; interbel@interbel.es ; julian.bal@interbel.es ; mailstore-by-opentext-logo-normal@1x.png ; mailstore-by-opentext-logo-normal@1x.png.webp ; tu@empresa.com,interbel@interbel.es ; julian.bal@interbel.es,,1,ok,200
456,1991300,jumpingrivers.com,https://www.jumpingrivers.com/,amieroh-abrahams@2x.webp ; carolyn-wilson@2x.webp ; catalyst@2x.webp ; ccss@2x.webp ; colin-gillespie@2x.webp ; community@2x.webp ; conferences@2x.webp ; deborah-washington@2x.webp ; emily-wales@2x.webp ; esther-gillespie@2x.webp ; gigi-kenneth@2x.webp ; hcc-logo_card@2x.webp ; hello+contact@jumpingrivers.com ; hello@jumpingrivers.com ; iso27001@2x.webp ; iso9001@2x.webp ; join-us@2x.webp ; keith-newman@2x.webp ; kia-mack@2x.webp ; martin-smith@2x.webp ; mitchell-oliver@2x.webp ; myles-mitchell@2x.webp ; pedro-silva@2x.webp ; richard-brown@2x.webp ; russ-hyde@2x.webp ; sds-logo_card@2x.webp ; sebastian-mellor@2x.webp ; shane-halloran@2x.webp ; stuart-campbell@2x.webp ; susan-smith@2x.webp ; theo-roe@2x.webp ; tim-brock@2x.webp ; whale-deep-dive-light-blue@2x.webp ; who-screenshot_card@2x.webp,hello+contact@jumpingrivers.com ; hello@jumpingrivers.com,,2,ok,200
459,2004061,oy-l.com,https://oy-l.com/,andrea@oy-l.com,,https://oy-lnatural.typeform.com/to/bCWZSB,2,ok,200
441,1939613,commartthailand.com,https://www.commartthailand.com/,ctm@arip.co.th ; wanvisak@arip.co.th,ctm@arip.co.th ; wanvisak@arip.co.th,,2,unavailable,200
463,2021365,studioleopard.pl,https://studioleopard.pl/,firma@twojadomena.pl,,https://studioleopard.typeform.com/to/wyiS2U,0,ok,200
471,2059612,eyelaser.at,https://eyelaser.at/,info@eyelaser.at ; typeit@7.0.4,info@eyelaser.at,,0,ok,200
458,2001652,b3designers.co.uk,https://www.b3designers.co.uk/,hello@b3designers.co.uk,hello@b3designers.co.uk,,2,ok,200
462,2019296,labanquets.com,https://www.labanquets.com/,email@example.com ; info@labanquets.com,info@labanquets.com,https://embed.typeform.com/,2,ok,200
470,2054931,danone-dany.de,https://www.danone-dany.de/neue-produkte.html,pressestelle@danone.com,pressestelle@danone.com,,1,ok,200
469,2046491,amhydro.com,https://amhydro.com/,info@amhydro.com ; jenny@amhydro.com ; joe@amhydro.com ; lydia@amhydro.com ; maya@amhydro.com ; name@example.com ; orders@amhydro.com ; rudy@amhydro.com,info@amhydro.com ; joe@amhydro.com ; maya@amhydro.com ; orders@amhydro.com ; rudy@amhydro.com,https://embed.typeform.com/ ; https://form.typeform.com/to/Cq7LYCE1,2,ok,200
467,2032467,myfancard.com,https://myfancard.com/,byu-stretch-y_navy@2x.png ; cs@myfancard.com ; fancardlogo-lg@2x.png ; fancardlogo-sm@1x.png ; fancardlogo-sm@2x.png,cs@myfancard.com,,2,ok,200
465,2028846,brandtini.com,https://brandtini.com/,cheers@brandtini.com ; guest@domain.com ; robin@brandtini.com,cheers@brandtini.com,https://brandtini.typeform.com/to/MQrm0k,2,ok,200
468,2039722,la-canopee.com,https://www.la-canopee.com/,es-module-shims@1.8.3 ; manon@grenadine-rp.com ; monemail@exemple.com ; serviceclient@la-canopee.com ; splide@4.1.4,,https://f3lokzn168a.typeform.com/to/X416Dya7,2,ok,200
480,2149372,hurenbijwooove.nl,https://hurenbijwooove.nl/,info@wooove.nl,,,2,ok,200
399,1666466,tx3.com,https://tx3.com/,contact@tx3.com ; support@tx3.com,support@tx3.com,,2,ok,200
481,2152627,artifilum.com,https://www.artifilum.com/,contact@artifilum.com,contact@artifilum.com,,2,ok,200
483,2159745,i-fm.net,https://www.i-fm.net/,accounts@i-fm.net ; david@i-fm.net ; elliott@i-fm.net ; helpdesk@i-fm.net ; info@i-fm.net ; unsubscribe@i-fm.net,accounts@i-fm.net ; david@i-fm.net ; elliott@i-fm.net ; helpdesk@i-fm.net ; info@i-fm.net,,2,ok,200
466,2030782,pongorjuhaszattila.hu,https://pongorjuhaszattila.hu/,pongorgroup@pongorgroup.hu,pongorgroup@pongorgroup.hu,https://2v1d6144xzs.typeform.com/to/NyqC7Q42,1,ok,200
487,2182629,geovation.uk,https://geovation.uk/,artboard-1@3x-1024x383.png.webp ; artboard-1@3x-414x155.png.webp ; artboard-1@3x-768x287.png.webp ; artboard-1@3x.png.webp ; flags@2x.webp ; globe@2x.webp ; ui@6.0,,https://geovation.typeform.com/to/Otr1ijIn,2,ok,200
496,2232844,flint.nl,https://flint.nl/,evenementen@flint.nl ; kassa@flint.nl ; publiciteit@flint.nl,evenementen@flint.nl ; kassa@flint.nl ; publiciteit@flint.nl,,2,unavailable,200
478,2127259,ekincare.com,https://www.ekincare.com:443/,aravind@ekincare.com ; careers@ekincare.com ; corporatecare@ekincare.com ; customerexecutive@ekincare.com ; info@ekincare.com ; you@company.com ; you@facility.com,aravind@ekincare.com ; careers@ekincare.com ; customerexecutive@ekincare.com ; info@ekincare.com,,2,ok,200
499,2240814,mydentistaz.com,https://mydentistaz.com/,office@mydentistaz.com,office@mydentistaz.com,,2,ok,200
494,2229607,tufftoe.com,https://tufftoe.com/,chosen-sprite@2x.png ; flags-sprite@2x.webp ; info@tufftoe.com ; slick-carousel@1.8.1 ; tt-icon-yellowblue@4x-100x100.png ; tt-icon-yellowblue@4x.png,info@tufftoe.com,,1,ok,200
503,2313387,theappraisaliq.com,https://www.theappraisaliq.com/,info@theappraisaliq.com,info@theappraisaliq.com,,0,ok,200
507,2335859,ilviaggiatorgoloso.it,https://www.ilviaggiatorgoloso.it/it,gsap@3.12.5,,,0,ok,200
504,2313895,comon.pt,https://comon.pt/,geral@comon.pt,geral@comon.pt,,1,ok,200
513,2345915,michaelfsteger.com,https://michaelfsteger.com/,mike@michaelfsteger.com,mike@michaelfsteger.com,https://form.typeform.com/to/usoeztdh,0,ok,200
516,2355456,informagiovaniarezzo.org,https://www.informagiovaniarezzo.org/,informagiovani@comune.arezzo.it,,https://comunediarezzo.typeform.com/,0,ok,200
490,2214162,pjhayman.com,https://www.pjhayman.com/,claims@pjhayman.com ; claims@theoxfordclaimscompany.co.uk ; complaint.info@financial-ombudsman.org.uk ; complaint.info@financialombudsman.org.uk ; complaints@lloyds.com ; complaints@theoxfordclaimscompany.co.uk ; complaintstpa@claimsconsortiumgroup.co.uk ; customerservices@call-assist.co.uk ; customerservices@pjhayman.com ; customersupport@allianz-assistance.co.uk ; direct.sales@pjhayman.com ; enquiries@ci-fo.org ; freespirit@claimsconsortiumgroup.co.uk ; gadgetclaims@davies-group.com ; info@pjhayman.com ; internationalhealthcare@healix.com ; medical@allianz-assistance.co.uk ; ombudsman@iomoft.gov.im ; pjhaymansompo@healix.com ; travel.claims@allianz-assistance.co.uk ; travelplus@claimsconsortiumgroup.co.uk ; valid8-gadgetadmin@davies-group.com,claims@theoxfordclaimscompany.co.uk ; complaint.info@financial-ombudsman.org.uk ; complaint.info@financialombudsman.org.uk ; complaints@lloyds.com ; complaintstpa@claimsconsortiumgroup.co.uk ; customerservices@call-assist.co.uk ; customerservices@pjhayman.com ; customersupport@allianz-assistance.co.uk ; direct.sales@pjhayman.com ; freespirit@claimsconsortiumgroup.co.uk ; internationalhealthcare@healix.com ; medical@allianz-assistance.co.uk ; pjhaymansompo@healix.com,https://f1bgyrhi4go.typeform.com/ ; https://f1bgyrhi4go.typeform.com/to/f89c1afq,2,ok,200
506,2333940,agcc.co.uk,https://www.agcc.co.uk/,bethany.cockrill@agcc.co.uk ; bronwen.mullinor@agcc.co.uk ; bulletin@agcc.co.uk ; cara.gardiner@agcc.co.uk ; cara.munro@agcc.co.uk ; danny.mckay@agcc.co.uk ; dianne.gardiner@agcc.co.uk ; documentation@agcc.co.uk ; dylan.tas@agcc.co.uk ; eilidh@truenorth.scot ; erica.henderson@agcc.co.uk ; events@agcc.co.uk ; fergus.mutch@agcc.co.uk ; heather.morrell@agcc.co.uk ; info@agcc.co.uk ; jacqui.duncan@agcc.co.uk ; jason.stewart@agcc.co.uk ; katie.greig@agcc.co.uk ; katie.sim@agcc.co.uk ; kelci.graham@agcc.co.uk ; kirsty.male@agcc.co.uk ; laura.gray@agcc.co.uk ; membership@agcc.co.uk ; molly.massie@agcc.co.uk ; nicola.reith@agcc.co.uk ; norma.davidson@agcc.co.uk ; pauline.western@agcc.co.uk ; policy@agcc.co.uk ; researchchamber@agcc.co.uk ; russell.borthwick@agcc.co.uk ; ryan.crighton@agcc.co.uk ; saffy.joss@agcc.co.uk ; samira.heshmatzadeh@agcc.co.uk ; sarah.mccoll@agcc.co.uk ; steve.baxter@agcc.co.uk ; steven.massie@agcc.co.uk ; sue.stephenson@agcc.co.uk ; suzanne.todd@agcc.co.uk ; tracy.elrick@agcc.co.uk ; training@agcc.co.uk ; vicky.watt@agcc.co.uk,bethany.cockrill@agcc.co.uk ; bronwen.mullinor@agcc.co.uk ; cara.gardiner@agcc.co.uk ; cara.munro@agcc.co.uk ; danny.mckay@agcc.co.uk ; dianne.gardiner@agcc.co.uk ; documentation@agcc.co.uk ; dylan.tas@agcc.co.uk ; eilidh@truenorth.scot ; erica.henderson@agcc.co.uk ; fergus.mutch@agcc.co.uk ; heather.morrell@agcc.co.uk ; info@agcc.co.uk ; jacqui.duncan@agcc.co.uk ; jason.stewart@agcc.co.uk ; katie.greig@agcc.co.uk ; katie.sim@agcc.co.uk ; kelci.graham@agcc.co.uk ; kirsty.male@agcc.co.uk ; laura.gray@agcc.co.uk ; molly.massie@agcc.co.uk ; nicola.reith@agcc.co.uk ; norma.davidson@agcc.co.uk ; pauline.western@agcc.co.uk ; researchchamber@agcc.co.uk ; russell.borthwick@agcc.co.uk ; ryan.crighton@agcc.co.uk ; saffy.joss@agcc.co.uk ; samira.heshmatzadeh@agcc.co.uk ; sarah.mccoll@agcc.co.uk ; steve.baxter@agcc.co.uk ; steven.massie@agcc.co.uk ; sue.stephenson@agcc.co.uk ; suzanne.todd@agcc.co.uk ; tracy.elrick@agcc.co.uk ; vicky.watt@agcc.co.uk,https://agcc.typeform.com/ ; https://images.typeform.com/,2,ok,200
493,2216735,henderson-acservice.com,https://www.henderson-acservice.com/,hendersonac.ted@gmail.com,,https://embed.typeform.com/ ; https://form.typeform.com/to/Idbtoa1Z ; https://form.typeform.com/to/v1LeE5tZ,2,ok,200
518,2389029,puertadelmar.com.mx,https://puertadelmar.com.mx/,abc@xyz.com ; info@puertadelmar.com.mx,info@puertadelmar.com.mx,https://puertadelmar.typeform.com/to/T0AHqH,1,ok,200
522,2402372,tremor.com,https://tremor.com/,geoff@tremor.com,geoff@tremor.com,https://embed.typeform.com/ ; https://tremor.typeform.com/to/MXQgQk,0,ok,200
527,2417718,soprema.es,https://www.soprema.es/,assistance@soprema.fr ; kevin.b.chappell@gmail.com,,,1,ok,200
521,2394208,natural-majesty.jp,https://natural-majesty.jp/,keen-slider@5.2.2 ; req@naturalmajesty.jp,,https://naturalmajesty.typeform.com/to/CYOEkM ; https://naturalmajesty.typeform.com/to/E8ov4oln ; https://naturalmajesty.typeform.com/to/PuyQI2 ; https://naturalmajesty.typeform.com/to/jcuoVY,1,unavailable,200
509,2338733,rw-invest.com,https://www.rw-invest.com/,info@rw-invest.com,,https://embed.typeform.com/,2,ok,200
442,1940992,emmy-sharing.de,https://emmy-sharing.de/,emmy-goto-logo-2022@2x.png ; kontakt@emmy-sharing.de ; marketing@emmy-sharing.de ; presse@emmy-sharing.de,kontakt@emmy-sharing.de ; presse@emmy-sharing.de,https://67p0m3wlhui.typeform.com/to/VQtFCPzU,2,ok,200
530,2439190,media-institute.com,https://www.media-institute.com/,aurelia@mediainstitute.eu ; celine@mediainstitute.eu ; cindy@mediainstitute.eu ; communautes@mediainstitute.eu ; contact@mediainstitute.eu ; elorie@mediainstitute.eu ; jerome@mediainstitute.eu ; thomas@mediainstitute.eu,aurelia@mediainstitute.eu ; celine@mediainstitute.eu ; cindy@mediainstitute.eu ; communautes@mediainstitute.eu ; contact@mediainstitute.eu ; elorie@mediainstitute.eu ; jerome@mediainstitute.eu ; thomas@mediainstitute.eu,https://miformation.typeform.com/to/PTEjv5id ; https://miformation.typeform.com/to/dZfv3QnX,2,ok,200
514,2346048,haddadsmarket.com,https://www.haddadsmarket.com/,orders@haddadsmarket.com ; questions@haddadsmarket.com,orders@haddadsmarket.com ; questions@haddadsmarket.com,https://admin.typeform.com/ ; https://embed.typeform.com/ ; https://matt788.typeform.com/to/esoOdT,1,ok,200
531,2449797,evolationyoga.com,https://evolationyoga.com/,mark@evolationyoga.com ; teach@evolationyoga.com ; train@evolationyoga.com,mark@evolationyoga.com ; train@evolationyoga.com,https://form.typeform.com/to/qaUifa,2,ok,200
534,2470811,clubbingtv.com,https://clubbingtv.com/,ionicons@5.4.0,,,2,ok,200
526,2413853,lotuslaser.com,https://www.lotuslaser.com/,info@lotuslaser.com ; info@www.lotuslaser.com ; support@lotuslaser.com,info@lotuslaser.com ; support@lotuslaser.com,,2,ok,200
517,2362830,apn.pt,https://apn.pt/apn/,apn.lisboa@apn.pt ; info@apn.pt,info@apn.pt,https://tbzdzw4ayky.typeform.com/to/M3p2mL1R ; https://tbzdzw4ayky.typeform.com/to/uDyYKNoM,2,unavailable,200
539,2526278,silvervalley.fr,https://silvervalley.fr/,aurelie.ceglia@silvervalley.fr ; communication@silvervalley.fr ; contact@silvervalley.fr ; e-logo-lp-192x60@2x-300x94.png ; jean.dupont@gmail.com,aurelie.ceglia@silvervalley.fr ; communication@silvervalley.fr ; contact@silvervalley.fr,https://form.typeform.com/to/HB3bgqRJ ; https://form.typeform.com/to/QAyFtbuQ,2,ok,200
541,2538452,50-ml.it,https://50-ml.it/,info@50-ml.com,info@50-ml.com,,2,ok,200
536,2497424,mao.si,https://mao.si/,izobrazevanje@mao.si ; mao@mao.si,mao@mao.si,,0,ok,200
546,2590233,parasaber.com.br,https://parasaber.com.br/,contato@parasaber.com.br,contato@parasaber.com.br,,0,unavailable,200
549,2607908,enzo.pl,https://enzo.pl/,kontakt@enzo.pl,kontakt@enzo.pl,https://enzo7.typeform.com/,0,ok,200
545,2575020,lifestylematrix.com,https://lifestylematrix.com/,info@ompimail.com ; j.smith@optimail.com,,,2,ok,200
548,2604546,urbancropsolutions.com,https://urbancropsolutions.com/,sales@urbancropsolutions.com,sales@urbancropsolutions.com,https://embed.typeform.com/ ; https://form.typeform.com/to/uwi0bDwq,2,ok,200
550,2613528,numerik.ca,https://numerik.ca/,dpo-google@google.com ; gestion.document@numerik.ca ; info@numerik.ca,,https://optik360.typeform.com/to/bH83PlSR ; https://optik360.typeform.com/to/dfdEZfCN ; https://optik360.typeform.com/to/e5cfpiN7 ; https://optik360.typeform.com/to/ylJM9xuH,1,ok,200
555,2646614,helloneighbor.io,https://www.helloneighbor.io/,info@helloneighbor.io,,https://embed.typeform.com/ ; https://form.typeform.com/to/mgfRZXD9,2,ok,200
543,2567110,namgrass.co.uk,https://www.namgrass.co.uk/,info@namgrass.co.uk,,,2,ok,200
552,2631391,ethicalseoconsulting.com,https://www.ethicalseoconsulting.com/,cmeraz@ethicalseoconsulting.com ; mgreen@jurisdigital.com ; sales@ethicalseoconsulting.com,cmeraz@ethicalseoconsulting.com ; mgreen@jurisdigital.com,https://embed.typeform.com/ ; https://jurisdigital.typeform.com/to/lSBEHb,2,ok,200
557,2653071,smpl.co,https://smpl.co/,feedback@simplephoneco.com ; help@smpl.co ; help@smpl.com ; jobs@simplephoneco.com,feedback@simplephoneco.com ; help@smpl.co ; help@smpl.com ; jobs@simplephoneco.com,,2,ok,200
561,2667519,firstport.org.uk,https://www.firstport.org.uk/,info@firstport.org.uk,,https://09oui559vjs.typeform.com/to/CaBPVilq,2,ok,200
551,2614685,furbishco.com,https://www.furbishco.com/,abenenati@furbishco.com ; acapapas@furbishco.com ; adalit@furbishco.com ; assistance@soprema.fr ; aweller@furbishco.com ; bsale@furbishco.com ; claudia.littmann@furbishco.com ; dcookson@furbishco.com ; ekhoen@furbishco.com ; esidwell@furbishco.com ; fmacdonald@furbishco.com ; gmiddleton@furbishco.com ; lrichardson@furbishco.com ; mdillon@furbishco.com ; scantwell@furbishco.com ; sdavis@furbishco.com ; twheeler@furbishco.com,,,2,ok,200
571,2721777,lafw.net,https://lafw.net/,info@n4xtexperiences.com,info@n4xtexperiences.com,https://ndf5v01evsr.typeform.com/,0,ok,200
563,2676589,muf.se,https://muf.se/,faktura.muf@moderaterna.se ; hugo.rofors@moderaterna.se ; muf@moderaterna.se,hugo.rofors@moderaterna.se,,1,ok,200
565,2687311,modomodoagency.com,https://modomodoagency.com/,about-modo-modo-10@2x.jpg ; about-modo-modo-11@2x.webp ; about-modo-modo-12@2x.jpg ; about-modo-modo-13@2x.webp ; about-modo-modo-14@2x.webp ; about-modo-modo-16@2x.jpg ; about-modo-modo-17@2x.jpg ; about-modo-modo-19@2x.jpg ; about-modo-modo-1@2x.jpg ; about-modo-modo-20@2x.jpg ; about-modo-modo-2@2x.jpg ; about-modo-modo-4@2x.jpg ; about-modo-modo-5@2x.jpg ; about-modo-modo-6@2x.jpg ; about-modo-modo-7@2x.jpg ; about-modo-modo-8@2x.jpg ; about-modo-modo-9@2x.jpg ; agency-b2b-b2c-clients@2x.jpg ; agency-brushes@2x.webp ; agency-for-b2b@2x.jpg ; agency-for-healthcare-medical@2x.jpg ; agency-for-in-transition-m-a-or-pe-vc-owned@2x.jpg ; agency-for-industrial-manufacturing@2x.jpg ; agency-for-technology-emerging-markets@2x.jpg ; award-2024-inc5000@2x.jpg ; award-winning-omni-channel-media@2x.jpg ; b2b-b2c-web-print-projects@2x.jpg ; bootstrap@5.3.2 ; bootstrap@5.3.3 ; core@2.11.8 ; decor-l@2x.webp ; decor-r@2x.webp ; finding-success-patterns-in-omni-channel-media@2x.jpg ; hi@modomodoagency.com ; human-intelligence-not-ai@2x.jpg ; loader1@2x.jpg ; loader2@2x.jpg ; loader3@2x.jpg ; loader4@2x.jpg ; loader5@2x.jpg ; marketing-agency-client-review-brush@2x.jpg ; marketing-agency-design-awards@2x.jpg ; menu-bg@2x.webp ; modo-modo-agency-best-place-to-work@2x.jpg ; modo-modo-agency-chief-marketer-200@2x.jpg ; modo-modo-agency-creative-brushes@2x.jpg ; modo-modo-agency-healthiest-employers@2x.jpg ; modo-modo-agency-inc-5000@2x.jpg ; modo-modo-agency-inc-power-partner@2x.jpg ; modo-modo-agency-volunteer-dogooder@2x.jpg ; modo-modo-agency-wbenc@2x.jpg ; omni-channel-media-from-modo-modo-agency@2x.jpg ; peach-bowl-selects-modo-modo-agency@2x.jpg,hi@modomodoagency.com,,2,ok,200
572,2728261,campinvan.com,https://campinvan.com/,contact@campinvan.fr,,,1,ok,200
542,2554136,bytovki-rf.ru,https://www.bytovki-rf.ru/,info@bytovki-rf.ru,info@bytovki-rf.ru,,1,ok,200
576,2747478,mystery-travel.be,https://www.mystery-travel.be/,info@mystery-travel.be ; u003einfo@mystery-travel.be,,https://ilovesurprises.typeform.com/to/F3whlBEp ; https://ilovesurprises.typeform.com/to/IOoMVsFq ; https://ilovesurprises.typeform.com/to/rnBm4f ; https://ilovesurprises.typeform.com/to/s8stxtCF,0,ok,200
575,2741221,bucarsrv.com,https://bucarsrv.com/,brittany.gelleny@bucarsrv.com ; chris@bucarsrv.com ; dan.overes@bucarsrv.com ; davidreid@bucarsrv.com ; finance@bucarsrv.com ; lisa.carter@bucarsrv.com ; matthew.young@bucarsrv.com ; parts@bucarsrv.com ; scott@bucarsrv.com ; tyson@bucarsrv.com ; warranty@bucarsrv.com ; wayne.kent@bucarsrv.com ; zack@bucarsrv.com,brittany.gelleny@bucarsrv.com ; chris@bucarsrv.com ; dan.overes@bucarsrv.com ; davidreid@bucarsrv.com ; finance@bucarsrv.com ; lisa.carter@bucarsrv.com ; matthew.young@bucarsrv.com ; parts@bucarsrv.com ; scott@bucarsrv.com ; tyson@bucarsrv.com ; warranty@bucarsrv.com ; wayne.kent@bucarsrv.com ; zack@bucarsrv.com,,2,ok,200
568,2709191,atelierhosting.com,https://atelierhosting.com/,sales@atelierhosting.com ; support@atelierhosting.com,sales@atelierhosting.com ; support@atelierhosting.com,https://hash5.typeform.com/to/G1ofvI ; https://hash5.typeform.com/to/sLVbY4 ; https://hash5.typeform.com/to/z5j2bp,2,ok,200
578,2776796,everlastingelopements.com,https://everlastingelopements.com/,info@everlastingelopements.com,info@everlastingelopements.com,https://everlastingelopements.typeform.com/,2,ok,200
586,2829155,adelie-assurances.com,https://www.adelie-assurances.com/,contact@adelie-assurances.com ; monemail@gmail.com,contact@adelie-assurances.com,https://embed.typeform.com/,1,ok,200
583,2811144,athinasuites.com,https://www.athinasuites.com/,info@athinasuites.com,info@athinasuites.com,https://athinaluxurysuites.typeform.com/to/K3o0Oh,2,unavailable,200
588,2844768,tashmans.com,https://www.tashmans.com/,info@tashmans.com,,,2,ok,200
594,2871571,biolandes.com,https://biolandes.com/,correspondance@biolandes.com,,,1,ok,200
595,2874292,gbl.com,https://www.gbl.com/en,adonohoe@gbl.com ; cdumasy@gbl.com,,,2,ok,200
587,2830636,theatre-madeleine.com,https://www.theatre-madeleine.com/,evenements@theatremadeleine.com ; footer-logo@2x.png ; logo-madeleine-1@2x.png,evenements@theatremadeleine.com,https://relation-delight.typeform.com/to/JeyFf9AF,2,ok,200
581,2791043,aurexia.com,https://www.aurexia.com/,careers@aurexia.com ; contact@aurexia.com,careers@aurexia.com ; contact@aurexia.com,https://aurexia.typeform.com/to/dR16zR ; https://aurexia.typeform.com/to/f4WvEW,2,ok,200
604,2929462,danceaustinstudio.com,https://www.danceaustinstudio.com/,danceaustinowner@gmail.com ; korie@danceaustinstudio.com,danceaustinowner@gmail.com,,2,ok,200
602,2922325,akb-versta.ru,https://akb-versta.ru/,info@akb-versta.ru,info@akb-versta.ru,,2,ok,200
606,2955294,institutodaprostata.com,https://www.institutodaprostata.com/pt,geral@institutodaprostata.com,geral@institutodaprostata.com,,1,ok,200
589,2846458,vamosfalarsobreoluto.com.br,https://vamosfalarsobreoluto.com.br/,info@vamosfalarsobreoluto.com.br,info@vamosfalarsobreoluto.com.br,https://vfsol.typeform.com/to/NGb0Bo,2,ok,200
599,2904745,towbinmotorcars.com,https://www.towbinmotorcars.com/,sales@towbinauto.com,sales@towbinauto.com,https://towbin.typeform.com/to/fxn7l5mH,1,ok,200
608,2964168,kineticvip.com,https://docs.kineticvip.com:443/,hey@kineticvip.com,hey@kineticvip.com,,0,ok,200
618,3006452,ohd.dk,https://ohd.dk/,kontakt@ohd.dk,kontakt@ohd.dk,,0,ok,200
610,2970365,moringaconnect.com,https://moringaconnect.com/,info@moringaconnect.com ; pr@moringaconnect.com ; stockist@moringaconnect.com ; wholesale@moringaconnect.com,,https://info013420.typeform.com/to/VVyEVqMNtrue-moringa-powder,1,ok,200
614,2983253,cadastre.ch,https://www.cadastre.ch/de,vermessung@swisstopo.ch,vermessung@swisstopo.ch,,1,ok,200
615,2989755,orikigroup.com,https://www.orikigroup.com/,contact@orikigroup.com ; transparent_oriki_logos_shopify_header_logo_1600_x_600_px_225x@2x.png,contact@orikigroup.com,https://form.typeform.com/to/Pcb6OC ; https://vdnu9zpvuto.typeform.com/,1,ok,200
622,3015388,fruitatwork.eu,https://www.fruitatwork.eu/,info@fruitatwork.eu,info@fruitatwork.eu,https://images.typeform.com/,1,ok,200
613,2977285,teamazing.at,https://www.teamazing.at/,dpo-google@google.com ; hello@teamazing.com,,https://embed.typeform.com/ ; https://teamazing.typeform.com/to/XykdSYjL,2,ok,200
625,3022419,chimpmanagement.com,https://chimpmanagement.com/,enquiries@chimpmanagement.com,enquiries@chimpmanagement.com,,2,ok,200
619,3006838,behere.co,https://behere.co/,hello@behere.co,hello@behere.co,https://fine-works.typeform.com/,2,ok,200
611,2971631,fluidmasteruk.com,https://www.fluidmasteruk.com/,help@fluidmaster.com,,,2,ok,200
626,3042461,eco.com,https://eco.com/,gsap@3.12.7 ; lenis@1.1.19 ; satoshi@nakamoto.com,,https://gn42hgrwv21.typeform.com/to/C1jbDuPu,2,ok,200
617,3005151,baggioimoveis.com.br,https://baggioimoveis.com.br/,contato@baggioimoveis.com.br,contato@baggioimoveis.com.br,https://baggioimoveis.typeform.com/to/MzVmRsW0,0,ok,200
585,2812175,champagnecastle.co.za,https://champagnecastle.co.za/,info@champagnecastle.co.za ; info@champagnecastlehotel.co.za,info@champagnecastle.co.za ; info@champagnecastlehotel.co.za,,1,ok,200
636,3066112,organisologie.com,https://organisologie.com/,contact@organisologie.com,,https://form.typeform.com/to/WitabIDq,1,ok,200
612,2972168,seed4soft.com,https://www.seed4soft.com/,analyste@seed4soft.com,analyste@seed4soft.com,https://vzfzkts1fsd.typeform.com/to/Qrin7pVa,1,ok,200
621,3014917,allenmemorial.org,https://allenmemorial.org/,ambc@allenmemorial.org,ambc@allenmemorial.org,,1,ok,200
605,2938382,la-coccinelle.fr,https://www.la-coccinelle.fr/,contact@la-coccinelle.fr ; partenariat@la-coccinelle.fr,contact@la-coccinelle.fr ; partenariat@la-coccinelle.fr,,2,ok,200
633,3060417,voxmarketinggroup.com,https://voxmarketinggroup.com/,arasmussen@voxships.com ; jkillpack@voxships.com,,,0,ok,200
634,3063736,crossfitgantry.com,https://crossfitgantry.com/,jay@crossfitgantry.com,jay@crossfitgantry.com,,1,ok,200
641,3084226,symetri.se,https://www.symetri.se/,andreas.nasman@symetri.com ; info@symetri.se ; martin.burrows@symetri.com ; support@symetri.se,andreas.nasman@symetri.com ; info@symetri.se ; martin.burrows@symetri.com ; support@symetri.se,,2,ok,200
654,3118646,core-asset.co.uk,https://core-asset.co.uk/,betsy@core-asset.co.uk ; catherineo@core-asset.co.uk ; chloe@core-asset.co.uk ; christopher@core-asset.co.uk ; ellen@core-asset.co.uk ; emma@core-asset.co.uk ; henry@core-asset.co.uk ; julia@core-asset.co.uk ; julie@core-asset.co.uk ; kamilla@core-asset.co.uk ; kim@core-asset.co.uk ; laurac@core-asset.co.uk ; louise@core-asset.co.uk ; milda.90443.12732@coreasset.aplitrak.com ; rachael@core-asset.co.uk ; titta@core-asset.co.uk,,,2,ok,200
653,3118327,jfcsatl.org,https://jfcsatl.org/,info@jfcsatl.org ; info@jonathanmelville.com,,,2,unavailable,200
644,3091299,hennamorena.com,https://www.hennamorena.com/es/,comercial@hennamorena.com ; info@hennamorena.com,,https://lmlvh0v8shr.typeform.com/to/krIAt63A,0,ok,200
658,3140098,volvic.de,https://www.volvic.de/,info@volvic.de,info@volvic.de,,1,ok,200
643,3090657,soprema.ch,https://www.soprema.ch/de/,info@soprema.ch,,,2,ok,200
668,3229701,teonite.com,https://teonite.com/,hello@teonite.com ; mike@teonite.com ; robert@teonite.com,hello@teonite.com ; mike@teonite.com ; robert@teonite.com,https://h7pq7oq6nfx.typeform.com/to/l2L4ZusB,1,ok,200
662,3213797,mekorma.com,https://mekorma.com/,microsoft-solutions-partner@2x.png ; sales@mekorma.com ; subscribe-to-our-newsletter@2x.png ; support@mekorma.com,sales@mekorma.com ; support@mekorma.com,https://form.typeform.com/to/SHJZatDD,2,ok,200
669,3243990,route66ventures.com,https://route66ventures.com/,arif@r66.vc ; ben@r66.vc ; david@r66.vc ; eric@r66.vc ; joe@r66.vc ; mike@r66.vc ; ryan@r66.vc ; stuart@r66.vc ; trent@r66.vc,arif@r66.vc ; ben@r66.vc ; david@r66.vc ; eric@r66.vc ; joe@r66.vc ; mike@r66.vc ; ryan@r66.vc ; stuart@r66.vc ; trent@r66.vc,,2,ok,200
661,3197692,mecklenburg.org,https://mecklenburg.org/,churchoffice@mecklenburg.org,churchoffice@mecklenburg.org,https://mecker.typeform.com/to/c11y32ys,2,ok,200
666,3226581,tree.it,https://tree.it/,cecilia.dicera@opinno.com ; giacomo.gemmiti@opinno.com ; giulio.todescan@blum.vision ; info@tree.it ; michele.spalletta@opinno.com ; michele@tree.it ; rosa.occhipinti@opinno.com ; rossella.sapuppo@opinno.com ; sabrina.mingoia@opinno.com ; silvia.amato@opinno.com ; simona.massaro@opinno.com,info@tree.it,,2,ok,200
674,3280577,orgzit.com,https://orgzit.com/,email@company.com ; tony@stark-industries.com ; wecare@orgzit.com,wecare@orgzit.com,,2,ok,200
673,3271890,iamsupercharged.com,https://iamsupercharged.com/,boost-friends-community-mockup-02@2x-1024x922.png ; boost-friends-community-mockup-02@2x-1536x1384.png ; boost-friends-community-mockup-02@2x-300x270.png ; boost-friends-community-mockup-02@2x-572x515.png ; boost-friends-community-mockup-02@2x-768x692.png ; boost-friends-community-mockup-02@2x.png ; kwanza-jones-history@2x-1024x740.jpg ; kwanza-jones-history@2x-300x217.jpg ; kwanza-jones-history@2x-700x506.jpg ; kwanza-jones-history@2x-768x555.jpg ; kwanza-jones-history@2x.jpg ; sc-hp-summit_events@2x-1024x808.jpg ; sc-hp-summit_events@2x-300x237.jpg ; sc-hp-summit_events@2x-768x606.jpg ; sc-hp-summit_events@2x.jpg ; supercharged-crew@2x-1024x743.jpg ; supercharged-crew@2x-300x218.jpg ; supercharged-crew@2x-700x508.jpg ; supercharged-crew@2x-768x557.jpg ; supercharged-crew@2x.jpg ; supercharged-full-logo@2x-300x202.png ; supercharged-full-logo@2x.png ; supercharged-logo-white@2x-1-1024x124.png ; supercharged-logo-white@2x-1-300x36.png ; supercharged-logo-white@2x-1-768x93.png ; supercharged-logo-white@2x-1.png,,,2,ok,200
671,3268813,saffronsageliving.com,https://www.saffronsageliving.com/,sectionslider@3.3.002 ; service@saffronsageliving.com,service@saffronsageliving.com,https://saffronsage1.typeform.com/to/VTFOo7ju,2,ok,200
675,3281396,blakeboles.com,https://www.blakeboles.com/,blakeboles@gmail.com ; yourstruly@blakeboles.com,,https://blakeboles.typeform.com/to/qyZUDR,2,ok,200
663,3214796,tortiliscamps.com,https://www.tortiliscamps.com/,email@domain.com ; hello@tortiliscamps.com,hello@tortiliscamps.com,,2,ok,200
677,3284305,rakli.fi,https://www.rakli.fi/,etunimi.sukunimi@rakli.fi ; rakli@rakli.fi,etunimi.sukunimi@rakli.fi,https://kirahub.typeform.com/to/oHt9slh5,1,ok,200
680,3298667,burningman.nl,https://burningman.nl/,media@burningman.nl,media@burningman.nl,,2,ok,200
683,3315708,vdletg.com,https://www.vdletg.com/en,info@vdletg.com,info@vdletg.com,,2,ok,200
686,3339794,mentavio.com,https://mentavio.com/,info@arztkonsultation.de,info@arztkonsultation.de,https://videosprechstunde.typeform.com/to/y36K5GLm,1,ok,200
681,3305270,tabanmd.com,https://tabanmd.com/,office@tabanmd.com,office@tabanmd.com,https://drtaban.typeform.com/to/prPCO2 ; https://embed.typeform.com/,2,ok,200
684,3331300,lucamazzucchelli.com,https://www.lucamazzucchelli.com/,galimberti-umberto_01-kvuc-u3140703790744m0f-656x492@corriere-web-sezioni-e1668877017775.jpg ; info@lucamazzucchelli.com,info@lucamazzucchelli.com,,1,ok,200
689,3353508,rockfamilychurch.com,https://www.rockfamilychurch.com/,beyondspace-snippets@0.0.44 ; info@rockfamilychurch.com,info@rockfamilychurch.com,,1,ok,200
685,3337958,bonbonmusic.com,https://bonbonmusic.com/,service@bonbonmusic.com ; vue-directive-tooltip@1.4.5.min.css ; vuedirectivetooltip@1.4.5.js,,https://bonbonmusic05.typeform.com/to/t8uABp ; https://embed.typeform.com/,2,ok,200
679,3290142,seminare4you.de,https://seminare4you.de/,dpo-google@google.com ; gdpr@typeform.com ; privacy@provenexpert.com ; rkwichmann@web.de ; vgw@vgwort.de,,,2,ok,200
670,3266307,originsmartmarketing.com,https://originsmartmarketing.com/,rosalie@originsmartmarketing.com,,https://embed.typeform.com/ ; https://originsmartmarketing.typeform.com/to/WRUQZF ; https://originsmartmarketing.typeform.com/to/cd1LMN ; https://originsmartmarketing.typeform.com/to/gM2Xs4,2,ok,200
698,3403191,truereply.com,https://truereply.com/,jose@truereply.com,,,2,ok,200
687,3351927,pischulti.at,https://pischulti.at/,a.asani@pischulti.at ; a.braun@pischulti.at ; a.muelleder@pischulti.at ; a.pischulti@pischulti.at ; agron.asani@pischulti.at ; b.ziegler@pischulti.at ; c.pfaller@pischulti.at ; d.danninger@pischulti.at ; d.kaiser@pischulti.at ; d.korntner@pischulti.at ; e.sigl@pischulti.at ; e.ulas@pischulti.at ; ecevit.ulas@pischulti.at ; f.blaho@pischulti.at ; f.kaser@pischulti.at ; f.wiesmayr@pischulti.at ; g.schmidt@pischulti.at ; h.schlaffer@pischulti.at ; k.minichberger@pischulti.at ; m.ecker@pischulti.at ; m.gessl@pischulti.at ; m.herbst@pischulti.at ; m.langmayr@pischulti.at ; m.solberger@pischulti.at ; maximilian@pischulti.at ; office@pischulti.at ; p.doeberl@pischulti.at ; p.hajdecka@pischulti.at ; r.wintersteiger@pischulti.at ; s.hametner@pischulti.at ; s.schinnerl@pischulti.at ; t.pischulti@pischulti.at ; thomas.pischulti@pischulti.at ; u.pischulti@pischulti.at ; w.kaiser@pischulti.at ; w.ratz@pischulti.at,a.braun@pischulti.at ; a.muelleder@pischulti.at ; a.pischulti@pischulti.at ; agron.asani@pischulti.at ; b.ziegler@pischulti.at ; c.pfaller@pischulti.at ; d.danninger@pischulti.at ; d.kaiser@pischulti.at ; d.korntner@pischulti.at ; e.sigl@pischulti.at ; ecevit.ulas@pischulti.at ; f.blaho@pischulti.at ; f.kaser@pischulti.at ; f.wiesmayr@pischulti.at ; g.schmidt@pischulti.at ; h.schlaffer@pischulti.at ; k.minichberger@pischulti.at ; m.ecker@pischulti.at ; m.gessl@pischulti.at ; m.herbst@pischulti.at ; m.langmayr@pischulti.at ; m.solberger@pischulti.at ; maximilian@pischulti.at ; office@pischulti.at ; p.doeberl@pischulti.at ; p.hajdecka@pischulti.at ; r.wintersteiger@pischulti.at ; s.hametner@pischulti.at ; s.schinnerl@pischulti.at ; thomas.pischulti@pischulti.at ; u.pischulti@pischulti.at ; w.kaiser@pischulti.at ; w.ratz@pischulti.at,https://embed.typeform.com/ ; https://form.typeform.com/to/Glz7jWQh,2,ok,200
703,3419417,yolo.com.tr,https://yolo.com.tr/,name@example.com,,https://embed.typeform.com/ ; https://yolotr.typeform.com/to/maxuND,2,unavailable,200
690,3353567,spectrum-aesthetics.com,https://spectrum-aesthetics.com/,info@spectrum-aesthetics.com,info@spectrum-aesthetics.com,,1,ok,200
702,3417410,fairlanehotel.com,https://fairlanehotel.com/,hello@fairlanehotel.com ; laurarose@storeyhotelgroup.com,hello@fairlanehotel.com ; laurarose@storeyhotelgroup.com,,1,ok,200
704,3428163,goflashwin.com,https://goflashwin.com/,support@goflashwin.com,,https://toddheffner.typeform.com/to/InzFmb,1,ok,200
695,3389941,velux.bg,https://www.velux.bg/,u002f@velux.bulgaria,,,2,ok,200
712,3487335,seiv.gr,https://www.seiv.gr/,info@seiv.gr,info@seiv.gr,https://form.typeform.com/to/jyceRl,0,ok,200
700,3415266,womenintechregatta.com,https://www.womenintechregatta.com/,admin@witregatta.com ; melody@thecravecompany.com ; melodybiringer@gmail.com,admin@witregatta.com ; melodybiringer@gmail.com,https://witregatta.typeform.com/to/fOcMI8cx ; https://witregatta.typeform.com/to/kI4XlOwD,1,ok,200
708,3461921,hungryminds.be,https://hungryminds.be/,core@2.9.7 ; info@hungryminds.be ; lenis@1.0.36,,,2,ok,200
693,3371656,marocentrepreneurs.com,https://marocentrepreneurs.com/,com@marocentrepreneurs.com ; conference@marocentrepreneurs.com ; contact@marocentrepreneurs.com ; diacom@marocentrepreneurs.com ; entreprisepce@marocentrepreneurs.com ; informationcontact@marocentrepreneurs.com ; memploi@marocentrepreneurs.com ; networking@marocentrepreneurs.com ; networkingnetworking@marocentrepreneurs.com ; pce@marocentrepreneurs.com ; sponsoring@marocentrepreneurs.com ; sponsoringsponsoring@marocentrepreneurs.com ; u00e9diacom@marocentrepreneurs.com,com@marocentrepreneurs.com ; conference@marocentrepreneurs.com ; contact@marocentrepreneurs.com ; memploi@marocentrepreneurs.com ; networking@marocentrepreneurs.com ; pce@marocentrepreneurs.com,https://form.typeform.com/to/bQfEmlo1,2,ok,200
701,3417055,georgboerner.de,https://www.georgboerner.de/,assistance@soprema.fr ; boerner@soprema.de,boerner@soprema.de,,2,ok,200
710,3472280,schmidt-reality.cz,https://www.schmidt-reality.cz/,1783071205-6435-200x133@2x.jpg ; 1783071205-6435-227x151@2x.jpg ; 1783071205-6435-300x200@2x.jpg ; 1783071205-6435-344x229@2x.jpg ; 1783071205-6435-354x236@2x.jpg ; 1783071205-6435-373x249@2x.jpg ; 1783071205-6435-780x520@2x.jpg ; 1783498009-81-200x133@2x.jpg ; 1783498009-81-227x151@2x.jpg ; 1783498009-81-300x200@2x.jpg ; 1783498009-81-344x229@2x.jpg ; 1783498009-81-354x236@2x.jpg ; 1783498009-81-373x249@2x.jpg ; 1783498009-81-768x511@2x.jpg ; 1785071711-7768-200x133@2x.jpg ; 1785071711-7768-227x151@2x.jpg ; 1785071711-7768-300x200@2x.jpg ; 1785071711-7768-344x229@2x.jpg ; 1785071711-7768-354x236@2x.jpg ; 1785071711-7768-373x249@2x.jpg ; 1785071711-7768-780x520@2x.jpg ; 1785832154-4378-200x133@2x.jpg ; 1785832154-4378-227x151@2x.jpg ; 1785832154-4378-300x200@2x.jpg ; 1785832154-4378-344x229@2x.jpg ; 1785832154-4378-354x236@2x.jpg ; 1785832154-4378-373x249@2x.jpg ; 1785832154-4378-780x520@2x.jpg ; 1785920220-046-200x134@2x.jpg ; 1785920220-046-227x151@2x.jpg ; 1785920220-046-300x201@2x.jpg ; 1785920220-046-354x236@2x.jpg ; 1785920220-046-373x249@2x.jpg ; 1785920220-046-780x520@2x.jpg ; 1786012575-5011-200x133@2x.jpg ; 1786012575-5011-227x151@2x.jpg ; 1786012575-5011-300x200@2x.jpg ; 1786012575-5011-344x229@2x.jpg ; 1786012575-5011-354x236@2x.jpg ; 1786012575-5011-373x249@2x.jpg ; 1786012575-5011-780x520@2x.jpg ; foto-web-novomlynska-nadrz-500x500-1-150x150@2x.jpg ; foto-web-novomlynska-nadrz-500x500-1-200x200@2x.jpg ; fotolokalityukazatele-scaled-1-150x150@2x.jpg ; fotolokalityukazatele-scaled-1-500x500@2x.jpg ; fotolokalityukazatele-scaled-1-546x546@2x.jpg ; info@freshynek.cz ; rd-ladna-150x150@2x.jpeg ; vinohrady-web-e1629233724292-500x500-1-150x150@2x.jpg ; vinohrady-web-e1629233724292-500x500-1-200x200@2x.jpg ; vranuv-mlyn-150x150@2x.jpg ; zamek-mikulov-web-500x500-1-150x150@2x.jpg ; zamek-mikulov-web-500x500-1-200x200@2x.jpg,,,1,ok,200
707,3445105,damovo.com,https://www.damovo.com/,datenschutz@softgarden.de ; dialog.germany@damovo.com ; dpo-google@google.com ; enquiry.dgs@damovo.com ; gdpr@typeform.com ; info.belgium@damovo.com ; info.pl@damovo.com ; info@softgarden.de ; info@xing.com ; msft@microsoft.com ; privacy@wistia.com ; sales.austria@damovo.com ; sales.finland@damovo.com ; sales.ireland@damovo.com ; sales.luxembourg@damovo.com ; sales.netherlands@damovo.com ; sales.sweden@damovo.com ; sales.switzerland@damovo.com,dialog.germany@damovo.com ; enquiry.dgs@damovo.com ; info.belgium@damovo.com ; info.pl@damovo.com ; sales.austria@damovo.com ; sales.finland@damovo.com ; sales.ireland@damovo.com ; sales.luxembourg@damovo.com ; sales.netherlands@damovo.com ; sales.sweden@damovo.com ; sales.switzerland@damovo.com,,2,ok,200
705,3437762,systronic.com.au,https://www.systronic.com.au/,info@systronic.com.au,info@systronic.com.au,,2,ok,200
714,3495352,ironlinx.com,https://ironlinx.com/,sales@ironlinx.com,sales@ironlinx.com,https://ironlinxfulfillment.typeform.com/to/BjcIg9 ; https://ironlinxfulfillment.typeform.com/to/OaDm5y ; https://ironlinxfulfillment.typeform.com/to/Yy4OeU ; https://ironlinxfulfillment.typeform.com/to/me2RFi ; https://ironlinxfulfillment.typeform.com/to/sp8ztu ; https://ironlinxfulfillment.typeform.com/to/w8XozqIO,2,ok,200
724,3558622,communicart.fr,https://communicart.fr/,contact@communicart.fr ; recrutement@communicart.fr,contact@communicart.fr ; recrutement@communicart.fr,https://form.typeform.com/to/luJIhRa3,1,ok,200
725,3566328,kihyuntorturenet.tumblr.com,https://kihyuntorturenet.tumblr.com/,1@2x.png,,https://appy5.typeform.com/to/EwDB8t ; https://dend.typeform.com/to/lfVLbG,0,ok,200
719,3525208,sixthirty.co,https://sixthirty.co/,andrew@sixthirty.co ; david.hopkins@sixthirty.co ; douglas@sixthirty.co ; evan@sixthirty.co ; hello@sixthirty.co ; joel@sixthirty.co ; jordan@sixthirty.co ; molly@sixthirty.co ; ram@sixthirty.co ; samarth@sixthirty.co,andrew@sixthirty.co ; david.hopkins@sixthirty.co ; douglas@sixthirty.co ; evan@sixthirty.co ; hello@sixthirty.co ; joel@sixthirty.co ; jordan@sixthirty.co ; molly@sixthirty.co ; ram@sixthirty.co ; samarth@sixthirty.co,https://form.typeform.com/to/gWIv0UnK,2,ok,200
732,3624969,conductionplate.com,https://conductionplate.com/,conductionplate@gmail.com,conductionplate@gmail.com,https://acf.typeform.com/to/SuTvbo ; https://acf.typeform.com/to/oMEthf,1,ok,200
738,3660060,jamitlabs.com,https://jamitlabs.com/,mail@jamitlabs.com,mail@jamitlabs.com,https://form.typeform.com/,2,ok,200
737,3657633,firstavenue.it,https://firstavenue.it/,support@firstavenue.it,,,2,ok,200
734,3644133,collegescholarshipsusa.com,https://www.collegescholarshipsusa.com/,info@csusa.co.uk ; info@csusa.dk ; info@csusa.no ; info@csusa.se,info@csusa.co.uk ; info@csusa.dk ; info@csusa.no ; info@csusa.se,,2,ok,200
742,3674761,tryaffinity.com,https://tryaffinity.com/lobbyredirect,hayley@fromthelobby.com ; hello@fromthelobby.com,hayley@fromthelobby.com ; hello@fromthelobby.com,,0,ok,200
744,3684378,restore.org.uk,https://restore.org.uk/,contactorc@restore.org.uk ; training@restore.org.uk,,,2,ok,200
741,3665754,greenville.ag,https://www.greenville.ag/,benutzer@domain.com ; info@greenville.ag,info@greenville.ag,https://carmenknote.typeform.com/to/LL5C7O13 ; https://carmenknote.typeform.com/to/lBC4QCwu,1,ok,200
748,3703783,golgemma.com,https://golgemma.com/,correspondance@biolandes.com,,,1,ok,200
721,3532166,walserwealth.com,https://walserwealth.com/,gsap@3.12.5 ; info@walserwealth.com,info@walserwealth.com,https://walserwealth.typeform.com/,2,ok,200
750,3727565,rigolcanada.com,https://rigolcanada.com/,directorio@cedesa.com.mx ; info@acmax.mx ; info@saelig.com ; onlinesales@electro-meters.com ; order@newark.com ; sales@electro-meters.com ; sales@jameco.com ; sales@libertytest.com ; sales@rigol.com ; sales@transcat.com ; sales@valuetronics.com ; salesteam@tequipment.net ; ventas@finaltest.com.mx ; ventas@kmox.com.mx ; ventas@radiosurtidora.com ; vhigareda@hiescsupply.com,directorio@cedesa.com.mx ; info@acmax.mx ; info@saelig.com ; onlinesales@electro-meters.com ; order@newark.com ; sales@electro-meters.com ; sales@jameco.com ; sales@libertytest.com ; sales@rigol.com ; sales@transcat.com ; sales@valuetronics.com ; salesteam@tequipment.net ; ventas@finaltest.com.mx ; ventas@kmox.com.mx ; ventas@radiosurtidora.com ; vhigareda@hiescsupply.com,,2,unavailable,200
753,3749538,sfiis.org,https://sfiis.org/,italianschool@sfiis.org ; popper.js@1.16.0,italianschool@sfiis.org,https://mqh4j6d0r6z.typeform.com/to/nyGwJaCp,2,ok,200
757,3772477,refugecf.com,https://www.refugecf.com/,info@refugecf.com,info@refugecf.com,https://embed.typeform.com/,2,ok,200
764,3820353,umkumbe.co.za,https://umkumbe.co.za/,res@umkumbe.co.za,res@umkumbe.co.za,,1,ok,200
761,3789856,mainmetall.de,https://www.mainmetall.de/,dpo-google@google.com ; gdpr@typeform.com ; info@mainmetall.de ; marketing@mainmetall.de ; privacy@fontawesome.com ; support@fb.com,,,1,ok,200
740,3665501,coachingwithroy.com,https://coachingwithroy.com/,roy@coachingwithroy.com,roy@coachingwithroy.com,,2,ok,200
751,3741718,imt.org,https://imt.org/,alexandra.laney@imt.org ; imtweb@imt.org ; sarah.beth.kaye@imt.org,alexandra.laney@imt.org ; imtweb@imt.org ; sarah.beth.kaye@imt.org,https://be-ex.typeform.com/to/Srv8fov1,2,ok,200
765,3823857,raionpoadresu.ru,https://raionpoadresu.ru/,contact@sprweb.ru,contact@sprweb.ru,https://embed.typeform.com/ ; https://form.typeform.com/to/PqpcjTto,1,ok,200
773,3895005,kodak-toulouse.com,https://www.kodak-toulouse.com/,2062d0a4929b45348643784b5cb39c36@sentry.wixpress.com ; 605a7baede844d278b89dc95ae0a9123@sentry-next.wixpress.com ; 79baaa8e09c746d2b7401643b99792e0@sentry.wixpress.com ; 8eb368c655b84e029ed79ad7a5c1718e@sentry.wixpress.com ; core-js-bundle@3.2.1 ; focus-within-polyfill@5.0.9 ; intl-segmenter@11.7.10 ; lodash@4.17.23 ; react-dom@18.3.1 ; react@18.3.1 ; rspack@1.6.8,,https://oloptic.typeform.com/to/C78XZmUG,0,ok,200
767,3827511,soltgroup.de,https://soltgroup.de/,bewerbung@soltgroup.de ; info@soltgroup.de,bewerbung@soltgroup.de ; info@soltgroup.de,,2,ok,200
758,3774638,albercasaqua.com,https://albercasaqua.com/,contacto@albercasaqua.com,contacto@albercasaqua.com,https://form.typeform.com/to/OhWYbdkz,1,ok,200
771,3876290,bhaviksarkhedi.com,https://bhaviksarkhedi.com/,brand@ohhmybrand.com,brand@ohhmybrand.com,https://form.typeform.com/to/LWhbFUoz,2,ok,200
756,3772344,mecanicaceahlau.ro,https://mecanicaceahlau.ro/,adrian.bogdan@mecanicaceahlau.ro ; andrei.stan@mecanicaceahlau.ro ; bucuresti@mecanicaceahlau.ro ; ceahlau@mecanicaceahlau.ro ; ciprian.trip@mecanicaceahlau.ro ; cristian.isvanca@mecanicaceahlau.ro ; liviu.lepadatu@mecanicaceahlau.ro ; mures@mecanicaceahlau.ro ; piese@projet-romania.ro ; piese@steyr-romania.ro ; piesedeschimb@mecanicaceahlau.ro ; ri@mecanicaceahlau.ro,ri@mecanicaceahlau.ro,,2,ok,200
762,3794425,ribo.it,https://www.ribo.it/,info@ribo.it ; marketing@ribo.it ; silver@2x.png,info@ribo.it ; marketing@ribo.it,https://h4xphgi3fx1.typeform.com/to/e4HYsdt4,2,ok,200
778,3925681,etfpartners.capital,https://etfpartners.capital/,fancybox@3.5.2 ; leaflet@1.4.0,,https://7ygr9slar4v.typeform.com/to/mpXhihuC,2,ok,200
769,3866371,nside.io,https://nside.io/,help@nside.io,help@nside.io,https://nside.typeform.com/to/JK3Wru7g,2,ok,200
728,3600416,casalsonline.es,https://casalsonline.es/,contacto@casalsonline.com ; contacto@casalsonline.es ; info@casalsonline.com,contacto@casalsonline.com ; contacto@casalsonline.es ; info@casalsonline.com,https://casalsonline.typeform.com/to/fY45Vu,2,ok,200
775,3906731,cristinamilanez.com,https://cristinamilanez.com/,contato@cristinamilanez.com ; lorenzo@cristinamilanez.com ; u003econtato@cristinamilanez.com,,,0,ok,200
784,3961896,thepizzaproject.co.uk,https://www.thepizzaproject.co.uk/,cafe@thepizzaproject.co.uk ; info@thepizzaproject.co.uk,cafe@thepizzaproject.co.uk ; info@thepizzaproject.co.uk,,1,ok,200
787,3981702,thedailybitsian.wordpress.com,https://thedailybitsian.wordpress.com/,thedailybitsian@gmail.com,,https://thedailybitsian.typeform.com/to/KuIAqV,2,ok,200
780,3936950,productivity-software.com,https://productivity-software.com/,info@spiritworks-software.com ; support@productivity-software.com ; swsd@spiritworks-software.com,info@spiritworks-software.com ; support@productivity-software.com ; swsd@spiritworks-software.com,https://embed.typeform.com/ ; https://garthcat.typeform.com/to/lIItE6 ; https://www.typeform.com/,2,ok,200
783,3947871,boyd-cantenac.fr,https://boyd-cantenac.fr/,administration@boyd-cantenac.fr ; emailadministration@boyd-cantenac.fr,administration@boyd-cantenac.fr,,1,ok,200
791,3990386,saoic.org,https://saoic.org/,amason@saoic.org ; dscott@saoic.org ; enrollment@saoic.org ; hpatterson@saoic.org ; llove@saoic.org ; marcomm@saoic.org ; mdavenport@saoic.org ; mfuller@saoic.org ; mnormandin@saoic.org ; msmart@saoic.org ; psullivan@saoic.org ; sshelton@saoic.org,amason@saoic.org ; dscott@saoic.org ; enrollment@saoic.org ; hpatterson@saoic.org ; llove@saoic.org ; marcomm@saoic.org ; mdavenport@saoic.org ; mfuller@saoic.org ; mnormandin@saoic.org ; msmart@saoic.org ; psullivan@saoic.org ; sshelton@saoic.org,,2,ok,200
782,3947439,specialtyeye.com,https://www.specialtyeye.com/,info@mindsyeye.com ; slick-carousel@1.8.1,info@mindsyeye.com,https://podmarketing.typeform.com/to/m7ncZBVj,2,ok,200
795,4021425,beeping.si,https://www.beeping.si/,axa@2x-100x100.png ; axa@2x-80x80.png ; axa@2x.png ; info@beeping.si ; mastercard_footer@2x-101x80.png ; mastercard_footer@2x.png,info@beeping.si,https://k5v5gd7r1s7.typeform.com/to/YLX4Fckq,0,ok,200
786,3980110,cielocommunity.org,https://cielocommunity.org/,info@cielocommunity.org,info@cielocommunity.org,https://cielodata.typeform.com/,1,ok,200
788,3982183,yamabiko-chaya.com,https://www.yamabiko-chaya.com/,gd050251-4845@tbb.t-com.ne.jp ; yamabiko1511@outlook.jp,,,1,ok,200
798,4024415,hydeparkchurch.org,https://hydeparkchurch.org/,dcalhoun@hpcumc.org ; info@hpcumc.org ; info@hpumc.org,dcalhoun@hpcumc.org ; info@hpcumc.org ; info@hpumc.org,https://hpcumc.typeform.com/to/apQgUw2a,2,ok,200
803,4045400,flamingosimulador.com,https://flamingosimulador.com/,ledezma_cerrajeria@hotmail.com,ledezma_cerrajeria@hotmail.com,https://ledezmacerrajeria.typeform.com/to/x0zwuS,0,ok,200
797,4022708,mulberrydental.co.uk,https://www.mulberrydental.co.uk/,info@mulberrydental.co.uk,info@mulberrydental.co.uk,https://sbwhdu2.typeform.com/to/nYWO7W,2,ok,200
799,4031005,pahrtners.be,https://www.pahrtners.be/fr/,info@pahrtners.be ; lena.rossignol@pahrtners.be ; recruitment@pahrtners.be,info@pahrtners.be ; lena.rossignol@pahrtners.be ; recruitment@pahrtners.be,https://embed.typeform.com/ ; https://iv2gmd9xgrn.typeform.com/to/wsYLJ1Js,2,ok,200
696,3400665,mariannes-flammkuchen.de,https://mariannes-flammkuchen.de/,1_75f267d5-fed7-4df3-b634-24405049bc56_1024x1024@2x.webp ; 5_df94a60b-ee17-4614-aa81-e459e5a5f527_1024x1024@2x.webp ; cba20828-10d7-4277-8ab8-70bb7f77fc11_1_105_c_1024x1024@2x.webp ; info@mariannes-flammkuchen.de ; info@mariannes-flammkuchen.deumsatzsteuer-idumsatzsteuer-identifikationsnummer ; restaurantherxheim@mariannes-flammkuchen.de ; restaurantkarlsruhe@mariannes-flammkuchen.de ; restaurantlinkenheim@mariannes-flammkuchen.de,restaurantherxheim@mariannes-flammkuchen.de ; restaurantkarlsruhe@mariannes-flammkuchen.de ; restaurantlinkenheim@mariannes-flammkuchen.de,,2,ok,200
811,4116466,evanette.se,https://evanette.se/,kundtjanst@evanette.se,,,0,ok,200
805,4068255,omegagrid.com,https://www.omegagrid.com/,info@omegagrid.com ; u003einfo@omegagrid.com,info@omegagrid.com,https://omegagrid.typeform.com/to/BOzhPZ,2,ok,200
810,4113707,jordanessentials.com,https://jordanessentials.com/,customercare@jordanessentials.com,,,2,ok,200
793,4013005,dos-group.com,https://dos-group.com/,info@dos-group.com,info@dos-group.com,https://v5mf1ufpncu.typeform.com/to/taAU2O5h,1,ok,200
818,4161203,autourdelimage.com,https://www.autourdelimage.com/,agence@autourdelimage.com ; bonjour@autourdelimage.com,bonjour@autourdelimage.com,https://form.typeform.com/to/eFjLL4mg,1,ok,200
808,4104670,jaunty.org,https://www.jaunty.org/,connect@jaunty.org ; eric@jaunty.org,connect@jaunty.org,https://jaunty.typeform.com/ ; https://jaunty.typeform.com/to/Nwjfx5ff ; https://jaunty.typeform.com/to/xVJXfxEF,2,ok,200
794,4019278,vurvesalon.com,https://vurvesalon.com/,care@vurvesalon.com ; contact@vurvesalon.com ; hr@vurvesalon.com ; marketing@vurvesalon.com,care@vurvesalon.com ; contact@vurvesalon.com ; hr@vurvesalon.com ; marketing@vurvesalon.com,https://form.typeform.com/to/IvaEUzD1,2,ok,200
824,4182159,ubex.be,https://ubex.be/,contact@ubex.be,contact@ubex.be,https://sizeplus.typeform.com/,1,unavailable,200
815,4153715,city-visions.net,https://city-visions.net/,achim@offenes-jena.de ; franziska.anschuetz@jena.de,achim@offenes-jena.de ; franziska.anschuetz@jena.de,https://publicartlab.typeform.com/to/dlox54,2,ok,200
823,4175625,petpocketbook.com,https://www.petpocketbook.com/,quill@2.0.3,,,0,unavailable,200
820,4163100,cc-carrefour-petrer.com,https://www.cc-carrefour-petrer.com/,derechosprotecciondedatos@carrefour.com ; es_comunicacion@carmila.com,,,2,ok,200
807,4086150,learnenjoy.com,https://learnenjoy.com/,academie-dorleans@4x-1024x1024-1-1024x1024.png ; academie-dorleans@4x-1024x1024-1-150x150.png ; academie-dorleans@4x-1024x1024-1-300x300.png ; academie-dorleans@4x-1024x1024-1-600x600.png ; academie-dorleans@4x-1024x1024-1-768x768.png ; academie-dorleans@4x-1024x1024-1.png ; aix-marseille@4x-1024x1024.png ; aix-marseille@4x-150x150.png ; aix-marseille@4x-300x300.png ; aix-marseille@4x-600x600.png ; aix-marseille@4x-768x768.png ; aix-marseille@4x.png ; applinou@4x.png ; applinou_mockup@3-1024x1024.png ; applinou_mockup@3-150x150.png ; applinou_mockup@3-1536x1536.png ; applinou_mockup@3-300x300.png ; applinou_mockup@3-600x600.png ; applinou_mockup@3-768x768.png ; applinou_mockup@3.png ; ashoka@4x-1536x1124-1-1024x749.png ; ashoka@4x-1536x1124-1-300x220.png ; ashoka@4x-1536x1124-1-768x562.png ; ashoka@4x-1536x1124-1.png ; autiste-sans-frontiere@4x-1024x1024-1-1024x1024.png ; autiste-sans-frontiere@4x-1024x1024-1-150x150.png ; autiste-sans-frontiere@4x-1024x1024-1-300x300.png ; autiste-sans-frontiere@4x-1024x1024-1-600x600.png ; autiste-sans-frontiere@4x-1024x1024-1-768x768.png ; autiste-sans-frontiere@4x-1024x1024-1.png ; carte_tne@4-1-1024x1002.png ; carte_tne@4-1-1536x1503.png ; carte_tne@4-1-2048x2003.png ; carte_tne@4-1-300x293.png ; carte_tne@4-1-768x751.png ; contact@fondamentapps.com ; europe1@2x-1024x591.jpg ; europe1@2x-300x173.jpg ; europe1@2x-768x443.jpg ; europe1@2x.jpg ; ey@2x-300x219.png ; ey@2x-768x562.png ; ey@2x.png ; femme_micro@2x-1-1024x964.png ; femme_micro@2x-1-300x282.png ; femme_micro@2x-1-768x723.png ; femme_micro@2x-1.png ; france-2030@4x-1024x1024-1-1024x1024.png ; france-2030@4x-1024x1024-1-150x150.png ; france-2030@4x-1024x1024-1-300x300.png ; france-2030@4x-1024x1024-1-600x600.png ; france-2030@4x-1024x1024-1-768x768.png ; france-2030@4x-1024x1024-1.png ; hackathon@2x-1-1024x590.png ; hackathon@2x-1-1536x886.png ; hackathon@2x-1-300x173.png ; hackathon@2x-1-768x443.png ; hackathon@2x-1.png ; icon_appstore_adappt@2x.png ; icon_preschool@2x.png ; icon_school@2x.png ; img_mission@2-1-1332x1536.png ; img_mission@2-1-260x300.png ; img_mission@2-1-768x885.png ; img_mission@2-1-888x1024.png ; img_mission@2-1.png ; ins-hea@4x-1024x1024.png ; ins-hea@4x-150x150.png ; ins-hea@4x-300x300.png ; ins-hea@4x-600x600.png ; ins-hea@4x-768x768.png ; ins-hea@4x.png ; investir@4x-1024x749.png ; investir@4x-1536x1124.png ; investir@4x-300x219.png ; investir@4x-768x562.png ; investir@4x.png ; learnenjoy@4x-1.png ; learny@4x-1024x1024.png ; learny@4x-150x150.png ; learny@4x-300x300.png ; learny@4x-600x600.png ; learny@4x-768x768.png ; learny@4x.png ; logos_tne@2-1024x135.png ; logos_tne@2-300x39.png ; logos_tne@2-768x101.png ; logos_tne@2.png ; mathpower_c2@4x.png ; mathpower_c3@4x.png ; mathpower_c4@4x.png ; ministere-education-nationale@4x-1024x1024.png ; ministere-education-nationale@4x-150x150.png ; ministere-education-nationale@4x-300x300.png ; ministere-education-nationale@4x-600x600.png ; ministere-education-nationale@4x-768x767.png ; ministere-education-nationale@4x.png ; mockup@2x.png ; mockup_mp23_2-1@4x-1024x898.png ; mockup_mp23_2-1@4x-1536x1347.png ; mockup_mp23_2-1@4x-2048x1796.png ; mockup_mp23_2-1@4x-300x263.png ; mockup_mp23_2-1@4x-768x673.png ; mockup_mp_c2@4x.png ; mockup_mp_c3@4x.png ; mockup_mp_c4@4x.png ; mockup_preschool-1@4x-1024x898.png ; mockup_preschool-1@4x-1536x1347.png ; mockup_preschool-1@4x-2048x1796.png ; mockup_preschool-1@4x-300x263.png ; mockup_preschool-1@4x-768x673.png ; mockup_preschool@4x.png ; mockup_school@4x.png ; mockup_school_2-1@4x-1024x898.png ; mockup_school_2-1@4x-1536x1347.png ; mockup_school_2-1@4x-2048x1796.png ; mockup_school_2-1@4x-300x263.png ; mockup_school_2-1@4x-768x673.png ; opco-sante@4x-1024x1024.png ; opco-sante@4x-150x150.png ; opco-sante@4x-300x300.png ; opco-sante@4x-600x600.png ; opco-sante@4x-768x768.png ; opco-sante@4x.png ; preschool@4x.png ; region-academique-grand-est@4x-1024x1024.png ; region-academique-grand-est@4x-150x150.png ; region-academique-grand-est@4x-300x300.png ; region-academique-grand-est@4x-600x600.png ; region-academique-grand-est@4x-768x768.png ; region-academique-grand-est@4x.png ; region-academique-ile-de-france@4x-1024x1024.png ; region-academique-ile-de-france@4x-150x150.png ; region-academique-ile-de-france@4x-300x300.png ; region-academique-ile-de-france@4x-600x600.png ; region-academique-ile-de-france@4x-768x768.png ; region-academique-ile-de-france@4x.png ; school@4x.png ; uir@4x-1-1024x1024.png ; uir@4x-1-150x150.png ; uir@4x-1-300x300.png ; uir@4x-1-600x600.png ; uir@4x-1-768x768.png ; uir@4x-1.png ; universite-paris-descartes@4x-1024x1024.png ; universite-paris-descartes@4x-150x150.png ; universite-paris-descartes@4x-300x300.png ; universite-paris-descartes@4x-600x600.png ; universite-paris-descartes@4x-768x768.png ; universite-paris-descartes@4x.png ; universite-rennes-2@4x-1024x1024.png ; universite-rennes-2@4x-150x150.png ; universite-rennes-2@4x-300x300.png ; universite-rennes-2@4x-600x600.png ; universite-rennes-2@4x-768x768.png ; universite-rennes-2@4x.png ; val-doise-numerique@4x-1024x1024.png ; val-doise-numerique@4x-150x150.png ; val-doise-numerique@4x-300x300.png ; val-doise-numerique@4x-600x600.png ; val-doise-numerique@4x-768x767.png ; val-doise-numerique@4x.png,,https://form.typeform.com/to/mYTsXMsL,1,ok,200
816,4158554,kunstaeroe.dk,https://kunstaeroe.dk/,info@kunstaeroe.dk ; peter@kunstaeroe.dk,info@kunstaeroe.dk,,0,ok,200
829,4203892,symetri.fi,https://www.symetri.fi/,info@symetri.fi,info@symetri.fi,,1,ok,200
835,4243156,singaporevalleyawards.com,https://singaporevalleyawards.com/,sva@tembusupartners.com,,https://4gdnqlryhsl.typeform.com/to/hcU3Vor2 ; https://4gdnqlryhsl.typeform.com/to/zU80Hn4B,1,ok,200
834,4235880,loeft.no,https://loeft.no/,hei@loeft.no ; info@email.com,hei@loeft.no,,0,ok,200
826,4192016,ardent-group.com,https://www.ardent-group.com/,address@email.be ; info@ardent-group.com,info@ardent-group.com,,2,ok,200
806,4085382,ateamtuition.com,https://ateamtuition.com/,info@ateamtuition.com,info@ateamtuition.com,https://ateam-tuition.pro.typeform.com/to/ev9DwEXz ; https://ateam-tuition.pro.typeform.com/to/fbFAQxft,2,ok,200
840,4275432,gettothegym.com,https://gettothegym.com/,customerservice@gettothegym.com,customerservice@gettothegym.com,,0,ok,200
830,4217790,tullystraining.com,https://tullystraining.com/,tullystraining@gmail.com,tullystraining@gmail.com,https://admin.typeform.com/ ; https://embed.typeform.com/ ; https://form.typeform.com/to/TJn7zDTL ; https://tullystraining.typeform.com/to/TJn7zDTL ; https://tullystraining.typeform.com/to/sDbggLex,2,ok,200
817,4159089,isomatex.com,https://www.isomatex.com/,example@example.com ; info@isomatex.com,info@isomatex.com,,2,ok,200
841,4275561,portfolia.co,https://www.portfolia.co/,companies@portfolia.com ; info@portfolia.com ; investorrelations@portfolia.com,companies@portfolia.com ; investorrelations@portfolia.com,https://portfoliavc.typeform.com/to/PeknP035,2,ok,200
848,4311326,baluvaithinathan.com,https://baluvaithinathan.com/,iam@baluvaithinathan.com,iam@baluvaithinathan.com,,0,unavailable,200
845,4300483,thefederalistfreestyle.tumblr.com,https://thefederalistfreestyle.tumblr.com/,1@2x.png ; matt@therecordco.org,,https://therecordco.typeform.com/to/w6wTkF,1,ok,200
852,4351706,macoco-resort.com,https://macoco-resort.com/,reservas@macoco-resort.com ; resort.macoco@gmail.com,reservas@macoco-resort.com,https://tmbnwisui8b.typeform.com/to/ZBtQ6ai9,0,ok,200
857,4370976,unipret.com,https://unipret.com/,contact@unipret.com,contact@unipret.com,https://saasuni.typeform.com/to/D310iI,1,ok,200
838,4269963,kerstmagie.be,https://www.kerstmagie.be/,info@kerstmagie.be,info@kerstmagie.be,https://historalia.typeform.com/to/Ho6n5Mt3,1,ok,200
851,4337145,coraglobal.es,https://coraglobal.es/,info@coraglobal.es,info@coraglobal.es,https://bbd3qo8cf0u.typeform.com/to/pULAbk2M,0,ok,200
843,4299302,harleyjohnston.com,https://harleyjohnston.com/,harley@harleyjohnston.com,harley@harleyjohnston.com,,2,ok,200
844,4299332,super-friends-moving.com,https://super-friends-moving.com/,green@2x.png ; superfriendmovers@gmail.com,superfriendmovers@gmail.com,,2,ok,200
863,4411523,oldbicycleshop.com,https://www.oldbicycleshop.com/,oldbicycleshop@youngs.co.uk,oldbicycleshop@youngs.co.uk,,0,ok,200
846,4302366,medicaldiscoverynews.com,https://medicaldiscoverynews.com/,dniesel@utmb.edu ; md.news@utmb.edu,md.news@utmb.edu,,0,unavailable,200
855,4368846,picturemotion.com,https://picturemotion.com/,hello@picturemotion.com,hello@picturemotion.com,https://picturemotion.typeform.com/to/ADyS50,2,ok,200
869,4500609,lantmannenfinans.se,https://www.lantmannenfinans.se/,splide@4.1.4,,,0,ok,200
873,4525700,totalsafes.co.uk,https://totalsafes.co.uk/,info@totalsafes.co.uk,info@totalsafes.co.uk,,2,ok,200
862,4404151,sparklecitycomics.com,https://www.sparklecitycomics.com/,brian@sparklecitycomics.com ; support@sparklecitycomics.com,brian@sparklecitycomics.com,https://embed.typeform.com/,2,ok,200
867,4449421,mathasasecondlanguage.org,https://www.mathasasecondlanguage.org/,info@mathasasecondlanguage.com ; info@mathasasecondlanguage.org,info@mathasasecondlanguage.com,https://cam19.typeform.com/to/IYVfkd,1,ok,200
866,4445969,westoakcoffee.com,https://westoakcoffee.com/,wholesale@voltagecoffeeproject.com ; wholesale@westoakcoffee.com,wholesale@voltagecoffeeproject.com,https://form.typeform.com/to/XUFJ9pGO,0,ok,200
874,4525844,lofi-house.com,https://lofi-house.com/,bootstrap@5.3.2 ; lofi-service@lofi-house.com,,,1,ok,200
853,4358442,rcentres.qc.ca,https://rcentres.qc.ca/,igarreau@rcentres.qc.ca ; info@rcentres.qc.ca ; mblier@rcentres.qc.ca ; nmorissette@rcentres.qc.ca ; sbouabdallaoui@rcentres.qc.ca ; vallee@rcentres.qc.ca,igarreau@rcentres.qc.ca ; info@rcentres.qc.ca ; mblier@rcentres.qc.ca ; nmorissette@rcentres.qc.ca ; sbouabdallaoui@rcentres.qc.ca ; vallee@rcentres.qc.ca,https://form.typeform.com/to/bPmVdbU7,1,ok,200
875,4528978,monika-sedivy.de,https://monika-sedivy.de/,info@monika-sedivy.de ; webdesign-fuer-it-unternehmen_small-500x313@2x.jpg.webp ; webdesign-fuer-it-unternehmen_small-768x480@2x.jpg.webp ; webdesign-fuer-it-unternehmen_small@2x.jpg ; webdesign-fuer-steuerberater_small@2x.jpg ; webdesign-fuer-stiftung_small@2x.jpg ; webdesign-landingpage_small@2x.jpg ; webdesign-muenchen-firmenwebsite-immobilien@2x.jpg ; webdesign-muenchen-hausarztpraxis@2x.jpg ; webdesign-muenchen-interim-management@2x.jpg ; webdesign-muenchen-investment-unternehmen-1@2x.jpg ; webdesign-muenchen-it-consultant@2x.jpg ; webdesign-muenchen-kanzlei-rechtsanwaelte-1@2x.jpg ; webdesign-muenchen-kanzlei-rechtsanwaelte@2x.jpg ; webdesign-muenchen-museumsberatung@2x.jpg ; webdesign-muenchen-organisation@2x.jpg ; webdesign-muenchen-portraetfotografin@2x.jpg ; webdesign-muenchen-rechtsanwalt-steuerberater@2x.jpg ; webdesign-munchen-arztpraxis@2x.jpg,info@monika-sedivy.de,https://form.typeform.com/to/Ja2b8Uzx,1,ok,200
821,4164230,visch-vanzeggelaar.nl,https://www.visch-vanzeggelaar.nl/,aart@visch-vanzeggelaar.nl ; bob@visch-vanzeggelaar.nl ; bootstrap@4.6.1 ; carlijn@visch-vanzeggelaar.nl ; daan@visch-vanzeggelaar.nl ; danielle@visch-vanzeggelaar.nl ; dominique@visch-vanzeggelaar.nl ; dorien@visch-vanzeggelaar.nl ; emma@visch-vanzeggelaar.nl ; jeroen@visch-vanzeggelaar.nl ; juliette@visch-vanzeggelaar.nl ; lisanne@visch-vanzeggelaar.nl ; lon@visch-vanzeggelaar.nl ; martijn@visch-vanzeggelaar.nl ; olivier@visch-vanzeggelaar.nl ; sjors@visch-vanzeggelaar.nl ; stanley@visch-vanzeggelaar.nl,aart@visch-vanzeggelaar.nl ; bob@visch-vanzeggelaar.nl ; carlijn@visch-vanzeggelaar.nl ; daan@visch-vanzeggelaar.nl ; danielle@visch-vanzeggelaar.nl ; dominique@visch-vanzeggelaar.nl ; dorien@visch-vanzeggelaar.nl ; emma@visch-vanzeggelaar.nl ; jeroen@visch-vanzeggelaar.nl ; juliette@visch-vanzeggelaar.nl ; lisanne@visch-vanzeggelaar.nl ; lon@visch-vanzeggelaar.nl ; martijn@visch-vanzeggelaar.nl ; olivier@visch-vanzeggelaar.nl ; sjors@visch-vanzeggelaar.nl ; stanley@visch-vanzeggelaar.nl,,2,ok,200
881,4573756,nerditnow.com,https://nerditnow.com/,info@nerditnow.com ; support@nerditnow.com,,,2,ok,200
854,4364102,medular.org,https://www.medular.org/,informacion@medular.org ; protecciondedatos@medular.org,,,1,ok,200
883,4577923,cookshillcc.org,https://www.cookshillcc.org/,emily@cookshillcc.org ; nicoe@cookshillcc.org ; office@cookshillcc.org,emily@cookshillcc.org ; nicoe@cookshillcc.org,,2,ok,200
871,4506380,centrostuditaliani.org,https://www.centrostuditaliani.org/,genova@centrostuditaliani.org ; info@centrostuditaliani.cn ; info@centrostuditaliani.org ; latam@centrostuditaliani.org ; milano@centrostuditaliani.org ; urbania@centrostuditaliani.org ; whychoosecsi@4-1024x780.jpg ; whychoosecsi@4-300x229.jpg ; whychoosecsi@4-768x585.jpg ; whychoosecsi@4.jpg,genova@centrostuditaliani.org ; info@centrostuditaliani.cn ; latam@centrostuditaliani.org ; milano@centrostuditaliani.org ; urbania@centrostuditaliani.org,https://6grgyt3kw4t.typeform.com/to/gwKGcslW,2,ok,200
880,4562395,preshouse.org,https://preshouse.org/,info@preshouse.org,,,2,ok,200
897,4649109,anoldinternational.co.uk,https://www.anoldinternational.co.uk/,christoph@www.anoldinternational.co.uk,,,1,ok,200
884,4579034,trustshoring.com,https://www.trustshoring.com/,office@trustshoring.com,office@trustshoring.com,https://form.typeform.com/to/ZQ9jHSpU ; https://form.typeform.com/to/dNWlz94s,2,ok,200
894,4628717,roanokegroup.com,https://www.roanokegroup.com/,comint1@ccmexico.com.mx ; insuranceclaims@roanokegroup.com ; submitclaim@roanokegroup.com,insuranceclaims@roanokegroup.com ; submitclaim@roanokegroup.com,,2,unavailable,200
898,4654353,sunborninfinity.gi,https://www.sunborninfinity.gi/,spa@infinitysunborn.com ; spa@sunborngibraltar.com,,,2,ok,200
912,4732021,cremationinstitute.com,https://cremationinstitute.com/,hello@cremationinstitute.com,hello@cremationinstitute.com,,2,ok,200
903,4675896,ftuebe.es,https://ftuebe.es/,secretaria@ftuebe.es,,,0,ok,200
900,4665057,mobyfree.com,https://www.mobyfree.com/,info@mobyfree.com ; sam@mobyfree.com,info@mobyfree.com ; sam@mobyfree.com,https://sam1159.typeform.com/to/xJDVtm,1,ok,200
916,4747023,mileo.co,https://mileo.co/,support@mileo.co,support@mileo.co,https://embed.typeform.com/,1,ok,200
914,4736307,littlevoyageurs.com,https://www.littlevoyageurs.com/,charlotte@littlevoyageurs.com,charlotte@littlevoyageurs.com,https://form.typeform.com/to/WeV5jTME,2,ok,200
924,4764577,questionsante.org,https://questionsante.org/,info@questionsante.org,,,2,ok,200
931,4831189,commscouncil.nz,https://commscouncil.nz/,basiclightbox@5.0.4 ; lisa@commscouncil.nz,,https://commscouncil.typeform.com/to/AZ1WFNr1,2,ok,200
926,4790722,relinkmedical.com,https://relinkmedical.com/,communications@relinkmedical.com,communications@relinkmedical.com,,0,ok,200
889,4603171,aflab.com,https://aflab.com/,info@aflab.com,info@aflab.com,,2,ok,200
929,4801113,perdomocigars.com,https://www.perdomocigars.com/,contact@perdomocigars.com,contact@perdomocigars.com,http://studioharrison.typeform.com/,1,ok,200
938,4859882,goodpromo.me,https://goodpromo.me/,intl-tel-input@18.1.1,,,0,unavailable,200
918,4753367,tulsaobgyn.com,https://www.tulsaobgyn.com/,contact@mysite.com ; contactus@tulsaobgyn.com,contact@mysite.com,https://s007wieu7bi.typeform.com/to/qt20QIz7,2,ok,200
930,4809869,chimneyking.com,https://www.chimneyking.com/,sales@chimneyking.com,sales@chimneyking.com,,2,ok,200
921,4761245,adeptexpeditions.com,https://adeptexpeditions.com/,anyextee@adeptexpeditions.com,,,2,ok,200
941,4870575,talktotrinity.com,https://talktotrinity.com/,hello@talktotrinity.com ; triclaims@tmhcc.com ; uk.claims@chubb.com,hello@talktotrinity.com,,2,ok,200
937,4858880,vindictadigital.co.uk,https://vindictadigital.co.uk/,info@vindictadigital.co.uk,info@vindictadigital.co.uk,https://embed.typeform.com/,2,ok,200
940,4864384,toolfuel.eu,https://toolfuel.eu/,impressum@toolfuel.eu ; kontakt@toolfuel.eu,impressum@toolfuel.eu,https://form.typeform.com/to/QUmIRGb5,2,ok,200
934,4840882,pes-trinity.in,https://pes-trinity.in/,pes.trinityis@gmail.com,,,2,ok,200
922,4761506,akquise-plus.de,https://www.akquise-plus.de/,cb@akquise-plus.de ; cb@akquise-plus.detelefonnummer ; gdpr@typeform.com ; kalim@fotolia.com ; privacy@vimeo.com ; termin@akquise-plus.de,cb@akquise-plus.de ; termin@akquise-plus.de,,1,ok,200
915,4741583,masterfarma.com.br,https://www.masterfarma.com.br/,contato@masterfarma.com.br ; recado@neurodigital.com.br,contato@masterfarma.com.br,,0,ok,200
949,4924462,hmyboise.com,https://www.hmyboise.com/,info@hmyboise.com,,https://hmy1.typeform.com/to/gaqig6sl,0,ok,200
947,4901992,knoxec.com,https://knoxec.com/,avwhitener@gmail.com ; courtney@knoxec.net ; dapaah@seafordcap.com ; delaney@knoxec.net ; info@knoxec.net ; jim.biggs@knoxec.net ; kandis@knoxec.net ; kelsi@knoxec.net ; leslie@knoxec.net ; patrick@ongoingventure.com,avwhitener@gmail.com ; courtney@knoxec.net ; dapaah@seafordcap.com ; delaney@knoxec.net ; info@knoxec.net ; jim.biggs@knoxec.net ; kandis@knoxec.net ; kelsi@knoxec.net ; leslie@knoxec.net ; patrick@ongoingventure.com,https://knoxec.typeform.com/,2,ok,200
910,4717812,stanchem-inc.com,https://www.stanchem-inc.com/,auchy@stanchem-inc.com ; cnye@stanchem-inc.com ; csullivan@stanchem-inc.com ; info@stanchem-inc.com,auchy@stanchem-inc.com ; cnye@stanchem-inc.com ; csullivan@stanchem-inc.com ; info@stanchem-inc.com,,2,ok,200
952,4942279,creative-footprint.org,https://www.creative-footprint.org/,info@creative-footprint.org,info@creative-footprint.org,https://7my37nsm8cb.typeform.com/to/MGG8QyUM ; https://7my37nsm8cb.typeform.com/to/obq2ZJwC,0,unavailable,200
958,5001979,thinkideas.de,https://www.thinkideas.de/,kontakt@thinkideas.de,kontakt@thinkideas.de,,1,ok,200
946,4898974,insurtechgateway.com,https://www.insurtechgateway.com/,opensesame@insurtechgateway.com,,https://form.typeform.com/to/zH6ps8,2,ok,200
953,4954109,cccofgod.org,https://cccofgod.org/,a.keeley@cccofgod.org ; church@cccofgod.org ; cje1@cccofgod.org ; diana@cccofgod.org ; gabriel@cccofgod.org ; k.medina@cccofgod.org ; kurtis@cccofgod.org ; lezlie@cccofgod.org ; megan@cccofgod.org ; missions@cccofgod.org ; pastormichael@cccofgod.org ; pastorrod@cccofgod.org ; pastorrory@cccofgod.org ; paul.spencer@cccofgod.org ; rukiya@cccofgod.org ; sheri@cccofgod.org ; viewrose@cccofgod.org,church@cccofgod.org,,2,ok,200
957,4999509,rideendpoint.com,https://rideendpoint.com/,info@endpoint.bike ; info@endpoint.bikefor,info@endpoint.bike,https://form.typeform.com/to/zjOK33f7,1,ok,200
956,4987230,cstenero.ch,https://www.cstenero.ch/de,cstenero@baspo.admin.ch,cstenero@baspo.admin.ch,,1,ok,200
908,4701909,chinou.co.jp,https://www.chinou.co.jp/new_www/,info@chinou.co.jp,,,2,unavailable,200
959,5005879,profiloconseil.com,https://profiloconseil.com/,john.doe@email.com,,,1,ok,200
962,5014651,yesandyesyes.com,http://www.yesandyesyes.com,98612613@n03.jpg ; artners@yxyy.us ; help@yxyy.us ; media@yxyy.us ; partners@yxyy.us,help@yxyy.us ; media@yxyy.us ; partners@yxyy.us,https://embed.typeform.com/ ; https://willoandco.typeform.com/to/SKIrgk,2,unavailable,200
966,5059431,bambucode.com,https://www.bambucode.com/,hola@bambucode.com,,,0,unavailable,200
964,5018163,awsr.be,https://www.awsr.be/,avr@awsr.be ; belinda.demattia@awsr.be ; dac@awsr.be ; formation@awsr.be ; info@awsr.be ; rdvpedagogique@awsr.be,avr@awsr.be ; belinda.demattia@awsr.be ; dac@awsr.be ; formation@awsr.be ; info@awsr.be ; rdvpedagogique@awsr.be,,2,ok,200
961,5008816,lightyearconstruction.com,https://lightyearconstruction.com/,info@lightyearconstruction.com,,https://matthewmilar.typeform.com/to/V3nIJT ; https://matthewmilar.typeform.com/to/bO4ZRe,1,ok,200
972,5093077,morethanloftladders.co.uk,https://morethanloftladders.co.uk/,enquiries@morethanloftladders.co.uk ; enquiries@mtll.co.uk,enquiries@morethanloftladders.co.uk ; enquiries@mtll.co.uk,https://wf7v1nh8ces.typeform.com/to/NgUjetC6,2,ok,200
973,5095025,nyclassical.org,https://nyclassical.org/,info@nyclassical.org,info@nyclassical.org,,2,ok,200
965,5050938,bonitapark.com,https://bonitapark.com/,0bd794d4-af6c-46bb-8a4a-8ddcfe61760c@2x.jpg ; 0ffcfff8-3d51-41ff-aa23-5065cdb93f9d@2x.png ; 142f8bd3-3535-41d4-8052-b076a28b861c@2x.png ; 1a366b33-0ab0-43f4-9c5f-29e91a3d4610@2x.jpg ; 1b51927a-2ae7-4970-bdbe-1290fd2bbbce@2x.png ; 1d380a71-b4fc-43d5-b99a-2a0c50fbcf96@2x.png ; 22fb0b83-83e0-4514-9d4f-46f5bbb63158@2x.png ; 3397ec6b-6701-4d9b-a03f-0e2cf2467342@2x.png ; 34d7799f-d77e-4b07-bee9-514d4bcef761@2x.png ; 3a644ad3-2dc0-4d58-99c1-9a336412c96a@2x.png ; 3b6fe5c6-2e38-403d-8b50-fb84053b6da3@2x.png ; 632f0995-7b61-4bc0-9231-b10f44386895@2x.png ; 6502e84f-3129-4fca-a015-13ab08fe3dd8@2x.png ; 6963f967-b6e8-4ab2-b077-87061f0bd630@2x.png ; 6ea4fbbd-7570-48f7-b34b-d15ebdcc6c8e@2x.png ; 7679001d-d041-4d26-b87f-0b2e9d962753@2x.png ; 7f5eec0f-551b-4a2b-9941-8de753905b3d@2x.png ; 8f2fe892-4572-438c-922c-f4985c9efd53@2x.png ; 922bf420-1c0c-4aa9-ac62-412bb77676d9@2x.png ; 92c1ed17-c8f9-4f4d-9dfc-3eb967cddfa3@2x.png ; aff1a614-807a-4452-b1ae-755d713bdcf3@2x.png ; andy@bonitapark.com ; b1fec636-37eb-4cc2-9030-7f0a4a1b9ccc@2x.png ; bc732715-93a9-4bef-a398-92b5520c26e7@2x.png ; brenda@bonitapark.com ; c00fafcc-617a-40b7-9fc0-1f26efe26384@2x.png ; cc27cb5e-9363-48a9-b207-0e59ebe7adf5@2x.png ; d66414d8-03b3-4131-93b2-6150ede8b917@2x.png ; d68dcdc4-7078-4e6f-9417-4ac6b04730fc@2x.png ; d7468a2f-317a-4e11-810d-4b4246fa0508@2x.jpg ; d921b541-4621-49c5-b3fd-1a0f4781d372@2x.png ; de22c4b6-a548-4713-bfec-434044d96825@2x.jpg ; denver@bonitapark.com ; e7a92fd3-0159-4f57-83ec-90890886718a@2x.jpg ; info@bonitapark.com ; jonathan@bonitapark.com ; mobile_0bd794d4-af6c-46bb-8a4a-8ddcfe61760c@2x.jpg ; mobile_1d380a71-b4fc-43d5-b99a-2a0c50fbcf96@2x.png ; mobile_22fb0b83-83e0-4514-9d4f-46f5bbb63158@2x.png ; mobile_6ea4fbbd-7570-48f7-b34b-d15ebdcc6c8e@2x.png ; mobile_7f5eec0f-551b-4a2b-9941-8de753905b3d@2x.png ; mobile_b1fec636-37eb-4cc2-9030-7f0a4a1b9ccc@2x.png ; mobile_c00fafcc-617a-40b7-9fc0-1f26efe26384@2x.png ; mobile_cc27cb5e-9363-48a9-b207-0e59ebe7adf5@2x.png ; mobile_d7468a2f-317a-4e11-810d-4b4246fa0508@2x.jpg ; mobile_de22c4b6-a548-4713-bfec-434044d96825@2x.jpg ; mobile_e7a92fd3-0159-4f57-83ec-90890886718a@2x.jpg ; paul@bonitapark.com ; phil@bonitapark.com ; shelly@bonitapark.com,andy@bonitapark.com ; brenda@bonitapark.com ; denver@bonitapark.com ; info@bonitapark.com ; jonathan@bonitapark.com ; paul@bonitapark.com ; phil@bonitapark.com ; shelly@bonitapark.com,https://bonitapark.typeform.com/to/w3KN6w,2,ok,200
981,5178356,softtrader.nl,https://softtrader.nl/,info@softtrader.nl ; sales@softtrader.nl,info@softtrader.nl,,2,ok,200
951,4933813,velux.ua,https://www.velux.ua/,u003evelux.ukraine@velux.com ; velux.ukraine@velux.com,velux.ukraine@velux.com,,2,ok,200
495,2231141,jazzpress.pl,https://jazzpress.pl/,jquery-validation@1.17.0 ; leaflet@1.3.4 ; slick-carousel@1.8.1 ; tether@1.2.4,,https://embed.typeform.com/,2,ok,200
978,5129521,indybooth.com,https://www.indybooth.com/,hello@indybooth.com,hello@indybooth.com,https://indybooth.typeform.com/to/AlnRM5 ; https://indybooth.typeform.com/to/AvP5tQ ; https://indybooth.typeform.com/to/aE44iw ; https://indybooth.typeform.com/to/elWJzf,1,unavailable,200
979,5138314,kapiche.com,https://www.kapiche.com/,support@kapiche.com,,,2,ok,200
983,5188289,thesilkscreenmachine.com,https://thesilkscreenmachine.com/,email@example.com ; events@thesilkscreenmachine.com ; jane@company.com,events@thesilkscreenmachine.com,https://thesilkscreenmachine.typeform.com/,1,ok,200
996,5256627,crossfit536.ie,https://crossfit536.ie/,info@crossfit536.ie,info@crossfit536.ie,https://embed.typeform.com/,0,unavailable,200
974,5113648,nesta.fr,https://www.nesta.fr/,adv@nesta.fr ; contactpro@nesta.fr,contactpro@nesta.fr,,2,ok,200
935,4841311,coben-group.com,https://coben-group.com/,contact@coben.fr,,https://tj6hhc8086e.typeform.com/to/cETz3jrM,2,ok,200
999,5265125,eyelaser.ch,https://eyelaser.ch/,info@eyelaser.ch ; typeit@7.0.4,info@eyelaser.ch,,0,ok,200
995,5256124,aapv.com.br,https://www.aapv.com.br/,contato@aapv.com.br,contato@aapv.com.br,,0,ok,200
987,5210901,stratumclinics.com,https://www.stratumclinics.com/,enquiries@hs-dc.co.uk ; enquiries@stratumclinics.com,enquiries@hs-dc.co.uk,,2,ok,200
1000,5265181,okenglish.eu,https://okenglish.eu/,okenglisheu@gmail.com,,https://khaosoy.typeform.com/to/Rc40yQty,0,ok,200
993,5241544,jordigracia.es,https://jordigracia.es/,juanperez@correo.com,,,2,ok,200
1001,5270915,cecpd.org,https://cecpd.org/,cecpd@ou.edu ; cecpdfinance@ou.edu ; cecpdoperations@ou.edu ; jennquillian@ou.edu ; lscott@ou.edu ; pdas@ou.edu,cecpd@ou.edu ; cecpdaward@ou.edu ; cecpdfinance@ou.edu ; cecpdoperations@ou.edu ; jennquillian@ou.edu ; lscott@ou.edu ; pdas@ou.edu,,2,unavailable,200
992,5239931,tendergourmetbutchery.com.au,https://tendergourmetbutchery.com.au/,onlineshop@tendergourmetbutchery.com.au,,https://eux1.typeform.com/to/GyEDJp,2,ok,200
1005,5288803,affinitywholehealth.com,https://www.affinitywholehealth.com/,help@affinitywholehealth.com,help@affinitywholehealth.com,,2,ok,200
1002,5273549,usabitest.com,https://usabitest.com/,info@usabitest.com,,https://usabitest.typeform.com/to/Gq9CVI,1,ok,200
1004,5285227,collinsdental.com,https://collinsdental.com/,info@collinsdental.com,info@collinsdental.com,https://embed.typeform.com/ ; https://revupgroup.typeform.com/to/qTlpvbfN,2,ok,200
1015,5350124,innocellence.com,https://innocellence.com/,careers@innocellence.com,,,2,ok,200
1017,5357391,adsystems.es,https://adsystems.es/,info@adsystems.es,info@adsystems.es,,2,unavailable,200
982,5179687,toladata.com,https://www.toladata.com/,dpo-google@google.com ; dpo@wordpress.org ; info@toladata.com,info@toladata.com,,2,ok,200
1021,5376764,octobox.net,https://octobox.net/de/home,info@octobox.net ; u003einfo@octobox.net,info@octobox.net,,1,ok,200
990,5217505,kokorography.com,https://kokorography.com/,info@kokorography.com,info@kokorography.com,https://kokorography.typeform.com/to/z9y6Xw,2,ok,200
1019,5360365,sould.se,https://sould.se/,business@sould.se ; christian@sould.se ; david@sould.se ; elin@sould.se ; elvine@sould.se ; emanuel@sould.se ; filippa@sould.se ; info@sould.se ; jakob@sould.se ; kajsa@sould.se ; praktik@sould.se ; sara@sould.se,business@sould.se ; christian@sould.se ; david@sould.se ; elin@sould.se ; elvine@sould.se ; emanuel@sould.se ; filippa@sould.se ; info@sould.se ; jakob@sould.se ; kajsa@sould.se ; praktik@sould.se ; sara@sould.se,,1,unavailable,200
1027,5400002,storeswiki.com,https://storeswiki.com/,support@storeswiki.com ; u003esupport@storeswiki.com ; unicornstudio.js@v1.4.29,,,0,ok,200
1018,5358233,anaste.com,https://www.anaste.com/,anaste@anaste.com ; flag-icons@7.0.0,anaste@anaste.com,,0,ok,200
1008,5324302,zuidema.nl,https://www.zuidema.nl/,info@zuidema.nl,info@zuidema.nl,https://embed.typeform.com/ ; https://form.typeform.com/,2,ok,200
1020,5363943,subina-giuletti.de,https://subina-giuletti.de/,agency@montsecortazar.com ; dast-verlag@t-online.de ; info@dast-verlag.de ; info@subina-giuletti.de,dast-verlag@t-online.de ; info@dast-verlag.de ; info@subina-giuletti.de,,1,unavailable,200
1028,5400210,m2ngage.com,https://m2ngage.com/,info@m2ngage2.com,info@m2ngage2.com,,0,ok,200
994,5242924,lanoirsaddleworld.com.au,https://www.lanoirsaddleworld.com.au/,info@lanoirsaddleworld.com.au,info@lanoirsaddleworld.com.au,,2,ok,200
1032,5412181,studiomore.co.uk,https://www.studiomore.co.uk/,hey@studiomore.co.uk,hey@studiomore.co.uk,https://danwilson949076.typeform.com/to/oJKlnS ; https://studiomore.typeform.com/to/oJKlnS,0,ok,200
1031,5411939,memoirevive.ch,https://memoirevive.ch/,b2c@memoirevive.ch ; html5shiv@3.7.3 ; sales@memoirevive.ch ; support@memoirevive.ch,support@memoirevive.ch,https://ncvxbky821a.typeform.com/to/r6SCfPdD,2,ok,200
1025,5387160,benuren.com,https://benuren.com/,gonzaloripoll@gmail.com,,https://benuren.typeform.com/,0,ok,200
1037,5432281,capitalindexpartners.com,https://www.capitalindexpartners.com/,bootstrap@5.3.3 ; partners@vantosmarkets.co.uk,partners@vantosmarkets.co.uk,,0,unavailable,200
1022,5380112,duxpaint.com,https://duxpaint.com/,bea@duxpaint.com ; donna@duxpaint.com ; donna@duxpaint.comphone ; info@835272b8b4.nxcli.io ; info@duxpaint.com ; info@duxpaint.comphone,bea@duxpaint.com ; info@835272b8b4.nxcli.io ; info@duxpaint.com,,2,ok,200
1034,5426113,ifgfla.com,https://www.ifgfla.com/,office@ifgfla.com,,,2,ok,200
1010,5329844,kaebelleisure.com.au,https://www.kaebelleisure.com.au/,analytics@impressive.com.au,,https://embed.typeform.com/,2,ok,200
1042,5450682,evologi.it,https://evologi.it/,support@evologi.it,support@evologi.it,https://embed.typeform.com/ ; https://form.typeform.com/,0,ok,200
1041,5447065,raplinenetwork.tumblr.com,https://raplinenetwork.tumblr.com/,1@2x.png,,https://dijah1.typeform.com/to/cmfIll,0,ok,200
1039,5435935,azurethemes.tumblr.com,https://azurethemes.tumblr.com/,1@2x.png,,https://jcb.typeform.com/to/Qz9rgT,2,ok,200
1035,5430894,prinsloozeeman.co.za,https://prinsloozeeman.co.za/,info@prinsloozeeman.co.za,info@prinsloozeeman.co.za,,0,ok,200
1045,5460301,kabagaida.com,https://kabagaida.com/,todormihmih@gmail.com,todormihmih@gmail.com,,1,unavailable,200
1030,5410713,alariaescuelasinfantiles.es,https://www.alariaescuelasinfantiles.es/,admisiones@alariaescuelasinfantiles.es ; hola@alariaescuelasinfantiles.es ; info@alariaescuelasinfantiles.es ; leaflet@1.7.1 ; rrhh@alariaescuelasinfantiles.es ; rrss@alariaescuelasinfantiles.es,admisiones@alariaescuelasinfantiles.es ; hola@alariaescuelasinfantiles.es ; info@alariaescuelasinfantiles.es ; rrhh@alariaescuelasinfantiles.es ; rrss@alariaescuelasinfantiles.es,https://form.typeform.com/to/Ps9Zk4gU,1,ok,200
1051,5499585,east5thavenue.com,https://east5thavenue.com/,intl-tel-input@17.0.18 ; support@east5thavenue.com,support@east5thavenue.com,https://form.typeform.com/to/rFS2ACsi,0,ok,200
1057,5526216,fvpi.ch,https://fvpi.ch/,ventes@fvpi.ch,ventes@fvpi.ch,https://embed.typeform.com/,0,ok,200
1055,5522288,milanopsichiatra.com,https://www.milanopsichiatra.com/,irenevanelli@gmail.com,irenevanelli@gmail.com,https://embed.typeform.com/,2,unavailable,200
1056,5524397,movecloser.co,https://movecloser.co/,albert.kempa@movecloser.pl ; office@movecloser.co,office@movecloser.co,https://1h2d57jocjp.typeform.com/to/dln3bQEj,2,ok,200
1044,5457059,coastlinechurch.org,https://coastlinechurch.org/,2df4e968-8b9c-4d5a-a391-619de7aee293@2x.jpg ; 88b60587-06cf-4382-836a-3121b53650bb@2x.jpg ; dce1817a-b0fa-4354-bf00-12ed6df07812@2x.png ; f0f1d934-e71e-4a2f-a6f2-558765c9274d@2x.png ; f4b4f581-191e-4ee4-95b8-1baa8a1d2cd6@2x.jpg ; ffad11cd-d904-4248-b919-93f6b290953f@2x.jpg ; info@coastlinechurch.org ; kids@coastlinechurch.org,info@coastlinechurch.org ; kids@coastlinechurch.org,https://fny4nefjuzf.typeform.com/to/JbOM2o4e,2,ok,200
1053,5509289,marklaxton.com,https://www.marklaxton.com/,you@example.com,,,2,unavailable,200
1065,5591364,wimbletech.com,https://wimbletech.com/,fsb-logo@2x.png,,https://embed.typeform.com/ ; https://images.typeform.com/ ; https://wimbletech.typeform.com/to/k2j9ZJ2l ; https://wimbletech.typeform.com/to/oxNWXV,2,ok,200
1050,5496011,iccons.co.in,https://iccons.co.in/,director@iccons.co.in ; iccons.trivandrum@gmail.com ; icconssrr@gmail.com ; icconstvpm2018@gmail.com,icconssrr@gmail.com ; icconstvpm2018@gmail.com,https://embed.typeform.com/ ; https://idearocket.typeform.com/to/dhMsmE,2,unavailable,200
1060,5553483,cc-carrefour-alcobendas.com,https://www.cc-carrefour-alcobendas.com/,derechosprotecciondedatos@carrefour.com ; es_comunicacion@carmila.com,,,1,ok,200
1059,5542613,sindilav.com.br,https://sindilav.com.br/,sindilav@sindilav.com.br,,https://sindilav.typeform.com/to/aGlRaqSG,0,ok,200
1012,5333709,fuc.fr,https://www.fuc.fr/,fucteam@fuc.fr,,https://form.typeform.com/to/CmovEfVR,2,ok,200
1061,5557417,cc-carrefour-azabache.com,https://www.cc-carrefour-azabache.com/,derechosprotecciondedatos@carrefour.com ; es_comunicacion@carmila.com,,,2,ok,200
1069,5602789,eurotriade.com,https://eurotriade.com/,angela.ghircoias@eurotriade.com ; brian.koh@eurotriade.com ; contact@eurotriade.com ; lynda.zeghdoud@eurotriade.com ; marc.leibundguth@eurotriade.com ; martin.woehrle@eurotriade.com ; north.africa@eurotriade.com ; north.america@eurotriade.com ; philippe.kopp@eurotriade.com ; u003eangela.ghircoias@eurotriade.com ; u003ebrian.koh@eurotriade.com ; u003elynda.zeghdoud@eurotriade.com ; u003emarc.leibundguth@eurotriade.com ; u003emartin.woehrle@eurotriade.com ; u003enorth.africa@eurotriade.com ; u003enorth.america@eurotriade.com ; u003ephilippe.kopp@eurotriade.com,brian.koh@eurotriade.com ; contact@eurotriade.com ; lynda.zeghdoud@eurotriade.com ; marc.leibundguth@eurotriade.com ; north.africa@eurotriade.com ; philippe.kopp@eurotriade.com,https://eurotriade.typeform.com/,2,ok,200
1063,5576000,publico.sk,https://www.publico.sk/,napisavydaj@publico.sk,napisavydaj@publico.sk,https://embed.typeform.com/,0,ok,200
1078,5640310,nudelife.co.uk,https://nudelife.co.uk/,hello@nudelife.co.uk,,https://nudelife.typeform.com/to/vI7fIU,2,ok,200
1066,5593167,hpac.ca,https://hpac.ca/,admin@hpac.ca,,https://pq3ivecn4rb.typeform.com/to/g2mPTEm9,2,ok,200
1071,5611629,thegreendoorcompany.nl,https://www.thegreendoorcompany.nl/,asfreeintractionhook_161_info@thegreendoorcompany.nl ; fons@thegreendoorcompany.nl ; info@thegreendoorcompany.nl,fons@thegreendoorcompany.nl ; info@thegreendoorcompany.nl,https://thegreendoorcompany.typeform.com/,1,ok,200
1023,5383553,itramed.com,https://itramed.com/,info@itramed.com,info@itramed.com,https://form.typeform.com/to/q0Bkx5eu,2,ok,200
1081,5655517,glassandmarker.com,https://glassandmarker.com/,info@glassandmarker.com ; newbiz@glassandmarker.com,,https://embed.typeform.com/ ; https://form.typeform.com/to/kI08gL ; https://glassandmarker.typeform.com/to/kI08gL,1,ok,200
1072,5613482,centrocomercialatalayas.com,https://www.centrocomercialatalayas.com/,comercializacion@carmila.com ; info@centrocomercialatalayas.com,comercializacion@carmila.com ; info@centrocomercialatalayas.com,https://carmila.pro.typeform.com/to/kKJ1APjF,2,ok,200
1074,5622837,kuatro.com.mx,https://www.kuatro.com.mx/,bootstrap-icons@1.7.2 ; bootstrap@5.3.2 ; leaflet@1.9.4 ; ventas@kuatro.com.mx,ventas@kuatro.com.mx,https://embed.typeform.com/,1,ok,200
1046,5468499,bottsmartvan.co.uk,https://bottsmartvan.co.uk/,bottsmartvan@bott.com,bottsmartvan@bott.com,,2,ok,200
1087,5700306,clcvecta.nl,https://clcvecta.nl/,dineke@clcvecta.nl ; gerbrig@clcvecta.nl ; info@clcvecta.nl ; riemer@clcvecta.nl,info@clcvecta.nl,https://embed.typeform.com/,1,unavailable,200
1085,5664715,laguel.pl,https://www.laguel.pl/,info@laguel.pl,info@laguel.pl,,0,ok,200
1094,5725451,priorhq.com,https://www.priorhq.com/,asap@2x.png ; breathe-green@2x.png ; carrefour@2x.png ; costa@2x.png ; doeat@2x.png ; flax-and-kale@2x.png ; kraving-kitchens@2x.png ; massa@2x.png ; poke@2x.png ; saladmarket@2x.png ; sushi-artist@2x.png ; sushicatessen@2x.png ; teresas@2x.png,,https://prior1.typeform.com/to/PqqV1O,0,unavailable,200
1084,5660378,faberlab.org,https://www.faberlab.org/,html2canvas@1.4.1 ; info@faberlab.org,info@faberlab.org,,0,ok,200
1093,5719768,hekro.at,https://www.hekro.at/,wels@hekro.at,,https://embed.typeform.com/ ; https://images.typeform.com/,1,ok,200
1099,5738187,tuemilio.com,https://tuemilio.com/,cookieconsent@v2.7.2,,,0,ok,200
1089,5703610,lesaudacieux.fr,https://www.lesaudacieux.fr/,logo-@2x.png ; logo-mobile@2x.png,,https://lesaudacieux.typeform.com/to/pujmWAbi,0,ok,200
1102,5743938,dutchbasecamp.org,https://dutchbasecamp.org/,hello@merkli.com ; info@dutchbasecamp.org ; startupvisa@dutchbasecamp.org,hello@merkli.com,,2,ok,200
1073,5614133,reality.fr,https://reality.fr/,alice@reality.fr ; bloc-left@2x-768x798.png ; envelope-open@2x.png ; groupe-1129@2x-v1.png ; groupe-1129@2x.png ; hello@reality.fr ; map-marker@2x.png,,https://realityagency.typeform.com/to/OxpnFw,2,ok,200
1103,5753434,tropheesdupersonnel.fr,https://www.tropheesdupersonnel.fr/,tropheesdupersonnel@afasec.fr,tropheesdupersonnel@afasec.fr,https://afasec.typeform.com/,1,ok,200
1101,5740680,modcabinetry.com,https://www.modcabinetry.com/,studioteam@modcabinetry.com,,,1,ok,200
1108,5790748,macinwork.com,https://www.macinwork.com/,hello@macinwork.com,hello@macinwork.com,,2,ok,200
1105,5775284,up2lab.it,https://up2lab.it/,info@up2lab.it,info@up2lab.it,https://up2lab.typeform.com/to/sbxEKvGW,2,ok,200
1111,5806717,lezu.com,https://www.lezu.com/,info@lezu.com ; patricia@lezu.com,info@lezu.com ; patricia@lezu.com,,1,ok,200
1115,5817006,bagimlilikuzmani.com,https://bagimlilikuzmani.com/,iletisim@yesimselcuk.com,,,0,ok,200
1118,5831523,ovac4u.com,https://www.ovac4u.com/,contact@ovac4u.com ; iamovac@gmail.com ; yourmail@domain.com,,https://embed.typeform.com/ ; https://ovac4u.typeform.com/to/vEAuJS,0,ok,200
1109,5793609,lafayetteinstrument.com,https://lafayetteinstrument.com/,info@lafayetteinstrument.com ; sales@campdeninstruments.com ; sales@lafayetteinstrument.com,info@lafayetteinstrument.com ; sales@campdeninstruments.com ; sales@lafayetteinstrument.com,https://80hwhj0abok.typeform.com/ ; https://api.typeform.com/ ; https://embed.typeform.com/ ; https://form.typeform.com/ ; https://www.typeform.com/,2,ok,200
1097,5728043,getemtiger.com,https://getemtiger.com/,go@getemtiger.com,,https://form.typeform.com/to/bHfMYB,2,ok,200
1120,5840701,cubiclesystems.co.uk,https://cubiclesystems.co.uk/,sales@cubiclesystems.co.uk,,https://form.typeform.com/to/ItAelsic,1,ok,200
1117,5831293,seeitalytravel.com,https://seeitalytravel.com/,info@seeitalytravel.com ; name@example.com,info@seeitalytravel.com,https://seeitalytravel.typeform.com/,1,ok,200
1113,5812745,centrvarikoza.ru,https://www.centrvarikoza.ru/,phlebolog@centrvarikoza.ru,phlebolog@centrvarikoza.ru,,2,ok,200
1112,5807493,discovercalvary.org,https://www.discovercalvary.org/,cca@discovercalvary.org,,https://hfh5r6zb51v.typeform.com/to/Qy5iI0zc,2,ok,200
1124,5855685,webforce.be,https://www.webforce.be/,info@webforce.be ; jean@entreprise.be,info@webforce.be,,1,ok,200
1125,5857895,garkaneenergy.com,https://garkaneenergy.com/,core@2.11.6 ; info@garkane.com ; tippy.js@6.3.7,info@garkane.com,,2,ok,200
1123,5852261,modulservis.cz,https://www.modulservis.cz/,obchod@modulservis.cz,obchod@modulservis.cz,https://embed.typeform.com/ ; https://form.typeform.com/to/PNceMgu5 ; https://images.typeform.com/ ; https://modulservis.typeform.com/to/QWfV2Pbz,0,ok,200
1131,5887017,sheet2site.com,https://sheet2site.com/,you@email.com,,,2,ok,200
1122,5850699,lemonlaws.com,https://lemonlaws.com/,intake@plsfirm.com,,,2,ok,200
1126,5862204,ib-bi.com,https://ib-bi.com/,jordan@bulldozer-collective.com,,,2,ok,200
1138,5943534,beachparkmlekojedy.cz,https://beachparkmlekojedy.cz/,produkce@beachparkmlekojedy.cz ; provoz@beachparkmlekojedy.cz,produkce@beachparkmlekojedy.cz ; provoz@beachparkmlekojedy.cz,,0,ok,200
1142,5948195,thewesternhemisphere.org,https://thewesternhemisphere.org/,jane.doe@domain.com,,https://westernhemisphere.typeform.com/to/qNudAv ; https://westernhemisphere.typeform.com/to/wdxnG1,1,ok,200
1148,5977018,sueciacarminerva.com,https://sueciacarminerva.com/,nombre@dominio.com,,https://images.typeform.com/,0,ok,200
1151,5984972,equals.co.uk,https://equals.co.uk/,admin@equalsoffice.co.uk ; book_icon_circle@4x-8.png ; chosen-sprite@2x.png ; user_icon@4x-8.png ; will@urbanriver.com,admin@equalsoffice.co.uk,,2,ok,200
1159,6031890,impuls1.de,https://www.impuls1.de/,info@impuls1.de ; name@mail.de ; schmidt@impuls1.de,info@impuls1.de ; schmidt@impuls1.de,,2,ok,200
1141,5947357,crossfithyattsville.com,https://crossfithyattsville.com/,crossfithyattsville@gmail.com,crossfithyattsville@gmail.com,,2,ok,200
1146,5975797,tjejerkodar.se,https://tjejerkodar.se/,hello@tjejerkodar.se,hello@tjejerkodar.se,https://technigo.typeform.com/to/FDsrwOxt,0,ok,200
1140,5946601,wendywutours.co.nz,https://www.wendywutours.co.nz:443/,customerservice@wendywutours.co.nz ; hope.harrison@wendywutours.co.nz ; info@wendywutours.co.nz ; karen.murdie@wendywutours.co.nz ; katie.stokes@wendywutours.co.nz ; lisa.anthony@wendywutours.co.nz ; liz.cathcart@wendywutours.co.nz ; lucy.anthony@wendywutours.co.nz ; paul.dymond@wendywutours.co.nz ; samantha.martin@wendywutours.co.nz ; vanessa.kum@wendywutours.co.nz,customerservice@wendywutours.co.nz ; karen.murdie@wendywutours.co.nz ; lisa.anthony@wendywutours.co.nz ; liz.cathcart@wendywutours.co.nz ; paul.dymond@wendywutours.co.nz ; samantha.martin@wendywutours.co.nz,,2,ok,200
1128,5870900,kokasexton.com,https://kokasexton.com/,info@kokasexton.com ; swiftmovelogistics@example.com,swiftmovelogistics@example.com,https://koka101.typeform.com/to/QtlDChJc,2,ok,200
1162,6057624,gotrackster.com,https://www.gotrackster.com/,derickson@capstream.ca ; support@gotrackster.com ; u003ederickson@capstream.ca,derickson@capstream.ca,https://form.typeform.com/to/bDS6VnpN,0,ok,200
1174,6138748,consultormkt.es,https://consultormkt.es/,alvaro@consultormkt.es,,https://alv302535.typeform.com/to/pAw5pO ; https://embed.typeform.com/,0,ok,200
1156,6021380,ikusietaikasi.eus,https://www.ikusietaikasi.eus/,ikusietaikasibilbo@gmail.com,ikusietaikasibilbo@gmail.com,https://form.typeform.com/to/ontE3Q4S,0,ok,200
1161,6049058,bernardtechnology.com,https://www.bernardtechnology.com/,contact@bernardtechnology.com ; v2-landscape-black@3x.png ; v2-landscape-white@3x-1.png,contact@bernardtechnology.com,https://form.typeform.com/to/C7QHuKqx ; https://form.typeform.com/to/MVrMvyZc,2,ok,200
1172,6132695,tuclase.cl,https://web.tuclase.cl,contacto@tuclase.cl,contacto@tuclase.cl,https://form.typeform.com/to/MS8wfOzL,1,ok,200
1177,6157773,cornerstoneschools.org,https://cornerstoneschools.org/,alpine@v2.0.1 ; sharon.maier@newcommonschool.org,,,2,ok,200
1163,6058321,mastersvillas.com,https://mastersvillas.com/,fullcalendar@6.1.5,,https://form.typeform.com/to/rH3Xprxx,1,ok,200
1166,6081524,citizen-entrepreneurs.com,https://citizen-entrepreneurs.com/,linkedin@2x.png,,https://form.typeform.com/to/EnWQAG8c ; https://form.typeform.com/to/UNqsY8NW,1,ok,200
1187,6195227,symetri.co.uk,https://www.symetri.co.uk/,info@symetri.co.uk ; support@symetri.co.uk,info@symetri.co.uk ; support@symetri.co.uk,,2,ok,200
1185,6192191,paullopadesigns.com,https://www.paullopadesigns.com/,info@paullopadesigns.com,info@paullopadesigns.com,https://paullopa.typeform.com/to/L6CCeY,2,ok,200
1186,6193936,victoriabauman.com,https://www.victoriabauman.com/,hello@victoriabauman.com,hello@victoriabauman.com,,2,ok,200
1189,6206408,valipac.be,https://www.valipac.be/,info@valipac.be,info@valipac.be,,1,ok,200
1168,6089030,darveen.com,https://www.darveen.com/,1500x800-1-430x250@2x.jpg ; 1500x800-1-480x280@2x.jpg ; 1500x8001-430x250@2x.jpg ; 1500x8001-480x280@2x.jpg ; 1500x800pr-430x250@2x.jpg ; 1500x800pr-480x280@2x.jpg ; banner-11-430x250@2x.jpg ; banner-11-480x280@2x.jpg ; banner-430x250@2x.jpg ; banner-480x280@2x.jpg ; rma@darveen.com ; sales@darveen.com,rma@darveen.com ; sales@darveen.com,,2,ok,200
1192,6212234,plantulepillows.com,https://plantulepillows.com/,b2b@plantulepillows.com ; info@plantulepillows.com ; zamowienia@plantulepillows.com ; zwroty@plantulepillows.com,b2b@plantulepillows.com ; info@plantulepillows.com ; zamowienia@plantulepillows.com ; zwroty@plantulepillows.com,https://ejkaluve8mu.typeform.com/to/lXq1G1Nd,0,ok,200
1194,6229994,roscolive.com,https://roscolive.com/,videomatics@roscovision.com,videomatics@roscovision.com,,0,ok,200
1191,6211081,theitalianacademy.com,https://theitalianacademy.com/,admissions@syracuseacademy.org ; admissions@theitalianacademy.com ; hr@syracuseacademy.org ; info@theitalianacademy.com,hr@syracuseacademy.org ; info@theitalianacademy.com,,2,ok,200
1197,6252944,medicalfitness.ch,https://www.medicalfitness.ch/,info@medicalfitness.ch ; masonry-layout@4.2.2 ; ui@4.0.31,info@medicalfitness.ch,,1,ok,200
1170,6109110,namefy.com,https://namefy.com/,global@namefy.com ; hello@namefy.com ; press@namefy.com ; work@namefy.com,,,2,unavailable,200
1199,6258241,ricardomajela.com.br,https://ricardomajela.com.br/,font@4.4.95 ; font@5.8.55,,,0,ok,200
1180,6171558,velneo.com,https://velneo.com/,typed.js@2.1.0,,https://visualms.typeform.com/,1,ok,200
1198,6255077,lakeshoreiowa.com,https://www.lakeshoreiowa.com/,mail@lakeshoreiowa.com,mail@lakeshoreiowa.com,https://form.typeform.com/to/cuxrZlgz,2,ok,200
1206,6297689,cse.fitness,https://cse.fitness/,info@cse.is ; juha@cse.is ; kaisa@cse.is ; petteri@cse.is ; sales@cse.is ; support@cse.is ; veli-matti@cse.is,,,1,ok,200
1205,6292602,amandasanders.com,https://www.amandasanders.com/,amanda@amandasanders.com,amanda@amandasanders.com,,2,ok,200
1196,6248706,astonmartinbrussels.com,https://www.astonmartinbrussels.com/,info@astonmartinbrussels.com ; leaflet@1.5.1 ; u003einfo@astonmartinbrussels.com,info@astonmartinbrussels.com,,2,ok,200
1193,6213375,hafamerica.org,https://www.hafamerica.org/,hafa@hafamerica.org,hafa@hafamerica.org,https://tori811667.typeform.com/to/WRRrOrH5,1,ok,200
1212,6320768,rockradionetwork.org,https://rockradionetwork.org/,atb@twr.org ; conexion@hcjb.org ; cristoparaelmundo@transmundial.org ; eaqv@lwf.org ; esperanza@transmundial.org ; garychapman@moody.edu ; hc@chog.org ; kidzon@yahoo.com ; oracion@transmundial.org ; pastor@biblicaemanuel.com ; sojdmf@juno.com ; uruguay@transmundial.org ; vasijas@gmail.com ; wcgb@therockradio.org,,https://form.typeform.com/to/Ywg4Cn54,0,ok,200
1200,6258304,pitsch-fitness.ch,https://www.pitsch-fitness.ch/,info@pitsch-fitness.ch,info@pitsch-fitness.ch,,2,ok,200
1209,6308156,extrabat.com,https://www.extrabat.com/,contact@extrabat.com ; leaflet@1.9.4,,,1,ok,200
1215,6324098,boomerang-reisen.ch,https://www.boomerang-reisen.ch/,muuri@0.9.5 ; service@viamonda.com ; steps-usp_2@2x.png ; vertrieb@boomerang-reisen.de ; web-animations-js@2.3.2 ; zuerich@boomerang-reisen.ch,service@viamonda.com ; vertrieb@boomerang-reisen.de ; zuerich@boomerang-reisen.ch,,1,ok,200
1203,6285192,gcmun.com,https://www.gcmun.com/,hello@gcmun.org ; staff@gcmun.org,hello@gcmun.org,https://globalcitizens.typeform.com/,1,ok,200
1216,6331529,automarshal.ru,https://automarshal.ru/,01@onaxceni.eh ; 267@pbzsbeg-cnexvat.eh ; 407@nexba.gbc ; 5210959@znvy.eh ; 677613@yvfg.eh ; 89263882045@znvy.eh ; 9457565@znvy.eh ; 950670@znvy.eh ; abfbifa@vaqpbzz.eh ; bbb.fvxhef@lnaqrk.eh ; bbbgqyvf@tznvy.pbz ; bcgvzn116@ox.eh ; borert35@ln.eh ; bssvpr@fngeb-cnynqva.pbz ; bssvpr@niz-pbzcyrk.eh ; bssvpr@nysn-orm.eh ; cbfg@fznegflfgrz.xm ; cebss.freir@tznvy.pbz ; cnegaref@znyyrabz.eh ; deanrostov115@gmail.com ; dhnflf@lnaqrk.eh ; e11@rznegfco.pbz ; ehf@fh113.pbz ; ehx4@arj-fngeb.eh ; eniryva@eniryvafco.eh ; fbyqngbivc@znvy.eh ; fen@fo66.eh ; fhccbeg@znyyrabz.eh ; fnyr@ninagrea.eh ; fnyrf@hhim.eh ; fnyrf@nigbcnex.xm ; fnyrf@uneire.eh ; fnyrf@ybbxjvqre.xm ; fubc@vgsvez.eh ; fvagrm.fo@znvy.eh ; fvgr@evzvxb.eh ; fvgvivf@znvy.eh ; fxynq@zntnmva-cvkry.eh ; gfng@gfng.xm ; gfzvnff@znvy.eh ; gnz_fgf@znvy.eh ; hzgrpu@znvy.eh ; i.frzrapbi@paf-pbec.eh ; industrib.tlt@yandex.ru ; info@avktmn.ru ; info@bit-tel.ru ; info@ooovml.ru ; info@securtv.ru ; itf@itfirm.ru ; mncebf@ggf-xnmna.eh ; mnz.qverxgben@znvy.eh ; n.furigfbin@hayvzvgrqjbeyq.xm ; n.m.xnyvlri@tznvy.pbz ; n.onfuxbi@uvccbcnexvat.eh ; naqerl@qvcby-freivpr.eh ; netbf-xma@znvy.eh ; nfcrpg@qhoan.eh ; nim@onvzre.tebhc ; nqzfei@ox.eh ; nrt@ivqnh.eh ; ny@qrqhfu.pbz ; nygniv@lnaqrk.eh ; nyrkrl@zhygv-ovg.pbz ; nz@znyyrabz.eh ; oheln.xbss@tznvy.pbz ; pbfzbgrpu@znvy.eh ; pbzzba@ormb.ceb ; qai@fofpbzcnal.eh ; r.qnavybin@phcehz58.eh ; ryrpgeba@znvy.tbeal.eh ; s.solovev@litelan.ru ; sales@avtopark.kz ; sfo@sbehzfo.eh ; tenavgfo@tenavgfo.eh ; tnyf@tnyf.lnebfyniy.eh ; ubgyvar@1paj.eh ; up@grengeek.ru ; vaqhfgevo.gyg@lnaqrk.eh ; vasb@404545.eh ; vasb@bbbizy.eh ; vasb@beragrpu.eh ; vasb@bssvtebhc.eh ; vasb@bzcfco.eh ; vasb@cebzngn.xm ; vasb@erfgneg.ceb ; vasb@fbetr.fh ; vasb@fcrxgefo.eh ; vasb@fgebzgrpu.eh ; vasb@fo-vagrteb.eh ; vasb@frmnz-cnexvat.eh ; vasb@frphegi.eh ; vasb@fvag-tebhc.eh ; vasb@fvtangrpu.eh ; vasb@fyrqvifrtqn.eh ; vasb@gx-21.eh ; vasb@hcvgre.fh ; vasb@heny-fo.eh ; vasb@irpgbe-nc.eh ; vasb@ivpnz-xelz.eh ; vasb@ivqpbz.hm ; vasb@ivqrbfgent.eh ; vasb@ivqvarg.eh ; vasb@jbeq-ivqrb.eh ; vasb@nagnerfarg.eh ; vasb@ncffco.eh ; vasb@ngz-flfgrz.eh ; vasb@nhebenpbzc.eh ; vasb@nrzf.nz ; vasb@nysnfo.eh ; vasb@onvzre.tebhc ; vasb@rtqfx.eh ; vasb@tex-yrtvba.eh ; vasb@tybzbf.eh ; vasb@uryzna.fh ; vasb@vapeb.eh ; vasb@vctbtbyri.eh ; vasb@vg-iynqvzve.eh ; vasb@vgyyp.eh ; vasb@xborgrxf.eh ; vasb@xbz-fo.eh ; vasb@xfezrtnfgebl.eh ; vasb@ynetn.tebhc ; vasb@zveivqrb24.eh ; vt@nycnrkcreg.eh ; x.aheorx@fznegfbayvar.xm ; xbexva.lhev@tznvy.pbz ; xnuenzba.ex@tznvy.pbz ; xnzvy@ivqrb5.vasb ; xzffne@lnaqrk.eh ; yci@gg42.eh ; z_iynqvzve_f@znvy.eh ; zf.ibyf@ln.eh ; zf@ibyf.fh ; znefry@cax.gngne ; znepva.gbepunyn@rqngebavx.cy ; znvy@zg-hy.eh ; zx.obbynin@znvy.eh,,,0,ok,200
1214,6323334,couragion.com,https://www.couragion.com/,info@couragion.com,info@couragion.com,https://mindsparklearning.typeform.com/,2,ok,200
1219,6336850,energiaitalia.info,https://shop.energiaitalia.info/s/?language=it,bg-info@2x.png ; info@signmadeasy.app,,https://embed.typeform.com/,0,ok,200
1213,6321812,jsaluminium.com,https://www.jsaluminium.com/,info@jsaluminium.com ; sales@jsaluminium.com,info@jsaluminium.com ; sales@jsaluminium.com,https://nissiinfotech.typeform.com/to/ZLhqN0,2,ok,200
1207,6299836,morsy.it,https://www.morsy.it/,ciao@morsy.it,,https://morsy.typeform.com/to/KaGlT4Oe ; https://morsy.typeform.com/to/YzA8idoS ; https://morsy.typeform.com/to/stVlxEB7,0,ok,200
1228,6360741,key2agile.de,https://key2agile.de/,alex.hage@openforce.com ; as@schuerhoff-beratung.de ; axel.clemens@huz.de ; barsch@key2agile.de ; claudia.heisler@evo-ag.de ; daniela.jesenski@web.de ; fiona.briscoe@web.de ; georgios_arvanitidis@web.de ; holger.kunert@gmail.com ; i.paselk@enbw.com ; ilka.beermann@gmx.de ; imago56@gmx.net ; info@key2agile.de ; info@procharityundmusik.de ; info@vitalaktiv.ch ; jana.buchholz@outlook.com ; js@suedkamp.eu ; laura.mallach@bitmarck.de ; lena.unrecht@t-online.de ; nora.kranich@virtual7.de ; peter.neelmeyer@mobil-bilden.de ; ramona.anusca@gmail.com ; renate.heubach@gmail.com ; ricardarehwaldt@gmail.com ; rjbecker@ymail.com ; s.kooger@web.de ; schaaf@key2know.de ; tobias.schlotz@bpacademy.eu ; valnowy@aol.de,,,2,ok,200
1235,6370288,experthairtransplant.com,https://experthairtransplant.com/,info.experthairtransplant@gmail.com,info.experthairtransplant@gmail.com,,2,ok,200
1229,6360859,naturalsmiles.co.uk,https://www.naturalsmiles.co.uk/,info@naturalsmiles.co.uk,,,2,ok,200
1204,6288311,northcoastroasting.com,https://northcoastroasting.com/,info@northcoastroasting.com,,https://embed.typeform.com/ ; https://upandyes.typeform.com/to/bfMgQg,1,ok,200
1244,6399464,keet.com,https://keet.com/,hj.scheld@keet.com ; info@keet.com,info@keet.com,,1,ok,200
1230,6360998,medlinkga.org,https://medlinkga.org/,comments@medlinkga.org ; marketing@medlinkga.org ; outreach@medlinkga.org,comments@medlinkga.org ; marketing@medlinkga.org ; outreach@medlinkga.org,,2,ok,200
1237,6372222,bagnesimmobilier.ch,https://bagnesimmobilier.ch/,info@bagnesimmobilier.ch,info@bagnesimmobilier.ch,https://embed.typeform.com/ ; https://form.typeform.com/to/SyqN2o88,1,ok,200
1248,6418045,jtbeurope.com,https://jtbeurope.com/,calendar-web@5.0.120 ; contacts-web@5.0.71 ; document-library-web@6.0.220 ; dynamic-data-mapping-web@5.0.126 ; exportimport-web@5.0.118 ; frontend-editor-alloyeditor-web@5.0.66 ; frontend-editor-ckeditor-web@5.0.128 ; frontend-js-components-web@2.0.100 ; frontend-js-react-web@5.0.73 ; frontend-js-state-web@1.0.35 ; image-uploader-web@5.0.60 ; layout-js-components-web@1.0.53 ; portal-search-web@6.0.169 ; site-navigation-menu-web@6.0.82 ; staging-processes-web@5.0.72,,,0,ok,200
1238,6375603,zipxpress.net,https://www.zipxpress.net/,customerservice@zipxpress.net ; pricing@zipxpress.net ; sales@zipxpress.net,pricing@zipxpress.net ; sales@zipxpress.net,,2,ok,200
1236,6371499,ofwd.com,https://www.ofwd.com/,info@ofwd.com ; john_doe@yourdomain.com,info@ofwd.com,,2,ok,200
1253,6436145,andrologia-internazionale.it,https://andrologia-internazionale.it/,info@andrologia-internazionale.it,info@andrologia-internazionale.it,https://andrology.typeform.com/to/D9WkqL ; https://andrology.typeform.com/to/auNS5n,1,ok,200
1225,6356210,gtrlc.org,https://www.gtrlc.org/,icn_acorn@2x.png ; icn_public_access@2x.png ; icn_universal_access@2x.png ; icn_water@2x.png ; icon_email@2x.png ; icon_facebook@2x.png ; icon_instagram@2x.png ; icon_youtube@2x.png ; info@gtrlc.org ; mgarrock@gtrlc.org,info@gtrlc.org ; mgarrock@gtrlc.org,,2,ok,200
1247,6414801,liquidandgrit.com,https://www.liquidandgrit.com/,slick-carousel@1.8.1,,https://liquidandgrit.typeform.com/to/C4SM2LiS ; https://liquidandgrit.typeform.com/to/hzmdGsfj,2,ok,200
1245,6414026,lidering.com,https://www.lidering.com/,admin@ises-jo.com ; alfotech@alfotech.dk ; bombas-suministros-del-norte@300.jpg ; commercial@carbontunisie.net ; contacto@sellomecanico.com.mx ; emad.mohamed@ves-egypt.com ; hungarolapp@hungarolapp.hu ; info@truongancorp.com ; info@valplassh.com.ar ; info@ves-egypt.com ; infoweb@lidering.com ; office@cofrarom.ro ; office@wiper.com.pl ; sales@fpeseals.com ; seals@hermetica.com.ua ; shop@mm-intercom.si ; skype-url-preview@microsoft.com ; ventas01@ifatodobombas.com ; ventas02@ifatodobombas.com ; ventas@bsntor.com.mx,admin@ises-jo.com ; alfotech@alfotech.dk ; commercial@carbontunisie.net ; contacto@sellomecanico.com.mx ; emad.mohamed@ves-egypt.com ; hungarolapp@hungarolapp.hu ; info@truongancorp.com ; info@valplassh.com.ar ; info@ves-egypt.com ; infoweb@lidering.com ; office@cofrarom.ro ; office@wiper.com.pl ; sales@fpeseals.com ; seals@hermetica.com.ua ; shop@mm-intercom.si ; ventas01@ifatodobombas.com ; ventas02@ifatodobombas.com ; ventas@bsntor.com.mx,https://form.typeform.com/to/IrDfTYdK,1,ok,200
1250,6425783,johncostigan.com,https://johncostigan.com/,john@company.com ; support@johncostigan.com,support@johncostigan.com,,2,ok,200
1270,6550237,cardiomood.com,https://cardiomood.com/,info@cardiomood.com,info@cardiomood.com,,2,ok,200
1264,6533520,atlassuites.com,https://atlassuites.com/,info@atlassuites.com,info@atlassuites.com,https://atlassuites.typeform.com/to/zPtfVT ; https://embed.typeform.com/,2,unavailable,200
1217,6333210,aelert.net,https://aelert.net/,aelert@sa.gov.au,aelert@sa.gov.au,https://papermoose.typeform.com/to/Vpyf51Id,2,ok,200
1266,6543383,klein-partner.com,https://www.klein-partner.com/,info@brostschaefer.de ; koeln@klein-partner.com ; xanten@klein-partner.com,info@brostschaefer.de ; koeln@klein-partner.com ; xanten@klein-partner.com,https://1iz7gafzap9.typeform.com/to/seDRyf4u,2,ok,200
1267,6545561,resgata.com.br,https://resgata.com.br/,vendas@resgata.com.br,vendas@resgata.com.br,https://embed.typeform.com/,0,ok,200
1265,6536752,eliteayurveda.com,https://eliteayurveda.com/,care@eliteayurveda.com,care@eliteayurveda.com,https://embed.typeform.com/,2,ok,200
1254,6443538,crossfitterminus.com,https://crossfitterminus.com/,info@crossfitterminus.com,info@crossfitterminus.com,,1,ok,200
1258,6479614,baechler1834.ch,https://baechler1834.ch/,service-domicile@baechler-teinturiers.ch ; service.tapis@baechler-teinturiers.ch,service-domicile@baechler-teinturiers.ch ; service.tapis@baechler-teinturiers.ch,https://form.typeform.com/to/Dzfffgzx ; https://form.typeform.com/to/ditoEpui,2,ok,200
1273,6562814,linkity.net,https://www.linkity.net/,antti@linkity.net ; ap@linkity.net,antti@linkity.net ; ap@linkity.net,,0,ok,200
1274,6565900,thefibroguy.com,https://www.thefibroguy.com/,bonnie_ai@thefibroguy.com ; info@thefibroguy.com ; the-firbo-guy-logo@2x-300x104.png ; the-firbo-guy-logo@2x.png,bonnie_ai@thefibroguy.com ; info@thefibroguy.com,https://thefibroguycontact.typeform.com/to/knErQhSn,2,ok,200
1284,6634133,kimeracloud.com,https://kimeracloud.com/,info@kimeracloud.com ; soporte@kimeracloud.mx,,,0,unavailable,200
1279,6616956,arturgold.com,https://arturgold.com/,arturgold@arturgold.com ; aruturgold@arturgold.com,aruturgold@arturgold.com,,0,ok,200
1260,6492263,periospot.com,https://www.periospot.com/,periospot@periospot.com ; you@example.com,periospot@periospot.com,,2,ok,200
1285,6635381,lebestark.ch,https://lebestark.ch/,support@lebestark.ch,support@lebestark.ch,https://lebestark.typeform.com/,0,ok,200
1289,6679582,holyangelsnc.org,https://www.holyangelsnc.org/,hainfo@holyangelsnc.org,hainfo@holyangelsnc.org,,2,ok,200
1283,6633945,moriyama-family-cl.com,https://www.moriyama-family-cl.com/,aries1@blue.ocn.ne.jp,aries1@blue.ocn.ne.jp,,1,ok,200
1296,6699891,turbodeflektor.ru,https://turbodeflektor.ru/,name@example.com ; sale@rotado.ru,sale@rotado.ru,,2,ok,200
1294,6692141,tnhometour.com,https://tnhometour.com/,badge_20_9@2x.jpg ; badge_40_7@2x.jpg ; badge_41_7@2x.jpg ; badge_44_7@2x.jpg ; badge_46_7@2x.jpg ; badge_47_7@2x.jpg ; badge_48_7@2x.jpg ; badge_53_8@2x.jpg ; badge_54_8@2x.jpg ; customerservice@tnhometour.com,,,0,ok,200
1287,6672207,xaneladadanza.com,https://xaneladadanza.com/,pedidos@xaneladadanza.com ; tu@email.com ; xaneladadanza@gmail.com,pedidos@xaneladadanza.com ; xaneladadanza@gmail.com,https://embed.typeform.com/,2,ok,200
1276,6610651,playoutkids.com,https://playoutkids.com/,gustavo@playoutkids.com ; ventas@playoutkids.com,gustavo@playoutkids.com ; ventas@playoutkids.com,https://playoutkids.typeform.com/,1,ok,200
1304,6731183,go2ly.com,https://go2ly.com/,bootstrap@5.3.0,,,0,ok,200
1295,6693588,mauiandsons.com.pe,https://mauiandsons.com.pe/,contacto@mauiandsons.com.pe,,,1,ok,200
1297,6704256,erikkruger.com,https://erikkruger.com/,erik@erikkruger.com ; valiance@qodeinteractive.com,erik@erikkruger.com ; valiance@qodeinteractive.com,https://erik874536.typeform.com/to/Xl7VFkKQ,0,ok,200
1303,6718339,colingua.be,https://www.colingua.be/,info@colingua.be,info@colingua.be,,2,ok,200
1306,6737977,mcarthurdental.ca,https://mcarthurdental.ca/,info@mcarthurdental.ca,info@mcarthurdental.ca,,2,ok,200
1302,6714201,whitesport.dk,https://whitesport.dk/,din@email.com ; din@email.dk ; dist@2.7.6 ; litepicker@2.0.12 ; whitesport@whitesport.com ; wishlist@4.29.7 ; your@email.com,,https://pdyidmf2eua.typeform.com/to/thBlvtSq,1,ok,200
1309,6744794,cpc-ag.de,https://cpc-ag.de/,contact@cpc-ag.de ; max@mustermann.de,contact@cpc-ag.de,,2,ok,200
1255,6445845,oulpanlavi.com,https://www.oulpanlavi.com/,ambre@oulpanlavi.com ; contact@oulpanlavi.com ; perrine@oulpanlavi.com ; ronite@oulpanlavi.com,ambre@oulpanlavi.com ; perrine@oulpanlavi.com ; ronite@oulpanlavi.com,https://form.typeform.com/to/apMZZ52F,1,ok,200
1292,6689837,nataliazubizarreta.com,https://www.nataliazubizarreta.com/,consultas@nataliazubizarreta.com,consultas@nataliazubizarreta.com,https://natalia011544.typeform.com/to/NK7Q7fYm,1,ok,200
1271,6557776,espressodeck.com,https://espressodeck.com/,info@espressodeck.com,info@espressodeck.com,,2,ok,200
1320,6788981,muchmore.digital,https://muchmore.digital/,dpo@muchmore.digital ; seuemail@email.com,,https://embed.typeform.com/ ; https://form.typeform.com/to/xypNUJJE,0,ok,200
1316,6782049,amazingdestinations.be,https://amazingdestinations.be/,info@amazingdestinations.be,info@amazingdestinations.be,,2,ok,200
1305,6737904,infizer.com,https://infizer.com/,info@infizer.com,,https://infizertechnology.typeform.com/to/RSoLxs,2,ok,200
1300,6712334,4sighthealth.com,https://www.4sighthealth.com/,info@4sighthealth.com,info@4sighthealth.com,https://grxj3rxau8h.typeform.com/to/cp7w6rAJ,2,ok,200
1307,6739939,diveotago.co.nz,https://www.diveotago.co.nz/,info@diveotago.co.nz,,,2,ok,200
1315,6766803,cotswoldweb.co.uk,https://www.cotswoldweb.co.uk/,hello@cotswoldweb.co.uk ; howdy@cotswoldweb.co.uk,,https://cotswoldweb.typeform.com/to/YR8yzUgv ; https://embed.typeform.com/ ; https://form.typeform.com/to/PjiTWobZ,2,ok,200
1319,6785939,aerialdevelopmentgroup.com,https://aerialdevelopmentgroup.com/,best-in-biz-150x150@2x-150x150.png.webp ; best-in-biz-150x150@2x.png ; best-in-biz-150x150@2x.png.webp ; info@aerialdevelopmentgroup.com,,https://aerialglobal.typeform.com/to/RcERX1 ; https://aerialglobal.typeform.com/to/Ur36t5 ; https://aerialglobal.typeform.com/to/uPVp8z,2,ok,200
1325,6809531,terbergspecialvehicles.com,https://www.terbergspecialvehicles.com/,address@example.com ; bootstrap@4.6.2 ; easy-autocomplete@1.3.5 ; info.used@terberg.com ; info@manuport.it ; info@simedarby.com ; info@sunrise.com.mt ; info@terberg-de.de ; info@terbergamericas.com ; info@terbergdts.co.uk ; info@terbergmiddleeast.ae ; info@terbergspecialvehicles.com ; info@terbergspecialvehicles.nl ; info@terbergtractorsbelgium.be ; jquery-validation-unobtrusive@3.2.12 ; jquery-validation@1.19.4 ; jquery-zoom@1.7.21 ; jquery@3.6.1 ; popper.js@1.16.1-lts ; sales@terbergtractors.nl ; service@terbergtractors.nl ; someone@example.com ; vue@2.7.14,info@manuport.it ; info@simedarby.com ; info@sunrise.com.mt ; info@terberg-de.de ; info@terbergamericas.com ; info@terbergmiddleeast.ae ; info@terbergtractorsbelgium.be ; sales@terbergtractors.nl ; service@terbergtractors.nl,,1,ok,200
1290,6681654,initiative-essonne.com,https://www.initiative-essonne.com/,contact@initiative-essonne.com ; dpo@initiative-essonne.com ; dpo@initiative-essonne.fr,contact@initiative-essonne.com ; dpo@initiative-essonne.com,https://form.typeform.com/to/OUT1BGoT ; https://form.typeform.com/to/Pnf6aFwn ; https://form.typeform.com/to/mDaqKSiJ ; https://initiative-essonne.typeform.com/to/t18ehfsQ,1,ok,200
1324,6809149,ohdoylerules.com,https://ohdoylerules.com/,james2doyle@gmail.com ; swup@4.8.1,,,2,ok,200
1313,6765171,digitalmunkey.co.uk,https://digitalmunkey.co.uk/,info@digitalmunkey.co.uk,,,2,ok,200
1334,6846715,dekringen.nl,https://dekringen.nl/,bestuur@dekringen.nl ; john@dekringen.nl,,https://vcx0skdj2yi.typeform.com/to/T1Gm5Jdp ; https://vcx0skdj2yi.typeform.com/to/XXGcGahH,1,ok,200
1331,6823127,wishupon.company,https://www.wishupon.company/,hello@wsupon.com ; nhello@wsupon.com ; u003e@wsupon.com,hello@wsupon.com,https://wishupon.typeform.com/to/MNpHZC,0,ok,200
1330,6821393,tarahallfitness.com,https://www.tarahallfitness.com/,tara@tarahallfitness.com,tara@tarahallfitness.com,https://tarahall.typeform.com/to/wJ86c0zF,1,ok,200
1310,6746607,team-gold.de,https://www.team-gold.de/,hello@team-gold.de,hello@team-gold.de,,2,ok,200
1337,6857830,pdxoldtown.org,https://www.pdxoldtown.org/,c_e40c19fa3588552bd763988b41305b5b6dc9456fcba93449d9a71c41ee6576d3@group.calendar.google.com ; info@pdxoldtown.org,info@pdxoldtown.org,https://wearepdx.typeform.com/to/ny57vUfi,1,ok,200
1338,6873560,ltg-stbg.de,https://ltg-stbg.de/,drochtersen@ltg-stbg.de ; freiburg@ltg-stbg.de ; info@stbk-niedersachsen.de ; otterndorf@ltg-stbg.de ; rotenburg@ltg-stbg.de ; stade@ltg-stbg.de,stade@ltg-stbg.de,https://1iz7gafzap9.typeform.com/to/fZxPD4zq,1,ok,200
1327,6812905,mammothcarbon.com,https://mammothcarbon.com/,bland@mammothcarbon.com ; contact@mammothcarbon.com ; energy-transfer-rev@2x.png ; jrogers@mammothcarbon.com ; lprice@mammothcarbon.com ; mellis@mammothcarbon.com ; sales@mammothcarbon.com ; ty@mammothcarbon.com,bland@mammothcarbon.com ; contact@mammothcarbon.com ; jrogers@mammothcarbon.com ; lprice@mammothcarbon.com ; mellis@mammothcarbon.com ; sales@mammothcarbon.com ; ty@mammothcarbon.com,https://mammothcarbon.typeform.com/to/bxrgxQ ; https://mammothcarbon.typeform.com/to/qydUZa,2,ok,200
1341,6880174,tutormundi.com,https://tutormundi.com/,contact@tutormundi.com,contact@tutormundi.com,https://tutormundi.typeform.com/to/g6qrw9,0,ok,200
1339,6873672,blmc.nl,https://www.blmc.nl/,info@blmc.nl ; jboth@blmc.nl ; mvanburen@blmc.nl ; slekkerkerker@blmc.nl,info@blmc.nl ; jboth@blmc.nl,,2,ok,200
1323,6798926,valoresolare.it,https://www.valoresolare.it/,info@valoresolare.it,info@valoresolare.it,https://embed.typeform.com/ ; https://form.typeform.com/,1,ok,200
1336,6854435,cbtcliniclondon.com,https://www.cbtcliniclondon.com/,info@cbtcliniclondon.com ; thatcopygirl.suzie@gmail.com,,https://cbtcliniclondon.typeform.com/to/YApNWR ; https://cbtcliniclondon.typeform.com/to/vsNv5F,2,ok,200
1328,6820252,cloudsoftwareassociation.com,https://www.cloudsoftwareassociation.com/,sunir@cloudsoftwareassociation.com,sunir@cloudsoftwareassociation.com,,2,ok,200
1348,6944986,samera.co.uk,https://samera.co.uk/,alex.delmont@samera.co.uk ; arun@samera.co.uk ; charles.suthakran@samera.co.uk ; chris@samera.co.uk ; info@samera.co.uk ; juliette@samera.co.uk ; karyn.mcelhinney@samera.co.uk ; natasha.gnanapragasam@samera.co.uk ; praju.lawrence@samera.co.uk ; smita@theneemtree.co.uk ; uros.turcic@samera.co.uk ; you@yourpractice.co.uk,alex.delmont@samera.co.uk ; arun@samera.co.uk ; charles.suthakran@samera.co.uk ; chris@samera.co.uk ; info@samera.co.uk ; juliette@samera.co.uk ; karyn.mcelhinney@samera.co.uk ; natasha.gnanapragasam@samera.co.uk ; praju.lawrence@samera.co.uk ; smita@theneemtree.co.uk ; uros.turcic@samera.co.uk,https://embed.typeform.com/,2,ok,200
1360,7017592,anthrodesign.com,https://anthrodesign.com/,awangnb@i2r.a-star.edu.sg ; juliencayla@gmail.com ; shamil.zain@gmail.com ; whiteboard@sonicrim.com,awangnb@i2r.a-star.edu.sg,https://ethnographyhangout.typeform.com/to/M0f1lK,1,ok,200
1345,6907113,gerssonedinbaro.com,https://gerssonedinbaro.com/,mail@gerssonedinbaro.com ; prayer@gerssonedinbaro.com,,https://form.typeform.com/to/lqPWxwvg,1,ok,200
1352,6977139,coastalvisionmedical.com,https://www.coastalvisionmedical.com/,mannymonroy@coastal-vision.com ; slick-carousel@1.8.1 ; soniagarcia@coastal-vision.com,,https://iswyjriqp9r.typeform.com/to/a43PsGtn ; https://iswyjriqp9r.typeform.com/to/n9JOZHUr,2,ok,200
1351,6967367,fitnessurbano.com,https://fitnessurbano.com/,u@fitnessurbano.com,u@fitnessurbano.com,https://form.typeform.com/to/PjpmvwtI ; https://form.typeform.com/to/blj2fsf1,1,ok,200
1332,6826201,evercoast.in,https://www.evercoast.in/,hello@evercoast.in ; iamnitinmalik@gmail.com ; support@winmachance-casino.top,hello@evercoast.in ; support@winmachance-casino.top,https://evercoast.typeform.com/to/Dp0dGC,2,ok,200
1356,6989866,cheesepop.de,https://cheesepop.de/,info@cheesepop.nl,,,1,ok,200
1368,7048530,egrowths.com,https://egrowths.com/,flags@2x.png,,,0,ok,200
1365,7038696,servier.nl,https://servier.nl/,annemiek.vandenende@servier.com ; ingrid.vandockum@servier.com ; lars.cremers@servier.com ; martijn.voll@servier.com ; pharmacovigilance.be@servier.com ; servier-nl@servier.com ; stephanie.vanderheijdt@servier.com ; suzanne.torenvliet@servier.com,annemiek.vandenende@servier.com ; ingrid.vandockum@servier.com ; lars.cremers@servier.com ; martijn.voll@servier.com ; pharmacovigilance.be@servier.com ; servier-nl@servier.com ; stephanie.vanderheijdt@servier.com ; suzanne.torenvliet@servier.com,,2,ok,200
1370,7069871,espositoroccetti.com,https://espositoroccetti.com/,info@espositoroccetti.com,info@espositoroccetti.com,https://enzima.typeform.com/to/ARGGT9ey,0,ok,200
1373,7084982,degen.solutions,https://degen.solutions/,dpo-google@google.com ; dpo@hotjar.com ; gdpr@typeform.com ; info@degen-av.de ; info@degen.solutions ; lehrmittel@degen-kh.de,info@degen.solutions ; lehrmittel@degen-kh.de,https://embed.typeform.com/,2,ok,200
1367,7042826,hekkenwereld.nl,https://www.hekkenwereld.nl/,focus@3.14.3 ; info@hekkenwereld.nl ; ui@3.14.3-beta.0 ; webshop@hekkenwereld.nl,webshop@hekkenwereld.nl,https://c2rsdgr6epv.typeform.com/,2,ok,200
1374,7089854,womenofpower.com,https://www.womenofpower.com/,info@lisaoneill.co.nz,,,0,ok,200
1359,7000563,bradleybrand.ie,https://bradleybrand.ie/,bootstrap-select@1.13.14 ; bootstrap-select@1.13.15 ; scrollreveal@4.0.0 ; slick-carousel@1.8.1,,https://bradleybrand.typeform.com/to/hzpHmk0B ; https://bradleybrand.typeform.com/to/zmXZu8Y0,2,ok,200
1372,7079301,ccitraining.edu,https://ccitraining.edu/,admissions@ccitraining.edu ; bootstrap@5.2.3,,https://embed.typeform.com/,2,ok,200
1378,7124670,authenticbrand.com,https://authenticbrand.com/,bootstrap@5.3.3 ; splide@4.1.4,,https://authenticbrand.typeform.com/,2,ok,200
1381,7137023,ulysesosuna.com,https://ulysesosuna.com/,maria@influencerpress.com,maria@influencerpress.com,,2,ok,200
1358,6994224,rmhcncf.org,https://rmhcncf.org/,221lbull@rmhcncf.org ; 222ljenkins@rmhcncf.org ; 223amanda@rmhcncf.org ; 224jt@rmhcncf.org ; 226cdeesse@rmhcncf.org ; 230sdoyle@rmhcncf.org ; allie@rmhcncf.org ; amanda@rmhcncf.org ; cdeesse@rmhcncf.org ; chonderia@rmhcncf.org ; jt@rmhcncf.org ; lbull@rmhcncf.org ; ljenkins@rmhcncf.org ; mmcaleb@rmhcncf.org ; sdoyle@rmhcncf.org,allie@rmhcncf.org ; amanda@rmhcncf.org ; cdeesse@rmhcncf.org ; chonderia@rmhcncf.org ; jt@rmhcncf.org ; lbull@rmhcncf.org ; ljenkins@rmhcncf.org ; mmcaleb@rmhcncf.org ; sdoyle@rmhcncf.org,https://cio1.typeform.com/to/Yi8unAdJ,2,ok,200
1354,6981217,smartthinking.org.uk,https://smartthinking.org.uk/,emily@smartthinking.org.uk ; events@smartthinking.org.uk ; fiona@smartthinking.org.uk ; info@smartthinking.org.uk ; jobs@smartthinking.org.uk,emily@smartthinking.org.uk ; events@smartthinking.org.uk ; fiona@smartthinking.org.uk ; info@smartthinking.org.uk ; jobs@smartthinking.org.uk,https://form.typeform.com/to/W82uq2DZ,2,ok,200
1388,7154400,serentripia.com,https://serentripia.com/,equipo@serentripia.com,,https://embed.typeform.com/,2,ok,200
1384,7140307,elmiradordeburgos.com,https://www.elmiradordeburgos.com/,info@elmiradordeburgos.com,,https://carmila.pro.typeform.com/to/kKJ1APjF,1,ok,200
1396,7227063,estevecastells.com,https://estevecastells.com/,esteve@estevecastells.com,esteve@estevecastells.com,https://esteve2.typeform.com/to/zsfICyas,2,ok,200
1391,7170466,adstriver.com,https://www.adstriver.com/,lottie-player@0.4.0,,,2,ok,200
1403,7252012,advitsahdev.com,https://advitsahdev.com/,advit@advitsahdev.com ; anjali@advitsahdev.com ; growth@advitsahdev.com,advit@advitsahdev.com ; anjali@advitsahdev.com,,0,ok,200
1364,7037871,market-recruitment.co.uk,https://www.market-recruitment.co.uk/,contact@market-recruitment.co.uk,contact@market-recruitment.co.uk,https://marketrecruitment.typeform.com/to/oFYPxw5l,2,ok,200
1397,7228367,ithrivechurch.com,https://www.ithrivechurch.com/,info@ithrivechurch.com,info@ithrivechurch.com,,1,ok,200
1392,7173944,bitamine.net,https://bitamine.net/eu/,enter@bitamine.net ; faktoria@bitamine.com ; faktoria@bitamine.net ; info@bitamine.net ; nenter@bitamine.net,faktoria@bitamine.com ; info@bitamine.net,https://form.typeform.com/to/YCZ5v80Y ; https://form.typeform.com/to/ijbBLP7I,1,ok,200
1395,7226423,famanon.org.uk,https://famanon.org.uk/,office@famanon.org.uk,office@famanon.org.uk,https://psconsentform.typeform.com/to/kgPEUPm3,2,ok,200
1401,7244603,twinin.fr,https://www.twinin.fr/,info@twinin.fr,info@twinin.fr,,0,unavailable,200
1399,7236709,finacoop.fr,https://www.finacoop.fr/,logo-white@2x.png ; logo@2x.png,,https://finacoop.typeform.com/to/ERHkDPlr ; https://finacoop.typeform.com/to/VuiUfK03 ; https://finacoop.typeform.com/to/h7e3LUyq ; https://finacoop.typeform.com/to/r6Lffp9d ; https://finacoop.typeform.com/to/tWigz9dN ; https://finacoop.typeform.com/to/x50Ekv ; https://finacoop.typeform.com/to/ytWTZzAS,1,ok,200
1408,7270751,hotellonyxen.se,https://www.hotellonyxen.se/,info@hotellonyxen.se,info@hotellonyxen.se,https://images.typeform.com/,0,ok,200
1414,7313303,micaebrown.com,https://micaebrown.com/,hello@micaebrown.com,,https://micaebrown.typeform.com/to/F3gJtc,0,ok,200
1421,7328711,ktek.co,https://www.ktek.co/,woman@2x.png,,https://6qdv0x9wg42.typeform.com/to/z5whqoEg,1,ok,200
1417,7322634,cuinacanelafina.com,https://cuinacanelafina.com/,info@cuinacanelafina.com ; info@cuinacanelfina.com,info@cuinacanelafina.com ; info@cuinacanelfina.com,,2,ok,200
1411,7304554,insurancelady.com,https://www.insurancelady.com/,theinsurancelady1@insurancelady.com,,https://tori811667.typeform.com/to/FfIe7gGe ; https://tori811667.typeform.com/to/iAxIMVuT,2,ok,200
1418,7323612,dentalpromotion.fr,https://www.dentalpromotion.fr/,clarityms@microsoft.com ; compliance@customer.io ; info@dentalpromotio.fr ; info@dentalpromotion.fr,info@dentalpromotion.fr,,2,ok,200
1420,7328704,tampaunderground.com,https://www.tampaunderground.com/,info@tampaunderground.com,,https://undergroundnetwork.typeform.com/to/H8jb7rQh,2,ok,200
1427,7339541,partnersdogs.com,https://partnersdogs.com/en/,enroll@partnersdogs.com,enroll@partnersdogs.com,,2,ok,200
1432,7362146,wdsgroup.co.uk,https://wdsgroup.co.uk/,admin@wdsgroup.co.uk ; below.admin@wdsgroup.co.uk,admin@wdsgroup.co.uk,https://stevenevans764985.typeform.com/to/ydYgLnaG,1,ok,200
1424,7334141,writingnights.org,https://www.writingnights.org/,animate.css@3.5.1 ; bootstrap@3.3.7 ; font-awesome@4.7.0 ; jquery.stellar@0.6.2 ; samson3d@gmail.com ; slick-carousel@1.6.0 ; superfish@1.7.10,,,2,ok,200
1433,7363585,jadranka-trgovina.com,https://jadranka-trgovina.com/,dulcinea.cikat@jadranka.hr ; dulcinea.zagazine@jadranka.hr ; dulcinea@jadranka.hr ; gourmet.boutique@jadranka.hr ; kiosk.tiha@jadranka.hr ; market.baldarin@jadranka.hr ; market.centar@jadranka.hr ; market.cikat@jadranka.hr ; market.nerezine@jadranka.hr ; market.skveric@jadranka.hr ; market.slatina@jadranka.hr ; market.susak@jadranka.hr ; market.veli@jadranka.hr ; market.zagazine@jadranka.hr ; maxi.market@jadranka.hr ; mini-market.belej@jadranka.hr ; mini-market.bijar@jadranka.hr ; prodavaona.cunski@jadranka.hr ; prodavaona.puntakriza@jadranka.hr ; slick-carousel@1.8.1 ; trgovina.osor@jadranka.hr,,https://form.typeform.com/to/wPemt4UO,0,ok,200
1412,7306088,theqexperiences.com,https://theqexperiences.com/,hello@theqexperiences.com,hello@theqexperiences.com,https://qexperiences.typeform.com/to/CHuxUd,2,ok,200
1429,7346975,oliversfishandchips.com,https://www.oliversfishandchips.com/,admin@oliversfishandchips.com,,https://surveypro.typeform.com/to/vf05uP,2,ok,200
1437,7376473,toktokdoc.com,https://toktokdoc.com/,ehpad_2022@2x-1024x683.png ; ehpad_2022@2x-1536x1024.png ; ehpad_2022@2x-2048x1365.png ; ehpad_2022@2x-300x200.png ; ehpad_2022@2x-768x512.png ; hospitalisations@2x-1024x581.webp ; hospitalisations@2x-300x170.webp ; hospitalisations@2x-768x435.webp ; hospitalisations@2x.webp ; ttd_logo_dark@1x.svg ; ttd_logo_typo@1x.svg ; ttd_picto@4x-150x150.png ; ttd_picto@4x-300x300.png,,,2,ok,200
1441,7400813,uplifting.com.au,https://uplifting.com.au/,just-validate@3.1.0 ; sales@uplifting.com.au,sales@uplifting.com.au,,1,ok,200
1426,7337462,cabinet-fico.fr,https://cabinet-fico.fr/,contact@cabinet-fico.fr,,https://fico1.typeform.com/to/ONrLsY ; https://fico1.typeform.com/to/RooHkp ; https://fico1.typeform.com/to/UzbJde ; https://fico1.typeform.com/to/m3b8an ; https://fico1.typeform.com/to/qVWvN2 ; https://fico1.typeform.com/to/wH1LTT ; https://form.typeform.com/to/dN8z5NHm,1,ok,200
1444,7407010,carmtraining.org,https://www.carmtraining.org/,e.stokoe@lse.ac.uk ; rein.o.sikveland@ntnu.no,,https://try.typeform.com/,2,unavailable,200
1449,7451858,digiraf.gent,https://digiraf.gent/,hallo@digiraf.gent ; patrick@digiraf.gent,hallo@digiraf.gent,https://digiraf.typeform.com/,2,ok,200
1371,7079139,fenelec.com,https://fenelec.com/,fenelec@fenelec.com,,,2,ok,200
1435,7371988,vastgoedcert.nl,https://www.vastgoedcert.nl/,angelique@vastgoedcert.nl ; anoek@vastgoedcert.nl ; info@vastgoedcert.nl ; jeannette@vastgoedcert.nl ; marielle@vastgoedcert.nl,angelique@vastgoedcert.nl ; anoek@vastgoedcert.nl ; info@vastgoedcert.nl ; jeannette@vastgoedcert.nl ; marielle@vastgoedcert.nl,https://embed.typeform.com/,2,ok,200
1461,7544467,middlemotion.com,https://middlemotion.com/,projets@middlemotion.com,projets@middlemotion.com,https://embed.typeform.com/ ; https://form.typeform.com/to/NRcNRNXA,1,ok,200
1456,7494027,todaysgenerationdance.com,https://todaysgenerationdance.com/,todaysgenerationdance@gmail.com,todaysgenerationdance@gmail.com,,1,unavailable,200
1462,7545692,naturhaus-lanz.de,https://naturhaus-lanz.de/,info@naturhaus-lanz.de ; info@teufels.com,info@naturhaus-lanz.de ; info@teufels.com,,1,ok,200
1446,7423872,bearcattattoo.com,https://bearcattattoo.com/,hello@bearcattattoo.com ; lfiligree@2x.png ; sml-bearcat-logo-white@2x.png,hello@bearcattattoo.com,https://thelonghairs.typeform.com/to/wU4G9A7I,2,ok,200
1386,7153177,frenosrpm.com,https://frenosrpm.com/,rpm@frenosrpm.com,rpm@frenosrpm.com,,1,ok,200
1460,7539028,breathediagnostics.com,https://breathediagnostics.com/,info@breathediagnostics.com ; patientcare@breathediagnostics.com,info@breathediagnostics.com ; patientcare@breathediagnostics.com,https://restfulsleep.typeform.com/to/lfP6hk,2,ok,200
1455,7489673,privacyengine.io,https://www.privacyengine.io/,bootstrap-icons@1.10.0 ; info@privacyengine.io,,,2,ok,200
1465,7550196,buyervista.com,https://buyervista.com/,feedback@buyervista.com,feedback@buyervista.com,https://sales635114.typeform.com/to/GVMCzdn6,0,unavailable,200
1469,7563589,artistuprising.com,https://www.artistuprising.com/,accordion-js@3.3.4 ; gsap@3.12.5,,https://kmybb5nfjm3.typeform.com/to/My8mKt77,0,ok,200
1473,7568459,freshholidays.ro,https://freshholidays.ro/,info@freshholidays.ro ; jquery-validation@1.19.3 ; office@freshholidays.ro,info@freshholidays.ro ; office@freshholidays.ro,https://myh195ba9wt.typeform.com/,2,ok,200
1471,7566145,hellozag.com,https://www.hellozag.com/,flags@2x.png,,https://satyazag.typeform.com/to/tQgmLQ80,0,ok,200
1458,7532796,bisblick.org,https://www.bisblick.org/,info@bisblick.org,info@bisblick.org,https://qaa2khyxwo7.typeform.com/ ; https://qaa2khyxwo7.typeform.com/to/A94rlY8f ; https://qaa2khyxwo7.typeform.com/to/IuGb9vS6,0,ok,200
1440,7399161,brendanchaplin.com,https://brendanchaplin.com/,info@brendanchaplin.com,info@brendanchaplin.com,https://form.typeform.com/to/aZ7Q4a82,2,ok,200
1477,7598288,therequirementlist.com,https://www.therequirementlist.com/,info@therequirementlist.com,info@therequirementlist.com,https://gmtcj4wbrcz.typeform.com/to/QAdLZX5g ; https://gmtcj4wbrcz.typeform.com/to/ps0VKNLY,0,ok,200
1475,7580773,hamshawlumber.com,https://hamshawlumber.com/,ken@hamshawlumber.com ; sales@hamshawlumber.com ; scott@cheshirehorse.com,,,0,ok,200
1457,7525160,confenix.pt,https://confenix.pt/,hello@confenix.pt,,,0,ok,200
1443,7405527,islamicic.com,https://islamicic.com/,info@daralber.ae ; info@islamicic.com,info@islamicic.com,https://islamicic.typeform.com/to/QUzFZr ; https://islamicic.typeform.com/to/r2ej2l,2,ok,200
1482,7606953,culami.com,https://www.culami.com/,info@culami.com,info@culami.com,,1,ok,200
1438,7376764,corlansing.org,https://www.corlansing.org/,info@corlansing.org ; ppetrus@vatican.va,,,2,ok,200
1486,7632935,encedentistry.com,https://encedentistry.com/,smiles@epornu7xq8.wpdns.site,smiles@epornu7xq8.wpdns.site,https://elevatepractices.typeform.com/to/TKoIBQ,2,ok,200
1451,7456684,impact-valley.com,https://www.impact-valley.com/,alexandre@impact-valley.com ; arthur@impact-valley.com ; bruno@impact-valley.com ; hello@impact-valley.com ; julie@impact-valley.com ; laurent@impact-valley.com ; nicolas@impact-valley.com ; oceane@impact-valley.com ; wiktoria@impact-valley.com,alexandre@impact-valley.com ; arthur@impact-valley.com ; bruno@impact-valley.com ; julie@impact-valley.com ; laurent@impact-valley.com ; nicolas@impact-valley.com ; oceane@impact-valley.com ; wiktoria@impact-valley.com,https://impactvalley.typeform.com/to/WIDqBd,2,ok,200
1478,7600009,wirlieferndeinekueche.de,https://wirlieferndeinekueche.de/,kontakt@wldk.de,kontakt@wldk.de,,1,ok,200
1487,7635377,rohde-objekteinrichtungen.de,https://rohde-objekteinrichtungen.de/,info@rohde-objekteinrichtungen.de,info@rohde-objekteinrichtungen.de,,1,ok,200
1492,7663301,uralzvs.ru,https://uralzvs.ru/,egozamsk@egoza.biz ; info@rsb-eng.com ; info@uralzvs.ru ; sale@uralzvs.ru,egozamsk@egoza.biz ; info@rsb-eng.com ; info@uralzvs.ru ; sale@uralzvs.ru,,0,ok,200
1479,7602169,resultmedia.pl,https://resultmedia.pl/,kontakt@resultmedia.pl ; zapier-logo_black@2x.png,,,2,ok,200
1502,7711872,usmresolution.com,https://usmresolution.com/,rhytha@usmresolution.com,rhytha@usmresolution.com,,0,unavailable,200
1500,7697259,valagroup.com,https://www.valagroup.com/,ada.ikaheimonen@valagroup.com ; anna.turunen@valagroup.com ; anni.paro@valagroup.com ; henri.pesonen@valagroup.com ; info@valagroup.com ; jenni.loimukoski@valagroup.com ; joonas.luukkonen@valagroup.com ; juha.pomppu@valagroup.com ; marcus.mattila@valagroup.com ; olli.lehmussaari@valagroup.com ; otto.pesonen@valagroup.com ; sachin.kumar@valagroup.com ; selma.moring@valagroup.com ; suvi.mannonen@valagroup.com ; tanja.nykyri@valagroup.com ; toni.roschier@valagroup.com ; tuomas.remes@valagroup.com ; virpi.tuohisto@valagroup.com,ada.ikaheimonen@valagroup.com ; anna.turunen@valagroup.com ; anni.paro@valagroup.com ; henri.pesonen@valagroup.com ; jenni.loimukoski@valagroup.com ; joonas.luukkonen@valagroup.com ; juha.pomppu@valagroup.com ; marcus.mattila@valagroup.com ; olli.lehmussaari@valagroup.com ; otto.pesonen@valagroup.com ; sachin.kumar@valagroup.com ; selma.moring@valagroup.com ; suvi.mannonen@valagroup.com ; tanja.nykyri@valagroup.com ; toni.roschier@valagroup.com ; tuomas.remes@valagroup.com ; virpi.tuohisto@valagroup.com,,2,ok,200
1483,7608496,kimono-iseya.com,https://kimono-iseya.com/,dompurify@2.3.3,,,2,ok,200
1466,7554497,3percentproject.com,https://3percentproject.com/,3text-black@2x.png ; 3text-white@2x-1024x341.png ; 3text-white@2x-10x3.png ; 3text-white@2x-2000x666.png ; 3text-white@2x-300x100.png ; 3text-white@2x-768x256.png ; 3text-white@2x-800x267.png ; cropped-3_icon_black@2x-180x180.png ; cropped-3_icon_black@2x-192x192.png ; cropped-3_icon_black@2x-270x270.png ; cropped-3_icon_black@2x-32x32.png,,https://fesplanet.typeform.com/to/NhKCim,2,ok,200
1494,7672244,brinkmannhardware.com,https://brinkmannhardware.com/,bhbluepoint@brinkmannsenterprises.com ; bhglencove@brinkmannsenterprises.com ; bhholbrook@brinkmannsenterprises.com ; bhmillerplace@brinkmannsenterprises.com ; bhplainview@brinkmannsenterprises.com ; bhsayville@brinkmannsenterprises.com ; desk@brinkmannsenterprises.com,,,1,ok,200
1491,7659872,martinobranding.com,https://martinobranding.com/,adriano@martinobranding.com ; hello@martinobranding.com,adriano@martinobranding.com ; hello@martinobranding.com,,2,ok,200
1504,7719819,vinpilot.com,https://www.vinpilot.com/,celis@vinpilot.com ; service@vinpilot.com,celis@vinpilot.com ; service@vinpilot.com,https://j9xybocs8b8.typeform.com/to/dXVd6WYP,2,ok,200
1509,7729249,micro-scientific.com,https://micro-scientific.com/,info@micro-scientific.com,,,2,ok,200
1484,7608858,newgirlontheblock.com,https://newgirlontheblock.com/,pauleanna@pauleannareid.com,pauleanna@pauleannareid.com,https://pauleanna.typeform.com/to/a5QSai,2,ok,200
1516,7767531,equinox.org.au,https://equinox.org.au/,equinoxadmin@thorneharbour.org,,https://thorneharbour.typeform.com/,2,ok,200
1510,7732824,gummigubben.se,https://gummigubben.se/,info@gummigubben.se,info@gummigubben.se,https://tadait.typeform.com/to/D4El1K,0,ok,200
1518,7782026,gatoroemsolutions.com,https://gatoroemsolutions.com/,info@gatorcases.com,info@gatorcases.com,https://gatorbiz.typeform.com/to/Nxgdld,1,ok,200
1499,7696446,e-eijuu.com,https://www.e-eijuu.com/,eguti315@muj.biglobe.ne.jp,eguti315@muj.biglobe.ne.jp,,2,ok,200
1520,7789678,cbicommercial.com,https://www.cbicommercial.com/,info@cbicommercial.com,info@cbicommercial.com,,2,ok,200
1517,7771475,cerasonar.de,https://cerasonar.de/,constantin.ranke@cerasonar.de ; info@cerasonar.de ; info@cersonar.de,info@cerasonar.de,https://okcskxngck5.typeform.com/to/vKDIr6yT,2,ok,200
1512,7739814,daveharrison.net,https://www.daveharrison.net/,hello@daveharrison.net,hello@daveharrison.net,https://daveharrison.typeform.com/to/lMyAif ; https://embed.typeform.com/,2,unavailable,200
1524,7810369,tshoko.com,https://www.tshoko.com/,contact@tshoko.fr ; u003econtact@tshoko.fr,contact@tshoko.fr,,1,ok,200
1533,7867018,probag.it,https://www.probag.it/,jquery.marquee@1.5.0 ; ordini@probag.it ; staff@astrelia.it,ordini@probag.it,,0,ok,200
1528,7839496,kozossegikertek.hu,https://kozossegikertek.hu/,kozossegikertek@kek.org.hu ; monika.kertesz@kek.org.hu,kozossegikertek@kek.org.hu ; monika.kertesz@kek.org.hu,https://kortarsepiteszetikozpont.typeform.com/to/Den9Bg2h,0,ok,200
1534,7870592,profilertraining.com,https://profilertraining.com/,hello@domain.com ; info@personalityhacker.com,hello@domain.com,https://personalityhacker.typeform.com/to/gDJiyVd7 ; https://personalityhacker.typeform.com/to/pqdGBItR,0,ok,200
1527,7838052,symetri.dk,https://www.symetri.dk/,henrik.munk.madsen@symetri.com ; info@symetri.dk ; support@symetri.dk ; support@symetri.se ; tobias.hoffmann@symetri.com,henrik.munk.madsen@symetri.com ; info@symetri.dk ; support@symetri.dk ; support@symetri.se ; tobias.hoffmann@symetri.com,,2,ok,200
1514,7742673,joanvinyets.net,https://joanvinyets.net/,hola@joanvinyets.net,hola@joanvinyets.net,https://umanyx.typeform.com/to/o9lmWPNq,0,ok,200
1531,7859033,nidrayogainternational.com,https://nidrayogainternational.com/,info.tilayoga@pm.me ; mailnidra-yoga@hotmail.comt ; nidra-yoga@hotmail.com,,,1,ok,200
1537,7876515,colegiosurcos.edu.ec,https://colegiosurcos.edu.ec/,inspeccion@colegiosurcos.edu.ec,inspeccion@colegiosurcos.edu.ec,,0,ok,200
1515,7745420,myfairviewdental.ca,https://myfairviewdental.ca/,info@myfairviewdental.ca,info@myfairviewdental.ca,https://embed.typeform.com/ ; https://revupgroup.typeform.com/to/l5yQbreX,2,ok,200
1495,7682622,mvbookkeeping.com.au,https://mvbookkeeping.com.au/,hello@mvbookkeeping.com.au ; your@email.com,hello@mvbookkeeping.com.au,https://3b8bqkjeaah.typeform.com/to/N4IbvbRQ,2,ok,200
1541,7909626,dashcreative.co,https://www.dashcreative.co/,hello@dashcreative.co ; hls.js@1.5.17 ; lenis@1.3.16,hello@dashcreative.co,https://3kbl8y2wpmz.typeform.com/to/ham7djVp,2,ok,200
1481,7604866,signalmanav.com,https://www.signalmanav.com/,sales@signalmanav.com,sales@signalmanav.com,,2,ok,200
1548,7949980,wantmovers.com,https://www.wantmovers.com/,nycmovers22@yahoo.com,,,1,ok,200
1542,7917970,sylvia-pietzko.de,https://www.sylvia-pietzko.de/,post@sylvia-pietzko.de,post@sylvia-pietzko.de,https://r69vqkfwgyh.typeform.com/to/rjRIOayh,2,ok,200
1525,7825786,gesundheitshaus-hammer.de,https://gesundheitshaus-hammer.de/,beispiel@beispiel.de ; info@gesundheitshaus-hammer.de,info@gesundheitshaus-hammer.de,,2,ok,200
1530,7858475,cisassessment.com,https://cisassessment.com/,contato@cisassessment.com.br,,https://assessmentcis.typeform.com/,2,ok,200
1549,7951537,scottswebshop.com,https://scottswebshop.com/,scott@scottswebshop.com,,https://scottjohnson1.typeform.com/to/nLRoft,1,ok,200
1552,7981515,beppo.com,https://beppo.com/,beppo-logo@2x.png ; home-banner@2x-1-1024x523.png ; home-banner@2x-1-1536x785.png ; home-banner@2x-1-2048x1046.png ; home-banner@2x-1-300x153.png ; home-banner@2x-1-768x392.png ; home-banner@2x-1.png ; icon-10@2x.png ; icon-11@2x.png ; icon-12@2x.png ; icon-1@2x-4.png ; icon-23@2x.png ; icon-2@2x-3.png ; icon-3@2x-3.png ; icon-4@2x-1.png ; icon-5@2x-1.png ; icon-6@2x-1.png ; icon-7@2x.png ; icon-8@2x.png ; icon-9@2x.png ; img-1@2x-1.png ; img-2@2x-1.png ; img-3@2x-1.png ; img-4@2x.png ; img-7@2x-1.png ; logo-menu-bar@2x.png,,https://form.typeform.com/to/oSVxa1Vc,0,ok,200
1425,7335266,tiz-kirchdorf.at,https://tiz-kirchdorf.at/,office@m4w.at,,,1,ok,200
1543,7919478,barflys.at,https://barflys.at/,info@barflys.at,info@barflys.at,https://kesch.typeform.com/to/sIejEzkC,2,ok,200
1546,7940007,optitank.be,https://optitank.be/,info@in4fuels.be ; info@optitank.be,,,1,ok,200
1566,8055720,clinicamotus.it,https://clinicamotus.it/,info@clinicamotus.it,info@clinicamotus.it,https://form.typeform.com/to/LQ38oamW,0,ok,200
1556,8004833,kberger.com,https://kberger.com/,cobalt-io@2x.png ; dribbble@2x.png ; gameon@2x.png ; harvest@2x.png ; slack@2x.png ; valimail@2x.png,,,2,ok,200
1562,8045695,studer.agency,https://studer.agency/,antwerpen@studer.agency ; brussel@studer.agency ; gent@studer.agency ; hasselt@studer.agency ; info@studer.agency ; jij@voorbeeld.be ; leuven@studer.agency,antwerpen@studer.agency ; brussel@studer.agency ; gent@studer.agency ; hasselt@studer.agency ; leuven@studer.agency,https://form.typeform.com/to/B378TGvH,1,ok,200
1570,8084900,smile-4-life.de,https://smile-4-life.de/,info@kzvlb.de ; info@smile-4-life.de ; zahnerhaltung@smile-4-life.de,info@smile-4-life.de ; zahnerhaltung@smile-4-life.de,,2,ok,200
1521,7794229,dentalpromotion.be,https://www.dentalpromotion.be/fr,clarityms@microsoft.com ; compliance@customer.io ; info@dentalpromotion.be,info@dentalpromotion.be,,2,ok,200
1564,8055224,campgroup.com,https://campgroup.com/,info@campgroup.com,info@campgroup.com,https://embed.typeform.com/ ; https://form.typeform.com/to/ojaiA5bL,2,ok,200
1576,8113087,dentalalarm.sk,https://www.dentalalarm.sk/,info@dentalalarm.sk,info@dentalalarm.sk,https://46wr1ju2csi.typeform.com/to/CrODEFWw,0,ok,200
1577,8119923,icommerceteam.com,https://www.icommerceteam.com/,office@icommerceteam.com,,https://xqz7khwhnvc.typeform.com/to/SoIt7k2w,0,ok,200
1578,8131660,velkommen.dk,https://velkommen.dk/,mhk@velkommen.dk,,,0,ok,200
1571,8099189,autofact.com.mx,https://www.autofact.com.mx/,nombre@tucorreo.cl,,,0,unavailable,200
1587,8193727,fersgo.com,https://www.fersgo.com/,admin@fersgo.com ; customer_support@fersgo.com ; ncustomer_support@fersgo.com,customer_support@fersgo.com,,2,ok,200
1569,8084145,mondhygienisten.nl,https://www.mondhygienisten.nl/,bureau@mondhygienisten.nl,bureau@mondhygienisten.nl,https://form.typeform.com/to/Z92UhYWd,0,ok,200
1565,8055566,kyc.org.hk,https://kyc.org.hk/,enquiry@kyc.org.hk,enquiry@kyc.org.hk,https://tbk0v2zjrlr.typeform.com/,2,ok,200
1592,8213940,wardresumes.com,https://wardresumes.com/,info@ottoresumes.com ; info@wardresumes.com,info@wardresumes.com,,2,ok,200
1595,8233482,everlastingmoments.com,https://www.everlastingmoments.com/,memories@everlastingmoments.com,memories@everlastingmoments.com,https://form.typeform.com/to/rqgLTk,2,ok,200
1526,7827208,ridgewoodinvestments.com,https://ridgewoodinvestments.com/,info@ridgewoodinvestments.com,,https://ridgewoodinvestments.typeform.com/to/PlB0HC9R,2,ok,200
1594,8227405,aaseny.org,https://aaseny.org/,altdelegate@aaseny.org ; altdelgate@aaseny.org ; chair@aaseny.org ; delegate@aaseny.org ; tco@aaseny.org ; treasurer@aaseny.org,altdelegate@aaseny.org ; chair@aaseny.org ; delegate@aaseny.org ; tco@aaseny.org ; treasurer@aaseny.org,,2,ok,200
1575,8111576,theater-kees.nl,https://theater-kees.nl/,info@theater-kees.nl ; tickets@theater-kees.nl ; verhuur@theater-kees.nl,info@theater-kees.nl,https://post232548.typeform.com/to/YBgOBr,1,ok,200
1605,8281757,linusekenstam.com,https://linusekenstam.com/,linusekenstam@gmail.com,linusekenstam@gmail.com,,0,unavailable,200
1596,8234761,andrology.ae,https://andrology.ae/,info@andrology.ae,,https://andrology.typeform.com/to/Swon3Z ; https://andrology.typeform.com/to/Y48qti ; https://andrology.typeform.com/to/qB8WXP,2,ok,200
1601,8259867,nospot.ca,https://nospot.ca/,hello@nospot.ca,hello@nospot.ca,https://rmms.typeform.com/to/qul5jE,0,ok,200
1606,8289255,incola.com.pl,https://www.incola.com.pl/,biuro@gfsp.pl ; marketing@gfsp.pl,biuro@gfsp.pl,,0,ok,200
1610,8297012,lepera.com.br,https://lepera.com.br/,1000_medicasset-35@3x-300x129.png ; 1000_medicasset-35@3x-768x331.png ; 1000_medicasset-35@3x.png ; asset-165@4x-8-1024x211.png ; asset-165@4x-8-1536x317.png ; asset-165@4x-8-2048x422.png ; asset-165@4x-8-300x62.png ; asset-165@4x-8-768x158.png ; asset-1@3x-1024x713.png ; asset-1@3x-1536x1069.png ; asset-1@3x-300x209.png ; asset-1@3x-768x535.png ; asset-1@3x.png ; ativo-16@4x-8-1024x569.png ; ativo-16@4x-8-1536x853.png ; ativo-16@4x-8-300x167.png ; ativo-16@4x-8-768x427.png ; ativo-16@4x-8.png ; ativo-17@4x-1024x351.png ; ativo-17@4x-1536x527.png ; ativo-17@4x-2048x703.png ; ativo-17@4x-300x103.png ; ativo-17@4x-768x264.png ; ativo-49@4x-8-1024x820.png ; ativo-49@4x-8-300x240.png ; ativo-49@4x-8-768x615.png ; ativo-49@4x-8.png ; atlas_asset-4@2x-300x203.png ; atlas_asset-4@2x.png ; boxbrasil_asset-40@4x-1024x339.png ; boxbrasil_asset-40@4x-1536x509.png ; boxbrasil_asset-40@4x-2048x679.png ; boxbrasil_asset-40@4x-300x99.png ; boxbrasil_asset-40@4x-768x255.png ; caltrevo_asset-5@2x.png ; ciec_asset-41@4x-300x202.png ; ciec_asset-41@4x-768x516.png ; ciec_asset-41@4x.png ; contato@lepera.com.br ; delrio_asset-41@4x-1024x670.png ; delrio_asset-41@4x-300x196.png ; delrio_asset-41@4x-768x503.png ; delrio_asset-41@4x.png ; elera_asset-2@2x-300x93.png ; elera_asset-2@2x.png ; fada_asset-56@4x-1024x642.png ; fada_asset-56@4x-1536x964.png ; fada_asset-56@4x-2048x1285.png ; fada_asset-56@4x-300x188.png ; fada_asset-56@4x-768x482.png ; gm@2x-300x135.webp ; gm@2x.webp ; insani_asset-57@2x-1024x260.png ; insani_asset-57@2x-300x76.png ; insani_asset-57@2x-768x195.png ; insani_asset-57@2x.png ; logo-btg-azul@2x-300x119.png ; logo-btg-azul@2x.png ; logo_melanoma@2x.png ; margi_asset-1@4x-1024x590.png ; margi_asset-1@4x-1536x885.png ; margi_asset-1@4x-2048x1181.png ; margi_asset-1@4x-300x173.png ; margi_asset-1@4x-768x443.png ; minas_fruttasset-7@4x-1024x797.png ; minas_fruttasset-7@4x-1536x1196.png ; minas_fruttasset-7@4x-300x234.png ; minas_fruttasset-7@4x-768x598.png ; minas_fruttasset-7@4x.png ; natville_asset-3@2x.png ; own_asset-2@4x-1024x432.png ; own_asset-2@4x-1536x648.png ; own_asset-2@4x-2048x865.png ; own_asset-2@4x-300x127.png ; own_asset-2@4x-768x324.png ; ph_asset-1@2x-150x150.png ; ph_asset-1@2x-300x300.png ; ph_asset-1@2x.png ; podecha_asset-31@3x.png ; rapidex_asset-41@4x-1024x377.png ; rapidex_asset-41@4x-1536x566.png ; rapidex_asset-41@4x-300x111.png ; rapidex_asset-41@4x-768x283.png ; rapidex_asset-41@4x.png ; realfarms_asset-42@4x-1024x709.png ; realfarms_asset-42@4x-1536x1063.png ; realfarms_asset-42@4x-2048x1417.png ; realfarms_asset-42@4x-300x208.png ; realfarms_asset-42@4x-768x532.png ; reciclabr_asset-109@2x-1024x396.png ; reciclabr_asset-109@2x-1536x594.png ; reciclabr_asset-109@2x-300x116.png ; reciclabr_asset-109@2x-768x297.png ; reciclabr_asset-109@2x.png ; santowich_asset-40@2x-300x76.png ; santowich_asset-40@2x-768x194.png ; santowich_asset-40@2x.png ; sensenova_asset-51@4x-150x150.webp ; sensenova_asset-51@4x-300x300.png ; sensenova_asset-51@4x-768x768.png ; sensenova_asset-51@4x.png ; ursipel_asset-8@4x-1024x871.png ; ursipel_asset-8@4x-1536x1307.png ; ursipel_asset-8@4x-300x255.png ; ursipel_asset-8@4x-768x653.png ; ursipel_asset-8@4x.png ; viva_mariaasset-24@3x-300x172.png ; viva_mariaasset-24@3x-768x440.png ; viva_mariaasset-24@3x.png ; vtx_01-logotipo_redondo@2x-300x276.webp ; vtx_01-logotipo_redondo@2x.png ; xgain_asset-40@2x-300x75.png ; xgain_asset-40@2x-768x191.png ; xgain_asset-40@2x.png,,https://marcoslepera.typeform.com/to/TQ4KTr ; https://marcoslepera.typeform.com/to/gxH47M,0,ok,200
1590,8205544,festival-ra.ch,https://www.festival-ra.ch/,info@company.com ; info@festival-ra.ch ; info@tim-gatzky.de ; info@yourdomain.com,info@company.com ; info@festival-ra.ch ; info@yourdomain.com,https://info680464.typeform.com/to/xQ4KO4ET,2,ok,200
1591,8209193,ontariograinfarmer.ca,https://ontariograinfarmer.ca/,farmmarketnews-subscribe@list.gfo.ca ; gfo-magazine-website-callout@2x-1024x621.png ; gfo-magazine-website-callout@2x.png ; jtichborne@gfo.ca ; knudds@gfo.ca ; pmcintosh@gfo.ca ; sblundell@gfo.ca,farmmarketnews-subscribe@list.gfo.ca ; jtichborne@gfo.ca ; knudds@gfo.ca ; pmcintosh@gfo.ca ; sblundell@gfo.ca,,2,ok,200
1612,8311558,thekennedys.nl,https://www.thekennedys.nl/,asset-2@4x-1024x462.png ; asset-2@4x-1536x693.png ; asset-2@4x-300x135.png ; asset-2@4x-768x347.png ; asset-2@4x.png,,https://thekennedys.typeform.com/to/w1Hha0ja ; https://thekennedys.typeform.com/to/wFdcWB,0,ok,200
1626,8441629,ofstech.com,https://ofstech.com/,hello@ofstech.com ; jane@company.com,hello@ofstech.com,,2,ok,200
1627,8443763,gema.org,https://gema.org/,chris@gema.org ; dashiek@gema.org ; eileen@gema.org ; gsap@3.12.2 ; hannah@gema.org ; info@gema.org ; kayla.ramirez@gema.org ; kayla@gema.org ; megan@gema.org ; mikaela.barocio@gema.org ; nichole@gema.org ; paige@gema.org ; paul@gema.org ; ron@gema.org ; stacy@gema.org ; swiper@10.3.1 ; wolfgang@gema.org,chris@gema.org ; dashiek@gema.org ; eileen@gema.org ; hannah@gema.org ; info@gema.org ; kayla.ramirez@gema.org ; kayla@gema.org ; megan@gema.org ; mikaela.barocio@gema.org ; nichole@gema.org ; paige@gema.org ; paul@gema.org ; ron@gema.org ; stacy@gema.org ; wolfgang@gema.org,https://form.typeform.com/to/HwpDmkhH,2,ok,200
1547,7940769,girlscomputingleague.org,https://www.girlscomputingleague.org/,info@girlscomputingleague.org ; info@staging.girlscomputingleague.org,info@staging.girlscomputingleague.org,https://admin.typeform.com/ ; https://embed.typeform.com/ ; https://girlscomputing.typeform.com/to/KwAWLKwI ; https://girlscomputing.typeform.com/to/bRIgCv,2,ok,200
1617,8347331,sirautoglass.com,https://sirautoglass.com/,orders@sirautoglass.com,orders@sirautoglass.com,https://sirglass1.typeform.com/to/dve2J2Ud ; https://sirglass1.typeform.com/to/il6xkL,1,ok,200
1623,8428403,helios-eex.com,https://helios-eex.com/,bootstrap@5.3.8 ; info@helios-eex.com ; name@email.com,,,2,ok,200
1631,8475141,dumay-mior.be,https://www.dumay-mior.be/,security@dumay-mior.be,security@dumay-mior.be,,1,ok,200
1629,8448586,demo-europe.eu,https://demo-europe.eu/fr/page-daccueil/,20201202_134944-350x350@2x.jpg ; bandeau-financeurs-300x27@2x.jpg ; bandeau-partenaires-demo-300x27@2x.png ; dsc_1392-350x350@2x.jpg ; in-de-natuur-350x350@2x.jpg ; info@demo-europe.eu ; mon-biclou-part-en-live-350x350@2x.png,info@demo-europe.eu,https://demoeurope.typeform.com/to/V6VcXj,2,ok,200
1611,8298217,melindawittstock.com,https://melindawittstock.com/,as-seen-in-logos@2x-1-1024x192.png ; as-seen-in-logos@2x-1-300x56.png ; as-seen-in-logos@2x-1-768x144.png ; as-seen-in-logos@2x-1.png ; as-seen-in-logos@2x-1024x49.png ; as-seen-in-logos@2x-300x14.png ; as-seen-in-logos@2x-768x37.png ; as-seen-in-logos@2x.png ; i-heart-radio@2x-300x40.png ; i-heart-radio@2x.png ; itunes@2x.png ; melinda-about-section-1@2x-1024x613.png ; melinda-about-section-1@2x-300x180.png ; melinda-about-section-1@2x-768x460.png ; melinda-about-section-1@2x.png ; photoso@2x-1024x295.png ; photoso@2x-300x86.png ; photoso@2x-768x221.png ; photoso@2x.png ; sound-cloud@2x-300x32.png ; sound-cloud@2x.png ; spotify@2x.png ; stitcher@2x.png ; wings-logo@2x.png,,https://melindawittstock.typeform.com/to/C7dArN,2,ok,200
1643,8541905,ma-tax.de,https://ma-tax.de/,customs@ma-tax.de,,,1,ok,200
1634,8496173,observatoire-amarok.net,https://www.observatoire-amarok.net/sites/wordpress/,obs.amarok@gmail.com,,https://khw7hxm03nr.typeform.com/to/hOEDTjrc,2,unavailable,200
1647,8553712,b2bitalia.net,https://www.b2bitalia.net/,info@b2bitalia.net,info@b2bitalia.net,https://lxa6z86l0b1.typeform.com/to/miZ7YUBz,0,ok,200
1618,8349088,consultia.de,https://www.consultia.de/,info@consultia-ra.de ; info@consultia.de,info@consultia-ra.de ; info@consultia.de,https://1iz7gafzap9.typeform.com/to/NVtBHlzI,2,ok,200
1589,8199455,smaar.fr,https://smaar.fr/,info@smaar.fr,info@smaar.fr,,2,ok,200
1645,8546354,bioharmony.ca,https://www.bioharmony.ca/,bh@bioharmony.ca,bh@bioharmony.ca,,2,ok,200
1649,8569764,connectingthedotslive.nl,https://connectingthedotslive.nl/,miep.eisner@rli.nl,miep.eisner@rli.nl,https://hcibs.typeform.com/to/rjpZuo,1,ok,200
1640,8528203,aidb.it,https://www.aidb.it/,aidb@pec.it ; bootstrap@5.3.8 ; secretary@cepiug.org ; segreteria@aidb.it,aidb@pec.it ; segreteria@aidb.it,,0,ok,200
1652,8596518,olivertattoos.com,https://www.olivertattoos.com/,oliverktattoos@gmail.com,oliverktattoos@gmail.com,https://embed.typeform.com/ ; https://form.typeform.com/to/qi2KWS,1,ok,200
1644,8545794,immuvit.gr,https://immuvit.gr/,asset-1@4x-copy.png ; asset-1@4x-copy.png.webp ; info@leriva.com,info@leriva.com,,1,ok,200
1655,8608147,coynemedical.com,https://coynemedical.com/,amy@amycuthbertson.co.uk ; press@coynemedical.com ; reception@coynemedical.com,amy@amycuthbertson.co.uk ; reception@coynemedical.com,,2,ok,200
1625,8436901,thehopechurch.org,https://thehopechurch.org/,admin@thehopechurch.org,,,2,ok,200
1660,8652601,biobest.com,https://www.biobest.com/,bart.sosef@biobestgroup.com ; dirk.aerts@biobestgroup.com ; fonny.theunis@biobestgroup.com ; jobs@biobestgroup.com ; kris.fivez@biobestgroup.com ; marketing.support@biobestgroup.com ; milagros.gonzalez@biobestgroup.com,,,2,ok,200
1650,8582286,stfparishschool.org,https://stfparishschool.org/,mrskdougherty@stfparishschool.org ; mrslloyd@stfparishschool.org,,,2,unavailable,200
1653,8600312,followup.expert,https://followup.expert/,1min-p@fut.io ; 1week@followupthen.com ; 3days-r@fut.io ; 3days-sms@fut.io ; 3days-t@fut.io ; 3weekdays-r@fut.io ; 3weeks-p.greeter@fut.io ; every1st-t@fut.io ; everyapril1st-t@fut.io ; everyjanuary1st-t@fut.io ; help@humans.fut.io ; j8amjune26th@followupthen.com ; mem@fut.io ; p.widgetizer@fut.io ; reilly+jobs@humans.fut.io,help@humans.fut.io,https://followupthen.typeform.com/to/nNCVNa,2,ok,200
1580,8138916,afxholdings.com,https://www.afxholdings.com/,agents@afromix.co.za,agents@afromix.co.za,https://3itjnu2y3jh.typeform.com/to/s3oY2RjV,2,ok,200
1662,8679877,welbnb.com,https://www.welbnb.com/,contact@welbnb.com ; support@strikingly.com ; u003econtact@welbnb.com,contact@welbnb.com,https://form.typeform.com/to/D4eCRX ; https://welbnb.typeform.com/to/D4eCRX,0,ok,200
1665,8691127,drleenarts.com,https://www.drleenarts.com/,contact@drleenarts.com,,https://rktw0nqhrkf.typeform.com/to/EE7KnMUr,2,ok,200
1657,8624648,horusconnect.fr,https://www.horusconnect.fr/,contact@horusconnect.fr,,https://form.typeform.com/to/aU42l1ik ; https://form.typeform.com/to/bqyBLEST,2,ok,200
1666,8694415,palaciotorredearriaga.com,https://palaciotorredearriaga.com/,01-81x31-@254.jpg ; 02-81x31-@254.jpg ; 19-81x31-@254-300x213.jpg ; 19-81x31-@254.jpg ; 25-81x31-@254-scaled.jpg ; info@palaciotorredearriaga.com,info@palaciotorredearriaga.com,,1,ok,200
1669,8705387,sabahlaw.com,https://sabahlaw.com/default.html,popper.js@1.16.0,,https://datuk2.typeform.com/to/HspvAB ; https://datuk2.typeform.com/to/QCiUC7 ; https://embed.typeform.com/,2,ok,200
1651,8591754,thetileandironstudio.com,https://thetileandironstudio.com/,manager@thetileandironstudio.com,manager@thetileandironstudio.com,https://autotekca.typeform.com/to/A7vrtHdO,2,ok,200
1648,8562108,refreshingrewards.com,https://www.refreshingrewards.com/refreshing-rewards/,guestservices@mythorntons.com,guestservices@mythorntons.com,,0,ok,200
1619,8354523,zanfonaproyectos.com,https://zanfonaproyectos.com/,zanfona@zanfonaproyectos.com,zanfona@zanfonaproyectos.com,https://form.typeform.com/to/CKzMK4nI,1,ok,200
1678,8754397,chelart.com,https://chelart.com/,chelartusa@gmail.com,,https://blz0peb6ctn.typeform.com/to/HqBOhcMo ; https://blz0peb6ctn.typeform.com/to/xPvS34za,0,unavailable,200
1661,8669568,dealva.com.mx,https://dealva.com.mx/,mxlaw@dealva.com.mx,mxlaw@dealva.com.mx,,1,ok,200
1672,8726633,hellojust.com,https://hellojust.com/,say@hellojust.com,say@hellojust.com,https://hellojust.typeform.com/to/sT1ylnqS,2,ok,200
1682,8761266,bc-technologies.co.uk,https://bc-technologies.co.uk/,hello@bc-group.co.uk,hello@bc-group.co.uk,,2,ok,200
1683,8762657,homeglowgasservices.com,https://homeglowgasservices.com/,andy-mitchell@homeglowgasservices.com ; office@homeglowgasservices.com,andy-mitchell@homeglowgasservices.com ; office@homeglowgasservices.com,,2,ok,200
1636,8503896,catchingbox.com,https://catchingbox.com/,contact@catchingbox.com,contact@catchingbox.com,,2,ok,200
1676,8735608,moldiplast.com,https://www.moldiplast.com/,leo.torrecilla@moldiplast.com ; moldiplast@moldiplast.com,leo.torrecilla@moldiplast.com ; moldiplast@moldiplast.com,https://deale.typeform.com/to/WtNxC1Vx,0,ok,200
1670,8712588,belllane.ie,https://www.belllane.ie/,info@belllane.ie ; info@stagheaddesigns.com,info@belllane.ie,https://form.typeform.com/to/SA3Q0491,2,ok,200
1679,8755844,picassopainters.com,https://www.picassopainters.com/,picassopaintersevents@gmail.com,,https://dqst5npp6m1.typeform.com/to/fC8CVaBb,2,ok,200
1688,8775101,skilikeapro.nl,https://skilikeapro.nl/,info@skilikeapro.nl ; marielle.schifferling@skilikeapro.nl ; tim.klare@skilikeapro.nl ; tim@skilikeapro.nl,info@skilikeapro.nl ; marielle.schifferling@skilikeapro.nl ; tim.klare@skilikeapro.nl ; tim@skilikeapro.nl,https://zw2hoi8egbw.typeform.com/to/XabKp45g,1,ok,200
1690,8791009,christnc.com,https://christnc.com/,church@christnc.com,,https://fzm36ie3usk.typeform.com/to/EP6vti4V,1,ok,200
1684,8762919,louvrelensvallee.com,https://www.louvrelensvallee.com/,hello@louvrelensvallee.com,,https://form.typeform.com/to/ii4VpmOx,2,ok,200
1693,8799233,theladylike.com,https://theladylike.com/,info@theladylike.com,info@theladylike.com,https://form.typeform.com/to/cQY7u20l ; https://sweeptechnologies.typeform.com/to/FFH6CFfk,1,unavailable,200
1691,8793736,iveylumber.com,https://iveylumber.com/,brandon@iveylumber.com ; froala-editor@3.1.1 ; josh@iveylumber.com ; tui-code-snippet@1.4.0 ; tui-image-editor@3.2.2,,,1,ok,200
1673,8727117,theskincareguru.com,https://www.theskincareguru.com/,18d2f96d279149989b95faf0a4b41882@sentry-next.wixpress.com ; 2062d0a4929b45348643784b5cb39c36@sentry.wixpress.com ; 271e9fa3230b4eec94b02bf95780f5f2@sentry.wixpress.com ; 460ff4620fa44cba8df530afde949785@sentry.wixpress.com ; 463991d7bca24f02a0baf16f9e6eda73@sentry.wixpress.com ; 5d1795a2db124a268f1e1bd88f503500@sentry.wixpress.com ; 605a7baede844d278b89dc95ae0a9123@sentry-next.wixpress.com ; 78f7996315bc402f9dcb8a2f974b82d1@sentry.wixpress.com ; 8c4075d5481d476e945486754f783364@sentry.io ; 8eb368c655b84e029ed79ad7a5c1718e@sentry.wixpress.com ; 9a65e97ebe8141fca0c4fd686f70996b@sentry.wixpress.com ; asktheskincareguru@gmail.com ; c183baa23371454f99f417f6616b724d@sentry.wixpress.com ; core-js-bundle@3.2.1 ; dd0a55ccb8124b9c9d938e3acf41f8aa@sentry.wixpress.com ; ed436f5053144538958ad06a5005e99a@sentry.wixpress.com ; focus-within-polyfill@5.0.9 ; intl-segmenter@11.7.10 ; lodash@4.17.23 ; react-dom@18.3.1 ; react@18.3.1 ; rspack@1.6.8,asktheskincareguru@gmail.com,,1,ok,200
1677,8740656,entrepedras.es,https://entrepedras.es/,info@entrepedras.es,info@entrepedras.es,,1,ok,200
1697,8815613,kartraceland.de,https://kartraceland.de/,info@kartraceland.de,info@kartraceland.de,https://admin.typeform.com/ ; https://embed.typeform.com/ ; https://form.typeform.com/to/Wdi9pJIf,2,ok,200
1692,8795444,drewdudley.com,https://www.drewdudley.com/,support@drewdudley.com,support@drewdudley.com,,1,ok,200
1704,8840559,greenlotusyoga.com,https://greenlotusyoga.com/,info@greenlotusyoga.com,,,0,ok,200
1706,8854472,cursosap.es,https://www.cursosap.es,info@cursosap.es,info@cursosap.es,https://form.typeform.com/to/H34FWMf9,1,ok,200
1708,8867580,lively-software.com,https://lively-software.com/,bootstrap-tooltip-custom-class@1.1.0 ; sales@lively-software.com,sales@lively-software.com,,1,ok,200
1667,8697360,holidayworld.it,https://www.holidayworld.it/,customerservice@holidayw.eu,,https://form.typeform.com/to/Nr68gXz7,0,ok,200
1712,8887134,ncomlv.church,https://www.ncomlv.church/,newcreationoutreachministry@gmail.com ; sectionslider@3.3,newcreationoutreachministry@gmail.com,,0,ok,200
1717,8919533,josscholman.nl,https://www.josscholman.nl/,chosen-sprite@2x.png ; info@josscholman.nl,info@josscholman.nl,,1,ok,200
1718,8928239,panoart360.de,https://panoart360.de/,mail@panoart360.de ; name@beispiel.de,mail@panoart360.de,,1,ok,200
1711,8880515,groverdentalcare.com,https://groverdentalcare.com/,support@revupgroup.com,,https://embed.typeform.com/ ; https://revupgroup.typeform.com/to/QcfWmpZx,2,ok,200
1703,8840486,stout.com,https://www.stout.com/en/,sleas@stout.com ; vanilla-lazyload@17.6.1,sleas@stout.com,,2,unavailable,200
1689,8789435,ihorsetech.com,https://www.ihorsetech.com/,18d2f96d279149989b95faf0a4b41882@sentry-next.wixpress.com ; 460ff4620fa44cba8df530afde949785@sentry.wixpress.com ; 54b4aac306184111a223c0f4aea635c3@sentry.wixpress.com ; 5d1795a2db124a268f1e1bd88f503500@sentry.wixpress.com ; 605a7baede844d278b89dc95ae0a9123@sentry-next.wixpress.com ; 78f7996315bc402f9dcb8a2f974b82d1@sentry.wixpress.com ; 8c4075d5481d476e945486754f783364@sentry.io ; 8eb368c655b84e029ed79ad7a5c1718e@sentry.wixpress.com ; 9a65e97ebe8141fca0c4fd686f70996b@sentry.wixpress.com ; c183baa23371454f99f417f6616b724d@sentry.wixpress.com ; core-js-bundle@3.2.1 ; dd0a55ccb8124b9c9d938e3acf41f8aa@sentry.wixpress.com ; focus-within-polyfill@5.0.9 ; hello@ihorsetech.com ; intl-segmenter@11.7.10 ; lodash@4.17.23 ; react-dom@18.3.1 ; react@18.3.1 ; rspack@1.6.8,hello@ihorsetech.com,,2,ok,200
1719,8933712,leanwire.net,https://www.leanwire.net/,servizio.clienti@leanwire.net,servizio.clienti@leanwire.net,,0,ok,200
1727,8970492,harquinbookkeeping.com,https://www.harquinbookkeeping.com/,info@harquinbookkeeping.com,info@harquinbookkeeping.com,,1,ok,200
1715,8902980,liberty-fitness.de,https://www.liberty-fitness.de/,info@i-group.de ; info@liberty-fitness.de,info@liberty-fitness.de,,2,ok,200
1730,8996257,sueciacarmonterrey.com,https://sueciacarmonterrey.com/,nombre@dominio.com,,https://images.typeform.com/,0,ok,200
1731,8997795,dbscraper.com,https://dbscraper.com/,cleanshot-2020-05-09-at-12.08.54@2x-e1590559821407.png ; cleanshot-2020-05-27-at-14.58.11@2x.png ; cleanshot-2020-05-27-at-14.58.55@2x.png ; cleanshot-2020-05-27-at-14.59.46@2x.png ; cleanshot-2020-05-27-at-15.00.26@2x-e1590559948844.png ; dbscraper@dbscraper.com,,https://comms9.typeform.com/to/bj4iNrta ; https://embed.typeform.com/,0,ok,200
1738,9048548,via-croatia.com,https://www.via-croatia.com/,johndoe@gmail.com ; sales@via-croatia.com,sales@via-croatia.com,,2,ok,200
1733,9004823,fitcar-fr.com,https://fitcar-fr.com/,contact@fitcar-fr.com,,https://form.typeform.com/to/ZHuN8w,2,ok,200
1734,9027659,oppidaneducation.com,https://www.oppidaneducation.com/,adam@oppidaneducation.com ; enquiries@oppidaneducation.com,adam@oppidaneducation.com ; enquiries@oppidaneducation.com,https://oppidan.typeform.com/to/mdlqq2et ; https://oppidan.typeform.com/to/vmAPiPDF,2,ok,200
1740,9051156,liveflames.com,https://liveflames.com/,sales@liveflames.com,sales@liveflames.com,https://embed.typeform.com/ ; https://zoltanjanosforgacs.typeform.com/to/PwMdr4 ; https://zoltanjanosforgacs.typeform.com/to/R4huy6,0,ok,200
1739,9051139,fruchtzwerge.at,https://www.fruchtzwerge.at/,fruchtzwerge_classic_6er_weniger_suess_header_1920x1070px@2x.jpg ; fruchtzwerge_relaunch_fruchtzwerge_welt_text_image_mood_divider_1080x1920px.jpg@2x.jpg ; fruchtzwerge_relaunch_geschichte_1080x810px@2x.jpg ; fruchtzwerge_relaunch_unsere_mission_1080x810px@2x.jpg ; pressestelle@danone.com,pressestelle@danone.com,,1,ok,200
1736,9029954,fa.church,https://www.fa.church/,angela.jones@fa.church ; info@fa.church,angela.jones@fa.church ; info@fa.church,,1,ok,200
1722,8948057,nolanandvada.com,https://nolanandvada.com/,akpaskgo@mailparser.io ; design@nolanandvada.com ; no-reply@nolanandvada.com ; ouojsacq@mailparser.io,design@nolanandvada.com,https://embed.typeform.com/,2,ok,200
1737,9037622,elevationindy.com,https://elevationindy.com/,office@elevationindy.com,office@elevationindy.com,,2,ok,200
1743,9061621,curbsigns.ca,https://curbsigns.ca/,info@curbsigns.ca,info@curbsigns.ca,,1,ok,200
1744,9064363,thevespatrip.com,https://thevespatrip.com/en/,d020ffd2748b1ad387ba8eb63675f2ac@o4505114921795584.ingest.us.sentry.io ; info@thevespatrip.com,info@thevespatrip.com,https://embed.typeform.com/ ; https://travelbase.typeform.com/,2,ok,200
1745,9069484,easyshoots.nl,https://www.easyshoots.nl/,info@easyshoots.nl ; order@easyshoots.nl,info@easyshoots.nl ; order@easyshoots.nl,https://easyshoots.typeform.com/to/BbaDqRum ; https://easyshoots.typeform.com/to/i5t4eAgE ; https://embed.typeform.com/,2,ok,200
1751,9080945,snowacademypratonevoso.com,https://snowacademypratonevoso.com/,info@snowacademy.it,,,0,ok,200
1754,9119953,missharlequin.com,https://missharlequin.com/,info@missharlequin.com,,https://missharlequin.typeform.com/to/RNmQ1o,0,unavailable,200
1755,9126362,proride.be,https://proride.be/fr/,d020ffd2748b1ad387ba8eb63675f2ac@o4505114921795584.ingest.us.sentry.io ; info@proride.be,info@proride.be,https://embed.typeform.com/ ; https://travelbase.typeform.com/ ; https://travelbase.typeform.com/to/ymQNrj6N,0,ok,200
1752,9106516,tyccommunication.com,https://tyccommunication.com/,business@tyccommunication.com ; info@theyellowcoincommunication.com ; pr@tyccommunication.com,business@tyccommunication.com ; info@theyellowcoincommunication.com,https://embed.typeform.com/ ; https://form.typeform.com/to/TLfosoN4,2,ok,200
1756,9132347,regeneration.com,https://regeneration.com/,drgolda@mail.regeneration.com ; drgolda@regeneration.com,drgolda@regeneration.com,,2,ok,200
1664,8685328,hotelsultoniagirona.com,https://hotelsultoniagirona.com/es/,comercial@hotelsultoniagirona.com ; info@hotelsultoniagirona.com ; terrassa@hotelsultoniagirona.com,info@hotelsultoniagirona.com,https://hotelsultoniagirona.typeform.com/ ; https://hotelsultoniagirona.typeform.com/to/KnSMGRLq,1,ok,200
1732,8997964,doublerrstudios.com,https://doublerrstudios.com/,sandy@doublerrstudios.com,sandy@doublerrstudios.com,,2,ok,200
1759,9152326,covoitici.fr,https://covoitici.fr/,julie.bernier@citronplume.fr ; support@covoitici.fr,support@covoitici.fr,https://covoiture.typeform.com/to/VjDFWb,2,ok,200
1766,9202333,techactivist.org,https://www.techactivist.org/,donations@etina.org ; u003edonations@etina.org ; u003einfo@company.com,donations@etina.org,https://techactivist.typeform.com/to/ut5DjI,0,ok,200
1771,9227281,nobleroyalties.com,https://nobleroyalties.com/,info@nobleroyalties.com,,,2,ok,200
1765,9186454,affinityis.ca,https://www.affinityis.ca/,8th@affinityis.ca ; aspenridge@affinityis.ca ; lakewood@affinityis.ca ; meadowlake@affinityis.ca ; naicam@affinityis.ca ; northalbert@affinityis.ca ; princealbert@affinityis.ca ; rochdale@affinityis.ca ; stonebridge@affinityis.ca,8th@affinityis.ca ; aspenridge@affinityis.ca ; lakewood@affinityis.ca ; meadowlake@affinityis.ca ; naicam@affinityis.ca ; northalbert@affinityis.ca ; princealbert@affinityis.ca ; rochdale@affinityis.ca ; stonebridge@affinityis.ca,https://embed.typeform.com/,2,unavailable,200
1768,9208499,isonohealth.com,https://isonohealth.com/,andrea@isonohealth.com ; avi@isonohealth.com ; brenda@isonohealth.com ; brittany@isonohealth.com ; chelsea@acceleratepr.com ; contact@isonohealth.com ; elmira@isonohealth.com ; jonathan@isonohealth.com ; joyce@isonohealth.com ; kordell@isonohealth.com ; merrill@isonohealth.com ; neda@isonohealth.com ; raihan@isonohealth.com ; ravi@isonohealth.com ; rob@isonohealth.com ; shadi@isonohealth.com ; zara@isonohealth.com,andrea@isonohealth.com ; avi@isonohealth.com ; brenda@isonohealth.com ; brittany@isonohealth.com ; chelsea@acceleratepr.com ; contact@isonohealth.com ; elmira@isonohealth.com ; jonathan@isonohealth.com ; joyce@isonohealth.com ; kordell@isonohealth.com ; merrill@isonohealth.com ; neda@isonohealth.com ; raihan@isonohealth.com ; ravi@isonohealth.com ; rob@isonohealth.com ; shadi@isonohealth.com ; zara@isonohealth.com,https://embed.typeform.com/,2,ok,200
1777,9251231,waterionizer.com,https://waterionizer.com/,editorial@waterionizer.com ; research@waterionizer.com,editorial@waterionizer.com,,2,ok,200
1750,9076474,totalguidetomanchester.com,https://www.totalguidetomanchester.com/,fiona@fionascott.co.uk ; info@totalguideto.com ; slick-carousel@1.8.1,fiona@fionascott.co.uk ; info@totalguideto.com,,2,unavailable,200
1778,9263177,therotihut.com,https://www.therotihut.com/,gsap@3.12.5 ; info@therotihut.com,info@therotihut.com,,2,ok,200
1776,9240301,staerkenkompass.de,https://www.staerkenkompass.de/,hallo@staerkenkompass.de ; hallo@wordpress-550183-5754300.cloudwaysapps.com ; hanka.schrader@staerkenkompass.de ; orben.schacht@staerkenkompass.de ; torben.schacht@staerkenkompass.de,hanka.schrader@staerkenkompass.de ; torben.schacht@staerkenkompass.de,https://staerkenkompass.typeform.com/,2,ok,200
1772,9232127,flaskandfield.com,https://flaskandfield.com/,hello@flaskandfield.com,hello@flaskandfield.com,https://form.typeform.com/to/T74Oo4AU ; https://form.typeform.com/to/YIOiBc2a,2,ok,200
1775,9235496,intothetribe.com,https://www.intothetribe.com/,vincent@intothetribe.com,vincent@intothetribe.com,https://matthieu568396.typeform.com/to/XilmCug4,1,ok,200
1760,9155481,englishinaction.es,https://englishinaction.es/,hello@englishinaction.es,hello@englishinaction.es,https://englishinaction.typeform.com/to/aKNtFNUI,2,ok,200
1779,9266483,mentalhouse.de,https://mentalhouse.de/,info@mentalhouse.de,info@mentalhouse.de,,1,ok,200
1763,9178170,shiftworkplace.com,https://shiftworkplace.com/,bootstrap@5.3.2 ; marie@shiftworkplace.com ; marie@shiftworkplace.comfollow,marie@shiftworkplace.com,,2,ok,200
1786,9303332,faithabq.org,https://faithabq.org/,jdoe@faithabq.org,,,2,ok,200
1781,9287423,masvidapty.com,https://masvidapty.com/,alguien@example.com ; asistencia@masvidapty.com ; flags@2x.png,asistencia@masvidapty.com,,0,unavailable,200
1792,9327701,evelyn.com,https://www.evelyn.com/,ben.glassman@evelyn.com ; charley.davies@evelyn.com ; george.uqlow@evelyn.com ; james.leeming@evelyn.com ; marie.atkins@evelyn.com ; niraj.vyas@evelyn.com,,,2,ok,200
1789,9322395,angelamonacojewelry.com,https://angelamonacojewelry.com/,info@angelamonacojewelry.com ; orders@angelamonacojewelry.com ; salesteam@angelamonacojewelry.com,,https://angelamonaco.typeform.com/,1,ok,200
1796,9336859,babardesign.com,https://babardesign.com/,moiez@babardesign.com,,https://form.typeform.com/to/JGAKU2nd,0,unavailable,200
1793,9329511,icebergcooling.com,https://icebergcooling.com/,financing-img@2x.png ; financing-img@3x.png ; footer_logo@2x.png ; header_logo@2x.png ; header_logo@3x.png ; m_footer_logo@2x.png ; m_footer_logo@3x.png ; mobile_logo@2x.png ; mobile_logo@3x.png,,https://upfrog.typeform.com/to/t1hKDACo,2,ok,200
1784,9298022,deinspiratieboot.nl,https://deinspiratieboot.nl/,info@deinspiratieboot.nl,info@deinspiratieboot.nl,,2,ok,200
1797,9341474,voilamediagroup.com,https://voilamediagroup.com/,shelly@voilamediagroup.com,shelly@voilamediagroup.com,https://avs3o9inhie.typeform.com/to/HA4U6EMP,0,ok,200
1798,9348757,integrus.org,https://www.integrus.org/,info@integrus.org ; n@g.1,info@integrus.org,,2,ok,200
1808,9390867,guiltypleaproblem.org,https://guiltypleaproblem.org/,info@guiltypleaproblem.org,info@guiltypleaproblem.org,https://madeo.typeform.com/to/bqy2ks,0,ok,200
1807,9381713,thegonegoat.com,https://www.thegonegoat.com/,pashmina24@gmail.com ; pashmina@thegonegoat.com,pashmina@thegonegoat.com,http://form.typeform.com/ ; http://renderer-assets.typeform.com/,2,ok,200
1799,9360654,socialfarma.com,https://socialfarma.com/,logo-1-red-white@2x-1-1024x157.png ; logo-1-red-white@2x-1-244x37.png ; logo-1-red-white@2x-1-300x46.png ; logo-1-red-white@2x-1-768x118.png ; logo-1-red-white@2x-1.png,,https://sesion.typeform.com/,1,ok,200
1815,9434380,khs-werkstatt.de,http://www.khs-werkstatt.de/,info@khs-werkstatt.de,info@khs-werkstatt.de,,1,unavailable,200
1794,9330023,cscpk.org,https://cscpk.org/,gurusservices@email.com ; info@cscpk.org,gurusservices@email.com ; info@cscpk.org,,2,ok,200
1816,9443347,sunetelive.ro,https://sunetelive.ro/,cinemap-2@288x.png ; marian.gilea@zilesinopti.ro,marian.gilea@zilesinopti.ro,,0,ok,200
1818,9446692,7x7.ch,https://www.7x7.ch/de/,info@7x7.ch ; info@yourmile.ch,info@7x7.ch ; info@yourmile.ch,,1,ok,200
1819,9453932,ncstudycenter.org,https://www.ncstudycenter.org/,alison@ncstudycenter.org ; info@ncstudycenter.org ; madison@ncstudycenter.org,alison@ncstudycenter.org ; info@ncstudycenter.org ; madison@ncstudycenter.org,https://ncstudycenter.typeform.com/to/KdsXtzWl ; https://ncstudycenter.typeform.com/to/MMx4AkUd,2,ok,200
1823,9474950,uniformforme.com,https://uniformforme.com/,info@uniformforme.com,info@uniformforme.com,,2,unavailable,200
1810,9419254,ot-huesing.de,https://ot-huesing.de/,gdpr@typeform.com ; info@ot-huesing.de ; support@trustindex.io,,,2,ok,200
1827,9502687,withinhealth.com,https://withinhealth.com/,media@withinhealth.com ; slick-carousel@1.8.1,media@withinhealth.com,https://embed.typeform.com/,2,ok,200
1812,9421547,almalasers.it,https://www.almalasers.it/,assistenza@almalasers.it ; info@almalasers.it ; service@almalasers.it,assistenza@almalasers.it ; info@almalasers.it ; service@almalasers.it,https://fo9aytrzjfy.typeform.com/,0,ok,200
1828,9507915,canyonhills.com,https://canyonhills.com/,hello@canyonhills.com ; ministry_designs@events.frontend,hello@canyonhills.com,,2,ok,200
1837,9544826,wilsonarkansas.com,https://www.wilsonarkansas.com/,info@wilsonarkansas.com ; jeff.kmiec@wilsonarkansas.com ; wilson_logo-footer@1x.png,jeff.kmiec@wilsonarkansas.com,https://embed.typeform.com/,1,ok,200
1840,9553491,colegioalcala.es,https://colegioalcala.es/,info@colegioalcala.es ; info@elegon.es,,https://smfrean.typeform.com/ ; https://smfrean.typeform.com/to/G8HfZdcs ; https://smfrean.typeform.com/to/J059CSA3 ; https://smfrean.typeform.com/to/R57wx34W,0,unavailable,200
1833,9529868,imbusion.tumblr.com,https://imbusion.tumblr.com/,1@2x.png,,https://imbusion2016.typeform.com/to/KCnMCN,1,ok,200
1829,9508438,dega-development.ru,https://dega-development.ru/,info@dega-ag.com ; info@dega-ag.ru ; zhadobina@parknoginsk.ru,info@dega-ag.com ; info@dega-ag.ru ; zhadobina@parknoginsk.ru,,2,ok,200
1817,9446495,paxster.no,https://paxster.no/,aleksander.holmen@paxster.no ; aleksander.safvenbom@paxster.no ; arnstein.klevmoen@paxster.no ; cathrine.lund@paxster.no ; claes.eliasson@paxster.no ; hilde.torskenes@paxster.no ; invoice@paxster.no ; marianne.rande@paxster.no ; reservedeler@paxster.no ; sales@paxster.no ; service@paxster.no ; sverre.ingebrigtsen@paxster.no ; thor.johansen@paxster.no ; warranty@paxster.no,aleksander.holmen@paxster.no ; aleksander.safvenbom@paxster.no ; arnstein.klevmoen@paxster.no ; cathrine.lund@paxster.no ; claes.eliasson@paxster.no ; hilde.torskenes@paxster.no ; invoice@paxster.no ; marianne.rande@paxster.no ; reservedeler@paxster.no ; sales@paxster.no ; service@paxster.no ; sverre.ingebrigtsen@paxster.no ; thor.johansen@paxster.no ; warranty@paxster.no,https://up6zpna624n.typeform.com/to/HAlYfuC9 ; https://up6zpna624n.typeform.com/to/lP59QAdb,2,ok,200
1842,9555797,smilebeautifuldental.com,https://smilebeautifuldental.com/,etherapy@2x.png ; pcare@2x.png,,,2,ok,200
1846,9586226,japet.eu,https://www.japet.eu/,sophie@sophieartonneconsulting.com,sophie@sophieartonneconsulting.com,https://form.typeform.com/to/bHIEZm8g,1,ok,200
1835,9535184,30u30.de,https://30u30.de/,nico@30u30.de,nico@30u30.de,https://kunkel.typeform.com/to/ULVQbn,2,ok,200
1847,9588794,pinklightstudio.com,https://www.pinklightstudio.com/,design@pinklightstudio.com ; happyartsubmits@pinklightstudio.com,design@pinklightstudio.com ; happyartsubmits@pinklightstudio.com,,2,ok,200
1853,9639619,unitedsleepapnea.com,https://unitedsleepapnea.com/,info@unitedsleepapnea.com,info@unitedsleepapnea.com,https://images.typeform.com/,2,ok,200
1852,9632093,1111mag.com,https://1111mag.com/,flags@2x.png,,,1,ok,200
1851,9630028,eei.it,https://www.eei.it/,sales@eei.it ; service@eei.it ; staff@eei.it,sales@eei.it ; service@eei.it ; staff@eei.it,https://embed.typeform.com/,0,ok,200
1850,9622550,c4.dk,https://c4.dk/,info@c4.dk,info@c4.dk,,1,ok,200
1856,9650265,pixelonly.com,https://pixelonly.com/,contact@pixelonly.com,contact@pixelonly.com,https://form.typeform.com/to/mL8zCm3v,0,ok,200
1849,9613199,goremotorshonda.com,https://goremotorshonda.com/,email@domain.com,,https://kreative2.typeform.com/to/rB2fwpOQ,2,ok,200
1864,9707307,dart.art,https://dart.art/,partnerships@dartdis.co,partnerships@dartdis.co,https://dartdiscover.typeform.com/to/IIY5Z4,0,ok,200
1866,9723533,injoy-koenigsbrunn.de,https://injoy-koenigsbrunn.de/,info@injoy-koenigsbrunn.de ; info@vital-de.oms-suite.de,,,0,ok,200
1862,9702345,affiniteam.fr,https://affiniteam.fr/,hello@affiniteam.fr,hello@affiniteam.fr,https://affiniteam.typeform.com/to/jAnZmI,2,ok,200
1867,9726746,sueciacarinterlomas.com,https://sueciacarinterlomas.com/,nombre@dominio.com,,,0,ok,200
1860,9686236,semperfiheatingcooling.com,https://www.semperfiheatingcooling.com/,customercare@www.semperfiheatingcooling.com,,https://upfrog.typeform.com/,2,ok,200
1874,9765625,appsidious.com,https://appsidious.com/,73eabe83d99c47ea915cc47a1aecf2ce@sentry.io ; john.appleseed@company.com,,https://embed.typeform.com/ ; https://form.typeform.com/to/NFEHjHJE ; https://form.typeform.com/to/fWYwWmD8 ; https://form.typeform.com/to/fjmSmXns,1,ok,200
1870,9747476,nceptionsolutions.com,https://nceptionsolutions.com/,contact@nceptionsolutions.com,,https://form.typeform.com/to/ZlhRIQ,1,ok,200
1871,9752758,hrheatingandcooling.com.au,https://hrheatingandcooling.com.au/,info@hrheatingandcooling.com.au,info@hrheatingandcooling.com.au,https://form.typeform.com/to/wsFTT2sG,2,ok,200
1877,9778342,netcito.com,https://netcito.com/,info@netcito.com ; slick@1.8.1,info@netcito.com,https://netcito1.typeform.com/,2,ok,200
1878,9778871,sussexoakstructures.co.uk,https://sussexoakstructures.co.uk/,info@sussexoakstructures.co.uk ; john@doe.com,info@sussexoakstructures.co.uk,,2,ok,200
1844,9579457,kiwik.com,https://www.kiwik.com/,chosen-sprite@2x.png,,https://embed.typeform.com/,2,ok,200
1876,9775459,flykea.com,https://www.flykea.com/,reservations@flykea.com ; you@company.com,reservations@flykea.com,,2,ok,200
1880,9783108,cycle.ie,https://www.cycle.ie/,colm.cassidy@cycle.ie ; info@cycle.ie ; marian.geraghty@cycle.ie ; paul.lynch@cycle.ie,colm.cassidy@cycle.ie ; marian.geraghty@cycle.ie ; paul.lynch@cycle.ie,https://lifecycle.typeform.com/to/hUTkNV,2,ok,200
1886,9858483,bigstarkaraoke.ca,https://www.bigstarkaraoke.ca/,bigstarkaraokeca@gmail.com,bigstarkaraokeca@gmail.com,,1,ok,200
1885,9845333,aprophysio.de,https://aprophysio.de/,kontakt@aprophysio.de,kontakt@aprophysio.de,https://4dgcm03vter.typeform.com/to/MrJY0cY7 ; https://4dgcm03vter.typeform.com/to/tppXVNL5,1,ok,200
1857,9652360,neatservices.co.uk,https://www.neatservices.co.uk/,office@neatservices.co.uk,office@neatservices.co.uk,https://neatservices.typeform.com/to/RokcH8,1,ok,200
1710,8872115,lemonlion.sk,https://www.lemonlion.sk/sk/,aktivfit-logo@2x-300x192.png ; aktivfit-logo@2x.png ; all4car-logo@2x-300x192.png ; all4car-logo@2x.png ; almicha-logo@2x-300x192.png ; almicha-logo@2x.png ; bestdrive-logo@2x-300x192.png ; bestdrive-logo@2x.png ; chirdia-logo@2x-300x192.png ; chirdia-logo@2x.png ; continental-logo@2x-300x192.png ; continental-logo@2x.png ; cralif-logo@2x-300x192.png ; cralif-logo@2x.png ; drevopal-logo@2x-300x192.png ; drevopal-logo@2x.png ; enseco-logo@2x-300x192.png ; enseco-logo@2x.png ; gas-logo@2x-300x192.png ; gas-logo@2x.png ; gimax-group-logo@2x-300x192.png ; gimax-group-logo@2x.png ; imc-slovakia-logo@2x-300x192.png ; imc-slovakia-logo@2x.png ; instalem-logo@2x-300x191.png ; instalem-logo@2x.png ; lemonlion@lemonlion.sk ; md-max_demag-logo@2x-300x192.png ; md-max_demag-logo@2x.png ; medicos-logo@2x-300x192.png ; medicos-logo@2x.png ; mesto-puchov-logo@2x-300x191.png ; mesto-puchov-logo@2x.png ; nebbia-logo@2x-300x192.png ; nebbia-logo@2x.png ; obec-ladce-logo@2x-300x191.png ; obec-ladce-logo@2x.png ; pmb-logo@2x-300x192.png ; pmb-logo@2x.png ; proplusco-logo@2x-300x192.png ; proplusco-logo@2x.png ; sisi-puchov-logo@2x-300x191.png ; sisi-puchov-logo@2x.png ; sparkex-logo@2x-300x192.png ; sparkex-logo@2x.png ; stiebel-eltron-logo@2x-300x192.png ; stiebel-eltron-logo@2x.png,lemonlion@lemonlion.sk,https://nitramko.typeform.com/,2,ok,200
1893,9896978,maplecanyonfamilydental.com,https://maplecanyonfamilydental.com/,smile@s9hxys3flv.wpdns.site,,https://elevatepractices.typeform.com/to/ZPilOf,0,ok,200
1894,9898304,seanmclellan.com,https://seanmclellan.com/,flags@2x.png,,https://seanmclellan.typeform.com/to/kO99XvE4,0,ok,200
1901,9940032,facturoo.com,https://www.facturoo.com/,aochoa@coresolucion.com ; hola@facturoo.com ; u003ehola@facturoo.com,aochoa@coresolucion.com ; hola@facturoo.com,,1,ok,200
1887,9866340,stavebnistojky.cz,https://www.stavebnistojky.cz/,info@stavebnistojky.cz,info@stavebnistojky.cz,,0,ok,200
1891,9889361,abelni.com,https://abelni.com/,expertes@abelni.com,,,1,ok,200
1905,9950632,utahgaragedoors.net,https://utahgaragedoors.net/,marketing@aplusdoor.com ; service@utahgaragedoors.net,service@utahgaragedoors.net,,2,ok,200
1906,9954577,generationdistinct.com,https://www.generationdistinct.com/,generationdistinct@gmail.com,generationdistinct@gmail.com,https://hannah738137.typeform.com/to/ZD45bNze,1,ok,200
1872,9753249,greeninstitute.org.au,https://www.greeninstitute.org.au/,bootstrap@5.3.8,,https://form.typeform.com/to/mQ2NzcUK,2,unavailable,200
1907,9956575,yakago.voyage,https://www.yakago.voyage/,logo-yakago@2x.png,,https://embed.typeform.com/ ; https://siiimple.typeform.com/to/XNPM4G,0,ok,200
1904,9945468,ochsneracademy.ch,https://www.ochsneracademy.ch/,academy@ochsnerhockey.ch,academy@ochsnerhockey.ch,,2,ok,200
1836,9535383,proyectounion.org,https://www.proyectounion.org/,fundacion@proyectounion.org,fundacion@proyectounion.org,https://embed.typeform.com/ ; https://proyectounin.typeform.com/to/veeFmC,0,ok,200
1915,10012611,shawneeharkins.com,https://shawneeharkins.com/,filler@godaddy.com ; info@ndiscovered.com ; shawnee@shawneeharkins.com,shawnee@shawneeharkins.com,https://form.typeform.com/to/mL6Qr0RO,2,ok,200
1903,9944712,lam-plast.cz,https://www.lam-plast.cz/,lam-plast@lam-plast.cz ; obchod@lam-plast.cz,lam-plast@lam-plast.cz,,1,ok,200
1922,10047197,gva-conseils.ch,https://gva-conseils.ch/,info@gva-conseils.ch ; leroux@qodeinteractive.com,info@gva-conseils.ch ; leroux@qodeinteractive.com,https://gva-conseils.typeform.com/,1,ok,200
1898,9929379,holdun.com,https://www.holdun.com/,info@holdun.com,info@holdun.com,https://form.typeform.com/to/tXdU3kA2,2,ok,200
1920,10027737,allo-argenteuil-radio-taxi.com,https://www.allo-argenteuil-radio-taxi.com/,taxiargenteuil@hotmail.fr,,,1,ok,200
1927,10065022,chronos-wohnen.at,https://chronos-wohnen.at/,office@chronos-wohnen.at,office@chronos-wohnen.at,,1,unavailable,200
1883,9809414,florida-invest.com,https://florida-invest.com/,contact@florida-invest.com,contact@florida-invest.com,https://fi-group.typeform.com/to/JsDu35,1,ok,200
1917,10021838,therockca.com,https://www.therockca.com/,connect@therockca.com,,,2,ok,200
1918,10023373,vinceroddesigns.com,https://vinceroddesigns.com/,bootstrap@5.3.2,,,1,ok,200
1913,9997514,batirbio.org,https://www.batirbio.org/,contact@batirbio.fr,contact@batirbio.fr,https://embed.typeform.com/ ; https://swapcard.typeform.com/to/SZAFai,1,ok,200
1912,9981557,thefallsbanquet.com,https://thefallsbanquet.com/,contact@thefallsbanquet.com ; tc@eventroostr.com,contact@thefallsbanquet.com ; tc@eventroostr.com,https://form.typeform.com/to/N4cUaF,2,ok,200
1926,10058951,psychsymposium.com,https://www.psychsymposium.com/,info@prohibitionpartners.com,info@prohibitionpartners.com,https://form.typeform.com/to/iHm9P0er ; https://form.typeform.com/to/s5mA2FRc,2,ok,200
1930,10081209,afunctionaldemocracy.com,https://www.afunctionaldemocracy.com/,info@afunctionaldemocracy.com,info@afunctionaldemocracy.com,https://amystansbury.typeform.com/to/dQ7M39,1,ok,200
1933,10088293,nausuoft.wordpress.com,https://nausuoft.wordpress.com/,naus.utoronto@gmail.com,naus.utoronto@gmail.com,https://gracelilz.typeform.com/to/B81eEo ; https://gracelilz.typeform.com/to/edUGKq,2,ok,200
1939,10114927,frost-media.com,https://frost-media.com/,info@frost-media.com,info@frost-media.com,https://62dl72dzuyi.typeform.com/to/RRio78GB,0,ok,200
1934,10097763,designpolitie.nl,https://designpolitie.nl/,info@designpolitie.nl,info@designpolitie.nl,,2,ok,200
1941,10118022,printhouselofts.com,https://printhouselofts.com/,phl@compass.com,phl@compass.com,https://boldnewyork.typeform.com/to/C8AErV ; https://embed.typeform.com/,0,ok,200
1940,10117413,billingsmiddleschool.org,https://billingsmiddleschool.org/,info@billingsmiddleschool.org,info@billingsmiddleschool.org,https://qtujtwm25ro.typeform.com/to/GtT7cHLx,2,ok,200
1944,10128217,strivelife.ca,https://www.strivelife.ca/,info@strivelife.ca,,http://form.typeform.com/ ; http://renderer-assets.typeform.com/,1,ok,200
1936,10101518,conexsol.com,https://conexsol.com/,mesa-de-trabajo-30@72x-8-e1746469280669-300x65.avif ; mesa-de-trabajo-30@72x-8-e1746469280669.avif ; mesa-de-trabajo-9@72x-8-100x100.avif ; mesa-de-trabajo-9@72x-8-140x140.avif ; mesa-de-trabajo-9@72x-8-150x150.avif ; mesa-de-trabajo-9@72x-8-300x300.avif ; mesa-de-trabajo-9@72x-8-350x350.avif ; mesa-de-trabajo-9@72x-8-500x500.avif ; mesa-de-trabajo-9@72x-8-650x650.avif ; mesa-de-trabajo-9@72x-8-768x768.avif ; mesa-de-trabajo-9@72x-8-800x800.avif ; mesa-de-trabajo-9@72x-8.avif,,https://embed.typeform.com/ ; https://zmwhphccgbq.typeform.com/to/WRcGDxOZ,2,unavailable,200
1921,10046879,pycon.com.au,https://pycon.com.au/,lifestyle-profiler@1000x-300x212.png ; lifestyle-profiler@1000x-600x425.png ; lifestyle-profiler@1000x-768x544.png ; lifestyle-profiler@1000x.png,,https://pycon.typeform.com/,2,ok,200
1942,10126211,fortpikecommons.com,https://www.fortpikecommons.com/,yourhome@fortpikecommons.com,,https://embed.typeform.com/ ; https://resident360.typeform.com/to/ZVbowN,1,ok,200
1948,10135745,rangerdental.com,https://www.rangerdental.com/,ranger@dfwtxdentalgroup.com,,https://dentalforms.typeform.com/to/S1xNUamG,0,ok,200
1950,10136694,jessygrossi.com,https://jessygrossi.com/,jessy@okgrowth.xyz,,https://jessy3.typeform.com/to/BRSvqy,0,ok,200
1956,10164084,gorillasafarilodge.com,https://gorillasafarilodge.com/,reservations@crystallodgesuganda.com,reservations@crystallodgesuganda.com,https://crystallodgesuganda.typeform.com/to/j6NLpzEw ; https://crystallodgesuganda.typeform.com/to/nZEX3Muz,1,ok,200
1957,10169673,opulencegroups.com,https://opulencegroups.com/,info@opulencegroups.com,,https://q1xbpd7u0p4.typeform.com/to/A6nf5i7i,2,ok,200
1945,10129934,mangomunchkins.com,https://www.mangomunchkins.com/,info@mangostudios.com,info@mangostudios.com,https://mangostudios.typeform.com/to/pLO06y,2,ok,200
1949,10136619,red-apple.pt,https://red-apple.pt/,info@red-apple.pt,info@red-apple.pt,,2,ok,200
1962,10180327,enfusionize.com,https://enfusionize.com/,alexrivera@mail.com ; james@peaklabs.com ; mariatores@mail.com ; sarahkim@mail.com ; support@enfusionize.ai ; support@enfusionize.com ; you@company.com,support@enfusionize.com,,2,ok,200
1952,10141704,thedirtygym.com,https://www.thedirtygym.com/,hq@thedirtygym.com,hq@thedirtygym.com,https://form.typeform.com/to/poVH3cYy,2,ok,200
1963,10182899,rezolve.com.br,https://rezolve.com.br/index.html,contato@rezolve.com.br,contato@rezolve.com.br,https://embed.typeform.com/ ; https://rezolve.typeform.com/to/eDdaZv,0,ok,200
1954,10149795,textildruck-europa.de,https://www.textildruck-europa.de/,info@textildruck-europa.de,info@textildruck-europa.de,,1,ok,200
1970,10226789,knowledgette.com,https://knowledgette.com/,8149a85a83fa4ec69640c43ddd69017d@sentry.io ; shipeng.fu@knowledgette.com,shipeng.fu@knowledgette.com,https://embed.typeform.com/ ; https://knowledgette.typeform.com/to/Ixk89D ; https://knowledgette.typeform.com/to/LF3TuI ; https://knowledgette.typeform.com/to/gy7fxw,2,ok,200
1971,10236585,vincentpedraza.fr,https://vincentpedraza.fr/,contact@vincentpedraza.fr,contact@vincentpedraza.fr,https://vincentpedraza.typeform.com/to/IoZXjyFg,1,ok,200
1955,10160190,activateherawesome.com,https://activateherawesome.com/,activate-her-awesome-with-krista-smith-mark-2@2x-150x150.png ; activate-her-awesome-with-krista-smith-mark-2@2x-300x300.png ; activate-her-awesome-with-krista-smith-mark-2@2x-768x768.png ; activate-her-awesome-with-krista-smith-mark-2@2x.png ; artboard-1-copy-2@3x-1024x401.png ; artboard-1-copy-2@3x-1536x602.png ; artboard-1-copy-2@3x-2048x802.png ; artboard-1-copy-2@3x-300x118.png ; artboard-1-copy-2@3x-768x301.png ; artboard-1-copy@3x-1024x401.png ; artboard-1-copy@3x-1536x602.png ; artboard-1-copy@3x-2048x802.png ; artboard-1-copy@3x-300x118.png ; artboard-1-copy@3x-768x301.png ; artboard-1@3x-1024x401.png ; artboard-1@3x-1536x602.png ; artboard-1@3x-2048x802.png ; artboard-1@3x-300x118.png ; artboard-1@3x-768x301.png ; color-4-brand-stacked@3x.png ; j.-gauker-full-logo-navy-@3x.png ; marie-tower-nutrition-main-logo@2x-copy.png ; think-breakthrough@4x.png ; yis@2x.png,,https://activateherawesome.typeform.com/to/Q4niBbl5,1,unavailable,200
1977,10246122,torokitchenandbar.com,https://www.torokitchenandbar.com/,hello@gustogroupusa.com ; hello@torokitchenandbar.com,hello@gustogroupusa.com ; hello@torokitchenandbar.com,,0,ok,200
1980,10253824,verbateam.org,https://www.verbateam.org/,contact@delachpl.com ; contact@verbateam.org ; lille@verbateam.org ; toulouse@verbateam.org,contact@verbateam.org ; lille@verbateam.org ; toulouse@verbateam.org,https://uy0zeydkcgk.typeform.com/to/JZqH65U7,0,ok,200
1959,10172803,chatti.com,https://chatti.com/,hello@chatti.com ; pr@chatti.com,hello@chatti.com ; pr@chatti.com,,2,ok,200
1983,10291477,ooo-bcs.org,https://ooo-bcs.org/,info@ooo-bcs.org,info@ooo-bcs.org,https://form.typeform.com/to/XaLXZSMc,2,ok,200
1985,10299592,devorsine.com,https://www.devorsine.com/,info@devorsine.com,info@devorsine.com,https://embed.typeform.com/,2,ok,200
1976,10245282,cixsummit.com,https://cixsummit.com/,events@elevate.ca,events@elevate.ca,https://elevateca.typeform.com/,2,ok,200
1975,10243577,completecaninetucson.com,https://www.completecaninetucson.com/,bootstrap@3.4.1 ; completecaninetucson@gmail.com ; drupal-bootstrap-styles@0.0.2,,,2,ok,200
1988,10339907,findmymission.com,https://findmymission.com/,fmm-logo-website-desktop@2x.png,,https://thesend.typeform.com/,0,ok,200
1981,10266977,reponseatout.ca,https://reponseatout.ca/,loic.pelletier@bibliopresto.ca,loic.pelletier@bibliopresto.ca,https://Bibliopresto.typeform.com/to/sVaNKs,1,unavailable,200
1968,10222765,barkersmotorworks.co.uk,https://www.barkersmotorworks.co.uk/,experts@barkersmotorworks.co.uk,experts@barkersmotorworks.co.uk,,2,ok,200
1994,10365433,anycable.io,https://anycable.io/,anycable@evilmartians.com,anycable@evilmartians.com,https://form.typeform.com/to/BwBcZmdQ,0,ok,200
1998,10394373,paythunder.com,https://www.paythunder.com/,info@paythunder.com,,https://images.typeform.com/,1,unavailable,200
1999,10398914,smartly.net,https://smartly.net/,support@smartly.net,,,0,ok,200
1993,10361362,additivemet.com,https://additivemet.com/,info@additivemet.com,,https://additivemetal.typeform.com/to/wPk51V,1,ok,200
1986,10306750,osumstudio.com,https://osumstudio.com/,info@osumstudio.com ; vanilla-lazyload@17.6.1,info@osumstudio.com,https://surinderthakur.typeform.com/to/LjxEY2,1,unavailable,200
2002,10415634,heatpumpsuppliers.com,https://heatpumpsuppliers.com/,info@heatpumpsuppliers.com ; marc@heatpumpheroes.com ; sales@heatpumpsuppliers.com,info@heatpumpsuppliers.com ; marc@heatpumpheroes.com ; sales@heatpumpsuppliers.com,https://embed.typeform.com/ ; https://form.typeform.com/to/XMFHh1Rw,2,ok,200
2006,10428296,trinitylivermore.org,https://www.trinitylivermore.org/,office@trinitylivermore.org,,,0,ok,200
2004,10419326,miamihomecenters.com,https://hardware.miamihomecenters.com,ceci@miamihomecenters.com ; info@miamihomecenters.com ; joshua@miamihomecenters.com,,,0,unavailable,200
2003,10416987,bastaginginteriors.com,https://bastaginginteriors.com/,ba-life@home-magazine-hearst-publication-feb2011-230x300.webp ; ba-life@home-magazine-hearst-publication-feb2011.webp ; info@bastaginginteriors.com,,,2,ok,200
2005,10427388,websiteinoneweek.com,https://websiteinoneweek.com/cgi-sys/suspendedpage.cgi,webmaster@websiteinoneweek.com,webmaster@websiteinoneweek.com,,0,ok,200
1984,10295331,nextsclick.com,https://nextsclick.com/,jason@company.com ; sales@nextsclick.com,,https://nextsclickdigital.typeform.com/to/ixiRGC,1,ok,200
2009,10436286,chadios.com,https://chadios.com/,info@chadios.com,,,1,ok,200
2010,10437594,triggerz.com,https://www.triggerz.com/,fog@triggerz.com ; frank@triggerz.com ; lars@triggerz.net ; mikkel@triggerz.com ; u003efog@triggerz.com ; u003efrank@triggerz.com ; u003einfo@company.com ; u003emikkel@triggerz.com,fog@triggerz.com ; frank@triggerz.com,https://embed.typeform.com/ ; https://triggerz.typeform.com/to/sdawuR,2,ok,200
2001,10406940,mvptrainingstudio.com,https://mvptrainingstudio.com/,mvptrainingstudio@gmail.com,mvptrainingstudio@gmail.com,https://embed.typeform.com/,2,ok,200
2016,10461124,houseofvoga.com,https://houseofvoga.com/,bookings@houseofvoga.com ; events@houseofvoga.com ; jemma@internationalartistsmanagement.co.uk ; juju@houseofvoga.com,juju@houseofvoga.com,https://sudor.typeform.com/to/W8ppdpgB,2,ok,200
1951,10139966,taylorhospitality.com,https://taylorhospitality.com/,info@taylorhospitality.com,,https://uptopar.typeform.com/to/UtTHmLto,2,ok,200
2019,10479411,ville-gallardon.fr,https://www.ville-gallardon.fr/,5ef99fcbf182d_yves_marie-min-4904128@2x-150x150.png ; 5ef99fcbf182d_yves_marie-min-4904128@2x-230x230.png ; 5ef99fcbf182d_yves_marie-min-4904128@2x-300x300.png ; 5ef99fcbf182d_yves_marie-min-4904128@2x-400x400.png ; 5ef99fcbf182d_yves_marie-min-4904128@2x-600x600.png ; 5ef99fcbf182d_yves_marie-min-4904128@2x-640x640.png ; 5ef99fcbf182d_yves_marie-min-4904128@2x-768x768.png ; 5ef99fcbf182d_yves_marie-min-4904128@2x.png ; votremail@mail.fr,,,1,ok,200
2017,10462426,srimgt.com,https://www.srimgt.com/,communications@srimgt.com ; info@srimgt.com,info@srimgt.com,,2,ok,200
1996,10388001,eleazarfilm.com,https://eleazarfilm.com/,office@eleazarfilm.com,office@eleazarfilm.com,https://quiz.typeform.com/to/wcGcPieJ,2,ok,200
2026,10506716,autersa.ch,https://www.autersa.ch/,info@autersa.ch,info@autersa.ch,,1,ok,200
1995,10367955,totalbristol.com,https://www.totalbristol.com/,info@totalguideto.com ; rachael@totalguideto.com ; slick-carousel@1.8.1,info@totalguideto.com ; rachael@totalguideto.com,,2,unavailable,200
2033,10546647,altoadigerent.it,https://www.altoadigerent.it/,contatto@esempio.it ; info@holmer.it ; office@aarent.it,office@aarent.it,https://qjetz6y1wm5.typeform.com/to/jUqiVDWs,1,ok,200
1973,10237949,physiotherapieduesseldorf.de,https://physiotherapieduesseldorf.de/,eller@physiotherapie-team.de ; hilden@physiotherapie-team.de ; leaflet@1.9.4,eller@physiotherapie-team.de ; hilden@physiotherapie-team.de,https://cignzs7g56n.typeform.com/to/ZhUVpi0T,1,ok,200
2014,10457290,marksoons.nl,https://marksoons.nl/,hoi@marksoons.nl ; info@marksoons.nl,info@marksoons.nl,,0,ok,200
2038,10559816,teamtutors.com,https://www.teamtutors.com/,18d2f96d279149989b95faf0a4b41882@sentry-next.wixpress.com ; 2062d0a4929b45348643784b5cb39c36@sentry.wixpress.com ; 463991d7bca24f02a0baf16f9e6eda73@sentry.wixpress.com ; 5d1795a2db124a268f1e1bd88f503500@sentry.wixpress.com ; 605a7baede844d278b89dc95ae0a9123@sentry-next.wixpress.com ; 78f7996315bc402f9dcb8a2f974b82d1@sentry.wixpress.com ; 79baaa8e09c746d2b7401643b99792e0@sentry.wixpress.com ; 88170cb0c9d64f94b5821ca7fd2d55a4@sentry-next.wixpress.com ; 8c4075d5481d476e945486754f783364@sentry.io ; 9a65e97ebe8141fca0c4fd686f70996b@sentry.wixpress.com ; core-js-bundle@3.2.1 ; focus-within-polyfill@5.0.9 ; info@teamtutors.com ; intl-segmenter@11.7.10 ; lodash@4.17.23 ; react-dom@18.3.1 ; react@18.3.1 ; rspack@1.6.8,info@teamtutors.com,,2,ok,200
2045,10583302,partir.fr,https://www.partir.fr/,info@partir.fr,info@partir.fr,https://yct1nqcl9e0.typeform.com/to/SV7y4zhK,0,ok,200
2043,10575395,dmayachting.com,https://dmayachting.com/,carina@dmayachting.com ; chris@dmayachting.com ; cj@dmayachting.com ; daniel@dmayachting.com ; didier@dmayachting.com ; info@dmayachting.com ; jessica@dmayachting.com ; joanna@dmayachting.com ; john@dmayachting.com ; klara@dmayachting.com ; leo@dmayachting.com ; lian@dmayachting.com ; louis@dmayachting.com ; marcelle@dmayachting.com ; martina@dmayachting.com ; melissa@dmayachting.com ; miles@dmayachting.com ; mo@dmayachting.com ; nadja@dmayachting.com ; susannah@dmayachting.com ; thomas@dmayachting.com ; vernita@dmayachting.com ; william@dmayachting.com ; yanna.pristas@dmayachting.com,carina@dmayachting.com ; chris@dmayachting.com ; cj@dmayachting.com ; daniel@dmayachting.com ; didier@dmayachting.com ; jessica@dmayachting.com ; joanna@dmayachting.com ; john@dmayachting.com ; klara@dmayachting.com ; leo@dmayachting.com ; lian@dmayachting.com ; louis@dmayachting.com ; marcelle@dmayachting.com ; martina@dmayachting.com ; melissa@dmayachting.com ; miles@dmayachting.com ; mo@dmayachting.com ; nadja@dmayachting.com ; susannah@dmayachting.com ; thomas@dmayachting.com ; vernita@dmayachting.com ; william@dmayachting.com ; yanna.pristas@dmayachting.com,,2,ok,200
2018,10463639,securitydirect.it,https://securitydirect.it/,info@securitydirect.it ; unknown@2x.png ; yanapi-senaud-qegpetazwcy-unsplash@2x-300x107.png ; yanapi-senaud-qegpetazwcy-unsplash@2x.png,info@securitydirect.it,,0,ok,200
2035,10552639,marhack.com,https://www.marhack.com/,logo_black@2x.png,,,0,ok,200
2055,10621243,moscase.com,https://moscase.com/,distributor@moscase.com ; info@moscase.com,distributor@moscase.com ; info@moscase.com,https://balazsmoscase.typeform.com/to/cXJRYm ; https://embed.typeform.com/,0,unavailable,200
2047,10586781,bradleyclark.com,https://bradleyclark.com/,bradley@bradleyclark.com ; paige@bradleyclark.com,,https://form.typeform.com/to/Orn69qFa,2,ok,200
2064,10666793,rtsglobal.co,https://rtsglobal.co/,anapbm@gmail.com ; team@latofonts.com ; tyrone@rtsglobal.co,tyrone@rtsglobal.co,,0,ok,200
2052,10616867,inboka.es,https://inboka.es/,consulting@inboka.es ; design@inboka.es ; developing@inboka.es ; info@inboka.es ; pmanager@inboka.es,consulting@inboka.es ; design@inboka.es ; developing@inboka.es ; pmanager@inboka.es,,1,unavailable,200
2054,10621115,maires51.fr,https://maires51.fr/,association@maires51.fr,,,0,ok,200
2067,10685725,palmerheatingandcooling.com,https://www.palmerheatingandcooling.com/,rpalmer1020@gmail.com,rpalmer1020@gmail.com,,2,ok,200
2065,10672065,limetreelabs.com,https://limetreelabs.com/,hello@limetreelabs.com,hello@limetreelabs.com,https://limetreelabs.typeform.com/to/ddCbfN,2,unavailable,200
2066,10673092,alpershardware.com,https://alpershardware.com/,alperscs@gmail.com ; alpershardware@gmail.com,,,1,ok,200
2034,10552068,koppenburg.de,https://koppenburg.de/,info@koppenburg.de,,https://form.typeform.com/to/ltuHAqSD,1,ok,200
2074,10732532,novataxi.ch,https://www.novataxi.ch/,hallo@novataxi.ch ; zentrale@novataxi.ch,hallo@novataxi.ch ; zentrale@novataxi.ch,,1,ok,200
2073,10714587,helicon.immobilien,https://www.helicon.immobilien/,office@helicon.immobilien,office@helicon.immobilien,,1,ok,200
2056,10624381,gotravi.com,https://www.gotravi.com/,gotravi@gotravi.com ; gotravi@gotravi.comcall ; gotravitrips@gmail.com ; gotravitrips@gmail.comcall,gotravi@gotravi.com ; gotravitrips@gmail.com,https://gotravi.typeform.com/to/JGBbfh,1,ok,200
2079,10752446,boostmyschool.com,https://www.boostmyschool.com/,boosters-tooltip@1.1.0 ; community@boostmyschool.com ; fb0e2653bf1f40509b9a5c48fbb1ae52@sentry.io ; hello@boostmyschool.com ; krainocka@catlin.edu ; pollardm@catlin.edu ; sales@boostmyschool.com ; support@boostmyschool.com,,https://boostmyschool.typeform.com/to/AqYB0fCt ; https://boostmyschool.typeform.com/to/eGXZusYn,2,ok,200
2081,10754652,vitisoft.fr,https://vitisoft.fr/Site/index.php,contact@solumatic.fr,contact@solumatic.fr,https://vitisoft.typeform.com/,2,ok,200
2075,10733932,gallosmarmol.com.pe,https://gallosmarmol.com.pe/,ajax-loader@2x.gif ; info@gallosmarmol.com.pe,info@gallosmarmol.com.pe,,1,ok,200
2085,10761237,partnerexec.com,https://partnerexec.com/,coaching-section@2x.png ; cropped-favicon@2x-180x180.png ; cropped-favicon@2x-192x192.png ; cropped-favicon@2x-270x270.png ; cropped-favicon@2x-32x32.png ; favicon@2x.png ; locomotive-scroll@3.5.4 ; locomotive-scroll@4.1.3 ; maya@2x.png ; nihar-profile@2x.png ; threshold-socialcard@2x.png ; tom@2x.png,,,1,ok,200
2076,10735080,ajmauritzen.com,https://ajmauritzen.com/,info.admin@ajmauritzen.com ; info.admin@ajmauritzen.commanager ; info@ajmauritzen.com ; manager@ajmauritzen.com,,https://mlzshhdc15f.typeform.com/to/OLkuVMjc,2,ok,200
2086,10764354,levelconnections.com,https://levelconnections.com/,contact@levelconnections.com,contact@levelconnections.com,https://embed.typeform.com/ ; https://level.typeform.com/to/yt9udc,1,ok,200
2082,10755762,techfire.co,https://www.techfire.co/,david@techfire.co ; hello@techfire.co,david@techfire.co ; hello@techfire.co,https://techfire.typeform.com/to/goMf06 ; https://techfire.typeform.com/to/m76y7b,2,ok,200
2090,10772959,hotelparcodeiprincipi.it,https://www.hotelparcodeiprincipi.it/,info@hotelparcodeiprincipi.it ; jquery.marquee@1.5.0 ; staff@astrelia.it,info@hotelparcodeiprincipi.it,,0,ok,200
2063,10662359,braintree.co.za,https://braintree.co.za/,enquiries@braintree.co.za ; jane@company.co.za,enquiries@braintree.co.za,,2,ok,200
2029,10521487,ivefa.com,https://ivefa.com/,castellon@ivefa.com ; ivefa@ivefa.com,,https://form.typeform.com/to/Ri79K98n,1,ok,200
2062,10661207,dundasdentalcare.com,https://dundasdentalcare.com/,info@dundasdentalcare.com,info@dundasdentalcare.com,https://embed.typeform.com/ ; https://revupgroup.typeform.com/to/rd1p68,2,ok,200
2078,10735868,first10.co.uk,https://www.first10.co.uk/,ames@first10.co.uk ; james@first10.co.uk ; thomasdigitalpublishing@gmail.com,james@first10.co.uk ; thomasdigitalpublishing@gmail.com,https://4rn8r2atjo2.typeform.com/to/itEdP4gU,2,ok,200
2089,10772915,emergenow.io,https://emergenow.io/,hello@emerge.io,hello@emerge.io,https://images.typeform.com/,1,unavailable,200
2096,10823494,terrassendach-profi.de,https://terrassendach-profi.de/,anfrage@terrassendach-profi.de ; info@kielgast.de,anfrage@terrassendach-profi.de,,0,ok,200
2095,10817708,canineperspectivechicago.com,https://canineperspectivechicago.com/,flags@2x.png ; info@canineperspective.com ; u002f@41.8842507 ; u002f@41.921417 ; your@email.com,,https://canineperspectiveinc.typeform.com/to/Y7O3HYzY,1,ok,200
2104,10882583,vem.it,https://vem.it/,vem@vem.it ; vemspa@registerpec.it,vem@vem.it ; vemspa@registerpec.it,,1,ok,200
2094,10803850,beanidea.com,https://www.beanidea.com/,hello@beanidea.com,hello@beanidea.com,https://embed.typeform.com/,2,ok,200
2077,10735256,pressar.pt,https://pressar.pt/,pressar@pressar.pt,pressar@pressar.pt,,1,ok,200
2107,10908464,juanplays.com,https://juanplays.com/,cabecera@2x.jpg ; info@juanplays.com,info@juanplays.com,https://embed.typeform.com/ ; https://form.typeform.com/to/YHS8oI ; https://juanplays.typeform.com/to/usbmjVRX,2,ok,200
2108,10922228,helprs.com,https://helprs.com/,accounts@helprs.com ; info@helprs.com ; you@example.com,accounts@helprs.com ; info@helprs.com,,2,ok,200
2097,10824623,kialatok.fr,https://www.kialatok.fr/,lespetitesmains@kialatok.fr,lespetitesmains@kialatok.fr,https://embed.typeform.com/ ; https://kialatok.typeform.com/to/a7XSfe ; https://kialatok.typeform.com/to/jwCGYj ; https://kialatok.typeform.com/to/z6xviN,1,ok,200
2116,10952731,softconcis.de,https://softconcis.de/,info@softconcis.de,info@softconcis.de,,1,unavailable,200
2113,10946404,belmandental.com,https://belmandental.com/,info@belmandental.com,,,0,ok,200
2106,10895777,allgoodwork.org,https://allgoodwork.org/,sticky-agw-logo@2x.png ; sticky-agw-white-logo@2x.png,,https://admin.typeform.com/ ; https://allgoodwork.typeform.com/to/TZiOqQ ; https://allgoodwork.typeform.com/to/mBwnZr ; https://embed.typeform.com/,2,ok,200
2119,10960409,datack.fr,https://datack.fr/,bootstrap@5.3.3,,,0,ok,200
2122,10971061,verla.fi,https://verla.fi/,museum.verla@upm.com,museum.verla@upm.com,https://embed.typeform.com/ ; https://johku.typeform.com/to/WDL7C5,0,ok,200
2099,10847197,pandevida.org.ec,https://pandevida.org.ec/,info@pandevida.org.ec,info@pandevida.org.ec,https://pandevida.typeform.com/to/Hh9KRBFU ; https://pandevida.typeform.com/to/zwowfDqD,2,ok,200
2118,10958645,fjolmidlanefnd.is,https://fjolmidlanefnd.is/,favicon@2x.png ; postur@fjolmidlanefnd.is,,,1,ok,200
2127,11020663,hubertusporschen.com,https://hubertusporschen.com/,info@hubertusporschen.com,,,2,ok,200
2125,10994704,cheval-blanc.dk,https://cheval-blanc.dk/,info@cheval-blanc.dk ; vanilla-lazyload@17.8.2,info@cheval-blanc.dk,https://8qqzhc2w6pj.typeform.com/to/DFAs0s2T ; https://8qqzhc2w6pj.typeform.com/to/NalxIBLB ; https://8qqzhc2w6pj.typeform.com/to/PFKnLXof ; https://8qqzhc2w6pj.typeform.com/to/ZUYkVo2M ; https://8qqzhc2w6pj.typeform.com/to/jfNh6Tf6 ; https://8qqzhc2w6pj.typeform.com/to/uwJJyajR,1,ok,200
2101,10856162,pixelbird.com.au,https://www.pixelbird.com.au/,support@pixelbird.com.au,,,2,ok,200
2129,11025967,bodybysandy.com,https://www.bodybysandy.com/,sandy@bodybysandy.com,sandy@bodybysandy.com,https://form.typeform.com/to/fT6hJj3u,0,ok,200
2103,10874701,dolbek.cl,https://dolbek.cl/,contacto@dolbek.cl ; sac@dolbek.cl,sac@dolbek.cl,https://1gf3bbwngi1.typeform.com/,0,ok,200
2134,11056615,helsedesign.no,https://helsedesign.no/,post@helsedesign.no,post@helsedesign.no,https://embed.typeform.com/,0,ok,200
2135,11069688,tuddal.no,https://tuddal.no/,gurholt@tuddal.no,gurholt@tuddal.no,,0,ok,200
2121,10966980,v74.dk,https://v74.dk/,hello@v74.dk,hello@v74.dk,https://j0nacx9yfcw.pro.typeform.com/ ; https://j0nacx9yfcw.typeform.com/,0,ok,200
2126,11003091,speakoutafrica.org,https://speakoutafrica.org/,email@speakoutafrica.org,,https://form.typeform.com/to/qKKWfnLL,2,ok,200
2080,10752887,we-love-craft.beer,https://www.we-love-craft.beer/,craft-beer@bold-themes.com ; hey@we-love-craft.beer,craft-beer@bold-themes.com,,2,ok,200
2139,11091799,grosoeuvre-stark.com,https://grosoeuvre-stark.com/,alex@grosoeuvre-stark.com ; lenis@1.2.3,alex@grosoeuvre-stark.com,,2,ok,200
2136,11069905,pamc.org.sg,https://www.pamc.org.sg/,admin@pamc.org.sg ; pamc.dhammabook@gmail.com ; u003eadmin@pamc.org.sg ; u003einfo@company.com ; u003epamc.dhammabook@gmail.com,admin@pamc.org.sg,,2,ok,200
2144,11118221,cupn.mx,https://cupn.mx/,info@cupn.mx ; pagos.enlinea@cupn.mx,info@cupn.mx,https://embed.typeform.com/ ; https://form.typeform.com/to/mgQA6mBE,2,unavailable,200
2152,11151850,attitudemarketing.ca,https://attitudemarketing.ca/,info@attitudemarketing.ca,info@attitudemarketing.ca,https://cs1cpfqtyoj.typeform.com/to/Q74rAdWN,0,ok,200
2156,11166952,empac.pl,https://empac.pl/,info@empac.pl ; kadry@empac.pl,kadry@empac.pl,,0,ok,200
2143,11101116,monterosycazadores.com,https://monterosycazadores.com/,fernando@monterosycazadores.com ; info@monterosycazadores.com ; lgmycb@3x.png,fernando@monterosycazadores.com,https://huntyiberica.typeform.com/to/Wpf3TsOo ; https://huntyiberica.typeform.com/to/wp6fIrz5,1,ok,200
2154,11158232,simplybeagency.com,https://simplybeagency.com/,homepage-banner-placeholder@2x-scaled.jpg ; icon-bebold@2x.png ; icon-bekind@2x.png ; icon-berelevant-active@2x.png ; icon-beservice@2x.png ; icon-betrue@2x.png ; img-simplybe-about-chicago@2x.jpg ; img-simplybe-about-nashville@2x.jpg ; img-simplybe-about-reunion@2x-1024x872.jpg ; img-simplybe-about-reunion@2x-300x256.jpg ; img-simplybe-about-reunion@2x-768x654.jpg ; img-simplybe-about-reunion@2x.jpg ; img-simplybe-about-sectionbg@3x-scaled.jpg ; img-simplybe-about-valuessectionbg@3x-scaled.jpg ; img-simplybe-about-wbenc@2x.png ; img-simplybe-about-wbencsect@2x-1024x847.jpg ; img-simplybe-about-wbencsect@2x-300x248.jpg ; img-simplybe-about-wbencsect@2x-768x636.jpg ; img-simplybe-about-wbencsect@2x.jpg ; img-simplybe-capabilites-entrepreneurbg@2x-scaled.jpg ; img-simplybe-home-createimpactbg@2x-scaled.jpg ; img-simplybe-home-everythingisbrandbg@2x-scaled.jpg ; img-simplybe-home-witronixcase@2x-1024x670.png ; img-simplybe-home-witronixcase@2x-300x196.png ; img-simplybe-home-witronixcase@2x-768x503.png ; img-simplybe-home-witronixcase@2x.png ; img-simplybe-logo-morningstar@2x.png ; img-simplybe-logo-witronix@2x.png,,,2,ok,200
2157,11169795,dobrateta.si,https://dobrateta.si/,info@dobrateta.si,info@dobrateta.si,,0,ok,200
2111,10940359,ywmconvention.com,https://www.ywmconvention.com/,allison.grupski@weightwatchers.com ; ania.jastreboff@yale.edu ; cassiestoryrd@obesityaction.org ; chris@potomaccurrents.com ; cmtewksbury@gmail.com ; convention@obesityaction.org ; customersupport@vfairs.com ; drrachelnyc@gmail.com ; elizabeth.m.m.paul@outlook.com ; gtoto+1@obesityaction.org ; gudzune@jhu.edu ; jfivecoat@obesityaction.org ; jnadglowski+1@obesityaction.org ; jzervios@obesityaction.org ; kstephens@obesityaction.org ; lisa+1@obesityaction.org ; massiemurray@outlook.com ; mike.albert25@gmail.com ; mike.on.a.mission2@gmail.com ; mtedder@obesityaction.org ; nwilliams@obesityaction.org ; piper@storieschangepower.org ; popper.js@1.16.1 ; rpashbyphd@gmail.com ; rrogers-ext@wondrhealth.com ; sbramblette@obesityaction.org ; shellyvicari@gmail.com ; tech@vfairs.com ; tedkyle@obesityaction.org ; tzvenyach+1@obesityaction.org ; wpruim@obesityaction.org,convention@obesityaction.org ; customersupport@vfairs.com,,2,ok,200
2161,11190447,zuegellos.net,https://zuegellos.net/,hallo@speireckhuette.at,,,0,unavailable,200
2159,11172426,ronsegur.pt,https://ronsegur.pt/,geral@ronsegur.pt ; informaticar.resende@gmail.com,geral@ronsegur.pt ; informaticar.resende@gmail.com,,0,ok,200
2147,11126776,fitoutdubai.ae,https://fitoutdubai.ae/,info@teamfitout.ae ; john@doe.com,,https://wu736iiaimw.typeform.com/to/VAQfVnP7,2,ok,200
2162,11192263,go-europe.eu,https://www.go-europe.eu,contact@go-europe.eu ; cw@go-europe.eu,contact@go-europe.eu ; cw@go-europe.eu,,2,ok,200
2155,11164523,k12innovationforum.com,https://k12innovationforum.com/,info@rtmbusinessgroup.com,info@rtmbusinessgroup.com,,2,ok,200
2165,11207159,tuitiongenius.com,https://tuitiongenius.com/,eugene@tuitiongenius.com,eugene@tuitiongenius.com,https://eugenetohgroup.typeform.com/,2,ok,200
2008,10436180,dankuechen-megastore.at,https://www.dankuechen-megastore.at/,office@dankuechen-megastore.at,office@dankuechen-megastore.at,,2,ok,200
2175,11237723,empyrealinfotech.com,https://www.empyrealinfotech.com/,mohit@empyrealinfotech.com,mohit@empyrealinfotech.com,,2,ok,200
2160,11185331,fundacionhelp.org,https://www.fundacionhelp.org/,hola@fundacionhelp.org,hola@fundacionhelp.org,,0,ok,200
2174,11237550,unikllib.wordpress.com,https://unikllib.wordpress.com/,19_meeting_ymy0zgi1owetnzjjzs00y2zhlwfkzjatmzezymrimtkwmwy4@thread.v2 ; 19_meeting_zjmxyta1yjmtmjy3zi00mmq0ltk5nmitmmmymjc3mwfhmjdh@thread.v2 ; 582770299@t.plcm.vc ; wwwwa.l.r.u.scv.kd@lulle.sakura.ne.jp,582770299@t.plcm.vc,https://emeraldpublishing.typeform.com/,1,ok,200
2173,11231050,digintec.it,https://digintec.it/,assistenza@digintec.it ; edgardo.nardella@digintec.it ; giuseppe.nardella@digintec.it ; info@digintec.it ; loris.nardella@digintec.it ; u003eassistenza@digintec.it ; u003eedgardo.nardella@digintec.it ; u003einfo@digintec.it ; u003eloris.nardella@digintec.it,assistenza@digintec.it ; edgardo.nardella@digintec.it ; giuseppe.nardella@digintec.it ; loris.nardella@digintec.it,,1,ok,200
2153,11156119,digitaltangent.com,https://digitaltangent.com/,info@digitaltangent.com ; logo_198x111@2x.png ; logowhite@2x.png,info@digitaltangent.com,,2,ok,200
2172,11230758,acvl.ca,https://www.acvl.ca/,admin@acvl.ca,admin@acvl.ca,https://pq3ivecn4rb.typeform.com/to/g2mPTEm9,1,ok,200
2178,11253713,doof.vlaanderen,https://doof.vlaanderen/,bootstrap@3.4.1 ; drupal-bootstrap-styles@0.0.2 ; info@doof.vlaanderen,info@doof.vlaanderen,https://yf327iqy7kw.typeform.com/to/wDSXUUdg ; https://yf327iqy7kw.typeform.com/to/xSLTNqJd,2,ok,200
2158,11171874,schrijversysteem.nl,https://schrijversysteem.nl/,info@schrijversysteem.nl,info@schrijversysteem.nl,https://vochtbestrijding.typeform.com/to/V8ftDABZ,1,ok,200
2181,11277678,shedesigns.org,https://www.shedesigns.org/,blue@2x.png ; hello@shedesigns.org,hello@shedesigns.org,https://shedesigns.typeform.com/to/zinVWk,1,ok,200
2168,11219820,portauxperches.fr,https://www.portauxperches.fr/,portauxperches@gmail.com,portauxperches@gmail.com,,2,ok,200
2185,11306426,isleofmancreamery.com,https://isleofmancreamery.com/,bootstrap@5.0.1 ; customerservices@isleofmancreamery.com ; jquery.marquee@1.6.0 ; jquery@3.6.0 ; player.js@3.0 ; swiper@6.4.15,customerservices@isleofmancreamery.com,https://digitalweb.typeform.com/to/JDaZRK ; https://digitalweb.typeform.com/to/V26QAB ; https://digitalweb.typeform.com/to/jT68io ; https://digitalweb.typeform.com/to/qGWMdN ; https://embed.typeform.com/,2,ok,200
2164,11200461,gbcoffeehouse.com,https://gbcoffeehouse.com/,orders@gbcoffeehouse.com,,https://greenbeancoffee.typeform.com/to/TAC2py,1,ok,200
2187,11307078,avtomarshal.ru,https://avtomarshal.ru/,01@onaxceni.eh ; 267@pbzsbeg-cnexvat.eh ; 407@nexba.gbc ; 5210959@znvy.eh ; 677613@yvfg.eh ; 89263882045@znvy.eh ; 9457565@znvy.eh ; 950670@znvy.eh ; abfbifa@vaqpbzz.eh ; bbb.fvxhef@lnaqrk.eh ; bbbgqyvf@tznvy.pbz ; bcgvzn116@ox.eh ; borert35@ln.eh ; bssvpr@fngeb-cnynqva.pbz ; bssvpr@niz-pbzcyrk.eh ; bssvpr@nysn-orm.eh ; cbfg@fznegflfgrz.xm ; cebss.freir@tznvy.pbz ; cnegaref@znyyrabz.eh ; deanrostov115@gmail.com ; dhnflf@lnaqrk.eh ; e11@rznegfco.pbz ; ehf@fh113.pbz ; ehx4@arj-fngeb.eh ; eniryva@eniryvafco.eh ; fbyqngbivc@znvy.eh ; fen@fo66.eh ; fhccbeg@znyyrabz.eh ; fnyr@ninagrea.eh ; fnyrf@hhim.eh ; fnyrf@nigbcnex.xm ; fnyrf@uneire.eh ; fnyrf@ybbxjvqre.xm ; fubc@vgsvez.eh ; fvagrm.fo@znvy.eh ; fvgr@evzvxb.eh ; fvgvivf@znvy.eh ; fxynq@zntnmva-cvkry.eh ; gfng@gfng.xm ; gfzvnff@znvy.eh ; gnz_fgf@znvy.eh ; hzgrpu@znvy.eh ; i.frzrapbi@paf-pbec.eh ; industrib.tlt@yandex.ru ; info@avktmn.ru ; info@bit-tel.ru ; info@ooovml.ru ; info@securtv.ru ; itf@itfirm.ru ; mncebf@ggf-xnmna.eh ; mnz.qverxgben@znvy.eh ; n.furigfbin@hayvzvgrqjbeyq.xm ; n.m.xnyvlri@tznvy.pbz ; n.onfuxbi@uvccbcnexvat.eh ; naqerl@qvcby-freivpr.eh ; netbf-xma@znvy.eh ; nfcrpg@qhoan.eh ; nim@onvzre.tebhc ; nqzfei@ox.eh ; nrt@ivqnh.eh ; ny@qrqhfu.pbz ; nygniv@lnaqrk.eh ; nyrkrl@zhygv-ovg.pbz ; nz@znyyrabz.eh ; oheln.xbss@tznvy.pbz ; pbfzbgrpu@znvy.eh ; pbzzba@ormb.ceb ; qai@fofpbzcnal.eh ; r.qnavybin@phcehz58.eh ; ryrpgeba@znvy.tbeal.eh ; s.solovev@litelan.ru ; sales@avtopark.kz ; sfo@sbehzfo.eh ; tenavgfo@tenavgfo.eh ; tnyf@tnyf.lnebfyniy.eh ; ubgyvar@1paj.eh ; up@grengeek.ru ; vaqhfgevo.gyg@lnaqrk.eh ; vasb@404545.eh ; vasb@bbbizy.eh ; vasb@beragrpu.eh ; vasb@bssvtebhc.eh ; vasb@bzcfco.eh ; vasb@cebzngn.xm ; vasb@erfgneg.ceb ; vasb@fbetr.fh ; vasb@fcrxgefo.eh ; vasb@fgebzgrpu.eh ; vasb@fo-vagrteb.eh ; vasb@frmnz-cnexvat.eh ; vasb@frphegi.eh ; vasb@fvag-tebhc.eh ; vasb@fvtangrpu.eh ; vasb@fyrqvifrtqn.eh ; vasb@gx-21.eh ; vasb@hcvgre.fh ; vasb@heny-fo.eh ; vasb@irpgbe-nc.eh ; vasb@ivpnz-xelz.eh ; vasb@ivqpbz.hm ; vasb@ivqrbfgent.eh ; vasb@ivqvarg.eh ; vasb@jbeq-ivqrb.eh ; vasb@nagnerfarg.eh ; vasb@ncffco.eh ; vasb@ngz-flfgrz.eh ; vasb@nhebenpbzc.eh ; vasb@nrzf.nz ; vasb@nysnfo.eh ; vasb@onvzre.tebhc ; vasb@rtqfx.eh ; vasb@tex-yrtvba.eh ; vasb@tybzbf.eh ; vasb@uryzna.fh ; vasb@vapeb.eh ; vasb@vctbtbyri.eh ; vasb@vg-iynqvzve.eh ; vasb@vgyyp.eh ; vasb@xborgrxf.eh ; vasb@xbz-fo.eh ; vasb@xfezrtnfgebl.eh ; vasb@ynetn.tebhc ; vasb@zveivqrb24.eh ; vt@nycnrkcreg.eh ; x.aheorx@fznegfbayvar.xm ; xbexva.lhev@tznvy.pbz ; xnuenzba.ex@tznvy.pbz ; xnzvy@ivqrb5.vasb ; xzffne@lnaqrk.eh ; yci@gg42.eh ; z_iynqvzve_f@znvy.eh ; zf.ibyf@ln.eh ; zf@ibyf.fh ; znefry@cax.gngne ; znepva.gbepunyn@rqngebavx.cy ; znvy@zg-hy.eh ; zx.obbynin@znvy.eh,,,0,ok,200
2188,11307258,rvja.cat,https://www.rvja.cat/,assessors@rvja.cat,assessors@rvja.cat,https://form.typeform.com/to/uiZrf6qu ; https://rubioclotet.typeform.com/to/ohX3YqQu,1,ok,200
2176,11243999,voicfy.com,https://voicfy.com/,support@voicfy.com,support@voicfy.com,,2,ok,200
2186,11306828,s-b-c.com,https://s-b-c.com/,mail@s-b-c.com,mail@s-b-c.com,https://1iz7gafzap9.typeform.com/to/yqgTBL1Q,1,ok,200
2190,11312119,corniaudandco.com,https://www.corniaudandco.com/,info@corniaudandco.com,info@corniaudandco.com,,1,ok,200
2192,11316701,antiincasso.com,https://antiincasso.com/,ar-coder@arcoder.com ; info@antiincasso.com ; support@arcoder.com,info@antiincasso.com,,2,ok,200
2194,11334137,mikelalli.com,https://mikelalli.com/,mike@mikelalli.com,mike@mikelalli.com,https://tuzsjuxpdep.typeform.com/to/xhRcRUz5,0,ok,200
2132,11046523,woodridgegrowth.com,https://woodridgegrowth.com/,inquiries@woodridgegrowth.com,,https://woodridgegrowth.typeform.com/to/EjGynX,0,ok,200
2189,11309388,mustilli.com,https://mustilli.com/,info@mustilli.com,info@mustilli.com,https://i812lingymt.typeform.com/to/OoLe5wWs,1,ok,200
2199,11360062,roadrunnerglassboise.com,https://www.roadrunnerglassboise.com/,roadrunnerglass@gmail.com,roadrunnerglass@gmail.com,https://form.typeform.com/to/bU2Ab0HV,2,ok,200
2193,11319024,themortgageprofessionals.ca,https://themortgageprofessionals.ca/,info@themortgageprofessionals.ca,,,2,ok,200
2195,11335808,maisons-espagne.com,https://maisons-espagne.com/,info@worldconsulteurope-america.com,info@worldconsulteurope-america.com,https://bnlucx55eyx.typeform.com/,0,ok,200
2207,11400344,extremanoir.be,https://extremanoir.be/,info@extrema.be ; jquery-bez@1.0.11 ; scrollreveal@4.0.0 ; slick-carousel@1.8.1 ; vip@extrema.be,info@extrema.be ; vip@extrema.be,https://d619yix7vnz.typeform.com/to/PhDudDXn,0,ok,200
2212,11429279,scotlandrally.org,https://scotlandrally.org/nl/,d020ffd2748b1ad387ba8eb63675f2ac@o4505114921795584.ingest.us.sentry.io ; info@rallyriders.org ; info@scotlandrally.org,info@rallyriders.org ; info@scotlandrally.org,https://admin.typeform.com/ ; https://embed.typeform.com/ ; https://travelbase.typeform.com/to/GURBvjUP,0,ok,200
2184,11302657,ampconseils.com,https://ampconseils.com/,contact@ampconseils.com ; rservationrendezvousenligne@ampconseils.com,,https://form.typeform.com/to/XoxQfpBD,2,ok,200
2204,11382758,bnlawmacau.com,https://bnlawmacau.com/,bnunes@bnlawmacau.com,,,0,ok,200
2196,11340749,hopechristianchurch.net,https://www.hopechristianchurch.net/,office@hopechristianchurch.net,office@hopechristianchurch.net,,2,ok,200
2209,11415475,romesmiles.com,https://romesmiles.com/,appointment@romesmiles.com ; slick-carousel@1.8.1,appointment@romesmiles.com,,2,ok,200
2197,11341974,kliqmarketing.com,https://kliqmarketing.com/,info@kliqmarketing.com,info@kliqmarketing.com,https://kliq-marketing.typeform.com/to/T2Tmwz,2,ok,200
2219,11447316,fcsd.be,https://www.fcsd.be/fr,csd@solidaris.be ; exemple@mail.com ; leaflet@1.7.1,csd@solidaris.be,,2,ok,200
2179,11273268,mandorlaart.com,https://mandorlaart.com/,curator@mandorlaart.com ; info@mandorlaart.com ; info@mandorlaart.comphone,curator@mandorlaart.com ; info@mandorlaart.com,https://nr0jtgau8vv.typeform.com/to/Q7G1awdG ; https://nr0jtgau8vv.typeform.com/to/SFK0eI2S,2,ok,200
